EXPERIMENT=k1_kernel_tuning
STARTED=Fri Sep  4 11:31:01 AM CST 2026
RESULT_DIR=/home/bananapi/MAT/kernels riscv rvv 1.0/FINAL/riscv-rvv-ime-gemm-microkernels-updated/HETEROGENEOUS_RVV_IME_OPENMP_GEMM/results/paper_experiments/k1_kernel_tuning_20260904_113101
============================================================
CASE series=RVV tile_N=8 mode=k1-rvv threads=8 M=1024 N=1024 K=1024 tile_N=8 schedule=static chunk=1 kernel=*
OpenMP all-kernel tiled GEMM campaign
MODE=k1-rvv (K1 all-core RVV OpenMP baseline) M=1024 N=1024 K=1024 tile_N=8 RUNS=6
CORE_PLAN=cores 0-7 execute RVV kernels
PROJECT_ROOT=/home/bananapi/MAT/kernels riscv rvv 1.0/FINAL/riscv-rvv-ime-gemm-microkernels-updated
RESULT_DIR=/home/bananapi/MAT/kernels riscv rvv 1.0/FINAL/riscv-rvv-ime-gemm-microkernels-updated/HETEROGENEOUS_RVV_IME_OPENMP_GEMM/results/openmp_results_k1-rvv_1024_20260904_113101
COMPILER=gcc (Bianbu 14.2.0-4ubuntu2~24.04bb1) 14.2.0
BUILD_FLAGS=-O3 -std=c11 -Wall -Wextra -Wno-unknown-pragmas -fopenmp -march=rv64gcv_zvl256b -mabi=lp64d
OMP_NUM_THREADS=8 OMP_PROC_BIND=close OMP_PLACES=cores OMP_DYNAMIC=false OMP_MAX_ACTIVE_LEVELS=2
TILE_SCHEDULE=static DYNAMIC_CHUNK=1
GEMM_VALIDATE=1 VALIDATE_EACH_RUN=0 GEMM_WARMUP=1 ENABLE_MF2=0 BUILD_ONLY=0 ZVL_FILTER=256b KERNEL_FILTER=* KIND_FILTER=INT8_RVV PERF_STAT=0 STATIC_IME_WEIGHT=4 STATIC_RVV_WEIGHT=1
Cpus_allowed_list:	0-7
MEMORY_NODES_ONLINE=not_exposed
CLUSTER_PLACEMENT=exact_core_affinity; contiguous_output_ownership
============================================================
KERNEL: igemm_kernel_8x4_zvl256b_lmul1_unroll1_i8i32
  MODE: K1 all-core RVV OpenMP baseline
  BASELINE: GEMM_RVV_FP32_INT8_8x4_Baseline
  FAMILY: RVV_IGEMM_INT8_I8I32_8x4
  PATH: INT8 RVV widening GEMM (INT8 x INT8 -> INT32)
  TILE: 8x4 ZVL=256b LMUL=1 UNROLL=1
  WORK: M=1024 N=1024 K=1024 tile_N=8 runs=6
  CORES: cores 0-7 execute RVV kernels
  INPUT_CONTRACT: CANONICAL_FULL_MATRIX
PRIMARY_SOURCE=/home/bananapi/MAT/kernels riscv rvv 1.0/FINAL/riscv-rvv-ime-gemm-microkernels-updated/GEMM_RVV_FP32_INT8_8x4_Baseline/RVV_IGEMM_INT8_I8I32_8x4/igemm_kernel_8x4_zvl256b_lmul1_unroll1/igemm_kernel_8x4_zvl256b_lmul1_unroll1_i8i32.c
    run 1: OK GOPS=5.251222 time=0.408949334 threads=8 validation=1
      schedule: static chunk=0
      workers: 0:cpu0:tiles16;1:cpu1:tiles16;2:cpu2:tiles16;3:cpu3:tiles16;4:cpu4:tiles16;5:cpu5:tiles16;6:cpu6:tiles16;7:cpu7:tiles16
    run 2: OK GOPS=5.370875 time=0.399838708 threads=8 validation=0
      schedule: static chunk=0
      workers: 0:cpu0:tiles16;1:cpu1:tiles16;2:cpu2:tiles16;3:cpu3:tiles16;4:cpu4:tiles16;5:cpu5:tiles16;6:cpu6:tiles16;7:cpu7:tiles16
    run 3: OK GOPS=5.450395 time=0.394005127 threads=8 validation=0
      schedule: static chunk=0
      workers: 0:cpu0:tiles16;1:cpu1:tiles16;2:cpu2:tiles16;3:cpu3:tiles16;4:cpu4:tiles16;5:cpu5:tiles16;6:cpu6:tiles16;7:cpu7:tiles16
    run 4: OK GOPS=5.436950 time=0.394979462 threads=8 validation=0
      schedule: static chunk=0
      workers: 0:cpu0:tiles16;1:cpu1:tiles16;2:cpu2:tiles16;3:cpu3:tiles16;4:cpu4:tiles16;5:cpu5:tiles16;6:cpu6:tiles16;7:cpu7:tiles16
    run 5: OK GOPS=5.360726 time=0.400595706 threads=8 validation=0
      schedule: static chunk=0
      workers: 0:cpu0:tiles16;1:cpu1:tiles16;2:cpu2:tiles16;3:cpu3:tiles16;4:cpu4:tiles16;5:cpu5:tiles16;6:cpu6:tiles16;7:cpu7:tiles16
    run 6: OK GOPS=5.315420 time=0.404010165 threads=8 validation=0
      schedule: static chunk=0
      workers: 0:cpu0:tiles16;1:cpu1:tiles16;2:cpu2:tiles16;3:cpu3:tiles16;4:cpu4:tiles16;5:cpu5:tiles16;6:cpu6:tiles16;7:cpu7:tiles16
============================================================
KERNEL: igemm_kernel_8x4_zvl256b_lmul1_unroll2_i8i32
  MODE: K1 all-core RVV OpenMP baseline
  BASELINE: GEMM_RVV_FP32_INT8_8x4_Baseline
  FAMILY: RVV_IGEMM_INT8_I8I32_8x4
  PATH: INT8 RVV widening GEMM (INT8 x INT8 -> INT32)
  TILE: 8x4 ZVL=256b LMUL=1 UNROLL=2
  WORK: M=1024 N=1024 K=1024 tile_N=8 runs=6
  CORES: cores 0-7 execute RVV kernels
  INPUT_CONTRACT: CANONICAL_FULL_MATRIX
PRIMARY_SOURCE=/home/bananapi/MAT/kernels riscv rvv 1.0/FINAL/riscv-rvv-ime-gemm-microkernels-updated/GEMM_RVV_FP32_INT8_8x4_Baseline/RVV_IGEMM_INT8_I8I32_8x4/igemm_kernel_8x4_zvl256b_lmul1_unroll2/igemm_kernel_8x4_zvl256b_lmul1_unroll2_i8i32.c
    run 1: OK GOPS=3.664244 time=0.586064626 threads=8 validation=1
      schedule: static chunk=0
      workers: 0:cpu0:tiles16;1:cpu1:tiles16;2:cpu2:tiles16;3:cpu3:tiles16;4:cpu4:tiles16;5:cpu5:tiles16;6:cpu6:tiles16;7:cpu7:tiles16
    run 2: OK GOPS=3.702026 time=0.580083378 threads=8 validation=0
      schedule: static chunk=0
      workers: 0:cpu0:tiles16;1:cpu1:tiles16;2:cpu2:tiles16;3:cpu3:tiles16;4:cpu4:tiles16;5:cpu5:tiles16;6:cpu6:tiles16;7:cpu7:tiles16
    run 3: OK GOPS=3.894111 time=0.551469583 threads=8 validation=0
      schedule: static chunk=0
      workers: 0:cpu0:tiles16;1:cpu1:tiles16;2:cpu2:tiles16;3:cpu3:tiles16;4:cpu4:tiles16;5:cpu5:tiles16;6:cpu6:tiles16;7:cpu7:tiles16
    run 4: OK GOPS=3.922857 time=0.547428414 threads=8 validation=0
      schedule: static chunk=0
      workers: 0:cpu0:tiles16;1:cpu1:tiles16;2:cpu2:tiles16;3:cpu3:tiles16;4:cpu4:tiles16;5:cpu5:tiles16;6:cpu6:tiles16;7:cpu7:tiles16
    run 5: OK GOPS=3.968153 time=0.541179709 threads=8 validation=0
      schedule: static chunk=0
      workers: 0:cpu0:tiles16;1:cpu1:tiles16;2:cpu2:tiles16;3:cpu3:tiles16;4:cpu4:tiles16;5:cpu5:tiles16;6:cpu6:tiles16;7:cpu7:tiles16
    run 6: OK GOPS=3.965290 time=0.541570332 threads=8 validation=0
      schedule: static chunk=0
      workers: 0:cpu0:tiles16;1:cpu1:tiles16;2:cpu2:tiles16;3:cpu3:tiles16;4:cpu4:tiles16;5:cpu5:tiles16;6:cpu6:tiles16;7:cpu7:tiles16
============================================================
KERNEL: igemm_kernel_8x4_zvl256b_lmul1_unroll4_i8i32
  MODE: K1 all-core RVV OpenMP baseline
  BASELINE: GEMM_RVV_FP32_INT8_8x4_Baseline
  FAMILY: RVV_IGEMM_INT8_I8I32_8x4
  PATH: INT8 RVV widening GEMM (INT8 x INT8 -> INT32)
  TILE: 8x4 ZVL=256b LMUL=1 UNROLL=4
  WORK: M=1024 N=1024 K=1024 tile_N=8 runs=6
  CORES: cores 0-7 execute RVV kernels
  INPUT_CONTRACT: CANONICAL_FULL_MATRIX
PRIMARY_SOURCE=/home/bananapi/MAT/kernels riscv rvv 1.0/FINAL/riscv-rvv-ime-gemm-microkernels-updated/GEMM_RVV_FP32_INT8_8x4_Baseline/RVV_IGEMM_INT8_I8I32_8x4/igemm_kernel_8x4_zvl256b_lmul1_unroll4/igemm_kernel_8x4_zvl256b_lmul1_unroll4_i8i32.c
    run 1: OK GOPS=3.808455 time=0.563872665 threads=8 validation=1
      schedule: static chunk=0
      workers: 0:cpu0:tiles16;1:cpu1:tiles16;2:cpu2:tiles16;3:cpu3:tiles16;4:cpu4:tiles16;5:cpu5:tiles16;6:cpu6:tiles16;7:cpu7:tiles16
    run 2: OK GOPS=3.796600 time=0.565633334 threads=8 validation=0
      schedule: static chunk=0
      workers: 0:cpu0:tiles16;1:cpu1:tiles16;2:cpu2:tiles16;3:cpu3:tiles16;4:cpu4:tiles16;5:cpu5:tiles16;6:cpu6:tiles16;7:cpu7:tiles16
    run 3: OK GOPS=3.880761 time=0.553366669 threads=8 validation=0
      schedule: static chunk=0
      workers: 0:cpu0:tiles16;1:cpu1:tiles16;2:cpu2:tiles16;3:cpu3:tiles16;4:cpu4:tiles16;5:cpu5:tiles16;6:cpu6:tiles16;7:cpu7:tiles16
    run 4: OK GOPS=3.894189 time=0.551458541 threads=8 validation=0
      schedule: static chunk=0
      workers: 0:cpu0:tiles16;1:cpu1:tiles16;2:cpu2:tiles16;3:cpu3:tiles16;4:cpu4:tiles16;5:cpu5:tiles16;6:cpu6:tiles16;7:cpu7:tiles16
    run 5: OK GOPS=3.901135 time=0.550476626 threads=8 validation=0
      schedule: static chunk=0
      workers: 0:cpu0:tiles16;1:cpu1:tiles16;2:cpu2:tiles16;3:cpu3:tiles16;4:cpu4:tiles16;5:cpu5:tiles16;6:cpu6:tiles16;7:cpu7:tiles16
    run 6: OK GOPS=3.854521 time=0.557133708 threads=8 validation=0
      schedule: static chunk=0
      workers: 0:cpu0:tiles16;1:cpu1:tiles16;2:cpu2:tiles16;3:cpu3:tiles16;4:cpu4:tiles16;5:cpu5:tiles16;6:cpu6:tiles16;7:cpu7:tiles16
============================================================
KERNEL: igemm_kernel_8x4_zvl256b_lmul1_unroll8_i8i32
  MODE: K1 all-core RVV OpenMP baseline
  BASELINE: GEMM_RVV_FP32_INT8_8x4_Baseline
  FAMILY: RVV_IGEMM_INT8_I8I32_8x4
  PATH: INT8 RVV widening GEMM (INT8 x INT8 -> INT32)
  TILE: 8x4 ZVL=256b LMUL=1 UNROLL=8
  WORK: M=1024 N=1024 K=1024 tile_N=8 runs=6
  CORES: cores 0-7 execute RVV kernels
  INPUT_CONTRACT: CANONICAL_FULL_MATRIX
PRIMARY_SOURCE=/home/bananapi/MAT/kernels riscv rvv 1.0/FINAL/riscv-rvv-ime-gemm-microkernels-updated/GEMM_RVV_FP32_INT8_8x4_Baseline/RVV_IGEMM_INT8_I8I32_8x4/igemm_kernel_8x4_zvl256b_lmul1_unroll8/igemm_kernel_8x4_zvl256b_lmul1_unroll8_i8i32.c
    run 1: OK GOPS=4.086525 time=0.525503669 threads=8 validation=1
      schedule: static chunk=0
      workers: 0:cpu0:tiles16;1:cpu1:tiles16;2:cpu2:tiles16;3:cpu3:tiles16;4:cpu4:tiles16;5:cpu5:tiles16;6:cpu6:tiles16;7:cpu7:tiles16
    run 2: OK GOPS=4.162728 time=0.515883710 threads=8 validation=0
      schedule: static chunk=0
      workers: 0:cpu0:tiles16;1:cpu1:tiles16;2:cpu2:tiles16;3:cpu3:tiles16;4:cpu4:tiles16;5:cpu5:tiles16;6:cpu6:tiles16;7:cpu7:tiles16
    run 3: OK GOPS=4.151053 time=0.517334666 threads=8 validation=0
      schedule: static chunk=0
      workers: 0:cpu0:tiles16;1:cpu1:tiles16;2:cpu2:tiles16;3:cpu3:tiles16;4:cpu4:tiles16;5:cpu5:tiles16;6:cpu6:tiles16;7:cpu7:tiles16
    run 4: OK GOPS=4.127259 time=0.520317208 threads=8 validation=0
      schedule: static chunk=0
      workers: 0:cpu0:tiles16;1:cpu1:tiles16;2:cpu2:tiles16;3:cpu3:tiles16;4:cpu4:tiles16;5:cpu5:tiles16;6:cpu6:tiles16;7:cpu7:tiles16
    run 5: OK GOPS=4.136708 time=0.519128669 threads=8 validation=0
      schedule: static chunk=0
      workers: 0:cpu0:tiles16;1:cpu1:tiles16;2:cpu2:tiles16;3:cpu3:tiles16;4:cpu4:tiles16;5:cpu5:tiles16;6:cpu6:tiles16;7:cpu7:tiles16
    run 6: OK GOPS=4.163302 time=0.515812665 threads=8 validation=0
      schedule: static chunk=0
      workers: 0:cpu0:tiles16;1:cpu1:tiles16;2:cpu2:tiles16;3:cpu3:tiles16;4:cpu4:tiles16;5:cpu5:tiles16;6:cpu6:tiles16;7:cpu7:tiles16
============================================================
KERNEL: igemm_kernel_8x4_zvl256b_lmul2_unroll1_i8i32
  MODE: K1 all-core RVV OpenMP baseline
  BASELINE: GEMM_RVV_FP32_INT8_8x4_Baseline
  FAMILY: RVV_IGEMM_INT8_I8I32_8x4
  PATH: INT8 RVV widening GEMM (INT8 x INT8 -> INT32)
  TILE: 8x4 ZVL=256b LMUL=2 UNROLL=1
  WORK: M=1024 N=1024 K=1024 tile_N=8 runs=6
  CORES: cores 0-7 execute RVV kernels
  INPUT_CONTRACT: CANONICAL_FULL_MATRIX
PRIMARY_SOURCE=/home/bananapi/MAT/kernels riscv rvv 1.0/FINAL/riscv-rvv-ime-gemm-microkernels-updated/GEMM_RVV_FP32_INT8_8x4_Baseline/RVV_IGEMM_INT8_I8I32_8x4/igemm_kernel_8x4_zvl256b_lmul2_unroll1/igemm_kernel_8x4_zvl256b_lmul2_unroll1_i8i32.c
    run 1: OK GOPS=1.964212 time=1.093305584 threads=8 validation=1
      schedule: static chunk=0
      workers: 0:cpu0:tiles16;1:cpu1:tiles16;2:cpu2:tiles16;3:cpu3:tiles16;4:cpu4:tiles16;5:cpu5:tiles16;6:cpu6:tiles16;7:cpu7:tiles16
    run 2: OK GOPS=1.946292 time=1.103371792 threads=8 validation=0
      schedule: static chunk=0
      workers: 0:cpu0:tiles16;1:cpu1:tiles16;2:cpu2:tiles16;3:cpu3:tiles16;4:cpu4:tiles16;5:cpu5:tiles16;6:cpu6:tiles16;7:cpu7:tiles16
    run 3: OK GOPS=1.950427 time=1.101032458 threads=8 validation=0
      schedule: static chunk=0
      workers: 0:cpu0:tiles16;1:cpu1:tiles16;2:cpu2:tiles16;3:cpu3:tiles16;4:cpu4:tiles16;5:cpu5:tiles16;6:cpu6:tiles16;7:cpu7:tiles16
    run 4: OK GOPS=1.941324 time=1.106195543 threads=8 validation=0
      schedule: static chunk=0
      workers: 0:cpu0:tiles16;1:cpu1:tiles16;2:cpu2:tiles16;3:cpu3:tiles16;4:cpu4:tiles16;5:cpu5:tiles16;6:cpu6:tiles16;7:cpu7:tiles16
    run 5: OK GOPS=1.799705 time=1.193241749 threads=8 validation=0
      schedule: static chunk=0
      workers: 0:cpu0:tiles16;1:cpu1:tiles16;2:cpu2:tiles16;3:cpu3:tiles16;4:cpu4:tiles16;5:cpu5:tiles16;6:cpu6:tiles16;7:cpu7:tiles16
    run 6: OK GOPS=1.914839 time=1.121495459 threads=8 validation=0
      schedule: static chunk=0
      workers: 0:cpu0:tiles16;1:cpu1:tiles16;2:cpu2:tiles16;3:cpu3:tiles16;4:cpu4:tiles16;5:cpu5:tiles16;6:cpu6:tiles16;7:cpu7:tiles16
============================================================
KERNEL: igemm_kernel_8x4_zvl256b_lmul2_unroll2_i8i32
  MODE: K1 all-core RVV OpenMP baseline
  BASELINE: GEMM_RVV_FP32_INT8_8x4_Baseline
  FAMILY: RVV_IGEMM_INT8_I8I32_8x4
  PATH: INT8 RVV widening GEMM (INT8 x INT8 -> INT32)
  TILE: 8x4 ZVL=256b LMUL=2 UNROLL=2
  WORK: M=1024 N=1024 K=1024 tile_N=8 runs=6
  CORES: cores 0-7 execute RVV kernels
  INPUT_CONTRACT: CANONICAL_FULL_MATRIX
PRIMARY_SOURCE=/home/bananapi/MAT/kernels riscv rvv 1.0/FINAL/riscv-rvv-ime-gemm-microkernels-updated/GEMM_RVV_FP32_INT8_8x4_Baseline/RVV_IGEMM_INT8_I8I32_8x4/igemm_kernel_8x4_zvl256b_lmul2_unroll2/igemm_kernel_8x4_zvl256b_lmul2_unroll2_i8i32.c
    run 1: OK GOPS=1.852181 time=1.159435291 threads=8 validation=1
      schedule: static chunk=0
      workers: 0:cpu0:tiles16;1:cpu1:tiles16;2:cpu2:tiles16;3:cpu3:tiles16;4:cpu4:tiles16;5:cpu5:tiles16;6:cpu6:tiles16;7:cpu7:tiles16
    run 2: OK GOPS=1.890147 time=1.136146251 threads=8 validation=0
      schedule: static chunk=0
      workers: 0:cpu0:tiles16;1:cpu1:tiles16;2:cpu2:tiles16;3:cpu3:tiles16;4:cpu4:tiles16;5:cpu5:tiles16;6:cpu6:tiles16;7:cpu7:tiles16
    run 3: OK GOPS=1.884409 time=1.139605790 threads=8 validation=0
      schedule: static chunk=0
      workers: 0:cpu0:tiles16;1:cpu1:tiles16;2:cpu2:tiles16;3:cpu3:tiles16;4:cpu4:tiles16;5:cpu5:tiles16;6:cpu6:tiles16;7:cpu7:tiles16
    run 4: OK GOPS=1.884496 time=1.139553212 threads=8 validation=0
      schedule: static chunk=0
      workers: 0:cpu0:tiles16;1:cpu1:tiles16;2:cpu2:tiles16;3:cpu3:tiles16;4:cpu4:tiles16;5:cpu5:tiles16;6:cpu6:tiles16;7:cpu7:tiles16
    run 5: OK GOPS=1.875707 time=1.144893043 threads=8 validation=0
      schedule: static chunk=0
      workers: 0:cpu0:tiles16;1:cpu1:tiles16;2:cpu2:tiles16;3:cpu3:tiles16;4:cpu4:tiles16;5:cpu5:tiles16;6:cpu6:tiles16;7:cpu7:tiles16
    run 6: OK GOPS=1.870890 time=1.147840541 threads=8 validation=0
      schedule: static chunk=0
      workers: 0:cpu0:tiles16;1:cpu1:tiles16;2:cpu2:tiles16;3:cpu3:tiles16;4:cpu4:tiles16;5:cpu5:tiles16;6:cpu6:tiles16;7:cpu7:tiles16
============================================================
KERNEL: igemm_kernel_8x4_zvl256b_lmul2_unroll4_i8i32
  MODE: K1 all-core RVV OpenMP baseline
  BASELINE: GEMM_RVV_FP32_INT8_8x4_Baseline
  FAMILY: RVV_IGEMM_INT8_I8I32_8x4
  PATH: INT8 RVV widening GEMM (INT8 x INT8 -> INT32)
  TILE: 8x4 ZVL=256b LMUL=2 UNROLL=4
  WORK: M=1024 N=1024 K=1024 tile_N=8 runs=6
  CORES: cores 0-7 execute RVV kernels
  INPUT_CONTRACT: CANONICAL_FULL_MATRIX
PRIMARY_SOURCE=/home/bananapi/MAT/kernels riscv rvv 1.0/FINAL/riscv-rvv-ime-gemm-microkernels-updated/GEMM_RVV_FP32_INT8_8x4_Baseline/RVV_IGEMM_INT8_I8I32_8x4/igemm_kernel_8x4_zvl256b_lmul2_unroll4/igemm_kernel_8x4_zvl256b_lmul2_unroll4_i8i32.c
    run 1: OK GOPS=1.627809 time=1.319247793 threads=8 validation=1
      schedule: static chunk=0
      workers: 0:cpu0:tiles16;1:cpu1:tiles16;2:cpu2:tiles16;3:cpu3:tiles16;4:cpu4:tiles16;5:cpu5:tiles16;6:cpu6:tiles16;7:cpu7:tiles16
    run 2: OK GOPS=1.628807 time=1.318439294 threads=8 validation=0
      schedule: static chunk=0
      workers: 0:cpu0:tiles16;1:cpu1:tiles16;2:cpu2:tiles16;3:cpu3:tiles16;4:cpu4:tiles16;5:cpu5:tiles16;6:cpu6:tiles16;7:cpu7:tiles16
    run 3: OK GOPS=1.634450 time=1.313887462 threads=8 validation=0
      schedule: static chunk=0
      workers: 0:cpu0:tiles16;1:cpu1:tiles16;2:cpu2:tiles16;3:cpu3:tiles16;4:cpu4:tiles16;5:cpu5:tiles16;6:cpu6:tiles16;7:cpu7:tiles16
    run 4: OK GOPS=1.635903 time=1.312720500 threads=8 validation=0
      schedule: static chunk=0
      workers: 0:cpu0:tiles16;1:cpu1:tiles16;2:cpu2:tiles16;3:cpu3:tiles16;4:cpu4:tiles16;5:cpu5:tiles16;6:cpu6:tiles16;7:cpu7:tiles16
    run 5: OK GOPS=1.633149 time=1.314934503 threads=8 validation=0
      schedule: static chunk=0
      workers: 0:cpu0:tiles16;1:cpu1:tiles16;2:cpu2:tiles16;3:cpu3:tiles16;4:cpu4:tiles16;5:cpu5:tiles16;6:cpu6:tiles16;7:cpu7:tiles16
    run 6: OK GOPS=1.632153 time=1.315736834 threads=8 validation=0
      schedule: static chunk=0
      workers: 0:cpu0:tiles16;1:cpu1:tiles16;2:cpu2:tiles16;3:cpu3:tiles16;4:cpu4:tiles16;5:cpu5:tiles16;6:cpu6:tiles16;7:cpu7:tiles16
============================================================
KERNEL: igemm_kernel_8x4_zvl256b_lmul2_unroll8_i8i32
  MODE: K1 all-core RVV OpenMP baseline
  BASELINE: GEMM_RVV_FP32_INT8_8x4_Baseline
  FAMILY: RVV_IGEMM_INT8_I8I32_8x4
  PATH: INT8 RVV widening GEMM (INT8 x INT8 -> INT32)
  TILE: 8x4 ZVL=256b LMUL=2 UNROLL=8
  WORK: M=1024 N=1024 K=1024 tile_N=8 runs=6
  CORES: cores 0-7 execute RVV kernels
  INPUT_CONTRACT: CANONICAL_FULL_MATRIX
PRIMARY_SOURCE=/home/bananapi/MAT/kernels riscv rvv 1.0/FINAL/riscv-rvv-ime-gemm-microkernels-updated/GEMM_RVV_FP32_INT8_8x4_Baseline/RVV_IGEMM_INT8_I8I32_8x4/igemm_kernel_8x4_zvl256b_lmul2_unroll8/igemm_kernel_8x4_zvl256b_lmul2_unroll8_i8i32.c
    run 1: OK GOPS=1.589199 time=1.351299670 threads=8 validation=1
      schedule: static chunk=0
      workers: 0:cpu0:tiles16;1:cpu1:tiles16;2:cpu2:tiles16;3:cpu3:tiles16;4:cpu4:tiles16;5:cpu5:tiles16;6:cpu6:tiles16;7:cpu7:tiles16
    run 2: OK GOPS=1.600880 time=1.341439754 threads=8 validation=0
      schedule: static chunk=0
      workers: 0:cpu0:tiles16;1:cpu1:tiles16;2:cpu2:tiles16;3:cpu3:tiles16;4:cpu4:tiles16;5:cpu5:tiles16;6:cpu6:tiles16;7:cpu7:tiles16
    run 3: OK GOPS=1.599480 time=1.342614040 threads=8 validation=0
      schedule: static chunk=0
      workers: 0:cpu0:tiles16;1:cpu1:tiles16;2:cpu2:tiles16;3:cpu3:tiles16;4:cpu4:tiles16;5:cpu5:tiles16;6:cpu6:tiles16;7:cpu7:tiles16
    run 4: OK GOPS=1.592875 time=1.348180793 threads=8 validation=0
      schedule: static chunk=0
      workers: 0:cpu0:tiles16;1:cpu1:tiles16;2:cpu2:tiles16;3:cpu3:tiles16;4:cpu4:tiles16;5:cpu5:tiles16;6:cpu6:tiles16;7:cpu7:tiles16
    run 5: OK GOPS=1.610674 time=1.333282545 threads=8 validation=0
      schedule: static chunk=0
      workers: 0:cpu0:tiles16;1:cpu1:tiles16;2:cpu2:tiles16;3:cpu3:tiles16;4:cpu4:tiles16;5:cpu5:tiles16;6:cpu6:tiles16;7:cpu7:tiles16
    run 6: OK GOPS=1.597196 time=1.344533291 threads=8 validation=0
      schedule: static chunk=0
      workers: 0:cpu0:tiles16;1:cpu1:tiles16;2:cpu2:tiles16;3:cpu3:tiles16;4:cpu4:tiles16;5:cpu5:tiles16;6:cpu6:tiles16;7:cpu7:tiles16
============================================================
KERNEL: igemm_kernel_8x4_zvl256b_lmulmf2_unroll1_i8i32
  MODE: K1 all-core RVV OpenMP baseline
  BASELINE: GEMM_RVV_FP32_INT8_8x4_Baseline
  FAMILY: RVV_IGEMM_INT8_I8I32_8x4
  PATH: INT8 RVV widening GEMM (INT8 x INT8 -> INT32)
  TILE: 8x4 ZVL=256b LMUL=mf2 UNROLL=1
  WORK: M=1024 N=1024 K=1024 tile_N=8 runs=6
  CORES: cores 0-7 execute RVV kernels
  INPUT_CONTRACT: CANONICAL_FULL_MATRIX
PRIMARY_SOURCE=/home/bananapi/MAT/kernels riscv rvv 1.0/FINAL/riscv-rvv-ime-gemm-microkernels-updated/GEMM_RVV_FP32_INT8_8x4_Baseline/RVV_IGEMM_INT8_I8I32_8x4/igemm_kernel_8x4_zvl256b_lmulmf2_unroll1/igemm_kernel_8x4_zvl256b_lmulmf2_unroll1_i8i32.c
    run 1: OK GOPS=8.488740 time=0.252980251 threads=8 validation=1
      schedule: static chunk=0
      workers: 0:cpu0:tiles16;1:cpu1:tiles16;2:cpu2:tiles16;3:cpu3:tiles16;4:cpu4:tiles16;5:cpu5:tiles16;6:cpu6:tiles16;7:cpu7:tiles16
    run 2: OK GOPS=9.054503 time=0.237172998 threads=8 validation=0
      schedule: static chunk=0
      workers: 0:cpu0:tiles16;1:cpu1:tiles16;2:cpu2:tiles16;3:cpu3:tiles16;4:cpu4:tiles16;5:cpu5:tiles16;6:cpu6:tiles16;7:cpu7:tiles16
    run 3: OK GOPS=8.821007 time=0.243451081 threads=8 validation=0
      schedule: static chunk=0
      workers: 0:cpu0:tiles16;1:cpu1:tiles16;2:cpu2:tiles16;3:cpu3:tiles16;4:cpu4:tiles16;5:cpu5:tiles16;6:cpu6:tiles16;7:cpu7:tiles16
    run 4: OK GOPS=9.106399 time=0.235821377 threads=8 validation=0
      schedule: static chunk=0
      workers: 0:cpu0:tiles16;1:cpu1:tiles16;2:cpu2:tiles16;3:cpu3:tiles16;4:cpu4:tiles16;5:cpu5:tiles16;6:cpu6:tiles16;7:cpu7:tiles16
    run 5: OK GOPS=8.910020 time=0.241018958 threads=8 validation=0
      schedule: static chunk=0
      workers: 0:cpu0:tiles16;1:cpu1:tiles16;2:cpu2:tiles16;3:cpu3:tiles16;4:cpu4:tiles16;5:cpu5:tiles16;6:cpu6:tiles16;7:cpu7:tiles16
    run 6: OK GOPS=8.630676 time=0.248819876 threads=8 validation=0
      schedule: static chunk=0
      workers: 0:cpu0:tiles16;1:cpu1:tiles16;2:cpu2:tiles16;3:cpu3:tiles16;4:cpu4:tiles16;5:cpu5:tiles16;6:cpu6:tiles16;7:cpu7:tiles16
============================================================
KERNEL: igemm_kernel_8x4_zvl256b_lmulmf2_unroll2_i8i32
  MODE: K1 all-core RVV OpenMP baseline
  BASELINE: GEMM_RVV_FP32_INT8_8x4_Baseline
  FAMILY: RVV_IGEMM_INT8_I8I32_8x4
  PATH: INT8 RVV widening GEMM (INT8 x INT8 -> INT32)
  TILE: 8x4 ZVL=256b LMUL=mf2 UNROLL=2
  WORK: M=1024 N=1024 K=1024 tile_N=8 runs=6
  CORES: cores 0-7 execute RVV kernels
  INPUT_CONTRACT: CANONICAL_FULL_MATRIX
PRIMARY_SOURCE=/home/bananapi/MAT/kernels riscv rvv 1.0/FINAL/riscv-rvv-ime-gemm-microkernels-updated/GEMM_RVV_FP32_INT8_8x4_Baseline/RVV_IGEMM_INT8_I8I32_8x4/igemm_kernel_8x4_zvl256b_lmulmf2_unroll2/igemm_kernel_8x4_zvl256b_lmulmf2_unroll2_i8i32.c
    run 1: OK GOPS=8.949441 time=0.239957292 threads=8 validation=1
      schedule: static chunk=0
      workers: 0:cpu0:tiles16;1:cpu1:tiles16;2:cpu2:tiles16;3:cpu3:tiles16;4:cpu4:tiles16;5:cpu5:tiles16;6:cpu6:tiles16;7:cpu7:tiles16
    run 2: OK GOPS=9.152380 time=0.234636623 threads=8 validation=0
      schedule: static chunk=0
      workers: 0:cpu0:tiles16;1:cpu1:tiles16;2:cpu2:tiles16;3:cpu3:tiles16;4:cpu4:tiles16;5:cpu5:tiles16;6:cpu6:tiles16;7:cpu7:tiles16
    run 3: OK GOPS=9.027512 time=0.237882126 threads=8 validation=0
      schedule: static chunk=0
      workers: 0:cpu0:tiles16;1:cpu1:tiles16;2:cpu2:tiles16;3:cpu3:tiles16;4:cpu4:tiles16;5:cpu5:tiles16;6:cpu6:tiles16;7:cpu7:tiles16
    run 4: OK GOPS=8.932582 time=0.240410168 threads=8 validation=0
      schedule: static chunk=0
      workers: 0:cpu0:tiles16;1:cpu1:tiles16;2:cpu2:tiles16;3:cpu3:tiles16;4:cpu4:tiles16;5:cpu5:tiles16;6:cpu6:tiles16;7:cpu7:tiles16
    run 5: OK GOPS=8.404500 time=0.255515918 threads=8 validation=0
      schedule: static chunk=0
      workers: 0:cpu0:tiles16;1:cpu1:tiles16;2:cpu2:tiles16;3:cpu3:tiles16;4:cpu4:tiles16;5:cpu5:tiles16;6:cpu6:tiles16;7:cpu7:tiles16
    run 6: OK GOPS=8.753816 time=0.245319709 threads=8 validation=0
      schedule: static chunk=0
      workers: 0:cpu0:tiles16;1:cpu1:tiles16;2:cpu2:tiles16;3:cpu3:tiles16;4:cpu4:tiles16;5:cpu5:tiles16;6:cpu6:tiles16;7:cpu7:tiles16
============================================================
KERNEL: igemm_kernel_8x4_zvl256b_lmulmf2_unroll4_i8i32
  MODE: K1 all-core RVV OpenMP baseline
  BASELINE: GEMM_RVV_FP32_INT8_8x4_Baseline
  FAMILY: RVV_IGEMM_INT8_I8I32_8x4
  PATH: INT8 RVV widening GEMM (INT8 x INT8 -> INT32)
  TILE: 8x4 ZVL=256b LMUL=mf2 UNROLL=4
  WORK: M=1024 N=1024 K=1024 tile_N=8 runs=6
  CORES: cores 0-7 execute RVV kernels
  INPUT_CONTRACT: CANONICAL_FULL_MATRIX
PRIMARY_SOURCE=/home/bananapi/MAT/kernels riscv rvv 1.0/FINAL/riscv-rvv-ime-gemm-microkernels-updated/GEMM_RVV_FP32_INT8_8x4_Baseline/RVV_IGEMM_INT8_I8I32_8x4/igemm_kernel_8x4_zvl256b_lmulmf2_unroll4/igemm_kernel_8x4_zvl256b_lmulmf2_unroll4_i8i32.c
    run 1: OK GOPS=9.198234 time=0.233466957 threads=8 validation=1
      schedule: static chunk=0
      workers: 0:cpu0:tiles16;1:cpu1:tiles16;2:cpu2:tiles16;3:cpu3:tiles16;4:cpu4:tiles16;5:cpu5:tiles16;6:cpu6:tiles16;7:cpu7:tiles16
    run 2: OK GOPS=8.968891 time=0.239436917 threads=8 validation=0
      schedule: static chunk=0
      workers: 0:cpu0:tiles16;1:cpu1:tiles16;2:cpu2:tiles16;3:cpu3:tiles16;4:cpu4:tiles16;5:cpu5:tiles16;6:cpu6:tiles16;7:cpu7:tiles16
    run 3: OK GOPS=9.099012 time=0.236012831 threads=8 validation=0
      schedule: static chunk=0
      workers: 0:cpu0:tiles16;1:cpu1:tiles16;2:cpu2:tiles16;3:cpu3:tiles16;4:cpu4:tiles16;5:cpu5:tiles16;6:cpu6:tiles16;7:cpu7:tiles16
    run 4: OK GOPS=8.845947 time=0.242764708 threads=8 validation=0
      schedule: static chunk=0
      workers: 0:cpu0:tiles16;1:cpu1:tiles16;2:cpu2:tiles16;3:cpu3:tiles16;4:cpu4:tiles16;5:cpu5:tiles16;6:cpu6:tiles16;7:cpu7:tiles16
    run 5: OK GOPS=8.913995 time=0.240911461 threads=8 validation=0
      schedule: static chunk=0
      workers: 0:cpu0:tiles16;1:cpu1:tiles16;2:cpu2:tiles16;3:cpu3:tiles16;4:cpu4:tiles16;5:cpu5:tiles16;6:cpu6:tiles16;7:cpu7:tiles16
    run 6: OK GOPS=8.955991 time=0.239781793 threads=8 validation=0
      schedule: static chunk=0
      workers: 0:cpu0:tiles16;1:cpu1:tiles16;2:cpu2:tiles16;3:cpu3:tiles16;4:cpu4:tiles16;5:cpu5:tiles16;6:cpu6:tiles16;7:cpu7:tiles16
============================================================
KERNEL: igemm_kernel_8x4_zvl256b_lmulmf2_unroll8_i8i32
  MODE: K1 all-core RVV OpenMP baseline
  BASELINE: GEMM_RVV_FP32_INT8_8x4_Baseline
  FAMILY: RVV_IGEMM_INT8_I8I32_8x4
  PATH: INT8 RVV widening GEMM (INT8 x INT8 -> INT32)
  TILE: 8x4 ZVL=256b LMUL=mf2 UNROLL=8
  WORK: M=1024 N=1024 K=1024 tile_N=8 runs=6
  CORES: cores 0-7 execute RVV kernels
  INPUT_CONTRACT: CANONICAL_FULL_MATRIX
PRIMARY_SOURCE=/home/bananapi/MAT/kernels riscv rvv 1.0/FINAL/riscv-rvv-ime-gemm-microkernels-updated/GEMM_RVV_FP32_INT8_8x4_Baseline/RVV_IGEMM_INT8_I8I32_8x4/igemm_kernel_8x4_zvl256b_lmulmf2_unroll8/igemm_kernel_8x4_zvl256b_lmulmf2_unroll8_i8i32.c
    run 1: OK GOPS=9.094037 time=0.236141957 threads=8 validation=1
      schedule: static chunk=0
      workers: 0:cpu0:tiles16;1:cpu1:tiles16;2:cpu2:tiles16;3:cpu3:tiles16;4:cpu4:tiles16;5:cpu5:tiles16;6:cpu6:tiles16;7:cpu7:tiles16
    run 2: OK GOPS=8.999664 time=0.238618210 threads=8 validation=0
      schedule: static chunk=0
      workers: 0:cpu0:tiles16;1:cpu1:tiles16;2:cpu2:tiles16;3:cpu3:tiles16;4:cpu4:tiles16;5:cpu5:tiles16;6:cpu6:tiles16;7:cpu7:tiles16
    run 3: OK GOPS=9.061957 time=0.236977916 threads=8 validation=0
      schedule: static chunk=0
      workers: 0:cpu0:tiles16;1:cpu1:tiles16;2:cpu2:tiles16;3:cpu3:tiles16;4:cpu4:tiles16;5:cpu5:tiles16;6:cpu6:tiles16;7:cpu7:tiles16
    run 4: OK GOPS=8.726253 time=0.246094581 threads=8 validation=0
      schedule: static chunk=0
      workers: 0:cpu0:tiles16;1:cpu1:tiles16;2:cpu2:tiles16;3:cpu3:tiles16;4:cpu4:tiles16;5:cpu5:tiles16;6:cpu6:tiles16;7:cpu7:tiles16
    run 5: OK GOPS=8.868531 time=0.242146499 threads=8 validation=0
      schedule: static chunk=0
      workers: 0:cpu0:tiles16;1:cpu1:tiles16;2:cpu2:tiles16;3:cpu3:tiles16;4:cpu4:tiles16;5:cpu5:tiles16;6:cpu6:tiles16;7:cpu7:tiles16
    run 6: OK GOPS=8.840319 time=0.242919251 threads=8 validation=0
      schedule: static chunk=0
      workers: 0:cpu0:tiles16;1:cpu1:tiles16;2:cpu2:tiles16;3:cpu3:tiles16;4:cpu4:tiles16;5:cpu5:tiles16;6:cpu6:tiles16;7:cpu7:tiles16
============================================================
KERNEL: igemm_kernel_8x4_zvl256b_lmulmf4_unroll1_i8i32
  MODE: K1 all-core RVV OpenMP baseline
  BASELINE: GEMM_RVV_FP32_INT8_8x4_Baseline
  FAMILY: RVV_IGEMM_INT8_I8I32_8x4
  PATH: INT8 RVV widening GEMM (INT8 x INT8 -> INT32)
  TILE: 8x4 ZVL=256b LMUL=mf4 UNROLL=1
  WORK: M=1024 N=1024 K=1024 tile_N=8 runs=6
  CORES: cores 0-7 execute RVV kernels
  INPUT_CONTRACT: CANONICAL_FULL_MATRIX
PRIMARY_SOURCE=/home/bananapi/MAT/kernels riscv rvv 1.0/FINAL/riscv-rvv-ime-gemm-microkernels-updated/GEMM_RVV_FP32_INT8_8x4_Baseline/RVV_IGEMM_INT8_I8I32_8x4/igemm_kernel_8x4_zvl256b_lmulmf4_unroll1/igemm_kernel_8x4_zvl256b_lmulmf4_unroll1_i8i32.c
    run 1: OK GOPS=9.371863 time=0.229141586 threads=8 validation=1
      schedule: static chunk=0
      workers: 0:cpu0:tiles16;1:cpu1:tiles16;2:cpu2:tiles16;3:cpu3:tiles16;4:cpu4:tiles16;5:cpu5:tiles16;6:cpu6:tiles16;7:cpu7:tiles16
    run 2: OK GOPS=9.429525 time=0.227740373 threads=8 validation=0
      schedule: static chunk=0
      workers: 0:cpu0:tiles16;1:cpu1:tiles16;2:cpu2:tiles16;3:cpu3:tiles16;4:cpu4:tiles16;5:cpu5:tiles16;6:cpu6:tiles16;7:cpu7:tiles16
    run 3: OK GOPS=9.363373 time=0.229349375 threads=8 validation=0
      schedule: static chunk=0
      workers: 0:cpu0:tiles16;1:cpu1:tiles16;2:cpu2:tiles16;3:cpu3:tiles16;4:cpu4:tiles16;5:cpu5:tiles16;6:cpu6:tiles16;7:cpu7:tiles16
    run 4: OK GOPS=9.060577 time=0.237013999 threads=8 validation=0
      schedule: static chunk=0
      workers: 0:cpu0:tiles16;1:cpu1:tiles16;2:cpu2:tiles16;3:cpu3:tiles16;4:cpu4:tiles16;5:cpu5:tiles16;6:cpu6:tiles16;7:cpu7:tiles16
    run 5: OK GOPS=9.487297 time=0.226353582 threads=8 validation=0
      schedule: static chunk=0
      workers: 0:cpu0:tiles16;1:cpu1:tiles16;2:cpu2:tiles16;3:cpu3:tiles16;4:cpu4:tiles16;5:cpu5:tiles16;6:cpu6:tiles16;7:cpu7:tiles16
    run 6: OK GOPS=9.516694 time=0.225654375 threads=8 validation=0
      schedule: static chunk=0
      workers: 0:cpu0:tiles16;1:cpu1:tiles16;2:cpu2:tiles16;3:cpu3:tiles16;4:cpu4:tiles16;5:cpu5:tiles16;6:cpu6:tiles16;7:cpu7:tiles16
============================================================
KERNEL: igemm_kernel_8x4_zvl256b_lmulmf4_unroll2_i8i32
  MODE: K1 all-core RVV OpenMP baseline
  BASELINE: GEMM_RVV_FP32_INT8_8x4_Baseline
  FAMILY: RVV_IGEMM_INT8_I8I32_8x4
  PATH: INT8 RVV widening GEMM (INT8 x INT8 -> INT32)
  TILE: 8x4 ZVL=256b LMUL=mf4 UNROLL=2
  WORK: M=1024 N=1024 K=1024 tile_N=8 runs=6
  CORES: cores 0-7 execute RVV kernels
  INPUT_CONTRACT: CANONICAL_FULL_MATRIX
PRIMARY_SOURCE=/home/bananapi/MAT/kernels riscv rvv 1.0/FINAL/riscv-rvv-ime-gemm-microkernels-updated/GEMM_RVV_FP32_INT8_8x4_Baseline/RVV_IGEMM_INT8_I8I32_8x4/igemm_kernel_8x4_zvl256b_lmulmf4_unroll2/igemm_kernel_8x4_zvl256b_lmulmf4_unroll2_i8i32.c
    run 1: OK GOPS=9.467381 time=0.226829749 threads=8 validation=1
      schedule: static chunk=0
      workers: 0:cpu0:tiles16;1:cpu1:tiles16;2:cpu2:tiles16;3:cpu3:tiles16;4:cpu4:tiles16;5:cpu5:tiles16;6:cpu6:tiles16;7:cpu7:tiles16
    run 2: OK GOPS=9.074423 time=0.236652374 threads=8 validation=0
      schedule: static chunk=0
      workers: 0:cpu0:tiles16;1:cpu1:tiles16;2:cpu2:tiles16;3:cpu3:tiles16;4:cpu4:tiles16;5:cpu5:tiles16;6:cpu6:tiles16;7:cpu7:tiles16
    run 3: OK GOPS=9.277690 time=0.231467500 threads=8 validation=0
      schedule: static chunk=0
      workers: 0:cpu0:tiles16;1:cpu1:tiles16;2:cpu2:tiles16;3:cpu3:tiles16;4:cpu4:tiles16;5:cpu5:tiles16;6:cpu6:tiles16;7:cpu7:tiles16
    run 4: OK GOPS=9.409236 time=0.228231460 threads=8 validation=0
      schedule: static chunk=0
      workers: 0:cpu0:tiles16;1:cpu1:tiles16;2:cpu2:tiles16;3:cpu3:tiles16;4:cpu4:tiles16;5:cpu5:tiles16;6:cpu6:tiles16;7:cpu7:tiles16
    run 5: OK GOPS=9.492894 time=0.226220123 threads=8 validation=0
      schedule: static chunk=0
      workers: 0:cpu0:tiles16;1:cpu1:tiles16;2:cpu2:tiles16;3:cpu3:tiles16;4:cpu4:tiles16;5:cpu5:tiles16;6:cpu6:tiles16;7:cpu7:tiles16
    run 6: OK GOPS=9.554016 time=0.224772874 threads=8 validation=0
      schedule: static chunk=0
      workers: 0:cpu0:tiles16;1:cpu1:tiles16;2:cpu2:tiles16;3:cpu3:tiles16;4:cpu4:tiles16;5:cpu5:tiles16;6:cpu6:tiles16;7:cpu7:tiles16
============================================================
KERNEL: igemm_kernel_8x4_zvl256b_lmulmf4_unroll4_i8i32
  MODE: K1 all-core RVV OpenMP baseline
  BASELINE: GEMM_RVV_FP32_INT8_8x4_Baseline
  FAMILY: RVV_IGEMM_INT8_I8I32_8x4
  PATH: INT8 RVV widening GEMM (INT8 x INT8 -> INT32)
  TILE: 8x4 ZVL=256b LMUL=mf4 UNROLL=4
  WORK: M=1024 N=1024 K=1024 tile_N=8 runs=6
  CORES: cores 0-7 execute RVV kernels
  INPUT_CONTRACT: CANONICAL_FULL_MATRIX
PRIMARY_SOURCE=/home/bananapi/MAT/kernels riscv rvv 1.0/FINAL/riscv-rvv-ime-gemm-microkernels-updated/GEMM_RVV_FP32_INT8_8x4_Baseline/RVV_IGEMM_INT8_I8I32_8x4/igemm_kernel_8x4_zvl256b_lmulmf4_unroll4/igemm_kernel_8x4_zvl256b_lmulmf4_unroll4_i8i32.c
    run 1: OK GOPS=9.703449 time=0.221311375 threads=8 validation=1
      schedule: static chunk=0
      workers: 0:cpu0:tiles16;1:cpu1:tiles16;2:cpu2:tiles16;3:cpu3:tiles16;4:cpu4:tiles16;5:cpu5:tiles16;6:cpu6:tiles16;7:cpu7:tiles16
    run 2: OK GOPS=9.221364 time=0.232881334 threads=8 validation=0
      schedule: static chunk=0
      workers: 0:cpu0:tiles16;1:cpu1:tiles16;2:cpu2:tiles16;3:cpu3:tiles16;4:cpu4:tiles16;5:cpu5:tiles16;6:cpu6:tiles16;7:cpu7:tiles16
    run 3: OK GOPS=9.480789 time=0.226508956 threads=8 validation=0
      schedule: static chunk=0
      workers: 0:cpu0:tiles16;1:cpu1:tiles16;2:cpu2:tiles16;3:cpu3:tiles16;4:cpu4:tiles16;5:cpu5:tiles16;6:cpu6:tiles16;7:cpu7:tiles16
    run 4: OK GOPS=9.369417 time=0.229201417 threads=8 validation=0
      schedule: static chunk=0
      workers: 0:cpu0:tiles16;1:cpu1:tiles16;2:cpu2:tiles16;3:cpu3:tiles16;4:cpu4:tiles16;5:cpu5:tiles16;6:cpu6:tiles16;7:cpu7:tiles16
    run 5: OK GOPS=9.281400 time=0.231374960 threads=8 validation=0
      schedule: static chunk=0
      workers: 0:cpu0:tiles16;1:cpu1:tiles16;2:cpu2:tiles16;3:cpu3:tiles16;4:cpu4:tiles16;5:cpu5:tiles16;6:cpu6:tiles16;7:cpu7:tiles16
    run 6: OK GOPS=9.532065 time=0.225290500 threads=8 validation=0
      schedule: static chunk=0
      workers: 0:cpu0:tiles16;1:cpu1:tiles16;2:cpu2:tiles16;3:cpu3:tiles16;4:cpu4:tiles16;5:cpu5:tiles16;6:cpu6:tiles16;7:cpu7:tiles16
============================================================
KERNEL: igemm_kernel_8x4_zvl256b_lmulmf4_unroll8_i8i32
  MODE: K1 all-core RVV OpenMP baseline
  BASELINE: GEMM_RVV_FP32_INT8_8x4_Baseline
  FAMILY: RVV_IGEMM_INT8_I8I32_8x4
  PATH: INT8 RVV widening GEMM (INT8 x INT8 -> INT32)
  TILE: 8x4 ZVL=256b LMUL=mf4 UNROLL=8
  WORK: M=1024 N=1024 K=1024 tile_N=8 runs=6
  CORES: cores 0-7 execute RVV kernels
  INPUT_CONTRACT: CANONICAL_FULL_MATRIX
PRIMARY_SOURCE=/home/bananapi/MAT/kernels riscv rvv 1.0/FINAL/riscv-rvv-ime-gemm-microkernels-updated/GEMM_RVV_FP32_INT8_8x4_Baseline/RVV_IGEMM_INT8_I8I32_8x4/igemm_kernel_8x4_zvl256b_lmulmf4_unroll8/igemm_kernel_8x4_zvl256b_lmulmf4_unroll8_i8i32.c
    run 1: OK GOPS=9.475903 time=0.226625748 threads=8 validation=1
      schedule: static chunk=0
      workers: 0:cpu0:tiles16;1:cpu1:tiles16;2:cpu2:tiles16;3:cpu3:tiles16;4:cpu4:tiles16;5:cpu5:tiles16;6:cpu6:tiles16;7:cpu7:tiles16
    run 2: OK GOPS=9.118423 time=0.235510416 threads=8 validation=0
      schedule: static chunk=0
      workers: 0:cpu0:tiles16;1:cpu1:tiles16;2:cpu2:tiles16;3:cpu3:tiles16;4:cpu4:tiles16;5:cpu5:tiles16;6:cpu6:tiles16;7:cpu7:tiles16
    run 3: OK GOPS=9.250218 time=0.232154917 threads=8 validation=0
      schedule: static chunk=0
      workers: 0:cpu0:tiles16;1:cpu1:tiles16;2:cpu2:tiles16;3:cpu3:tiles16;4:cpu4:tiles16;5:cpu5:tiles16;6:cpu6:tiles16;7:cpu7:tiles16
    run 4: OK GOPS=9.182958 time=0.233855333 threads=8 validation=0
      schedule: static chunk=0
      workers: 0:cpu0:tiles16;1:cpu1:tiles16;2:cpu2:tiles16;3:cpu3:tiles16;4:cpu4:tiles16;5:cpu5:tiles16;6:cpu6:tiles16;7:cpu7:tiles16
    run 5: OK GOPS=9.673252 time=0.222002249 threads=8 validation=0
      schedule: static chunk=0
      workers: 0:cpu0:tiles16;1:cpu1:tiles16;2:cpu2:tiles16;3:cpu3:tiles16;4:cpu4:tiles16;5:cpu5:tiles16;6:cpu6:tiles16;7:cpu7:tiles16
    run 6: OK GOPS=9.715087 time=0.221046250 threads=8 validation=0
      schedule: static chunk=0
      workers: 0:cpu0:tiles16;1:cpu1:tiles16;2:cpu2:tiles16;3:cpu3:tiles16;4:cpu4:tiles16;5:cpu5:tiles16;6:cpu6:tiles16;7:cpu7:tiles16
============================================================
KERNEL: igemm_kernel_8x4_zvl256b_lmulmf8_unroll1_i8i32
  MODE: K1 all-core RVV OpenMP baseline
  BASELINE: GEMM_RVV_FP32_INT8_8x4_Baseline
  FAMILY: RVV_IGEMM_INT8_I8I32_8x4
  PATH: INT8 RVV widening GEMM (INT8 x INT8 -> INT32)
  TILE: 8x4 ZVL=256b LMUL=mf8 UNROLL=1
  WORK: M=1024 N=1024 K=1024 tile_N=8 runs=6
  CORES: cores 0-7 execute RVV kernels
  INPUT_CONTRACT: CANONICAL_FULL_MATRIX
PRIMARY_SOURCE=/home/bananapi/MAT/kernels riscv rvv 1.0/FINAL/riscv-rvv-ime-gemm-microkernels-updated/GEMM_RVV_FP32_INT8_8x4_Baseline/RVV_IGEMM_INT8_I8I32_8x4/igemm_kernel_8x4_zvl256b_lmulmf8_unroll1/igemm_kernel_8x4_zvl256b_lmulmf8_unroll1_i8i32.c
    run 1: OK GOPS=9.605359 time=0.223571420 threads=8 validation=1
      schedule: static chunk=0
      workers: 0:cpu0:tiles16;1:cpu1:tiles16;2:cpu2:tiles16;3:cpu3:tiles16;4:cpu4:tiles16;5:cpu5:tiles16;6:cpu6:tiles16;7:cpu7:tiles16
    run 2: OK GOPS=9.567143 time=0.224464457 threads=8 validation=0
      schedule: static chunk=0
      workers: 0:cpu0:tiles16;1:cpu1:tiles16;2:cpu2:tiles16;3:cpu3:tiles16;4:cpu4:tiles16;5:cpu5:tiles16;6:cpu6:tiles16;7:cpu7:tiles16
    run 3: OK GOPS=9.441628 time=0.227448460 threads=8 validation=0
      schedule: static chunk=0
      workers: 0:cpu0:tiles16;1:cpu1:tiles16;2:cpu2:tiles16;3:cpu3:tiles16;4:cpu4:tiles16;5:cpu5:tiles16;6:cpu6:tiles16;7:cpu7:tiles16
    run 4: OK GOPS=9.513925 time=0.225720044 threads=8 validation=0
      schedule: static chunk=0
      workers: 0:cpu0:tiles16;1:cpu1:tiles16;2:cpu2:tiles16;3:cpu3:tiles16;4:cpu4:tiles16;5:cpu5:tiles16;6:cpu6:tiles16;7:cpu7:tiles16
    run 5: OK GOPS=9.259848 time=0.231913500 threads=8 validation=0
      schedule: static chunk=0
      workers: 0:cpu0:tiles16;1:cpu1:tiles16;2:cpu2:tiles16;3:cpu3:tiles16;4:cpu4:tiles16;5:cpu5:tiles16;6:cpu6:tiles16;7:cpu7:tiles16
    run 6: OK GOPS=9.318156 time=0.230462290 threads=8 validation=0
      schedule: static chunk=0
      workers: 0:cpu0:tiles16;1:cpu1:tiles16;2:cpu2:tiles16;3:cpu3:tiles16;4:cpu4:tiles16;5:cpu5:tiles16;6:cpu6:tiles16;7:cpu7:tiles16
============================================================
KERNEL: igemm_kernel_8x4_zvl256b_lmulmf8_unroll2_i8i32
  MODE: K1 all-core RVV OpenMP baseline
  BASELINE: GEMM_RVV_FP32_INT8_8x4_Baseline
  FAMILY: RVV_IGEMM_INT8_I8I32_8x4
  PATH: INT8 RVV widening GEMM (INT8 x INT8 -> INT32)
  TILE: 8x4 ZVL=256b LMUL=mf8 UNROLL=2
  WORK: M=1024 N=1024 K=1024 tile_N=8 runs=6
  CORES: cores 0-7 execute RVV kernels
  INPUT_CONTRACT: CANONICAL_FULL_MATRIX
PRIMARY_SOURCE=/home/bananapi/MAT/kernels riscv rvv 1.0/FINAL/riscv-rvv-ime-gemm-microkernels-updated/GEMM_RVV_FP32_INT8_8x4_Baseline/RVV_IGEMM_INT8_I8I32_8x4/igemm_kernel_8x4_zvl256b_lmulmf8_unroll2/igemm_kernel_8x4_zvl256b_lmulmf8_unroll2_i8i32.c
    run 1: OK GOPS=9.816019 time=0.218773376 threads=8 validation=1
      schedule: static chunk=0
      workers: 0:cpu0:tiles16;1:cpu1:tiles16;2:cpu2:tiles16;3:cpu3:tiles16;4:cpu4:tiles16;5:cpu5:tiles16;6:cpu6:tiles16;7:cpu7:tiles16
    run 2: OK GOPS=9.213458 time=0.233081169 threads=8 validation=0
      schedule: static chunk=0
      workers: 0:cpu0:tiles16;1:cpu1:tiles16;2:cpu2:tiles16;3:cpu3:tiles16;4:cpu4:tiles16;5:cpu5:tiles16;6:cpu6:tiles16;7:cpu7:tiles16
    run 3: OK GOPS=9.611711 time=0.223423667 threads=8 validation=0
      schedule: static chunk=0
      workers: 0:cpu0:tiles16;1:cpu1:tiles16;2:cpu2:tiles16;3:cpu3:tiles16;4:cpu4:tiles16;5:cpu5:tiles16;6:cpu6:tiles16;7:cpu7:tiles16
    run 4: OK GOPS=9.447173 time=0.227314956 threads=8 validation=0
      schedule: static chunk=0
      workers: 0:cpu0:tiles16;1:cpu1:tiles16;2:cpu2:tiles16;3:cpu3:tiles16;4:cpu4:tiles16;5:cpu5:tiles16;6:cpu6:tiles16;7:cpu7:tiles16
    run 5: OK GOPS=9.791560 time=0.219319873 threads=8 validation=0
      schedule: static chunk=0
      workers: 0:cpu0:tiles16;1:cpu1:tiles16;2:cpu2:tiles16;3:cpu3:tiles16;4:cpu4:tiles16;5:cpu5:tiles16;6:cpu6:tiles16;7:cpu7:tiles16
    run 6: OK GOPS=9.382732 time=0.228876166 threads=8 validation=0
      schedule: static chunk=0
      workers: 0:cpu0:tiles16;1:cpu1:tiles16;2:cpu2:tiles16;3:cpu3:tiles16;4:cpu4:tiles16;5:cpu5:tiles16;6:cpu6:tiles16;7:cpu7:tiles16
============================================================
KERNEL: igemm_kernel_8x4_zvl256b_lmulmf8_unroll4_i8i32
  MODE: K1 all-core RVV OpenMP baseline
  BASELINE: GEMM_RVV_FP32_INT8_8x4_Baseline
  FAMILY: RVV_IGEMM_INT8_I8I32_8x4
  PATH: INT8 RVV widening GEMM (INT8 x INT8 -> INT32)
  TILE: 8x4 ZVL=256b LMUL=mf8 UNROLL=4
  WORK: M=1024 N=1024 K=1024 tile_N=8 runs=6
  CORES: cores 0-7 execute RVV kernels
  INPUT_CONTRACT: CANONICAL_FULL_MATRIX
PRIMARY_SOURCE=/home/bananapi/MAT/kernels riscv rvv 1.0/FINAL/riscv-rvv-ime-gemm-microkernels-updated/GEMM_RVV_FP32_INT8_8x4_Baseline/RVV_IGEMM_INT8_I8I32_8x4/igemm_kernel_8x4_zvl256b_lmulmf8_unroll4/igemm_kernel_8x4_zvl256b_lmulmf8_unroll4_i8i32.c
    run 1: OK GOPS=9.545765 time=0.224967171 threads=8 validation=1
      schedule: static chunk=0
      workers: 0:cpu0:tiles16;1:cpu1:tiles16;2:cpu2:tiles16;3:cpu3:tiles16;4:cpu4:tiles16;5:cpu5:tiles16;6:cpu6:tiles16;7:cpu7:tiles16
    run 2: OK GOPS=9.126181 time=0.235310212 threads=8 validation=0
      schedule: static chunk=0
      workers: 0:cpu0:tiles16;1:cpu1:tiles16;2:cpu2:tiles16;3:cpu3:tiles16;4:cpu4:tiles16;5:cpu5:tiles16;6:cpu6:tiles16;7:cpu7:tiles16
    run 3: OK GOPS=9.474389 time=0.226661958 threads=8 validation=0
      schedule: static chunk=0
      workers: 0:cpu0:tiles16;1:cpu1:tiles16;2:cpu2:tiles16;3:cpu3:tiles16;4:cpu4:tiles16;5:cpu5:tiles16;6:cpu6:tiles16;7:cpu7:tiles16
    run 4: OK GOPS=9.612379 time=0.223408125 threads=8 validation=0
      schedule: static chunk=0
      workers: 0:cpu0:tiles16;1:cpu1:tiles16;2:cpu2:tiles16;3:cpu3:tiles16;4:cpu4:tiles16;5:cpu5:tiles16;6:cpu6:tiles16;7:cpu7:tiles16
    run 5: OK GOPS=9.325627 time=0.230277665 threads=8 validation=0
      schedule: static chunk=0
      workers: 0:cpu0:tiles16;1:cpu1:tiles16;2:cpu2:tiles16;3:cpu3:tiles16;4:cpu4:tiles16;5:cpu5:tiles16;6:cpu6:tiles16;7:cpu7:tiles16
    run 6: OK GOPS=9.405185 time=0.228329752 threads=8 validation=0
      schedule: static chunk=0
      workers: 0:cpu0:tiles16;1:cpu1:tiles16;2:cpu2:tiles16;3:cpu3:tiles16;4:cpu4:tiles16;5:cpu5:tiles16;6:cpu6:tiles16;7:cpu7:tiles16
============================================================
KERNEL: igemm_kernel_8x4_zvl256b_lmulmf8_unroll8_i8i32
  MODE: K1 all-core RVV OpenMP baseline
  BASELINE: GEMM_RVV_FP32_INT8_8x4_Baseline
  FAMILY: RVV_IGEMM_INT8_I8I32_8x4
  PATH: INT8 RVV widening GEMM (INT8 x INT8 -> INT32)
  TILE: 8x4 ZVL=256b LMUL=mf8 UNROLL=8
  WORK: M=1024 N=1024 K=1024 tile_N=8 runs=6
  CORES: cores 0-7 execute RVV kernels
  INPUT_CONTRACT: CANONICAL_FULL_MATRIX
PRIMARY_SOURCE=/home/bananapi/MAT/kernels riscv rvv 1.0/FINAL/riscv-rvv-ime-gemm-microkernels-updated/GEMM_RVV_FP32_INT8_8x4_Baseline/RVV_IGEMM_INT8_I8I32_8x4/igemm_kernel_8x4_zvl256b_lmulmf8_unroll8/igemm_kernel_8x4_zvl256b_lmulmf8_unroll8_i8i32.c
    run 1: OK GOPS=9.518835 time=0.225603625 threads=8 validation=1
      schedule: static chunk=0
      workers: 0:cpu0:tiles16;1:cpu1:tiles16;2:cpu2:tiles16;3:cpu3:tiles16;4:cpu4:tiles16;5:cpu5:tiles16;6:cpu6:tiles16;7:cpu7:tiles16
    run 2: OK GOPS=9.748408 time=0.220290709 threads=8 validation=0
      schedule: static chunk=0
      workers: 0:cpu0:tiles16;1:cpu1:tiles16;2:cpu2:tiles16;3:cpu3:tiles16;4:cpu4:tiles16;5:cpu5:tiles16;6:cpu6:tiles16;7:cpu7:tiles16
    run 3: OK GOPS=9.423424 time=0.227887835 threads=8 validation=0
      schedule: static chunk=0
      workers: 0:cpu0:tiles16;1:cpu1:tiles16;2:cpu2:tiles16;3:cpu3:tiles16;4:cpu4:tiles16;5:cpu5:tiles16;6:cpu6:tiles16;7:cpu7:tiles16
    run 4: OK GOPS=9.760021 time=0.220028583 threads=8 validation=0
      schedule: static chunk=0
      workers: 0:cpu0:tiles16;1:cpu1:tiles16;2:cpu2:tiles16;3:cpu3:tiles16;4:cpu4:tiles16;5:cpu5:tiles16;6:cpu6:tiles16;7:cpu7:tiles16
    run 5: OK GOPS=9.018716 time=0.238114122 threads=8 validation=0
      schedule: static chunk=0
      workers: 0:cpu0:tiles16;1:cpu1:tiles16;2:cpu2:tiles16;3:cpu3:tiles16;4:cpu4:tiles16;5:cpu5:tiles16;6:cpu6:tiles16;7:cpu7:tiles16
    run 6: OK GOPS=9.708196 time=0.221203167 threads=8 validation=0
      schedule: static chunk=0
      workers: 0:cpu0:tiles16;1:cpu1:tiles16;2:cpu2:tiles16;3:cpu3:tiles16;4:cpu4:tiles16;5:cpu5:tiles16;6:cpu6:tiles16;7:cpu7:tiles16
============================================================
KERNEL: igemm_kernel_8x8_zvl256b_lmul1_unroll1_i8i32
  MODE: K1 all-core RVV OpenMP baseline
  BASELINE: GEMM_RVV_FP32_INT8_8x8_Baseline
  FAMILY: RVV_IGEMM_INT8_I8I32_8x8
  PATH: INT8 RVV widening GEMM (INT8 x INT8 -> INT32)
  TILE: 8x8 ZVL=256b LMUL=1 UNROLL=1
  WORK: M=1024 N=1024 K=1024 tile_N=8 runs=6
  CORES: cores 0-7 execute RVV kernels
  INPUT_CONTRACT: CANONICAL_FULL_MATRIX
PRIMARY_SOURCE=/home/bananapi/MAT/kernels riscv rvv 1.0/FINAL/riscv-rvv-ime-gemm-microkernels-updated/GEMM_RVV_FP32_INT8_8x8_Baseline/RVV_IGEMM_INT8_I8I32_8x8/igemm_kernel_8x8_zvl256b_lmul1_unroll1/igemm_kernel_8x8_zvl256b_lmul1_unroll1_i8i32.c
    run 1: OK GOPS=7.771298 time=0.276335251 threads=8 validation=1
      schedule: static chunk=0
      workers: 0:cpu0:tiles16;1:cpu1:tiles16;2:cpu2:tiles16;3:cpu3:tiles16;4:cpu4:tiles16;5:cpu5:tiles16;6:cpu6:tiles16;7:cpu7:tiles16
    run 2: OK GOPS=7.731344 time=0.277763292 threads=8 validation=0
      schedule: static chunk=0
      workers: 0:cpu0:tiles16;1:cpu1:tiles16;2:cpu2:tiles16;3:cpu3:tiles16;4:cpu4:tiles16;5:cpu5:tiles16;6:cpu6:tiles16;7:cpu7:tiles16
    run 3: OK GOPS=7.226517 time=0.297167167 threads=8 validation=0
      schedule: static chunk=0
      workers: 0:cpu0:tiles16;1:cpu1:tiles16;2:cpu2:tiles16;3:cpu3:tiles16;4:cpu4:tiles16;5:cpu5:tiles16;6:cpu6:tiles16;7:cpu7:tiles16
    run 4: OK GOPS=7.700875 time=0.278862294 threads=8 validation=0
      schedule: static chunk=0
      workers: 0:cpu0:tiles16;1:cpu1:tiles16;2:cpu2:tiles16;3:cpu3:tiles16;4:cpu4:tiles16;5:cpu5:tiles16;6:cpu6:tiles16;7:cpu7:tiles16
    run 5: OK GOPS=7.635431 time=0.281252459 threads=8 validation=0
      schedule: static chunk=0
      workers: 0:cpu0:tiles16;1:cpu1:tiles16;2:cpu2:tiles16;3:cpu3:tiles16;4:cpu4:tiles16;5:cpu5:tiles16;6:cpu6:tiles16;7:cpu7:tiles16
    run 6: OK GOPS=7.730702 time=0.277786374 threads=8 validation=0
      schedule: static chunk=0
      workers: 0:cpu0:tiles16;1:cpu1:tiles16;2:cpu2:tiles16;3:cpu3:tiles16;4:cpu4:tiles16;5:cpu5:tiles16;6:cpu6:tiles16;7:cpu7:tiles16
============================================================
KERNEL: igemm_kernel_8x8_zvl256b_lmul1_unroll2_i8i32
  MODE: K1 all-core RVV OpenMP baseline
  BASELINE: GEMM_RVV_FP32_INT8_8x8_Baseline
  FAMILY: RVV_IGEMM_INT8_I8I32_8x8
  PATH: INT8 RVV widening GEMM (INT8 x INT8 -> INT32)
  TILE: 8x8 ZVL=256b LMUL=1 UNROLL=2
  WORK: M=1024 N=1024 K=1024 tile_N=8 runs=6
  CORES: cores 0-7 execute RVV kernels
  INPUT_CONTRACT: CANONICAL_FULL_MATRIX
PRIMARY_SOURCE=/home/bananapi/MAT/kernels riscv rvv 1.0/FINAL/riscv-rvv-ime-gemm-microkernels-updated/GEMM_RVV_FP32_INT8_8x8_Baseline/RVV_IGEMM_INT8_I8I32_8x8/igemm_kernel_8x8_zvl256b_lmul1_unroll2/igemm_kernel_8x8_zvl256b_lmul1_unroll2_i8i32.c
    run 1: OK GOPS=7.406447 time=0.289947875 threads=8 validation=1
      schedule: static chunk=0
      workers: 0:cpu0:tiles16;1:cpu1:tiles16;2:cpu2:tiles16;3:cpu3:tiles16;4:cpu4:tiles16;5:cpu5:tiles16;6:cpu6:tiles16;7:cpu7:tiles16
    run 2: OK GOPS=7.316183 time=0.293525126 threads=8 validation=0
      schedule: static chunk=0
      workers: 0:cpu0:tiles16;1:cpu1:tiles16;2:cpu2:tiles16;3:cpu3:tiles16;4:cpu4:tiles16;5:cpu5:tiles16;6:cpu6:tiles16;7:cpu7:tiles16
    run 3: OK GOPS=7.199170 time=0.298296001 threads=8 validation=0
      schedule: static chunk=0
      workers: 0:cpu0:tiles16;1:cpu1:tiles16;2:cpu2:tiles16;3:cpu3:tiles16;4:cpu4:tiles16;5:cpu5:tiles16;6:cpu6:tiles16;7:cpu7:tiles16
    run 4: OK GOPS=7.612122 time=0.282113664 threads=8 validation=0
      schedule: static chunk=0
      workers: 0:cpu0:tiles16;1:cpu1:tiles16;2:cpu2:tiles16;3:cpu3:tiles16;4:cpu4:tiles16;5:cpu5:tiles16;6:cpu6:tiles16;7:cpu7:tiles16
    run 5: OK GOPS=7.289163 time=0.294613209 threads=8 validation=0
      schedule: static chunk=0
      workers: 0:cpu0:tiles16;1:cpu1:tiles16;2:cpu2:tiles16;3:cpu3:tiles16;4:cpu4:tiles16;5:cpu5:tiles16;6:cpu6:tiles16;7:cpu7:tiles16
    run 6: OK GOPS=7.260112 time=0.295792080 threads=8 validation=0
      schedule: static chunk=0
      workers: 0:cpu0:tiles16;1:cpu1:tiles16;2:cpu2:tiles16;3:cpu3:tiles16;4:cpu4:tiles16;5:cpu5:tiles16;6:cpu6:tiles16;7:cpu7:tiles16
============================================================
KERNEL: igemm_kernel_8x8_zvl256b_lmul1_unroll4_i8i32
  MODE: K1 all-core RVV OpenMP baseline
  BASELINE: GEMM_RVV_FP32_INT8_8x8_Baseline
  FAMILY: RVV_IGEMM_INT8_I8I32_8x8
  PATH: INT8 RVV widening GEMM (INT8 x INT8 -> INT32)
  TILE: 8x8 ZVL=256b LMUL=1 UNROLL=4
  WORK: M=1024 N=1024 K=1024 tile_N=8 runs=6
  CORES: cores 0-7 execute RVV kernels
  INPUT_CONTRACT: CANONICAL_FULL_MATRIX
PRIMARY_SOURCE=/home/bananapi/MAT/kernels riscv rvv 1.0/FINAL/riscv-rvv-ime-gemm-microkernels-updated/GEMM_RVV_FP32_INT8_8x8_Baseline/RVV_IGEMM_INT8_I8I32_8x8/igemm_kernel_8x8_zvl256b_lmul1_unroll4/igemm_kernel_8x8_zvl256b_lmul1_unroll4_i8i32.c
    run 1: OK GOPS=6.986438 time=0.307378918 threads=8 validation=1
      schedule: static chunk=0
      workers: 0:cpu0:tiles16;1:cpu1:tiles16;2:cpu2:tiles16;3:cpu3:tiles16;4:cpu4:tiles16;5:cpu5:tiles16;6:cpu6:tiles16;7:cpu7:tiles16
    run 2: OK GOPS=7.282151 time=0.294896875 threads=8 validation=0
      schedule: static chunk=0
      workers: 0:cpu0:tiles16;1:cpu1:tiles16;2:cpu2:tiles16;3:cpu3:tiles16;4:cpu4:tiles16;5:cpu5:tiles16;6:cpu6:tiles16;7:cpu7:tiles16
    run 3: OK GOPS=7.317755 time=0.293462083 threads=8 validation=0
      schedule: static chunk=0
      workers: 0:cpu0:tiles16;1:cpu1:tiles16;2:cpu2:tiles16;3:cpu3:tiles16;4:cpu4:tiles16;5:cpu5:tiles16;6:cpu6:tiles16;7:cpu7:tiles16
    run 4: OK GOPS=7.239940 time=0.296616208 threads=8 validation=0
      schedule: static chunk=0
      workers: 0:cpu0:tiles16;1:cpu1:tiles16;2:cpu2:tiles16;3:cpu3:tiles16;4:cpu4:tiles16;5:cpu5:tiles16;6:cpu6:tiles16;7:cpu7:tiles16
    run 5: OK GOPS=7.149194 time=0.300381210 threads=8 validation=0
      schedule: static chunk=0
      workers: 0:cpu0:tiles16;1:cpu1:tiles16;2:cpu2:tiles16;3:cpu3:tiles16;4:cpu4:tiles16;5:cpu5:tiles16;6:cpu6:tiles16;7:cpu7:tiles16
    run 6: OK GOPS=7.322412 time=0.293275457 threads=8 validation=0
      schedule: static chunk=0
      workers: 0:cpu0:tiles16;1:cpu1:tiles16;2:cpu2:tiles16;3:cpu3:tiles16;4:cpu4:tiles16;5:cpu5:tiles16;6:cpu6:tiles16;7:cpu7:tiles16
============================================================
KERNEL: igemm_kernel_8x8_zvl256b_lmul1_unroll8_i8i32
  MODE: K1 all-core RVV OpenMP baseline
  BASELINE: GEMM_RVV_FP32_INT8_8x8_Baseline
  FAMILY: RVV_IGEMM_INT8_I8I32_8x8
  PATH: INT8 RVV widening GEMM (INT8 x INT8 -> INT32)
  TILE: 8x8 ZVL=256b LMUL=1 UNROLL=8
  WORK: M=1024 N=1024 K=1024 tile_N=8 runs=6
  CORES: cores 0-7 execute RVV kernels
  INPUT_CONTRACT: CANONICAL_FULL_MATRIX
PRIMARY_SOURCE=/home/bananapi/MAT/kernels riscv rvv 1.0/FINAL/riscv-rvv-ime-gemm-microkernels-updated/GEMM_RVV_FP32_INT8_8x8_Baseline/RVV_IGEMM_INT8_I8I32_8x8/igemm_kernel_8x8_zvl256b_lmul1_unroll8/igemm_kernel_8x8_zvl256b_lmul1_unroll8_i8i32.c
    run 1: OK GOPS=7.250886 time=0.296168458 threads=8 validation=1
      schedule: static chunk=0
      workers: 0:cpu0:tiles16;1:cpu1:tiles16;2:cpu2:tiles16;3:cpu3:tiles16;4:cpu4:tiles16;5:cpu5:tiles16;6:cpu6:tiles16;7:cpu7:tiles16
    run 2: OK GOPS=7.348757 time=0.292224083 threads=8 validation=0
      schedule: static chunk=0
      workers: 0:cpu0:tiles16;1:cpu1:tiles16;2:cpu2:tiles16;3:cpu3:tiles16;4:cpu4:tiles16;5:cpu5:tiles16;6:cpu6:tiles16;7:cpu7:tiles16
    run 3: OK GOPS=7.355828 time=0.291943166 threads=8 validation=0
      schedule: static chunk=0
      workers: 0:cpu0:tiles16;1:cpu1:tiles16;2:cpu2:tiles16;3:cpu3:tiles16;4:cpu4:tiles16;5:cpu5:tiles16;6:cpu6:tiles16;7:cpu7:tiles16
    run 4: OK GOPS=7.821646 time=0.274556499 threads=8 validation=0
      schedule: static chunk=0
      workers: 0:cpu0:tiles16;1:cpu1:tiles16;2:cpu2:tiles16;3:cpu3:tiles16;4:cpu4:tiles16;5:cpu5:tiles16;6:cpu6:tiles16;7:cpu7:tiles16
    run 5: OK GOPS=7.365039 time=0.291578040 threads=8 validation=0
      schedule: static chunk=0
      workers: 0:cpu0:tiles16;1:cpu1:tiles16;2:cpu2:tiles16;3:cpu3:tiles16;4:cpu4:tiles16;5:cpu5:tiles16;6:cpu6:tiles16;7:cpu7:tiles16
    run 6: OK GOPS=7.495561 time=0.286500711 threads=8 validation=0
      schedule: static chunk=0
      workers: 0:cpu0:tiles16;1:cpu1:tiles16;2:cpu2:tiles16;3:cpu3:tiles16;4:cpu4:tiles16;5:cpu5:tiles16;6:cpu6:tiles16;7:cpu7:tiles16
============================================================
KERNEL: igemm_kernel_8x8_zvl256b_lmul2_unroll1_i8i32
  MODE: K1 all-core RVV OpenMP baseline
  BASELINE: GEMM_RVV_FP32_INT8_8x8_Baseline
  FAMILY: RVV_IGEMM_INT8_I8I32_8x8
  PATH: INT8 RVV widening GEMM (INT8 x INT8 -> INT32)
  TILE: 8x8 ZVL=256b LMUL=2 UNROLL=1
  WORK: M=1024 N=1024 K=1024 tile_N=8 runs=6
  CORES: cores 0-7 execute RVV kernels
  INPUT_CONTRACT: CANONICAL_FULL_MATRIX
PRIMARY_SOURCE=/home/bananapi/MAT/kernels riscv rvv 1.0/FINAL/riscv-rvv-ime-gemm-microkernels-updated/GEMM_RVV_FP32_INT8_8x8_Baseline/RVV_IGEMM_INT8_I8I32_8x8/igemm_kernel_8x8_zvl256b_lmul2_unroll1/igemm_kernel_8x8_zvl256b_lmul2_unroll1_i8i32.c
    run 1: OK GOPS=3.410056 time=0.629750293 threads=8 validation=1
      schedule: static chunk=0
      workers: 0:cpu0:tiles16;1:cpu1:tiles16;2:cpu2:tiles16;3:cpu3:tiles16;4:cpu4:tiles16;5:cpu5:tiles16;6:cpu6:tiles16;7:cpu7:tiles16
    run 2: OK GOPS=3.375331 time=0.636229042 threads=8 validation=0
      schedule: static chunk=0
      workers: 0:cpu0:tiles16;1:cpu1:tiles16;2:cpu2:tiles16;3:cpu3:tiles16;4:cpu4:tiles16;5:cpu5:tiles16;6:cpu6:tiles16;7:cpu7:tiles16
    run 3: OK GOPS=3.341504 time=0.642669749 threads=8 validation=0
      schedule: static chunk=0
      workers: 0:cpu0:tiles16;1:cpu1:tiles16;2:cpu2:tiles16;3:cpu3:tiles16;4:cpu4:tiles16;5:cpu5:tiles16;6:cpu6:tiles16;7:cpu7:tiles16
    run 4: OK GOPS=3.408518 time=0.630034458 threads=8 validation=0
      schedule: static chunk=0
      workers: 0:cpu0:tiles16;1:cpu1:tiles16;2:cpu2:tiles16;3:cpu3:tiles16;4:cpu4:tiles16;5:cpu5:tiles16;6:cpu6:tiles16;7:cpu7:tiles16
    run 5: OK GOPS=3.442413 time=0.623830959 threads=8 validation=0
      schedule: static chunk=0
      workers: 0:cpu0:tiles16;1:cpu1:tiles16;2:cpu2:tiles16;3:cpu3:tiles16;4:cpu4:tiles16;5:cpu5:tiles16;6:cpu6:tiles16;7:cpu7:tiles16
    run 6: OK GOPS=3.323695 time=0.646113377 threads=8 validation=0
      schedule: static chunk=0
      workers: 0:cpu0:tiles16;1:cpu1:tiles16;2:cpu2:tiles16;3:cpu3:tiles16;4:cpu4:tiles16;5:cpu5:tiles16;6:cpu6:tiles16;7:cpu7:tiles16
============================================================
KERNEL: igemm_kernel_8x8_zvl256b_lmul2_unroll2_i8i32
  MODE: K1 all-core RVV OpenMP baseline
  BASELINE: GEMM_RVV_FP32_INT8_8x8_Baseline
  FAMILY: RVV_IGEMM_INT8_I8I32_8x8
  PATH: INT8 RVV widening GEMM (INT8 x INT8 -> INT32)
  TILE: 8x8 ZVL=256b LMUL=2 UNROLL=2
  WORK: M=1024 N=1024 K=1024 tile_N=8 runs=6
  CORES: cores 0-7 execute RVV kernels
  INPUT_CONTRACT: CANONICAL_FULL_MATRIX
PRIMARY_SOURCE=/home/bananapi/MAT/kernels riscv rvv 1.0/FINAL/riscv-rvv-ime-gemm-microkernels-updated/GEMM_RVV_FP32_INT8_8x8_Baseline/RVV_IGEMM_INT8_I8I32_8x8/igemm_kernel_8x8_zvl256b_lmul2_unroll2/igemm_kernel_8x8_zvl256b_lmul2_unroll2_i8i32.c
    run 1: OK GOPS=3.393326 time=0.632855043 threads=8 validation=1
      schedule: static chunk=0
      workers: 0:cpu0:tiles16;1:cpu1:tiles16;2:cpu2:tiles16;3:cpu3:tiles16;4:cpu4:tiles16;5:cpu5:tiles16;6:cpu6:tiles16;7:cpu7:tiles16
    run 2: OK GOPS=3.460491 time=0.620571878 threads=8 validation=0
      schedule: static chunk=0
      workers: 0:cpu0:tiles16;1:cpu1:tiles16;2:cpu2:tiles16;3:cpu3:tiles16;4:cpu4:tiles16;5:cpu5:tiles16;6:cpu6:tiles16;7:cpu7:tiles16
    run 3: OK GOPS=3.404271 time=0.630820375 threads=8 validation=0
      schedule: static chunk=0
      workers: 0:cpu0:tiles16;1:cpu1:tiles16;2:cpu2:tiles16;3:cpu3:tiles16;4:cpu4:tiles16;5:cpu5:tiles16;6:cpu6:tiles16;7:cpu7:tiles16
    run 4: OK GOPS=3.408107 time=0.630110331 threads=8 validation=0
      schedule: static chunk=0
      workers: 0:cpu0:tiles16;1:cpu1:tiles16;2:cpu2:tiles16;3:cpu3:tiles16;4:cpu4:tiles16;5:cpu5:tiles16;6:cpu6:tiles16;7:cpu7:tiles16
    run 5: OK GOPS=3.417016 time=0.628467500 threads=8 validation=0
      schedule: static chunk=0
      workers: 0:cpu0:tiles16;1:cpu1:tiles16;2:cpu2:tiles16;3:cpu3:tiles16;4:cpu4:tiles16;5:cpu5:tiles16;6:cpu6:tiles16;7:cpu7:tiles16
    run 6: OK GOPS=3.434253 time=0.625313126 threads=8 validation=0
      schedule: static chunk=0
      workers: 0:cpu0:tiles16;1:cpu1:tiles16;2:cpu2:tiles16;3:cpu3:tiles16;4:cpu4:tiles16;5:cpu5:tiles16;6:cpu6:tiles16;7:cpu7:tiles16
============================================================
KERNEL: igemm_kernel_8x8_zvl256b_lmul2_unroll4_i8i32
  MODE: K1 all-core RVV OpenMP baseline
  BASELINE: GEMM_RVV_FP32_INT8_8x8_Baseline
  FAMILY: RVV_IGEMM_INT8_I8I32_8x8
  PATH: INT8 RVV widening GEMM (INT8 x INT8 -> INT32)
  TILE: 8x8 ZVL=256b LMUL=2 UNROLL=4
  WORK: M=1024 N=1024 K=1024 tile_N=8 runs=6
  CORES: cores 0-7 execute RVV kernels
  INPUT_CONTRACT: CANONICAL_FULL_MATRIX
PRIMARY_SOURCE=/home/bananapi/MAT/kernels riscv rvv 1.0/FINAL/riscv-rvv-ime-gemm-microkernels-updated/GEMM_RVV_FP32_INT8_8x8_Baseline/RVV_IGEMM_INT8_I8I32_8x8/igemm_kernel_8x8_zvl256b_lmul2_unroll4/igemm_kernel_8x8_zvl256b_lmul2_unroll4_i8i32.c
    run 1: OK GOPS=3.003821 time=0.714917209 threads=8 validation=1
      schedule: static chunk=0
      workers: 0:cpu0:tiles16;1:cpu1:tiles16;2:cpu2:tiles16;3:cpu3:tiles16;4:cpu4:tiles16;5:cpu5:tiles16;6:cpu6:tiles16;7:cpu7:tiles16
    run 2: OK GOPS=3.056443 time=0.702608749 threads=8 validation=0
      schedule: static chunk=0
      workers: 0:cpu0:tiles16;1:cpu1:tiles16;2:cpu2:tiles16;3:cpu3:tiles16;4:cpu4:tiles16;5:cpu5:tiles16;6:cpu6:tiles16;7:cpu7:tiles16
    run 3: OK GOPS=3.079349 time=0.697382290 threads=8 validation=0
      schedule: static chunk=0
      workers: 0:cpu0:tiles16;1:cpu1:tiles16;2:cpu2:tiles16;3:cpu3:tiles16;4:cpu4:tiles16;5:cpu5:tiles16;6:cpu6:tiles16;7:cpu7:tiles16
    run 4: OK GOPS=3.012368 time=0.712888833 threads=8 validation=0
      schedule: static chunk=0
      workers: 0:cpu0:tiles16;1:cpu1:tiles16;2:cpu2:tiles16;3:cpu3:tiles16;4:cpu4:tiles16;5:cpu5:tiles16;6:cpu6:tiles16;7:cpu7:tiles16
    run 5: OK GOPS=2.985531 time=0.719296958 threads=8 validation=0
      schedule: static chunk=0
      workers: 0:cpu0:tiles16;1:cpu1:tiles16;2:cpu2:tiles16;3:cpu3:tiles16;4:cpu4:tiles16;5:cpu5:tiles16;6:cpu6:tiles16;7:cpu7:tiles16
    run 6: OK GOPS=3.030184 time=0.708697502 threads=8 validation=0
      schedule: static chunk=0
      workers: 0:cpu0:tiles16;1:cpu1:tiles16;2:cpu2:tiles16;3:cpu3:tiles16;4:cpu4:tiles16;5:cpu5:tiles16;6:cpu6:tiles16;7:cpu7:tiles16
============================================================
KERNEL: igemm_kernel_8x8_zvl256b_lmul2_unroll8_i8i32
  MODE: K1 all-core RVV OpenMP baseline
  BASELINE: GEMM_RVV_FP32_INT8_8x8_Baseline
  FAMILY: RVV_IGEMM_INT8_I8I32_8x8
  PATH: INT8 RVV widening GEMM (INT8 x INT8 -> INT32)
  TILE: 8x8 ZVL=256b LMUL=2 UNROLL=8
  WORK: M=1024 N=1024 K=1024 tile_N=8 runs=6
  CORES: cores 0-7 execute RVV kernels
  INPUT_CONTRACT: CANONICAL_FULL_MATRIX
PRIMARY_SOURCE=/home/bananapi/MAT/kernels riscv rvv 1.0/FINAL/riscv-rvv-ime-gemm-microkernels-updated/GEMM_RVV_FP32_INT8_8x8_Baseline/RVV_IGEMM_INT8_I8I32_8x8/igemm_kernel_8x8_zvl256b_lmul2_unroll8/igemm_kernel_8x8_zvl256b_lmul2_unroll8_i8i32.c
    run 1: OK GOPS=3.509888 time=0.611838251 threads=8 validation=1
      schedule: static chunk=0
      workers: 0:cpu0:tiles16;1:cpu1:tiles16;2:cpu2:tiles16;3:cpu3:tiles16;4:cpu4:tiles16;5:cpu5:tiles16;6:cpu6:tiles16;7:cpu7:tiles16
    run 2: OK GOPS=3.602330 time=0.596137416 threads=8 validation=0
      schedule: static chunk=0
      workers: 0:cpu0:tiles16;1:cpu1:tiles16;2:cpu2:tiles16;3:cpu3:tiles16;4:cpu4:tiles16;5:cpu5:tiles16;6:cpu6:tiles16;7:cpu7:tiles16
    run 3: OK GOPS=3.508562 time=0.612069543 threads=8 validation=0
      schedule: static chunk=0
      workers: 0:cpu0:tiles16;1:cpu1:tiles16;2:cpu2:tiles16;3:cpu3:tiles16;4:cpu4:tiles16;5:cpu5:tiles16;6:cpu6:tiles16;7:cpu7:tiles16
    run 4: OK GOPS=3.475783 time=0.617841624 threads=8 validation=0
      schedule: static chunk=0
      workers: 0:cpu0:tiles16;1:cpu1:tiles16;2:cpu2:tiles16;3:cpu3:tiles16;4:cpu4:tiles16;5:cpu5:tiles16;6:cpu6:tiles16;7:cpu7:tiles16
    run 5: OK GOPS=3.500068 time=0.613554750 threads=8 validation=0
      schedule: static chunk=0
      workers: 0:cpu0:tiles16;1:cpu1:tiles16;2:cpu2:tiles16;3:cpu3:tiles16;4:cpu4:tiles16;5:cpu5:tiles16;6:cpu6:tiles16;7:cpu7:tiles16
    run 6: OK GOPS=3.539402 time=0.606736209 threads=8 validation=0
      schedule: static chunk=0
      workers: 0:cpu0:tiles16;1:cpu1:tiles16;2:cpu2:tiles16;3:cpu3:tiles16;4:cpu4:tiles16;5:cpu5:tiles16;6:cpu6:tiles16;7:cpu7:tiles16
============================================================
KERNEL: igemm_kernel_8x8_zvl256b_lmulmf2_unroll1_i8i32
  MODE: K1 all-core RVV OpenMP baseline
  BASELINE: GEMM_RVV_FP32_INT8_8x8_Baseline
  FAMILY: RVV_IGEMM_INT8_I8I32_8x8
  PATH: INT8 RVV widening GEMM (INT8 x INT8 -> INT32)
  TILE: 8x8 ZVL=256b LMUL=mf2 UNROLL=1
  WORK: M=1024 N=1024 K=1024 tile_N=8 runs=6
  CORES: cores 0-7 execute RVV kernels
  INPUT_CONTRACT: CANONICAL_FULL_MATRIX
PRIMARY_SOURCE=/home/bananapi/MAT/kernels riscv rvv 1.0/FINAL/riscv-rvv-ime-gemm-microkernels-updated/GEMM_RVV_FP32_INT8_8x8_Baseline/RVV_IGEMM_INT8_I8I32_8x8/igemm_kernel_8x8_zvl256b_lmulmf2_unroll1/igemm_kernel_8x8_zvl256b_lmulmf2_unroll1_i8i32.c
    run 1: OK GOPS=10.185876 time=0.210829541 threads=8 validation=1
      schedule: static chunk=0
      workers: 0:cpu0:tiles16;1:cpu1:tiles16;2:cpu2:tiles16;3:cpu3:tiles16;4:cpu4:tiles16;5:cpu5:tiles16;6:cpu6:tiles16;7:cpu7:tiles16
    run 2: OK GOPS=10.650316 time=0.201635666 threads=8 validation=0
      schedule: static chunk=0
      workers: 0:cpu0:tiles16;1:cpu1:tiles16;2:cpu2:tiles16;3:cpu3:tiles16;4:cpu4:tiles16;5:cpu5:tiles16;6:cpu6:tiles16;7:cpu7:tiles16
    run 3: OK GOPS=9.883172 time=0.217286874 threads=8 validation=0
      schedule: static chunk=0
      workers: 0:cpu0:tiles16;1:cpu1:tiles16;2:cpu2:tiles16;3:cpu3:tiles16;4:cpu4:tiles16;5:cpu5:tiles16;6:cpu6:tiles16;7:cpu7:tiles16
    run 4: OK GOPS=10.088728 time=0.212859709 threads=8 validation=0
      schedule: static chunk=0
      workers: 0:cpu0:tiles16;1:cpu1:tiles16;2:cpu2:tiles16;3:cpu3:tiles16;4:cpu4:tiles16;5:cpu5:tiles16;6:cpu6:tiles16;7:cpu7:tiles16
    run 5: OK GOPS=10.481143 time=0.204890210 threads=8 validation=0
      schedule: static chunk=0
      workers: 0:cpu0:tiles16;1:cpu1:tiles16;2:cpu2:tiles16;3:cpu3:tiles16;4:cpu4:tiles16;5:cpu5:tiles16;6:cpu6:tiles16;7:cpu7:tiles16
    run 6: OK GOPS=10.273679 time=0.209027711 threads=8 validation=0
      schedule: static chunk=0
      workers: 0:cpu0:tiles16;1:cpu1:tiles16;2:cpu2:tiles16;3:cpu3:tiles16;4:cpu4:tiles16;5:cpu5:tiles16;6:cpu6:tiles16;7:cpu7:tiles16
============================================================
KERNEL: igemm_kernel_8x8_zvl256b_lmulmf2_unroll2_i8i32
  MODE: K1 all-core RVV OpenMP baseline
  BASELINE: GEMM_RVV_FP32_INT8_8x8_Baseline
  FAMILY: RVV_IGEMM_INT8_I8I32_8x8
  PATH: INT8 RVV widening GEMM (INT8 x INT8 -> INT32)
  TILE: 8x8 ZVL=256b LMUL=mf2 UNROLL=2
  WORK: M=1024 N=1024 K=1024 tile_N=8 runs=6
  CORES: cores 0-7 execute RVV kernels
  INPUT_CONTRACT: CANONICAL_FULL_MATRIX
PRIMARY_SOURCE=/home/bananapi/MAT/kernels riscv rvv 1.0/FINAL/riscv-rvv-ime-gemm-microkernels-updated/GEMM_RVV_FP32_INT8_8x8_Baseline/RVV_IGEMM_INT8_I8I32_8x8/igemm_kernel_8x8_zvl256b_lmulmf2_unroll2/igemm_kernel_8x8_zvl256b_lmulmf2_unroll2_i8i32.c
    run 1: OK GOPS=10.416265 time=0.206166379 threads=8 validation=1
      schedule: static chunk=0
      workers: 0:cpu0:tiles16;1:cpu1:tiles16;2:cpu2:tiles16;3:cpu3:tiles16;4:cpu4:tiles16;5:cpu5:tiles16;6:cpu6:tiles16;7:cpu7:tiles16
    run 2: OK GOPS=10.827241 time=0.198340792 threads=8 validation=0
      schedule: static chunk=0
      workers: 0:cpu0:tiles16;1:cpu1:tiles16;2:cpu2:tiles16;3:cpu3:tiles16;4:cpu4:tiles16;5:cpu5:tiles16;6:cpu6:tiles16;7:cpu7:tiles16
    run 3: OK GOPS=10.269859 time=0.209105458 threads=8 validation=0
      schedule: static chunk=0
      workers: 0:cpu0:tiles16;1:cpu1:tiles16;2:cpu2:tiles16;3:cpu3:tiles16;4:cpu4:tiles16;5:cpu5:tiles16;6:cpu6:tiles16;7:cpu7:tiles16
    run 4: OK GOPS=10.410923 time=0.206272166 threads=8 validation=0
      schedule: static chunk=0
      workers: 0:cpu0:tiles16;1:cpu1:tiles16;2:cpu2:tiles16;3:cpu3:tiles16;4:cpu4:tiles16;5:cpu5:tiles16;6:cpu6:tiles16;7:cpu7:tiles16
    run 5: OK GOPS=10.356356 time=0.207358997 threads=8 validation=0
      schedule: static chunk=0
      workers: 0:cpu0:tiles16;1:cpu1:tiles16;2:cpu2:tiles16;3:cpu3:tiles16;4:cpu4:tiles16;5:cpu5:tiles16;6:cpu6:tiles16;7:cpu7:tiles16
    run 6: OK GOPS=10.133890 time=0.211911082 threads=8 validation=0
      schedule: static chunk=0
      workers: 0:cpu0:tiles16;1:cpu1:tiles16;2:cpu2:tiles16;3:cpu3:tiles16;4:cpu4:tiles16;5:cpu5:tiles16;6:cpu6:tiles16;7:cpu7:tiles16
============================================================
KERNEL: igemm_kernel_8x8_zvl256b_lmulmf2_unroll4_i8i32
  MODE: K1 all-core RVV OpenMP baseline
  BASELINE: GEMM_RVV_FP32_INT8_8x8_Baseline
  FAMILY: RVV_IGEMM_INT8_I8I32_8x8
  PATH: INT8 RVV widening GEMM (INT8 x INT8 -> INT32)
  TILE: 8x8 ZVL=256b LMUL=mf2 UNROLL=4
  WORK: M=1024 N=1024 K=1024 tile_N=8 runs=6
  CORES: cores 0-7 execute RVV kernels
  INPUT_CONTRACT: CANONICAL_FULL_MATRIX
PRIMARY_SOURCE=/home/bananapi/MAT/kernels riscv rvv 1.0/FINAL/riscv-rvv-ime-gemm-microkernels-updated/GEMM_RVV_FP32_INT8_8x8_Baseline/RVV_IGEMM_INT8_I8I32_8x8/igemm_kernel_8x8_zvl256b_lmulmf2_unroll4/igemm_kernel_8x8_zvl256b_lmulmf2_unroll4_i8i32.c
    run 1: OK GOPS=9.873991 time=0.217488915 threads=8 validation=1
      schedule: static chunk=0
      workers: 0:cpu0:tiles16;1:cpu1:tiles16;2:cpu2:tiles16;3:cpu3:tiles16;4:cpu4:tiles16;5:cpu5:tiles16;6:cpu6:tiles16;7:cpu7:tiles16
    run 2: OK GOPS=10.243751 time=0.209638417 threads=8 validation=0
      schedule: static chunk=0
      workers: 0:cpu0:tiles16;1:cpu1:tiles16;2:cpu2:tiles16;3:cpu3:tiles16;4:cpu4:tiles16;5:cpu5:tiles16;6:cpu6:tiles16;7:cpu7:tiles16
    run 3: OK GOPS=10.230781 time=0.209904168 threads=8 validation=0
      schedule: static chunk=0
      workers: 0:cpu0:tiles16;1:cpu1:tiles16;2:cpu2:tiles16;3:cpu3:tiles16;4:cpu4:tiles16;5:cpu5:tiles16;6:cpu6:tiles16;7:cpu7:tiles16
    run 4: OK GOPS=10.148489 time=0.211606253 threads=8 validation=0
      schedule: static chunk=0
      workers: 0:cpu0:tiles16;1:cpu1:tiles16;2:cpu2:tiles16;3:cpu3:tiles16;4:cpu4:tiles16;5:cpu5:tiles16;6:cpu6:tiles16;7:cpu7:tiles16
    run 5: OK GOPS=10.577524 time=0.203023292 threads=8 validation=0
      schedule: static chunk=0
      workers: 0:cpu0:tiles16;1:cpu1:tiles16;2:cpu2:tiles16;3:cpu3:tiles16;4:cpu4:tiles16;5:cpu5:tiles16;6:cpu6:tiles16;7:cpu7:tiles16
    run 6: OK GOPS=10.613823 time=0.202328958 threads=8 validation=0
      schedule: static chunk=0
      workers: 0:cpu0:tiles16;1:cpu1:tiles16;2:cpu2:tiles16;3:cpu3:tiles16;4:cpu4:tiles16;5:cpu5:tiles16;6:cpu6:tiles16;7:cpu7:tiles16
============================================================
KERNEL: igemm_kernel_8x8_zvl256b_lmulmf2_unroll8_i8i32
  MODE: K1 all-core RVV OpenMP baseline
  BASELINE: GEMM_RVV_FP32_INT8_8x8_Baseline
  FAMILY: RVV_IGEMM_INT8_I8I32_8x8
  PATH: INT8 RVV widening GEMM (INT8 x INT8 -> INT32)
  TILE: 8x8 ZVL=256b LMUL=mf2 UNROLL=8
  WORK: M=1024 N=1024 K=1024 tile_N=8 runs=6
  CORES: cores 0-7 execute RVV kernels
  INPUT_CONTRACT: CANONICAL_FULL_MATRIX
PRIMARY_SOURCE=/home/bananapi/MAT/kernels riscv rvv 1.0/FINAL/riscv-rvv-ime-gemm-microkernels-updated/GEMM_RVV_FP32_INT8_8x8_Baseline/RVV_IGEMM_INT8_I8I32_8x8/igemm_kernel_8x8_zvl256b_lmulmf2_unroll8/igemm_kernel_8x8_zvl256b_lmulmf2_unroll8_i8i32.c
    run 1: OK GOPS=8.607990 time=0.249475624 threads=8 validation=1
      schedule: static chunk=0
      workers: 0:cpu0:tiles16;1:cpu1:tiles16;2:cpu2:tiles16;3:cpu3:tiles16;4:cpu4:tiles16;5:cpu5:tiles16;6:cpu6:tiles16;7:cpu7:tiles16
    run 2: OK GOPS=9.007755 time=0.238403875 threads=8 validation=0
      schedule: static chunk=0
      workers: 0:cpu0:tiles16;1:cpu1:tiles16;2:cpu2:tiles16;3:cpu3:tiles16;4:cpu4:tiles16;5:cpu5:tiles16;6:cpu6:tiles16;7:cpu7:tiles16
    run 3: OK GOPS=10.593425 time=0.202718545 threads=8 validation=0
      schedule: static chunk=0
      workers: 0:cpu0:tiles16;1:cpu1:tiles16;2:cpu2:tiles16;3:cpu3:tiles16;4:cpu4:tiles16;5:cpu5:tiles16;6:cpu6:tiles16;7:cpu7:tiles16
    run 4: OK GOPS=10.566927 time=0.203226876 threads=8 validation=0
      schedule: static chunk=0
      workers: 0:cpu0:tiles16;1:cpu1:tiles16;2:cpu2:tiles16;3:cpu3:tiles16;4:cpu4:tiles16;5:cpu5:tiles16;6:cpu6:tiles16;7:cpu7:tiles16
    run 5: OK GOPS=10.729903 time=0.200140081 threads=8 validation=0
      schedule: static chunk=0
      workers: 0:cpu0:tiles16;1:cpu1:tiles16;2:cpu2:tiles16;3:cpu3:tiles16;4:cpu4:tiles16;5:cpu5:tiles16;6:cpu6:tiles16;7:cpu7:tiles16
    run 6: OK GOPS=10.681011 time=0.201056208 threads=8 validation=0
      schedule: static chunk=0
      workers: 0:cpu0:tiles16;1:cpu1:tiles16;2:cpu2:tiles16;3:cpu3:tiles16;4:cpu4:tiles16;5:cpu5:tiles16;6:cpu6:tiles16;7:cpu7:tiles16
============================================================
KERNEL: igemm_kernel_8x8_zvl256b_lmulmf4_unroll1_i8i32
  MODE: K1 all-core RVV OpenMP baseline
  BASELINE: GEMM_RVV_FP32_INT8_8x8_Baseline
  FAMILY: RVV_IGEMM_INT8_I8I32_8x8
  PATH: INT8 RVV widening GEMM (INT8 x INT8 -> INT32)
  TILE: 8x8 ZVL=256b LMUL=mf4 UNROLL=1
  WORK: M=1024 N=1024 K=1024 tile_N=8 runs=6
  CORES: cores 0-7 execute RVV kernels
  INPUT_CONTRACT: CANONICAL_FULL_MATRIX
PRIMARY_SOURCE=/home/bananapi/MAT/kernels riscv rvv 1.0/FINAL/riscv-rvv-ime-gemm-microkernels-updated/GEMM_RVV_FP32_INT8_8x8_Baseline/RVV_IGEMM_INT8_I8I32_8x8/igemm_kernel_8x8_zvl256b_lmulmf4_unroll1/igemm_kernel_8x8_zvl256b_lmulmf4_unroll1_i8i32.c
    run 1: OK GOPS=10.115836 time=0.212289292 threads=8 validation=1
      schedule: static chunk=0
      workers: 0:cpu0:tiles16;1:cpu1:tiles16;2:cpu2:tiles16;3:cpu3:tiles16;4:cpu4:tiles16;5:cpu5:tiles16;6:cpu6:tiles16;7:cpu7:tiles16
    run 2: OK GOPS=10.457595 time=0.205351584 threads=8 validation=0
      schedule: static chunk=0
      workers: 0:cpu0:tiles16;1:cpu1:tiles16;2:cpu2:tiles16;3:cpu3:tiles16;4:cpu4:tiles16;5:cpu5:tiles16;6:cpu6:tiles16;7:cpu7:tiles16
    run 3: OK GOPS=10.247857 time=0.209554419 threads=8 validation=0
      schedule: static chunk=0
      workers: 0:cpu0:tiles16;1:cpu1:tiles16;2:cpu2:tiles16;3:cpu3:tiles16;4:cpu4:tiles16;5:cpu5:tiles16;6:cpu6:tiles16;7:cpu7:tiles16
    run 4: OK GOPS=10.746087 time=0.199838668 threads=8 validation=0
      schedule: static chunk=0
      workers: 0:cpu0:tiles16;1:cpu1:tiles16;2:cpu2:tiles16;3:cpu3:tiles16;4:cpu4:tiles16;5:cpu5:tiles16;6:cpu6:tiles16;7:cpu7:tiles16
    run 5: OK GOPS=10.137554 time=0.211834498 threads=8 validation=0
      schedule: static chunk=0
      workers: 0:cpu0:tiles16;1:cpu1:tiles16;2:cpu2:tiles16;3:cpu3:tiles16;4:cpu4:tiles16;5:cpu5:tiles16;6:cpu6:tiles16;7:cpu7:tiles16
    run 6: OK GOPS=10.615259 time=0.202301584 threads=8 validation=0
      schedule: static chunk=0
      workers: 0:cpu0:tiles16;1:cpu1:tiles16;2:cpu2:tiles16;3:cpu3:tiles16;4:cpu4:tiles16;5:cpu5:tiles16;6:cpu6:tiles16;7:cpu7:tiles16
============================================================
KERNEL: igemm_kernel_8x8_zvl256b_lmulmf4_unroll2_i8i32
  MODE: K1 all-core RVV OpenMP baseline
  BASELINE: GEMM_RVV_FP32_INT8_8x8_Baseline
  FAMILY: RVV_IGEMM_INT8_I8I32_8x8
  PATH: INT8 RVV widening GEMM (INT8 x INT8 -> INT32)
  TILE: 8x8 ZVL=256b LMUL=mf4 UNROLL=2
  WORK: M=1024 N=1024 K=1024 tile_N=8 runs=6
  CORES: cores 0-7 execute RVV kernels
  INPUT_CONTRACT: CANONICAL_FULL_MATRIX
PRIMARY_SOURCE=/home/bananapi/MAT/kernels riscv rvv 1.0/FINAL/riscv-rvv-ime-gemm-microkernels-updated/GEMM_RVV_FP32_INT8_8x8_Baseline/RVV_IGEMM_INT8_I8I32_8x8/igemm_kernel_8x8_zvl256b_lmulmf4_unroll2/igemm_kernel_8x8_zvl256b_lmulmf4_unroll2_i8i32.c
    run 1: OK GOPS=10.885973 time=0.197270710 threads=8 validation=1
      schedule: static chunk=0
      workers: 0:cpu0:tiles16;1:cpu1:tiles16;2:cpu2:tiles16;3:cpu3:tiles16;4:cpu4:tiles16;5:cpu5:tiles16;6:cpu6:tiles16;7:cpu7:tiles16
    run 2: OK GOPS=10.925598 time=0.196555249 threads=8 validation=0
      schedule: static chunk=0
      workers: 0:cpu0:tiles16;1:cpu1:tiles16;2:cpu2:tiles16;3:cpu3:tiles16;4:cpu4:tiles16;5:cpu5:tiles16;6:cpu6:tiles16;7:cpu7:tiles16
    run 3: OK GOPS=10.948391 time=0.196146041 threads=8 validation=0
      schedule: static chunk=0
      workers: 0:cpu0:tiles16;1:cpu1:tiles16;2:cpu2:tiles16;3:cpu3:tiles16;4:cpu4:tiles16;5:cpu5:tiles16;6:cpu6:tiles16;7:cpu7:tiles16
    run 4: OK GOPS=10.127962 time=0.212035123 threads=8 validation=0
      schedule: static chunk=0
      workers: 0:cpu0:tiles16;1:cpu1:tiles16;2:cpu2:tiles16;3:cpu3:tiles16;4:cpu4:tiles16;5:cpu5:tiles16;6:cpu6:tiles16;7:cpu7:tiles16
    run 5: OK GOPS=10.767453 time=0.199442126 threads=8 validation=0
      schedule: static chunk=0
      workers: 0:cpu0:tiles16;1:cpu1:tiles16;2:cpu2:tiles16;3:cpu3:tiles16;4:cpu4:tiles16;5:cpu5:tiles16;6:cpu6:tiles16;7:cpu7:tiles16
    run 6: OK GOPS=10.578181 time=0.203010667 threads=8 validation=0
      schedule: static chunk=0
      workers: 0:cpu0:tiles16;1:cpu1:tiles16;2:cpu2:tiles16;3:cpu3:tiles16;4:cpu4:tiles16;5:cpu5:tiles16;6:cpu6:tiles16;7:cpu7:tiles16
============================================================
KERNEL: igemm_kernel_8x8_zvl256b_lmulmf4_unroll4_i8i32
  MODE: K1 all-core RVV OpenMP baseline
  BASELINE: GEMM_RVV_FP32_INT8_8x8_Baseline
  FAMILY: RVV_IGEMM_INT8_I8I32_8x8
  PATH: INT8 RVV widening GEMM (INT8 x INT8 -> INT32)
  TILE: 8x8 ZVL=256b LMUL=mf4 UNROLL=4
  WORK: M=1024 N=1024 K=1024 tile_N=8 runs=6
  CORES: cores 0-7 execute RVV kernels
  INPUT_CONTRACT: CANONICAL_FULL_MATRIX
PRIMARY_SOURCE=/home/bananapi/MAT/kernels riscv rvv 1.0/FINAL/riscv-rvv-ime-gemm-microkernels-updated/GEMM_RVV_FP32_INT8_8x8_Baseline/RVV_IGEMM_INT8_I8I32_8x8/igemm_kernel_8x8_zvl256b_lmulmf4_unroll4/igemm_kernel_8x8_zvl256b_lmulmf4_unroll4_i8i32.c
    run 1: OK GOPS=8.689988 time=0.247121584 threads=8 validation=1
      schedule: static chunk=0
      workers: 0:cpu0:tiles16;1:cpu1:tiles16;2:cpu2:tiles16;3:cpu3:tiles16;4:cpu4:tiles16;5:cpu5:tiles16;6:cpu6:tiles16;7:cpu7:tiles16
    run 2: OK GOPS=9.161662 time=0.234398916 threads=8 validation=0
      schedule: static chunk=0
      workers: 0:cpu0:tiles16;1:cpu1:tiles16;2:cpu2:tiles16;3:cpu3:tiles16;4:cpu4:tiles16;5:cpu5:tiles16;6:cpu6:tiles16;7:cpu7:tiles16
    run 3: OK GOPS=9.383817 time=0.228849705 threads=8 validation=0
      schedule: static chunk=0
      workers: 0:cpu0:tiles16;1:cpu1:tiles16;2:cpu2:tiles16;3:cpu3:tiles16;4:cpu4:tiles16;5:cpu5:tiles16;6:cpu6:tiles16;7:cpu7:tiles16
    run 4: OK GOPS=9.492327 time=0.226233624 threads=8 validation=0
      schedule: static chunk=0
      workers: 0:cpu0:tiles16;1:cpu1:tiles16;2:cpu2:tiles16;3:cpu3:tiles16;4:cpu4:tiles16;5:cpu5:tiles16;6:cpu6:tiles16;7:cpu7:tiles16
    run 5: OK GOPS=9.247888 time=0.232213419 threads=8 validation=0
      schedule: static chunk=0
      workers: 0:cpu0:tiles16;1:cpu1:tiles16;2:cpu2:tiles16;3:cpu3:tiles16;4:cpu4:tiles16;5:cpu5:tiles16;6:cpu6:tiles16;7:cpu7:tiles16
    run 6: OK GOPS=10.185263 time=0.210842248 threads=8 validation=0
      schedule: static chunk=0
      workers: 0:cpu0:tiles16;1:cpu1:tiles16;2:cpu2:tiles16;3:cpu3:tiles16;4:cpu4:tiles16;5:cpu5:tiles16;6:cpu6:tiles16;7:cpu7:tiles16
============================================================
KERNEL: igemm_kernel_8x8_zvl256b_lmulmf4_unroll8_i8i32
  MODE: K1 all-core RVV OpenMP baseline
  BASELINE: GEMM_RVV_FP32_INT8_8x8_Baseline
  FAMILY: RVV_IGEMM_INT8_I8I32_8x8
  PATH: INT8 RVV widening GEMM (INT8 x INT8 -> INT32)
  TILE: 8x8 ZVL=256b LMUL=mf4 UNROLL=8
  WORK: M=1024 N=1024 K=1024 tile_N=8 runs=6
  CORES: cores 0-7 execute RVV kernels
  INPUT_CONTRACT: CANONICAL_FULL_MATRIX
PRIMARY_SOURCE=/home/bananapi/MAT/kernels riscv rvv 1.0/FINAL/riscv-rvv-ime-gemm-microkernels-updated/GEMM_RVV_FP32_INT8_8x8_Baseline/RVV_IGEMM_INT8_I8I32_8x8/igemm_kernel_8x8_zvl256b_lmulmf4_unroll8/igemm_kernel_8x8_zvl256b_lmulmf4_unroll8_i8i32.c
    run 1: OK GOPS=10.512887 time=0.204271544 threads=8 validation=1
      schedule: static chunk=0
      workers: 0:cpu0:tiles16;1:cpu1:tiles16;2:cpu2:tiles16;3:cpu3:tiles16;4:cpu4:tiles16;5:cpu5:tiles16;6:cpu6:tiles16;7:cpu7:tiles16
    run 2: OK GOPS=10.031455 time=0.214074999 threads=8 validation=0
      schedule: static chunk=0
      workers: 0:cpu0:tiles16;1:cpu1:tiles16;2:cpu2:tiles16;3:cpu3:tiles16;4:cpu4:tiles16;5:cpu5:tiles16;6:cpu6:tiles16;7:cpu7:tiles16
    run 3: OK GOPS=10.642478 time=0.201784167 threads=8 validation=0
      schedule: static chunk=0
      workers: 0:cpu0:tiles16;1:cpu1:tiles16;2:cpu2:tiles16;3:cpu3:tiles16;4:cpu4:tiles16;5:cpu5:tiles16;6:cpu6:tiles16;7:cpu7:tiles16
    run 4: OK GOPS=10.595320 time=0.202682290 threads=8 validation=0
      schedule: static chunk=0
      workers: 0:cpu0:tiles16;1:cpu1:tiles16;2:cpu2:tiles16;3:cpu3:tiles16;4:cpu4:tiles16;5:cpu5:tiles16;6:cpu6:tiles16;7:cpu7:tiles16
    run 5: OK GOPS=10.822765 time=0.198422834 threads=8 validation=0
      schedule: static chunk=0
      workers: 0:cpu0:tiles16;1:cpu1:tiles16;2:cpu2:tiles16;3:cpu3:tiles16;4:cpu4:tiles16;5:cpu5:tiles16;6:cpu6:tiles16;7:cpu7:tiles16
    run 6: OK GOPS=10.585599 time=0.202868417 threads=8 validation=0
      schedule: static chunk=0
      workers: 0:cpu0:tiles16;1:cpu1:tiles16;2:cpu2:tiles16;3:cpu3:tiles16;4:cpu4:tiles16;5:cpu5:tiles16;6:cpu6:tiles16;7:cpu7:tiles16
SKIP_UNSUPPORTED_KERNEL=igemm_kernel_8x4_zvl256b_lmul1_unroll1_i8i32; reason=duplicate INT8 source; canonical tree is GEMM_RVV_FP32_INT8_*
SKIP_UNSUPPORTED_KERNEL=igemm_kernel_8x4_zvl256b_lmul1_unroll2_i8i32; reason=duplicate INT8 source; canonical tree is GEMM_RVV_FP32_INT8_*
SKIP_UNSUPPORTED_KERNEL=igemm_kernel_8x4_zvl256b_lmul1_unroll4_i8i32; reason=duplicate INT8 source; canonical tree is GEMM_RVV_FP32_INT8_*
SKIP_UNSUPPORTED_KERNEL=igemm_kernel_8x4_zvl256b_lmul1_unroll8_i8i32; reason=duplicate INT8 source; canonical tree is GEMM_RVV_FP32_INT8_*
SKIP_UNSUPPORTED_KERNEL=igemm_kernel_8x4_zvl256b_lmul2_unroll1_i8i32; reason=duplicate INT8 source; canonical tree is GEMM_RVV_FP32_INT8_*
SKIP_UNSUPPORTED_KERNEL=igemm_kernel_8x4_zvl256b_lmul2_unroll2_i8i32; reason=duplicate INT8 source; canonical tree is GEMM_RVV_FP32_INT8_*
SKIP_UNSUPPORTED_KERNEL=igemm_kernel_8x4_zvl256b_lmul2_unroll4_i8i32; reason=duplicate INT8 source; canonical tree is GEMM_RVV_FP32_INT8_*
SKIP_UNSUPPORTED_KERNEL=igemm_kernel_8x4_zvl256b_lmul2_unroll8_i8i32; reason=duplicate INT8 source; canonical tree is GEMM_RVV_FP32_INT8_*
SKIP_UNSUPPORTED_KERNEL=igemm_kernel_8x4_zvl256b_lmulmf2_unroll1_i8i32; reason=duplicate INT8 source; canonical tree is GEMM_RVV_FP32_INT8_*
SKIP_UNSUPPORTED_KERNEL=igemm_kernel_8x4_zvl256b_lmulmf2_unroll2_i8i32; reason=duplicate INT8 source; canonical tree is GEMM_RVV_FP32_INT8_*
SKIP_UNSUPPORTED_KERNEL=igemm_kernel_8x4_zvl256b_lmulmf2_unroll4_i8i32; reason=duplicate INT8 source; canonical tree is GEMM_RVV_FP32_INT8_*
SKIP_UNSUPPORTED_KERNEL=igemm_kernel_8x4_zvl256b_lmulmf2_unroll8_i8i32; reason=duplicate INT8 source; canonical tree is GEMM_RVV_FP32_INT8_*
SKIP_UNSUPPORTED_KERNEL=igemm_kernel_8x4_zvl256b_lmulmf4_unroll1_i8i32; reason=duplicate INT8 source; canonical tree is GEMM_RVV_FP32_INT8_*
SKIP_UNSUPPORTED_KERNEL=igemm_kernel_8x4_zvl256b_lmulmf4_unroll2_i8i32; reason=duplicate INT8 source; canonical tree is GEMM_RVV_FP32_INT8_*
SKIP_UNSUPPORTED_KERNEL=igemm_kernel_8x4_zvl256b_lmulmf4_unroll4_i8i32; reason=duplicate INT8 source; canonical tree is GEMM_RVV_FP32_INT8_*
SKIP_UNSUPPORTED_KERNEL=igemm_kernel_8x4_zvl256b_lmulmf4_unroll8_i8i32; reason=duplicate INT8 source; canonical tree is GEMM_RVV_FP32_INT8_*
SKIP_UNSUPPORTED_KERNEL=igemm_kernel_8x4_zvl256b_lmulmf8_unroll1_i8i32; reason=duplicate INT8 source; canonical tree is GEMM_RVV_FP32_INT8_*
SKIP_UNSUPPORTED_KERNEL=igemm_kernel_8x4_zvl256b_lmulmf8_unroll2_i8i32; reason=duplicate INT8 source; canonical tree is GEMM_RVV_FP32_INT8_*
SKIP_UNSUPPORTED_KERNEL=igemm_kernel_8x4_zvl256b_lmulmf8_unroll4_i8i32; reason=duplicate INT8 source; canonical tree is GEMM_RVV_FP32_INT8_*
SKIP_UNSUPPORTED_KERNEL=igemm_kernel_8x4_zvl256b_lmulmf8_unroll8_i8i32; reason=duplicate INT8 source; canonical tree is GEMM_RVV_FP32_INT8_*
SKIP_UNSUPPORTED_KERNEL=igemm_kernel_8x8_zvl256b_lmul1_unroll1_i8i32; reason=duplicate INT8 source; canonical tree is GEMM_RVV_FP32_INT8_*
SKIP_UNSUPPORTED_KERNEL=igemm_kernel_8x8_zvl256b_lmul1_unroll2_i8i32; reason=duplicate INT8 source; canonical tree is GEMM_RVV_FP32_INT8_*
SKIP_UNSUPPORTED_KERNEL=igemm_kernel_8x8_zvl256b_lmul1_unroll4_i8i32; reason=duplicate INT8 source; canonical tree is GEMM_RVV_FP32_INT8_*
SKIP_UNSUPPORTED_KERNEL=igemm_kernel_8x8_zvl256b_lmul1_unroll8_i8i32; reason=duplicate INT8 source; canonical tree is GEMM_RVV_FP32_INT8_*
SKIP_UNSUPPORTED_KERNEL=igemm_kernel_8x8_zvl256b_lmul2_unroll1_i8i32; reason=duplicate INT8 source; canonical tree is GEMM_RVV_FP32_INT8_*
SKIP_UNSUPPORTED_KERNEL=igemm_kernel_8x8_zvl256b_lmul2_unroll2_i8i32; reason=duplicate INT8 source; canonical tree is GEMM_RVV_FP32_INT8_*
SKIP_UNSUPPORTED_KERNEL=igemm_kernel_8x8_zvl256b_lmul2_unroll4_i8i32; reason=duplicate INT8 source; canonical tree is GEMM_RVV_FP32_INT8_*
SKIP_UNSUPPORTED_KERNEL=igemm_kernel_8x8_zvl256b_lmul2_unroll8_i8i32; reason=duplicate INT8 source; canonical tree is GEMM_RVV_FP32_INT8_*
SKIP_UNSUPPORTED_KERNEL=igemm_kernel_8x8_zvl256b_lmulmf2_unroll1_i8i32; reason=duplicate INT8 source; canonical tree is GEMM_RVV_FP32_INT8_*
SKIP_UNSUPPORTED_KERNEL=igemm_kernel_8x8_zvl256b_lmulmf2_unroll2_i8i32; reason=duplicate INT8 source; canonical tree is GEMM_RVV_FP32_INT8_*
SKIP_UNSUPPORTED_KERNEL=igemm_kernel_8x8_zvl256b_lmulmf2_unroll4_i8i32; reason=duplicate INT8 source; canonical tree is GEMM_RVV_FP32_INT8_*
SKIP_UNSUPPORTED_KERNEL=igemm_kernel_8x8_zvl256b_lmulmf2_unroll8_i8i32; reason=duplicate INT8 source; canonical tree is GEMM_RVV_FP32_INT8_*
SKIP_UNSUPPORTED_KERNEL=igemm_kernel_8x8_zvl256b_lmulmf4_unroll1_i8i32; reason=duplicate INT8 source; canonical tree is GEMM_RVV_FP32_INT8_*
SKIP_UNSUPPORTED_KERNEL=igemm_kernel_8x8_zvl256b_lmulmf4_unroll2_i8i32; reason=duplicate INT8 source; canonical tree is GEMM_RVV_FP32_INT8_*
SKIP_UNSUPPORTED_KERNEL=igemm_kernel_8x8_zvl256b_lmulmf4_unroll4_i8i32; reason=duplicate INT8 source; canonical tree is GEMM_RVV_FP32_INT8_*
SKIP_UNSUPPORTED_KERNEL=igemm_kernel_8x8_zvl256b_lmulmf4_unroll8_i8i32; reason=duplicate INT8 source; canonical tree is GEMM_RVV_FP32_INT8_*
============================================================
DONE status=OK
kernels_built=36
ok_runs=216
failed_runs=0
build_failed=0
Raw CSV: /home/bananapi/MAT/kernels riscv rvv 1.0/FINAL/riscv-rvv-ime-gemm-microkernels-updated/HETEROGENEOUS_RVV_IME_OPENMP_GEMM/results/openmp_results_k1-rvv_1024_20260904_113101/openmp_raw_k1-rvv_1024_runs6_20260904_113101.csv
Summary CSV: /home/bananapi/MAT/kernels riscv rvv 1.0/FINAL/riscv-rvv-ime-gemm-microkernels-updated/HETEROGENEOUS_RVV_IME_OPENMP_GEMM/results/openmp_results_k1-rvv_1024_20260904_113101/openmp_summary_k1-rvv_1024_runs6_20260904_113101.csv
Latest raw CSV: /home/bananapi/MAT/kernels riscv rvv 1.0/FINAL/riscv-rvv-ime-gemm-microkernels-updated/HETEROGENEOUS_RVV_IME_OPENMP_GEMM/results/openmp_raw_latest_k1-rvv.csv
Latest summary CSV: /home/bananapi/MAT/kernels riscv rvv 1.0/FINAL/riscv-rvv-ime-gemm-microkernels-updated/HETEROGENEOUS_RVV_IME_OPENMP_GEMM/results/openmp_summary_latest_k1-rvv.csv
Latest live log: /home/bananapi/MAT/kernels riscv rvv 1.0/FINAL/riscv-rvv-ime-gemm-microkernels-updated/HETEROGENEOUS_RVV_IME_OPENMP_GEMM/results/openmp_live_latest_k1-rvv.log
Raw logs: /home/bananapi/MAT/kernels riscv rvv 1.0/FINAL/riscv-rvv-ime-gemm-microkernels-updated/HETEROGENEOUS_RVV_IME_OPENMP_GEMM/results/openmp_results_k1-rvv_1024_20260904_113101/raw_logs
============================================================
CASE_RESULT=OK
============================================================
CASE series=IME tile_N=8 mode=k1-ime threads=4 M=1024 N=1024 K=1024 tile_N=8 schedule=static chunk=1 kernel=*
OpenMP all-kernel tiled GEMM campaign
MODE=k1-ime (K1 IME-cluster OpenMP baseline) M=1024 N=1024 K=1024 tile_N=8 RUNS=6
CORE_PLAN=cores 0-3 execute native IME kernels
PROJECT_ROOT=/home/bananapi/MAT/kernels riscv rvv 1.0/FINAL/riscv-rvv-ime-gemm-microkernels-updated
RESULT_DIR=/home/bananapi/MAT/kernels riscv rvv 1.0/FINAL/riscv-rvv-ime-gemm-microkernels-updated/HETEROGENEOUS_RVV_IME_OPENMP_GEMM/results/openmp_results_k1-ime_1024_20260904_115516
COMPILER=gcc (Bianbu 14.2.0-4ubuntu2~24.04bb1) 14.2.0
BUILD_FLAGS=-O3 -std=c11 -Wall -Wextra -Wno-unknown-pragmas -fopenmp -march=rv64gcv_zvl256b -mabi=lp64d
OMP_NUM_THREADS=4 OMP_PROC_BIND=close OMP_PLACES=cores OMP_DYNAMIC=false OMP_MAX_ACTIVE_LEVELS=2
TILE_SCHEDULE=static DYNAMIC_CHUNK=1
GEMM_VALIDATE=1 VALIDATE_EACH_RUN=0 GEMM_WARMUP=1 ENABLE_MF2=0 BUILD_ONLY=0 ZVL_FILTER=256b KERNEL_FILTER=* KIND_FILTER=INT8_IME PERF_STAT=0 STATIC_IME_WEIGHT=4 STATIC_RVV_WEIGHT=1
Cpus_allowed_list:	0-7
MEMORY_NODES_ONLINE=not_exposed
CLUSTER_PLACEMENT=exact_core_affinity; contiguous_output_ownership
============================================================
KERNEL: ime_kernel_8x4_zvl256b_lmul1_unroll1
  MODE: K1 IME-cluster OpenMP baseline
  BASELINE: IME_NATIVE_KERNELS
  FAMILY: IME_GEMM_INT8_I8I32_8x4_NATIVE
  PATH: INT8 native IME GEMM (INT8 x INT8 -> INT32)
  TILE: 8x4 ZVL=256b LMUL=1 UNROLL=1
  WORK: M=1024 N=1024 K=1024 tile_N=8 runs=6
  CORES: cores 0-3 execute native IME kernels
  INPUT_CONTRACT: IME_FULL_K_MAJOR
PRIMARY_SOURCE=/home/bananapi/MAT/kernels riscv rvv 1.0/FINAL/riscv-rvv-ime-gemm-microkernels-updated/IME_NATIVE_KERNELS/IME_GEMM_INT8_I8I32_8x4_NATIVE/ime_kernel_8x4_zvl256b_lmul1_unroll1/ime_kernel_8x4_zvl256b_lmul1_unroll1.c
    run 1: OK GOPS=5.567537 time=0.385715209 threads=4 validation=1
      schedule: static chunk=0
      workers: 0:cpu0:tiles32;1:cpu1:tiles32;2:cpu2:tiles32;3:cpu3:tiles32
    run 2: OK GOPS=5.635777 time=0.381044794 threads=4 validation=0
      schedule: static chunk=0
      workers: 0:cpu0:tiles32;1:cpu1:tiles32;2:cpu2:tiles32;3:cpu3:tiles32
    run 3: OK GOPS=5.744162 time=0.373855002 threads=4 validation=0
      schedule: static chunk=0
      workers: 0:cpu0:tiles32;1:cpu1:tiles32;2:cpu2:tiles32;3:cpu3:tiles32
    run 4: OK GOPS=4.984651 time=0.430819292 threads=4 validation=0
      schedule: static chunk=0
      workers: 0:cpu0:tiles32;1:cpu1:tiles32;2:cpu2:tiles32;3:cpu3:tiles32
    run 5: OK GOPS=5.032344 time=0.426736251 threads=4 validation=0
      schedule: static chunk=0
      workers: 0:cpu0:tiles32;1:cpu1:tiles32;2:cpu2:tiles32;3:cpu3:tiles32
    run 6: OK GOPS=5.554949 time=0.386589251 threads=4 validation=0
      schedule: static chunk=0
      workers: 0:cpu0:tiles32;1:cpu1:tiles32;2:cpu2:tiles32;3:cpu3:tiles32
============================================================
KERNEL: ime_kernel_8x4_zvl256b_lmul1_unroll2
  MODE: K1 IME-cluster OpenMP baseline
  BASELINE: IME_NATIVE_KERNELS
  FAMILY: IME_GEMM_INT8_I8I32_8x4_NATIVE
  PATH: INT8 native IME GEMM (INT8 x INT8 -> INT32)
  TILE: 8x4 ZVL=256b LMUL=1 UNROLL=2
  WORK: M=1024 N=1024 K=1024 tile_N=8 runs=6
  CORES: cores 0-3 execute native IME kernels
  INPUT_CONTRACT: IME_FULL_K_MAJOR
PRIMARY_SOURCE=/home/bananapi/MAT/kernels riscv rvv 1.0/FINAL/riscv-rvv-ime-gemm-microkernels-updated/IME_NATIVE_KERNELS/IME_GEMM_INT8_I8I32_8x4_NATIVE/ime_kernel_8x4_zvl256b_lmul1_unroll2/ime_kernel_8x4_zvl256b_lmul1_unroll2.c
    run 1: OK GOPS=5.616458 time=0.382355500 threads=4 validation=1
      schedule: static chunk=0
      workers: 0:cpu0:tiles32;1:cpu1:tiles32;2:cpu2:tiles32;3:cpu3:tiles32
    run 2: OK GOPS=5.732661 time=0.374605045 threads=4 validation=0
      schedule: static chunk=0
      workers: 0:cpu0:tiles32;1:cpu1:tiles32;2:cpu2:tiles32;3:cpu3:tiles32
    run 3: OK GOPS=4.796954 time=0.447676543 threads=4 validation=0
      schedule: static chunk=0
      workers: 0:cpu0:tiles32;1:cpu1:tiles32;2:cpu2:tiles32;3:cpu3:tiles32
    run 4: OK GOPS=5.546502 time=0.387178041 threads=4 validation=0
      schedule: static chunk=0
      workers: 0:cpu0:tiles32;1:cpu1:tiles32;2:cpu2:tiles32;3:cpu3:tiles32
    run 5: OK GOPS=5.676528 time=0.378309332 threads=4 validation=0
      schedule: static chunk=0
      workers: 0:cpu0:tiles32;1:cpu1:tiles32;2:cpu2:tiles32;3:cpu3:tiles32
    run 6: OK GOPS=5.354459 time=0.401064541 threads=4 validation=0
      schedule: static chunk=0
      workers: 0:cpu0:tiles32;1:cpu1:tiles32;2:cpu2:tiles32;3:cpu3:tiles32
============================================================
KERNEL: ime_kernel_8x4_zvl256b_lmul1_unroll4
  MODE: K1 IME-cluster OpenMP baseline
  BASELINE: IME_NATIVE_KERNELS
  FAMILY: IME_GEMM_INT8_I8I32_8x4_NATIVE
  PATH: INT8 native IME GEMM (INT8 x INT8 -> INT32)
  TILE: 8x4 ZVL=256b LMUL=1 UNROLL=4
  WORK: M=1024 N=1024 K=1024 tile_N=8 runs=6
  CORES: cores 0-3 execute native IME kernels
  INPUT_CONTRACT: IME_FULL_K_MAJOR
PRIMARY_SOURCE=/home/bananapi/MAT/kernels riscv rvv 1.0/FINAL/riscv-rvv-ime-gemm-microkernels-updated/IME_NATIVE_KERNELS/IME_GEMM_INT8_I8I32_8x4_NATIVE/ime_kernel_8x4_zvl256b_lmul1_unroll4/ime_kernel_8x4_zvl256b_lmul1_unroll4.c
    run 1: OK GOPS=4.709332 time=0.456006039 threads=4 validation=1
      schedule: static chunk=0
      workers: 0:cpu0:tiles32;1:cpu1:tiles32;2:cpu2:tiles32;3:cpu3:tiles32
    run 2: OK GOPS=5.517178 time=0.389235914 threads=4 validation=0
      schedule: static chunk=0
      workers: 0:cpu0:tiles32;1:cpu1:tiles32;2:cpu2:tiles32;3:cpu3:tiles32
    run 3: OK GOPS=4.970083 time=0.432082042 threads=4 validation=0
      schedule: static chunk=0
      workers: 0:cpu0:tiles32;1:cpu1:tiles32;2:cpu2:tiles32;3:cpu3:tiles32
    run 4: OK GOPS=5.142894 time=0.417563252 threads=4 validation=0
      schedule: static chunk=0
      workers: 0:cpu0:tiles32;1:cpu1:tiles32;2:cpu2:tiles32;3:cpu3:tiles32
    run 5: OK GOPS=5.218029 time=0.411550708 threads=4 validation=0
      schedule: static chunk=0
      workers: 0:cpu0:tiles32;1:cpu1:tiles32;2:cpu2:tiles32;3:cpu3:tiles32
    run 6: OK GOPS=4.779734 time=0.449289374 threads=4 validation=0
      schedule: static chunk=0
      workers: 0:cpu0:tiles32;1:cpu1:tiles32;2:cpu2:tiles32;3:cpu3:tiles32
============================================================
KERNEL: ime_kernel_8x4_zvl256b_lmul1_unroll8
  MODE: K1 IME-cluster OpenMP baseline
  BASELINE: IME_NATIVE_KERNELS
  FAMILY: IME_GEMM_INT8_I8I32_8x4_NATIVE
  PATH: INT8 native IME GEMM (INT8 x INT8 -> INT32)
  TILE: 8x4 ZVL=256b LMUL=1 UNROLL=8
  WORK: M=1024 N=1024 K=1024 tile_N=8 runs=6
  CORES: cores 0-3 execute native IME kernels
  INPUT_CONTRACT: IME_FULL_K_MAJOR
PRIMARY_SOURCE=/home/bananapi/MAT/kernels riscv rvv 1.0/FINAL/riscv-rvv-ime-gemm-microkernels-updated/IME_NATIVE_KERNELS/IME_GEMM_INT8_I8I32_8x4_NATIVE/ime_kernel_8x4_zvl256b_lmul1_unroll8/ime_kernel_8x4_zvl256b_lmul1_unroll8.c
    run 1: OK GOPS=4.874345 time=0.440568626 threads=4 validation=1
      schedule: static chunk=0
      workers: 0:cpu0:tiles32;1:cpu1:tiles32;2:cpu2:tiles32;3:cpu3:tiles32
    run 2: OK GOPS=5.103608 time=0.420777541 threads=4 validation=0
      schedule: static chunk=0
      workers: 0:cpu0:tiles32;1:cpu1:tiles32;2:cpu2:tiles32;3:cpu3:tiles32
    run 3: OK GOPS=4.939142 time=0.434788793 threads=4 validation=0
      schedule: static chunk=0
      workers: 0:cpu0:tiles32;1:cpu1:tiles32;2:cpu2:tiles32;3:cpu3:tiles32
    run 4: OK GOPS=5.013489 time=0.428341165 threads=4 validation=0
      schedule: static chunk=0
      workers: 0:cpu0:tiles32;1:cpu1:tiles32;2:cpu2:tiles32;3:cpu3:tiles32
    run 5: OK GOPS=5.482882 time=0.391670585 threads=4 validation=0
      schedule: static chunk=0
      workers: 0:cpu0:tiles32;1:cpu1:tiles32;2:cpu2:tiles32;3:cpu3:tiles32
    run 6: OK GOPS=5.690633 time=0.377371665 threads=4 validation=0
      schedule: static chunk=0
      workers: 0:cpu0:tiles32;1:cpu1:tiles32;2:cpu2:tiles32;3:cpu3:tiles32
SKIP_EXPERIMENTAL_MF2=ime_kernel_8x4_zvl256b_lmulmf2_unroll1
SKIP_EXPERIMENTAL_MF2=ime_kernel_8x4_zvl256b_lmulmf2_unroll2
SKIP_EXPERIMENTAL_MF2=ime_kernel_8x4_zvl256b_lmulmf2_unroll4
SKIP_EXPERIMENTAL_MF2=ime_kernel_8x4_zvl256b_lmulmf2_unroll8
============================================================
KERNEL: ime_kernel_8x8_zvl256b_lmul1_unroll1
  MODE: K1 IME-cluster OpenMP baseline
  BASELINE: IME_NATIVE_KERNELS
  FAMILY: IME_GEMM_INT8_I8I32_8x8_NATIVE
  PATH: INT8 native IME GEMM (INT8 x INT8 -> INT32)
  TILE: 8x8 ZVL=256b LMUL=1 UNROLL=1
  WORK: M=1024 N=1024 K=1024 tile_N=8 runs=6
  CORES: cores 0-3 execute native IME kernels
  INPUT_CONTRACT: IME_FULL_K_MAJOR
PRIMARY_SOURCE=/home/bananapi/MAT/kernels riscv rvv 1.0/FINAL/riscv-rvv-ime-gemm-microkernels-updated/IME_NATIVE_KERNELS/IME_GEMM_INT8_I8I32_8x8_NATIVE/ime_kernel_8x8_zvl256b_lmul1_unroll1/ime_kernel_8x8_zvl256b_lmul1_unroll1.c
    run 1: OK GOPS=4.398926 time=0.488183670 threads=4 validation=1
      schedule: static chunk=0
      workers: 0:cpu0:tiles32;1:cpu1:tiles32;2:cpu2:tiles32;3:cpu3:tiles32
    run 2: OK GOPS=4.466990 time=0.480745167 threads=4 validation=0
      schedule: static chunk=0
      workers: 0:cpu0:tiles32;1:cpu1:tiles32;2:cpu2:tiles32;3:cpu3:tiles32
    run 3: OK GOPS=5.947185 time=0.361092456 threads=4 validation=0
      schedule: static chunk=0
      workers: 0:cpu0:tiles32;1:cpu1:tiles32;2:cpu2:tiles32;3:cpu3:tiles32
    run 4: OK GOPS=6.014237 time=0.357066706 threads=4 validation=0
      schedule: static chunk=0
      workers: 0:cpu0:tiles32;1:cpu1:tiles32;2:cpu2:tiles32;3:cpu3:tiles32
    run 5: OK GOPS=5.728452 time=0.374880292 threads=4 validation=0
      schedule: static chunk=0
      workers: 0:cpu0:tiles32;1:cpu1:tiles32;2:cpu2:tiles32;3:cpu3:tiles32
    run 6: OK GOPS=6.158959 time=0.348676417 threads=4 validation=0
      schedule: static chunk=0
      workers: 0:cpu0:tiles32;1:cpu1:tiles32;2:cpu2:tiles32;3:cpu3:tiles32
============================================================
KERNEL: ime_kernel_8x8_zvl256b_lmul1_unroll2
  MODE: K1 IME-cluster OpenMP baseline
  BASELINE: IME_NATIVE_KERNELS
  FAMILY: IME_GEMM_INT8_I8I32_8x8_NATIVE
  PATH: INT8 native IME GEMM (INT8 x INT8 -> INT32)
  TILE: 8x8 ZVL=256b LMUL=1 UNROLL=2
  WORK: M=1024 N=1024 K=1024 tile_N=8 runs=6
  CORES: cores 0-3 execute native IME kernels
  INPUT_CONTRACT: IME_FULL_K_MAJOR
PRIMARY_SOURCE=/home/bananapi/MAT/kernels riscv rvv 1.0/FINAL/riscv-rvv-ime-gemm-microkernels-updated/IME_NATIVE_KERNELS/IME_GEMM_INT8_I8I32_8x8_NATIVE/ime_kernel_8x8_zvl256b_lmul1_unroll2/ime_kernel_8x8_zvl256b_lmul1_unroll2.c
    run 1: OK GOPS=5.988389 time=0.358607914 threads=4 validation=1
      schedule: static chunk=0
      workers: 0:cpu0:tiles32;1:cpu1:tiles32;2:cpu2:tiles32;3:cpu3:tiles32
    run 2: OK GOPS=4.950056 time=0.433830164 threads=4 validation=0
      schedule: static chunk=0
      workers: 0:cpu0:tiles32;1:cpu1:tiles32;2:cpu2:tiles32;3:cpu3:tiles32
    run 3: OK GOPS=4.441735 time=0.483478542 threads=4 validation=0
      schedule: static chunk=0
      workers: 0:cpu0:tiles32;1:cpu1:tiles32;2:cpu2:tiles32;3:cpu3:tiles32
    run 4: OK GOPS=4.564072 time=0.470519207 threads=4 validation=0
      schedule: static chunk=0
      workers: 0:cpu0:tiles32;1:cpu1:tiles32;2:cpu2:tiles32;3:cpu3:tiles32
    run 5: OK GOPS=4.549802 time=0.471994918 threads=4 validation=0
      schedule: static chunk=0
      workers: 0:cpu0:tiles32;1:cpu1:tiles32;2:cpu2:tiles32;3:cpu3:tiles32
    run 6: OK GOPS=4.608552 time=0.465977956 threads=4 validation=0
      schedule: static chunk=0
      workers: 0:cpu0:tiles32;1:cpu1:tiles32;2:cpu2:tiles32;3:cpu3:tiles32
============================================================
KERNEL: ime_kernel_8x8_zvl256b_lmul1_unroll4
  MODE: K1 IME-cluster OpenMP baseline
  BASELINE: IME_NATIVE_KERNELS
  FAMILY: IME_GEMM_INT8_I8I32_8x8_NATIVE
  PATH: INT8 native IME GEMM (INT8 x INT8 -> INT32)
  TILE: 8x8 ZVL=256b LMUL=1 UNROLL=4
  WORK: M=1024 N=1024 K=1024 tile_N=8 runs=6
  CORES: cores 0-3 execute native IME kernels
  INPUT_CONTRACT: IME_FULL_K_MAJOR
PRIMARY_SOURCE=/home/bananapi/MAT/kernels riscv rvv 1.0/FINAL/riscv-rvv-ime-gemm-microkernels-updated/IME_NATIVE_KERNELS/IME_GEMM_INT8_I8I32_8x8_NATIVE/ime_kernel_8x8_zvl256b_lmul1_unroll4/ime_kernel_8x8_zvl256b_lmul1_unroll4.c
    run 1: OK GOPS=6.071434 time=0.353702877 threads=4 validation=1
      schedule: static chunk=0
      workers: 0:cpu0:tiles32;1:cpu1:tiles32;2:cpu2:tiles32;3:cpu3:tiles32
    run 2: OK GOPS=6.373499 time=0.336939499 threads=4 validation=0
      schedule: static chunk=0
      workers: 0:cpu0:tiles32;1:cpu1:tiles32;2:cpu2:tiles32;3:cpu3:tiles32
    run 3: OK GOPS=5.031134 time=0.426838916 threads=4 validation=0
      schedule: static chunk=0
      workers: 0:cpu0:tiles32;1:cpu1:tiles32;2:cpu2:tiles32;3:cpu3:tiles32
    run 4: OK GOPS=4.474485 time=0.479939874 threads=4 validation=0
      schedule: static chunk=0
      workers: 0:cpu0:tiles32;1:cpu1:tiles32;2:cpu2:tiles32;3:cpu3:tiles32
    run 5: OK GOPS=4.301370 time=0.499255706 threads=4 validation=0
      schedule: static chunk=0
      workers: 0:cpu0:tiles32;1:cpu1:tiles32;2:cpu2:tiles32;3:cpu3:tiles32
    run 6: OK GOPS=6.005813 time=0.357567541 threads=4 validation=0
      schedule: static chunk=0
      workers: 0:cpu0:tiles32;1:cpu1:tiles32;2:cpu2:tiles32;3:cpu3:tiles32
============================================================
KERNEL: ime_kernel_8x8_zvl256b_lmul1_unroll8
  MODE: K1 IME-cluster OpenMP baseline
  BASELINE: IME_NATIVE_KERNELS
  FAMILY: IME_GEMM_INT8_I8I32_8x8_NATIVE
  PATH: INT8 native IME GEMM (INT8 x INT8 -> INT32)
  TILE: 8x8 ZVL=256b LMUL=1 UNROLL=8
  WORK: M=1024 N=1024 K=1024 tile_N=8 runs=6
  CORES: cores 0-3 execute native IME kernels
  INPUT_CONTRACT: IME_FULL_K_MAJOR
PRIMARY_SOURCE=/home/bananapi/MAT/kernels riscv rvv 1.0/FINAL/riscv-rvv-ime-gemm-microkernels-updated/IME_NATIVE_KERNELS/IME_GEMM_INT8_I8I32_8x8_NATIVE/ime_kernel_8x8_zvl256b_lmul1_unroll8/ime_kernel_8x8_zvl256b_lmul1_unroll8.c
    run 1: OK GOPS=4.244488 time=0.505946416 threads=4 validation=1
      schedule: static chunk=0
      workers: 0:cpu0:tiles32;1:cpu1:tiles32;2:cpu2:tiles32;3:cpu3:tiles32
    run 2: OK GOPS=4.669296 time=0.459915917 threads=4 validation=0
      schedule: static chunk=0
      workers: 0:cpu0:tiles32;1:cpu1:tiles32;2:cpu2:tiles32;3:cpu3:tiles32
    run 3: OK GOPS=5.799052 time=0.370316334 threads=4 validation=0
      schedule: static chunk=0
      workers: 0:cpu0:tiles32;1:cpu1:tiles32;2:cpu2:tiles32;3:cpu3:tiles32
    run 4: OK GOPS=4.613981 time=0.465429667 threads=4 validation=0
      schedule: static chunk=0
      workers: 0:cpu0:tiles32;1:cpu1:tiles32;2:cpu2:tiles32;3:cpu3:tiles32
    run 5: OK GOPS=4.363905 time=0.492101416 threads=4 validation=0
      schedule: static chunk=0
      workers: 0:cpu0:tiles32;1:cpu1:tiles32;2:cpu2:tiles32;3:cpu3:tiles32
    run 6: OK GOPS=5.945532 time=0.361192834 threads=4 validation=0
      schedule: static chunk=0
      workers: 0:cpu0:tiles32;1:cpu1:tiles32;2:cpu2:tiles32;3:cpu3:tiles32
SKIP_EXPERIMENTAL_MF2=ime_kernel_8x8_zvl256b_lmulmf2_unroll1
SKIP_EXPERIMENTAL_MF2=ime_kernel_8x8_zvl256b_lmulmf2_unroll2
SKIP_EXPERIMENTAL_MF2=ime_kernel_8x8_zvl256b_lmulmf2_unroll4
SKIP_EXPERIMENTAL_MF2=ime_kernel_8x8_zvl256b_lmulmf2_unroll8
============================================================
DONE status=OK
kernels_built=8
ok_runs=48
failed_runs=0
build_failed=0
Raw CSV: /home/bananapi/MAT/kernels riscv rvv 1.0/FINAL/riscv-rvv-ime-gemm-microkernels-updated/HETEROGENEOUS_RVV_IME_OPENMP_GEMM/results/openmp_results_k1-ime_1024_20260904_115516/openmp_raw_k1-ime_1024_runs6_20260904_115516.csv
Summary CSV: /home/bananapi/MAT/kernels riscv rvv 1.0/FINAL/riscv-rvv-ime-gemm-microkernels-updated/HETEROGENEOUS_RVV_IME_OPENMP_GEMM/results/openmp_results_k1-ime_1024_20260904_115516/openmp_summary_k1-ime_1024_runs6_20260904_115516.csv
Latest raw CSV: /home/bananapi/MAT/kernels riscv rvv 1.0/FINAL/riscv-rvv-ime-gemm-microkernels-updated/HETEROGENEOUS_RVV_IME_OPENMP_GEMM/results/openmp_raw_latest_k1-ime.csv
Latest summary CSV: /home/bananapi/MAT/kernels riscv rvv 1.0/FINAL/riscv-rvv-ime-gemm-microkernels-updated/HETEROGENEOUS_RVV_IME_OPENMP_GEMM/results/openmp_summary_latest_k1-ime.csv
Latest live log: /home/bananapi/MAT/kernels riscv rvv 1.0/FINAL/riscv-rvv-ime-gemm-microkernels-updated/HETEROGENEOUS_RVV_IME_OPENMP_GEMM/results/openmp_live_latest_k1-ime.log
Raw logs: /home/bananapi/MAT/kernels riscv rvv 1.0/FINAL/riscv-rvv-ime-gemm-microkernels-updated/HETEROGENEOUS_RVV_IME_OPENMP_GEMM/results/openmp_results_k1-ime_1024_20260904_115516/raw_logs
============================================================
CASE_RESULT=OK
============================================================
CASE series=RVV tile_N=16 mode=k1-rvv threads=8 M=1024 N=1024 K=1024 tile_N=16 schedule=static chunk=1 kernel=*
OpenMP all-kernel tiled GEMM campaign
MODE=k1-rvv (K1 all-core RVV OpenMP baseline) M=1024 N=1024 K=1024 tile_N=16 RUNS=6
CORE_PLAN=cores 0-7 execute RVV kernels
PROJECT_ROOT=/home/bananapi/MAT/kernels riscv rvv 1.0/FINAL/riscv-rvv-ime-gemm-microkernels-updated
RESULT_DIR=/home/bananapi/MAT/kernels riscv rvv 1.0/FINAL/riscv-rvv-ime-gemm-microkernels-updated/HETEROGENEOUS_RVV_IME_OPENMP_GEMM/results/openmp_results_k1-rvv_1024_20260904_120220
COMPILER=gcc (Bianbu 14.2.0-4ubuntu2~24.04bb1) 14.2.0
BUILD_FLAGS=-O3 -std=c11 -Wall -Wextra -Wno-unknown-pragmas -fopenmp -march=rv64gcv_zvl256b -mabi=lp64d
OMP_NUM_THREADS=8 OMP_PROC_BIND=close OMP_PLACES=cores OMP_DYNAMIC=false OMP_MAX_ACTIVE_LEVELS=2
TILE_SCHEDULE=static DYNAMIC_CHUNK=1
GEMM_VALIDATE=1 VALIDATE_EACH_RUN=0 GEMM_WARMUP=1 ENABLE_MF2=0 BUILD_ONLY=0 ZVL_FILTER=256b KERNEL_FILTER=* KIND_FILTER=INT8_RVV PERF_STAT=0 STATIC_IME_WEIGHT=4 STATIC_RVV_WEIGHT=1
Cpus_allowed_list:	0-7
MEMORY_NODES_ONLINE=not_exposed
CLUSTER_PLACEMENT=exact_core_affinity; contiguous_output_ownership
============================================================
KERNEL: igemm_kernel_8x4_zvl256b_lmul1_unroll1_i8i32
  MODE: K1 all-core RVV OpenMP baseline
  BASELINE: GEMM_RVV_FP32_INT8_8x4_Baseline
  FAMILY: RVV_IGEMM_INT8_I8I32_8x4
  PATH: INT8 RVV widening GEMM (INT8 x INT8 -> INT32)
  TILE: 8x4 ZVL=256b LMUL=1 UNROLL=1
  WORK: M=1024 N=1024 K=1024 tile_N=16 runs=6
  CORES: cores 0-7 execute RVV kernels
  INPUT_CONTRACT: CANONICAL_FULL_MATRIX
PRIMARY_SOURCE=/home/bananapi/MAT/kernels riscv rvv 1.0/FINAL/riscv-rvv-ime-gemm-microkernels-updated/GEMM_RVV_FP32_INT8_8x4_Baseline/RVV_IGEMM_INT8_I8I32_8x4/igemm_kernel_8x4_zvl256b_lmul1_unroll1/igemm_kernel_8x4_zvl256b_lmul1_unroll1_i8i32.c
    run 1: OK GOPS=6.141303 time=0.349678833 threads=8 validation=1
      schedule: static chunk=0
      workers: 0:cpu0:tiles8;1:cpu1:tiles8;2:cpu2:tiles8;3:cpu3:tiles8;4:cpu4:tiles8;5:cpu5:tiles8;6:cpu6:tiles8;7:cpu7:tiles8
    run 2: OK GOPS=6.383797 time=0.336395998 threads=8 validation=0
      schedule: static chunk=0
      workers: 0:cpu0:tiles8;1:cpu1:tiles8;2:cpu2:tiles8;3:cpu3:tiles8;4:cpu4:tiles8;5:cpu5:tiles8;6:cpu6:tiles8;7:cpu7:tiles8
    run 3: OK GOPS=6.185901 time=0.347157791 threads=8 validation=0
      schedule: static chunk=0
      workers: 0:cpu0:tiles8;1:cpu1:tiles8;2:cpu2:tiles8;3:cpu3:tiles8;4:cpu4:tiles8;5:cpu5:tiles8;6:cpu6:tiles8;7:cpu7:tiles8
    run 4: OK GOPS=6.328480 time=0.339336418 threads=8 validation=0
      schedule: static chunk=0
      workers: 0:cpu0:tiles8;1:cpu1:tiles8;2:cpu2:tiles8;3:cpu3:tiles8;4:cpu4:tiles8;5:cpu5:tiles8;6:cpu6:tiles8;7:cpu7:tiles8
    run 5: OK GOPS=6.037665 time=0.355681166 threads=8 validation=0
      schedule: static chunk=0
      workers: 0:cpu0:tiles8;1:cpu1:tiles8;2:cpu2:tiles8;3:cpu3:tiles8;4:cpu4:tiles8;5:cpu5:tiles8;6:cpu6:tiles8;7:cpu7:tiles8
    run 6: OK GOPS=6.311486 time=0.340250082 threads=8 validation=0
      schedule: static chunk=0
      workers: 0:cpu0:tiles8;1:cpu1:tiles8;2:cpu2:tiles8;3:cpu3:tiles8;4:cpu4:tiles8;5:cpu5:tiles8;6:cpu6:tiles8;7:cpu7:tiles8
============================================================
KERNEL: igemm_kernel_8x4_zvl256b_lmul1_unroll2_i8i32
  MODE: K1 all-core RVV OpenMP baseline
  BASELINE: GEMM_RVV_FP32_INT8_8x4_Baseline
  FAMILY: RVV_IGEMM_INT8_I8I32_8x4
  PATH: INT8 RVV widening GEMM (INT8 x INT8 -> INT32)
  TILE: 8x4 ZVL=256b LMUL=1 UNROLL=2
  WORK: M=1024 N=1024 K=1024 tile_N=16 runs=6
  CORES: cores 0-7 execute RVV kernels
  INPUT_CONTRACT: CANONICAL_FULL_MATRIX
PRIMARY_SOURCE=/home/bananapi/MAT/kernels riscv rvv 1.0/FINAL/riscv-rvv-ime-gemm-microkernels-updated/GEMM_RVV_FP32_INT8_8x4_Baseline/RVV_IGEMM_INT8_I8I32_8x4/igemm_kernel_8x4_zvl256b_lmul1_unroll2/igemm_kernel_8x4_zvl256b_lmul1_unroll2_i8i32.c
    run 1: OK GOPS=4.313528 time=0.497848544 threads=8 validation=1
      schedule: static chunk=0
      workers: 0:cpu0:tiles8;1:cpu1:tiles8;2:cpu2:tiles8;3:cpu3:tiles8;4:cpu4:tiles8;5:cpu5:tiles8;6:cpu6:tiles8;7:cpu7:tiles8
    run 2: OK GOPS=4.356007 time=0.492993623 threads=8 validation=0
      schedule: static chunk=0
      workers: 0:cpu0:tiles8;1:cpu1:tiles8;2:cpu2:tiles8;3:cpu3:tiles8;4:cpu4:tiles8;5:cpu5:tiles8;6:cpu6:tiles8;7:cpu7:tiles8
    run 3: OK GOPS=4.303069 time=0.499058668 threads=8 validation=0
      schedule: static chunk=0
      workers: 0:cpu0:tiles8;1:cpu1:tiles8;2:cpu2:tiles8;3:cpu3:tiles8;4:cpu4:tiles8;5:cpu5:tiles8;6:cpu6:tiles8;7:cpu7:tiles8
    run 4: OK GOPS=4.406084 time=0.487390500 threads=8 validation=0
      schedule: static chunk=0
      workers: 0:cpu0:tiles8;1:cpu1:tiles8;2:cpu2:tiles8;3:cpu3:tiles8;4:cpu4:tiles8;5:cpu5:tiles8;6:cpu6:tiles8;7:cpu7:tiles8
    run 5: OK GOPS=4.295791 time=0.499904126 threads=8 validation=0
      schedule: static chunk=0
      workers: 0:cpu0:tiles8;1:cpu1:tiles8;2:cpu2:tiles8;3:cpu3:tiles8;4:cpu4:tiles8;5:cpu5:tiles8;6:cpu6:tiles8;7:cpu7:tiles8
    run 6: OK GOPS=4.403056 time=0.487725750 threads=8 validation=0
      schedule: static chunk=0
      workers: 0:cpu0:tiles8;1:cpu1:tiles8;2:cpu2:tiles8;3:cpu3:tiles8;4:cpu4:tiles8;5:cpu5:tiles8;6:cpu6:tiles8;7:cpu7:tiles8
============================================================
KERNEL: igemm_kernel_8x4_zvl256b_lmul1_unroll4_i8i32
  MODE: K1 all-core RVV OpenMP baseline
  BASELINE: GEMM_RVV_FP32_INT8_8x4_Baseline
  FAMILY: RVV_IGEMM_INT8_I8I32_8x4
  PATH: INT8 RVV widening GEMM (INT8 x INT8 -> INT32)
  TILE: 8x4 ZVL=256b LMUL=1 UNROLL=4
  WORK: M=1024 N=1024 K=1024 tile_N=16 runs=6
  CORES: cores 0-7 execute RVV kernels
  INPUT_CONTRACT: CANONICAL_FULL_MATRIX
PRIMARY_SOURCE=/home/bananapi/MAT/kernels riscv rvv 1.0/FINAL/riscv-rvv-ime-gemm-microkernels-updated/GEMM_RVV_FP32_INT8_8x4_Baseline/RVV_IGEMM_INT8_I8I32_8x4/igemm_kernel_8x4_zvl256b_lmul1_unroll4/igemm_kernel_8x4_zvl256b_lmul1_unroll4_i8i32.c
    run 1: OK GOPS=4.161258 time=0.516065959 threads=8 validation=1
      schedule: static chunk=0
      workers: 0:cpu0:tiles8;1:cpu1:tiles8;2:cpu2:tiles8;3:cpu3:tiles8;4:cpu4:tiles8;5:cpu5:tiles8;6:cpu6:tiles8;7:cpu7:tiles8
    run 2: OK GOPS=4.321282 time=0.496955208 threads=8 validation=0
      schedule: static chunk=0
      workers: 0:cpu0:tiles8;1:cpu1:tiles8;2:cpu2:tiles8;3:cpu3:tiles8;4:cpu4:tiles8;5:cpu5:tiles8;6:cpu6:tiles8;7:cpu7:tiles8
    run 3: OK GOPS=4.271382 time=0.502760872 threads=8 validation=0
      schedule: static chunk=0
      workers: 0:cpu0:tiles8;1:cpu1:tiles8;2:cpu2:tiles8;3:cpu3:tiles8;4:cpu4:tiles8;5:cpu5:tiles8;6:cpu6:tiles8;7:cpu7:tiles8
    run 4: OK GOPS=4.158195 time=0.516446080 threads=8 validation=0
      schedule: static chunk=0
      workers: 0:cpu0:tiles8;1:cpu1:tiles8;2:cpu2:tiles8;3:cpu3:tiles8;4:cpu4:tiles8;5:cpu5:tiles8;6:cpu6:tiles8;7:cpu7:tiles8
    run 5: OK GOPS=4.304911 time=0.498845041 threads=8 validation=0
      schedule: static chunk=0
      workers: 0:cpu0:tiles8;1:cpu1:tiles8;2:cpu2:tiles8;3:cpu3:tiles8;4:cpu4:tiles8;5:cpu5:tiles8;6:cpu6:tiles8;7:cpu7:tiles8
    run 6: OK GOPS=4.314860 time=0.497694917 threads=8 validation=0
      schedule: static chunk=0
      workers: 0:cpu0:tiles8;1:cpu1:tiles8;2:cpu2:tiles8;3:cpu3:tiles8;4:cpu4:tiles8;5:cpu5:tiles8;6:cpu6:tiles8;7:cpu7:tiles8
============================================================
KERNEL: igemm_kernel_8x4_zvl256b_lmul1_unroll8_i8i32
  MODE: K1 all-core RVV OpenMP baseline
  BASELINE: GEMM_RVV_FP32_INT8_8x4_Baseline
  FAMILY: RVV_IGEMM_INT8_I8I32_8x4
  PATH: INT8 RVV widening GEMM (INT8 x INT8 -> INT32)
  TILE: 8x4 ZVL=256b LMUL=1 UNROLL=8
  WORK: M=1024 N=1024 K=1024 tile_N=16 runs=6
  CORES: cores 0-7 execute RVV kernels
  INPUT_CONTRACT: CANONICAL_FULL_MATRIX
PRIMARY_SOURCE=/home/bananapi/MAT/kernels riscv rvv 1.0/FINAL/riscv-rvv-ime-gemm-microkernels-updated/GEMM_RVV_FP32_INT8_8x4_Baseline/RVV_IGEMM_INT8_I8I32_8x4/igemm_kernel_8x4_zvl256b_lmul1_unroll8/igemm_kernel_8x4_zvl256b_lmul1_unroll8_i8i32.c
    run 1: OK GOPS=4.587934 time=0.468072042 threads=8 validation=1
      schedule: static chunk=0
      workers: 0:cpu0:tiles8;1:cpu1:tiles8;2:cpu2:tiles8;3:cpu3:tiles8;4:cpu4:tiles8;5:cpu5:tiles8;6:cpu6:tiles8;7:cpu7:tiles8
    run 2: OK GOPS=4.581138 time=0.468766376 threads=8 validation=0
      schedule: static chunk=0
      workers: 0:cpu0:tiles8;1:cpu1:tiles8;2:cpu2:tiles8;3:cpu3:tiles8;4:cpu4:tiles8;5:cpu5:tiles8;6:cpu6:tiles8;7:cpu7:tiles8
    run 3: OK GOPS=4.588693 time=0.467994664 threads=8 validation=0
      schedule: static chunk=0
      workers: 0:cpu0:tiles8;1:cpu1:tiles8;2:cpu2:tiles8;3:cpu3:tiles8;4:cpu4:tiles8;5:cpu5:tiles8;6:cpu6:tiles8;7:cpu7:tiles8
    run 4: OK GOPS=4.576261 time=0.469266001 threads=8 validation=0
      schedule: static chunk=0
      workers: 0:cpu0:tiles8;1:cpu1:tiles8;2:cpu2:tiles8;3:cpu3:tiles8;4:cpu4:tiles8;5:cpu5:tiles8;6:cpu6:tiles8;7:cpu7:tiles8
    run 5: OK GOPS=4.604546 time=0.466383334 threads=8 validation=0
      schedule: static chunk=0
      workers: 0:cpu0:tiles8;1:cpu1:tiles8;2:cpu2:tiles8;3:cpu3:tiles8;4:cpu4:tiles8;5:cpu5:tiles8;6:cpu6:tiles8;7:cpu7:tiles8
    run 6: OK GOPS=4.510958 time=0.476059377 threads=8 validation=0
      schedule: static chunk=0
      workers: 0:cpu0:tiles8;1:cpu1:tiles8;2:cpu2:tiles8;3:cpu3:tiles8;4:cpu4:tiles8;5:cpu5:tiles8;6:cpu6:tiles8;7:cpu7:tiles8
============================================================
KERNEL: igemm_kernel_8x4_zvl256b_lmul2_unroll1_i8i32
  MODE: K1 all-core RVV OpenMP baseline
  BASELINE: GEMM_RVV_FP32_INT8_8x4_Baseline
  FAMILY: RVV_IGEMM_INT8_I8I32_8x4
  PATH: INT8 RVV widening GEMM (INT8 x INT8 -> INT32)
  TILE: 8x4 ZVL=256b LMUL=2 UNROLL=1
  WORK: M=1024 N=1024 K=1024 tile_N=16 runs=6
  CORES: cores 0-7 execute RVV kernels
  INPUT_CONTRACT: CANONICAL_FULL_MATRIX
PRIMARY_SOURCE=/home/bananapi/MAT/kernels riscv rvv 1.0/FINAL/riscv-rvv-ime-gemm-microkernels-updated/GEMM_RVV_FP32_INT8_8x4_Baseline/RVV_IGEMM_INT8_I8I32_8x4/igemm_kernel_8x4_zvl256b_lmul2_unroll1/igemm_kernel_8x4_zvl256b_lmul2_unroll1_i8i32.c
    run 1: OK GOPS=2.011095 time=1.067818251 threads=8 validation=1
      schedule: static chunk=0
      workers: 0:cpu0:tiles8;1:cpu1:tiles8;2:cpu2:tiles8;3:cpu3:tiles8;4:cpu4:tiles8;5:cpu5:tiles8;6:cpu6:tiles8;7:cpu7:tiles8
    run 2: OK GOPS=2.043595 time=1.050836336 threads=8 validation=0
      schedule: static chunk=0
      workers: 0:cpu0:tiles8;1:cpu1:tiles8;2:cpu2:tiles8;3:cpu3:tiles8;4:cpu4:tiles8;5:cpu5:tiles8;6:cpu6:tiles8;7:cpu7:tiles8
    run 3: OK GOPS=2.033920 time=1.055834793 threads=8 validation=0
      schedule: static chunk=0
      workers: 0:cpu0:tiles8;1:cpu1:tiles8;2:cpu2:tiles8;3:cpu3:tiles8;4:cpu4:tiles8;5:cpu5:tiles8;6:cpu6:tiles8;7:cpu7:tiles8
    run 4: OK GOPS=2.030212 time=1.057763416 threads=8 validation=0
      schedule: static chunk=0
      workers: 0:cpu0:tiles8;1:cpu1:tiles8;2:cpu2:tiles8;3:cpu3:tiles8;4:cpu4:tiles8;5:cpu5:tiles8;6:cpu6:tiles8;7:cpu7:tiles8
    run 5: OK GOPS=2.029449 time=1.058160834 threads=8 validation=0
      schedule: static chunk=0
      workers: 0:cpu0:tiles8;1:cpu1:tiles8;2:cpu2:tiles8;3:cpu3:tiles8;4:cpu4:tiles8;5:cpu5:tiles8;6:cpu6:tiles8;7:cpu7:tiles8
    run 6: OK GOPS=2.010729 time=1.068012543 threads=8 validation=0
      schedule: static chunk=0
      workers: 0:cpu0:tiles8;1:cpu1:tiles8;2:cpu2:tiles8;3:cpu3:tiles8;4:cpu4:tiles8;5:cpu5:tiles8;6:cpu6:tiles8;7:cpu7:tiles8
============================================================
KERNEL: igemm_kernel_8x4_zvl256b_lmul2_unroll2_i8i32
  MODE: K1 all-core RVV OpenMP baseline
  BASELINE: GEMM_RVV_FP32_INT8_8x4_Baseline
  FAMILY: RVV_IGEMM_INT8_I8I32_8x4
  PATH: INT8 RVV widening GEMM (INT8 x INT8 -> INT32)
  TILE: 8x4 ZVL=256b LMUL=2 UNROLL=2
  WORK: M=1024 N=1024 K=1024 tile_N=16 runs=6
  CORES: cores 0-7 execute RVV kernels
  INPUT_CONTRACT: CANONICAL_FULL_MATRIX
PRIMARY_SOURCE=/home/bananapi/MAT/kernels riscv rvv 1.0/FINAL/riscv-rvv-ime-gemm-microkernels-updated/GEMM_RVV_FP32_INT8_8x4_Baseline/RVV_IGEMM_INT8_I8I32_8x4/igemm_kernel_8x4_zvl256b_lmul2_unroll2/igemm_kernel_8x4_zvl256b_lmul2_unroll2_i8i32.c
    run 1: OK GOPS=1.926860 time=1.114499249 threads=8 validation=1
      schedule: static chunk=0
      workers: 0:cpu0:tiles8;1:cpu1:tiles8;2:cpu2:tiles8;3:cpu3:tiles8;4:cpu4:tiles8;5:cpu5:tiles8;6:cpu6:tiles8;7:cpu7:tiles8
    run 2: OK GOPS=1.932828 time=1.111058000 threads=8 validation=0
      schedule: static chunk=0
      workers: 0:cpu0:tiles8;1:cpu1:tiles8;2:cpu2:tiles8;3:cpu3:tiles8;4:cpu4:tiles8;5:cpu5:tiles8;6:cpu6:tiles8;7:cpu7:tiles8
    run 3: OK GOPS=1.953157 time=1.099493708 threads=8 validation=0
      schedule: static chunk=0
      workers: 0:cpu0:tiles8;1:cpu1:tiles8;2:cpu2:tiles8;3:cpu3:tiles8;4:cpu4:tiles8;5:cpu5:tiles8;6:cpu6:tiles8;7:cpu7:tiles8
    run 4: OK GOPS=1.951157 time=1.100620501 threads=8 validation=0
      schedule: static chunk=0
      workers: 0:cpu0:tiles8;1:cpu1:tiles8;2:cpu2:tiles8;3:cpu3:tiles8;4:cpu4:tiles8;5:cpu5:tiles8;6:cpu6:tiles8;7:cpu7:tiles8
    run 5: OK GOPS=1.948544 time=1.102096416 threads=8 validation=0
      schedule: static chunk=0
      workers: 0:cpu0:tiles8;1:cpu1:tiles8;2:cpu2:tiles8;3:cpu3:tiles8;4:cpu4:tiles8;5:cpu5:tiles8;6:cpu6:tiles8;7:cpu7:tiles8
    run 6: OK GOPS=1.948719 time=1.101997707 threads=8 validation=0
      schedule: static chunk=0
      workers: 0:cpu0:tiles8;1:cpu1:tiles8;2:cpu2:tiles8;3:cpu3:tiles8;4:cpu4:tiles8;5:cpu5:tiles8;6:cpu6:tiles8;7:cpu7:tiles8
============================================================
KERNEL: igemm_kernel_8x4_zvl256b_lmul2_unroll4_i8i32
  MODE: K1 all-core RVV OpenMP baseline
  BASELINE: GEMM_RVV_FP32_INT8_8x4_Baseline
  FAMILY: RVV_IGEMM_INT8_I8I32_8x4
  PATH: INT8 RVV widening GEMM (INT8 x INT8 -> INT32)
  TILE: 8x4 ZVL=256b LMUL=2 UNROLL=4
  WORK: M=1024 N=1024 K=1024 tile_N=16 runs=6
  CORES: cores 0-7 execute RVV kernels
  INPUT_CONTRACT: CANONICAL_FULL_MATRIX
PRIMARY_SOURCE=/home/bananapi/MAT/kernels riscv rvv 1.0/FINAL/riscv-rvv-ime-gemm-microkernels-updated/GEMM_RVV_FP32_INT8_8x4_Baseline/RVV_IGEMM_INT8_I8I32_8x4/igemm_kernel_8x4_zvl256b_lmul2_unroll4/igemm_kernel_8x4_zvl256b_lmul2_unroll4_i8i32.c
    run 1: OK GOPS=1.680587 time=1.277817458 threads=8 validation=1
      schedule: static chunk=0
      workers: 0:cpu0:tiles8;1:cpu1:tiles8;2:cpu2:tiles8;3:cpu3:tiles8;4:cpu4:tiles8;5:cpu5:tiles8;6:cpu6:tiles8;7:cpu7:tiles8
    run 2: OK GOPS=1.670791 time=1.285309624 threads=8 validation=0
      schedule: static chunk=0
      workers: 0:cpu0:tiles8;1:cpu1:tiles8;2:cpu2:tiles8;3:cpu3:tiles8;4:cpu4:tiles8;5:cpu5:tiles8;6:cpu6:tiles8;7:cpu7:tiles8
    run 3: OK GOPS=1.668836 time=1.286815375 threads=8 validation=0
      schedule: static chunk=0
      workers: 0:cpu0:tiles8;1:cpu1:tiles8;2:cpu2:tiles8;3:cpu3:tiles8;4:cpu4:tiles8;5:cpu5:tiles8;6:cpu6:tiles8;7:cpu7:tiles8
    run 4: OK GOPS=1.695923 time=1.266262833 threads=8 validation=0
      schedule: static chunk=0
      workers: 0:cpu0:tiles8;1:cpu1:tiles8;2:cpu2:tiles8;3:cpu3:tiles8;4:cpu4:tiles8;5:cpu5:tiles8;6:cpu6:tiles8;7:cpu7:tiles8
    run 5: OK GOPS=1.694427 time=1.267380457 threads=8 validation=0
      schedule: static chunk=0
      workers: 0:cpu0:tiles8;1:cpu1:tiles8;2:cpu2:tiles8;3:cpu3:tiles8;4:cpu4:tiles8;5:cpu5:tiles8;6:cpu6:tiles8;7:cpu7:tiles8
    run 6: OK GOPS=1.691660 time=1.269453209 threads=8 validation=0
      schedule: static chunk=0
      workers: 0:cpu0:tiles8;1:cpu1:tiles8;2:cpu2:tiles8;3:cpu3:tiles8;4:cpu4:tiles8;5:cpu5:tiles8;6:cpu6:tiles8;7:cpu7:tiles8
============================================================
KERNEL: igemm_kernel_8x4_zvl256b_lmul2_unroll8_i8i32
  MODE: K1 all-core RVV OpenMP baseline
  BASELINE: GEMM_RVV_FP32_INT8_8x4_Baseline
  FAMILY: RVV_IGEMM_INT8_I8I32_8x4
  PATH: INT8 RVV widening GEMM (INT8 x INT8 -> INT32)
  TILE: 8x4 ZVL=256b LMUL=2 UNROLL=8
  WORK: M=1024 N=1024 K=1024 tile_N=16 runs=6
  CORES: cores 0-7 execute RVV kernels
  INPUT_CONTRACT: CANONICAL_FULL_MATRIX
PRIMARY_SOURCE=/home/bananapi/MAT/kernels riscv rvv 1.0/FINAL/riscv-rvv-ime-gemm-microkernels-updated/GEMM_RVV_FP32_INT8_8x4_Baseline/RVV_IGEMM_INT8_I8I32_8x4/igemm_kernel_8x4_zvl256b_lmul2_unroll8/igemm_kernel_8x4_zvl256b_lmul2_unroll8_i8i32.c
    run 1: OK GOPS=1.651858 time=1.300041664 threads=8 validation=1
      schedule: static chunk=0
      workers: 0:cpu0:tiles8;1:cpu1:tiles8;2:cpu2:tiles8;3:cpu3:tiles8;4:cpu4:tiles8;5:cpu5:tiles8;6:cpu6:tiles8;7:cpu7:tiles8
    run 2: OK GOPS=1.660424 time=1.293334626 threads=8 validation=0
      schedule: static chunk=0
      workers: 0:cpu0:tiles8;1:cpu1:tiles8;2:cpu2:tiles8;3:cpu3:tiles8;4:cpu4:tiles8;5:cpu5:tiles8;6:cpu6:tiles8;7:cpu7:tiles8
    run 3: OK GOPS=1.659467 time=1.294080667 threads=8 validation=0
      schedule: static chunk=0
      workers: 0:cpu0:tiles8;1:cpu1:tiles8;2:cpu2:tiles8;3:cpu3:tiles8;4:cpu4:tiles8;5:cpu5:tiles8;6:cpu6:tiles8;7:cpu7:tiles8
    run 4: OK GOPS=1.664353 time=1.290281001 threads=8 validation=0
      schedule: static chunk=0
      workers: 0:cpu0:tiles8;1:cpu1:tiles8;2:cpu2:tiles8;3:cpu3:tiles8;4:cpu4:tiles8;5:cpu5:tiles8;6:cpu6:tiles8;7:cpu7:tiles8
    run 5: OK GOPS=1.646993 time=1.303881209 threads=8 validation=0
      schedule: static chunk=0
      workers: 0:cpu0:tiles8;1:cpu1:tiles8;2:cpu2:tiles8;3:cpu3:tiles8;4:cpu4:tiles8;5:cpu5:tiles8;6:cpu6:tiles8;7:cpu7:tiles8
    run 6: OK GOPS=1.660035 time=1.293637875 threads=8 validation=0
      schedule: static chunk=0
      workers: 0:cpu0:tiles8;1:cpu1:tiles8;2:cpu2:tiles8;3:cpu3:tiles8;4:cpu4:tiles8;5:cpu5:tiles8;6:cpu6:tiles8;7:cpu7:tiles8
============================================================
KERNEL: igemm_kernel_8x4_zvl256b_lmulmf2_unroll1_i8i32
  MODE: K1 all-core RVV OpenMP baseline
  BASELINE: GEMM_RVV_FP32_INT8_8x4_Baseline
  FAMILY: RVV_IGEMM_INT8_I8I32_8x4
  PATH: INT8 RVV widening GEMM (INT8 x INT8 -> INT32)
  TILE: 8x4 ZVL=256b LMUL=mf2 UNROLL=1
  WORK: M=1024 N=1024 K=1024 tile_N=16 runs=6
  CORES: cores 0-7 execute RVV kernels
  INPUT_CONTRACT: CANONICAL_FULL_MATRIX
PRIMARY_SOURCE=/home/bananapi/MAT/kernels riscv rvv 1.0/FINAL/riscv-rvv-ime-gemm-microkernels-updated/GEMM_RVV_FP32_INT8_8x4_Baseline/RVV_IGEMM_INT8_I8I32_8x4/igemm_kernel_8x4_zvl256b_lmulmf2_unroll1/igemm_kernel_8x4_zvl256b_lmulmf2_unroll1_i8i32.c
    run 1: OK GOPS=13.204707 time=0.162630167 threads=8 validation=1
      schedule: static chunk=0
      workers: 0:cpu0:tiles8;1:cpu1:tiles8;2:cpu2:tiles8;3:cpu3:tiles8;4:cpu4:tiles8;5:cpu5:tiles8;6:cpu6:tiles8;7:cpu7:tiles8
    run 2: OK GOPS=13.605371 time=0.157840874 threads=8 validation=0
      schedule: static chunk=0
      workers: 0:cpu0:tiles8;1:cpu1:tiles8;2:cpu2:tiles8;3:cpu3:tiles8;4:cpu4:tiles8;5:cpu5:tiles8;6:cpu6:tiles8;7:cpu7:tiles8
    run 3: OK GOPS=12.812562 time=0.167607665 threads=8 validation=0
      schedule: static chunk=0
      workers: 0:cpu0:tiles8;1:cpu1:tiles8;2:cpu2:tiles8;3:cpu3:tiles8;4:cpu4:tiles8;5:cpu5:tiles8;6:cpu6:tiles8;7:cpu7:tiles8
    run 4: OK GOPS=13.153815 time=0.163259372 threads=8 validation=0
      schedule: static chunk=0
      workers: 0:cpu0:tiles8;1:cpu1:tiles8;2:cpu2:tiles8;3:cpu3:tiles8;4:cpu4:tiles8;5:cpu5:tiles8;6:cpu6:tiles8;7:cpu7:tiles8
    run 5: OK GOPS=12.948788 time=0.165844377 threads=8 validation=0
      schedule: static chunk=0
      workers: 0:cpu0:tiles8;1:cpu1:tiles8;2:cpu2:tiles8;3:cpu3:tiles8;4:cpu4:tiles8;5:cpu5:tiles8;6:cpu6:tiles8;7:cpu7:tiles8
    run 6: OK GOPS=13.449453 time=0.159670707 threads=8 validation=0
      schedule: static chunk=0
      workers: 0:cpu0:tiles8;1:cpu1:tiles8;2:cpu2:tiles8;3:cpu3:tiles8;4:cpu4:tiles8;5:cpu5:tiles8;6:cpu6:tiles8;7:cpu7:tiles8
============================================================
KERNEL: igemm_kernel_8x4_zvl256b_lmulmf2_unroll2_i8i32
  MODE: K1 all-core RVV OpenMP baseline
  BASELINE: GEMM_RVV_FP32_INT8_8x4_Baseline
  FAMILY: RVV_IGEMM_INT8_I8I32_8x4
  PATH: INT8 RVV widening GEMM (INT8 x INT8 -> INT32)
  TILE: 8x4 ZVL=256b LMUL=mf2 UNROLL=2
  WORK: M=1024 N=1024 K=1024 tile_N=16 runs=6
  CORES: cores 0-7 execute RVV kernels
  INPUT_CONTRACT: CANONICAL_FULL_MATRIX
PRIMARY_SOURCE=/home/bananapi/MAT/kernels riscv rvv 1.0/FINAL/riscv-rvv-ime-gemm-microkernels-updated/GEMM_RVV_FP32_INT8_8x4_Baseline/RVV_IGEMM_INT8_I8I32_8x4/igemm_kernel_8x4_zvl256b_lmulmf2_unroll2/igemm_kernel_8x4_zvl256b_lmulmf2_unroll2_i8i32.c
    run 1: OK GOPS=13.502669 time=0.159041416 threads=8 validation=1
      schedule: static chunk=0
      workers: 0:cpu0:tiles8;1:cpu1:tiles8;2:cpu2:tiles8;3:cpu3:tiles8;4:cpu4:tiles8;5:cpu5:tiles8;6:cpu6:tiles8;7:cpu7:tiles8
    run 2: OK GOPS=13.998241 time=0.153410960 threads=8 validation=0
      schedule: static chunk=0
      workers: 0:cpu0:tiles8;1:cpu1:tiles8;2:cpu2:tiles8;3:cpu3:tiles8;4:cpu4:tiles8;5:cpu5:tiles8;6:cpu6:tiles8;7:cpu7:tiles8
    run 3: OK GOPS=13.256866 time=0.161990292 threads=8 validation=0
      schedule: static chunk=0
      workers: 0:cpu0:tiles8;1:cpu1:tiles8;2:cpu2:tiles8;3:cpu3:tiles8;4:cpu4:tiles8;5:cpu5:tiles8;6:cpu6:tiles8;7:cpu7:tiles8
    run 4: OK GOPS=13.474689 time=0.159371667 threads=8 validation=0
      schedule: static chunk=0
      workers: 0:cpu0:tiles8;1:cpu1:tiles8;2:cpu2:tiles8;3:cpu3:tiles8;4:cpu4:tiles8;5:cpu5:tiles8;6:cpu6:tiles8;7:cpu7:tiles8
    run 5: OK GOPS=13.553503 time=0.158444915 threads=8 validation=0
      schedule: static chunk=0
      workers: 0:cpu0:tiles8;1:cpu1:tiles8;2:cpu2:tiles8;3:cpu3:tiles8;4:cpu4:tiles8;5:cpu5:tiles8;6:cpu6:tiles8;7:cpu7:tiles8
    run 6: OK GOPS=13.530457 time=0.158714794 threads=8 validation=0
      schedule: static chunk=0
      workers: 0:cpu0:tiles8;1:cpu1:tiles8;2:cpu2:tiles8;3:cpu3:tiles8;4:cpu4:tiles8;5:cpu5:tiles8;6:cpu6:tiles8;7:cpu7:tiles8
============================================================
KERNEL: igemm_kernel_8x4_zvl256b_lmulmf2_unroll4_i8i32
  MODE: K1 all-core RVV OpenMP baseline
  BASELINE: GEMM_RVV_FP32_INT8_8x4_Baseline
  FAMILY: RVV_IGEMM_INT8_I8I32_8x4
  PATH: INT8 RVV widening GEMM (INT8 x INT8 -> INT32)
  TILE: 8x4 ZVL=256b LMUL=mf2 UNROLL=4
  WORK: M=1024 N=1024 K=1024 tile_N=16 runs=6
  CORES: cores 0-7 execute RVV kernels
  INPUT_CONTRACT: CANONICAL_FULL_MATRIX
PRIMARY_SOURCE=/home/bananapi/MAT/kernels riscv rvv 1.0/FINAL/riscv-rvv-ime-gemm-microkernels-updated/GEMM_RVV_FP32_INT8_8x4_Baseline/RVV_IGEMM_INT8_I8I32_8x4/igemm_kernel_8x4_zvl256b_lmulmf2_unroll4/igemm_kernel_8x4_zvl256b_lmulmf2_unroll4_i8i32.c
    run 1: OK GOPS=13.545499 time=0.158538543 threads=8 validation=1
      schedule: static chunk=0
      workers: 0:cpu0:tiles8;1:cpu1:tiles8;2:cpu2:tiles8;3:cpu3:tiles8;4:cpu4:tiles8;5:cpu5:tiles8;6:cpu6:tiles8;7:cpu7:tiles8
    run 2: OK GOPS=13.672630 time=0.157064419 threads=8 validation=0
      schedule: static chunk=0
      workers: 0:cpu0:tiles8;1:cpu1:tiles8;2:cpu2:tiles8;3:cpu3:tiles8;4:cpu4:tiles8;5:cpu5:tiles8;6:cpu6:tiles8;7:cpu7:tiles8
    run 3: OK GOPS=13.545912 time=0.158533707 threads=8 validation=0
      schedule: static chunk=0
      workers: 0:cpu0:tiles8;1:cpu1:tiles8;2:cpu2:tiles8;3:cpu3:tiles8;4:cpu4:tiles8;5:cpu5:tiles8;6:cpu6:tiles8;7:cpu7:tiles8
    run 4: OK GOPS=13.730802 time=0.156399000 threads=8 validation=0
      schedule: static chunk=0
      workers: 0:cpu0:tiles8;1:cpu1:tiles8;2:cpu2:tiles8;3:cpu3:tiles8;4:cpu4:tiles8;5:cpu5:tiles8;6:cpu6:tiles8;7:cpu7:tiles8
    run 5: OK GOPS=13.709362 time=0.156643584 threads=8 validation=0
      schedule: static chunk=0
      workers: 0:cpu0:tiles8;1:cpu1:tiles8;2:cpu2:tiles8;3:cpu3:tiles8;4:cpu4:tiles8;5:cpu5:tiles8;6:cpu6:tiles8;7:cpu7:tiles8
    run 6: OK GOPS=13.420546 time=0.160014626 threads=8 validation=0
      schedule: static chunk=0
      workers: 0:cpu0:tiles8;1:cpu1:tiles8;2:cpu2:tiles8;3:cpu3:tiles8;4:cpu4:tiles8;5:cpu5:tiles8;6:cpu6:tiles8;7:cpu7:tiles8
============================================================
KERNEL: igemm_kernel_8x4_zvl256b_lmulmf2_unroll8_i8i32
  MODE: K1 all-core RVV OpenMP baseline
  BASELINE: GEMM_RVV_FP32_INT8_8x4_Baseline
  FAMILY: RVV_IGEMM_INT8_I8I32_8x4
  PATH: INT8 RVV widening GEMM (INT8 x INT8 -> INT32)
  TILE: 8x4 ZVL=256b LMUL=mf2 UNROLL=8
  WORK: M=1024 N=1024 K=1024 tile_N=16 runs=6
  CORES: cores 0-7 execute RVV kernels
  INPUT_CONTRACT: CANONICAL_FULL_MATRIX
PRIMARY_SOURCE=/home/bananapi/MAT/kernels riscv rvv 1.0/FINAL/riscv-rvv-ime-gemm-microkernels-updated/GEMM_RVV_FP32_INT8_8x4_Baseline/RVV_IGEMM_INT8_I8I32_8x4/igemm_kernel_8x4_zvl256b_lmulmf2_unroll8/igemm_kernel_8x4_zvl256b_lmulmf2_unroll8_i8i32.c
    run 1: OK GOPS=13.410904 time=0.160129666 threads=8 validation=1
      schedule: static chunk=0
      workers: 0:cpu0:tiles8;1:cpu1:tiles8;2:cpu2:tiles8;3:cpu3:tiles8;4:cpu4:tiles8;5:cpu5:tiles8;6:cpu6:tiles8;7:cpu7:tiles8
    run 2: OK GOPS=13.957947 time=0.153853834 threads=8 validation=0
      schedule: static chunk=0
      workers: 0:cpu0:tiles8;1:cpu1:tiles8;2:cpu2:tiles8;3:cpu3:tiles8;4:cpu4:tiles8;5:cpu5:tiles8;6:cpu6:tiles8;7:cpu7:tiles8
    run 3: OK GOPS=13.531015 time=0.158708248 threads=8 validation=0
      schedule: static chunk=0
      workers: 0:cpu0:tiles8;1:cpu1:tiles8;2:cpu2:tiles8;3:cpu3:tiles8;4:cpu4:tiles8;5:cpu5:tiles8;6:cpu6:tiles8;7:cpu7:tiles8
    run 4: OK GOPS=12.959747 time=0.165704127 threads=8 validation=0
      schedule: static chunk=0
      workers: 0:cpu0:tiles8;1:cpu1:tiles8;2:cpu2:tiles8;3:cpu3:tiles8;4:cpu4:tiles8;5:cpu5:tiles8;6:cpu6:tiles8;7:cpu7:tiles8
    run 5: OK GOPS=13.602990 time=0.157868501 threads=8 validation=0
      schedule: static chunk=0
      workers: 0:cpu0:tiles8;1:cpu1:tiles8;2:cpu2:tiles8;3:cpu3:tiles8;4:cpu4:tiles8;5:cpu5:tiles8;6:cpu6:tiles8;7:cpu7:tiles8
    run 6: OK GOPS=12.661876 time=0.169602334 threads=8 validation=0
      schedule: static chunk=0
      workers: 0:cpu0:tiles8;1:cpu1:tiles8;2:cpu2:tiles8;3:cpu3:tiles8;4:cpu4:tiles8;5:cpu5:tiles8;6:cpu6:tiles8;7:cpu7:tiles8
============================================================
KERNEL: igemm_kernel_8x4_zvl256b_lmulmf4_unroll1_i8i32
  MODE: K1 all-core RVV OpenMP baseline
  BASELINE: GEMM_RVV_FP32_INT8_8x4_Baseline
  FAMILY: RVV_IGEMM_INT8_I8I32_8x4
  PATH: INT8 RVV widening GEMM (INT8 x INT8 -> INT32)
  TILE: 8x4 ZVL=256b LMUL=mf4 UNROLL=1
  WORK: M=1024 N=1024 K=1024 tile_N=16 runs=6
  CORES: cores 0-7 execute RVV kernels
  INPUT_CONTRACT: CANONICAL_FULL_MATRIX
PRIMARY_SOURCE=/home/bananapi/MAT/kernels riscv rvv 1.0/FINAL/riscv-rvv-ime-gemm-microkernels-updated/GEMM_RVV_FP32_INT8_8x4_Baseline/RVV_IGEMM_INT8_I8I32_8x4/igemm_kernel_8x4_zvl256b_lmulmf4_unroll1/igemm_kernel_8x4_zvl256b_lmulmf4_unroll1_i8i32.c
    run 1: OK GOPS=15.038620 time=0.142797917 threads=8 validation=1
      schedule: static chunk=0
      workers: 0:cpu0:tiles8;1:cpu1:tiles8;2:cpu2:tiles8;3:cpu3:tiles8;4:cpu4:tiles8;5:cpu5:tiles8;6:cpu6:tiles8;7:cpu7:tiles8
    run 2: OK GOPS=15.139859 time=0.141843040 threads=8 validation=0
      schedule: static chunk=0
      workers: 0:cpu0:tiles8;1:cpu1:tiles8;2:cpu2:tiles8;3:cpu3:tiles8;4:cpu4:tiles8;5:cpu5:tiles8;6:cpu6:tiles8;7:cpu7:tiles8
    run 3: OK GOPS=15.346321 time=0.139934752 threads=8 validation=0
      schedule: static chunk=0
      workers: 0:cpu0:tiles8;1:cpu1:tiles8;2:cpu2:tiles8;3:cpu3:tiles8;4:cpu4:tiles8;5:cpu5:tiles8;6:cpu6:tiles8;7:cpu7:tiles8
    run 4: OK GOPS=15.239027 time=0.140919998 threads=8 validation=0
      schedule: static chunk=0
      workers: 0:cpu0:tiles8;1:cpu1:tiles8;2:cpu2:tiles8;3:cpu3:tiles8;4:cpu4:tiles8;5:cpu5:tiles8;6:cpu6:tiles8;7:cpu7:tiles8
    run 5: OK GOPS=14.161232 time=0.151645251 threads=8 validation=0
      schedule: static chunk=0
      workers: 0:cpu0:tiles8;1:cpu1:tiles8;2:cpu2:tiles8;3:cpu3:tiles8;4:cpu4:tiles8;5:cpu5:tiles8;6:cpu6:tiles8;7:cpu7:tiles8
    run 6: OK GOPS=15.438110 time=0.139102753 threads=8 validation=0
      schedule: static chunk=0
      workers: 0:cpu0:tiles8;1:cpu1:tiles8;2:cpu2:tiles8;3:cpu3:tiles8;4:cpu4:tiles8;5:cpu5:tiles8;6:cpu6:tiles8;7:cpu7:tiles8
============================================================
KERNEL: igemm_kernel_8x4_zvl256b_lmulmf4_unroll2_i8i32
  MODE: K1 all-core RVV OpenMP baseline
  BASELINE: GEMM_RVV_FP32_INT8_8x4_Baseline
  FAMILY: RVV_IGEMM_INT8_I8I32_8x4
  PATH: INT8 RVV widening GEMM (INT8 x INT8 -> INT32)
  TILE: 8x4 ZVL=256b LMUL=mf4 UNROLL=2
  WORK: M=1024 N=1024 K=1024 tile_N=16 runs=6
  CORES: cores 0-7 execute RVV kernels
  INPUT_CONTRACT: CANONICAL_FULL_MATRIX
PRIMARY_SOURCE=/home/bananapi/MAT/kernels riscv rvv 1.0/FINAL/riscv-rvv-ime-gemm-microkernels-updated/GEMM_RVV_FP32_INT8_8x4_Baseline/RVV_IGEMM_INT8_I8I32_8x4/igemm_kernel_8x4_zvl256b_lmulmf4_unroll2/igemm_kernel_8x4_zvl256b_lmulmf4_unroll2_i8i32.c
    run 1: OK GOPS=13.725521 time=0.156459168 threads=8 validation=1
      schedule: static chunk=0
      workers: 0:cpu0:tiles8;1:cpu1:tiles8;2:cpu2:tiles8;3:cpu3:tiles8;4:cpu4:tiles8;5:cpu5:tiles8;6:cpu6:tiles8;7:cpu7:tiles8
    run 2: OK GOPS=15.519206 time=0.138375875 threads=8 validation=0
      schedule: static chunk=0
      workers: 0:cpu0:tiles8;1:cpu1:tiles8;2:cpu2:tiles8;3:cpu3:tiles8;4:cpu4:tiles8;5:cpu5:tiles8;6:cpu6:tiles8;7:cpu7:tiles8
    run 3: OK GOPS=15.958313 time=0.134568334 threads=8 validation=0
      schedule: static chunk=0
      workers: 0:cpu0:tiles8;1:cpu1:tiles8;2:cpu2:tiles8;3:cpu3:tiles8;4:cpu4:tiles8;5:cpu5:tiles8;6:cpu6:tiles8;7:cpu7:tiles8
    run 4: OK GOPS=15.624848 time=0.137440290 threads=8 validation=0
      schedule: static chunk=0
      workers: 0:cpu0:tiles8;1:cpu1:tiles8;2:cpu2:tiles8;3:cpu3:tiles8;4:cpu4:tiles8;5:cpu5:tiles8;6:cpu6:tiles8;7:cpu7:tiles8
    run 5: OK GOPS=16.136328 time=0.133083791 threads=8 validation=0
      schedule: static chunk=0
      workers: 0:cpu0:tiles8;1:cpu1:tiles8;2:cpu2:tiles8;3:cpu3:tiles8;4:cpu4:tiles8;5:cpu5:tiles8;6:cpu6:tiles8;7:cpu7:tiles8
    run 6: OK GOPS=14.563251 time=0.147459082 threads=8 validation=0
      schedule: static chunk=0
      workers: 0:cpu0:tiles8;1:cpu1:tiles8;2:cpu2:tiles8;3:cpu3:tiles8;4:cpu4:tiles8;5:cpu5:tiles8;6:cpu6:tiles8;7:cpu7:tiles8
============================================================
KERNEL: igemm_kernel_8x4_zvl256b_lmulmf4_unroll4_i8i32
  MODE: K1 all-core RVV OpenMP baseline
  BASELINE: GEMM_RVV_FP32_INT8_8x4_Baseline
  FAMILY: RVV_IGEMM_INT8_I8I32_8x4
  PATH: INT8 RVV widening GEMM (INT8 x INT8 -> INT32)
  TILE: 8x4 ZVL=256b LMUL=mf4 UNROLL=4
  WORK: M=1024 N=1024 K=1024 tile_N=16 runs=6
  CORES: cores 0-7 execute RVV kernels
  INPUT_CONTRACT: CANONICAL_FULL_MATRIX
PRIMARY_SOURCE=/home/bananapi/MAT/kernels riscv rvv 1.0/FINAL/riscv-rvv-ime-gemm-microkernels-updated/GEMM_RVV_FP32_INT8_8x4_Baseline/RVV_IGEMM_INT8_I8I32_8x4/igemm_kernel_8x4_zvl256b_lmulmf4_unroll4/igemm_kernel_8x4_zvl256b_lmulmf4_unroll4_i8i32.c
    run 1: OK GOPS=15.130121 time=0.141934335 threads=8 validation=1
      schedule: static chunk=0
      workers: 0:cpu0:tiles8;1:cpu1:tiles8;2:cpu2:tiles8;3:cpu3:tiles8;4:cpu4:tiles8;5:cpu5:tiles8;6:cpu6:tiles8;7:cpu7:tiles8
    run 2: OK GOPS=15.803738 time=0.135884542 threads=8 validation=0
      schedule: static chunk=0
      workers: 0:cpu0:tiles8;1:cpu1:tiles8;2:cpu2:tiles8;3:cpu3:tiles8;4:cpu4:tiles8;5:cpu5:tiles8;6:cpu6:tiles8;7:cpu7:tiles8
    run 3: OK GOPS=15.311544 time=0.140252583 threads=8 validation=0
      schedule: static chunk=0
      workers: 0:cpu0:tiles8;1:cpu1:tiles8;2:cpu2:tiles8;3:cpu3:tiles8;4:cpu4:tiles8;5:cpu5:tiles8;6:cpu6:tiles8;7:cpu7:tiles8
    run 4: OK GOPS=15.316235 time=0.140209626 threads=8 validation=0
      schedule: static chunk=0
      workers: 0:cpu0:tiles8;1:cpu1:tiles8;2:cpu2:tiles8;3:cpu3:tiles8;4:cpu4:tiles8;5:cpu5:tiles8;6:cpu6:tiles8;7:cpu7:tiles8
    run 5: OK GOPS=15.540226 time=0.138188705 threads=8 validation=0
      schedule: static chunk=0
      workers: 0:cpu0:tiles8;1:cpu1:tiles8;2:cpu2:tiles8;3:cpu3:tiles8;4:cpu4:tiles8;5:cpu5:tiles8;6:cpu6:tiles8;7:cpu7:tiles8
    run 6: OK GOPS=14.194329 time=0.151291665 threads=8 validation=0
      schedule: static chunk=0
      workers: 0:cpu0:tiles8;1:cpu1:tiles8;2:cpu2:tiles8;3:cpu3:tiles8;4:cpu4:tiles8;5:cpu5:tiles8;6:cpu6:tiles8;7:cpu7:tiles8
============================================================
KERNEL: igemm_kernel_8x4_zvl256b_lmulmf4_unroll8_i8i32
  MODE: K1 all-core RVV OpenMP baseline
  BASELINE: GEMM_RVV_FP32_INT8_8x4_Baseline
  FAMILY: RVV_IGEMM_INT8_I8I32_8x4
  PATH: INT8 RVV widening GEMM (INT8 x INT8 -> INT32)
  TILE: 8x4 ZVL=256b LMUL=mf4 UNROLL=8
  WORK: M=1024 N=1024 K=1024 tile_N=16 runs=6
  CORES: cores 0-7 execute RVV kernels
  INPUT_CONTRACT: CANONICAL_FULL_MATRIX
PRIMARY_SOURCE=/home/bananapi/MAT/kernels riscv rvv 1.0/FINAL/riscv-rvv-ime-gemm-microkernels-updated/GEMM_RVV_FP32_INT8_8x4_Baseline/RVV_IGEMM_INT8_I8I32_8x4/igemm_kernel_8x4_zvl256b_lmulmf4_unroll8/igemm_kernel_8x4_zvl256b_lmulmf4_unroll8_i8i32.c
    run 1: OK GOPS=15.106219 time=0.142158914 threads=8 validation=1
      schedule: static chunk=0
      workers: 0:cpu0:tiles8;1:cpu1:tiles8;2:cpu2:tiles8;3:cpu3:tiles8;4:cpu4:tiles8;5:cpu5:tiles8;6:cpu6:tiles8;7:cpu7:tiles8
    run 2: OK GOPS=15.521786 time=0.138352875 threads=8 validation=0
      schedule: static chunk=0
      workers: 0:cpu0:tiles8;1:cpu1:tiles8;2:cpu2:tiles8;3:cpu3:tiles8;4:cpu4:tiles8;5:cpu5:tiles8;6:cpu6:tiles8;7:cpu7:tiles8
    run 3: OK GOPS=14.720500 time=0.145883877 threads=8 validation=0
      schedule: static chunk=0
      workers: 0:cpu0:tiles8;1:cpu1:tiles8;2:cpu2:tiles8;3:cpu3:tiles8;4:cpu4:tiles8;5:cpu5:tiles8;6:cpu6:tiles8;7:cpu7:tiles8
    run 4: OK GOPS=15.675063 time=0.137000002 threads=8 validation=0
      schedule: static chunk=0
      workers: 0:cpu0:tiles8;1:cpu1:tiles8;2:cpu2:tiles8;3:cpu3:tiles8;4:cpu4:tiles8;5:cpu5:tiles8;6:cpu6:tiles8;7:cpu7:tiles8
    run 5: OK GOPS=16.183866 time=0.132692873 threads=8 validation=0
      schedule: static chunk=0
      workers: 0:cpu0:tiles8;1:cpu1:tiles8;2:cpu2:tiles8;3:cpu3:tiles8;4:cpu4:tiles8;5:cpu5:tiles8;6:cpu6:tiles8;7:cpu7:tiles8
    run 6: OK GOPS=15.613161 time=0.137543168 threads=8 validation=0
      schedule: static chunk=0
      workers: 0:cpu0:tiles8;1:cpu1:tiles8;2:cpu2:tiles8;3:cpu3:tiles8;4:cpu4:tiles8;5:cpu5:tiles8;6:cpu6:tiles8;7:cpu7:tiles8
============================================================
KERNEL: igemm_kernel_8x4_zvl256b_lmulmf8_unroll1_i8i32
  MODE: K1 all-core RVV OpenMP baseline
  BASELINE: GEMM_RVV_FP32_INT8_8x4_Baseline
  FAMILY: RVV_IGEMM_INT8_I8I32_8x4
  PATH: INT8 RVV widening GEMM (INT8 x INT8 -> INT32)
  TILE: 8x4 ZVL=256b LMUL=mf8 UNROLL=1
  WORK: M=1024 N=1024 K=1024 tile_N=16 runs=6
  CORES: cores 0-7 execute RVV kernels
  INPUT_CONTRACT: CANONICAL_FULL_MATRIX
PRIMARY_SOURCE=/home/bananapi/MAT/kernels riscv rvv 1.0/FINAL/riscv-rvv-ime-gemm-microkernels-updated/GEMM_RVV_FP32_INT8_8x4_Baseline/RVV_IGEMM_INT8_I8I32_8x4/igemm_kernel_8x4_zvl256b_lmulmf8_unroll1/igemm_kernel_8x4_zvl256b_lmulmf8_unroll1_i8i32.c
    run 1: OK GOPS=15.564713 time=0.137971293 threads=8 validation=1
      schedule: static chunk=0
      workers: 0:cpu0:tiles8;1:cpu1:tiles8;2:cpu2:tiles8;3:cpu3:tiles8;4:cpu4:tiles8;5:cpu5:tiles8;6:cpu6:tiles8;7:cpu7:tiles8
    run 2: OK GOPS=15.197990 time=0.141300499 threads=8 validation=0
      schedule: static chunk=0
      workers: 0:cpu0:tiles8;1:cpu1:tiles8;2:cpu2:tiles8;3:cpu3:tiles8;4:cpu4:tiles8;5:cpu5:tiles8;6:cpu6:tiles8;7:cpu7:tiles8
    run 3: OK GOPS=15.010082 time=0.143069416 threads=8 validation=0
      schedule: static chunk=0
      workers: 0:cpu0:tiles8;1:cpu1:tiles8;2:cpu2:tiles8;3:cpu3:tiles8;4:cpu4:tiles8;5:cpu5:tiles8;6:cpu6:tiles8;7:cpu7:tiles8
    run 4: OK GOPS=15.616402 time=0.137514625 threads=8 validation=0
      schedule: static chunk=0
      workers: 0:cpu0:tiles8;1:cpu1:tiles8;2:cpu2:tiles8;3:cpu3:tiles8;4:cpu4:tiles8;5:cpu5:tiles8;6:cpu6:tiles8;7:cpu7:tiles8
    run 5: OK GOPS=16.121755 time=0.133204084 threads=8 validation=0
      schedule: static chunk=0
      workers: 0:cpu0:tiles8;1:cpu1:tiles8;2:cpu2:tiles8;3:cpu3:tiles8;4:cpu4:tiles8;5:cpu5:tiles8;6:cpu6:tiles8;7:cpu7:tiles8
    run 6: OK GOPS=15.480558 time=0.138721332 threads=8 validation=0
      schedule: static chunk=0
      workers: 0:cpu0:tiles8;1:cpu1:tiles8;2:cpu2:tiles8;3:cpu3:tiles8;4:cpu4:tiles8;5:cpu5:tiles8;6:cpu6:tiles8;7:cpu7:tiles8
============================================================
KERNEL: igemm_kernel_8x4_zvl256b_lmulmf8_unroll2_i8i32
  MODE: K1 all-core RVV OpenMP baseline
  BASELINE: GEMM_RVV_FP32_INT8_8x4_Baseline
  FAMILY: RVV_IGEMM_INT8_I8I32_8x4
  PATH: INT8 RVV widening GEMM (INT8 x INT8 -> INT32)
  TILE: 8x4 ZVL=256b LMUL=mf8 UNROLL=2
  WORK: M=1024 N=1024 K=1024 tile_N=16 runs=6
  CORES: cores 0-7 execute RVV kernels
  INPUT_CONTRACT: CANONICAL_FULL_MATRIX
PRIMARY_SOURCE=/home/bananapi/MAT/kernels riscv rvv 1.0/FINAL/riscv-rvv-ime-gemm-microkernels-updated/GEMM_RVV_FP32_INT8_8x4_Baseline/RVV_IGEMM_INT8_I8I32_8x4/igemm_kernel_8x4_zvl256b_lmulmf8_unroll2/igemm_kernel_8x4_zvl256b_lmulmf8_unroll2_i8i32.c
    run 1: OK GOPS=15.335107 time=0.140037086 threads=8 validation=1
      schedule: static chunk=0
      workers: 0:cpu0:tiles8;1:cpu1:tiles8;2:cpu2:tiles8;3:cpu3:tiles8;4:cpu4:tiles8;5:cpu5:tiles8;6:cpu6:tiles8;7:cpu7:tiles8
    run 2: OK GOPS=16.147151 time=0.132994585 threads=8 validation=0
      schedule: static chunk=0
      workers: 0:cpu0:tiles8;1:cpu1:tiles8;2:cpu2:tiles8;3:cpu3:tiles8;4:cpu4:tiles8;5:cpu5:tiles8;6:cpu6:tiles8;7:cpu7:tiles8
    run 3: OK GOPS=15.851868 time=0.135471959 threads=8 validation=0
      schedule: static chunk=0
      workers: 0:cpu0:tiles8;1:cpu1:tiles8;2:cpu2:tiles8;3:cpu3:tiles8;4:cpu4:tiles8;5:cpu5:tiles8;6:cpu6:tiles8;7:cpu7:tiles8
    run 4: OK GOPS=16.312335 time=0.131647836 threads=8 validation=0
      schedule: static chunk=0
      workers: 0:cpu0:tiles8;1:cpu1:tiles8;2:cpu2:tiles8;3:cpu3:tiles8;4:cpu4:tiles8;5:cpu5:tiles8;6:cpu6:tiles8;7:cpu7:tiles8
    run 5: OK GOPS=15.600142 time=0.137657959 threads=8 validation=0
      schedule: static chunk=0
      workers: 0:cpu0:tiles8;1:cpu1:tiles8;2:cpu2:tiles8;3:cpu3:tiles8;4:cpu4:tiles8;5:cpu5:tiles8;6:cpu6:tiles8;7:cpu7:tiles8
    run 6: OK GOPS=16.063188 time=0.133689750 threads=8 validation=0
      schedule: static chunk=0
      workers: 0:cpu0:tiles8;1:cpu1:tiles8;2:cpu2:tiles8;3:cpu3:tiles8;4:cpu4:tiles8;5:cpu5:tiles8;6:cpu6:tiles8;7:cpu7:tiles8
============================================================
KERNEL: igemm_kernel_8x4_zvl256b_lmulmf8_unroll4_i8i32
  MODE: K1 all-core RVV OpenMP baseline
  BASELINE: GEMM_RVV_FP32_INT8_8x4_Baseline
  FAMILY: RVV_IGEMM_INT8_I8I32_8x4
  PATH: INT8 RVV widening GEMM (INT8 x INT8 -> INT32)
  TILE: 8x4 ZVL=256b LMUL=mf8 UNROLL=4
  WORK: M=1024 N=1024 K=1024 tile_N=16 runs=6
  CORES: cores 0-7 execute RVV kernels
  INPUT_CONTRACT: CANONICAL_FULL_MATRIX
PRIMARY_SOURCE=/home/bananapi/MAT/kernels riscv rvv 1.0/FINAL/riscv-rvv-ime-gemm-microkernels-updated/GEMM_RVV_FP32_INT8_8x4_Baseline/RVV_IGEMM_INT8_I8I32_8x4/igemm_kernel_8x4_zvl256b_lmulmf8_unroll4/igemm_kernel_8x4_zvl256b_lmulmf8_unroll4_i8i32.c
    run 1: OK GOPS=16.042009 time=0.133866251 threads=8 validation=1
      schedule: static chunk=0
      workers: 0:cpu0:tiles8;1:cpu1:tiles8;2:cpu2:tiles8;3:cpu3:tiles8;4:cpu4:tiles8;5:cpu5:tiles8;6:cpu6:tiles8;7:cpu7:tiles8
    run 2: OK GOPS=15.624052 time=0.137447294 threads=8 validation=0
      schedule: static chunk=0
      workers: 0:cpu0:tiles8;1:cpu1:tiles8;2:cpu2:tiles8;3:cpu3:tiles8;4:cpu4:tiles8;5:cpu5:tiles8;6:cpu6:tiles8;7:cpu7:tiles8
    run 3: OK GOPS=15.024723 time=0.142929997 threads=8 validation=0
      schedule: static chunk=0
      workers: 0:cpu0:tiles8;1:cpu1:tiles8;2:cpu2:tiles8;3:cpu3:tiles8;4:cpu4:tiles8;5:cpu5:tiles8;6:cpu6:tiles8;7:cpu7:tiles8
    run 4: OK GOPS=15.560104 time=0.138012167 threads=8 validation=0
      schedule: static chunk=0
      workers: 0:cpu0:tiles8;1:cpu1:tiles8;2:cpu2:tiles8;3:cpu3:tiles8;4:cpu4:tiles8;5:cpu5:tiles8;6:cpu6:tiles8;7:cpu7:tiles8
    run 5: OK GOPS=15.559507 time=0.138017461 threads=8 validation=0
      schedule: static chunk=0
      workers: 0:cpu0:tiles8;1:cpu1:tiles8;2:cpu2:tiles8;3:cpu3:tiles8;4:cpu4:tiles8;5:cpu5:tiles8;6:cpu6:tiles8;7:cpu7:tiles8
    run 6: OK GOPS=14.387367 time=0.149261750 threads=8 validation=0
      schedule: static chunk=0
      workers: 0:cpu0:tiles8;1:cpu1:tiles8;2:cpu2:tiles8;3:cpu3:tiles8;4:cpu4:tiles8;5:cpu5:tiles8;6:cpu6:tiles8;7:cpu7:tiles8
============================================================
KERNEL: igemm_kernel_8x4_zvl256b_lmulmf8_unroll8_i8i32
  MODE: K1 all-core RVV OpenMP baseline
  BASELINE: GEMM_RVV_FP32_INT8_8x4_Baseline
  FAMILY: RVV_IGEMM_INT8_I8I32_8x4
  PATH: INT8 RVV widening GEMM (INT8 x INT8 -> INT32)
  TILE: 8x4 ZVL=256b LMUL=mf8 UNROLL=8
  WORK: M=1024 N=1024 K=1024 tile_N=16 runs=6
  CORES: cores 0-7 execute RVV kernels
  INPUT_CONTRACT: CANONICAL_FULL_MATRIX
PRIMARY_SOURCE=/home/bananapi/MAT/kernels riscv rvv 1.0/FINAL/riscv-rvv-ime-gemm-microkernels-updated/GEMM_RVV_FP32_INT8_8x4_Baseline/RVV_IGEMM_INT8_I8I32_8x4/igemm_kernel_8x4_zvl256b_lmulmf8_unroll8/igemm_kernel_8x4_zvl256b_lmulmf8_unroll8_i8i32.c
    run 1: OK GOPS=15.157518 time=0.141677789 threads=8 validation=1
      schedule: static chunk=0
      workers: 0:cpu0:tiles8;1:cpu1:tiles8;2:cpu2:tiles8;3:cpu3:tiles8;4:cpu4:tiles8;5:cpu5:tiles8;6:cpu6:tiles8;7:cpu7:tiles8
    run 2: OK GOPS=15.486661 time=0.138666667 threads=8 validation=0
      schedule: static chunk=0
      workers: 0:cpu0:tiles8;1:cpu1:tiles8;2:cpu2:tiles8;3:cpu3:tiles8;4:cpu4:tiles8;5:cpu5:tiles8;6:cpu6:tiles8;7:cpu7:tiles8
    run 3: OK GOPS=15.399474 time=0.139451750 threads=8 validation=0
      schedule: static chunk=0
      workers: 0:cpu0:tiles8;1:cpu1:tiles8;2:cpu2:tiles8;3:cpu3:tiles8;4:cpu4:tiles8;5:cpu5:tiles8;6:cpu6:tiles8;7:cpu7:tiles8
    run 4: OK GOPS=16.027303 time=0.133989085 threads=8 validation=0
      schedule: static chunk=0
      workers: 0:cpu0:tiles8;1:cpu1:tiles8;2:cpu2:tiles8;3:cpu3:tiles8;4:cpu4:tiles8;5:cpu5:tiles8;6:cpu6:tiles8;7:cpu7:tiles8
    run 5: OK GOPS=16.102378 time=0.133364376 threads=8 validation=0
      schedule: static chunk=0
      workers: 0:cpu0:tiles8;1:cpu1:tiles8;2:cpu2:tiles8;3:cpu3:tiles8;4:cpu4:tiles8;5:cpu5:tiles8;6:cpu6:tiles8;7:cpu7:tiles8
    run 6: OK GOPS=15.596766 time=0.137687750 threads=8 validation=0
      schedule: static chunk=0
      workers: 0:cpu0:tiles8;1:cpu1:tiles8;2:cpu2:tiles8;3:cpu3:tiles8;4:cpu4:tiles8;5:cpu5:tiles8;6:cpu6:tiles8;7:cpu7:tiles8
============================================================
KERNEL: igemm_kernel_8x8_zvl256b_lmul1_unroll1_i8i32
  MODE: K1 all-core RVV OpenMP baseline
  BASELINE: GEMM_RVV_FP32_INT8_8x8_Baseline
  FAMILY: RVV_IGEMM_INT8_I8I32_8x8
  PATH: INT8 RVV widening GEMM (INT8 x INT8 -> INT32)
  TILE: 8x8 ZVL=256b LMUL=1 UNROLL=1
  WORK: M=1024 N=1024 K=1024 tile_N=16 runs=6
  CORES: cores 0-7 execute RVV kernels
  INPUT_CONTRACT: CANONICAL_FULL_MATRIX
PRIMARY_SOURCE=/home/bananapi/MAT/kernels riscv rvv 1.0/FINAL/riscv-rvv-ime-gemm-microkernels-updated/GEMM_RVV_FP32_INT8_8x8_Baseline/RVV_IGEMM_INT8_I8I32_8x8/igemm_kernel_8x8_zvl256b_lmul1_unroll1/igemm_kernel_8x8_zvl256b_lmul1_unroll1_i8i32.c
    run 1: OK GOPS=10.489917 time=0.204718832 threads=8 validation=1
      schedule: static chunk=0
      workers: 0:cpu0:tiles8;1:cpu1:tiles8;2:cpu2:tiles8;3:cpu3:tiles8;4:cpu4:tiles8;5:cpu5:tiles8;6:cpu6:tiles8;7:cpu7:tiles8
    run 2: OK GOPS=10.219437 time=0.210137170 threads=8 validation=0
      schedule: static chunk=0
      workers: 0:cpu0:tiles8;1:cpu1:tiles8;2:cpu2:tiles8;3:cpu3:tiles8;4:cpu4:tiles8;5:cpu5:tiles8;6:cpu6:tiles8;7:cpu7:tiles8
    run 3: OK GOPS=10.229742 time=0.209925499 threads=8 validation=0
      schedule: static chunk=0
      workers: 0:cpu0:tiles8;1:cpu1:tiles8;2:cpu2:tiles8;3:cpu3:tiles8;4:cpu4:tiles8;5:cpu5:tiles8;6:cpu6:tiles8;7:cpu7:tiles8
    run 4: OK GOPS=10.433018 time=0.205835331 threads=8 validation=0
      schedule: static chunk=0
      workers: 0:cpu0:tiles8;1:cpu1:tiles8;2:cpu2:tiles8;3:cpu3:tiles8;4:cpu4:tiles8;5:cpu5:tiles8;6:cpu6:tiles8;7:cpu7:tiles8
    run 5: OK GOPS=10.576603 time=0.203040961 threads=8 validation=0
      schedule: static chunk=0
      workers: 0:cpu0:tiles8;1:cpu1:tiles8;2:cpu2:tiles8;3:cpu3:tiles8;4:cpu4:tiles8;5:cpu5:tiles8;6:cpu6:tiles8;7:cpu7:tiles8
    run 6: OK GOPS=10.069915 time=0.213257376 threads=8 validation=0
      schedule: static chunk=0
      workers: 0:cpu0:tiles8;1:cpu1:tiles8;2:cpu2:tiles8;3:cpu3:tiles8;4:cpu4:tiles8;5:cpu5:tiles8;6:cpu6:tiles8;7:cpu7:tiles8
============================================================
KERNEL: igemm_kernel_8x8_zvl256b_lmul1_unroll2_i8i32
  MODE: K1 all-core RVV OpenMP baseline
  BASELINE: GEMM_RVV_FP32_INT8_8x8_Baseline
  FAMILY: RVV_IGEMM_INT8_I8I32_8x8
  PATH: INT8 RVV widening GEMM (INT8 x INT8 -> INT32)
  TILE: 8x8 ZVL=256b LMUL=1 UNROLL=2
  WORK: M=1024 N=1024 K=1024 tile_N=16 runs=6
  CORES: cores 0-7 execute RVV kernels
  INPUT_CONTRACT: CANONICAL_FULL_MATRIX
PRIMARY_SOURCE=/home/bananapi/MAT/kernels riscv rvv 1.0/FINAL/riscv-rvv-ime-gemm-microkernels-updated/GEMM_RVV_FP32_INT8_8x8_Baseline/RVV_IGEMM_INT8_I8I32_8x8/igemm_kernel_8x8_zvl256b_lmul1_unroll2/igemm_kernel_8x8_zvl256b_lmul1_unroll2_i8i32.c
    run 1: OK GOPS=9.212638 time=0.233101919 threads=8 validation=1
      schedule: static chunk=0
      workers: 0:cpu0:tiles8;1:cpu1:tiles8;2:cpu2:tiles8;3:cpu3:tiles8;4:cpu4:tiles8;5:cpu5:tiles8;6:cpu6:tiles8;7:cpu7:tiles8
    run 2: OK GOPS=8.848706 time=0.242688999 threads=8 validation=0
      schedule: static chunk=0
      workers: 0:cpu0:tiles8;1:cpu1:tiles8;2:cpu2:tiles8;3:cpu3:tiles8;4:cpu4:tiles8;5:cpu5:tiles8;6:cpu6:tiles8;7:cpu7:tiles8
    run 3: OK GOPS=9.204591 time=0.233305711 threads=8 validation=0
      schedule: static chunk=0
      workers: 0:cpu0:tiles8;1:cpu1:tiles8;2:cpu2:tiles8;3:cpu3:tiles8;4:cpu4:tiles8;5:cpu5:tiles8;6:cpu6:tiles8;7:cpu7:tiles8
    run 4: OK GOPS=9.019091 time=0.238104209 threads=8 validation=0
      schedule: static chunk=0
      workers: 0:cpu0:tiles8;1:cpu1:tiles8;2:cpu2:tiles8;3:cpu3:tiles8;4:cpu4:tiles8;5:cpu5:tiles8;6:cpu6:tiles8;7:cpu7:tiles8
    run 5: OK GOPS=9.229420 time=0.232678082 threads=8 validation=0
      schedule: static chunk=0
      workers: 0:cpu0:tiles8;1:cpu1:tiles8;2:cpu2:tiles8;3:cpu3:tiles8;4:cpu4:tiles8;5:cpu5:tiles8;6:cpu6:tiles8;7:cpu7:tiles8
    run 6: OK GOPS=9.365605 time=0.229294710 threads=8 validation=0
      schedule: static chunk=0
      workers: 0:cpu0:tiles8;1:cpu1:tiles8;2:cpu2:tiles8;3:cpu3:tiles8;4:cpu4:tiles8;5:cpu5:tiles8;6:cpu6:tiles8;7:cpu7:tiles8
============================================================
KERNEL: igemm_kernel_8x8_zvl256b_lmul1_unroll4_i8i32
  MODE: K1 all-core RVV OpenMP baseline
  BASELINE: GEMM_RVV_FP32_INT8_8x8_Baseline
  FAMILY: RVV_IGEMM_INT8_I8I32_8x8
  PATH: INT8 RVV widening GEMM (INT8 x INT8 -> INT32)
  TILE: 8x8 ZVL=256b LMUL=1 UNROLL=4
  WORK: M=1024 N=1024 K=1024 tile_N=16 runs=6
  CORES: cores 0-7 execute RVV kernels
  INPUT_CONTRACT: CANONICAL_FULL_MATRIX
PRIMARY_SOURCE=/home/bananapi/MAT/kernels riscv rvv 1.0/FINAL/riscv-rvv-ime-gemm-microkernels-updated/GEMM_RVV_FP32_INT8_8x8_Baseline/RVV_IGEMM_INT8_I8I32_8x8/igemm_kernel_8x8_zvl256b_lmul1_unroll4/igemm_kernel_8x8_zvl256b_lmul1_unroll4_i8i32.c
    run 1: OK GOPS=9.388856 time=0.228726879 threads=8 validation=1
      schedule: static chunk=0
      workers: 0:cpu0:tiles8;1:cpu1:tiles8;2:cpu2:tiles8;3:cpu3:tiles8;4:cpu4:tiles8;5:cpu5:tiles8;6:cpu6:tiles8;7:cpu7:tiles8
    run 2: OK GOPS=9.303828 time=0.230817210 threads=8 validation=0
      schedule: static chunk=0
      workers: 0:cpu0:tiles8;1:cpu1:tiles8;2:cpu2:tiles8;3:cpu3:tiles8;4:cpu4:tiles8;5:cpu5:tiles8;6:cpu6:tiles8;7:cpu7:tiles8
    run 3: OK GOPS=9.582651 time=0.224101208 threads=8 validation=0
      schedule: static chunk=0
      workers: 0:cpu0:tiles8;1:cpu1:tiles8;2:cpu2:tiles8;3:cpu3:tiles8;4:cpu4:tiles8;5:cpu5:tiles8;6:cpu6:tiles8;7:cpu7:tiles8
    run 4: OK GOPS=9.426913 time=0.227803499 threads=8 validation=0
      schedule: static chunk=0
      workers: 0:cpu0:tiles8;1:cpu1:tiles8;2:cpu2:tiles8;3:cpu3:tiles8;4:cpu4:tiles8;5:cpu5:tiles8;6:cpu6:tiles8;7:cpu7:tiles8
    run 5: OK GOPS=9.045142 time=0.237418458 threads=8 validation=0
      schedule: static chunk=0
      workers: 0:cpu0:tiles8;1:cpu1:tiles8;2:cpu2:tiles8;3:cpu3:tiles8;4:cpu4:tiles8;5:cpu5:tiles8;6:cpu6:tiles8;7:cpu7:tiles8
    run 6: OK GOPS=9.101226 time=0.235955417 threads=8 validation=0
      schedule: static chunk=0
      workers: 0:cpu0:tiles8;1:cpu1:tiles8;2:cpu2:tiles8;3:cpu3:tiles8;4:cpu4:tiles8;5:cpu5:tiles8;6:cpu6:tiles8;7:cpu7:tiles8
============================================================
KERNEL: igemm_kernel_8x8_zvl256b_lmul1_unroll8_i8i32
  MODE: K1 all-core RVV OpenMP baseline
  BASELINE: GEMM_RVV_FP32_INT8_8x8_Baseline
  FAMILY: RVV_IGEMM_INT8_I8I32_8x8
  PATH: INT8 RVV widening GEMM (INT8 x INT8 -> INT32)
  TILE: 8x8 ZVL=256b LMUL=1 UNROLL=8
  WORK: M=1024 N=1024 K=1024 tile_N=16 runs=6
  CORES: cores 0-7 execute RVV kernels
  INPUT_CONTRACT: CANONICAL_FULL_MATRIX
PRIMARY_SOURCE=/home/bananapi/MAT/kernels riscv rvv 1.0/FINAL/riscv-rvv-ime-gemm-microkernels-updated/GEMM_RVV_FP32_INT8_8x8_Baseline/RVV_IGEMM_INT8_I8I32_8x8/igemm_kernel_8x8_zvl256b_lmul1_unroll8/igemm_kernel_8x8_zvl256b_lmul1_unroll8_i8i32.c
    run 1: OK GOPS=10.264725 time=0.209210042 threads=8 validation=1
      schedule: static chunk=0
      workers: 0:cpu0:tiles8;1:cpu1:tiles8;2:cpu2:tiles8;3:cpu3:tiles8;4:cpu4:tiles8;5:cpu5:tiles8;6:cpu6:tiles8;7:cpu7:tiles8
    run 2: OK GOPS=9.733659 time=0.220624499 threads=8 validation=0
      schedule: static chunk=0
      workers: 0:cpu0:tiles8;1:cpu1:tiles8;2:cpu2:tiles8;3:cpu3:tiles8;4:cpu4:tiles8;5:cpu5:tiles8;6:cpu6:tiles8;7:cpu7:tiles8
    run 3: OK GOPS=9.758502 time=0.220062833 threads=8 validation=0
      schedule: static chunk=0
      workers: 0:cpu0:tiles8;1:cpu1:tiles8;2:cpu2:tiles8;3:cpu3:tiles8;4:cpu4:tiles8;5:cpu5:tiles8;6:cpu6:tiles8;7:cpu7:tiles8
    run 4: OK GOPS=10.149410 time=0.211587042 threads=8 validation=0
      schedule: static chunk=0
      workers: 0:cpu0:tiles8;1:cpu1:tiles8;2:cpu2:tiles8;3:cpu3:tiles8;4:cpu4:tiles8;5:cpu5:tiles8;6:cpu6:tiles8;7:cpu7:tiles8
    run 5: OK GOPS=10.194925 time=0.210642416 threads=8 validation=0
      schedule: static chunk=0
      workers: 0:cpu0:tiles8;1:cpu1:tiles8;2:cpu2:tiles8;3:cpu3:tiles8;4:cpu4:tiles8;5:cpu5:tiles8;6:cpu6:tiles8;7:cpu7:tiles8
    run 6: OK GOPS=10.044992 time=0.213786501 threads=8 validation=0
      schedule: static chunk=0
      workers: 0:cpu0:tiles8;1:cpu1:tiles8;2:cpu2:tiles8;3:cpu3:tiles8;4:cpu4:tiles8;5:cpu5:tiles8;6:cpu6:tiles8;7:cpu7:tiles8
============================================================
KERNEL: igemm_kernel_8x8_zvl256b_lmul2_unroll1_i8i32
  MODE: K1 all-core RVV OpenMP baseline
  BASELINE: GEMM_RVV_FP32_INT8_8x8_Baseline
  FAMILY: RVV_IGEMM_INT8_I8I32_8x8
  PATH: INT8 RVV widening GEMM (INT8 x INT8 -> INT32)
  TILE: 8x8 ZVL=256b LMUL=2 UNROLL=1
  WORK: M=1024 N=1024 K=1024 tile_N=16 runs=6
  CORES: cores 0-7 execute RVV kernels
  INPUT_CONTRACT: CANONICAL_FULL_MATRIX
PRIMARY_SOURCE=/home/bananapi/MAT/kernels riscv rvv 1.0/FINAL/riscv-rvv-ime-gemm-microkernels-updated/GEMM_RVV_FP32_INT8_8x8_Baseline/RVV_IGEMM_INT8_I8I32_8x8/igemm_kernel_8x8_zvl256b_lmul2_unroll1/igemm_kernel_8x8_zvl256b_lmul2_unroll1_i8i32.c
    run 1: OK GOPS=3.623372 time=0.592675418 threads=8 validation=1
      schedule: static chunk=0
      workers: 0:cpu0:tiles8;1:cpu1:tiles8;2:cpu2:tiles8;3:cpu3:tiles8;4:cpu4:tiles8;5:cpu5:tiles8;6:cpu6:tiles8;7:cpu7:tiles8
    run 2: OK GOPS=3.696939 time=0.580881625 threads=8 validation=0
      schedule: static chunk=0
      workers: 0:cpu0:tiles8;1:cpu1:tiles8;2:cpu2:tiles8;3:cpu3:tiles8;4:cpu4:tiles8;5:cpu5:tiles8;6:cpu6:tiles8;7:cpu7:tiles8
    run 3: OK GOPS=3.712620 time=0.578428041 threads=8 validation=0
      schedule: static chunk=0
      workers: 0:cpu0:tiles8;1:cpu1:tiles8;2:cpu2:tiles8;3:cpu3:tiles8;4:cpu4:tiles8;5:cpu5:tiles8;6:cpu6:tiles8;7:cpu7:tiles8
    run 4: OK GOPS=3.702692 time=0.579979040 threads=8 validation=0
      schedule: static chunk=0
      workers: 0:cpu0:tiles8;1:cpu1:tiles8;2:cpu2:tiles8;3:cpu3:tiles8;4:cpu4:tiles8;5:cpu5:tiles8;6:cpu6:tiles8;7:cpu7:tiles8
    run 5: OK GOPS=3.650362 time=0.588293333 threads=8 validation=0
      schedule: static chunk=0
      workers: 0:cpu0:tiles8;1:cpu1:tiles8;2:cpu2:tiles8;3:cpu3:tiles8;4:cpu4:tiles8;5:cpu5:tiles8;6:cpu6:tiles8;7:cpu7:tiles8
    run 6: OK GOPS=3.700861 time=0.580265917 threads=8 validation=0
      schedule: static chunk=0
      workers: 0:cpu0:tiles8;1:cpu1:tiles8;2:cpu2:tiles8;3:cpu3:tiles8;4:cpu4:tiles8;5:cpu5:tiles8;6:cpu6:tiles8;7:cpu7:tiles8
============================================================
KERNEL: igemm_kernel_8x8_zvl256b_lmul2_unroll2_i8i32
  MODE: K1 all-core RVV OpenMP baseline
  BASELINE: GEMM_RVV_FP32_INT8_8x8_Baseline
  FAMILY: RVV_IGEMM_INT8_I8I32_8x8
  PATH: INT8 RVV widening GEMM (INT8 x INT8 -> INT32)
  TILE: 8x8 ZVL=256b LMUL=2 UNROLL=2
  WORK: M=1024 N=1024 K=1024 tile_N=16 runs=6
  CORES: cores 0-7 execute RVV kernels
  INPUT_CONTRACT: CANONICAL_FULL_MATRIX
PRIMARY_SOURCE=/home/bananapi/MAT/kernels riscv rvv 1.0/FINAL/riscv-rvv-ime-gemm-microkernels-updated/GEMM_RVV_FP32_INT8_8x8_Baseline/RVV_IGEMM_INT8_I8I32_8x8/igemm_kernel_8x8_zvl256b_lmul2_unroll2/igemm_kernel_8x8_zvl256b_lmul2_unroll2_i8i32.c
    run 1: OK GOPS=3.579836 time=0.599883247 threads=8 validation=1
      schedule: static chunk=0
      workers: 0:cpu0:tiles8;1:cpu1:tiles8;2:cpu2:tiles8;3:cpu3:tiles8;4:cpu4:tiles8;5:cpu5:tiles8;6:cpu6:tiles8;7:cpu7:tiles8
    run 2: OK GOPS=3.755267 time=0.571859084 threads=8 validation=0
      schedule: static chunk=0
      workers: 0:cpu0:tiles8;1:cpu1:tiles8;2:cpu2:tiles8;3:cpu3:tiles8;4:cpu4:tiles8;5:cpu5:tiles8;6:cpu6:tiles8;7:cpu7:tiles8
    run 3: OK GOPS=3.739533 time=0.574265167 threads=8 validation=0
      schedule: static chunk=0
      workers: 0:cpu0:tiles8;1:cpu1:tiles8;2:cpu2:tiles8;3:cpu3:tiles8;4:cpu4:tiles8;5:cpu5:tiles8;6:cpu6:tiles8;7:cpu7:tiles8
    run 4: OK GOPS=3.687840 time=0.582314707 threads=8 validation=0
      schedule: static chunk=0
      workers: 0:cpu0:tiles8;1:cpu1:tiles8;2:cpu2:tiles8;3:cpu3:tiles8;4:cpu4:tiles8;5:cpu5:tiles8;6:cpu6:tiles8;7:cpu7:tiles8
    run 5: OK GOPS=3.716964 time=0.577752039 threads=8 validation=0
      schedule: static chunk=0
      workers: 0:cpu0:tiles8;1:cpu1:tiles8;2:cpu2:tiles8;3:cpu3:tiles8;4:cpu4:tiles8;5:cpu5:tiles8;6:cpu6:tiles8;7:cpu7:tiles8
    run 6: OK GOPS=3.733634 time=0.575172458 threads=8 validation=0
      schedule: static chunk=0
      workers: 0:cpu0:tiles8;1:cpu1:tiles8;2:cpu2:tiles8;3:cpu3:tiles8;4:cpu4:tiles8;5:cpu5:tiles8;6:cpu6:tiles8;7:cpu7:tiles8
============================================================
KERNEL: igemm_kernel_8x8_zvl256b_lmul2_unroll4_i8i32
  MODE: K1 all-core RVV OpenMP baseline
  BASELINE: GEMM_RVV_FP32_INT8_8x8_Baseline
  FAMILY: RVV_IGEMM_INT8_I8I32_8x8
  PATH: INT8 RVV widening GEMM (INT8 x INT8 -> INT32)
  TILE: 8x8 ZVL=256b LMUL=2 UNROLL=4
  WORK: M=1024 N=1024 K=1024 tile_N=16 runs=6
  CORES: cores 0-7 execute RVV kernels
  INPUT_CONTRACT: CANONICAL_FULL_MATRIX
PRIMARY_SOURCE=/home/bananapi/MAT/kernels riscv rvv 1.0/FINAL/riscv-rvv-ime-gemm-microkernels-updated/GEMM_RVV_FP32_INT8_8x8_Baseline/RVV_IGEMM_INT8_I8I32_8x8/igemm_kernel_8x8_zvl256b_lmul2_unroll4/igemm_kernel_8x8_zvl256b_lmul2_unroll4_i8i32.c
    run 1: OK GOPS=3.200099 time=0.671067793 threads=8 validation=1
      schedule: static chunk=0
      workers: 0:cpu0:tiles8;1:cpu1:tiles8;2:cpu2:tiles8;3:cpu3:tiles8;4:cpu4:tiles8;5:cpu5:tiles8;6:cpu6:tiles8;7:cpu7:tiles8
    run 2: OK GOPS=3.241874 time=0.662420414 threads=8 validation=0
      schedule: static chunk=0
      workers: 0:cpu0:tiles8;1:cpu1:tiles8;2:cpu2:tiles8;3:cpu3:tiles8;4:cpu4:tiles8;5:cpu5:tiles8;6:cpu6:tiles8;7:cpu7:tiles8
    run 3: OK GOPS=3.234481 time=0.663934540 threads=8 validation=0
      schedule: static chunk=0
      workers: 0:cpu0:tiles8;1:cpu1:tiles8;2:cpu2:tiles8;3:cpu3:tiles8;4:cpu4:tiles8;5:cpu5:tiles8;6:cpu6:tiles8;7:cpu7:tiles8
    run 4: OK GOPS=3.256768 time=0.659391001 threads=8 validation=0
      schedule: static chunk=0
      workers: 0:cpu0:tiles8;1:cpu1:tiles8;2:cpu2:tiles8;3:cpu3:tiles8;4:cpu4:tiles8;5:cpu5:tiles8;6:cpu6:tiles8;7:cpu7:tiles8
    run 5: OK GOPS=3.238889 time=0.663030878 threads=8 validation=0
      schedule: static chunk=0
      workers: 0:cpu0:tiles8;1:cpu1:tiles8;2:cpu2:tiles8;3:cpu3:tiles8;4:cpu4:tiles8;5:cpu5:tiles8;6:cpu6:tiles8;7:cpu7:tiles8
    run 6: OK GOPS=3.248016 time=0.661167748 threads=8 validation=0
      schedule: static chunk=0
      workers: 0:cpu0:tiles8;1:cpu1:tiles8;2:cpu2:tiles8;3:cpu3:tiles8;4:cpu4:tiles8;5:cpu5:tiles8;6:cpu6:tiles8;7:cpu7:tiles8
============================================================
KERNEL: igemm_kernel_8x8_zvl256b_lmul2_unroll8_i8i32
  MODE: K1 all-core RVV OpenMP baseline
  BASELINE: GEMM_RVV_FP32_INT8_8x8_Baseline
  FAMILY: RVV_IGEMM_INT8_I8I32_8x8
  PATH: INT8 RVV widening GEMM (INT8 x INT8 -> INT32)
  TILE: 8x8 ZVL=256b LMUL=2 UNROLL=8
  WORK: M=1024 N=1024 K=1024 tile_N=16 runs=6
  CORES: cores 0-7 execute RVV kernels
  INPUT_CONTRACT: CANONICAL_FULL_MATRIX
PRIMARY_SOURCE=/home/bananapi/MAT/kernels riscv rvv 1.0/FINAL/riscv-rvv-ime-gemm-microkernels-updated/GEMM_RVV_FP32_INT8_8x8_Baseline/RVV_IGEMM_INT8_I8I32_8x8/igemm_kernel_8x8_zvl256b_lmul2_unroll8/igemm_kernel_8x8_zvl256b_lmul2_unroll8_i8i32.c
    run 1: OK GOPS=3.874690 time=0.554233626 threads=8 validation=1
      schedule: static chunk=0
      workers: 0:cpu0:tiles8;1:cpu1:tiles8;2:cpu2:tiles8;3:cpu3:tiles8;4:cpu4:tiles8;5:cpu5:tiles8;6:cpu6:tiles8;7:cpu7:tiles8
    run 2: OK GOPS=3.828625 time=0.560902003 threads=8 validation=0
      schedule: static chunk=0
      workers: 0:cpu0:tiles8;1:cpu1:tiles8;2:cpu2:tiles8;3:cpu3:tiles8;4:cpu4:tiles8;5:cpu5:tiles8;6:cpu6:tiles8;7:cpu7:tiles8
    run 3: OK GOPS=3.842884 time=0.558820833 threads=8 validation=0
      schedule: static chunk=0
      workers: 0:cpu0:tiles8;1:cpu1:tiles8;2:cpu2:tiles8;3:cpu3:tiles8;4:cpu4:tiles8;5:cpu5:tiles8;6:cpu6:tiles8;7:cpu7:tiles8
    run 4: OK GOPS=3.882888 time=0.553063501 threads=8 validation=0
      schedule: static chunk=0
      workers: 0:cpu0:tiles8;1:cpu1:tiles8;2:cpu2:tiles8;3:cpu3:tiles8;4:cpu4:tiles8;5:cpu5:tiles8;6:cpu6:tiles8;7:cpu7:tiles8
    run 5: OK GOPS=3.850787 time=0.557673957 threads=8 validation=0
      schedule: static chunk=0
      workers: 0:cpu0:tiles8;1:cpu1:tiles8;2:cpu2:tiles8;3:cpu3:tiles8;4:cpu4:tiles8;5:cpu5:tiles8;6:cpu6:tiles8;7:cpu7:tiles8
    run 6: OK GOPS=3.879613 time=0.553530376 threads=8 validation=0
      schedule: static chunk=0
      workers: 0:cpu0:tiles8;1:cpu1:tiles8;2:cpu2:tiles8;3:cpu3:tiles8;4:cpu4:tiles8;5:cpu5:tiles8;6:cpu6:tiles8;7:cpu7:tiles8
============================================================
KERNEL: igemm_kernel_8x8_zvl256b_lmulmf2_unroll1_i8i32
  MODE: K1 all-core RVV OpenMP baseline
  BASELINE: GEMM_RVV_FP32_INT8_8x8_Baseline
  FAMILY: RVV_IGEMM_INT8_I8I32_8x8
  PATH: INT8 RVV widening GEMM (INT8 x INT8 -> INT32)
  TILE: 8x8 ZVL=256b LMUL=mf2 UNROLL=1
  WORK: M=1024 N=1024 K=1024 tile_N=16 runs=6
  CORES: cores 0-7 execute RVV kernels
  INPUT_CONTRACT: CANONICAL_FULL_MATRIX
PRIMARY_SOURCE=/home/bananapi/MAT/kernels riscv rvv 1.0/FINAL/riscv-rvv-ime-gemm-microkernels-updated/GEMM_RVV_FP32_INT8_8x8_Baseline/RVV_IGEMM_INT8_I8I32_8x8/igemm_kernel_8x8_zvl256b_lmulmf2_unroll1/igemm_kernel_8x8_zvl256b_lmulmf2_unroll1_i8i32.c
    run 1: OK GOPS=16.929621 time=0.126847707 threads=8 validation=1
      schedule: static chunk=0
      workers: 0:cpu0:tiles8;1:cpu1:tiles8;2:cpu2:tiles8;3:cpu3:tiles8;4:cpu4:tiles8;5:cpu5:tiles8;6:cpu6:tiles8;7:cpu7:tiles8
    run 2: OK GOPS=18.118638 time=0.118523460 threads=8 validation=0
      schedule: static chunk=0
      workers: 0:cpu0:tiles8;1:cpu1:tiles8;2:cpu2:tiles8;3:cpu3:tiles8;4:cpu4:tiles8;5:cpu5:tiles8;6:cpu6:tiles8;7:cpu7:tiles8
    run 3: OK GOPS=17.810411 time=0.120574627 threads=8 validation=0
      schedule: static chunk=0
      workers: 0:cpu0:tiles8;1:cpu1:tiles8;2:cpu2:tiles8;3:cpu3:tiles8;4:cpu4:tiles8;5:cpu5:tiles8;6:cpu6:tiles8;7:cpu7:tiles8
    run 4: OK GOPS=17.576237 time=0.122181080 threads=8 validation=0
      schedule: static chunk=0
      workers: 0:cpu0:tiles8;1:cpu1:tiles8;2:cpu2:tiles8;3:cpu3:tiles8;4:cpu4:tiles8;5:cpu5:tiles8;6:cpu6:tiles8;7:cpu7:tiles8
    run 5: OK GOPS=17.809728 time=0.120579250 threads=8 validation=0
      schedule: static chunk=0
      workers: 0:cpu0:tiles8;1:cpu1:tiles8;2:cpu2:tiles8;3:cpu3:tiles8;4:cpu4:tiles8;5:cpu5:tiles8;6:cpu6:tiles8;7:cpu7:tiles8
    run 6: OK GOPS=16.892550 time=0.127126083 threads=8 validation=0
      schedule: static chunk=0
      workers: 0:cpu0:tiles8;1:cpu1:tiles8;2:cpu2:tiles8;3:cpu3:tiles8;4:cpu4:tiles8;5:cpu5:tiles8;6:cpu6:tiles8;7:cpu7:tiles8
============================================================
KERNEL: igemm_kernel_8x8_zvl256b_lmulmf2_unroll2_i8i32
  MODE: K1 all-core RVV OpenMP baseline
  BASELINE: GEMM_RVV_FP32_INT8_8x8_Baseline
  FAMILY: RVV_IGEMM_INT8_I8I32_8x8
  PATH: INT8 RVV widening GEMM (INT8 x INT8 -> INT32)
  TILE: 8x8 ZVL=256b LMUL=mf2 UNROLL=2
  WORK: M=1024 N=1024 K=1024 tile_N=16 runs=6
  CORES: cores 0-7 execute RVV kernels
  INPUT_CONTRACT: CANONICAL_FULL_MATRIX
PRIMARY_SOURCE=/home/bananapi/MAT/kernels riscv rvv 1.0/FINAL/riscv-rvv-ime-gemm-microkernels-updated/GEMM_RVV_FP32_INT8_8x8_Baseline/RVV_IGEMM_INT8_I8I32_8x8/igemm_kernel_8x8_zvl256b_lmulmf2_unroll2/igemm_kernel_8x8_zvl256b_lmulmf2_unroll2_i8i32.c
    run 1: OK GOPS=17.606492 time=0.121971127 threads=8 validation=1
      schedule: static chunk=0
      workers: 0:cpu0:tiles8;1:cpu1:tiles8;2:cpu2:tiles8;3:cpu3:tiles8;4:cpu4:tiles8;5:cpu5:tiles8;6:cpu6:tiles8;7:cpu7:tiles8
    run 2: OK GOPS=17.852918 time=0.120287541 threads=8 validation=0
      schedule: static chunk=0
      workers: 0:cpu0:tiles8;1:cpu1:tiles8;2:cpu2:tiles8;3:cpu3:tiles8;4:cpu4:tiles8;5:cpu5:tiles8;6:cpu6:tiles8;7:cpu7:tiles8
    run 3: OK GOPS=18.034456 time=0.119076706 threads=8 validation=0
      schedule: static chunk=0
      workers: 0:cpu0:tiles8;1:cpu1:tiles8;2:cpu2:tiles8;3:cpu3:tiles8;4:cpu4:tiles8;5:cpu5:tiles8;6:cpu6:tiles8;7:cpu7:tiles8
    run 4: OK GOPS=18.001198 time=0.119296707 threads=8 validation=0
      schedule: static chunk=0
      workers: 0:cpu0:tiles8;1:cpu1:tiles8;2:cpu2:tiles8;3:cpu3:tiles8;4:cpu4:tiles8;5:cpu5:tiles8;6:cpu6:tiles8;7:cpu7:tiles8
    run 5: OK GOPS=17.888958 time=0.120045207 threads=8 validation=0
      schedule: static chunk=0
      workers: 0:cpu0:tiles8;1:cpu1:tiles8;2:cpu2:tiles8;3:cpu3:tiles8;4:cpu4:tiles8;5:cpu5:tiles8;6:cpu6:tiles8;7:cpu7:tiles8
    run 6: OK GOPS=17.642665 time=0.121721044 threads=8 validation=0
      schedule: static chunk=0
      workers: 0:cpu0:tiles8;1:cpu1:tiles8;2:cpu2:tiles8;3:cpu3:tiles8;4:cpu4:tiles8;5:cpu5:tiles8;6:cpu6:tiles8;7:cpu7:tiles8
============================================================
KERNEL: igemm_kernel_8x8_zvl256b_lmulmf2_unroll4_i8i32
  MODE: K1 all-core RVV OpenMP baseline
  BASELINE: GEMM_RVV_FP32_INT8_8x8_Baseline
  FAMILY: RVV_IGEMM_INT8_I8I32_8x8
  PATH: INT8 RVV widening GEMM (INT8 x INT8 -> INT32)
  TILE: 8x8 ZVL=256b LMUL=mf2 UNROLL=4
  WORK: M=1024 N=1024 K=1024 tile_N=16 runs=6
  CORES: cores 0-7 execute RVV kernels
  INPUT_CONTRACT: CANONICAL_FULL_MATRIX
PRIMARY_SOURCE=/home/bananapi/MAT/kernels riscv rvv 1.0/FINAL/riscv-rvv-ime-gemm-microkernels-updated/GEMM_RVV_FP32_INT8_8x8_Baseline/RVV_IGEMM_INT8_I8I32_8x8/igemm_kernel_8x8_zvl256b_lmulmf2_unroll4/igemm_kernel_8x8_zvl256b_lmulmf2_unroll4_i8i32.c
    run 1: OK GOPS=17.664876 time=0.121568002 threads=8 validation=1
      schedule: static chunk=0
      workers: 0:cpu0:tiles8;1:cpu1:tiles8;2:cpu2:tiles8;3:cpu3:tiles8;4:cpu4:tiles8;5:cpu5:tiles8;6:cpu6:tiles8;7:cpu7:tiles8
    run 2: OK GOPS=17.924308 time=0.119808458 threads=8 validation=0
      schedule: static chunk=0
      workers: 0:cpu0:tiles8;1:cpu1:tiles8;2:cpu2:tiles8;3:cpu3:tiles8;4:cpu4:tiles8;5:cpu5:tiles8;6:cpu6:tiles8;7:cpu7:tiles8
    run 3: OK GOPS=18.124595 time=0.118484501 threads=8 validation=0
      schedule: static chunk=0
      workers: 0:cpu0:tiles8;1:cpu1:tiles8;2:cpu2:tiles8;3:cpu3:tiles8;4:cpu4:tiles8;5:cpu5:tiles8;6:cpu6:tiles8;7:cpu7:tiles8
    run 4: OK GOPS=17.428139 time=0.123219334 threads=8 validation=0
      schedule: static chunk=0
      workers: 0:cpu0:tiles8;1:cpu1:tiles8;2:cpu2:tiles8;3:cpu3:tiles8;4:cpu4:tiles8;5:cpu5:tiles8;6:cpu6:tiles8;7:cpu7:tiles8
    run 5: OK GOPS=17.993613 time=0.119346999 threads=8 validation=0
      schedule: static chunk=0
      workers: 0:cpu0:tiles8;1:cpu1:tiles8;2:cpu2:tiles8;3:cpu3:tiles8;4:cpu4:tiles8;5:cpu5:tiles8;6:cpu6:tiles8;7:cpu7:tiles8
    run 6: OK GOPS=17.920637 time=0.119833000 threads=8 validation=0
      schedule: static chunk=0
      workers: 0:cpu0:tiles8;1:cpu1:tiles8;2:cpu2:tiles8;3:cpu3:tiles8;4:cpu4:tiles8;5:cpu5:tiles8;6:cpu6:tiles8;7:cpu7:tiles8
============================================================
KERNEL: igemm_kernel_8x8_zvl256b_lmulmf2_unroll8_i8i32
  MODE: K1 all-core RVV OpenMP baseline
  BASELINE: GEMM_RVV_FP32_INT8_8x8_Baseline
  FAMILY: RVV_IGEMM_INT8_I8I32_8x8
  PATH: INT8 RVV widening GEMM (INT8 x INT8 -> INT32)
  TILE: 8x8 ZVL=256b LMUL=mf2 UNROLL=8
  WORK: M=1024 N=1024 K=1024 tile_N=16 runs=6
  CORES: cores 0-7 execute RVV kernels
  INPUT_CONTRACT: CANONICAL_FULL_MATRIX
PRIMARY_SOURCE=/home/bananapi/MAT/kernels riscv rvv 1.0/FINAL/riscv-rvv-ime-gemm-microkernels-updated/GEMM_RVV_FP32_INT8_8x8_Baseline/RVV_IGEMM_INT8_I8I32_8x8/igemm_kernel_8x8_zvl256b_lmulmf2_unroll8/igemm_kernel_8x8_zvl256b_lmulmf2_unroll8_i8i32.c
    run 1: OK GOPS=17.891591 time=0.120027538 threads=8 validation=1
      schedule: static chunk=0
      workers: 0:cpu0:tiles8;1:cpu1:tiles8;2:cpu2:tiles8;3:cpu3:tiles8;4:cpu4:tiles8;5:cpu5:tiles8;6:cpu6:tiles8;7:cpu7:tiles8
    run 2: OK GOPS=17.685886 time=0.121423583 threads=8 validation=0
      schedule: static chunk=0
      workers: 0:cpu0:tiles8;1:cpu1:tiles8;2:cpu2:tiles8;3:cpu3:tiles8;4:cpu4:tiles8;5:cpu5:tiles8;6:cpu6:tiles8;7:cpu7:tiles8
    run 3: OK GOPS=17.478809 time=0.122862127 threads=8 validation=0
      schedule: static chunk=0
      workers: 0:cpu0:tiles8;1:cpu1:tiles8;2:cpu2:tiles8;3:cpu3:tiles8;4:cpu4:tiles8;5:cpu5:tiles8;6:cpu6:tiles8;7:cpu7:tiles8
    run 4: OK GOPS=18.223596 time=0.117840830 threads=8 validation=0
      schedule: static chunk=0
      workers: 0:cpu0:tiles8;1:cpu1:tiles8;2:cpu2:tiles8;3:cpu3:tiles8;4:cpu4:tiles8;5:cpu5:tiles8;6:cpu6:tiles8;7:cpu7:tiles8
    run 5: OK GOPS=17.340389 time=0.123842876 threads=8 validation=0
      schedule: static chunk=0
      workers: 0:cpu0:tiles8;1:cpu1:tiles8;2:cpu2:tiles8;3:cpu3:tiles8;4:cpu4:tiles8;5:cpu5:tiles8;6:cpu6:tiles8;7:cpu7:tiles8
    run 6: OK GOPS=18.009086 time=0.119244456 threads=8 validation=0
      schedule: static chunk=0
      workers: 0:cpu0:tiles8;1:cpu1:tiles8;2:cpu2:tiles8;3:cpu3:tiles8;4:cpu4:tiles8;5:cpu5:tiles8;6:cpu6:tiles8;7:cpu7:tiles8
============================================================
KERNEL: igemm_kernel_8x8_zvl256b_lmulmf4_unroll1_i8i32
  MODE: K1 all-core RVV OpenMP baseline
  BASELINE: GEMM_RVV_FP32_INT8_8x8_Baseline
  FAMILY: RVV_IGEMM_INT8_I8I32_8x8
  PATH: INT8 RVV widening GEMM (INT8 x INT8 -> INT32)
  TILE: 8x8 ZVL=256b LMUL=mf4 UNROLL=1
  WORK: M=1024 N=1024 K=1024 tile_N=16 runs=6
  CORES: cores 0-7 execute RVV kernels
  INPUT_CONTRACT: CANONICAL_FULL_MATRIX
PRIMARY_SOURCE=/home/bananapi/MAT/kernels riscv rvv 1.0/FINAL/riscv-rvv-ime-gemm-microkernels-updated/GEMM_RVV_FP32_INT8_8x8_Baseline/RVV_IGEMM_INT8_I8I32_8x8/igemm_kernel_8x8_zvl256b_lmulmf4_unroll1/igemm_kernel_8x8_zvl256b_lmulmf4_unroll1_i8i32.c
    run 1: OK GOPS=16.994678 time=0.126362126 threads=8 validation=1
      schedule: static chunk=0
      workers: 0:cpu0:tiles8;1:cpu1:tiles8;2:cpu2:tiles8;3:cpu3:tiles8;4:cpu4:tiles8;5:cpu5:tiles8;6:cpu6:tiles8;7:cpu7:tiles8
    run 2: OK GOPS=18.789113 time=0.114294041 threads=8 validation=0
      schedule: static chunk=0
      workers: 0:cpu0:tiles8;1:cpu1:tiles8;2:cpu2:tiles8;3:cpu3:tiles8;4:cpu4:tiles8;5:cpu5:tiles8;6:cpu6:tiles8;7:cpu7:tiles8
    run 3: OK GOPS=18.840378 time=0.113983043 threads=8 validation=0
      schedule: static chunk=0
      workers: 0:cpu0:tiles8;1:cpu1:tiles8;2:cpu2:tiles8;3:cpu3:tiles8;4:cpu4:tiles8;5:cpu5:tiles8;6:cpu6:tiles8;7:cpu7:tiles8
    run 4: OK GOPS=17.513763 time=0.122616917 threads=8 validation=0
      schedule: static chunk=0
      workers: 0:cpu0:tiles8;1:cpu1:tiles8;2:cpu2:tiles8;3:cpu3:tiles8;4:cpu4:tiles8;5:cpu5:tiles8;6:cpu6:tiles8;7:cpu7:tiles8
    run 5: OK GOPS=18.737669 time=0.114607833 threads=8 validation=0
      schedule: static chunk=0
      workers: 0:cpu0:tiles8;1:cpu1:tiles8;2:cpu2:tiles8;3:cpu3:tiles8;4:cpu4:tiles8;5:cpu5:tiles8;6:cpu6:tiles8;7:cpu7:tiles8
    run 6: OK GOPS=19.016060 time=0.112930000 threads=8 validation=0
      schedule: static chunk=0
      workers: 0:cpu0:tiles8;1:cpu1:tiles8;2:cpu2:tiles8;3:cpu3:tiles8;4:cpu4:tiles8;5:cpu5:tiles8;6:cpu6:tiles8;7:cpu7:tiles8
============================================================
KERNEL: igemm_kernel_8x8_zvl256b_lmulmf4_unroll2_i8i32
  MODE: K1 all-core RVV OpenMP baseline
  BASELINE: GEMM_RVV_FP32_INT8_8x8_Baseline
  FAMILY: RVV_IGEMM_INT8_I8I32_8x8
  PATH: INT8 RVV widening GEMM (INT8 x INT8 -> INT32)
  TILE: 8x8 ZVL=256b LMUL=mf4 UNROLL=2
  WORK: M=1024 N=1024 K=1024 tile_N=16 runs=6
  CORES: cores 0-7 execute RVV kernels
  INPUT_CONTRACT: CANONICAL_FULL_MATRIX
PRIMARY_SOURCE=/home/bananapi/MAT/kernels riscv rvv 1.0/FINAL/riscv-rvv-ime-gemm-microkernels-updated/GEMM_RVV_FP32_INT8_8x8_Baseline/RVV_IGEMM_INT8_I8I32_8x8/igemm_kernel_8x8_zvl256b_lmulmf4_unroll2/igemm_kernel_8x8_zvl256b_lmulmf4_unroll2_i8i32.c
    run 1: OK GOPS=16.925763 time=0.126876622 threads=8 validation=1
      schedule: static chunk=0
      workers: 0:cpu0:tiles8;1:cpu1:tiles8;2:cpu2:tiles8;3:cpu3:tiles8;4:cpu4:tiles8;5:cpu5:tiles8;6:cpu6:tiles8;7:cpu7:tiles8
    run 2: OK GOPS=18.933023 time=0.113425292 threads=8 validation=0
      schedule: static chunk=0
      workers: 0:cpu0:tiles8;1:cpu1:tiles8;2:cpu2:tiles8;3:cpu3:tiles8;4:cpu4:tiles8;5:cpu5:tiles8;6:cpu6:tiles8;7:cpu7:tiles8
    run 3: OK GOPS=14.210331 time=0.151121292 threads=8 validation=0
      schedule: static chunk=0
      workers: 0:cpu0:tiles8;1:cpu1:tiles8;2:cpu2:tiles8;3:cpu3:tiles8;4:cpu4:tiles8;5:cpu5:tiles8;6:cpu6:tiles8;7:cpu7:tiles8
    run 4: OK GOPS=16.342626 time=0.131403830 threads=8 validation=0
      schedule: static chunk=0
      workers: 0:cpu0:tiles8;1:cpu1:tiles8;2:cpu2:tiles8;3:cpu3:tiles8;4:cpu4:tiles8;5:cpu5:tiles8;6:cpu6:tiles8;7:cpu7:tiles8
    run 5: OK GOPS=16.280728 time=0.131903417 threads=8 validation=0
      schedule: static chunk=0
      workers: 0:cpu0:tiles8;1:cpu1:tiles8;2:cpu2:tiles8;3:cpu3:tiles8;4:cpu4:tiles8;5:cpu5:tiles8;6:cpu6:tiles8;7:cpu7:tiles8
    run 6: OK GOPS=16.460812 time=0.130460374 threads=8 validation=0
      schedule: static chunk=0
      workers: 0:cpu0:tiles8;1:cpu1:tiles8;2:cpu2:tiles8;3:cpu3:tiles8;4:cpu4:tiles8;5:cpu5:tiles8;6:cpu6:tiles8;7:cpu7:tiles8
============================================================
KERNEL: igemm_kernel_8x8_zvl256b_lmulmf4_unroll4_i8i32
  MODE: K1 all-core RVV OpenMP baseline
  BASELINE: GEMM_RVV_FP32_INT8_8x8_Baseline
  FAMILY: RVV_IGEMM_INT8_I8I32_8x8
  PATH: INT8 RVV widening GEMM (INT8 x INT8 -> INT32)
  TILE: 8x8 ZVL=256b LMUL=mf4 UNROLL=4
  WORK: M=1024 N=1024 K=1024 tile_N=16 runs=6
  CORES: cores 0-7 execute RVV kernels
  INPUT_CONTRACT: CANONICAL_FULL_MATRIX
PRIMARY_SOURCE=/home/bananapi/MAT/kernels riscv rvv 1.0/FINAL/riscv-rvv-ime-gemm-microkernels-updated/GEMM_RVV_FP32_INT8_8x8_Baseline/RVV_IGEMM_INT8_I8I32_8x8/igemm_kernel_8x8_zvl256b_lmulmf4_unroll4/igemm_kernel_8x8_zvl256b_lmulmf4_unroll4_i8i32.c
    run 1: OK GOPS=15.852848 time=0.135463584 threads=8 validation=1
      schedule: static chunk=0
      workers: 0:cpu0:tiles8;1:cpu1:tiles8;2:cpu2:tiles8;3:cpu3:tiles8;4:cpu4:tiles8;5:cpu5:tiles8;6:cpu6:tiles8;7:cpu7:tiles8
    run 2: OK GOPS=18.570422 time=0.115640000 threads=8 validation=0
      schedule: static chunk=0
      workers: 0:cpu0:tiles8;1:cpu1:tiles8;2:cpu2:tiles8;3:cpu3:tiles8;4:cpu4:tiles8;5:cpu5:tiles8;6:cpu6:tiles8;7:cpu7:tiles8
    run 3: OK GOPS=18.794087 time=0.114263792 threads=8 validation=0
      schedule: static chunk=0
      workers: 0:cpu0:tiles8;1:cpu1:tiles8;2:cpu2:tiles8;3:cpu3:tiles8;4:cpu4:tiles8;5:cpu5:tiles8;6:cpu6:tiles8;7:cpu7:tiles8
    run 4: OK GOPS=18.170097 time=0.118187793 threads=8 validation=0
      schedule: static chunk=0
      workers: 0:cpu0:tiles8;1:cpu1:tiles8;2:cpu2:tiles8;3:cpu3:tiles8;4:cpu4:tiles8;5:cpu5:tiles8;6:cpu6:tiles8;7:cpu7:tiles8
    run 5: OK GOPS=18.492039 time=0.116130169 threads=8 validation=0
      schedule: static chunk=0
      workers: 0:cpu0:tiles8;1:cpu1:tiles8;2:cpu2:tiles8;3:cpu3:tiles8;4:cpu4:tiles8;5:cpu5:tiles8;6:cpu6:tiles8;7:cpu7:tiles8
    run 6: OK GOPS=18.802438 time=0.114213042 threads=8 validation=0
      schedule: static chunk=0
      workers: 0:cpu0:tiles8;1:cpu1:tiles8;2:cpu2:tiles8;3:cpu3:tiles8;4:cpu4:tiles8;5:cpu5:tiles8;6:cpu6:tiles8;7:cpu7:tiles8
============================================================
KERNEL: igemm_kernel_8x8_zvl256b_lmulmf4_unroll8_i8i32
  MODE: K1 all-core RVV OpenMP baseline
  BASELINE: GEMM_RVV_FP32_INT8_8x8_Baseline
  FAMILY: RVV_IGEMM_INT8_I8I32_8x8
  PATH: INT8 RVV widening GEMM (INT8 x INT8 -> INT32)
  TILE: 8x8 ZVL=256b LMUL=mf4 UNROLL=8
  WORK: M=1024 N=1024 K=1024 tile_N=16 runs=6
  CORES: cores 0-7 execute RVV kernels
  INPUT_CONTRACT: CANONICAL_FULL_MATRIX
PRIMARY_SOURCE=/home/bananapi/MAT/kernels riscv rvv 1.0/FINAL/riscv-rvv-ime-gemm-microkernels-updated/GEMM_RVV_FP32_INT8_8x8_Baseline/RVV_IGEMM_INT8_I8I32_8x8/igemm_kernel_8x8_zvl256b_lmulmf4_unroll8/igemm_kernel_8x8_zvl256b_lmulmf4_unroll8_i8i32.c
    run 1: OK GOPS=16.544654 time=0.129799251 threads=8 validation=1
      schedule: static chunk=0
      workers: 0:cpu0:tiles8;1:cpu1:tiles8;2:cpu2:tiles8;3:cpu3:tiles8;4:cpu4:tiles8;5:cpu5:tiles8;6:cpu6:tiles8;7:cpu7:tiles8
    run 2: OK GOPS=18.290908 time=0.117407165 threads=8 validation=0
      schedule: static chunk=0
      workers: 0:cpu0:tiles8;1:cpu1:tiles8;2:cpu2:tiles8;3:cpu3:tiles8;4:cpu4:tiles8;5:cpu5:tiles8;6:cpu6:tiles8;7:cpu7:tiles8
    run 3: OK GOPS=18.262449 time=0.117590126 threads=8 validation=0
      schedule: static chunk=0
      workers: 0:cpu0:tiles8;1:cpu1:tiles8;2:cpu2:tiles8;3:cpu3:tiles8;4:cpu4:tiles8;5:cpu5:tiles8;6:cpu6:tiles8;7:cpu7:tiles8
    run 4: OK GOPS=18.729702 time=0.114656582 threads=8 validation=0
      schedule: static chunk=0
      workers: 0:cpu0:tiles8;1:cpu1:tiles8;2:cpu2:tiles8;3:cpu3:tiles8;4:cpu4:tiles8;5:cpu5:tiles8;6:cpu6:tiles8;7:cpu7:tiles8
    run 5: OK GOPS=18.312223 time=0.117270503 threads=8 validation=0
      schedule: static chunk=0
      workers: 0:cpu0:tiles8;1:cpu1:tiles8;2:cpu2:tiles8;3:cpu3:tiles8;4:cpu4:tiles8;5:cpu5:tiles8;6:cpu6:tiles8;7:cpu7:tiles8
    run 6: OK GOPS=16.679101 time=0.128752958 threads=8 validation=0
      schedule: static chunk=0
      workers: 0:cpu0:tiles8;1:cpu1:tiles8;2:cpu2:tiles8;3:cpu3:tiles8;4:cpu4:tiles8;5:cpu5:tiles8;6:cpu6:tiles8;7:cpu7:tiles8
SKIP_UNSUPPORTED_KERNEL=igemm_kernel_8x4_zvl256b_lmul1_unroll1_i8i32; reason=duplicate INT8 source; canonical tree is GEMM_RVV_FP32_INT8_*
SKIP_UNSUPPORTED_KERNEL=igemm_kernel_8x4_zvl256b_lmul1_unroll2_i8i32; reason=duplicate INT8 source; canonical tree is GEMM_RVV_FP32_INT8_*
SKIP_UNSUPPORTED_KERNEL=igemm_kernel_8x4_zvl256b_lmul1_unroll4_i8i32; reason=duplicate INT8 source; canonical tree is GEMM_RVV_FP32_INT8_*
SKIP_UNSUPPORTED_KERNEL=igemm_kernel_8x4_zvl256b_lmul1_unroll8_i8i32; reason=duplicate INT8 source; canonical tree is GEMM_RVV_FP32_INT8_*
SKIP_UNSUPPORTED_KERNEL=igemm_kernel_8x4_zvl256b_lmul2_unroll1_i8i32; reason=duplicate INT8 source; canonical tree is GEMM_RVV_FP32_INT8_*
SKIP_UNSUPPORTED_KERNEL=igemm_kernel_8x4_zvl256b_lmul2_unroll2_i8i32; reason=duplicate INT8 source; canonical tree is GEMM_RVV_FP32_INT8_*
SKIP_UNSUPPORTED_KERNEL=igemm_kernel_8x4_zvl256b_lmul2_unroll4_i8i32; reason=duplicate INT8 source; canonical tree is GEMM_RVV_FP32_INT8_*
SKIP_UNSUPPORTED_KERNEL=igemm_kernel_8x4_zvl256b_lmul2_unroll8_i8i32; reason=duplicate INT8 source; canonical tree is GEMM_RVV_FP32_INT8_*
SKIP_UNSUPPORTED_KERNEL=igemm_kernel_8x4_zvl256b_lmulmf2_unroll1_i8i32; reason=duplicate INT8 source; canonical tree is GEMM_RVV_FP32_INT8_*
SKIP_UNSUPPORTED_KERNEL=igemm_kernel_8x4_zvl256b_lmulmf2_unroll2_i8i32; reason=duplicate INT8 source; canonical tree is GEMM_RVV_FP32_INT8_*
SKIP_UNSUPPORTED_KERNEL=igemm_kernel_8x4_zvl256b_lmulmf2_unroll4_i8i32; reason=duplicate INT8 source; canonical tree is GEMM_RVV_FP32_INT8_*
SKIP_UNSUPPORTED_KERNEL=igemm_kernel_8x4_zvl256b_lmulmf2_unroll8_i8i32; reason=duplicate INT8 source; canonical tree is GEMM_RVV_FP32_INT8_*
SKIP_UNSUPPORTED_KERNEL=igemm_kernel_8x4_zvl256b_lmulmf4_unroll1_i8i32; reason=duplicate INT8 source; canonical tree is GEMM_RVV_FP32_INT8_*
SKIP_UNSUPPORTED_KERNEL=igemm_kernel_8x4_zvl256b_lmulmf4_unroll2_i8i32; reason=duplicate INT8 source; canonical tree is GEMM_RVV_FP32_INT8_*
SKIP_UNSUPPORTED_KERNEL=igemm_kernel_8x4_zvl256b_lmulmf4_unroll4_i8i32; reason=duplicate INT8 source; canonical tree is GEMM_RVV_FP32_INT8_*
SKIP_UNSUPPORTED_KERNEL=igemm_kernel_8x4_zvl256b_lmulmf4_unroll8_i8i32; reason=duplicate INT8 source; canonical tree is GEMM_RVV_FP32_INT8_*
SKIP_UNSUPPORTED_KERNEL=igemm_kernel_8x4_zvl256b_lmulmf8_unroll1_i8i32; reason=duplicate INT8 source; canonical tree is GEMM_RVV_FP32_INT8_*
SKIP_UNSUPPORTED_KERNEL=igemm_kernel_8x4_zvl256b_lmulmf8_unroll2_i8i32; reason=duplicate INT8 source; canonical tree is GEMM_RVV_FP32_INT8_*
SKIP_UNSUPPORTED_KERNEL=igemm_kernel_8x4_zvl256b_lmulmf8_unroll4_i8i32; reason=duplicate INT8 source; canonical tree is GEMM_RVV_FP32_INT8_*
SKIP_UNSUPPORTED_KERNEL=igemm_kernel_8x4_zvl256b_lmulmf8_unroll8_i8i32; reason=duplicate INT8 source; canonical tree is GEMM_RVV_FP32_INT8_*
SKIP_UNSUPPORTED_KERNEL=igemm_kernel_8x8_zvl256b_lmul1_unroll1_i8i32; reason=duplicate INT8 source; canonical tree is GEMM_RVV_FP32_INT8_*
SKIP_UNSUPPORTED_KERNEL=igemm_kernel_8x8_zvl256b_lmul1_unroll2_i8i32; reason=duplicate INT8 source; canonical tree is GEMM_RVV_FP32_INT8_*
SKIP_UNSUPPORTED_KERNEL=igemm_kernel_8x8_zvl256b_lmul1_unroll4_i8i32; reason=duplicate INT8 source; canonical tree is GEMM_RVV_FP32_INT8_*
SKIP_UNSUPPORTED_KERNEL=igemm_kernel_8x8_zvl256b_lmul1_unroll8_i8i32; reason=duplicate INT8 source; canonical tree is GEMM_RVV_FP32_INT8_*
SKIP_UNSUPPORTED_KERNEL=igemm_kernel_8x8_zvl256b_lmul2_unroll1_i8i32; reason=duplicate INT8 source; canonical tree is GEMM_RVV_FP32_INT8_*
SKIP_UNSUPPORTED_KERNEL=igemm_kernel_8x8_zvl256b_lmul2_unroll2_i8i32; reason=duplicate INT8 source; canonical tree is GEMM_RVV_FP32_INT8_*
SKIP_UNSUPPORTED_KERNEL=igemm_kernel_8x8_zvl256b_lmul2_unroll4_i8i32; reason=duplicate INT8 source; canonical tree is GEMM_RVV_FP32_INT8_*
SKIP_UNSUPPORTED_KERNEL=igemm_kernel_8x8_zvl256b_lmul2_unroll8_i8i32; reason=duplicate INT8 source; canonical tree is GEMM_RVV_FP32_INT8_*
SKIP_UNSUPPORTED_KERNEL=igemm_kernel_8x8_zvl256b_lmulmf2_unroll1_i8i32; reason=duplicate INT8 source; canonical tree is GEMM_RVV_FP32_INT8_*
SKIP_UNSUPPORTED_KERNEL=igemm_kernel_8x8_zvl256b_lmulmf2_unroll2_i8i32; reason=duplicate INT8 source; canonical tree is GEMM_RVV_FP32_INT8_*
SKIP_UNSUPPORTED_KERNEL=igemm_kernel_8x8_zvl256b_lmulmf2_unroll4_i8i32; reason=duplicate INT8 source; canonical tree is GEMM_RVV_FP32_INT8_*
SKIP_UNSUPPORTED_KERNEL=igemm_kernel_8x8_zvl256b_lmulmf2_unroll8_i8i32; reason=duplicate INT8 source; canonical tree is GEMM_RVV_FP32_INT8_*
SKIP_UNSUPPORTED_KERNEL=igemm_kernel_8x8_zvl256b_lmulmf4_unroll1_i8i32; reason=duplicate INT8 source; canonical tree is GEMM_RVV_FP32_INT8_*
SKIP_UNSUPPORTED_KERNEL=igemm_kernel_8x8_zvl256b_lmulmf4_unroll2_i8i32; reason=duplicate INT8 source; canonical tree is GEMM_RVV_FP32_INT8_*
SKIP_UNSUPPORTED_KERNEL=igemm_kernel_8x8_zvl256b_lmulmf4_unroll4_i8i32; reason=duplicate INT8 source; canonical tree is GEMM_RVV_FP32_INT8_*
SKIP_UNSUPPORTED_KERNEL=igemm_kernel_8x8_zvl256b_lmulmf4_unroll8_i8i32; reason=duplicate INT8 source; canonical tree is GEMM_RVV_FP32_INT8_*
============================================================
DONE status=OK
kernels_built=36
ok_runs=216
failed_runs=0
build_failed=0
Raw CSV: /home/bananapi/MAT/kernels riscv rvv 1.0/FINAL/riscv-rvv-ime-gemm-microkernels-updated/HETEROGENEOUS_RVV_IME_OPENMP_GEMM/results/openmp_results_k1-rvv_1024_20260904_120220/openmp_raw_k1-rvv_1024_runs6_20260904_120220.csv
Summary CSV: /home/bananapi/MAT/kernels riscv rvv 1.0/FINAL/riscv-rvv-ime-gemm-microkernels-updated/HETEROGENEOUS_RVV_IME_OPENMP_GEMM/results/openmp_results_k1-rvv_1024_20260904_120220/openmp_summary_k1-rvv_1024_runs6_20260904_120220.csv
Latest raw CSV: /home/bananapi/MAT/kernels riscv rvv 1.0/FINAL/riscv-rvv-ime-gemm-microkernels-updated/HETEROGENEOUS_RVV_IME_OPENMP_GEMM/results/openmp_raw_latest_k1-rvv.csv
Latest summary CSV: /home/bananapi/MAT/kernels riscv rvv 1.0/FINAL/riscv-rvv-ime-gemm-microkernels-updated/HETEROGENEOUS_RVV_IME_OPENMP_GEMM/results/openmp_summary_latest_k1-rvv.csv
Latest live log: /home/bananapi/MAT/kernels riscv rvv 1.0/FINAL/riscv-rvv-ime-gemm-microkernels-updated/HETEROGENEOUS_RVV_IME_OPENMP_GEMM/results/openmp_live_latest_k1-rvv.log
Raw logs: /home/bananapi/MAT/kernels riscv rvv 1.0/FINAL/riscv-rvv-ime-gemm-microkernels-updated/HETEROGENEOUS_RVV_IME_OPENMP_GEMM/results/openmp_results_k1-rvv_1024_20260904_120220/raw_logs
============================================================
CASE_RESULT=OK
============================================================
CASE series=IME tile_N=16 mode=k1-ime threads=4 M=1024 N=1024 K=1024 tile_N=16 schedule=static chunk=1 kernel=*
OpenMP all-kernel tiled GEMM campaign
MODE=k1-ime (K1 IME-cluster OpenMP baseline) M=1024 N=1024 K=1024 tile_N=16 RUNS=6
CORE_PLAN=cores 0-3 execute native IME kernels
PROJECT_ROOT=/home/bananapi/MAT/kernels riscv rvv 1.0/FINAL/riscv-rvv-ime-gemm-microkernels-updated
RESULT_DIR=/home/bananapi/MAT/kernels riscv rvv 1.0/FINAL/riscv-rvv-ime-gemm-microkernels-updated/HETEROGENEOUS_RVV_IME_OPENMP_GEMM/results/openmp_results_k1-ime_1024_20260904_122607
COMPILER=gcc (Bianbu 14.2.0-4ubuntu2~24.04bb1) 14.2.0
BUILD_FLAGS=-O3 -std=c11 -Wall -Wextra -Wno-unknown-pragmas -fopenmp -march=rv64gcv_zvl256b -mabi=lp64d
OMP_NUM_THREADS=4 OMP_PROC_BIND=close OMP_PLACES=cores OMP_DYNAMIC=false OMP_MAX_ACTIVE_LEVELS=2
TILE_SCHEDULE=static DYNAMIC_CHUNK=1
GEMM_VALIDATE=1 VALIDATE_EACH_RUN=0 GEMM_WARMUP=1 ENABLE_MF2=0 BUILD_ONLY=0 ZVL_FILTER=256b KERNEL_FILTER=* KIND_FILTER=INT8_IME PERF_STAT=0 STATIC_IME_WEIGHT=4 STATIC_RVV_WEIGHT=1
Cpus_allowed_list:	0-7
MEMORY_NODES_ONLINE=not_exposed
CLUSTER_PLACEMENT=exact_core_affinity; contiguous_output_ownership
============================================================
KERNEL: ime_kernel_8x4_zvl256b_lmul1_unroll1
  MODE: K1 IME-cluster OpenMP baseline
  BASELINE: IME_NATIVE_KERNELS
  FAMILY: IME_GEMM_INT8_I8I32_8x4_NATIVE
  PATH: INT8 native IME GEMM (INT8 x INT8 -> INT32)
  TILE: 8x4 ZVL=256b LMUL=1 UNROLL=1
  WORK: M=1024 N=1024 K=1024 tile_N=16 runs=6
  CORES: cores 0-3 execute native IME kernels
  INPUT_CONTRACT: IME_FULL_K_MAJOR
PRIMARY_SOURCE=/home/bananapi/MAT/kernels riscv rvv 1.0/FINAL/riscv-rvv-ime-gemm-microkernels-updated/IME_NATIVE_KERNELS/IME_GEMM_INT8_I8I32_8x4_NATIVE/ime_kernel_8x4_zvl256b_lmul1_unroll1/ime_kernel_8x4_zvl256b_lmul1_unroll1.c
    run 1: OK GOPS=10.358057 time=0.207324959 threads=4 validation=1
      schedule: static chunk=0
      workers: 0:cpu0:tiles16;1:cpu1:tiles16;2:cpu2:tiles16;3:cpu3:tiles16
    run 2: OK GOPS=8.791143 time=0.244278081 threads=4 validation=0
      schedule: static chunk=0
      workers: 0:cpu0:tiles16;1:cpu1:tiles16;2:cpu2:tiles16;3:cpu3:tiles16
    run 3: OK GOPS=9.244272 time=0.232304253 threads=4 validation=0
      schedule: static chunk=0
      workers: 0:cpu0:tiles16;1:cpu1:tiles16;2:cpu2:tiles16;3:cpu3:tiles16
    run 4: OK GOPS=10.299464 time=0.208504416 threads=4 validation=0
      schedule: static chunk=0
      workers: 0:cpu0:tiles16;1:cpu1:tiles16;2:cpu2:tiles16;3:cpu3:tiles16
    run 5: OK GOPS=10.235560 time=0.209806167 threads=4 validation=0
      schedule: static chunk=0
      workers: 0:cpu0:tiles16;1:cpu1:tiles16;2:cpu2:tiles16;3:cpu3:tiles16
    run 6: OK GOPS=10.292419 time=0.208647124 threads=4 validation=0
      schedule: static chunk=0
      workers: 0:cpu0:tiles16;1:cpu1:tiles16;2:cpu2:tiles16;3:cpu3:tiles16
============================================================
KERNEL: ime_kernel_8x4_zvl256b_lmul1_unroll2
  MODE: K1 IME-cluster OpenMP baseline
  BASELINE: IME_NATIVE_KERNELS
  FAMILY: IME_GEMM_INT8_I8I32_8x4_NATIVE
  PATH: INT8 native IME GEMM (INT8 x INT8 -> INT32)
  TILE: 8x4 ZVL=256b LMUL=1 UNROLL=2
  WORK: M=1024 N=1024 K=1024 tile_N=16 runs=6
  CORES: cores 0-3 execute native IME kernels
  INPUT_CONTRACT: IME_FULL_K_MAJOR
PRIMARY_SOURCE=/home/bananapi/MAT/kernels riscv rvv 1.0/FINAL/riscv-rvv-ime-gemm-microkernels-updated/IME_NATIVE_KERNELS/IME_GEMM_INT8_I8I32_8x4_NATIVE/ime_kernel_8x4_zvl256b_lmul1_unroll2/ime_kernel_8x4_zvl256b_lmul1_unroll2.c
    run 1: OK GOPS=8.391702 time=0.255905624 threads=4 validation=1
      schedule: static chunk=0
      workers: 0:cpu0:tiles16;1:cpu1:tiles16;2:cpu2:tiles16;3:cpu3:tiles16
    run 2: OK GOPS=10.284046 time=0.208817001 threads=4 validation=0
      schedule: static chunk=0
      workers: 0:cpu0:tiles16;1:cpu1:tiles16;2:cpu2:tiles16;3:cpu3:tiles16
    run 3: OK GOPS=9.662608 time=0.222246788 threads=4 validation=0
      schedule: static chunk=0
      workers: 0:cpu0:tiles16;1:cpu1:tiles16;2:cpu2:tiles16;3:cpu3:tiles16
    run 4: OK GOPS=9.693397 time=0.221540876 threads=4 validation=0
      schedule: static chunk=0
      workers: 0:cpu0:tiles16;1:cpu1:tiles16;2:cpu2:tiles16;3:cpu3:tiles16
    run 5: OK GOPS=9.866223 time=0.217660166 threads=4 validation=0
      schedule: static chunk=0
      workers: 0:cpu0:tiles16;1:cpu1:tiles16;2:cpu2:tiles16;3:cpu3:tiles16
    run 6: OK GOPS=8.829418 time=0.243219167 threads=4 validation=0
      schedule: static chunk=0
      workers: 0:cpu0:tiles16;1:cpu1:tiles16;2:cpu2:tiles16;3:cpu3:tiles16
============================================================
KERNEL: ime_kernel_8x4_zvl256b_lmul1_unroll4
  MODE: K1 IME-cluster OpenMP baseline
  BASELINE: IME_NATIVE_KERNELS
  FAMILY: IME_GEMM_INT8_I8I32_8x4_NATIVE
  PATH: INT8 native IME GEMM (INT8 x INT8 -> INT32)
  TILE: 8x4 ZVL=256b LMUL=1 UNROLL=4
  WORK: M=1024 N=1024 K=1024 tile_N=16 runs=6
  CORES: cores 0-3 execute native IME kernels
  INPUT_CONTRACT: IME_FULL_K_MAJOR
PRIMARY_SOURCE=/home/bananapi/MAT/kernels riscv rvv 1.0/FINAL/riscv-rvv-ime-gemm-microkernels-updated/IME_NATIVE_KERNELS/IME_GEMM_INT8_I8I32_8x4_NATIVE/ime_kernel_8x4_zvl256b_lmul1_unroll4/ime_kernel_8x4_zvl256b_lmul1_unroll4.c
    run 1: OK GOPS=9.132554 time=0.235146001 threads=4 validation=1
      schedule: static chunk=0
      workers: 0:cpu0:tiles16;1:cpu1:tiles16;2:cpu2:tiles16;3:cpu3:tiles16
    run 2: OK GOPS=9.610107 time=0.223460961 threads=4 validation=0
      schedule: static chunk=0
      workers: 0:cpu0:tiles16;1:cpu1:tiles16;2:cpu2:tiles16;3:cpu3:tiles16
    run 3: OK GOPS=9.756729 time=0.220102832 threads=4 validation=0
      schedule: static chunk=0
      workers: 0:cpu0:tiles16;1:cpu1:tiles16;2:cpu2:tiles16;3:cpu3:tiles16
    run 4: OK GOPS=9.443634 time=0.227400128 threads=4 validation=0
      schedule: static chunk=0
      workers: 0:cpu0:tiles16;1:cpu1:tiles16;2:cpu2:tiles16;3:cpu3:tiles16
    run 5: OK GOPS=9.734602 time=0.220603123 threads=4 validation=0
      schedule: static chunk=0
      workers: 0:cpu0:tiles16;1:cpu1:tiles16;2:cpu2:tiles16;3:cpu3:tiles16
    run 6: OK GOPS=9.096777 time=0.236070834 threads=4 validation=0
      schedule: static chunk=0
      workers: 0:cpu0:tiles16;1:cpu1:tiles16;2:cpu2:tiles16;3:cpu3:tiles16
============================================================
KERNEL: ime_kernel_8x4_zvl256b_lmul1_unroll8
  MODE: K1 IME-cluster OpenMP baseline
  BASELINE: IME_NATIVE_KERNELS
  FAMILY: IME_GEMM_INT8_I8I32_8x4_NATIVE
  PATH: INT8 native IME GEMM (INT8 x INT8 -> INT32)
  TILE: 8x4 ZVL=256b LMUL=1 UNROLL=8
  WORK: M=1024 N=1024 K=1024 tile_N=16 runs=6
  CORES: cores 0-3 execute native IME kernels
  INPUT_CONTRACT: IME_FULL_K_MAJOR
PRIMARY_SOURCE=/home/bananapi/MAT/kernels riscv rvv 1.0/FINAL/riscv-rvv-ime-gemm-microkernels-updated/IME_NATIVE_KERNELS/IME_GEMM_INT8_I8I32_8x4_NATIVE/ime_kernel_8x4_zvl256b_lmul1_unroll8/ime_kernel_8x4_zvl256b_lmul1_unroll8.c
    run 1: OK GOPS=9.945632 time=0.215922292 threads=4 validation=1
      schedule: static chunk=0
      workers: 0:cpu0:tiles16;1:cpu1:tiles16;2:cpu2:tiles16;3:cpu3:tiles16
    run 2: OK GOPS=10.183137 time=0.210886247 threads=4 validation=0
      schedule: static chunk=0
      workers: 0:cpu0:tiles16;1:cpu1:tiles16;2:cpu2:tiles16;3:cpu3:tiles16
    run 3: OK GOPS=8.961582 time=0.239632208 threads=4 validation=0
      schedule: static chunk=0
      workers: 0:cpu0:tiles16;1:cpu1:tiles16;2:cpu2:tiles16;3:cpu3:tiles16
    run 4: OK GOPS=9.001572 time=0.238567624 threads=4 validation=0
      schedule: static chunk=0
      workers: 0:cpu0:tiles16;1:cpu1:tiles16;2:cpu2:tiles16;3:cpu3:tiles16
    run 5: OK GOPS=9.997658 time=0.214798667 threads=4 validation=0
      schedule: static chunk=0
      workers: 0:cpu0:tiles16;1:cpu1:tiles16;2:cpu2:tiles16;3:cpu3:tiles16
    run 6: OK GOPS=8.743064 time=0.245621417 threads=4 validation=0
      schedule: static chunk=0
      workers: 0:cpu0:tiles16;1:cpu1:tiles16;2:cpu2:tiles16;3:cpu3:tiles16
SKIP_EXPERIMENTAL_MF2=ime_kernel_8x4_zvl256b_lmulmf2_unroll1
SKIP_EXPERIMENTAL_MF2=ime_kernel_8x4_zvl256b_lmulmf2_unroll2
SKIP_EXPERIMENTAL_MF2=ime_kernel_8x4_zvl256b_lmulmf2_unroll4
SKIP_EXPERIMENTAL_MF2=ime_kernel_8x4_zvl256b_lmulmf2_unroll8
============================================================
KERNEL: ime_kernel_8x8_zvl256b_lmul1_unroll1
  MODE: K1 IME-cluster OpenMP baseline
  BASELINE: IME_NATIVE_KERNELS
  FAMILY: IME_GEMM_INT8_I8I32_8x8_NATIVE
  PATH: INT8 native IME GEMM (INT8 x INT8 -> INT32)
  TILE: 8x8 ZVL=256b LMUL=1 UNROLL=1
  WORK: M=1024 N=1024 K=1024 tile_N=16 runs=6
  CORES: cores 0-3 execute native IME kernels
  INPUT_CONTRACT: IME_FULL_K_MAJOR
PRIMARY_SOURCE=/home/bananapi/MAT/kernels riscv rvv 1.0/FINAL/riscv-rvv-ime-gemm-microkernels-updated/IME_NATIVE_KERNELS/IME_GEMM_INT8_I8I32_8x8_NATIVE/ime_kernel_8x8_zvl256b_lmul1_unroll1/ime_kernel_8x8_zvl256b_lmul1_unroll1.c
    run 1: OK GOPS=8.339926 time=0.257494334 threads=4 validation=1
      schedule: static chunk=0
      workers: 0:cpu0:tiles16;1:cpu1:tiles16;2:cpu2:tiles16;3:cpu3:tiles16
    run 2: OK GOPS=9.127001 time=0.235289086 threads=4 validation=0
      schedule: static chunk=0
      workers: 0:cpu0:tiles16;1:cpu1:tiles16;2:cpu2:tiles16;3:cpu3:tiles16
    run 3: OK GOPS=8.167996 time=0.262914374 threads=4 validation=0
      schedule: static chunk=0
      workers: 0:cpu0:tiles16;1:cpu1:tiles16;2:cpu2:tiles16;3:cpu3:tiles16
    run 4: OK GOPS=8.600308 time=0.249698460 threads=4 validation=0
      schedule: static chunk=0
      workers: 0:cpu0:tiles16;1:cpu1:tiles16;2:cpu2:tiles16;3:cpu3:tiles16
    run 5: OK GOPS=9.212818 time=0.233097378 threads=4 validation=0
      schedule: static chunk=0
      workers: 0:cpu0:tiles16;1:cpu1:tiles16;2:cpu2:tiles16;3:cpu3:tiles16
    run 6: OK GOPS=10.878060 time=0.197414208 threads=4 validation=0
      schedule: static chunk=0
      workers: 0:cpu0:tiles16;1:cpu1:tiles16;2:cpu2:tiles16;3:cpu3:tiles16
============================================================
KERNEL: ime_kernel_8x8_zvl256b_lmul1_unroll2
  MODE: K1 IME-cluster OpenMP baseline
  BASELINE: IME_NATIVE_KERNELS
  FAMILY: IME_GEMM_INT8_I8I32_8x8_NATIVE
  PATH: INT8 native IME GEMM (INT8 x INT8 -> INT32)
  TILE: 8x8 ZVL=256b LMUL=1 UNROLL=2
  WORK: M=1024 N=1024 K=1024 tile_N=16 runs=6
  CORES: cores 0-3 execute native IME kernels
  INPUT_CONTRACT: IME_FULL_K_MAJOR
PRIMARY_SOURCE=/home/bananapi/MAT/kernels riscv rvv 1.0/FINAL/riscv-rvv-ime-gemm-microkernels-updated/IME_NATIVE_KERNELS/IME_GEMM_INT8_I8I32_8x8_NATIVE/ime_kernel_8x8_zvl256b_lmul1_unroll2/ime_kernel_8x8_zvl256b_lmul1_unroll2.c
    run 1: OK GOPS=7.444015 time=0.288484585 threads=4 validation=1
      schedule: static chunk=0
      workers: 0:cpu0:tiles16;1:cpu1:tiles16;2:cpu2:tiles16;3:cpu3:tiles16
    run 2: OK GOPS=9.340955 time=0.229899790 threads=4 validation=0
      schedule: static chunk=0
      workers: 0:cpu0:tiles16;1:cpu1:tiles16;2:cpu2:tiles16;3:cpu3:tiles16
    run 3: OK GOPS=9.297665 time=0.230970211 threads=4 validation=0
      schedule: static chunk=0
      workers: 0:cpu0:tiles16;1:cpu1:tiles16;2:cpu2:tiles16;3:cpu3:tiles16
    run 4: OK GOPS=11.273985 time=0.190481331 threads=4 validation=0
      schedule: static chunk=0
      workers: 0:cpu0:tiles16;1:cpu1:tiles16;2:cpu2:tiles16;3:cpu3:tiles16
    run 5: OK GOPS=11.192630 time=0.191865873 threads=4 validation=0
      schedule: static chunk=0
      workers: 0:cpu0:tiles16;1:cpu1:tiles16;2:cpu2:tiles16;3:cpu3:tiles16
    run 6: OK GOPS=11.043652 time=0.194454122 threads=4 validation=0
      schedule: static chunk=0
      workers: 0:cpu0:tiles16;1:cpu1:tiles16;2:cpu2:tiles16;3:cpu3:tiles16
============================================================
KERNEL: ime_kernel_8x8_zvl256b_lmul1_unroll4
  MODE: K1 IME-cluster OpenMP baseline
  BASELINE: IME_NATIVE_KERNELS
  FAMILY: IME_GEMM_INT8_I8I32_8x8_NATIVE
  PATH: INT8 native IME GEMM (INT8 x INT8 -> INT32)
  TILE: 8x8 ZVL=256b LMUL=1 UNROLL=4
  WORK: M=1024 N=1024 K=1024 tile_N=16 runs=6
  CORES: cores 0-3 execute native IME kernels
  INPUT_CONTRACT: IME_FULL_K_MAJOR
PRIMARY_SOURCE=/home/bananapi/MAT/kernels riscv rvv 1.0/FINAL/riscv-rvv-ime-gemm-microkernels-updated/IME_NATIVE_KERNELS/IME_GEMM_INT8_I8I32_8x8_NATIVE/ime_kernel_8x8_zvl256b_lmul1_unroll4/ime_kernel_8x8_zvl256b_lmul1_unroll4.c
    run 1: OK GOPS=11.381696 time=0.188678708 threads=4 validation=1
      schedule: static chunk=0
      workers: 0:cpu0:tiles16;1:cpu1:tiles16;2:cpu2:tiles16;3:cpu3:tiles16
    run 2: OK GOPS=8.690368 time=0.247110792 threads=4 validation=0
      schedule: static chunk=0
      workers: 0:cpu0:tiles16;1:cpu1:tiles16;2:cpu2:tiles16;3:cpu3:tiles16
    run 3: OK GOPS=8.577467 time=0.250363376 threads=4 validation=0
      schedule: static chunk=0
      workers: 0:cpu0:tiles16;1:cpu1:tiles16;2:cpu2:tiles16;3:cpu3:tiles16
    run 4: OK GOPS=8.452047 time=0.254078541 threads=4 validation=0
      schedule: static chunk=0
      workers: 0:cpu0:tiles16;1:cpu1:tiles16;2:cpu2:tiles16;3:cpu3:tiles16
    run 5: OK GOPS=8.194155 time=0.262075044 threads=4 validation=0
      schedule: static chunk=0
      workers: 0:cpu0:tiles16;1:cpu1:tiles16;2:cpu2:tiles16;3:cpu3:tiles16
    run 6: OK GOPS=11.903299 time=0.180410791 threads=4 validation=0
      schedule: static chunk=0
      workers: 0:cpu0:tiles16;1:cpu1:tiles16;2:cpu2:tiles16;3:cpu3:tiles16
============================================================
KERNEL: ime_kernel_8x8_zvl256b_lmul1_unroll8
  MODE: K1 IME-cluster OpenMP baseline
  BASELINE: IME_NATIVE_KERNELS
  FAMILY: IME_GEMM_INT8_I8I32_8x8_NATIVE
  PATH: INT8 native IME GEMM (INT8 x INT8 -> INT32)
  TILE: 8x8 ZVL=256b LMUL=1 UNROLL=8
  WORK: M=1024 N=1024 K=1024 tile_N=16 runs=6
  CORES: cores 0-3 execute native IME kernels
  INPUT_CONTRACT: IME_FULL_K_MAJOR
PRIMARY_SOURCE=/home/bananapi/MAT/kernels riscv rvv 1.0/FINAL/riscv-rvv-ime-gemm-microkernels-updated/IME_NATIVE_KERNELS/IME_GEMM_INT8_I8I32_8x8_NATIVE/ime_kernel_8x8_zvl256b_lmul1_unroll8/ime_kernel_8x8_zvl256b_lmul1_unroll8.c
    run 1: OK GOPS=8.334274 time=0.257668957 threads=4 validation=1
      schedule: static chunk=0
      workers: 0:cpu0:tiles16;1:cpu1:tiles16;2:cpu2:tiles16;3:cpu3:tiles16
    run 2: OK GOPS=9.758135 time=0.220071126 threads=4 validation=0
      schedule: static chunk=0
      workers: 0:cpu0:tiles16;1:cpu1:tiles16;2:cpu2:tiles16;3:cpu3:tiles16
    run 3: OK GOPS=10.938778 time=0.196318418 threads=4 validation=0
      schedule: static chunk=0
      workers: 0:cpu0:tiles16;1:cpu1:tiles16;2:cpu2:tiles16;3:cpu3:tiles16
    run 4: OK GOPS=11.306969 time=0.189925667 threads=4 validation=0
      schedule: static chunk=0
      workers: 0:cpu0:tiles16;1:cpu1:tiles16;2:cpu2:tiles16;3:cpu3:tiles16
    run 5: OK GOPS=9.878242 time=0.217395332 threads=4 validation=0
      schedule: static chunk=0
      workers: 0:cpu0:tiles16;1:cpu1:tiles16;2:cpu2:tiles16;3:cpu3:tiles16
    run 6: OK GOPS=8.601397 time=0.249666832 threads=4 validation=0
      schedule: static chunk=0
      workers: 0:cpu0:tiles16;1:cpu1:tiles16;2:cpu2:tiles16;3:cpu3:tiles16
SKIP_EXPERIMENTAL_MF2=ime_kernel_8x8_zvl256b_lmulmf2_unroll1
SKIP_EXPERIMENTAL_MF2=ime_kernel_8x8_zvl256b_lmulmf2_unroll2
SKIP_EXPERIMENTAL_MF2=ime_kernel_8x8_zvl256b_lmulmf2_unroll4
SKIP_EXPERIMENTAL_MF2=ime_kernel_8x8_zvl256b_lmulmf2_unroll8
============================================================
DONE status=OK
kernels_built=8
ok_runs=48
failed_runs=0
build_failed=0
Raw CSV: /home/bananapi/MAT/kernels riscv rvv 1.0/FINAL/riscv-rvv-ime-gemm-microkernels-updated/HETEROGENEOUS_RVV_IME_OPENMP_GEMM/results/openmp_results_k1-ime_1024_20260904_122607/openmp_raw_k1-ime_1024_runs6_20260904_122607.csv
Summary CSV: /home/bananapi/MAT/kernels riscv rvv 1.0/FINAL/riscv-rvv-ime-gemm-microkernels-updated/HETEROGENEOUS_RVV_IME_OPENMP_GEMM/results/openmp_results_k1-ime_1024_20260904_122607/openmp_summary_k1-ime_1024_runs6_20260904_122607.csv
Latest raw CSV: /home/bananapi/MAT/kernels riscv rvv 1.0/FINAL/riscv-rvv-ime-gemm-microkernels-updated/HETEROGENEOUS_RVV_IME_OPENMP_GEMM/results/openmp_raw_latest_k1-ime.csv
Latest summary CSV: /home/bananapi/MAT/kernels riscv rvv 1.0/FINAL/riscv-rvv-ime-gemm-microkernels-updated/HETEROGENEOUS_RVV_IME_OPENMP_GEMM/results/openmp_summary_latest_k1-ime.csv
Latest live log: /home/bananapi/MAT/kernels riscv rvv 1.0/FINAL/riscv-rvv-ime-gemm-microkernels-updated/HETEROGENEOUS_RVV_IME_OPENMP_GEMM/results/openmp_live_latest_k1-ime.log
Raw logs: /home/bananapi/MAT/kernels riscv rvv 1.0/FINAL/riscv-rvv-ime-gemm-microkernels-updated/HETEROGENEOUS_RVV_IME_OPENMP_GEMM/results/openmp_results_k1-ime_1024_20260904_122607/raw_logs
============================================================
CASE_RESULT=OK
============================================================
CASE series=RVV tile_N=32 mode=k1-rvv threads=8 M=1024 N=1024 K=1024 tile_N=32 schedule=static chunk=1 kernel=*
OpenMP all-kernel tiled GEMM campaign
MODE=k1-rvv (K1 all-core RVV OpenMP baseline) M=1024 N=1024 K=1024 tile_N=32 RUNS=6
CORE_PLAN=cores 0-7 execute RVV kernels
PROJECT_ROOT=/home/bananapi/MAT/kernels riscv rvv 1.0/FINAL/riscv-rvv-ime-gemm-microkernels-updated
RESULT_DIR=/home/bananapi/MAT/kernels riscv rvv 1.0/FINAL/riscv-rvv-ime-gemm-microkernels-updated/HETEROGENEOUS_RVV_IME_OPENMP_GEMM/results/openmp_results_k1-rvv_1024_20260904_123239
COMPILER=gcc (Bianbu 14.2.0-4ubuntu2~24.04bb1) 14.2.0
BUILD_FLAGS=-O3 -std=c11 -Wall -Wextra -Wno-unknown-pragmas -fopenmp -march=rv64gcv_zvl256b -mabi=lp64d
OMP_NUM_THREADS=8 OMP_PROC_BIND=close OMP_PLACES=cores OMP_DYNAMIC=false OMP_MAX_ACTIVE_LEVELS=2
TILE_SCHEDULE=static DYNAMIC_CHUNK=1
GEMM_VALIDATE=1 VALIDATE_EACH_RUN=0 GEMM_WARMUP=1 ENABLE_MF2=0 BUILD_ONLY=0 ZVL_FILTER=256b KERNEL_FILTER=* KIND_FILTER=INT8_RVV PERF_STAT=0 STATIC_IME_WEIGHT=4 STATIC_RVV_WEIGHT=1
Cpus_allowed_list:	0-7
MEMORY_NODES_ONLINE=not_exposed
CLUSTER_PLACEMENT=exact_core_affinity; contiguous_output_ownership
============================================================
KERNEL: igemm_kernel_8x4_zvl256b_lmul1_unroll1_i8i32
  MODE: K1 all-core RVV OpenMP baseline
  BASELINE: GEMM_RVV_FP32_INT8_8x4_Baseline
  FAMILY: RVV_IGEMM_INT8_I8I32_8x4
  PATH: INT8 RVV widening GEMM (INT8 x INT8 -> INT32)
  TILE: 8x4 ZVL=256b LMUL=1 UNROLL=1
  WORK: M=1024 N=1024 K=1024 tile_N=32 runs=6
  CORES: cores 0-7 execute RVV kernels
  INPUT_CONTRACT: CANONICAL_FULL_MATRIX
PRIMARY_SOURCE=/home/bananapi/MAT/kernels riscv rvv 1.0/FINAL/riscv-rvv-ime-gemm-microkernels-updated/GEMM_RVV_FP32_INT8_8x4_Baseline/RVV_IGEMM_INT8_I8I32_8x4/igemm_kernel_8x4_zvl256b_lmul1_unroll1/igemm_kernel_8x4_zvl256b_lmul1_unroll1_i8i32.c
    run 1: OK GOPS=7.000206 time=0.306774333 threads=8 validation=1
      schedule: static chunk=0
      workers: 0:cpu0:tiles4;1:cpu1:tiles4;2:cpu2:tiles4;3:cpu3:tiles4;4:cpu4:tiles4;5:cpu5:tiles4;6:cpu6:tiles4;7:cpu7:tiles4
    run 2: OK GOPS=6.877557 time=0.312245123 threads=8 validation=0
      schedule: static chunk=0
      workers: 0:cpu0:tiles4;1:cpu1:tiles4;2:cpu2:tiles4;3:cpu3:tiles4;4:cpu4:tiles4;5:cpu5:tiles4;6:cpu6:tiles4;7:cpu7:tiles4
    run 3: OK GOPS=6.897714 time=0.311332665 threads=8 validation=0
      schedule: static chunk=0
      workers: 0:cpu0:tiles4;1:cpu1:tiles4;2:cpu2:tiles4;3:cpu3:tiles4;4:cpu4:tiles4;5:cpu5:tiles4;6:cpu6:tiles4;7:cpu7:tiles4
    run 4: OK GOPS=6.872598 time=0.312470417 threads=8 validation=0
      schedule: static chunk=0
      workers: 0:cpu0:tiles4;1:cpu1:tiles4;2:cpu2:tiles4;3:cpu3:tiles4;4:cpu4:tiles4;5:cpu5:tiles4;6:cpu6:tiles4;7:cpu7:tiles4
    run 5: OK GOPS=6.977245 time=0.307783876 threads=8 validation=0
      schedule: static chunk=0
      workers: 0:cpu0:tiles4;1:cpu1:tiles4;2:cpu2:tiles4;3:cpu3:tiles4;4:cpu4:tiles4;5:cpu5:tiles4;6:cpu6:tiles4;7:cpu7:tiles4
    run 6: OK GOPS=6.958683 time=0.308604918 threads=8 validation=0
      schedule: static chunk=0
      workers: 0:cpu0:tiles4;1:cpu1:tiles4;2:cpu2:tiles4;3:cpu3:tiles4;4:cpu4:tiles4;5:cpu5:tiles4;6:cpu6:tiles4;7:cpu7:tiles4
============================================================
KERNEL: igemm_kernel_8x4_zvl256b_lmul1_unroll2_i8i32
  MODE: K1 all-core RVV OpenMP baseline
  BASELINE: GEMM_RVV_FP32_INT8_8x4_Baseline
  FAMILY: RVV_IGEMM_INT8_I8I32_8x4
  PATH: INT8 RVV widening GEMM (INT8 x INT8 -> INT32)
  TILE: 8x4 ZVL=256b LMUL=1 UNROLL=2
  WORK: M=1024 N=1024 K=1024 tile_N=32 runs=6
  CORES: cores 0-7 execute RVV kernels
  INPUT_CONTRACT: CANONICAL_FULL_MATRIX
PRIMARY_SOURCE=/home/bananapi/MAT/kernels riscv rvv 1.0/FINAL/riscv-rvv-ime-gemm-microkernels-updated/GEMM_RVV_FP32_INT8_8x4_Baseline/RVV_IGEMM_INT8_I8I32_8x4/igemm_kernel_8x4_zvl256b_lmul1_unroll2/igemm_kernel_8x4_zvl256b_lmul1_unroll2_i8i32.c
    run 1: OK GOPS=4.663546 time=0.460483041 threads=8 validation=1
      schedule: static chunk=0
      workers: 0:cpu0:tiles4;1:cpu1:tiles4;2:cpu2:tiles4;3:cpu3:tiles4;4:cpu4:tiles4;5:cpu5:tiles4;6:cpu6:tiles4;7:cpu7:tiles4
    run 2: OK GOPS=4.585301 time=0.468340792 threads=8 validation=0
      schedule: static chunk=0
      workers: 0:cpu0:tiles4;1:cpu1:tiles4;2:cpu2:tiles4;3:cpu3:tiles4;4:cpu4:tiles4;5:cpu5:tiles4;6:cpu6:tiles4;7:cpu7:tiles4
    run 3: OK GOPS=4.637783 time=0.463041041 threads=8 validation=0
      schedule: static chunk=0
      workers: 0:cpu0:tiles4;1:cpu1:tiles4;2:cpu2:tiles4;3:cpu3:tiles4;4:cpu4:tiles4;5:cpu5:tiles4;6:cpu6:tiles4;7:cpu7:tiles4
    run 4: OK GOPS=4.592550 time=0.467601623 threads=8 validation=0
      schedule: static chunk=0
      workers: 0:cpu0:tiles4;1:cpu1:tiles4;2:cpu2:tiles4;3:cpu3:tiles4;4:cpu4:tiles4;5:cpu5:tiles4;6:cpu6:tiles4;7:cpu7:tiles4
    run 5: OK GOPS=4.643272 time=0.462493584 threads=8 validation=0
      schedule: static chunk=0
      workers: 0:cpu0:tiles4;1:cpu1:tiles4;2:cpu2:tiles4;3:cpu3:tiles4;4:cpu4:tiles4;5:cpu5:tiles4;6:cpu6:tiles4;7:cpu7:tiles4
    run 6: OK GOPS=4.641699 time=0.462650374 threads=8 validation=0
      schedule: static chunk=0
      workers: 0:cpu0:tiles4;1:cpu1:tiles4;2:cpu2:tiles4;3:cpu3:tiles4;4:cpu4:tiles4;5:cpu5:tiles4;6:cpu6:tiles4;7:cpu7:tiles4
============================================================
KERNEL: igemm_kernel_8x4_zvl256b_lmul1_unroll4_i8i32
  MODE: K1 all-core RVV OpenMP baseline
  BASELINE: GEMM_RVV_FP32_INT8_8x4_Baseline
  FAMILY: RVV_IGEMM_INT8_I8I32_8x4
  PATH: INT8 RVV widening GEMM (INT8 x INT8 -> INT32)
  TILE: 8x4 ZVL=256b LMUL=1 UNROLL=4
  WORK: M=1024 N=1024 K=1024 tile_N=32 runs=6
  CORES: cores 0-7 execute RVV kernels
  INPUT_CONTRACT: CANONICAL_FULL_MATRIX
PRIMARY_SOURCE=/home/bananapi/MAT/kernels riscv rvv 1.0/FINAL/riscv-rvv-ime-gemm-microkernels-updated/GEMM_RVV_FP32_INT8_8x4_Baseline/RVV_IGEMM_INT8_I8I32_8x4/igemm_kernel_8x4_zvl256b_lmul1_unroll4/igemm_kernel_8x4_zvl256b_lmul1_unroll4_i8i32.c
    run 1: OK GOPS=4.540861 time=0.472924374 threads=8 validation=1
      schedule: static chunk=0
      workers: 0:cpu0:tiles4;1:cpu1:tiles4;2:cpu2:tiles4;3:cpu3:tiles4;4:cpu4:tiles4;5:cpu5:tiles4;6:cpu6:tiles4;7:cpu7:tiles4
    run 2: OK GOPS=4.541071 time=0.472902413 threads=8 validation=0
      schedule: static chunk=0
      workers: 0:cpu0:tiles4;1:cpu1:tiles4;2:cpu2:tiles4;3:cpu3:tiles4;4:cpu4:tiles4;5:cpu5:tiles4;6:cpu6:tiles4;7:cpu7:tiles4
    run 3: OK GOPS=4.565003 time=0.470423289 threads=8 validation=0
      schedule: static chunk=0
      workers: 0:cpu0:tiles4;1:cpu1:tiles4;2:cpu2:tiles4;3:cpu3:tiles4;4:cpu4:tiles4;5:cpu5:tiles4;6:cpu6:tiles4;7:cpu7:tiles4
    run 4: OK GOPS=4.467507 time=0.480689459 threads=8 validation=0
      schedule: static chunk=0
      workers: 0:cpu0:tiles4;1:cpu1:tiles4;2:cpu2:tiles4;3:cpu3:tiles4;4:cpu4:tiles4;5:cpu5:tiles4;6:cpu6:tiles4;7:cpu7:tiles4
    run 5: OK GOPS=4.509427 time=0.476220958 threads=8 validation=0
      schedule: static chunk=0
      workers: 0:cpu0:tiles4;1:cpu1:tiles4;2:cpu2:tiles4;3:cpu3:tiles4;4:cpu4:tiles4;5:cpu5:tiles4;6:cpu6:tiles4;7:cpu7:tiles4
    run 6: OK GOPS=4.509571 time=0.476205748 threads=8 validation=0
      schedule: static chunk=0
      workers: 0:cpu0:tiles4;1:cpu1:tiles4;2:cpu2:tiles4;3:cpu3:tiles4;4:cpu4:tiles4;5:cpu5:tiles4;6:cpu6:tiles4;7:cpu7:tiles4
============================================================
KERNEL: igemm_kernel_8x4_zvl256b_lmul1_unroll8_i8i32
  MODE: K1 all-core RVV OpenMP baseline
  BASELINE: GEMM_RVV_FP32_INT8_8x4_Baseline
  FAMILY: RVV_IGEMM_INT8_I8I32_8x4
  PATH: INT8 RVV widening GEMM (INT8 x INT8 -> INT32)
  TILE: 8x4 ZVL=256b LMUL=1 UNROLL=8
  WORK: M=1024 N=1024 K=1024 tile_N=32 runs=6
  CORES: cores 0-7 execute RVV kernels
  INPUT_CONTRACT: CANONICAL_FULL_MATRIX
PRIMARY_SOURCE=/home/bananapi/MAT/kernels riscv rvv 1.0/FINAL/riscv-rvv-ime-gemm-microkernels-updated/GEMM_RVV_FP32_INT8_8x4_Baseline/RVV_IGEMM_INT8_I8I32_8x4/igemm_kernel_8x4_zvl256b_lmul1_unroll8/igemm_kernel_8x4_zvl256b_lmul1_unroll8_i8i32.c
    run 1: OK GOPS=4.865967 time=0.441327248 threads=8 validation=1
      schedule: static chunk=0
      workers: 0:cpu0:tiles4;1:cpu1:tiles4;2:cpu2:tiles4;3:cpu3:tiles4;4:cpu4:tiles4;5:cpu5:tiles4;6:cpu6:tiles4;7:cpu7:tiles4
    run 2: OK GOPS=4.891122 time=0.439057458 threads=8 validation=0
      schedule: static chunk=0
      workers: 0:cpu0:tiles4;1:cpu1:tiles4;2:cpu2:tiles4;3:cpu3:tiles4;4:cpu4:tiles4;5:cpu5:tiles4;6:cpu6:tiles4;7:cpu7:tiles4
    run 3: OK GOPS=4.809711 time=0.446489125 threads=8 validation=0
      schedule: static chunk=0
      workers: 0:cpu0:tiles4;1:cpu1:tiles4;2:cpu2:tiles4;3:cpu3:tiles4;4:cpu4:tiles4;5:cpu5:tiles4;6:cpu6:tiles4;7:cpu7:tiles4
    run 4: OK GOPS=4.872092 time=0.440772418 threads=8 validation=0
      schedule: static chunk=0
      workers: 0:cpu0:tiles4;1:cpu1:tiles4;2:cpu2:tiles4;3:cpu3:tiles4;4:cpu4:tiles4;5:cpu5:tiles4;6:cpu6:tiles4;7:cpu7:tiles4
    run 5: OK GOPS=4.884798 time=0.439625874 threads=8 validation=0
      schedule: static chunk=0
      workers: 0:cpu0:tiles4;1:cpu1:tiles4;2:cpu2:tiles4;3:cpu3:tiles4;4:cpu4:tiles4;5:cpu5:tiles4;6:cpu6:tiles4;7:cpu7:tiles4
    run 6: OK GOPS=4.885947 time=0.439522501 threads=8 validation=0
      schedule: static chunk=0
      workers: 0:cpu0:tiles4;1:cpu1:tiles4;2:cpu2:tiles4;3:cpu3:tiles4;4:cpu4:tiles4;5:cpu5:tiles4;6:cpu6:tiles4;7:cpu7:tiles4
============================================================
KERNEL: igemm_kernel_8x4_zvl256b_lmul2_unroll1_i8i32
  MODE: K1 all-core RVV OpenMP baseline
  BASELINE: GEMM_RVV_FP32_INT8_8x4_Baseline
  FAMILY: RVV_IGEMM_INT8_I8I32_8x4
  PATH: INT8 RVV widening GEMM (INT8 x INT8 -> INT32)
  TILE: 8x4 ZVL=256b LMUL=2 UNROLL=1
  WORK: M=1024 N=1024 K=1024 tile_N=32 runs=6
  CORES: cores 0-7 execute RVV kernels
  INPUT_CONTRACT: CANONICAL_FULL_MATRIX
PRIMARY_SOURCE=/home/bananapi/MAT/kernels riscv rvv 1.0/FINAL/riscv-rvv-ime-gemm-microkernels-updated/GEMM_RVV_FP32_INT8_8x4_Baseline/RVV_IGEMM_INT8_I8I32_8x4/igemm_kernel_8x4_zvl256b_lmul2_unroll1/igemm_kernel_8x4_zvl256b_lmul2_unroll1_i8i32.c
    run 1: OK GOPS=2.055170 time=1.044917792 threads=8 validation=1
      schedule: static chunk=0
      workers: 0:cpu0:tiles4;1:cpu1:tiles4;2:cpu2:tiles4;3:cpu3:tiles4;4:cpu4:tiles4;5:cpu5:tiles4;6:cpu6:tiles4;7:cpu7:tiles4
    run 2: OK GOPS=2.076504 time=1.034182332 threads=8 validation=0
      schedule: static chunk=0
      workers: 0:cpu0:tiles4;1:cpu1:tiles4;2:cpu2:tiles4;3:cpu3:tiles4;4:cpu4:tiles4;5:cpu5:tiles4;6:cpu6:tiles4;7:cpu7:tiles4
    run 3: OK GOPS=2.085875 time=1.029536001 threads=8 validation=0
      schedule: static chunk=0
      workers: 0:cpu0:tiles4;1:cpu1:tiles4;2:cpu2:tiles4;3:cpu3:tiles4;4:cpu4:tiles4;5:cpu5:tiles4;6:cpu6:tiles4;7:cpu7:tiles4
    run 4: OK GOPS=2.091518 time=1.026758250 threads=8 validation=0
      schedule: static chunk=0
      workers: 0:cpu0:tiles4;1:cpu1:tiles4;2:cpu2:tiles4;3:cpu3:tiles4;4:cpu4:tiles4;5:cpu5:tiles4;6:cpu6:tiles4;7:cpu7:tiles4
    run 5: OK GOPS=2.090099 time=1.027455542 threads=8 validation=0
      schedule: static chunk=0
      workers: 0:cpu0:tiles4;1:cpu1:tiles4;2:cpu2:tiles4;3:cpu3:tiles4;4:cpu4:tiles4;5:cpu5:tiles4;6:cpu6:tiles4;7:cpu7:tiles4
    run 6: OK GOPS=2.088152 time=1.028413333 threads=8 validation=0
      schedule: static chunk=0
      workers: 0:cpu0:tiles4;1:cpu1:tiles4;2:cpu2:tiles4;3:cpu3:tiles4;4:cpu4:tiles4;5:cpu5:tiles4;6:cpu6:tiles4;7:cpu7:tiles4
============================================================
KERNEL: igemm_kernel_8x4_zvl256b_lmul2_unroll2_i8i32
  MODE: K1 all-core RVV OpenMP baseline
  BASELINE: GEMM_RVV_FP32_INT8_8x4_Baseline
  FAMILY: RVV_IGEMM_INT8_I8I32_8x4
  PATH: INT8 RVV widening GEMM (INT8 x INT8 -> INT32)
  TILE: 8x4 ZVL=256b LMUL=2 UNROLL=2
  WORK: M=1024 N=1024 K=1024 tile_N=32 runs=6
  CORES: cores 0-7 execute RVV kernels
  INPUT_CONTRACT: CANONICAL_FULL_MATRIX
PRIMARY_SOURCE=/home/bananapi/MAT/kernels riscv rvv 1.0/FINAL/riscv-rvv-ime-gemm-microkernels-updated/GEMM_RVV_FP32_INT8_8x4_Baseline/RVV_IGEMM_INT8_I8I32_8x4/igemm_kernel_8x4_zvl256b_lmul2_unroll2/igemm_kernel_8x4_zvl256b_lmul2_unroll2_i8i32.c
    run 1: OK GOPS=1.981617 time=1.083702669 threads=8 validation=1
      schedule: static chunk=0
      workers: 0:cpu0:tiles4;1:cpu1:tiles4;2:cpu2:tiles4;3:cpu3:tiles4;4:cpu4:tiles4;5:cpu5:tiles4;6:cpu6:tiles4;7:cpu7:tiles4
    run 2: OK GOPS=2.011388 time=1.067662336 threads=8 validation=0
      schedule: static chunk=0
      workers: 0:cpu0:tiles4;1:cpu1:tiles4;2:cpu2:tiles4;3:cpu3:tiles4;4:cpu4:tiles4;5:cpu5:tiles4;6:cpu6:tiles4;7:cpu7:tiles4
    run 3: OK GOPS=1.989068 time=1.079643164 threads=8 validation=0
      schedule: static chunk=0
      workers: 0:cpu0:tiles4;1:cpu1:tiles4;2:cpu2:tiles4;3:cpu3:tiles4;4:cpu4:tiles4;5:cpu5:tiles4;6:cpu6:tiles4;7:cpu7:tiles4
    run 4: OK GOPS=1.993502 time=1.077241749 threads=8 validation=0
      schedule: static chunk=0
      workers: 0:cpu0:tiles4;1:cpu1:tiles4;2:cpu2:tiles4;3:cpu3:tiles4;4:cpu4:tiles4;5:cpu5:tiles4;6:cpu6:tiles4;7:cpu7:tiles4
    run 5: OK GOPS=1.987003 time=1.080765169 threads=8 validation=0
      schedule: static chunk=0
      workers: 0:cpu0:tiles4;1:cpu1:tiles4;2:cpu2:tiles4;3:cpu3:tiles4;4:cpu4:tiles4;5:cpu5:tiles4;6:cpu6:tiles4;7:cpu7:tiles4
    run 6: OK GOPS=1.992446 time=1.077812500 threads=8 validation=0
      schedule: static chunk=0
      workers: 0:cpu0:tiles4;1:cpu1:tiles4;2:cpu2:tiles4;3:cpu3:tiles4;4:cpu4:tiles4;5:cpu5:tiles4;6:cpu6:tiles4;7:cpu7:tiles4
============================================================
KERNEL: igemm_kernel_8x4_zvl256b_lmul2_unroll4_i8i32
  MODE: K1 all-core RVV OpenMP baseline
  BASELINE: GEMM_RVV_FP32_INT8_8x4_Baseline
  FAMILY: RVV_IGEMM_INT8_I8I32_8x4
  PATH: INT8 RVV widening GEMM (INT8 x INT8 -> INT32)
  TILE: 8x4 ZVL=256b LMUL=2 UNROLL=4
  WORK: M=1024 N=1024 K=1024 tile_N=32 runs=6
  CORES: cores 0-7 execute RVV kernels
  INPUT_CONTRACT: CANONICAL_FULL_MATRIX
PRIMARY_SOURCE=/home/bananapi/MAT/kernels riscv rvv 1.0/FINAL/riscv-rvv-ime-gemm-microkernels-updated/GEMM_RVV_FP32_INT8_8x4_Baseline/RVV_IGEMM_INT8_I8I32_8x4/igemm_kernel_8x4_zvl256b_lmul2_unroll4/igemm_kernel_8x4_zvl256b_lmul2_unroll4_i8i32.c
    run 1: OK GOPS=1.711660 time=1.254620418 threads=8 validation=1
      schedule: static chunk=0
      workers: 0:cpu0:tiles4;1:cpu1:tiles4;2:cpu2:tiles4;3:cpu3:tiles4;4:cpu4:tiles4;5:cpu5:tiles4;6:cpu6:tiles4;7:cpu7:tiles4
    run 2: OK GOPS=1.713794 time=1.253058501 threads=8 validation=0
      schedule: static chunk=0
      workers: 0:cpu0:tiles4;1:cpu1:tiles4;2:cpu2:tiles4;3:cpu3:tiles4;4:cpu4:tiles4;5:cpu5:tiles4;6:cpu6:tiles4;7:cpu7:tiles4
    run 3: OK GOPS=1.714667 time=1.252420209 threads=8 validation=0
      schedule: static chunk=0
      workers: 0:cpu0:tiles4;1:cpu1:tiles4;2:cpu2:tiles4;3:cpu3:tiles4;4:cpu4:tiles4;5:cpu5:tiles4;6:cpu6:tiles4;7:cpu7:tiles4
    run 4: OK GOPS=1.726566 time=1.243789170 threads=8 validation=0
      schedule: static chunk=0
      workers: 0:cpu0:tiles4;1:cpu1:tiles4;2:cpu2:tiles4;3:cpu3:tiles4;4:cpu4:tiles4;5:cpu5:tiles4;6:cpu6:tiles4;7:cpu7:tiles4
    run 5: OK GOPS=1.724181 time=1.245509624 threads=8 validation=0
      schedule: static chunk=0
      workers: 0:cpu0:tiles4;1:cpu1:tiles4;2:cpu2:tiles4;3:cpu3:tiles4;4:cpu4:tiles4;5:cpu5:tiles4;6:cpu6:tiles4;7:cpu7:tiles4
    run 6: OK GOPS=1.715577 time=1.251755998 threads=8 validation=0
      schedule: static chunk=0
      workers: 0:cpu0:tiles4;1:cpu1:tiles4;2:cpu2:tiles4;3:cpu3:tiles4;4:cpu4:tiles4;5:cpu5:tiles4;6:cpu6:tiles4;7:cpu7:tiles4
============================================================
KERNEL: igemm_kernel_8x4_zvl256b_lmul2_unroll8_i8i32
  MODE: K1 all-core RVV OpenMP baseline
  BASELINE: GEMM_RVV_FP32_INT8_8x4_Baseline
  FAMILY: RVV_IGEMM_INT8_I8I32_8x4
  PATH: INT8 RVV widening GEMM (INT8 x INT8 -> INT32)
  TILE: 8x4 ZVL=256b LMUL=2 UNROLL=8
  WORK: M=1024 N=1024 K=1024 tile_N=32 runs=6
  CORES: cores 0-7 execute RVV kernels
  INPUT_CONTRACT: CANONICAL_FULL_MATRIX
PRIMARY_SOURCE=/home/bananapi/MAT/kernels riscv rvv 1.0/FINAL/riscv-rvv-ime-gemm-microkernels-updated/GEMM_RVV_FP32_INT8_8x4_Baseline/RVV_IGEMM_INT8_I8I32_8x4/igemm_kernel_8x4_zvl256b_lmul2_unroll8/igemm_kernel_8x4_zvl256b_lmul2_unroll8_i8i32.c
    run 1: OK GOPS=1.690518 time=1.270311251 threads=8 validation=1
      schedule: static chunk=0
      workers: 0:cpu0:tiles4;1:cpu1:tiles4;2:cpu2:tiles4;3:cpu3:tiles4;4:cpu4:tiles4;5:cpu5:tiles4;6:cpu6:tiles4;7:cpu7:tiles4
    run 2: OK GOPS=1.672433 time=1.284047626 threads=8 validation=0
      schedule: static chunk=0
      workers: 0:cpu0:tiles4;1:cpu1:tiles4;2:cpu2:tiles4;3:cpu3:tiles4;4:cpu4:tiles4;5:cpu5:tiles4;6:cpu6:tiles4;7:cpu7:tiles4
    run 3: OK GOPS=1.678641 time=1.279298835 threads=8 validation=0
      schedule: static chunk=0
      workers: 0:cpu0:tiles4;1:cpu1:tiles4;2:cpu2:tiles4;3:cpu3:tiles4;4:cpu4:tiles4;5:cpu5:tiles4;6:cpu6:tiles4;7:cpu7:tiles4
    run 4: OK GOPS=1.692109 time=1.269116666 threads=8 validation=0
      schedule: static chunk=0
      workers: 0:cpu0:tiles4;1:cpu1:tiles4;2:cpu2:tiles4;3:cpu3:tiles4;4:cpu4:tiles4;5:cpu5:tiles4;6:cpu6:tiles4;7:cpu7:tiles4
    run 5: OK GOPS=1.677802 time=1.279938750 threads=8 validation=0
      schedule: static chunk=0
      workers: 0:cpu0:tiles4;1:cpu1:tiles4;2:cpu2:tiles4;3:cpu3:tiles4;4:cpu4:tiles4;5:cpu5:tiles4;6:cpu6:tiles4;7:cpu7:tiles4
    run 6: OK GOPS=1.685708 time=1.273935791 threads=8 validation=0
      schedule: static chunk=0
      workers: 0:cpu0:tiles4;1:cpu1:tiles4;2:cpu2:tiles4;3:cpu3:tiles4;4:cpu4:tiles4;5:cpu5:tiles4;6:cpu6:tiles4;7:cpu7:tiles4
============================================================
KERNEL: igemm_kernel_8x4_zvl256b_lmulmf2_unroll1_i8i32
  MODE: K1 all-core RVV OpenMP baseline
  BASELINE: GEMM_RVV_FP32_INT8_8x4_Baseline
  FAMILY: RVV_IGEMM_INT8_I8I32_8x4
  PATH: INT8 RVV widening GEMM (INT8 x INT8 -> INT32)
  TILE: 8x4 ZVL=256b LMUL=mf2 UNROLL=1
  WORK: M=1024 N=1024 K=1024 tile_N=32 runs=6
  CORES: cores 0-7 execute RVV kernels
  INPUT_CONTRACT: CANONICAL_FULL_MATRIX
PRIMARY_SOURCE=/home/bananapi/MAT/kernels riscv rvv 1.0/FINAL/riscv-rvv-ime-gemm-microkernels-updated/GEMM_RVV_FP32_INT8_8x4_Baseline/RVV_IGEMM_INT8_I8I32_8x4/igemm_kernel_8x4_zvl256b_lmulmf2_unroll1/igemm_kernel_8x4_zvl256b_lmulmf2_unroll1_i8i32.c
    run 1: OK GOPS=15.730920 time=0.136513542 threads=8 validation=1
      schedule: static chunk=0
      workers: 0:cpu0:tiles4;1:cpu1:tiles4;2:cpu2:tiles4;3:cpu3:tiles4;4:cpu4:tiles4;5:cpu5:tiles4;6:cpu6:tiles4;7:cpu7:tiles4
    run 2: OK GOPS=17.099445 time=0.125587918 threads=8 validation=0
      schedule: static chunk=0
      workers: 0:cpu0:tiles4;1:cpu1:tiles4;2:cpu2:tiles4;3:cpu3:tiles4;4:cpu4:tiles4;5:cpu5:tiles4;6:cpu6:tiles4;7:cpu7:tiles4
    run 3: OK GOPS=16.452677 time=0.130524877 threads=8 validation=0
      schedule: static chunk=0
      workers: 0:cpu0:tiles4;1:cpu1:tiles4;2:cpu2:tiles4;3:cpu3:tiles4;4:cpu4:tiles4;5:cpu5:tiles4;6:cpu6:tiles4;7:cpu7:tiles4
    run 4: OK GOPS=16.675157 time=0.128783416 threads=8 validation=0
      schedule: static chunk=0
      workers: 0:cpu0:tiles4;1:cpu1:tiles4;2:cpu2:tiles4;3:cpu3:tiles4;4:cpu4:tiles4;5:cpu5:tiles4;6:cpu6:tiles4;7:cpu7:tiles4
    run 5: OK GOPS=16.712861 time=0.128492877 threads=8 validation=0
      schedule: static chunk=0
      workers: 0:cpu0:tiles4;1:cpu1:tiles4;2:cpu2:tiles4;3:cpu3:tiles4;4:cpu4:tiles4;5:cpu5:tiles4;6:cpu6:tiles4;7:cpu7:tiles4
    run 6: OK GOPS=16.641693 time=0.129042376 threads=8 validation=0
      schedule: static chunk=0
      workers: 0:cpu0:tiles4;1:cpu1:tiles4;2:cpu2:tiles4;3:cpu3:tiles4;4:cpu4:tiles4;5:cpu5:tiles4;6:cpu6:tiles4;7:cpu7:tiles4
============================================================
KERNEL: igemm_kernel_8x4_zvl256b_lmulmf2_unroll2_i8i32
  MODE: K1 all-core RVV OpenMP baseline
  BASELINE: GEMM_RVV_FP32_INT8_8x4_Baseline
  FAMILY: RVV_IGEMM_INT8_I8I32_8x4
  PATH: INT8 RVV widening GEMM (INT8 x INT8 -> INT32)
  TILE: 8x4 ZVL=256b LMUL=mf2 UNROLL=2
  WORK: M=1024 N=1024 K=1024 tile_N=32 runs=6
  CORES: cores 0-7 execute RVV kernels
  INPUT_CONTRACT: CANONICAL_FULL_MATRIX
PRIMARY_SOURCE=/home/bananapi/MAT/kernels riscv rvv 1.0/FINAL/riscv-rvv-ime-gemm-microkernels-updated/GEMM_RVV_FP32_INT8_8x4_Baseline/RVV_IGEMM_INT8_I8I32_8x4/igemm_kernel_8x4_zvl256b_lmulmf2_unroll2/igemm_kernel_8x4_zvl256b_lmulmf2_unroll2_i8i32.c
    run 1: OK GOPS=17.001613 time=0.126310583 threads=8 validation=1
      schedule: static chunk=0
      workers: 0:cpu0:tiles4;1:cpu1:tiles4;2:cpu2:tiles4;3:cpu3:tiles4;4:cpu4:tiles4;5:cpu5:tiles4;6:cpu6:tiles4;7:cpu7:tiles4
    run 2: OK GOPS=17.583678 time=0.122129377 threads=8 validation=0
      schedule: static chunk=0
      workers: 0:cpu0:tiles4;1:cpu1:tiles4;2:cpu2:tiles4;3:cpu3:tiles4;4:cpu4:tiles4;5:cpu5:tiles4;6:cpu6:tiles4;7:cpu7:tiles4
    run 3: OK GOPS=18.058949 time=0.118915208 threads=8 validation=0
      schedule: static chunk=0
      workers: 0:cpu0:tiles4;1:cpu1:tiles4;2:cpu2:tiles4;3:cpu3:tiles4;4:cpu4:tiles4;5:cpu5:tiles4;6:cpu6:tiles4;7:cpu7:tiles4
    run 4: OK GOPS=18.170923 time=0.118182417 threads=8 validation=0
      schedule: static chunk=0
      workers: 0:cpu0:tiles4;1:cpu1:tiles4;2:cpu2:tiles4;3:cpu3:tiles4;4:cpu4:tiles4;5:cpu5:tiles4;6:cpu6:tiles4;7:cpu7:tiles4
    run 5: OK GOPS=17.818594 time=0.120519251 threads=8 validation=0
      schedule: static chunk=0
      workers: 0:cpu0:tiles4;1:cpu1:tiles4;2:cpu2:tiles4;3:cpu3:tiles4;4:cpu4:tiles4;5:cpu5:tiles4;6:cpu6:tiles4;7:cpu7:tiles4
    run 6: OK GOPS=18.558173 time=0.115716331 threads=8 validation=0
      schedule: static chunk=0
      workers: 0:cpu0:tiles4;1:cpu1:tiles4;2:cpu2:tiles4;3:cpu3:tiles4;4:cpu4:tiles4;5:cpu5:tiles4;6:cpu6:tiles4;7:cpu7:tiles4
============================================================
KERNEL: igemm_kernel_8x4_zvl256b_lmulmf2_unroll4_i8i32
  MODE: K1 all-core RVV OpenMP baseline
  BASELINE: GEMM_RVV_FP32_INT8_8x4_Baseline
  FAMILY: RVV_IGEMM_INT8_I8I32_8x4
  PATH: INT8 RVV widening GEMM (INT8 x INT8 -> INT32)
  TILE: 8x4 ZVL=256b LMUL=mf2 UNROLL=4
  WORK: M=1024 N=1024 K=1024 tile_N=32 runs=6
  CORES: cores 0-7 execute RVV kernels
  INPUT_CONTRACT: CANONICAL_FULL_MATRIX
PRIMARY_SOURCE=/home/bananapi/MAT/kernels riscv rvv 1.0/FINAL/riscv-rvv-ime-gemm-microkernels-updated/GEMM_RVV_FP32_INT8_8x4_Baseline/RVV_IGEMM_INT8_I8I32_8x4/igemm_kernel_8x4_zvl256b_lmulmf2_unroll4/igemm_kernel_8x4_zvl256b_lmulmf2_unroll4_i8i32.c
    run 1: OK GOPS=18.502349 time=0.116065457 threads=8 validation=1
      schedule: static chunk=0
      workers: 0:cpu0:tiles4;1:cpu1:tiles4;2:cpu2:tiles4;3:cpu3:tiles4;4:cpu4:tiles4;5:cpu5:tiles4;6:cpu6:tiles4;7:cpu7:tiles4
    run 2: OK GOPS=18.204748 time=0.117962833 threads=8 validation=0
      schedule: static chunk=0
      workers: 0:cpu0:tiles4;1:cpu1:tiles4;2:cpu2:tiles4;3:cpu3:tiles4;4:cpu4:tiles4;5:cpu5:tiles4;6:cpu6:tiles4;7:cpu7:tiles4
    run 3: OK GOPS=18.064924 time=0.118875872 threads=8 validation=0
      schedule: static chunk=0
      workers: 0:cpu0:tiles4;1:cpu1:tiles4;2:cpu2:tiles4;3:cpu3:tiles4;4:cpu4:tiles4;5:cpu5:tiles4;6:cpu6:tiles4;7:cpu7:tiles4
    run 4: OK GOPS=17.777703 time=0.120796461 threads=8 validation=0
      schedule: static chunk=0
      workers: 0:cpu0:tiles4;1:cpu1:tiles4;2:cpu2:tiles4;3:cpu3:tiles4;4:cpu4:tiles4;5:cpu5:tiles4;6:cpu6:tiles4;7:cpu7:tiles4
    run 5: OK GOPS=17.974723 time=0.119472418 threads=8 validation=0
      schedule: static chunk=0
      workers: 0:cpu0:tiles4;1:cpu1:tiles4;2:cpu2:tiles4;3:cpu3:tiles4;4:cpu4:tiles4;5:cpu5:tiles4;6:cpu6:tiles4;7:cpu7:tiles4
    run 6: OK GOPS=17.914582 time=0.119873498 threads=8 validation=0
      schedule: static chunk=0
      workers: 0:cpu0:tiles4;1:cpu1:tiles4;2:cpu2:tiles4;3:cpu3:tiles4;4:cpu4:tiles4;5:cpu5:tiles4;6:cpu6:tiles4;7:cpu7:tiles4
============================================================
KERNEL: igemm_kernel_8x4_zvl256b_lmulmf2_unroll8_i8i32
  MODE: K1 all-core RVV OpenMP baseline
  BASELINE: GEMM_RVV_FP32_INT8_8x4_Baseline
  FAMILY: RVV_IGEMM_INT8_I8I32_8x4
  PATH: INT8 RVV widening GEMM (INT8 x INT8 -> INT32)
  TILE: 8x4 ZVL=256b LMUL=mf2 UNROLL=8
  WORK: M=1024 N=1024 K=1024 tile_N=32 runs=6
  CORES: cores 0-7 execute RVV kernels
  INPUT_CONTRACT: CANONICAL_FULL_MATRIX
PRIMARY_SOURCE=/home/bananapi/MAT/kernels riscv rvv 1.0/FINAL/riscv-rvv-ime-gemm-microkernels-updated/GEMM_RVV_FP32_INT8_8x4_Baseline/RVV_IGEMM_INT8_I8I32_8x4/igemm_kernel_8x4_zvl256b_lmulmf2_unroll8/igemm_kernel_8x4_zvl256b_lmulmf2_unroll8_i8i32.c
    run 1: OK GOPS=17.990227 time=0.119369458 threads=8 validation=1
      schedule: static chunk=0
      workers: 0:cpu0:tiles4;1:cpu1:tiles4;2:cpu2:tiles4;3:cpu3:tiles4;4:cpu4:tiles4;5:cpu5:tiles4;6:cpu6:tiles4;7:cpu7:tiles4
    run 2: OK GOPS=16.651828 time=0.128963836 threads=8 validation=0
      schedule: static chunk=0
      workers: 0:cpu0:tiles4;1:cpu1:tiles4;2:cpu2:tiles4;3:cpu3:tiles4;4:cpu4:tiles4;5:cpu5:tiles4;6:cpu6:tiles4;7:cpu7:tiles4
    run 3: OK GOPS=17.647226 time=0.121689584 threads=8 validation=0
      schedule: static chunk=0
      workers: 0:cpu0:tiles4;1:cpu1:tiles4;2:cpu2:tiles4;3:cpu3:tiles4;4:cpu4:tiles4;5:cpu5:tiles4;6:cpu6:tiles4;7:cpu7:tiles4
    run 4: OK GOPS=17.866094 time=0.120198835 threads=8 validation=0
      schedule: static chunk=0
      workers: 0:cpu0:tiles4;1:cpu1:tiles4;2:cpu2:tiles4;3:cpu3:tiles4;4:cpu4:tiles4;5:cpu5:tiles4;6:cpu6:tiles4;7:cpu7:tiles4
    run 5: OK GOPS=17.874887 time=0.120139707 threads=8 validation=0
      schedule: static chunk=0
      workers: 0:cpu0:tiles4;1:cpu1:tiles4;2:cpu2:tiles4;3:cpu3:tiles4;4:cpu4:tiles4;5:cpu5:tiles4;6:cpu6:tiles4;7:cpu7:tiles4
    run 6: OK GOPS=17.776067 time=0.120807581 threads=8 validation=0
      schedule: static chunk=0
      workers: 0:cpu0:tiles4;1:cpu1:tiles4;2:cpu2:tiles4;3:cpu3:tiles4;4:cpu4:tiles4;5:cpu5:tiles4;6:cpu6:tiles4;7:cpu7:tiles4
============================================================
KERNEL: igemm_kernel_8x4_zvl256b_lmulmf4_unroll1_i8i32
  MODE: K1 all-core RVV OpenMP baseline
  BASELINE: GEMM_RVV_FP32_INT8_8x4_Baseline
  FAMILY: RVV_IGEMM_INT8_I8I32_8x4
  PATH: INT8 RVV widening GEMM (INT8 x INT8 -> INT32)
  TILE: 8x4 ZVL=256b LMUL=mf4 UNROLL=1
  WORK: M=1024 N=1024 K=1024 tile_N=32 runs=6
  CORES: cores 0-7 execute RVV kernels
  INPUT_CONTRACT: CANONICAL_FULL_MATRIX
PRIMARY_SOURCE=/home/bananapi/MAT/kernels riscv rvv 1.0/FINAL/riscv-rvv-ime-gemm-microkernels-updated/GEMM_RVV_FP32_INT8_8x4_Baseline/RVV_IGEMM_INT8_I8I32_8x4/igemm_kernel_8x4_zvl256b_lmulmf4_unroll1/igemm_kernel_8x4_zvl256b_lmulmf4_unroll1_i8i32.c
    run 1: OK GOPS=22.157195 time=0.096920375 threads=8 validation=1
      schedule: static chunk=0
      workers: 0:cpu0:tiles4;1:cpu1:tiles4;2:cpu2:tiles4;3:cpu3:tiles4;4:cpu4:tiles4;5:cpu5:tiles4;6:cpu6:tiles4;7:cpu7:tiles4
    run 2: OK GOPS=20.780524 time=0.103341170 threads=8 validation=0
      schedule: static chunk=0
      workers: 0:cpu0:tiles4;1:cpu1:tiles4;2:cpu2:tiles4;3:cpu3:tiles4;4:cpu4:tiles4;5:cpu5:tiles4;6:cpu6:tiles4;7:cpu7:tiles4
    run 3: OK GOPS=19.750434 time=0.108730961 threads=8 validation=0
      schedule: static chunk=0
      workers: 0:cpu0:tiles4;1:cpu1:tiles4;2:cpu2:tiles4;3:cpu3:tiles4;4:cpu4:tiles4;5:cpu5:tiles4;6:cpu6:tiles4;7:cpu7:tiles4
    run 4: OK GOPS=20.498917 time=0.104760833 threads=8 validation=0
      schedule: static chunk=0
      workers: 0:cpu0:tiles4;1:cpu1:tiles4;2:cpu2:tiles4;3:cpu3:tiles4;4:cpu4:tiles4;5:cpu5:tiles4;6:cpu6:tiles4;7:cpu7:tiles4
    run 5: OK GOPS=20.929135 time=0.102607377 threads=8 validation=0
      schedule: static chunk=0
      workers: 0:cpu0:tiles4;1:cpu1:tiles4;2:cpu2:tiles4;3:cpu3:tiles4;4:cpu4:tiles4;5:cpu5:tiles4;6:cpu6:tiles4;7:cpu7:tiles4
    run 6: OK GOPS=20.296858 time=0.105803750 threads=8 validation=0
      schedule: static chunk=0
      workers: 0:cpu0:tiles4;1:cpu1:tiles4;2:cpu2:tiles4;3:cpu3:tiles4;4:cpu4:tiles4;5:cpu5:tiles4;6:cpu6:tiles4;7:cpu7:tiles4
============================================================
KERNEL: igemm_kernel_8x4_zvl256b_lmulmf4_unroll2_i8i32
  MODE: K1 all-core RVV OpenMP baseline
  BASELINE: GEMM_RVV_FP32_INT8_8x4_Baseline
  FAMILY: RVV_IGEMM_INT8_I8I32_8x4
  PATH: INT8 RVV widening GEMM (INT8 x INT8 -> INT32)
  TILE: 8x4 ZVL=256b LMUL=mf4 UNROLL=2
  WORK: M=1024 N=1024 K=1024 tile_N=32 runs=6
  CORES: cores 0-7 execute RVV kernels
  INPUT_CONTRACT: CANONICAL_FULL_MATRIX
PRIMARY_SOURCE=/home/bananapi/MAT/kernels riscv rvv 1.0/FINAL/riscv-rvv-ime-gemm-microkernels-updated/GEMM_RVV_FP32_INT8_8x4_Baseline/RVV_IGEMM_INT8_I8I32_8x4/igemm_kernel_8x4_zvl256b_lmulmf4_unroll2/igemm_kernel_8x4_zvl256b_lmulmf4_unroll2_i8i32.c
    run 1: OK GOPS=22.257773 time=0.096482415 threads=8 validation=1
      schedule: static chunk=0
      workers: 0:cpu0:tiles4;1:cpu1:tiles4;2:cpu2:tiles4;3:cpu3:tiles4;4:cpu4:tiles4;5:cpu5:tiles4;6:cpu6:tiles4;7:cpu7:tiles4
    run 2: OK GOPS=21.485365 time=0.099950999 threads=8 validation=0
      schedule: static chunk=0
      workers: 0:cpu0:tiles4;1:cpu1:tiles4;2:cpu2:tiles4;3:cpu3:tiles4;4:cpu4:tiles4;5:cpu5:tiles4;6:cpu6:tiles4;7:cpu7:tiles4
    run 3: OK GOPS=21.864943 time=0.098215837 threads=8 validation=0
      schedule: static chunk=0
      workers: 0:cpu0:tiles4;1:cpu1:tiles4;2:cpu2:tiles4;3:cpu3:tiles4;4:cpu4:tiles4;5:cpu5:tiles4;6:cpu6:tiles4;7:cpu7:tiles4
    run 4: OK GOPS=21.635426 time=0.099257749 threads=8 validation=0
      schedule: static chunk=0
      workers: 0:cpu0:tiles4;1:cpu1:tiles4;2:cpu2:tiles4;3:cpu3:tiles4;4:cpu4:tiles4;5:cpu5:tiles4;6:cpu6:tiles4;7:cpu7:tiles4
    run 5: OK GOPS=22.424602 time=0.095764626 threads=8 validation=0
      schedule: static chunk=0
      workers: 0:cpu0:tiles4;1:cpu1:tiles4;2:cpu2:tiles4;3:cpu3:tiles4;4:cpu4:tiles4;5:cpu5:tiles4;6:cpu6:tiles4;7:cpu7:tiles4
    run 6: OK GOPS=21.218587 time=0.101207666 threads=8 validation=0
      schedule: static chunk=0
      workers: 0:cpu0:tiles4;1:cpu1:tiles4;2:cpu2:tiles4;3:cpu3:tiles4;4:cpu4:tiles4;5:cpu5:tiles4;6:cpu6:tiles4;7:cpu7:tiles4
============================================================
KERNEL: igemm_kernel_8x4_zvl256b_lmulmf4_unroll4_i8i32
  MODE: K1 all-core RVV OpenMP baseline
  BASELINE: GEMM_RVV_FP32_INT8_8x4_Baseline
  FAMILY: RVV_IGEMM_INT8_I8I32_8x4
  PATH: INT8 RVV widening GEMM (INT8 x INT8 -> INT32)
  TILE: 8x4 ZVL=256b LMUL=mf4 UNROLL=4
  WORK: M=1024 N=1024 K=1024 tile_N=32 runs=6
  CORES: cores 0-7 execute RVV kernels
  INPUT_CONTRACT: CANONICAL_FULL_MATRIX
PRIMARY_SOURCE=/home/bananapi/MAT/kernels riscv rvv 1.0/FINAL/riscv-rvv-ime-gemm-microkernels-updated/GEMM_RVV_FP32_INT8_8x4_Baseline/RVV_IGEMM_INT8_I8I32_8x4/igemm_kernel_8x4_zvl256b_lmulmf4_unroll4/igemm_kernel_8x4_zvl256b_lmulmf4_unroll4_i8i32.c
    run 1: OK GOPS=22.666499 time=0.094742626 threads=8 validation=1
      schedule: static chunk=0
      workers: 0:cpu0:tiles4;1:cpu1:tiles4;2:cpu2:tiles4;3:cpu3:tiles4;4:cpu4:tiles4;5:cpu5:tiles4;6:cpu6:tiles4;7:cpu7:tiles4
    run 2: OK GOPS=22.336340 time=0.096143041 threads=8 validation=0
      schedule: static chunk=0
      workers: 0:cpu0:tiles4;1:cpu1:tiles4;2:cpu2:tiles4;3:cpu3:tiles4;4:cpu4:tiles4;5:cpu5:tiles4;6:cpu6:tiles4;7:cpu7:tiles4
    run 3: OK GOPS=20.480695 time=0.104854044 threads=8 validation=0
      schedule: static chunk=0
      workers: 0:cpu0:tiles4;1:cpu1:tiles4;2:cpu2:tiles4;3:cpu3:tiles4;4:cpu4:tiles4;5:cpu5:tiles4;6:cpu6:tiles4;7:cpu7:tiles4
    run 4: OK GOPS=23.229674 time=0.092445709 threads=8 validation=0
      schedule: static chunk=0
      workers: 0:cpu0:tiles4;1:cpu1:tiles4;2:cpu2:tiles4;3:cpu3:tiles4;4:cpu4:tiles4;5:cpu5:tiles4;6:cpu6:tiles4;7:cpu7:tiles4
    run 5: OK GOPS=23.290896 time=0.092202708 threads=8 validation=0
      schedule: static chunk=0
      workers: 0:cpu0:tiles4;1:cpu1:tiles4;2:cpu2:tiles4;3:cpu3:tiles4;4:cpu4:tiles4;5:cpu5:tiles4;6:cpu6:tiles4;7:cpu7:tiles4
    run 6: OK GOPS=23.154294 time=0.092746668 threads=8 validation=0
      schedule: static chunk=0
      workers: 0:cpu0:tiles4;1:cpu1:tiles4;2:cpu2:tiles4;3:cpu3:tiles4;4:cpu4:tiles4;5:cpu5:tiles4;6:cpu6:tiles4;7:cpu7:tiles4
============================================================
KERNEL: igemm_kernel_8x4_zvl256b_lmulmf4_unroll8_i8i32
  MODE: K1 all-core RVV OpenMP baseline
  BASELINE: GEMM_RVV_FP32_INT8_8x4_Baseline
  FAMILY: RVV_IGEMM_INT8_I8I32_8x4
  PATH: INT8 RVV widening GEMM (INT8 x INT8 -> INT32)
  TILE: 8x4 ZVL=256b LMUL=mf4 UNROLL=8
  WORK: M=1024 N=1024 K=1024 tile_N=32 runs=6
  CORES: cores 0-7 execute RVV kernels
  INPUT_CONTRACT: CANONICAL_FULL_MATRIX
PRIMARY_SOURCE=/home/bananapi/MAT/kernels riscv rvv 1.0/FINAL/riscv-rvv-ime-gemm-microkernels-updated/GEMM_RVV_FP32_INT8_8x4_Baseline/RVV_IGEMM_INT8_I8I32_8x4/igemm_kernel_8x4_zvl256b_lmulmf4_unroll8/igemm_kernel_8x4_zvl256b_lmulmf4_unroll8_i8i32.c
    run 1: OK GOPS=20.058256 time=0.107062332 threads=8 validation=1
      schedule: static chunk=0
      workers: 0:cpu0:tiles4;1:cpu1:tiles4;2:cpu2:tiles4;3:cpu3:tiles4;4:cpu4:tiles4;5:cpu5:tiles4;6:cpu6:tiles4;7:cpu7:tiles4
    run 2: OK GOPS=22.322816 time=0.096201289 threads=8 validation=0
      schedule: static chunk=0
      workers: 0:cpu0:tiles4;1:cpu1:tiles4;2:cpu2:tiles4;3:cpu3:tiles4;4:cpu4:tiles4;5:cpu5:tiles4;6:cpu6:tiles4;7:cpu7:tiles4
    run 3: OK GOPS=22.652961 time=0.094799247 threads=8 validation=0
      schedule: static chunk=0
      workers: 0:cpu0:tiles4;1:cpu1:tiles4;2:cpu2:tiles4;3:cpu3:tiles4;4:cpu4:tiles4;5:cpu5:tiles4;6:cpu6:tiles4;7:cpu7:tiles4
    run 4: OK GOPS=22.789315 time=0.094232041 threads=8 validation=0
      schedule: static chunk=0
      workers: 0:cpu0:tiles4;1:cpu1:tiles4;2:cpu2:tiles4;3:cpu3:tiles4;4:cpu4:tiles4;5:cpu5:tiles4;6:cpu6:tiles4;7:cpu7:tiles4
    run 5: OK GOPS=19.921853 time=0.107795376 threads=8 validation=0
      schedule: static chunk=0
      workers: 0:cpu0:tiles4;1:cpu1:tiles4;2:cpu2:tiles4;3:cpu3:tiles4;4:cpu4:tiles4;5:cpu5:tiles4;6:cpu6:tiles4;7:cpu7:tiles4
    run 6: OK GOPS=22.122491 time=0.097072415 threads=8 validation=0
      schedule: static chunk=0
      workers: 0:cpu0:tiles4;1:cpu1:tiles4;2:cpu2:tiles4;3:cpu3:tiles4;4:cpu4:tiles4;5:cpu5:tiles4;6:cpu6:tiles4;7:cpu7:tiles4
============================================================
KERNEL: igemm_kernel_8x4_zvl256b_lmulmf8_unroll1_i8i32
  MODE: K1 all-core RVV OpenMP baseline
  BASELINE: GEMM_RVV_FP32_INT8_8x4_Baseline
  FAMILY: RVV_IGEMM_INT8_I8I32_8x4
  PATH: INT8 RVV widening GEMM (INT8 x INT8 -> INT32)
  TILE: 8x4 ZVL=256b LMUL=mf8 UNROLL=1
  WORK: M=1024 N=1024 K=1024 tile_N=32 runs=6
  CORES: cores 0-7 execute RVV kernels
  INPUT_CONTRACT: CANONICAL_FULL_MATRIX
PRIMARY_SOURCE=/home/bananapi/MAT/kernels riscv rvv 1.0/FINAL/riscv-rvv-ime-gemm-microkernels-updated/GEMM_RVV_FP32_INT8_8x4_Baseline/RVV_IGEMM_INT8_I8I32_8x4/igemm_kernel_8x4_zvl256b_lmulmf8_unroll1/igemm_kernel_8x4_zvl256b_lmulmf8_unroll1_i8i32.c
    run 1: OK GOPS=22.257013 time=0.096485708 threads=8 validation=1
      schedule: static chunk=0
      workers: 0:cpu0:tiles4;1:cpu1:tiles4;2:cpu2:tiles4;3:cpu3:tiles4;4:cpu4:tiles4;5:cpu5:tiles4;6:cpu6:tiles4;7:cpu7:tiles4
    run 2: OK GOPS=20.344223 time=0.105557416 threads=8 validation=0
      schedule: static chunk=0
      workers: 0:cpu0:tiles4;1:cpu1:tiles4;2:cpu2:tiles4;3:cpu3:tiles4;4:cpu4:tiles4;5:cpu5:tiles4;6:cpu6:tiles4;7:cpu7:tiles4
    run 3: OK GOPS=20.948625 time=0.102511916 threads=8 validation=0
      schedule: static chunk=0
      workers: 0:cpu0:tiles4;1:cpu1:tiles4;2:cpu2:tiles4;3:cpu3:tiles4;4:cpu4:tiles4;5:cpu5:tiles4;6:cpu6:tiles4;7:cpu7:tiles4
    run 4: OK GOPS=21.908599 time=0.098020125 threads=8 validation=0
      schedule: static chunk=0
      workers: 0:cpu0:tiles4;1:cpu1:tiles4;2:cpu2:tiles4;3:cpu3:tiles4;4:cpu4:tiles4;5:cpu5:tiles4;6:cpu6:tiles4;7:cpu7:tiles4
    run 5: OK GOPS=23.115362 time=0.092902876 threads=8 validation=0
      schedule: static chunk=0
      workers: 0:cpu0:tiles4;1:cpu1:tiles4;2:cpu2:tiles4;3:cpu3:tiles4;4:cpu4:tiles4;5:cpu5:tiles4;6:cpu6:tiles4;7:cpu7:tiles4
    run 6: OK GOPS=22.144714 time=0.096974999 threads=8 validation=0
      schedule: static chunk=0
      workers: 0:cpu0:tiles4;1:cpu1:tiles4;2:cpu2:tiles4;3:cpu3:tiles4;4:cpu4:tiles4;5:cpu5:tiles4;6:cpu6:tiles4;7:cpu7:tiles4
============================================================
KERNEL: igemm_kernel_8x4_zvl256b_lmulmf8_unroll2_i8i32
  MODE: K1 all-core RVV OpenMP baseline
  BASELINE: GEMM_RVV_FP32_INT8_8x4_Baseline
  FAMILY: RVV_IGEMM_INT8_I8I32_8x4
  PATH: INT8 RVV widening GEMM (INT8 x INT8 -> INT32)
  TILE: 8x4 ZVL=256b LMUL=mf8 UNROLL=2
  WORK: M=1024 N=1024 K=1024 tile_N=32 runs=6
  CORES: cores 0-7 execute RVV kernels
  INPUT_CONTRACT: CANONICAL_FULL_MATRIX
PRIMARY_SOURCE=/home/bananapi/MAT/kernels riscv rvv 1.0/FINAL/riscv-rvv-ime-gemm-microkernels-updated/GEMM_RVV_FP32_INT8_8x4_Baseline/RVV_IGEMM_INT8_I8I32_8x4/igemm_kernel_8x4_zvl256b_lmulmf8_unroll2/igemm_kernel_8x4_zvl256b_lmulmf8_unroll2_i8i32.c
    run 1: OK GOPS=24.043336 time=0.089317210 threads=8 validation=1
      schedule: static chunk=0
      workers: 0:cpu0:tiles4;1:cpu1:tiles4;2:cpu2:tiles4;3:cpu3:tiles4;4:cpu4:tiles4;5:cpu5:tiles4;6:cpu6:tiles4;7:cpu7:tiles4
    run 2: OK GOPS=21.871939 time=0.098184418 threads=8 validation=0
      schedule: static chunk=0
      workers: 0:cpu0:tiles4;1:cpu1:tiles4;2:cpu2:tiles4;3:cpu3:tiles4;4:cpu4:tiles4;5:cpu5:tiles4;6:cpu6:tiles4;7:cpu7:tiles4
    run 3: OK GOPS=22.982969 time=0.093438044 threads=8 validation=0
      schedule: static chunk=0
      workers: 0:cpu0:tiles4;1:cpu1:tiles4;2:cpu2:tiles4;3:cpu3:tiles4;4:cpu4:tiles4;5:cpu5:tiles4;6:cpu6:tiles4;7:cpu7:tiles4
    run 4: OK GOPS=23.027896 time=0.093255747 threads=8 validation=0
      schedule: static chunk=0
      workers: 0:cpu0:tiles4;1:cpu1:tiles4;2:cpu2:tiles4;3:cpu3:tiles4;4:cpu4:tiles4;5:cpu5:tiles4;6:cpu6:tiles4;7:cpu7:tiles4
    run 5: OK GOPS=23.799206 time=0.090233415 threads=8 validation=0
      schedule: static chunk=0
      workers: 0:cpu0:tiles4;1:cpu1:tiles4;2:cpu2:tiles4;3:cpu3:tiles4;4:cpu4:tiles4;5:cpu5:tiles4;6:cpu6:tiles4;7:cpu7:tiles4
    run 6: OK GOPS=22.780250 time=0.094269540 threads=8 validation=0
      schedule: static chunk=0
      workers: 0:cpu0:tiles4;1:cpu1:tiles4;2:cpu2:tiles4;3:cpu3:tiles4;4:cpu4:tiles4;5:cpu5:tiles4;6:cpu6:tiles4;7:cpu7:tiles4
============================================================
KERNEL: igemm_kernel_8x4_zvl256b_lmulmf8_unroll4_i8i32
  MODE: K1 all-core RVV OpenMP baseline
  BASELINE: GEMM_RVV_FP32_INT8_8x4_Baseline
  FAMILY: RVV_IGEMM_INT8_I8I32_8x4
  PATH: INT8 RVV widening GEMM (INT8 x INT8 -> INT32)
  TILE: 8x4 ZVL=256b LMUL=mf8 UNROLL=4
  WORK: M=1024 N=1024 K=1024 tile_N=32 runs=6
  CORES: cores 0-7 execute RVV kernels
  INPUT_CONTRACT: CANONICAL_FULL_MATRIX
PRIMARY_SOURCE=/home/bananapi/MAT/kernels riscv rvv 1.0/FINAL/riscv-rvv-ime-gemm-microkernels-updated/GEMM_RVV_FP32_INT8_8x4_Baseline/RVV_IGEMM_INT8_I8I32_8x4/igemm_kernel_8x4_zvl256b_lmulmf8_unroll4/igemm_kernel_8x4_zvl256b_lmulmf8_unroll4_i8i32.c
    run 1: OK GOPS=22.808153 time=0.094154209 threads=8 validation=1
      schedule: static chunk=0
      workers: 0:cpu0:tiles4;1:cpu1:tiles4;2:cpu2:tiles4;3:cpu3:tiles4;4:cpu4:tiles4;5:cpu5:tiles4;6:cpu6:tiles4;7:cpu7:tiles4
    run 2: OK GOPS=22.811960 time=0.094138499 threads=8 validation=0
      schedule: static chunk=0
      workers: 0:cpu0:tiles4;1:cpu1:tiles4;2:cpu2:tiles4;3:cpu3:tiles4;4:cpu4:tiles4;5:cpu5:tiles4;6:cpu6:tiles4;7:cpu7:tiles4
    run 3: OK GOPS=23.206057 time=0.092539791 threads=8 validation=0
      schedule: static chunk=0
      workers: 0:cpu0:tiles4;1:cpu1:tiles4;2:cpu2:tiles4;3:cpu3:tiles4;4:cpu4:tiles4;5:cpu5:tiles4;6:cpu6:tiles4;7:cpu7:tiles4
    run 4: OK GOPS=22.138436 time=0.097002503 threads=8 validation=0
      schedule: static chunk=0
      workers: 0:cpu0:tiles4;1:cpu1:tiles4;2:cpu2:tiles4;3:cpu3:tiles4;4:cpu4:tiles4;5:cpu5:tiles4;6:cpu6:tiles4;7:cpu7:tiles4
    run 5: OK GOPS=19.472393 time=0.110283498 threads=8 validation=0
      schedule: static chunk=0
      workers: 0:cpu0:tiles4;1:cpu1:tiles4;2:cpu2:tiles4;3:cpu3:tiles4;4:cpu4:tiles4;5:cpu5:tiles4;6:cpu6:tiles4;7:cpu7:tiles4
    run 6: OK GOPS=23.863481 time=0.089990377 threads=8 validation=0
      schedule: static chunk=0
      workers: 0:cpu0:tiles4;1:cpu1:tiles4;2:cpu2:tiles4;3:cpu3:tiles4;4:cpu4:tiles4;5:cpu5:tiles4;6:cpu6:tiles4;7:cpu7:tiles4
============================================================
KERNEL: igemm_kernel_8x4_zvl256b_lmulmf8_unroll8_i8i32
  MODE: K1 all-core RVV OpenMP baseline
  BASELINE: GEMM_RVV_FP32_INT8_8x4_Baseline
  FAMILY: RVV_IGEMM_INT8_I8I32_8x4
  PATH: INT8 RVV widening GEMM (INT8 x INT8 -> INT32)
  TILE: 8x4 ZVL=256b LMUL=mf8 UNROLL=8
  WORK: M=1024 N=1024 K=1024 tile_N=32 runs=6
  CORES: cores 0-7 execute RVV kernels
  INPUT_CONTRACT: CANONICAL_FULL_MATRIX
PRIMARY_SOURCE=/home/bananapi/MAT/kernels riscv rvv 1.0/FINAL/riscv-rvv-ime-gemm-microkernels-updated/GEMM_RVV_FP32_INT8_8x4_Baseline/RVV_IGEMM_INT8_I8I32_8x4/igemm_kernel_8x4_zvl256b_lmulmf8_unroll8/igemm_kernel_8x4_zvl256b_lmulmf8_unroll8_i8i32.c
    run 1: OK GOPS=19.557167 time=0.109805457 threads=8 validation=1
      schedule: static chunk=0
      workers: 0:cpu0:tiles4;1:cpu1:tiles4;2:cpu2:tiles4;3:cpu3:tiles4;4:cpu4:tiles4;5:cpu5:tiles4;6:cpu6:tiles4;7:cpu7:tiles4
    run 2: OK GOPS=19.076915 time=0.112569753 threads=8 validation=0
      schedule: static chunk=0
      workers: 0:cpu0:tiles4;1:cpu1:tiles4;2:cpu2:tiles4;3:cpu3:tiles4;4:cpu4:tiles4;5:cpu5:tiles4;6:cpu6:tiles4;7:cpu7:tiles4
    run 3: OK GOPS=19.137572 time=0.112212960 threads=8 validation=0
      schedule: static chunk=0
      workers: 0:cpu0:tiles4;1:cpu1:tiles4;2:cpu2:tiles4;3:cpu3:tiles4;4:cpu4:tiles4;5:cpu5:tiles4;6:cpu6:tiles4;7:cpu7:tiles4
    run 4: OK GOPS=23.317270 time=0.092098415 threads=8 validation=0
      schedule: static chunk=0
      workers: 0:cpu0:tiles4;1:cpu1:tiles4;2:cpu2:tiles4;3:cpu3:tiles4;4:cpu4:tiles4;5:cpu5:tiles4;6:cpu6:tiles4;7:cpu7:tiles4
    run 5: OK GOPS=23.147587 time=0.092773542 threads=8 validation=0
      schedule: static chunk=0
      workers: 0:cpu0:tiles4;1:cpu1:tiles4;2:cpu2:tiles4;3:cpu3:tiles4;4:cpu4:tiles4;5:cpu5:tiles4;6:cpu6:tiles4;7:cpu7:tiles4
    run 6: OK GOPS=23.305229 time=0.092146002 threads=8 validation=0
      schedule: static chunk=0
      workers: 0:cpu0:tiles4;1:cpu1:tiles4;2:cpu2:tiles4;3:cpu3:tiles4;4:cpu4:tiles4;5:cpu5:tiles4;6:cpu6:tiles4;7:cpu7:tiles4
============================================================
KERNEL: igemm_kernel_8x8_zvl256b_lmul1_unroll1_i8i32
  MODE: K1 all-core RVV OpenMP baseline
  BASELINE: GEMM_RVV_FP32_INT8_8x8_Baseline
  FAMILY: RVV_IGEMM_INT8_I8I32_8x8
  PATH: INT8 RVV widening GEMM (INT8 x INT8 -> INT32)
  TILE: 8x8 ZVL=256b LMUL=1 UNROLL=1
  WORK: M=1024 N=1024 K=1024 tile_N=32 runs=6
  CORES: cores 0-7 execute RVV kernels
  INPUT_CONTRACT: CANONICAL_FULL_MATRIX
PRIMARY_SOURCE=/home/bananapi/MAT/kernels riscv rvv 1.0/FINAL/riscv-rvv-ime-gemm-microkernels-updated/GEMM_RVV_FP32_INT8_8x8_Baseline/RVV_IGEMM_INT8_I8I32_8x8/igemm_kernel_8x8_zvl256b_lmul1_unroll1/igemm_kernel_8x8_zvl256b_lmul1_unroll1_i8i32.c
    run 1: OK GOPS=12.467496 time=0.172246583 threads=8 validation=1
      schedule: static chunk=0
      workers: 0:cpu0:tiles4;1:cpu1:tiles4;2:cpu2:tiles4;3:cpu3:tiles4;4:cpu4:tiles4;5:cpu5:tiles4;6:cpu6:tiles4;7:cpu7:tiles4
    run 2: OK GOPS=12.445579 time=0.172549915 threads=8 validation=0
      schedule: static chunk=0
      workers: 0:cpu0:tiles4;1:cpu1:tiles4;2:cpu2:tiles4;3:cpu3:tiles4;4:cpu4:tiles4;5:cpu5:tiles4;6:cpu6:tiles4;7:cpu7:tiles4
    run 3: OK GOPS=12.631820 time=0.170005877 threads=8 validation=0
      schedule: static chunk=0
      workers: 0:cpu0:tiles4;1:cpu1:tiles4;2:cpu2:tiles4;3:cpu3:tiles4;4:cpu4:tiles4;5:cpu5:tiles4;6:cpu6:tiles4;7:cpu7:tiles4
    run 4: OK GOPS=12.405871 time=0.173102207 threads=8 validation=0
      schedule: static chunk=0
      workers: 0:cpu0:tiles4;1:cpu1:tiles4;2:cpu2:tiles4;3:cpu3:tiles4;4:cpu4:tiles4;5:cpu5:tiles4;6:cpu6:tiles4;7:cpu7:tiles4
    run 5: OK GOPS=12.342026 time=0.173997667 threads=8 validation=0
      schedule: static chunk=0
      workers: 0:cpu0:tiles4;1:cpu1:tiles4;2:cpu2:tiles4;3:cpu3:tiles4;4:cpu4:tiles4;5:cpu5:tiles4;6:cpu6:tiles4;7:cpu7:tiles4
    run 6: OK GOPS=12.504933 time=0.171730917 threads=8 validation=0
      schedule: static chunk=0
      workers: 0:cpu0:tiles4;1:cpu1:tiles4;2:cpu2:tiles4;3:cpu3:tiles4;4:cpu4:tiles4;5:cpu5:tiles4;6:cpu6:tiles4;7:cpu7:tiles4
============================================================
KERNEL: igemm_kernel_8x8_zvl256b_lmul1_unroll2_i8i32
  MODE: K1 all-core RVV OpenMP baseline
  BASELINE: GEMM_RVV_FP32_INT8_8x8_Baseline
  FAMILY: RVV_IGEMM_INT8_I8I32_8x8
  PATH: INT8 RVV widening GEMM (INT8 x INT8 -> INT32)
  TILE: 8x8 ZVL=256b LMUL=1 UNROLL=2
  WORK: M=1024 N=1024 K=1024 tile_N=32 runs=6
  CORES: cores 0-7 execute RVV kernels
  INPUT_CONTRACT: CANONICAL_FULL_MATRIX
PRIMARY_SOURCE=/home/bananapi/MAT/kernels riscv rvv 1.0/FINAL/riscv-rvv-ime-gemm-microkernels-updated/GEMM_RVV_FP32_INT8_8x8_Baseline/RVV_IGEMM_INT8_I8I32_8x8/igemm_kernel_8x8_zvl256b_lmul1_unroll2/igemm_kernel_8x8_zvl256b_lmul1_unroll2_i8i32.c
    run 1: OK GOPS=11.151229 time=0.192578208 threads=8 validation=1
      schedule: static chunk=0
      workers: 0:cpu0:tiles4;1:cpu1:tiles4;2:cpu2:tiles4;3:cpu3:tiles4;4:cpu4:tiles4;5:cpu5:tiles4;6:cpu6:tiles4;7:cpu7:tiles4
    run 2: OK GOPS=11.268384 time=0.190576002 threads=8 validation=0
      schedule: static chunk=0
      workers: 0:cpu0:tiles4;1:cpu1:tiles4;2:cpu2:tiles4;3:cpu3:tiles4;4:cpu4:tiles4;5:cpu5:tiles4;6:cpu6:tiles4;7:cpu7:tiles4
    run 3: OK GOPS=11.292422 time=0.190170333 threads=8 validation=0
      schedule: static chunk=0
      workers: 0:cpu0:tiles4;1:cpu1:tiles4;2:cpu2:tiles4;3:cpu3:tiles4;4:cpu4:tiles4;5:cpu5:tiles4;6:cpu6:tiles4;7:cpu7:tiles4
    run 4: OK GOPS=11.191210 time=0.191890210 threads=8 validation=0
      schedule: static chunk=0
      workers: 0:cpu0:tiles4;1:cpu1:tiles4;2:cpu2:tiles4;3:cpu3:tiles4;4:cpu4:tiles4;5:cpu5:tiles4;6:cpu6:tiles4;7:cpu7:tiles4
    run 5: OK GOPS=11.367049 time=0.188921832 threads=8 validation=0
      schedule: static chunk=0
      workers: 0:cpu0:tiles4;1:cpu1:tiles4;2:cpu2:tiles4;3:cpu3:tiles4;4:cpu4:tiles4;5:cpu5:tiles4;6:cpu6:tiles4;7:cpu7:tiles4
    run 6: OK GOPS=11.296523 time=0.190101288 threads=8 validation=0
      schedule: static chunk=0
      workers: 0:cpu0:tiles4;1:cpu1:tiles4;2:cpu2:tiles4;3:cpu3:tiles4;4:cpu4:tiles4;5:cpu5:tiles4;6:cpu6:tiles4;7:cpu7:tiles4
============================================================
KERNEL: igemm_kernel_8x8_zvl256b_lmul1_unroll4_i8i32
  MODE: K1 all-core RVV OpenMP baseline
  BASELINE: GEMM_RVV_FP32_INT8_8x8_Baseline
  FAMILY: RVV_IGEMM_INT8_I8I32_8x8
  PATH: INT8 RVV widening GEMM (INT8 x INT8 -> INT32)
  TILE: 8x8 ZVL=256b LMUL=1 UNROLL=4
  WORK: M=1024 N=1024 K=1024 tile_N=32 runs=6
  CORES: cores 0-7 execute RVV kernels
  INPUT_CONTRACT: CANONICAL_FULL_MATRIX
PRIMARY_SOURCE=/home/bananapi/MAT/kernels riscv rvv 1.0/FINAL/riscv-rvv-ime-gemm-microkernels-updated/GEMM_RVV_FP32_INT8_8x8_Baseline/RVV_IGEMM_INT8_I8I32_8x8/igemm_kernel_8x8_zvl256b_lmul1_unroll4/igemm_kernel_8x8_zvl256b_lmul1_unroll4_i8i32.c
    run 1: OK GOPS=10.884649 time=0.197294708 threads=8 validation=1
      schedule: static chunk=0
      workers: 0:cpu0:tiles4;1:cpu1:tiles4;2:cpu2:tiles4;3:cpu3:tiles4;4:cpu4:tiles4;5:cpu5:tiles4;6:cpu6:tiles4;7:cpu7:tiles4
    run 2: OK GOPS=10.466140 time=0.205183920 threads=8 validation=0
      schedule: static chunk=0
      workers: 0:cpu0:tiles4;1:cpu1:tiles4;2:cpu2:tiles4;3:cpu3:tiles4;4:cpu4:tiles4;5:cpu5:tiles4;6:cpu6:tiles4;7:cpu7:tiles4
    run 3: OK GOPS=10.096068 time=0.212704957 threads=8 validation=0
      schedule: static chunk=0
      workers: 0:cpu0:tiles4;1:cpu1:tiles4;2:cpu2:tiles4;3:cpu3:tiles4;4:cpu4:tiles4;5:cpu5:tiles4;6:cpu6:tiles4;7:cpu7:tiles4
    run 4: OK GOPS=11.320276 time=0.189702418 threads=8 validation=0
      schedule: static chunk=0
      workers: 0:cpu0:tiles4;1:cpu1:tiles4;2:cpu2:tiles4;3:cpu3:tiles4;4:cpu4:tiles4;5:cpu5:tiles4;6:cpu6:tiles4;7:cpu7:tiles4
    run 5: OK GOPS=11.144217 time=0.192699376 threads=8 validation=0
      schedule: static chunk=0
      workers: 0:cpu0:tiles4;1:cpu1:tiles4;2:cpu2:tiles4;3:cpu3:tiles4;4:cpu4:tiles4;5:cpu5:tiles4;6:cpu6:tiles4;7:cpu7:tiles4
    run 6: OK GOPS=11.246790 time=0.190941919 threads=8 validation=0
      schedule: static chunk=0
      workers: 0:cpu0:tiles4;1:cpu1:tiles4;2:cpu2:tiles4;3:cpu3:tiles4;4:cpu4:tiles4;5:cpu5:tiles4;6:cpu6:tiles4;7:cpu7:tiles4
============================================================
KERNEL: igemm_kernel_8x8_zvl256b_lmul1_unroll8_i8i32
  MODE: K1 all-core RVV OpenMP baseline
  BASELINE: GEMM_RVV_FP32_INT8_8x8_Baseline
  FAMILY: RVV_IGEMM_INT8_I8I32_8x8
  PATH: INT8 RVV widening GEMM (INT8 x INT8 -> INT32)
  TILE: 8x8 ZVL=256b LMUL=1 UNROLL=8
  WORK: M=1024 N=1024 K=1024 tile_N=32 runs=6
  CORES: cores 0-7 execute RVV kernels
  INPUT_CONTRACT: CANONICAL_FULL_MATRIX
PRIMARY_SOURCE=/home/bananapi/MAT/kernels riscv rvv 1.0/FINAL/riscv-rvv-ime-gemm-microkernels-updated/GEMM_RVV_FP32_INT8_8x8_Baseline/RVV_IGEMM_INT8_I8I32_8x8/igemm_kernel_8x8_zvl256b_lmul1_unroll8/igemm_kernel_8x8_zvl256b_lmul1_unroll8_i8i32.c
    run 1: OK GOPS=11.920382 time=0.180152249 threads=8 validation=1
      schedule: static chunk=0
      workers: 0:cpu0:tiles4;1:cpu1:tiles4;2:cpu2:tiles4;3:cpu3:tiles4;4:cpu4:tiles4;5:cpu5:tiles4;6:cpu6:tiles4;7:cpu7:tiles4
    run 2: OK GOPS=11.917733 time=0.180192292 threads=8 validation=0
      schedule: static chunk=0
      workers: 0:cpu0:tiles4;1:cpu1:tiles4;2:cpu2:tiles4;3:cpu3:tiles4;4:cpu4:tiles4;5:cpu5:tiles4;6:cpu6:tiles4;7:cpu7:tiles4
    run 3: OK GOPS=11.600182 time=0.185125001 threads=8 validation=0
      schedule: static chunk=0
      workers: 0:cpu0:tiles4;1:cpu1:tiles4;2:cpu2:tiles4;3:cpu3:tiles4;4:cpu4:tiles4;5:cpu5:tiles4;6:cpu6:tiles4;7:cpu7:tiles4
    run 4: OK GOPS=11.532309 time=0.186214544 threads=8 validation=0
      schedule: static chunk=0
      workers: 0:cpu0:tiles4;1:cpu1:tiles4;2:cpu2:tiles4;3:cpu3:tiles4;4:cpu4:tiles4;5:cpu5:tiles4;6:cpu6:tiles4;7:cpu7:tiles4
    run 5: OK GOPS=11.520894 time=0.186399043 threads=8 validation=0
      schedule: static chunk=0
      workers: 0:cpu0:tiles4;1:cpu1:tiles4;2:cpu2:tiles4;3:cpu3:tiles4;4:cpu4:tiles4;5:cpu5:tiles4;6:cpu6:tiles4;7:cpu7:tiles4
    run 6: OK GOPS=11.632322 time=0.184613500 threads=8 validation=0
      schedule: static chunk=0
      workers: 0:cpu0:tiles4;1:cpu1:tiles4;2:cpu2:tiles4;3:cpu3:tiles4;4:cpu4:tiles4;5:cpu5:tiles4;6:cpu6:tiles4;7:cpu7:tiles4
============================================================
KERNEL: igemm_kernel_8x8_zvl256b_lmul2_unroll1_i8i32
  MODE: K1 all-core RVV OpenMP baseline
  BASELINE: GEMM_RVV_FP32_INT8_8x8_Baseline
  FAMILY: RVV_IGEMM_INT8_I8I32_8x8
  PATH: INT8 RVV widening GEMM (INT8 x INT8 -> INT32)
  TILE: 8x8 ZVL=256b LMUL=2 UNROLL=1
  WORK: M=1024 N=1024 K=1024 tile_N=32 runs=6
  CORES: cores 0-7 execute RVV kernels
  INPUT_CONTRACT: CANONICAL_FULL_MATRIX
PRIMARY_SOURCE=/home/bananapi/MAT/kernels riscv rvv 1.0/FINAL/riscv-rvv-ime-gemm-microkernels-updated/GEMM_RVV_FP32_INT8_8x8_Baseline/RVV_IGEMM_INT8_I8I32_8x8/igemm_kernel_8x8_zvl256b_lmul2_unroll1/igemm_kernel_8x8_zvl256b_lmul2_unroll1_i8i32.c
    run 1: OK GOPS=3.808270 time=0.563900001 threads=8 validation=1
      schedule: static chunk=0
      workers: 0:cpu0:tiles4;1:cpu1:tiles4;2:cpu2:tiles4;3:cpu3:tiles4;4:cpu4:tiles4;5:cpu5:tiles4;6:cpu6:tiles4;7:cpu7:tiles4
    run 2: OK GOPS=3.882557 time=0.553110708 threads=8 validation=0
      schedule: static chunk=0
      workers: 0:cpu0:tiles4;1:cpu1:tiles4;2:cpu2:tiles4;3:cpu3:tiles4;4:cpu4:tiles4;5:cpu5:tiles4;6:cpu6:tiles4;7:cpu7:tiles4
    run 3: OK GOPS=3.834513 time=0.560040832 threads=8 validation=0
      schedule: static chunk=0
      workers: 0:cpu0:tiles4;1:cpu1:tiles4;2:cpu2:tiles4;3:cpu3:tiles4;4:cpu4:tiles4;5:cpu5:tiles4;6:cpu6:tiles4;7:cpu7:tiles4
    run 4: OK GOPS=3.862147 time=0.556033708 threads=8 validation=0
      schedule: static chunk=0
      workers: 0:cpu0:tiles4;1:cpu1:tiles4;2:cpu2:tiles4;3:cpu3:tiles4;4:cpu4:tiles4;5:cpu5:tiles4;6:cpu6:tiles4;7:cpu7:tiles4
    run 5: OK GOPS=3.832723 time=0.560302332 threads=8 validation=0
      schedule: static chunk=0
      workers: 0:cpu0:tiles4;1:cpu1:tiles4;2:cpu2:tiles4;3:cpu3:tiles4;4:cpu4:tiles4;5:cpu5:tiles4;6:cpu6:tiles4;7:cpu7:tiles4
    run 6: OK GOPS=3.777173 time=0.568542581 threads=8 validation=0
      schedule: static chunk=0
      workers: 0:cpu0:tiles4;1:cpu1:tiles4;2:cpu2:tiles4;3:cpu3:tiles4;4:cpu4:tiles4;5:cpu5:tiles4;6:cpu6:tiles4;7:cpu7:tiles4
============================================================
KERNEL: igemm_kernel_8x8_zvl256b_lmul2_unroll2_i8i32
  MODE: K1 all-core RVV OpenMP baseline
  BASELINE: GEMM_RVV_FP32_INT8_8x8_Baseline
  FAMILY: RVV_IGEMM_INT8_I8I32_8x8
  PATH: INT8 RVV widening GEMM (INT8 x INT8 -> INT32)
  TILE: 8x8 ZVL=256b LMUL=2 UNROLL=2
  WORK: M=1024 N=1024 K=1024 tile_N=32 runs=6
  CORES: cores 0-7 execute RVV kernels
  INPUT_CONTRACT: CANONICAL_FULL_MATRIX
PRIMARY_SOURCE=/home/bananapi/MAT/kernels riscv rvv 1.0/FINAL/riscv-rvv-ime-gemm-microkernels-updated/GEMM_RVV_FP32_INT8_8x8_Baseline/RVV_IGEMM_INT8_I8I32_8x8/igemm_kernel_8x8_zvl256b_lmul2_unroll2/igemm_kernel_8x8_zvl256b_lmul2_unroll2_i8i32.c
    run 1: OK GOPS=3.908775 time=0.549400706 threads=8 validation=1
      schedule: static chunk=0
      workers: 0:cpu0:tiles4;1:cpu1:tiles4;2:cpu2:tiles4;3:cpu3:tiles4;4:cpu4:tiles4;5:cpu5:tiles4;6:cpu6:tiles4;7:cpu7:tiles4
    run 2: OK GOPS=3.860570 time=0.556260709 threads=8 validation=0
      schedule: static chunk=0
      workers: 0:cpu0:tiles4;1:cpu1:tiles4;2:cpu2:tiles4;3:cpu3:tiles4;4:cpu4:tiles4;5:cpu5:tiles4;6:cpu6:tiles4;7:cpu7:tiles4
    run 3: OK GOPS=3.870442 time=0.554841917 threads=8 validation=0
      schedule: static chunk=0
      workers: 0:cpu0:tiles4;1:cpu1:tiles4;2:cpu2:tiles4;3:cpu3:tiles4;4:cpu4:tiles4;5:cpu5:tiles4;6:cpu6:tiles4;7:cpu7:tiles4
    run 4: OK GOPS=3.908463 time=0.549444500 threads=8 validation=0
      schedule: static chunk=0
      workers: 0:cpu0:tiles4;1:cpu1:tiles4;2:cpu2:tiles4;3:cpu3:tiles4;4:cpu4:tiles4;5:cpu5:tiles4;6:cpu6:tiles4;7:cpu7:tiles4
    run 5: OK GOPS=3.858524 time=0.556555748 threads=8 validation=0
      schedule: static chunk=0
      workers: 0:cpu0:tiles4;1:cpu1:tiles4;2:cpu2:tiles4;3:cpu3:tiles4;4:cpu4:tiles4;5:cpu5:tiles4;6:cpu6:tiles4;7:cpu7:tiles4
    run 6: OK GOPS=3.864234 time=0.555733334 threads=8 validation=0
      schedule: static chunk=0
      workers: 0:cpu0:tiles4;1:cpu1:tiles4;2:cpu2:tiles4;3:cpu3:tiles4;4:cpu4:tiles4;5:cpu5:tiles4;6:cpu6:tiles4;7:cpu7:tiles4
============================================================
KERNEL: igemm_kernel_8x8_zvl256b_lmul2_unroll4_i8i32
  MODE: K1 all-core RVV OpenMP baseline
  BASELINE: GEMM_RVV_FP32_INT8_8x8_Baseline
  FAMILY: RVV_IGEMM_INT8_I8I32_8x8
  PATH: INT8 RVV widening GEMM (INT8 x INT8 -> INT32)
  TILE: 8x8 ZVL=256b LMUL=2 UNROLL=4
  WORK: M=1024 N=1024 K=1024 tile_N=32 runs=6
  CORES: cores 0-7 execute RVV kernels
  INPUT_CONTRACT: CANONICAL_FULL_MATRIX
PRIMARY_SOURCE=/home/bananapi/MAT/kernels riscv rvv 1.0/FINAL/riscv-rvv-ime-gemm-microkernels-updated/GEMM_RVV_FP32_INT8_8x8_Baseline/RVV_IGEMM_INT8_I8I32_8x8/igemm_kernel_8x8_zvl256b_lmul2_unroll4/igemm_kernel_8x8_zvl256b_lmul2_unroll4_i8i32.c
    run 1: OK GOPS=3.333902 time=0.644135166 threads=8 validation=1
      schedule: static chunk=0
      workers: 0:cpu0:tiles4;1:cpu1:tiles4;2:cpu2:tiles4;3:cpu3:tiles4;4:cpu4:tiles4;5:cpu5:tiles4;6:cpu6:tiles4;7:cpu7:tiles4
    run 2: OK GOPS=3.325164 time=0.645827793 threads=8 validation=0
      schedule: static chunk=0
      workers: 0:cpu0:tiles4;1:cpu1:tiles4;2:cpu2:tiles4;3:cpu3:tiles4;4:cpu4:tiles4;5:cpu5:tiles4;6:cpu6:tiles4;7:cpu7:tiles4
    run 3: OK GOPS=3.384249 time=0.634552542 threads=8 validation=0
      schedule: static chunk=0
      workers: 0:cpu0:tiles4;1:cpu1:tiles4;2:cpu2:tiles4;3:cpu3:tiles4;4:cpu4:tiles4;5:cpu5:tiles4;6:cpu6:tiles4;7:cpu7:tiles4
    run 4: OK GOPS=3.415313 time=0.628780834 threads=8 validation=0
      schedule: static chunk=0
      workers: 0:cpu0:tiles4;1:cpu1:tiles4;2:cpu2:tiles4;3:cpu3:tiles4;4:cpu4:tiles4;5:cpu5:tiles4;6:cpu6:tiles4;7:cpu7:tiles4
    run 5: OK GOPS=3.413577 time=0.629100710 threads=8 validation=0
      schedule: static chunk=0
      workers: 0:cpu0:tiles4;1:cpu1:tiles4;2:cpu2:tiles4;3:cpu3:tiles4;4:cpu4:tiles4;5:cpu5:tiles4;6:cpu6:tiles4;7:cpu7:tiles4
    run 6: OK GOPS=3.392432 time=0.633021876 threads=8 validation=0
      schedule: static chunk=0
      workers: 0:cpu0:tiles4;1:cpu1:tiles4;2:cpu2:tiles4;3:cpu3:tiles4;4:cpu4:tiles4;5:cpu5:tiles4;6:cpu6:tiles4;7:cpu7:tiles4
============================================================
KERNEL: igemm_kernel_8x8_zvl256b_lmul2_unroll8_i8i32
  MODE: K1 all-core RVV OpenMP baseline
  BASELINE: GEMM_RVV_FP32_INT8_8x8_Baseline
  FAMILY: RVV_IGEMM_INT8_I8I32_8x8
  PATH: INT8 RVV widening GEMM (INT8 x INT8 -> INT32)
  TILE: 8x8 ZVL=256b LMUL=2 UNROLL=8
  WORK: M=1024 N=1024 K=1024 tile_N=32 runs=6
  CORES: cores 0-7 execute RVV kernels
  INPUT_CONTRACT: CANONICAL_FULL_MATRIX
PRIMARY_SOURCE=/home/bananapi/MAT/kernels riscv rvv 1.0/FINAL/riscv-rvv-ime-gemm-microkernels-updated/GEMM_RVV_FP32_INT8_8x8_Baseline/RVV_IGEMM_INT8_I8I32_8x8/igemm_kernel_8x8_zvl256b_lmul2_unroll8/igemm_kernel_8x8_zvl256b_lmul2_unroll8_i8i32.c
    run 1: OK GOPS=4.032296 time=0.532570876 threads=8 validation=1
      schedule: static chunk=0
      workers: 0:cpu0:tiles4;1:cpu1:tiles4;2:cpu2:tiles4;3:cpu3:tiles4;4:cpu4:tiles4;5:cpu5:tiles4;6:cpu6:tiles4;7:cpu7:tiles4
    run 2: OK GOPS=4.004125 time=0.536317833 threads=8 validation=0
      schedule: static chunk=0
      workers: 0:cpu0:tiles4;1:cpu1:tiles4;2:cpu2:tiles4;3:cpu3:tiles4;4:cpu4:tiles4;5:cpu5:tiles4;6:cpu6:tiles4;7:cpu7:tiles4
    run 3: OK GOPS=4.016609 time=0.534650914 threads=8 validation=0
      schedule: static chunk=0
      workers: 0:cpu0:tiles4;1:cpu1:tiles4;2:cpu2:tiles4;3:cpu3:tiles4;4:cpu4:tiles4;5:cpu5:tiles4;6:cpu6:tiles4;7:cpu7:tiles4
    run 4: OK GOPS=3.983063 time=0.539153837 threads=8 validation=0
      schedule: static chunk=0
      workers: 0:cpu0:tiles4;1:cpu1:tiles4;2:cpu2:tiles4;3:cpu3:tiles4;4:cpu4:tiles4;5:cpu5:tiles4;6:cpu6:tiles4;7:cpu7:tiles4
    run 5: OK GOPS=4.048175 time=0.530481957 threads=8 validation=0
      schedule: static chunk=0
      workers: 0:cpu0:tiles4;1:cpu1:tiles4;2:cpu2:tiles4;3:cpu3:tiles4;4:cpu4:tiles4;5:cpu5:tiles4;6:cpu6:tiles4;7:cpu7:tiles4
    run 6: OK GOPS=4.088365 time=0.525267083 threads=8 validation=0
      schedule: static chunk=0
      workers: 0:cpu0:tiles4;1:cpu1:tiles4;2:cpu2:tiles4;3:cpu3:tiles4;4:cpu4:tiles4;5:cpu5:tiles4;6:cpu6:tiles4;7:cpu7:tiles4
============================================================
KERNEL: igemm_kernel_8x8_zvl256b_lmulmf2_unroll1_i8i32
  MODE: K1 all-core RVV OpenMP baseline
  BASELINE: GEMM_RVV_FP32_INT8_8x8_Baseline
  FAMILY: RVV_IGEMM_INT8_I8I32_8x8
  PATH: INT8 RVV widening GEMM (INT8 x INT8 -> INT32)
  TILE: 8x8 ZVL=256b LMUL=mf2 UNROLL=1
  WORK: M=1024 N=1024 K=1024 tile_N=32 runs=6
  CORES: cores 0-7 execute RVV kernels
  INPUT_CONTRACT: CANONICAL_FULL_MATRIX
PRIMARY_SOURCE=/home/bananapi/MAT/kernels riscv rvv 1.0/FINAL/riscv-rvv-ime-gemm-microkernels-updated/GEMM_RVV_FP32_INT8_8x8_Baseline/RVV_IGEMM_INT8_I8I32_8x8/igemm_kernel_8x8_zvl256b_lmulmf2_unroll1/igemm_kernel_8x8_zvl256b_lmulmf2_unroll1_i8i32.c
    run 1: OK GOPS=26.835020 time=0.080025416 threads=8 validation=1
      schedule: static chunk=0
      workers: 0:cpu0:tiles4;1:cpu1:tiles4;2:cpu2:tiles4;3:cpu3:tiles4;4:cpu4:tiles4;5:cpu5:tiles4;6:cpu6:tiles4;7:cpu7:tiles4
    run 2: OK GOPS=25.580559 time=0.083949834 threads=8 validation=0
      schedule: static chunk=0
      workers: 0:cpu0:tiles4;1:cpu1:tiles4;2:cpu2:tiles4;3:cpu3:tiles4;4:cpu4:tiles4;5:cpu5:tiles4;6:cpu6:tiles4;7:cpu7:tiles4
    run 3: OK GOPS=25.996742 time=0.082605876 threads=8 validation=0
      schedule: static chunk=0
      workers: 0:cpu0:tiles4;1:cpu1:tiles4;2:cpu2:tiles4;3:cpu3:tiles4;4:cpu4:tiles4;5:cpu5:tiles4;6:cpu6:tiles4;7:cpu7:tiles4
    run 4: OK GOPS=26.850622 time=0.079978917 threads=8 validation=0
      schedule: static chunk=0
      workers: 0:cpu0:tiles4;1:cpu1:tiles4;2:cpu2:tiles4;3:cpu3:tiles4;4:cpu4:tiles4;5:cpu5:tiles4;6:cpu6:tiles4;7:cpu7:tiles4
    run 5: OK GOPS=26.690493 time=0.080458749 threads=8 validation=0
      schedule: static chunk=0
      workers: 0:cpu0:tiles4;1:cpu1:tiles4;2:cpu2:tiles4;3:cpu3:tiles4;4:cpu4:tiles4;5:cpu5:tiles4;6:cpu6:tiles4;7:cpu7:tiles4
    run 6: OK GOPS=27.155523 time=0.079080917 threads=8 validation=0
      schedule: static chunk=0
      workers: 0:cpu0:tiles4;1:cpu1:tiles4;2:cpu2:tiles4;3:cpu3:tiles4;4:cpu4:tiles4;5:cpu5:tiles4;6:cpu6:tiles4;7:cpu7:tiles4
============================================================
KERNEL: igemm_kernel_8x8_zvl256b_lmulmf2_unroll2_i8i32
  MODE: K1 all-core RVV OpenMP baseline
  BASELINE: GEMM_RVV_FP32_INT8_8x8_Baseline
  FAMILY: RVV_IGEMM_INT8_I8I32_8x8
  PATH: INT8 RVV widening GEMM (INT8 x INT8 -> INT32)
  TILE: 8x8 ZVL=256b LMUL=mf2 UNROLL=2
  WORK: M=1024 N=1024 K=1024 tile_N=32 runs=6
  CORES: cores 0-7 execute RVV kernels
  INPUT_CONTRACT: CANONICAL_FULL_MATRIX
PRIMARY_SOURCE=/home/bananapi/MAT/kernels riscv rvv 1.0/FINAL/riscv-rvv-ime-gemm-microkernels-updated/GEMM_RVV_FP32_INT8_8x8_Baseline/RVV_IGEMM_INT8_I8I32_8x8/igemm_kernel_8x8_zvl256b_lmulmf2_unroll2/igemm_kernel_8x8_zvl256b_lmulmf2_unroll2_i8i32.c
    run 1: OK GOPS=25.356867 time=0.084690418 threads=8 validation=1
      schedule: static chunk=0
      workers: 0:cpu0:tiles4;1:cpu1:tiles4;2:cpu2:tiles4;3:cpu3:tiles4;4:cpu4:tiles4;5:cpu5:tiles4;6:cpu6:tiles4;7:cpu7:tiles4
    run 2: OK GOPS=28.264004 time=0.075979456 threads=8 validation=0
      schedule: static chunk=0
      workers: 0:cpu0:tiles4;1:cpu1:tiles4;2:cpu2:tiles4;3:cpu3:tiles4;4:cpu4:tiles4;5:cpu5:tiles4;6:cpu6:tiles4;7:cpu7:tiles4
    run 3: OK GOPS=28.655194 time=0.074942213 threads=8 validation=0
      schedule: static chunk=0
      workers: 0:cpu0:tiles4;1:cpu1:tiles4;2:cpu2:tiles4;3:cpu3:tiles4;4:cpu4:tiles4;5:cpu5:tiles4;6:cpu6:tiles4;7:cpu7:tiles4
    run 4: OK GOPS=28.608782 time=0.075063791 threads=8 validation=0
      schedule: static chunk=0
      workers: 0:cpu0:tiles4;1:cpu1:tiles4;2:cpu2:tiles4;3:cpu3:tiles4;4:cpu4:tiles4;5:cpu5:tiles4;6:cpu6:tiles4;7:cpu7:tiles4
    run 5: OK GOPS=29.268651 time=0.073371459 threads=8 validation=0
      schedule: static chunk=0
      workers: 0:cpu0:tiles4;1:cpu1:tiles4;2:cpu2:tiles4;3:cpu3:tiles4;4:cpu4:tiles4;5:cpu5:tiles4;6:cpu6:tiles4;7:cpu7:tiles4
    run 6: OK GOPS=27.647038 time=0.077675000 threads=8 validation=0
      schedule: static chunk=0
      workers: 0:cpu0:tiles4;1:cpu1:tiles4;2:cpu2:tiles4;3:cpu3:tiles4;4:cpu4:tiles4;5:cpu5:tiles4;6:cpu6:tiles4;7:cpu7:tiles4
============================================================
KERNEL: igemm_kernel_8x8_zvl256b_lmulmf2_unroll4_i8i32
  MODE: K1 all-core RVV OpenMP baseline
  BASELINE: GEMM_RVV_FP32_INT8_8x8_Baseline
  FAMILY: RVV_IGEMM_INT8_I8I32_8x8
  PATH: INT8 RVV widening GEMM (INT8 x INT8 -> INT32)
  TILE: 8x8 ZVL=256b LMUL=mf2 UNROLL=4
  WORK: M=1024 N=1024 K=1024 tile_N=32 runs=6
  CORES: cores 0-7 execute RVV kernels
  INPUT_CONTRACT: CANONICAL_FULL_MATRIX
PRIMARY_SOURCE=/home/bananapi/MAT/kernels riscv rvv 1.0/FINAL/riscv-rvv-ime-gemm-microkernels-updated/GEMM_RVV_FP32_INT8_8x8_Baseline/RVV_IGEMM_INT8_I8I32_8x8/igemm_kernel_8x8_zvl256b_lmulmf2_unroll4/igemm_kernel_8x8_zvl256b_lmulmf2_unroll4_i8i32.c
    run 1: OK GOPS=29.011359 time=0.074022166 threads=8 validation=1
      schedule: static chunk=0
      workers: 0:cpu0:tiles4;1:cpu1:tiles4;2:cpu2:tiles4;3:cpu3:tiles4;4:cpu4:tiles4;5:cpu5:tiles4;6:cpu6:tiles4;7:cpu7:tiles4
    run 2: OK GOPS=26.823107 time=0.080060959 threads=8 validation=0
      schedule: static chunk=0
      workers: 0:cpu0:tiles4;1:cpu1:tiles4;2:cpu2:tiles4;3:cpu3:tiles4;4:cpu4:tiles4;5:cpu5:tiles4;6:cpu6:tiles4;7:cpu7:tiles4
    run 3: OK GOPS=27.735411 time=0.077427503 threads=8 validation=0
      schedule: static chunk=0
      workers: 0:cpu0:tiles4;1:cpu1:tiles4;2:cpu2:tiles4;3:cpu3:tiles4;4:cpu4:tiles4;5:cpu5:tiles4;6:cpu6:tiles4;7:cpu7:tiles4
    run 4: OK GOPS=28.885754 time=0.074344039 threads=8 validation=0
      schedule: static chunk=0
      workers: 0:cpu0:tiles4;1:cpu1:tiles4;2:cpu2:tiles4;3:cpu3:tiles4;4:cpu4:tiles4;5:cpu5:tiles4;6:cpu6:tiles4;7:cpu7:tiles4
    run 5: OK GOPS=29.320902 time=0.073240709 threads=8 validation=0
      schedule: static chunk=0
      workers: 0:cpu0:tiles4;1:cpu1:tiles4;2:cpu2:tiles4;3:cpu3:tiles4;4:cpu4:tiles4;5:cpu5:tiles4;6:cpu6:tiles4;7:cpu7:tiles4
    run 6: OK GOPS=25.363169 time=0.084669374 threads=8 validation=0
      schedule: static chunk=0
      workers: 0:cpu0:tiles4;1:cpu1:tiles4;2:cpu2:tiles4;3:cpu3:tiles4;4:cpu4:tiles4;5:cpu5:tiles4;6:cpu6:tiles4;7:cpu7:tiles4
============================================================
KERNEL: igemm_kernel_8x8_zvl256b_lmulmf2_unroll8_i8i32
  MODE: K1 all-core RVV OpenMP baseline
  BASELINE: GEMM_RVV_FP32_INT8_8x8_Baseline
  FAMILY: RVV_IGEMM_INT8_I8I32_8x8
  PATH: INT8 RVV widening GEMM (INT8 x INT8 -> INT32)
  TILE: 8x8 ZVL=256b LMUL=mf2 UNROLL=8
  WORK: M=1024 N=1024 K=1024 tile_N=32 runs=6
  CORES: cores 0-7 execute RVV kernels
  INPUT_CONTRACT: CANONICAL_FULL_MATRIX
PRIMARY_SOURCE=/home/bananapi/MAT/kernels riscv rvv 1.0/FINAL/riscv-rvv-ime-gemm-microkernels-updated/GEMM_RVV_FP32_INT8_8x8_Baseline/RVV_IGEMM_INT8_I8I32_8x8/igemm_kernel_8x8_zvl256b_lmulmf2_unroll8/igemm_kernel_8x8_zvl256b_lmulmf2_unroll8_i8i32.c
    run 1: OK GOPS=24.540730 time=0.087506916 threads=8 validation=1
      schedule: static chunk=0
      workers: 0:cpu0:tiles4;1:cpu1:tiles4;2:cpu2:tiles4;3:cpu3:tiles4;4:cpu4:tiles4;5:cpu5:tiles4;6:cpu6:tiles4;7:cpu7:tiles4
    run 2: OK GOPS=28.871999 time=0.074379459 threads=8 validation=0
      schedule: static chunk=0
      workers: 0:cpu0:tiles4;1:cpu1:tiles4;2:cpu2:tiles4;3:cpu3:tiles4;4:cpu4:tiles4;5:cpu5:tiles4;6:cpu6:tiles4;7:cpu7:tiles4
    run 3: OK GOPS=27.925180 time=0.076901335 threads=8 validation=0
      schedule: static chunk=0
      workers: 0:cpu0:tiles4;1:cpu1:tiles4;2:cpu2:tiles4;3:cpu3:tiles4;4:cpu4:tiles4;5:cpu5:tiles4;6:cpu6:tiles4;7:cpu7:tiles4
    run 4: OK GOPS=28.237167 time=0.076051667 threads=8 validation=0
      schedule: static chunk=0
      workers: 0:cpu0:tiles4;1:cpu1:tiles4;2:cpu2:tiles4;3:cpu3:tiles4;4:cpu4:tiles4;5:cpu5:tiles4;6:cpu6:tiles4;7:cpu7:tiles4
    run 5: OK GOPS=28.714505 time=0.074787416 threads=8 validation=0
      schedule: static chunk=0
      workers: 0:cpu0:tiles4;1:cpu1:tiles4;2:cpu2:tiles4;3:cpu3:tiles4;4:cpu4:tiles4;5:cpu5:tiles4;6:cpu6:tiles4;7:cpu7:tiles4
    run 6: OK GOPS=28.577437 time=0.075146124 threads=8 validation=0
      schedule: static chunk=0
      workers: 0:cpu0:tiles4;1:cpu1:tiles4;2:cpu2:tiles4;3:cpu3:tiles4;4:cpu4:tiles4;5:cpu5:tiles4;6:cpu6:tiles4;7:cpu7:tiles4
============================================================
KERNEL: igemm_kernel_8x8_zvl256b_lmulmf4_unroll1_i8i32
  MODE: K1 all-core RVV OpenMP baseline
  BASELINE: GEMM_RVV_FP32_INT8_8x8_Baseline
  FAMILY: RVV_IGEMM_INT8_I8I32_8x8
  PATH: INT8 RVV widening GEMM (INT8 x INT8 -> INT32)
  TILE: 8x8 ZVL=256b LMUL=mf4 UNROLL=1
  WORK: M=1024 N=1024 K=1024 tile_N=32 runs=6
  CORES: cores 0-7 execute RVV kernels
  INPUT_CONTRACT: CANONICAL_FULL_MATRIX
PRIMARY_SOURCE=/home/bananapi/MAT/kernels riscv rvv 1.0/FINAL/riscv-rvv-ime-gemm-microkernels-updated/GEMM_RVV_FP32_INT8_8x8_Baseline/RVV_IGEMM_INT8_I8I32_8x8/igemm_kernel_8x8_zvl256b_lmulmf4_unroll1/igemm_kernel_8x8_zvl256b_lmulmf4_unroll1_i8i32.c
    run 1: OK GOPS=28.926479 time=0.074239373 threads=8 validation=1
      schedule: static chunk=0
      workers: 0:cpu0:tiles4;1:cpu1:tiles4;2:cpu2:tiles4;3:cpu3:tiles4;4:cpu4:tiles4;5:cpu5:tiles4;6:cpu6:tiles4;7:cpu7:tiles4
    run 2: OK GOPS=28.970428 time=0.074126750 threads=8 validation=0
      schedule: static chunk=0
      workers: 0:cpu0:tiles4;1:cpu1:tiles4;2:cpu2:tiles4;3:cpu3:tiles4;4:cpu4:tiles4;5:cpu5:tiles4;6:cpu6:tiles4;7:cpu7:tiles4
    run 3: OK GOPS=27.595376 time=0.077820417 threads=8 validation=0
      schedule: static chunk=0
      workers: 0:cpu0:tiles4;1:cpu1:tiles4;2:cpu2:tiles4;3:cpu3:tiles4;4:cpu4:tiles4;5:cpu5:tiles4;6:cpu6:tiles4;7:cpu7:tiles4
    run 4: OK GOPS=27.271019 time=0.078745998 threads=8 validation=0
      schedule: static chunk=0
      workers: 0:cpu0:tiles4;1:cpu1:tiles4;2:cpu2:tiles4;3:cpu3:tiles4;4:cpu4:tiles4;5:cpu5:tiles4;6:cpu6:tiles4;7:cpu7:tiles4
    run 5: OK GOPS=27.036844 time=0.079428043 threads=8 validation=0
      schedule: static chunk=0
      workers: 0:cpu0:tiles4;1:cpu1:tiles4;2:cpu2:tiles4;3:cpu3:tiles4;4:cpu4:tiles4;5:cpu5:tiles4;6:cpu6:tiles4;7:cpu7:tiles4
    run 6: OK GOPS=26.079815 time=0.082342748 threads=8 validation=0
      schedule: static chunk=0
      workers: 0:cpu0:tiles4;1:cpu1:tiles4;2:cpu2:tiles4;3:cpu3:tiles4;4:cpu4:tiles4;5:cpu5:tiles4;6:cpu6:tiles4;7:cpu7:tiles4
============================================================
KERNEL: igemm_kernel_8x8_zvl256b_lmulmf4_unroll2_i8i32
  MODE: K1 all-core RVV OpenMP baseline
  BASELINE: GEMM_RVV_FP32_INT8_8x8_Baseline
  FAMILY: RVV_IGEMM_INT8_I8I32_8x8
  PATH: INT8 RVV widening GEMM (INT8 x INT8 -> INT32)
  TILE: 8x8 ZVL=256b LMUL=mf4 UNROLL=2
  WORK: M=1024 N=1024 K=1024 tile_N=32 runs=6
  CORES: cores 0-7 execute RVV kernels
  INPUT_CONTRACT: CANONICAL_FULL_MATRIX
PRIMARY_SOURCE=/home/bananapi/MAT/kernels riscv rvv 1.0/FINAL/riscv-rvv-ime-gemm-microkernels-updated/GEMM_RVV_FP32_INT8_8x8_Baseline/RVV_IGEMM_INT8_I8I32_8x8/igemm_kernel_8x8_zvl256b_lmulmf4_unroll2/igemm_kernel_8x8_zvl256b_lmulmf4_unroll2_i8i32.c
    run 1: OK GOPS=25.946643 time=0.082765374 threads=8 validation=1
      schedule: static chunk=0
      workers: 0:cpu0:tiles4;1:cpu1:tiles4;2:cpu2:tiles4;3:cpu3:tiles4;4:cpu4:tiles4;5:cpu5:tiles4;6:cpu6:tiles4;7:cpu7:tiles4
    run 2: OK GOPS=29.880701 time=0.071868584 threads=8 validation=0
      schedule: static chunk=0
      workers: 0:cpu0:tiles4;1:cpu1:tiles4;2:cpu2:tiles4;3:cpu3:tiles4;4:cpu4:tiles4;5:cpu5:tiles4;6:cpu6:tiles4;7:cpu7:tiles4
    run 3: OK GOPS=27.017399 time=0.079485212 threads=8 validation=0
      schedule: static chunk=0
      workers: 0:cpu0:tiles4;1:cpu1:tiles4;2:cpu2:tiles4;3:cpu3:tiles4;4:cpu4:tiles4;5:cpu5:tiles4;6:cpu6:tiles4;7:cpu7:tiles4
    run 4: OK GOPS=30.692771 time=0.069967084 threads=8 validation=0
      schedule: static chunk=0
      workers: 0:cpu0:tiles4;1:cpu1:tiles4;2:cpu2:tiles4;3:cpu3:tiles4;4:cpu4:tiles4;5:cpu5:tiles4;6:cpu6:tiles4;7:cpu7:tiles4
    run 5: OK GOPS=30.916709 time=0.069460291 threads=8 validation=0
      schedule: static chunk=0
      workers: 0:cpu0:tiles4;1:cpu1:tiles4;2:cpu2:tiles4;3:cpu3:tiles4;4:cpu4:tiles4;5:cpu5:tiles4;6:cpu6:tiles4;7:cpu7:tiles4
    run 6: OK GOPS=29.879107 time=0.071872417 threads=8 validation=0
      schedule: static chunk=0
      workers: 0:cpu0:tiles4;1:cpu1:tiles4;2:cpu2:tiles4;3:cpu3:tiles4;4:cpu4:tiles4;5:cpu5:tiles4;6:cpu6:tiles4;7:cpu7:tiles4
============================================================
KERNEL: igemm_kernel_8x8_zvl256b_lmulmf4_unroll4_i8i32
  MODE: K1 all-core RVV OpenMP baseline
  BASELINE: GEMM_RVV_FP32_INT8_8x8_Baseline
  FAMILY: RVV_IGEMM_INT8_I8I32_8x8
  PATH: INT8 RVV widening GEMM (INT8 x INT8 -> INT32)
  TILE: 8x8 ZVL=256b LMUL=mf4 UNROLL=4
  WORK: M=1024 N=1024 K=1024 tile_N=32 runs=6
  CORES: cores 0-7 execute RVV kernels
  INPUT_CONTRACT: CANONICAL_FULL_MATRIX
PRIMARY_SOURCE=/home/bananapi/MAT/kernels riscv rvv 1.0/FINAL/riscv-rvv-ime-gemm-microkernels-updated/GEMM_RVV_FP32_INT8_8x8_Baseline/RVV_IGEMM_INT8_I8I32_8x8/igemm_kernel_8x8_zvl256b_lmulmf4_unroll4/igemm_kernel_8x8_zvl256b_lmulmf4_unroll4_i8i32.c
    run 1: OK GOPS=28.876981 time=0.074366625 threads=8 validation=1
      schedule: static chunk=0
      workers: 0:cpu0:tiles4;1:cpu1:tiles4;2:cpu2:tiles4;3:cpu3:tiles4;4:cpu4:tiles4;5:cpu5:tiles4;6:cpu6:tiles4;7:cpu7:tiles4
    run 2: OK GOPS=29.273373 time=0.073359624 threads=8 validation=0
      schedule: static chunk=0
      workers: 0:cpu0:tiles4;1:cpu1:tiles4;2:cpu2:tiles4;3:cpu3:tiles4;4:cpu4:tiles4;5:cpu5:tiles4;6:cpu6:tiles4;7:cpu7:tiles4
    run 3: OK GOPS=28.677740 time=0.074883293 threads=8 validation=0
      schedule: static chunk=0
      workers: 0:cpu0:tiles4;1:cpu1:tiles4;2:cpu2:tiles4;3:cpu3:tiles4;4:cpu4:tiles4;5:cpu5:tiles4;6:cpu6:tiles4;7:cpu7:tiles4
    run 4: OK GOPS=29.775055 time=0.072123583 threads=8 validation=0
      schedule: static chunk=0
      workers: 0:cpu0:tiles4;1:cpu1:tiles4;2:cpu2:tiles4;3:cpu3:tiles4;4:cpu4:tiles4;5:cpu5:tiles4;6:cpu6:tiles4;7:cpu7:tiles4
    run 5: OK GOPS=29.024102 time=0.073989667 threads=8 validation=0
      schedule: static chunk=0
      workers: 0:cpu0:tiles4;1:cpu1:tiles4;2:cpu2:tiles4;3:cpu3:tiles4;4:cpu4:tiles4;5:cpu5:tiles4;6:cpu6:tiles4;7:cpu7:tiles4
    run 6: OK GOPS=27.086050 time=0.079283752 threads=8 validation=0
      schedule: static chunk=0
      workers: 0:cpu0:tiles4;1:cpu1:tiles4;2:cpu2:tiles4;3:cpu3:tiles4;4:cpu4:tiles4;5:cpu5:tiles4;6:cpu6:tiles4;7:cpu7:tiles4
============================================================
KERNEL: igemm_kernel_8x8_zvl256b_lmulmf4_unroll8_i8i32
  MODE: K1 all-core RVV OpenMP baseline
  BASELINE: GEMM_RVV_FP32_INT8_8x8_Baseline
  FAMILY: RVV_IGEMM_INT8_I8I32_8x8
  PATH: INT8 RVV widening GEMM (INT8 x INT8 -> INT32)
  TILE: 8x8 ZVL=256b LMUL=mf4 UNROLL=8
  WORK: M=1024 N=1024 K=1024 tile_N=32 runs=6
  CORES: cores 0-7 execute RVV kernels
  INPUT_CONTRACT: CANONICAL_FULL_MATRIX
PRIMARY_SOURCE=/home/bananapi/MAT/kernels riscv rvv 1.0/FINAL/riscv-rvv-ime-gemm-microkernels-updated/GEMM_RVV_FP32_INT8_8x8_Baseline/RVV_IGEMM_INT8_I8I32_8x8/igemm_kernel_8x8_zvl256b_lmulmf4_unroll8/igemm_kernel_8x8_zvl256b_lmulmf4_unroll8_i8i32.c
    run 1: OK GOPS=30.008382 time=0.071562793 threads=8 validation=1
      schedule: static chunk=0
      workers: 0:cpu0:tiles4;1:cpu1:tiles4;2:cpu2:tiles4;3:cpu3:tiles4;4:cpu4:tiles4;5:cpu5:tiles4;6:cpu6:tiles4;7:cpu7:tiles4
    run 2: OK GOPS=29.798157 time=0.072067667 threads=8 validation=0
      schedule: static chunk=0
      workers: 0:cpu0:tiles4;1:cpu1:tiles4;2:cpu2:tiles4;3:cpu3:tiles4;4:cpu4:tiles4;5:cpu5:tiles4;6:cpu6:tiles4;7:cpu7:tiles4
    run 3: OK GOPS=29.166126 time=0.073629376 threads=8 validation=0
      schedule: static chunk=0
      workers: 0:cpu0:tiles4;1:cpu1:tiles4;2:cpu2:tiles4;3:cpu3:tiles4;4:cpu4:tiles4;5:cpu5:tiles4;6:cpu6:tiles4;7:cpu7:tiles4
    run 4: OK GOPS=28.805887 time=0.074550167 threads=8 validation=0
      schedule: static chunk=0
      workers: 0:cpu0:tiles4;1:cpu1:tiles4;2:cpu2:tiles4;3:cpu3:tiles4;4:cpu4:tiles4;5:cpu5:tiles4;6:cpu6:tiles4;7:cpu7:tiles4
    run 5: OK GOPS=30.864572 time=0.069577627 threads=8 validation=0
      schedule: static chunk=0
      workers: 0:cpu0:tiles4;1:cpu1:tiles4;2:cpu2:tiles4;3:cpu3:tiles4;4:cpu4:tiles4;5:cpu5:tiles4;6:cpu6:tiles4;7:cpu7:tiles4
    run 6: OK GOPS=29.149120 time=0.073672332 threads=8 validation=0
      schedule: static chunk=0
      workers: 0:cpu0:tiles4;1:cpu1:tiles4;2:cpu2:tiles4;3:cpu3:tiles4;4:cpu4:tiles4;5:cpu5:tiles4;6:cpu6:tiles4;7:cpu7:tiles4
SKIP_UNSUPPORTED_KERNEL=igemm_kernel_8x4_zvl256b_lmul1_unroll1_i8i32; reason=duplicate INT8 source; canonical tree is GEMM_RVV_FP32_INT8_*
SKIP_UNSUPPORTED_KERNEL=igemm_kernel_8x4_zvl256b_lmul1_unroll2_i8i32; reason=duplicate INT8 source; canonical tree is GEMM_RVV_FP32_INT8_*
SKIP_UNSUPPORTED_KERNEL=igemm_kernel_8x4_zvl256b_lmul1_unroll4_i8i32; reason=duplicate INT8 source; canonical tree is GEMM_RVV_FP32_INT8_*
SKIP_UNSUPPORTED_KERNEL=igemm_kernel_8x4_zvl256b_lmul1_unroll8_i8i32; reason=duplicate INT8 source; canonical tree is GEMM_RVV_FP32_INT8_*
SKIP_UNSUPPORTED_KERNEL=igemm_kernel_8x4_zvl256b_lmul2_unroll1_i8i32; reason=duplicate INT8 source; canonical tree is GEMM_RVV_FP32_INT8_*
SKIP_UNSUPPORTED_KERNEL=igemm_kernel_8x4_zvl256b_lmul2_unroll2_i8i32; reason=duplicate INT8 source; canonical tree is GEMM_RVV_FP32_INT8_*
SKIP_UNSUPPORTED_KERNEL=igemm_kernel_8x4_zvl256b_lmul2_unroll4_i8i32; reason=duplicate INT8 source; canonical tree is GEMM_RVV_FP32_INT8_*
SKIP_UNSUPPORTED_KERNEL=igemm_kernel_8x4_zvl256b_lmul2_unroll8_i8i32; reason=duplicate INT8 source; canonical tree is GEMM_RVV_FP32_INT8_*
SKIP_UNSUPPORTED_KERNEL=igemm_kernel_8x4_zvl256b_lmulmf2_unroll1_i8i32; reason=duplicate INT8 source; canonical tree is GEMM_RVV_FP32_INT8_*
SKIP_UNSUPPORTED_KERNEL=igemm_kernel_8x4_zvl256b_lmulmf2_unroll2_i8i32; reason=duplicate INT8 source; canonical tree is GEMM_RVV_FP32_INT8_*
SKIP_UNSUPPORTED_KERNEL=igemm_kernel_8x4_zvl256b_lmulmf2_unroll4_i8i32; reason=duplicate INT8 source; canonical tree is GEMM_RVV_FP32_INT8_*
SKIP_UNSUPPORTED_KERNEL=igemm_kernel_8x4_zvl256b_lmulmf2_unroll8_i8i32; reason=duplicate INT8 source; canonical tree is GEMM_RVV_FP32_INT8_*
SKIP_UNSUPPORTED_KERNEL=igemm_kernel_8x4_zvl256b_lmulmf4_unroll1_i8i32; reason=duplicate INT8 source; canonical tree is GEMM_RVV_FP32_INT8_*
SKIP_UNSUPPORTED_KERNEL=igemm_kernel_8x4_zvl256b_lmulmf4_unroll2_i8i32; reason=duplicate INT8 source; canonical tree is GEMM_RVV_FP32_INT8_*
SKIP_UNSUPPORTED_KERNEL=igemm_kernel_8x4_zvl256b_lmulmf4_unroll4_i8i32; reason=duplicate INT8 source; canonical tree is GEMM_RVV_FP32_INT8_*
SKIP_UNSUPPORTED_KERNEL=igemm_kernel_8x4_zvl256b_lmulmf4_unroll8_i8i32; reason=duplicate INT8 source; canonical tree is GEMM_RVV_FP32_INT8_*
SKIP_UNSUPPORTED_KERNEL=igemm_kernel_8x4_zvl256b_lmulmf8_unroll1_i8i32; reason=duplicate INT8 source; canonical tree is GEMM_RVV_FP32_INT8_*
SKIP_UNSUPPORTED_KERNEL=igemm_kernel_8x4_zvl256b_lmulmf8_unroll2_i8i32; reason=duplicate INT8 source; canonical tree is GEMM_RVV_FP32_INT8_*
SKIP_UNSUPPORTED_KERNEL=igemm_kernel_8x4_zvl256b_lmulmf8_unroll4_i8i32; reason=duplicate INT8 source; canonical tree is GEMM_RVV_FP32_INT8_*
SKIP_UNSUPPORTED_KERNEL=igemm_kernel_8x4_zvl256b_lmulmf8_unroll8_i8i32; reason=duplicate INT8 source; canonical tree is GEMM_RVV_FP32_INT8_*
SKIP_UNSUPPORTED_KERNEL=igemm_kernel_8x8_zvl256b_lmul1_unroll1_i8i32; reason=duplicate INT8 source; canonical tree is GEMM_RVV_FP32_INT8_*
SKIP_UNSUPPORTED_KERNEL=igemm_kernel_8x8_zvl256b_lmul1_unroll2_i8i32; reason=duplicate INT8 source; canonical tree is GEMM_RVV_FP32_INT8_*
SKIP_UNSUPPORTED_KERNEL=igemm_kernel_8x8_zvl256b_lmul1_unroll4_i8i32; reason=duplicate INT8 source; canonical tree is GEMM_RVV_FP32_INT8_*
SKIP_UNSUPPORTED_KERNEL=igemm_kernel_8x8_zvl256b_lmul1_unroll8_i8i32; reason=duplicate INT8 source; canonical tree is GEMM_RVV_FP32_INT8_*
SKIP_UNSUPPORTED_KERNEL=igemm_kernel_8x8_zvl256b_lmul2_unroll1_i8i32; reason=duplicate INT8 source; canonical tree is GEMM_RVV_FP32_INT8_*
SKIP_UNSUPPORTED_KERNEL=igemm_kernel_8x8_zvl256b_lmul2_unroll2_i8i32; reason=duplicate INT8 source; canonical tree is GEMM_RVV_FP32_INT8_*
SKIP_UNSUPPORTED_KERNEL=igemm_kernel_8x8_zvl256b_lmul2_unroll4_i8i32; reason=duplicate INT8 source; canonical tree is GEMM_RVV_FP32_INT8_*
SKIP_UNSUPPORTED_KERNEL=igemm_kernel_8x8_zvl256b_lmul2_unroll8_i8i32; reason=duplicate INT8 source; canonical tree is GEMM_RVV_FP32_INT8_*
SKIP_UNSUPPORTED_KERNEL=igemm_kernel_8x8_zvl256b_lmulmf2_unroll1_i8i32; reason=duplicate INT8 source; canonical tree is GEMM_RVV_FP32_INT8_*
SKIP_UNSUPPORTED_KERNEL=igemm_kernel_8x8_zvl256b_lmulmf2_unroll2_i8i32; reason=duplicate INT8 source; canonical tree is GEMM_RVV_FP32_INT8_*
SKIP_UNSUPPORTED_KERNEL=igemm_kernel_8x8_zvl256b_lmulmf2_unroll4_i8i32; reason=duplicate INT8 source; canonical tree is GEMM_RVV_FP32_INT8_*
SKIP_UNSUPPORTED_KERNEL=igemm_kernel_8x8_zvl256b_lmulmf2_unroll8_i8i32; reason=duplicate INT8 source; canonical tree is GEMM_RVV_FP32_INT8_*
SKIP_UNSUPPORTED_KERNEL=igemm_kernel_8x8_zvl256b_lmulmf4_unroll1_i8i32; reason=duplicate INT8 source; canonical tree is GEMM_RVV_FP32_INT8_*
SKIP_UNSUPPORTED_KERNEL=igemm_kernel_8x8_zvl256b_lmulmf4_unroll2_i8i32; reason=duplicate INT8 source; canonical tree is GEMM_RVV_FP32_INT8_*
SKIP_UNSUPPORTED_KERNEL=igemm_kernel_8x8_zvl256b_lmulmf4_unroll4_i8i32; reason=duplicate INT8 source; canonical tree is GEMM_RVV_FP32_INT8_*
SKIP_UNSUPPORTED_KERNEL=igemm_kernel_8x8_zvl256b_lmulmf4_unroll8_i8i32; reason=duplicate INT8 source; canonical tree is GEMM_RVV_FP32_INT8_*
============================================================
DONE status=OK
kernels_built=36
ok_runs=216
failed_runs=0
build_failed=0
Raw CSV: /home/bananapi/MAT/kernels riscv rvv 1.0/FINAL/riscv-rvv-ime-gemm-microkernels-updated/HETEROGENEOUS_RVV_IME_OPENMP_GEMM/results/openmp_results_k1-rvv_1024_20260904_123239/openmp_raw_k1-rvv_1024_runs6_20260904_123239.csv
Summary CSV: /home/bananapi/MAT/kernels riscv rvv 1.0/FINAL/riscv-rvv-ime-gemm-microkernels-updated/HETEROGENEOUS_RVV_IME_OPENMP_GEMM/results/openmp_results_k1-rvv_1024_20260904_123239/openmp_summary_k1-rvv_1024_runs6_20260904_123239.csv
Latest raw CSV: /home/bananapi/MAT/kernels riscv rvv 1.0/FINAL/riscv-rvv-ime-gemm-microkernels-updated/HETEROGENEOUS_RVV_IME_OPENMP_GEMM/results/openmp_raw_latest_k1-rvv.csv
Latest summary CSV: /home/bananapi/MAT/kernels riscv rvv 1.0/FINAL/riscv-rvv-ime-gemm-microkernels-updated/HETEROGENEOUS_RVV_IME_OPENMP_GEMM/results/openmp_summary_latest_k1-rvv.csv
Latest live log: /home/bananapi/MAT/kernels riscv rvv 1.0/FINAL/riscv-rvv-ime-gemm-microkernels-updated/HETEROGENEOUS_RVV_IME_OPENMP_GEMM/results/openmp_live_latest_k1-rvv.log
Raw logs: /home/bananapi/MAT/kernels riscv rvv 1.0/FINAL/riscv-rvv-ime-gemm-microkernels-updated/HETEROGENEOUS_RVV_IME_OPENMP_GEMM/results/openmp_results_k1-rvv_1024_20260904_123239/raw_logs
============================================================
CASE_RESULT=OK
============================================================
CASE series=IME tile_N=32 mode=k1-ime threads=4 M=1024 N=1024 K=1024 tile_N=32 schedule=static chunk=1 kernel=*
OpenMP all-kernel tiled GEMM campaign
MODE=k1-ime (K1 IME-cluster OpenMP baseline) M=1024 N=1024 K=1024 tile_N=32 RUNS=6
CORE_PLAN=cores 0-3 execute native IME kernels
PROJECT_ROOT=/home/bananapi/MAT/kernels riscv rvv 1.0/FINAL/riscv-rvv-ime-gemm-microkernels-updated
RESULT_DIR=/home/bananapi/MAT/kernels riscv rvv 1.0/FINAL/riscv-rvv-ime-gemm-microkernels-updated/HETEROGENEOUS_RVV_IME_OPENMP_GEMM/results/openmp_results_k1-ime_1024_20260904_125554
COMPILER=gcc (Bianbu 14.2.0-4ubuntu2~24.04bb1) 14.2.0
BUILD_FLAGS=-O3 -std=c11 -Wall -Wextra -Wno-unknown-pragmas -fopenmp -march=rv64gcv_zvl256b -mabi=lp64d
OMP_NUM_THREADS=4 OMP_PROC_BIND=close OMP_PLACES=cores OMP_DYNAMIC=false OMP_MAX_ACTIVE_LEVELS=2
TILE_SCHEDULE=static DYNAMIC_CHUNK=1
GEMM_VALIDATE=1 VALIDATE_EACH_RUN=0 GEMM_WARMUP=1 ENABLE_MF2=0 BUILD_ONLY=0 ZVL_FILTER=256b KERNEL_FILTER=* KIND_FILTER=INT8_IME PERF_STAT=0 STATIC_IME_WEIGHT=4 STATIC_RVV_WEIGHT=1
Cpus_allowed_list:	0-7
MEMORY_NODES_ONLINE=not_exposed
CLUSTER_PLACEMENT=exact_core_affinity; contiguous_output_ownership
============================================================
KERNEL: ime_kernel_8x4_zvl256b_lmul1_unroll1
  MODE: K1 IME-cluster OpenMP baseline
  BASELINE: IME_NATIVE_KERNELS
  FAMILY: IME_GEMM_INT8_I8I32_8x4_NATIVE
  PATH: INT8 native IME GEMM (INT8 x INT8 -> INT32)
  TILE: 8x4 ZVL=256b LMUL=1 UNROLL=1
  WORK: M=1024 N=1024 K=1024 tile_N=32 runs=6
  CORES: cores 0-3 execute native IME kernels
  INPUT_CONTRACT: IME_FULL_K_MAJOR
PRIMARY_SOURCE=/home/bananapi/MAT/kernels riscv rvv 1.0/FINAL/riscv-rvv-ime-gemm-microkernels-updated/IME_NATIVE_KERNELS/IME_GEMM_INT8_I8I32_8x4_NATIVE/ime_kernel_8x4_zvl256b_lmul1_unroll1/ime_kernel_8x4_zvl256b_lmul1_unroll1.c
    run 1: OK GOPS=16.457647 time=0.130485460 threads=4 validation=1
      schedule: static chunk=0
      workers: 0:cpu0:tiles8;1:cpu1:tiles8;2:cpu2:tiles8;3:cpu3:tiles8
    run 2: OK GOPS=16.908721 time=0.127004500 threads=4 validation=0
      schedule: static chunk=0
      workers: 0:cpu0:tiles8;1:cpu1:tiles8;2:cpu2:tiles8;3:cpu3:tiles8
    run 3: OK GOPS=15.650008 time=0.137219332 threads=4 validation=0
      schedule: static chunk=0
      workers: 0:cpu0:tiles8;1:cpu1:tiles8;2:cpu2:tiles8;3:cpu3:tiles8
    run 4: OK GOPS=16.236174 time=0.132265374 threads=4 validation=0
      schedule: static chunk=0
      workers: 0:cpu0:tiles8;1:cpu1:tiles8;2:cpu2:tiles8;3:cpu3:tiles8
    run 5: OK GOPS=16.822750 time=0.127653543 threads=4 validation=0
      schedule: static chunk=0
      workers: 0:cpu0:tiles8;1:cpu1:tiles8;2:cpu2:tiles8;3:cpu3:tiles8
    run 6: OK GOPS=15.034558 time=0.142836500 threads=4 validation=0
      schedule: static chunk=0
      workers: 0:cpu0:tiles8;1:cpu1:tiles8;2:cpu2:tiles8;3:cpu3:tiles8
============================================================
KERNEL: ime_kernel_8x4_zvl256b_lmul1_unroll2
  MODE: K1 IME-cluster OpenMP baseline
  BASELINE: IME_NATIVE_KERNELS
  FAMILY: IME_GEMM_INT8_I8I32_8x4_NATIVE
  PATH: INT8 native IME GEMM (INT8 x INT8 -> INT32)
  TILE: 8x4 ZVL=256b LMUL=1 UNROLL=2
  WORK: M=1024 N=1024 K=1024 tile_N=32 runs=6
  CORES: cores 0-3 execute native IME kernels
  INPUT_CONTRACT: IME_FULL_K_MAJOR
PRIMARY_SOURCE=/home/bananapi/MAT/kernels riscv rvv 1.0/FINAL/riscv-rvv-ime-gemm-microkernels-updated/IME_NATIVE_KERNELS/IME_GEMM_INT8_I8I32_8x4_NATIVE/ime_kernel_8x4_zvl256b_lmul1_unroll2/ime_kernel_8x4_zvl256b_lmul1_unroll2.c
    run 1: OK GOPS=16.340024 time=0.131424751 threads=4 validation=1
      schedule: static chunk=0
      workers: 0:cpu0:tiles8;1:cpu1:tiles8;2:cpu2:tiles8;3:cpu3:tiles8
    run 2: OK GOPS=15.066898 time=0.142529916 threads=4 validation=0
      schedule: static chunk=0
      workers: 0:cpu0:tiles8;1:cpu1:tiles8;2:cpu2:tiles8;3:cpu3:tiles8
    run 3: OK GOPS=15.732774 time=0.136497457 threads=4 validation=0
      schedule: static chunk=0
      workers: 0:cpu0:tiles8;1:cpu1:tiles8;2:cpu2:tiles8;3:cpu3:tiles8
    run 4: OK GOPS=15.060439 time=0.142591041 threads=4 validation=0
      schedule: static chunk=0
      workers: 0:cpu0:tiles8;1:cpu1:tiles8;2:cpu2:tiles8;3:cpu3:tiles8
    run 5: OK GOPS=16.088852 time=0.133476499 threads=4 validation=0
      schedule: static chunk=0
      workers: 0:cpu0:tiles8;1:cpu1:tiles8;2:cpu2:tiles8;3:cpu3:tiles8
    run 6: OK GOPS=14.093659 time=0.152372334 threads=4 validation=0
      schedule: static chunk=0
      workers: 0:cpu0:tiles8;1:cpu1:tiles8;2:cpu2:tiles8;3:cpu3:tiles8
============================================================
KERNEL: ime_kernel_8x4_zvl256b_lmul1_unroll4
  MODE: K1 IME-cluster OpenMP baseline
  BASELINE: IME_NATIVE_KERNELS
  FAMILY: IME_GEMM_INT8_I8I32_8x4_NATIVE
  PATH: INT8 native IME GEMM (INT8 x INT8 -> INT32)
  TILE: 8x4 ZVL=256b LMUL=1 UNROLL=4
  WORK: M=1024 N=1024 K=1024 tile_N=32 runs=6
  CORES: cores 0-3 execute native IME kernels
  INPUT_CONTRACT: IME_FULL_K_MAJOR
PRIMARY_SOURCE=/home/bananapi/MAT/kernels riscv rvv 1.0/FINAL/riscv-rvv-ime-gemm-microkernels-updated/IME_NATIVE_KERNELS/IME_GEMM_INT8_I8I32_8x4_NATIVE/ime_kernel_8x4_zvl256b_lmul1_unroll4/ime_kernel_8x4_zvl256b_lmul1_unroll4.c
    run 1: OK GOPS=16.218797 time=0.132407084 threads=4 validation=1
      schedule: static chunk=0
      workers: 0:cpu0:tiles8;1:cpu1:tiles8;2:cpu2:tiles8;3:cpu3:tiles8
    run 2: OK GOPS=16.729228 time=0.128367167 threads=4 validation=0
      schedule: static chunk=0
      workers: 0:cpu0:tiles8;1:cpu1:tiles8;2:cpu2:tiles8;3:cpu3:tiles8
    run 3: OK GOPS=16.613188 time=0.129263792 threads=4 validation=0
      schedule: static chunk=0
      workers: 0:cpu0:tiles8;1:cpu1:tiles8;2:cpu2:tiles8;3:cpu3:tiles8
    run 4: OK GOPS=16.668874 time=0.128831957 threads=4 validation=0
      schedule: static chunk=0
      workers: 0:cpu0:tiles8;1:cpu1:tiles8;2:cpu2:tiles8;3:cpu3:tiles8
    run 5: OK GOPS=16.589403 time=0.129449125 threads=4 validation=0
      schedule: static chunk=0
      workers: 0:cpu0:tiles8;1:cpu1:tiles8;2:cpu2:tiles8;3:cpu3:tiles8
    run 6: OK GOPS=16.967135 time=0.126567252 threads=4 validation=0
      schedule: static chunk=0
      workers: 0:cpu0:tiles8;1:cpu1:tiles8;2:cpu2:tiles8;3:cpu3:tiles8
============================================================
KERNEL: ime_kernel_8x4_zvl256b_lmul1_unroll8
  MODE: K1 IME-cluster OpenMP baseline
  BASELINE: IME_NATIVE_KERNELS
  FAMILY: IME_GEMM_INT8_I8I32_8x4_NATIVE
  PATH: INT8 native IME GEMM (INT8 x INT8 -> INT32)
  TILE: 8x4 ZVL=256b LMUL=1 UNROLL=8
  WORK: M=1024 N=1024 K=1024 tile_N=32 runs=6
  CORES: cores 0-3 execute native IME kernels
  INPUT_CONTRACT: IME_FULL_K_MAJOR
PRIMARY_SOURCE=/home/bananapi/MAT/kernels riscv rvv 1.0/FINAL/riscv-rvv-ime-gemm-microkernels-updated/IME_NATIVE_KERNELS/IME_GEMM_INT8_I8I32_8x4_NATIVE/ime_kernel_8x4_zvl256b_lmul1_unroll8/ime_kernel_8x4_zvl256b_lmul1_unroll8.c
    run 1: OK GOPS=16.798263 time=0.127839625 threads=4 validation=1
      schedule: static chunk=0
      workers: 0:cpu0:tiles8;1:cpu1:tiles8;2:cpu2:tiles8;3:cpu3:tiles8
    run 2: OK GOPS=15.592987 time=0.137721125 threads=4 validation=0
      schedule: static chunk=0
      workers: 0:cpu0:tiles8;1:cpu1:tiles8;2:cpu2:tiles8;3:cpu3:tiles8
    run 3: OK GOPS=14.973016 time=0.143423583 threads=4 validation=0
      schedule: static chunk=0
      workers: 0:cpu0:tiles8;1:cpu1:tiles8;2:cpu2:tiles8;3:cpu3:tiles8
    run 4: OK GOPS=15.886761 time=0.135174416 threads=4 validation=0
      schedule: static chunk=0
      workers: 0:cpu0:tiles8;1:cpu1:tiles8;2:cpu2:tiles8;3:cpu3:tiles8
    run 5: OK GOPS=14.960013 time=0.143548250 threads=4 validation=0
      schedule: static chunk=0
      workers: 0:cpu0:tiles8;1:cpu1:tiles8;2:cpu2:tiles8;3:cpu3:tiles8
    run 6: OK GOPS=16.464124 time=0.130434126 threads=4 validation=0
      schedule: static chunk=0
      workers: 0:cpu0:tiles8;1:cpu1:tiles8;2:cpu2:tiles8;3:cpu3:tiles8
SKIP_EXPERIMENTAL_MF2=ime_kernel_8x4_zvl256b_lmulmf2_unroll1
SKIP_EXPERIMENTAL_MF2=ime_kernel_8x4_zvl256b_lmulmf2_unroll2
SKIP_EXPERIMENTAL_MF2=ime_kernel_8x4_zvl256b_lmulmf2_unroll4
SKIP_EXPERIMENTAL_MF2=ime_kernel_8x4_zvl256b_lmulmf2_unroll8
============================================================
KERNEL: ime_kernel_8x8_zvl256b_lmul1_unroll1
  MODE: K1 IME-cluster OpenMP baseline
  BASELINE: IME_NATIVE_KERNELS
  FAMILY: IME_GEMM_INT8_I8I32_8x8_NATIVE
  PATH: INT8 native IME GEMM (INT8 x INT8 -> INT32)
  TILE: 8x8 ZVL=256b LMUL=1 UNROLL=1
  WORK: M=1024 N=1024 K=1024 tile_N=32 runs=6
  CORES: cores 0-3 execute native IME kernels
  INPUT_CONTRACT: IME_FULL_K_MAJOR
PRIMARY_SOURCE=/home/bananapi/MAT/kernels riscv rvv 1.0/FINAL/riscv-rvv-ime-gemm-microkernels-updated/IME_NATIVE_KERNELS/IME_GEMM_INT8_I8I32_8x8_NATIVE/ime_kernel_8x8_zvl256b_lmul1_unroll1/ime_kernel_8x8_zvl256b_lmul1_unroll1.c
    run 1: OK GOPS=15.518953 time=0.138378125 threads=4 validation=1
      schedule: static chunk=0
      workers: 0:cpu0:tiles8;1:cpu1:tiles8;2:cpu2:tiles8;3:cpu3:tiles8
    run 2: OK GOPS=20.544111 time=0.104530375 threads=4 validation=0
      schedule: static chunk=0
      workers: 0:cpu0:tiles8;1:cpu1:tiles8;2:cpu2:tiles8;3:cpu3:tiles8
    run 3: OK GOPS=18.830328 time=0.114043877 threads=4 validation=0
      schedule: static chunk=0
      workers: 0:cpu0:tiles8;1:cpu1:tiles8;2:cpu2:tiles8;3:cpu3:tiles8
    run 4: OK GOPS=15.558981 time=0.138022125 threads=4 validation=0
      schedule: static chunk=0
      workers: 0:cpu0:tiles8;1:cpu1:tiles8;2:cpu2:tiles8;3:cpu3:tiles8
    run 5: OK GOPS=19.907817 time=0.107871376 threads=4 validation=0
      schedule: static chunk=0
      workers: 0:cpu0:tiles8;1:cpu1:tiles8;2:cpu2:tiles8;3:cpu3:tiles8
    run 6: OK GOPS=14.524017 time=0.147857416 threads=4 validation=0
      schedule: static chunk=0
      workers: 0:cpu0:tiles8;1:cpu1:tiles8;2:cpu2:tiles8;3:cpu3:tiles8
============================================================
KERNEL: ime_kernel_8x8_zvl256b_lmul1_unroll2
  MODE: K1 IME-cluster OpenMP baseline
  BASELINE: IME_NATIVE_KERNELS
  FAMILY: IME_GEMM_INT8_I8I32_8x8_NATIVE
  PATH: INT8 native IME GEMM (INT8 x INT8 -> INT32)
  TILE: 8x8 ZVL=256b LMUL=1 UNROLL=2
  WORK: M=1024 N=1024 K=1024 tile_N=32 runs=6
  CORES: cores 0-3 execute native IME kernels
  INPUT_CONTRACT: IME_FULL_K_MAJOR
PRIMARY_SOURCE=/home/bananapi/MAT/kernels riscv rvv 1.0/FINAL/riscv-rvv-ime-gemm-microkernels-updated/IME_NATIVE_KERNELS/IME_GEMM_INT8_I8I32_8x8_NATIVE/ime_kernel_8x8_zvl256b_lmul1_unroll2/ime_kernel_8x8_zvl256b_lmul1_unroll2.c
    run 1: OK GOPS=14.352431 time=0.149625082 threads=4 validation=1
      schedule: static chunk=0
      workers: 0:cpu0:tiles8;1:cpu1:tiles8;2:cpu2:tiles8;3:cpu3:tiles8
    run 2: OK GOPS=18.541575 time=0.115819916 threads=4 validation=0
      schedule: static chunk=0
      workers: 0:cpu0:tiles8;1:cpu1:tiles8;2:cpu2:tiles8;3:cpu3:tiles8
    run 3: OK GOPS=16.459639 time=0.130469665 threads=4 validation=0
      schedule: static chunk=0
      workers: 0:cpu0:tiles8;1:cpu1:tiles8;2:cpu2:tiles8;3:cpu3:tiles8
    run 4: OK GOPS=18.928663 time=0.113451418 threads=4 validation=0
      schedule: static chunk=0
      workers: 0:cpu0:tiles8;1:cpu1:tiles8;2:cpu2:tiles8;3:cpu3:tiles8
    run 5: OK GOPS=17.760300 time=0.120914832 threads=4 validation=0
      schedule: static chunk=0
      workers: 0:cpu0:tiles8;1:cpu1:tiles8;2:cpu2:tiles8;3:cpu3:tiles8
    run 6: OK GOPS=15.814037 time=0.135796044 threads=4 validation=0
      schedule: static chunk=0
      workers: 0:cpu0:tiles8;1:cpu1:tiles8;2:cpu2:tiles8;3:cpu3:tiles8
============================================================
KERNEL: ime_kernel_8x8_zvl256b_lmul1_unroll4
  MODE: K1 IME-cluster OpenMP baseline
  BASELINE: IME_NATIVE_KERNELS
  FAMILY: IME_GEMM_INT8_I8I32_8x8_NATIVE
  PATH: INT8 native IME GEMM (INT8 x INT8 -> INT32)
  TILE: 8x8 ZVL=256b LMUL=1 UNROLL=4
  WORK: M=1024 N=1024 K=1024 tile_N=32 runs=6
  CORES: cores 0-3 execute native IME kernels
  INPUT_CONTRACT: IME_FULL_K_MAJOR
PRIMARY_SOURCE=/home/bananapi/MAT/kernels riscv rvv 1.0/FINAL/riscv-rvv-ime-gemm-microkernels-updated/IME_NATIVE_KERNELS/IME_GEMM_INT8_I8I32_8x8_NATIVE/ime_kernel_8x8_zvl256b_lmul1_unroll4/ime_kernel_8x8_zvl256b_lmul1_unroll4.c
    run 1: OK GOPS=21.945130 time=0.097856957 threads=4 validation=1
      schedule: static chunk=0
      workers: 0:cpu0:tiles8;1:cpu1:tiles8;2:cpu2:tiles8;3:cpu3:tiles8
    run 2: OK GOPS=20.435617 time=0.105085332 threads=4 validation=0
      schedule: static chunk=0
      workers: 0:cpu0:tiles8;1:cpu1:tiles8;2:cpu2:tiles8;3:cpu3:tiles8
    run 3: OK GOPS=15.129375 time=0.141941331 threads=4 validation=0
      schedule: static chunk=0
      workers: 0:cpu0:tiles8;1:cpu1:tiles8;2:cpu2:tiles8;3:cpu3:tiles8
    run 4: OK GOPS=20.548027 time=0.104510456 threads=4 validation=0
      schedule: static chunk=0
      workers: 0:cpu0:tiles8;1:cpu1:tiles8;2:cpu2:tiles8;3:cpu3:tiles8
    run 5: OK GOPS=20.386987 time=0.105335999 threads=4 validation=0
      schedule: static chunk=0
      workers: 0:cpu0:tiles8;1:cpu1:tiles8;2:cpu2:tiles8;3:cpu3:tiles8
    run 6: OK GOPS=20.367627 time=0.105436124 threads=4 validation=0
      schedule: static chunk=0
      workers: 0:cpu0:tiles8;1:cpu1:tiles8;2:cpu2:tiles8;3:cpu3:tiles8
============================================================
KERNEL: ime_kernel_8x8_zvl256b_lmul1_unroll8
  MODE: K1 IME-cluster OpenMP baseline
  BASELINE: IME_NATIVE_KERNELS
  FAMILY: IME_GEMM_INT8_I8I32_8x8_NATIVE
  PATH: INT8 native IME GEMM (INT8 x INT8 -> INT32)
  TILE: 8x8 ZVL=256b LMUL=1 UNROLL=8
  WORK: M=1024 N=1024 K=1024 tile_N=32 runs=6
  CORES: cores 0-3 execute native IME kernels
  INPUT_CONTRACT: IME_FULL_K_MAJOR
PRIMARY_SOURCE=/home/bananapi/MAT/kernels riscv rvv 1.0/FINAL/riscv-rvv-ime-gemm-microkernels-updated/IME_NATIVE_KERNELS/IME_GEMM_INT8_I8I32_8x8_NATIVE/ime_kernel_8x8_zvl256b_lmul1_unroll8/ime_kernel_8x8_zvl256b_lmul1_unroll8.c
    run 1: OK GOPS=19.136400 time=0.112219837 threads=4 validation=1
      schedule: static chunk=0
      workers: 0:cpu0:tiles8;1:cpu1:tiles8;2:cpu2:tiles8;3:cpu3:tiles8
    run 2: OK GOPS=18.051144 time=0.118966624 threads=4 validation=0
      schedule: static chunk=0
      workers: 0:cpu0:tiles8;1:cpu1:tiles8;2:cpu2:tiles8;3:cpu3:tiles8
    run 3: OK GOPS=15.985487 time=0.134339582 threads=4 validation=0
      schedule: static chunk=0
      workers: 0:cpu0:tiles8;1:cpu1:tiles8;2:cpu2:tiles8;3:cpu3:tiles8
    run 4: OK GOPS=20.530608 time=0.104599126 threads=4 validation=0
      schedule: static chunk=0
      workers: 0:cpu0:tiles8;1:cpu1:tiles8;2:cpu2:tiles8;3:cpu3:tiles8
    run 5: OK GOPS=20.641678 time=0.104036290 threads=4 validation=0
      schedule: static chunk=0
      workers: 0:cpu0:tiles8;1:cpu1:tiles8;2:cpu2:tiles8;3:cpu3:tiles8
    run 6: OK GOPS=15.140797 time=0.141834252 threads=4 validation=0
      schedule: static chunk=0
      workers: 0:cpu0:tiles8;1:cpu1:tiles8;2:cpu2:tiles8;3:cpu3:tiles8
SKIP_EXPERIMENTAL_MF2=ime_kernel_8x8_zvl256b_lmulmf2_unroll1
SKIP_EXPERIMENTAL_MF2=ime_kernel_8x8_zvl256b_lmulmf2_unroll2
SKIP_EXPERIMENTAL_MF2=ime_kernel_8x8_zvl256b_lmulmf2_unroll4
SKIP_EXPERIMENTAL_MF2=ime_kernel_8x8_zvl256b_lmulmf2_unroll8
============================================================
DONE status=OK
kernels_built=8
ok_runs=48
failed_runs=0
build_failed=0
Raw CSV: /home/bananapi/MAT/kernels riscv rvv 1.0/FINAL/riscv-rvv-ime-gemm-microkernels-updated/HETEROGENEOUS_RVV_IME_OPENMP_GEMM/results/openmp_results_k1-ime_1024_20260904_125554/openmp_raw_k1-ime_1024_runs6_20260904_125554.csv
Summary CSV: /home/bananapi/MAT/kernels riscv rvv 1.0/FINAL/riscv-rvv-ime-gemm-microkernels-updated/HETEROGENEOUS_RVV_IME_OPENMP_GEMM/results/openmp_results_k1-ime_1024_20260904_125554/openmp_summary_k1-ime_1024_runs6_20260904_125554.csv
Latest raw CSV: /home/bananapi/MAT/kernels riscv rvv 1.0/FINAL/riscv-rvv-ime-gemm-microkernels-updated/HETEROGENEOUS_RVV_IME_OPENMP_GEMM/results/openmp_raw_latest_k1-ime.csv
Latest summary CSV: /home/bananapi/MAT/kernels riscv rvv 1.0/FINAL/riscv-rvv-ime-gemm-microkernels-updated/HETEROGENEOUS_RVV_IME_OPENMP_GEMM/results/openmp_summary_latest_k1-ime.csv
Latest live log: /home/bananapi/MAT/kernels riscv rvv 1.0/FINAL/riscv-rvv-ime-gemm-microkernels-updated/HETEROGENEOUS_RVV_IME_OPENMP_GEMM/results/openmp_live_latest_k1-ime.log
Raw logs: /home/bananapi/MAT/kernels riscv rvv 1.0/FINAL/riscv-rvv-ime-gemm-microkernels-updated/HETEROGENEOUS_RVV_IME_OPENMP_GEMM/results/openmp_results_k1-ime_1024_20260904_125554/raw_logs
============================================================
CASE_RESULT=OK
============================================================
CASE series=RVV tile_N=64 mode=k1-rvv threads=8 M=1024 N=1024 K=1024 tile_N=64 schedule=static chunk=1 kernel=*
OpenMP all-kernel tiled GEMM campaign
MODE=k1-rvv (K1 all-core RVV OpenMP baseline) M=1024 N=1024 K=1024 tile_N=64 RUNS=6
CORE_PLAN=cores 0-7 execute RVV kernels
PROJECT_ROOT=/home/bananapi/MAT/kernels riscv rvv 1.0/FINAL/riscv-rvv-ime-gemm-microkernels-updated
RESULT_DIR=/home/bananapi/MAT/kernels riscv rvv 1.0/FINAL/riscv-rvv-ime-gemm-microkernels-updated/HETEROGENEOUS_RVV_IME_OPENMP_GEMM/results/openmp_results_k1-rvv_1024_20260904_130245
COMPILER=gcc (Bianbu 14.2.0-4ubuntu2~24.04bb1) 14.2.0
BUILD_FLAGS=-O3 -std=c11 -Wall -Wextra -Wno-unknown-pragmas -fopenmp -march=rv64gcv_zvl256b -mabi=lp64d
OMP_NUM_THREADS=8 OMP_PROC_BIND=close OMP_PLACES=cores OMP_DYNAMIC=false OMP_MAX_ACTIVE_LEVELS=2
TILE_SCHEDULE=static DYNAMIC_CHUNK=1
GEMM_VALIDATE=1 VALIDATE_EACH_RUN=0 GEMM_WARMUP=1 ENABLE_MF2=0 BUILD_ONLY=0 ZVL_FILTER=256b KERNEL_FILTER=* KIND_FILTER=INT8_RVV PERF_STAT=0 STATIC_IME_WEIGHT=4 STATIC_RVV_WEIGHT=1
Cpus_allowed_list:	0-7
MEMORY_NODES_ONLINE=not_exposed
CLUSTER_PLACEMENT=exact_core_affinity; contiguous_output_ownership
============================================================
KERNEL: igemm_kernel_8x4_zvl256b_lmul1_unroll1_i8i32
  MODE: K1 all-core RVV OpenMP baseline
  BASELINE: GEMM_RVV_FP32_INT8_8x4_Baseline
  FAMILY: RVV_IGEMM_INT8_I8I32_8x4
  PATH: INT8 RVV widening GEMM (INT8 x INT8 -> INT32)
  TILE: 8x4 ZVL=256b LMUL=1 UNROLL=1
  WORK: M=1024 N=1024 K=1024 tile_N=64 runs=6
  CORES: cores 0-7 execute RVV kernels
  INPUT_CONTRACT: CANONICAL_FULL_MATRIX
PRIMARY_SOURCE=/home/bananapi/MAT/kernels riscv rvv 1.0/FINAL/riscv-rvv-ime-gemm-microkernels-updated/GEMM_RVV_FP32_INT8_8x4_Baseline/RVV_IGEMM_INT8_I8I32_8x4/igemm_kernel_8x4_zvl256b_lmul1_unroll1/igemm_kernel_8x4_zvl256b_lmul1_unroll1_i8i32.c
    run 1: OK GOPS=7.408234 time=0.289877959 threads=8 validation=1
      schedule: static chunk=0
      workers: 0:cpu0:tiles2;1:cpu1:tiles2;2:cpu2:tiles2;3:cpu3:tiles2;4:cpu4:tiles2;5:cpu5:tiles2;6:cpu6:tiles2;7:cpu7:tiles2
    run 2: OK GOPS=7.384970 time=0.290791124 threads=8 validation=0
      schedule: static chunk=0
      workers: 0:cpu0:tiles2;1:cpu1:tiles2;2:cpu2:tiles2;3:cpu3:tiles2;4:cpu4:tiles2;5:cpu5:tiles2;6:cpu6:tiles2;7:cpu7:tiles2
    run 3: OK GOPS=7.390455 time=0.290575292 threads=8 validation=0
      schedule: static chunk=0
      workers: 0:cpu0:tiles2;1:cpu1:tiles2;2:cpu2:tiles2;3:cpu3:tiles2;4:cpu4:tiles2;5:cpu5:tiles2;6:cpu6:tiles2;7:cpu7:tiles2
    run 4: OK GOPS=7.366378 time=0.291525040 threads=8 validation=0
      schedule: static chunk=0
      workers: 0:cpu0:tiles2;1:cpu1:tiles2;2:cpu2:tiles2;3:cpu3:tiles2;4:cpu4:tiles2;5:cpu5:tiles2;6:cpu6:tiles2;7:cpu7:tiles2
    run 5: OK GOPS=7.387090 time=0.290707666 threads=8 validation=0
      schedule: static chunk=0
      workers: 0:cpu0:tiles2;1:cpu1:tiles2;2:cpu2:tiles2;3:cpu3:tiles2;4:cpu4:tiles2;5:cpu5:tiles2;6:cpu6:tiles2;7:cpu7:tiles2
    run 6: OK GOPS=7.364161 time=0.291612793 threads=8 validation=0
      schedule: static chunk=0
      workers: 0:cpu0:tiles2;1:cpu1:tiles2;2:cpu2:tiles2;3:cpu3:tiles2;4:cpu4:tiles2;5:cpu5:tiles2;6:cpu6:tiles2;7:cpu7:tiles2
============================================================
KERNEL: igemm_kernel_8x4_zvl256b_lmul1_unroll2_i8i32
  MODE: K1 all-core RVV OpenMP baseline
  BASELINE: GEMM_RVV_FP32_INT8_8x4_Baseline
  FAMILY: RVV_IGEMM_INT8_I8I32_8x4
  PATH: INT8 RVV widening GEMM (INT8 x INT8 -> INT32)
  TILE: 8x4 ZVL=256b LMUL=1 UNROLL=2
  WORK: M=1024 N=1024 K=1024 tile_N=64 runs=6
  CORES: cores 0-7 execute RVV kernels
  INPUT_CONTRACT: CANONICAL_FULL_MATRIX
PRIMARY_SOURCE=/home/bananapi/MAT/kernels riscv rvv 1.0/FINAL/riscv-rvv-ime-gemm-microkernels-updated/GEMM_RVV_FP32_INT8_8x4_Baseline/RVV_IGEMM_INT8_I8I32_8x4/igemm_kernel_8x4_zvl256b_lmul1_unroll2/igemm_kernel_8x4_zvl256b_lmul1_unroll2_i8i32.c
    run 1: OK GOPS=4.834501 time=0.444199625 threads=8 validation=1
      schedule: static chunk=0
      workers: 0:cpu0:tiles2;1:cpu1:tiles2;2:cpu2:tiles2;3:cpu3:tiles2;4:cpu4:tiles2;5:cpu5:tiles2;6:cpu6:tiles2;7:cpu7:tiles2
    run 2: OK GOPS=4.834715 time=0.444179956 threads=8 validation=0
      schedule: static chunk=0
      workers: 0:cpu0:tiles2;1:cpu1:tiles2;2:cpu2:tiles2;3:cpu3:tiles2;4:cpu4:tiles2;5:cpu5:tiles2;6:cpu6:tiles2;7:cpu7:tiles2
    run 3: OK GOPS=4.784934 time=0.448801126 threads=8 validation=0
      schedule: static chunk=0
      workers: 0:cpu0:tiles2;1:cpu1:tiles2;2:cpu2:tiles2;3:cpu3:tiles2;4:cpu4:tiles2;5:cpu5:tiles2;6:cpu6:tiles2;7:cpu7:tiles2
    run 4: OK GOPS=4.845687 time=0.443174209 threads=8 validation=0
      schedule: static chunk=0
      workers: 0:cpu0:tiles2;1:cpu1:tiles2;2:cpu2:tiles2;3:cpu3:tiles2;4:cpu4:tiles2;5:cpu5:tiles2;6:cpu6:tiles2;7:cpu7:tiles2
    run 5: OK GOPS=4.821880 time=0.445362292 threads=8 validation=0
      schedule: static chunk=0
      workers: 0:cpu0:tiles2;1:cpu1:tiles2;2:cpu2:tiles2;3:cpu3:tiles2;4:cpu4:tiles2;5:cpu5:tiles2;6:cpu6:tiles2;7:cpu7:tiles2
    run 6: OK GOPS=4.835284 time=0.444127709 threads=8 validation=0
      schedule: static chunk=0
      workers: 0:cpu0:tiles2;1:cpu1:tiles2;2:cpu2:tiles2;3:cpu3:tiles2;4:cpu4:tiles2;5:cpu5:tiles2;6:cpu6:tiles2;7:cpu7:tiles2
============================================================
KERNEL: igemm_kernel_8x4_zvl256b_lmul1_unroll4_i8i32
  MODE: K1 all-core RVV OpenMP baseline
  BASELINE: GEMM_RVV_FP32_INT8_8x4_Baseline
  FAMILY: RVV_IGEMM_INT8_I8I32_8x4
  PATH: INT8 RVV widening GEMM (INT8 x INT8 -> INT32)
  TILE: 8x4 ZVL=256b LMUL=1 UNROLL=4
  WORK: M=1024 N=1024 K=1024 tile_N=64 runs=6
  CORES: cores 0-7 execute RVV kernels
  INPUT_CONTRACT: CANONICAL_FULL_MATRIX
PRIMARY_SOURCE=/home/bananapi/MAT/kernels riscv rvv 1.0/FINAL/riscv-rvv-ime-gemm-microkernels-updated/GEMM_RVV_FP32_INT8_8x4_Baseline/RVV_IGEMM_INT8_I8I32_8x4/igemm_kernel_8x4_zvl256b_lmul1_unroll4/igemm_kernel_8x4_zvl256b_lmul1_unroll4_i8i32.c
    run 1: OK GOPS=4.627907 time=0.464029167 threads=8 validation=1
      schedule: static chunk=0
      workers: 0:cpu0:tiles2;1:cpu1:tiles2;2:cpu2:tiles2;3:cpu3:tiles2;4:cpu4:tiles2;5:cpu5:tiles2;6:cpu6:tiles2;7:cpu7:tiles2
    run 2: OK GOPS=4.707514 time=0.456182085 threads=8 validation=0
      schedule: static chunk=0
      workers: 0:cpu0:tiles2;1:cpu1:tiles2;2:cpu2:tiles2;3:cpu3:tiles2;4:cpu4:tiles2;5:cpu5:tiles2;6:cpu6:tiles2;7:cpu7:tiles2
    run 3: OK GOPS=4.733450 time=0.453682583 threads=8 validation=0
      schedule: static chunk=0
      workers: 0:cpu0:tiles2;1:cpu1:tiles2;2:cpu2:tiles2;3:cpu3:tiles2;4:cpu4:tiles2;5:cpu5:tiles2;6:cpu6:tiles2;7:cpu7:tiles2
    run 4: OK GOPS=4.696565 time=0.457245626 threads=8 validation=0
      schedule: static chunk=0
      workers: 0:cpu0:tiles2;1:cpu1:tiles2;2:cpu2:tiles2;3:cpu3:tiles2;4:cpu4:tiles2;5:cpu5:tiles2;6:cpu6:tiles2;7:cpu7:tiles2
    run 5: OK GOPS=4.661008 time=0.460733708 threads=8 validation=0
      schedule: static chunk=0
      workers: 0:cpu0:tiles2;1:cpu1:tiles2;2:cpu2:tiles2;3:cpu3:tiles2;4:cpu4:tiles2;5:cpu5:tiles2;6:cpu6:tiles2;7:cpu7:tiles2
    run 6: OK GOPS=4.711638 time=0.455782834 threads=8 validation=0
      schedule: static chunk=0
      workers: 0:cpu0:tiles2;1:cpu1:tiles2;2:cpu2:tiles2;3:cpu3:tiles2;4:cpu4:tiles2;5:cpu5:tiles2;6:cpu6:tiles2;7:cpu7:tiles2
============================================================
KERNEL: igemm_kernel_8x4_zvl256b_lmul1_unroll8_i8i32
  MODE: K1 all-core RVV OpenMP baseline
  BASELINE: GEMM_RVV_FP32_INT8_8x4_Baseline
  FAMILY: RVV_IGEMM_INT8_I8I32_8x4
  PATH: INT8 RVV widening GEMM (INT8 x INT8 -> INT32)
  TILE: 8x4 ZVL=256b LMUL=1 UNROLL=8
  WORK: M=1024 N=1024 K=1024 tile_N=64 runs=6
  CORES: cores 0-7 execute RVV kernels
  INPUT_CONTRACT: CANONICAL_FULL_MATRIX
PRIMARY_SOURCE=/home/bananapi/MAT/kernels riscv rvv 1.0/FINAL/riscv-rvv-ime-gemm-microkernels-updated/GEMM_RVV_FP32_INT8_8x4_Baseline/RVV_IGEMM_INT8_I8I32_8x4/igemm_kernel_8x4_zvl256b_lmul1_unroll8/igemm_kernel_8x4_zvl256b_lmul1_unroll8_i8i32.c
    run 1: OK GOPS=5.067425 time=0.423781998 threads=8 validation=1
      schedule: static chunk=0
      workers: 0:cpu0:tiles2;1:cpu1:tiles2;2:cpu2:tiles2;3:cpu3:tiles2;4:cpu4:tiles2;5:cpu5:tiles2;6:cpu6:tiles2;7:cpu7:tiles2
    run 2: OK GOPS=5.102195 time=0.420894042 threads=8 validation=0
      schedule: static chunk=0
      workers: 0:cpu0:tiles2;1:cpu1:tiles2;2:cpu2:tiles2;3:cpu3:tiles2;4:cpu4:tiles2;5:cpu5:tiles2;6:cpu6:tiles2;7:cpu7:tiles2
    run 3: OK GOPS=5.107639 time=0.420445457 threads=8 validation=0
      schedule: static chunk=0
      workers: 0:cpu0:tiles2;1:cpu1:tiles2;2:cpu2:tiles2;3:cpu3:tiles2;4:cpu4:tiles2;5:cpu5:tiles2;6:cpu6:tiles2;7:cpu7:tiles2
    run 4: OK GOPS=5.131859 time=0.418461166 threads=8 validation=0
      schedule: static chunk=0
      workers: 0:cpu0:tiles2;1:cpu1:tiles2;2:cpu2:tiles2;3:cpu3:tiles2;4:cpu4:tiles2;5:cpu5:tiles2;6:cpu6:tiles2;7:cpu7:tiles2
    run 5: OK GOPS=5.119734 time=0.419452164 threads=8 validation=0
      schedule: static chunk=0
      workers: 0:cpu0:tiles2;1:cpu1:tiles2;2:cpu2:tiles2;3:cpu3:tiles2;4:cpu4:tiles2;5:cpu5:tiles2;6:cpu6:tiles2;7:cpu7:tiles2
    run 6: OK GOPS=5.112744 time=0.420025624 threads=8 validation=0
      schedule: static chunk=0
      workers: 0:cpu0:tiles2;1:cpu1:tiles2;2:cpu2:tiles2;3:cpu3:tiles2;4:cpu4:tiles2;5:cpu5:tiles2;6:cpu6:tiles2;7:cpu7:tiles2
============================================================
KERNEL: igemm_kernel_8x4_zvl256b_lmul2_unroll1_i8i32
  MODE: K1 all-core RVV OpenMP baseline
  BASELINE: GEMM_RVV_FP32_INT8_8x4_Baseline
  FAMILY: RVV_IGEMM_INT8_I8I32_8x4
  PATH: INT8 RVV widening GEMM (INT8 x INT8 -> INT32)
  TILE: 8x4 ZVL=256b LMUL=2 UNROLL=1
  WORK: M=1024 N=1024 K=1024 tile_N=64 runs=6
  CORES: cores 0-7 execute RVV kernels
  INPUT_CONTRACT: CANONICAL_FULL_MATRIX
PRIMARY_SOURCE=/home/bananapi/MAT/kernels riscv rvv 1.0/FINAL/riscv-rvv-ime-gemm-microkernels-updated/GEMM_RVV_FP32_INT8_8x4_Baseline/RVV_IGEMM_INT8_I8I32_8x4/igemm_kernel_8x4_zvl256b_lmul2_unroll1/igemm_kernel_8x4_zvl256b_lmul2_unroll1_i8i32.c
    run 1: OK GOPS=2.111839 time=1.016878251 threads=8 validation=1
      schedule: static chunk=0
      workers: 0:cpu0:tiles2;1:cpu1:tiles2;2:cpu2:tiles2;3:cpu3:tiles2;4:cpu4:tiles2;5:cpu5:tiles2;6:cpu6:tiles2;7:cpu7:tiles2
    run 2: OK GOPS=2.094689 time=1.025204249 threads=8 validation=0
      schedule: static chunk=0
      workers: 0:cpu0:tiles2;1:cpu1:tiles2;2:cpu2:tiles2;3:cpu3:tiles2;4:cpu4:tiles2;5:cpu5:tiles2;6:cpu6:tiles2;7:cpu7:tiles2
    run 3: OK GOPS=2.082961 time=1.030976165 threads=8 validation=0
      schedule: static chunk=0
      workers: 0:cpu0:tiles2;1:cpu1:tiles2;2:cpu2:tiles2;3:cpu3:tiles2;4:cpu4:tiles2;5:cpu5:tiles2;6:cpu6:tiles2;7:cpu7:tiles2
    run 4: OK GOPS=2.098764 time=1.023213502 threads=8 validation=0
      schedule: static chunk=0
      workers: 0:cpu0:tiles2;1:cpu1:tiles2;2:cpu2:tiles2;3:cpu3:tiles2;4:cpu4:tiles2;5:cpu5:tiles2;6:cpu6:tiles2;7:cpu7:tiles2
    run 5: OK GOPS=2.096279 time=1.024426207 threads=8 validation=0
      schedule: static chunk=0
      workers: 0:cpu0:tiles2;1:cpu1:tiles2;2:cpu2:tiles2;3:cpu3:tiles2;4:cpu4:tiles2;5:cpu5:tiles2;6:cpu6:tiles2;7:cpu7:tiles2
    run 6: OK GOPS=2.076046 time=1.034410376 threads=8 validation=0
      schedule: static chunk=0
      workers: 0:cpu0:tiles2;1:cpu1:tiles2;2:cpu2:tiles2;3:cpu3:tiles2;4:cpu4:tiles2;5:cpu5:tiles2;6:cpu6:tiles2;7:cpu7:tiles2
============================================================
KERNEL: igemm_kernel_8x4_zvl256b_lmul2_unroll2_i8i32
  MODE: K1 all-core RVV OpenMP baseline
  BASELINE: GEMM_RVV_FP32_INT8_8x4_Baseline
  FAMILY: RVV_IGEMM_INT8_I8I32_8x4
  PATH: INT8 RVV widening GEMM (INT8 x INT8 -> INT32)
  TILE: 8x4 ZVL=256b LMUL=2 UNROLL=2
  WORK: M=1024 N=1024 K=1024 tile_N=64 runs=6
  CORES: cores 0-7 execute RVV kernels
  INPUT_CONTRACT: CANONICAL_FULL_MATRIX
PRIMARY_SOURCE=/home/bananapi/MAT/kernels riscv rvv 1.0/FINAL/riscv-rvv-ime-gemm-microkernels-updated/GEMM_RVV_FP32_INT8_8x4_Baseline/RVV_IGEMM_INT8_I8I32_8x4/igemm_kernel_8x4_zvl256b_lmul2_unroll2/igemm_kernel_8x4_zvl256b_lmul2_unroll2_i8i32.c
    run 1: OK GOPS=2.035509 time=1.055010419 threads=8 validation=1
      schedule: static chunk=0
      workers: 0:cpu0:tiles2;1:cpu1:tiles2;2:cpu2:tiles2;3:cpu3:tiles2;4:cpu4:tiles2;5:cpu5:tiles2;6:cpu6:tiles2;7:cpu7:tiles2
    run 2: OK GOPS=1.768931 time=1.214000918 threads=8 validation=0
      schedule: static chunk=0
      workers: 0:cpu0:tiles2;1:cpu1:tiles2;2:cpu2:tiles2;3:cpu3:tiles2;4:cpu4:tiles2;5:cpu5:tiles2;6:cpu6:tiles2;7:cpu7:tiles2
    run 3: OK GOPS=1.858462 time=1.155516587 threads=8 validation=0
      schedule: static chunk=0
      workers: 0:cpu0:tiles2;1:cpu1:tiles2;2:cpu2:tiles2;3:cpu3:tiles2;4:cpu4:tiles2;5:cpu5:tiles2;6:cpu6:tiles2;7:cpu7:tiles2
    run 4: OK GOPS=2.028932 time=1.058430664 threads=8 validation=0
      schedule: static chunk=0
      workers: 0:cpu0:tiles2;1:cpu1:tiles2;2:cpu2:tiles2;3:cpu3:tiles2;4:cpu4:tiles2;5:cpu5:tiles2;6:cpu6:tiles2;7:cpu7:tiles2
    run 5: OK GOPS=2.028758 time=1.058521166 threads=8 validation=0
      schedule: static chunk=0
      workers: 0:cpu0:tiles2;1:cpu1:tiles2;2:cpu2:tiles2;3:cpu3:tiles2;4:cpu4:tiles2;5:cpu5:tiles2;6:cpu6:tiles2;7:cpu7:tiles2
    run 6: OK GOPS=1.994486 time=1.076710459 threads=8 validation=0
      schedule: static chunk=0
      workers: 0:cpu0:tiles2;1:cpu1:tiles2;2:cpu2:tiles2;3:cpu3:tiles2;4:cpu4:tiles2;5:cpu5:tiles2;6:cpu6:tiles2;7:cpu7:tiles2
============================================================
KERNEL: igemm_kernel_8x4_zvl256b_lmul2_unroll4_i8i32
  MODE: K1 all-core RVV OpenMP baseline
  BASELINE: GEMM_RVV_FP32_INT8_8x4_Baseline
  FAMILY: RVV_IGEMM_INT8_I8I32_8x4
  PATH: INT8 RVV widening GEMM (INT8 x INT8 -> INT32)
  TILE: 8x4 ZVL=256b LMUL=2 UNROLL=4
  WORK: M=1024 N=1024 K=1024 tile_N=64 runs=6
  CORES: cores 0-7 execute RVV kernels
  INPUT_CONTRACT: CANONICAL_FULL_MATRIX
PRIMARY_SOURCE=/home/bananapi/MAT/kernels riscv rvv 1.0/FINAL/riscv-rvv-ime-gemm-microkernels-updated/GEMM_RVV_FP32_INT8_8x4_Baseline/RVV_IGEMM_INT8_I8I32_8x4/igemm_kernel_8x4_zvl256b_lmul2_unroll4/igemm_kernel_8x4_zvl256b_lmul2_unroll4_i8i32.c
    run 1: OK GOPS=1.749381 time=1.227567416 threads=8 validation=1
      schedule: static chunk=0
      workers: 0:cpu0:tiles2;1:cpu1:tiles2;2:cpu2:tiles2;3:cpu3:tiles2;4:cpu4:tiles2;5:cpu5:tiles2;6:cpu6:tiles2;7:cpu7:tiles2
    run 2: OK GOPS=1.739963 time=1.234212540 threads=8 validation=0
      schedule: static chunk=0
      workers: 0:cpu0:tiles2;1:cpu1:tiles2;2:cpu2:tiles2;3:cpu3:tiles2;4:cpu4:tiles2;5:cpu5:tiles2;6:cpu6:tiles2;7:cpu7:tiles2
    run 3: OK GOPS=1.742397 time=1.232487794 threads=8 validation=0
      schedule: static chunk=0
      workers: 0:cpu0:tiles2;1:cpu1:tiles2;2:cpu2:tiles2;3:cpu3:tiles2;4:cpu4:tiles2;5:cpu5:tiles2;6:cpu6:tiles2;7:cpu7:tiles2
    run 4: OK GOPS=1.745772 time=1.230105583 threads=8 validation=0
      schedule: static chunk=0
      workers: 0:cpu0:tiles2;1:cpu1:tiles2;2:cpu2:tiles2;3:cpu3:tiles2;4:cpu4:tiles2;5:cpu5:tiles2;6:cpu6:tiles2;7:cpu7:tiles2
    run 5: OK GOPS=1.746153 time=1.229837086 threads=8 validation=0
      schedule: static chunk=0
      workers: 0:cpu0:tiles2;1:cpu1:tiles2;2:cpu2:tiles2;3:cpu3:tiles2;4:cpu4:tiles2;5:cpu5:tiles2;6:cpu6:tiles2;7:cpu7:tiles2
    run 6: OK GOPS=1.743067 time=1.232014626 threads=8 validation=0
      schedule: static chunk=0
      workers: 0:cpu0:tiles2;1:cpu1:tiles2;2:cpu2:tiles2;3:cpu3:tiles2;4:cpu4:tiles2;5:cpu5:tiles2;6:cpu6:tiles2;7:cpu7:tiles2
============================================================
KERNEL: igemm_kernel_8x4_zvl256b_lmul2_unroll8_i8i32
  MODE: K1 all-core RVV OpenMP baseline
  BASELINE: GEMM_RVV_FP32_INT8_8x4_Baseline
  FAMILY: RVV_IGEMM_INT8_I8I32_8x4
  PATH: INT8 RVV widening GEMM (INT8 x INT8 -> INT32)
  TILE: 8x4 ZVL=256b LMUL=2 UNROLL=8
  WORK: M=1024 N=1024 K=1024 tile_N=64 runs=6
  CORES: cores 0-7 execute RVV kernels
  INPUT_CONTRACT: CANONICAL_FULL_MATRIX
PRIMARY_SOURCE=/home/bananapi/MAT/kernels riscv rvv 1.0/FINAL/riscv-rvv-ime-gemm-microkernels-updated/GEMM_RVV_FP32_INT8_8x4_Baseline/RVV_IGEMM_INT8_I8I32_8x4/igemm_kernel_8x4_zvl256b_lmul2_unroll8/igemm_kernel_8x4_zvl256b_lmul2_unroll8_i8i32.c
    run 1: OK GOPS=1.694982 time=1.266965624 threads=8 validation=1
      schedule: static chunk=0
      workers: 0:cpu0:tiles2;1:cpu1:tiles2;2:cpu2:tiles2;3:cpu3:tiles2;4:cpu4:tiles2;5:cpu5:tiles2;6:cpu6:tiles2;7:cpu7:tiles2
    run 2: OK GOPS=1.699090 time=1.263902083 threads=8 validation=0
      schedule: static chunk=0
      workers: 0:cpu0:tiles2;1:cpu1:tiles2;2:cpu2:tiles2;3:cpu3:tiles2;4:cpu4:tiles2;5:cpu5:tiles2;6:cpu6:tiles2;7:cpu7:tiles2
    run 3: OK GOPS=1.691910 time=1.269265916 threads=8 validation=0
      schedule: static chunk=0
      workers: 0:cpu0:tiles2;1:cpu1:tiles2;2:cpu2:tiles2;3:cpu3:tiles2;4:cpu4:tiles2;5:cpu5:tiles2;6:cpu6:tiles2;7:cpu7:tiles2
    run 4: OK GOPS=1.692186 time=1.269059125 threads=8 validation=0
      schedule: static chunk=0
      workers: 0:cpu0:tiles2;1:cpu1:tiles2;2:cpu2:tiles2;3:cpu3:tiles2;4:cpu4:tiles2;5:cpu5:tiles2;6:cpu6:tiles2;7:cpu7:tiles2
    run 5: OK GOPS=1.693654 time=1.267959207 threads=8 validation=0
      schedule: static chunk=0
      workers: 0:cpu0:tiles2;1:cpu1:tiles2;2:cpu2:tiles2;3:cpu3:tiles2;4:cpu4:tiles2;5:cpu5:tiles2;6:cpu6:tiles2;7:cpu7:tiles2
    run 6: OK GOPS=1.707201 time=1.257897291 threads=8 validation=0
      schedule: static chunk=0
      workers: 0:cpu0:tiles2;1:cpu1:tiles2;2:cpu2:tiles2;3:cpu3:tiles2;4:cpu4:tiles2;5:cpu5:tiles2;6:cpu6:tiles2;7:cpu7:tiles2
============================================================
KERNEL: igemm_kernel_8x4_zvl256b_lmulmf2_unroll1_i8i32
  MODE: K1 all-core RVV OpenMP baseline
  BASELINE: GEMM_RVV_FP32_INT8_8x4_Baseline
  FAMILY: RVV_IGEMM_INT8_I8I32_8x4
  PATH: INT8 RVV widening GEMM (INT8 x INT8 -> INT32)
  TILE: 8x4 ZVL=256b LMUL=mf2 UNROLL=1
  WORK: M=1024 N=1024 K=1024 tile_N=64 runs=6
  CORES: cores 0-7 execute RVV kernels
  INPUT_CONTRACT: CANONICAL_FULL_MATRIX
PRIMARY_SOURCE=/home/bananapi/MAT/kernels riscv rvv 1.0/FINAL/riscv-rvv-ime-gemm-microkernels-updated/GEMM_RVV_FP32_INT8_8x4_Baseline/RVV_IGEMM_INT8_I8I32_8x4/igemm_kernel_8x4_zvl256b_lmulmf2_unroll1/igemm_kernel_8x4_zvl256b_lmulmf2_unroll1_i8i32.c
    run 1: OK GOPS=20.682839 time=0.103829250 threads=8 validation=1
      schedule: static chunk=0
      workers: 0:cpu0:tiles2;1:cpu1:tiles2;2:cpu2:tiles2;3:cpu3:tiles2;4:cpu4:tiles2;5:cpu5:tiles2;6:cpu6:tiles2;7:cpu7:tiles2
    run 2: OK GOPS=20.045906 time=0.107128292 threads=8 validation=0
      schedule: static chunk=0
      workers: 0:cpu0:tiles2;1:cpu1:tiles2;2:cpu2:tiles2;3:cpu3:tiles2;4:cpu4:tiles2;5:cpu5:tiles2;6:cpu6:tiles2;7:cpu7:tiles2
    run 3: OK GOPS=20.277652 time=0.105903961 threads=8 validation=0
      schedule: static chunk=0
      workers: 0:cpu0:tiles2;1:cpu1:tiles2;2:cpu2:tiles2;3:cpu3:tiles2;4:cpu4:tiles2;5:cpu5:tiles2;6:cpu6:tiles2;7:cpu7:tiles2
    run 4: OK GOPS=20.471218 time=0.104902584 threads=8 validation=0
      schedule: static chunk=0
      workers: 0:cpu0:tiles2;1:cpu1:tiles2;2:cpu2:tiles2;3:cpu3:tiles2;4:cpu4:tiles2;5:cpu5:tiles2;6:cpu6:tiles2;7:cpu7:tiles2
    run 5: OK GOPS=20.615397 time=0.104168918 threads=8 validation=0
      schedule: static chunk=0
      workers: 0:cpu0:tiles2;1:cpu1:tiles2;2:cpu2:tiles2;3:cpu3:tiles2;4:cpu4:tiles2;5:cpu5:tiles2;6:cpu6:tiles2;7:cpu7:tiles2
    run 6: OK GOPS=20.651016 time=0.103989251 threads=8 validation=0
      schedule: static chunk=0
      workers: 0:cpu0:tiles2;1:cpu1:tiles2;2:cpu2:tiles2;3:cpu3:tiles2;4:cpu4:tiles2;5:cpu5:tiles2;6:cpu6:tiles2;7:cpu7:tiles2
============================================================
KERNEL: igemm_kernel_8x4_zvl256b_lmulmf2_unroll2_i8i32
  MODE: K1 all-core RVV OpenMP baseline
  BASELINE: GEMM_RVV_FP32_INT8_8x4_Baseline
  FAMILY: RVV_IGEMM_INT8_I8I32_8x4
  PATH: INT8 RVV widening GEMM (INT8 x INT8 -> INT32)
  TILE: 8x4 ZVL=256b LMUL=mf2 UNROLL=2
  WORK: M=1024 N=1024 K=1024 tile_N=64 runs=6
  CORES: cores 0-7 execute RVV kernels
  INPUT_CONTRACT: CANONICAL_FULL_MATRIX
PRIMARY_SOURCE=/home/bananapi/MAT/kernels riscv rvv 1.0/FINAL/riscv-rvv-ime-gemm-microkernels-updated/GEMM_RVV_FP32_INT8_8x4_Baseline/RVV_IGEMM_INT8_I8I32_8x4/igemm_kernel_8x4_zvl256b_lmulmf2_unroll2/igemm_kernel_8x4_zvl256b_lmulmf2_unroll2_i8i32.c
    run 1: OK GOPS=21.985383 time=0.097677790 threads=8 validation=1
      schedule: static chunk=0
      workers: 0:cpu0:tiles2;1:cpu1:tiles2;2:cpu2:tiles2;3:cpu3:tiles2;4:cpu4:tiles2;5:cpu5:tiles2;6:cpu6:tiles2;7:cpu7:tiles2
    run 2: OK GOPS=21.069279 time=0.101924874 threads=8 validation=0
      schedule: static chunk=0
      workers: 0:cpu0:tiles2;1:cpu1:tiles2;2:cpu2:tiles2;3:cpu3:tiles2;4:cpu4:tiles2;5:cpu5:tiles2;6:cpu6:tiles2;7:cpu7:tiles2
    run 3: OK GOPS=20.558304 time=0.104458209 threads=8 validation=0
      schedule: static chunk=0
      workers: 0:cpu0:tiles2;1:cpu1:tiles2;2:cpu2:tiles2;3:cpu3:tiles2;4:cpu4:tiles2;5:cpu5:tiles2;6:cpu6:tiles2;7:cpu7:tiles2
    run 4: OK GOPS=20.731950 time=0.103583291 threads=8 validation=0
      schedule: static chunk=0
      workers: 0:cpu0:tiles2;1:cpu1:tiles2;2:cpu2:tiles2;3:cpu3:tiles2;4:cpu4:tiles2;5:cpu5:tiles2;6:cpu6:tiles2;7:cpu7:tiles2
    run 5: OK GOPS=20.769269 time=0.103397168 threads=8 validation=0
      schedule: static chunk=0
      workers: 0:cpu0:tiles2;1:cpu1:tiles2;2:cpu2:tiles2;3:cpu3:tiles2;4:cpu4:tiles2;5:cpu5:tiles2;6:cpu6:tiles2;7:cpu7:tiles2
    run 6: OK GOPS=20.919850 time=0.102652919 threads=8 validation=0
      schedule: static chunk=0
      workers: 0:cpu0:tiles2;1:cpu1:tiles2;2:cpu2:tiles2;3:cpu3:tiles2;4:cpu4:tiles2;5:cpu5:tiles2;6:cpu6:tiles2;7:cpu7:tiles2
============================================================
KERNEL: igemm_kernel_8x4_zvl256b_lmulmf2_unroll4_i8i32
  MODE: K1 all-core RVV OpenMP baseline
  BASELINE: GEMM_RVV_FP32_INT8_8x4_Baseline
  FAMILY: RVV_IGEMM_INT8_I8I32_8x4
  PATH: INT8 RVV widening GEMM (INT8 x INT8 -> INT32)
  TILE: 8x4 ZVL=256b LMUL=mf2 UNROLL=4
  WORK: M=1024 N=1024 K=1024 tile_N=64 runs=6
  CORES: cores 0-7 execute RVV kernels
  INPUT_CONTRACT: CANONICAL_FULL_MATRIX
PRIMARY_SOURCE=/home/bananapi/MAT/kernels riscv rvv 1.0/FINAL/riscv-rvv-ime-gemm-microkernels-updated/GEMM_RVV_FP32_INT8_8x4_Baseline/RVV_IGEMM_INT8_I8I32_8x4/igemm_kernel_8x4_zvl256b_lmulmf2_unroll4/igemm_kernel_8x4_zvl256b_lmulmf2_unroll4_i8i32.c
    run 1: OK GOPS=21.700102 time=0.098961916 threads=8 validation=1
      schedule: static chunk=0
      workers: 0:cpu0:tiles2;1:cpu1:tiles2;2:cpu2:tiles2;3:cpu3:tiles2;4:cpu4:tiles2;5:cpu5:tiles2;6:cpu6:tiles2;7:cpu7:tiles2
    run 2: OK GOPS=21.296989 time=0.100835081 threads=8 validation=0
      schedule: static chunk=0
      workers: 0:cpu0:tiles2;1:cpu1:tiles2;2:cpu2:tiles2;3:cpu3:tiles2;4:cpu4:tiles2;5:cpu5:tiles2;6:cpu6:tiles2;7:cpu7:tiles2
    run 3: OK GOPS=21.044048 time=0.102047082 threads=8 validation=0
      schedule: static chunk=0
      workers: 0:cpu0:tiles2;1:cpu1:tiles2;2:cpu2:tiles2;3:cpu3:tiles2;4:cpu4:tiles2;5:cpu5:tiles2;6:cpu6:tiles2;7:cpu7:tiles2
    run 4: OK GOPS=20.914001 time=0.102681626 threads=8 validation=0
      schedule: static chunk=0
      workers: 0:cpu0:tiles2;1:cpu1:tiles2;2:cpu2:tiles2;3:cpu3:tiles2;4:cpu4:tiles2;5:cpu5:tiles2;6:cpu6:tiles2;7:cpu7:tiles2
    run 5: OK GOPS=21.660859 time=0.099141207 threads=8 validation=0
      schedule: static chunk=0
      workers: 0:cpu0:tiles2;1:cpu1:tiles2;2:cpu2:tiles2;3:cpu3:tiles2;4:cpu4:tiles2;5:cpu5:tiles2;6:cpu6:tiles2;7:cpu7:tiles2
    run 6: OK GOPS=21.898043 time=0.098067377 threads=8 validation=0
      schedule: static chunk=0
      workers: 0:cpu0:tiles2;1:cpu1:tiles2;2:cpu2:tiles2;3:cpu3:tiles2;4:cpu4:tiles2;5:cpu5:tiles2;6:cpu6:tiles2;7:cpu7:tiles2
============================================================
KERNEL: igemm_kernel_8x4_zvl256b_lmulmf2_unroll8_i8i32
  MODE: K1 all-core RVV OpenMP baseline
  BASELINE: GEMM_RVV_FP32_INT8_8x4_Baseline
  FAMILY: RVV_IGEMM_INT8_I8I32_8x4
  PATH: INT8 RVV widening GEMM (INT8 x INT8 -> INT32)
  TILE: 8x4 ZVL=256b LMUL=mf2 UNROLL=8
  WORK: M=1024 N=1024 K=1024 tile_N=64 runs=6
  CORES: cores 0-7 execute RVV kernels
  INPUT_CONTRACT: CANONICAL_FULL_MATRIX
PRIMARY_SOURCE=/home/bananapi/MAT/kernels riscv rvv 1.0/FINAL/riscv-rvv-ime-gemm-microkernels-updated/GEMM_RVV_FP32_INT8_8x4_Baseline/RVV_IGEMM_INT8_I8I32_8x4/igemm_kernel_8x4_zvl256b_lmulmf2_unroll8/igemm_kernel_8x4_zvl256b_lmulmf2_unroll8_i8i32.c
    run 1: OK GOPS=21.635035 time=0.099259540 threads=8 validation=1
      schedule: static chunk=0
      workers: 0:cpu0:tiles2;1:cpu1:tiles2;2:cpu2:tiles2;3:cpu3:tiles2;4:cpu4:tiles2;5:cpu5:tiles2;6:cpu6:tiles2;7:cpu7:tiles2
    run 2: OK GOPS=21.424061 time=0.100237001 threads=8 validation=0
      schedule: static chunk=0
      workers: 0:cpu0:tiles2;1:cpu1:tiles2;2:cpu2:tiles2;3:cpu3:tiles2;4:cpu4:tiles2;5:cpu5:tiles2;6:cpu6:tiles2;7:cpu7:tiles2
    run 3: OK GOPS=21.745101 time=0.098757125 threads=8 validation=0
      schedule: static chunk=0
      workers: 0:cpu0:tiles2;1:cpu1:tiles2;2:cpu2:tiles2;3:cpu3:tiles2;4:cpu4:tiles2;5:cpu5:tiles2;6:cpu6:tiles2;7:cpu7:tiles2
    run 4: OK GOPS=21.448401 time=0.100123253 threads=8 validation=0
      schedule: static chunk=0
      workers: 0:cpu0:tiles2;1:cpu1:tiles2;2:cpu2:tiles2;3:cpu3:tiles2;4:cpu4:tiles2;5:cpu5:tiles2;6:cpu6:tiles2;7:cpu7:tiles2
    run 5: OK GOPS=19.617313 time=0.109468795 threads=8 validation=0
      schedule: static chunk=0
      workers: 0:cpu0:tiles2;1:cpu1:tiles2;2:cpu2:tiles2;3:cpu3:tiles2;4:cpu4:tiles2;5:cpu5:tiles2;6:cpu6:tiles2;7:cpu7:tiles2
    run 6: OK GOPS=20.796984 time=0.103259377 threads=8 validation=0
      schedule: static chunk=0
      workers: 0:cpu0:tiles2;1:cpu1:tiles2;2:cpu2:tiles2;3:cpu3:tiles2;4:cpu4:tiles2;5:cpu5:tiles2;6:cpu6:tiles2;7:cpu7:tiles2
============================================================
KERNEL: igemm_kernel_8x4_zvl256b_lmulmf4_unroll1_i8i32
  MODE: K1 all-core RVV OpenMP baseline
  BASELINE: GEMM_RVV_FP32_INT8_8x4_Baseline
  FAMILY: RVV_IGEMM_INT8_I8I32_8x4
  PATH: INT8 RVV widening GEMM (INT8 x INT8 -> INT32)
  TILE: 8x4 ZVL=256b LMUL=mf4 UNROLL=1
  WORK: M=1024 N=1024 K=1024 tile_N=64 runs=6
  CORES: cores 0-7 execute RVV kernels
  INPUT_CONTRACT: CANONICAL_FULL_MATRIX
PRIMARY_SOURCE=/home/bananapi/MAT/kernels riscv rvv 1.0/FINAL/riscv-rvv-ime-gemm-microkernels-updated/GEMM_RVV_FP32_INT8_8x4_Baseline/RVV_IGEMM_INT8_I8I32_8x4/igemm_kernel_8x4_zvl256b_lmulmf4_unroll1/igemm_kernel_8x4_zvl256b_lmulmf4_unroll1_i8i32.c
    run 1: OK GOPS=27.323891 time=0.078593627 threads=8 validation=1
      schedule: static chunk=0
      workers: 0:cpu0:tiles2;1:cpu1:tiles2;2:cpu2:tiles2;3:cpu3:tiles2;4:cpu4:tiles2;5:cpu5:tiles2;6:cpu6:tiles2;7:cpu7:tiles2
    run 2: OK GOPS=26.754378 time=0.080266625 threads=8 validation=0
      schedule: static chunk=0
      workers: 0:cpu0:tiles2;1:cpu1:tiles2;2:cpu2:tiles2;3:cpu3:tiles2;4:cpu4:tiles2;5:cpu5:tiles2;6:cpu6:tiles2;7:cpu7:tiles2
    run 3: OK GOPS=27.203410 time=0.078941707 threads=8 validation=0
      schedule: static chunk=0
      workers: 0:cpu0:tiles2;1:cpu1:tiles2;2:cpu2:tiles2;3:cpu3:tiles2;4:cpu4:tiles2;5:cpu5:tiles2;6:cpu6:tiles2;7:cpu7:tiles2
    run 4: OK GOPS=26.679895 time=0.080490708 threads=8 validation=0
      schedule: static chunk=0
      workers: 0:cpu0:tiles2;1:cpu1:tiles2;2:cpu2:tiles2;3:cpu3:tiles2;4:cpu4:tiles2;5:cpu5:tiles2;6:cpu6:tiles2;7:cpu7:tiles2
    run 5: OK GOPS=27.490562 time=0.078117125 threads=8 validation=0
      schedule: static chunk=0
      workers: 0:cpu0:tiles2;1:cpu1:tiles2;2:cpu2:tiles2;3:cpu3:tiles2;4:cpu4:tiles2;5:cpu5:tiles2;6:cpu6:tiles2;7:cpu7:tiles2
    run 6: OK GOPS=25.620666 time=0.083818417 threads=8 validation=0
      schedule: static chunk=0
      workers: 0:cpu0:tiles2;1:cpu1:tiles2;2:cpu2:tiles2;3:cpu3:tiles2;4:cpu4:tiles2;5:cpu5:tiles2;6:cpu6:tiles2;7:cpu7:tiles2
============================================================
KERNEL: igemm_kernel_8x4_zvl256b_lmulmf4_unroll2_i8i32
  MODE: K1 all-core RVV OpenMP baseline
  BASELINE: GEMM_RVV_FP32_INT8_8x4_Baseline
  FAMILY: RVV_IGEMM_INT8_I8I32_8x4
  PATH: INT8 RVV widening GEMM (INT8 x INT8 -> INT32)
  TILE: 8x4 ZVL=256b LMUL=mf4 UNROLL=2
  WORK: M=1024 N=1024 K=1024 tile_N=64 runs=6
  CORES: cores 0-7 execute RVV kernels
  INPUT_CONTRACT: CANONICAL_FULL_MATRIX
PRIMARY_SOURCE=/home/bananapi/MAT/kernels riscv rvv 1.0/FINAL/riscv-rvv-ime-gemm-microkernels-updated/GEMM_RVV_FP32_INT8_8x4_Baseline/RVV_IGEMM_INT8_I8I32_8x4/igemm_kernel_8x4_zvl256b_lmulmf4_unroll2/igemm_kernel_8x4_zvl256b_lmulmf4_unroll2_i8i32.c
    run 1: OK GOPS=28.278023 time=0.075941790 threads=8 validation=1
      schedule: static chunk=0
      workers: 0:cpu0:tiles2;1:cpu1:tiles2;2:cpu2:tiles2;3:cpu3:tiles2;4:cpu4:tiles2;5:cpu5:tiles2;6:cpu6:tiles2;7:cpu7:tiles2
    run 2: OK GOPS=29.715879 time=0.072267208 threads=8 validation=0
      schedule: static chunk=0
      workers: 0:cpu0:tiles2;1:cpu1:tiles2;2:cpu2:tiles2;3:cpu3:tiles2;4:cpu4:tiles2;5:cpu5:tiles2;6:cpu6:tiles2;7:cpu7:tiles2
    run 3: OK GOPS=28.474449 time=0.075417917 threads=8 validation=0
      schedule: static chunk=0
      workers: 0:cpu0:tiles2;1:cpu1:tiles2;2:cpu2:tiles2;3:cpu3:tiles2;4:cpu4:tiles2;5:cpu5:tiles2;6:cpu6:tiles2;7:cpu7:tiles2
    run 4: OK GOPS=29.561274 time=0.072645165 threads=8 validation=0
      schedule: static chunk=0
      workers: 0:cpu0:tiles2;1:cpu1:tiles2;2:cpu2:tiles2;3:cpu3:tiles2;4:cpu4:tiles2;5:cpu5:tiles2;6:cpu6:tiles2;7:cpu7:tiles2
    run 5: OK GOPS=28.105390 time=0.076408248 threads=8 validation=0
      schedule: static chunk=0
      workers: 0:cpu0:tiles2;1:cpu1:tiles2;2:cpu2:tiles2;3:cpu3:tiles2;4:cpu4:tiles2;5:cpu5:tiles2;6:cpu6:tiles2;7:cpu7:tiles2
    run 6: OK GOPS=29.892486 time=0.071840249 threads=8 validation=0
      schedule: static chunk=0
      workers: 0:cpu0:tiles2;1:cpu1:tiles2;2:cpu2:tiles2;3:cpu3:tiles2;4:cpu4:tiles2;5:cpu5:tiles2;6:cpu6:tiles2;7:cpu7:tiles2
============================================================
KERNEL: igemm_kernel_8x4_zvl256b_lmulmf4_unroll4_i8i32
  MODE: K1 all-core RVV OpenMP baseline
  BASELINE: GEMM_RVV_FP32_INT8_8x4_Baseline
  FAMILY: RVV_IGEMM_INT8_I8I32_8x4
  PATH: INT8 RVV widening GEMM (INT8 x INT8 -> INT32)
  TILE: 8x4 ZVL=256b LMUL=mf4 UNROLL=4
  WORK: M=1024 N=1024 K=1024 tile_N=64 runs=6
  CORES: cores 0-7 execute RVV kernels
  INPUT_CONTRACT: CANONICAL_FULL_MATRIX
PRIMARY_SOURCE=/home/bananapi/MAT/kernels riscv rvv 1.0/FINAL/riscv-rvv-ime-gemm-microkernels-updated/GEMM_RVV_FP32_INT8_8x4_Baseline/RVV_IGEMM_INT8_I8I32_8x4/igemm_kernel_8x4_zvl256b_lmulmf4_unroll4/igemm_kernel_8x4_zvl256b_lmulmf4_unroll4_i8i32.c
    run 1: OK GOPS=27.289286 time=0.078693289 threads=8 validation=1
      schedule: static chunk=0
      workers: 0:cpu0:tiles2;1:cpu1:tiles2;2:cpu2:tiles2;3:cpu3:tiles2;4:cpu4:tiles2;5:cpu5:tiles2;6:cpu6:tiles2;7:cpu7:tiles2
    run 2: OK GOPS=28.211464 time=0.076120958 threads=8 validation=0
      schedule: static chunk=0
      workers: 0:cpu0:tiles2;1:cpu1:tiles2;2:cpu2:tiles2;3:cpu3:tiles2;4:cpu4:tiles2;5:cpu5:tiles2;6:cpu6:tiles2;7:cpu7:tiles2
    run 3: OK GOPS=28.448877 time=0.075485710 threads=8 validation=0
      schedule: static chunk=0
      workers: 0:cpu0:tiles2;1:cpu1:tiles2;2:cpu2:tiles2;3:cpu3:tiles2;4:cpu4:tiles2;5:cpu5:tiles2;6:cpu6:tiles2;7:cpu7:tiles2
    run 4: OK GOPS=29.752041 time=0.072179373 threads=8 validation=0
      schedule: static chunk=0
      workers: 0:cpu0:tiles2;1:cpu1:tiles2;2:cpu2:tiles2;3:cpu3:tiles2;4:cpu4:tiles2;5:cpu5:tiles2;6:cpu6:tiles2;7:cpu7:tiles2
    run 5: OK GOPS=27.950471 time=0.076831751 threads=8 validation=0
      schedule: static chunk=0
      workers: 0:cpu0:tiles2;1:cpu1:tiles2;2:cpu2:tiles2;3:cpu3:tiles2;4:cpu4:tiles2;5:cpu5:tiles2;6:cpu6:tiles2;7:cpu7:tiles2
    run 6: OK GOPS=29.135114 time=0.073707748 threads=8 validation=0
      schedule: static chunk=0
      workers: 0:cpu0:tiles2;1:cpu1:tiles2;2:cpu2:tiles2;3:cpu3:tiles2;4:cpu4:tiles2;5:cpu5:tiles2;6:cpu6:tiles2;7:cpu7:tiles2
============================================================
KERNEL: igemm_kernel_8x4_zvl256b_lmulmf4_unroll8_i8i32
  MODE: K1 all-core RVV OpenMP baseline
  BASELINE: GEMM_RVV_FP32_INT8_8x4_Baseline
  FAMILY: RVV_IGEMM_INT8_I8I32_8x4
  PATH: INT8 RVV widening GEMM (INT8 x INT8 -> INT32)
  TILE: 8x4 ZVL=256b LMUL=mf4 UNROLL=8
  WORK: M=1024 N=1024 K=1024 tile_N=64 runs=6
  CORES: cores 0-7 execute RVV kernels
  INPUT_CONTRACT: CANONICAL_FULL_MATRIX
PRIMARY_SOURCE=/home/bananapi/MAT/kernels riscv rvv 1.0/FINAL/riscv-rvv-ime-gemm-microkernels-updated/GEMM_RVV_FP32_INT8_8x4_Baseline/RVV_IGEMM_INT8_I8I32_8x4/igemm_kernel_8x4_zvl256b_lmulmf4_unroll8/igemm_kernel_8x4_zvl256b_lmulmf4_unroll8_i8i32.c
    run 1: OK GOPS=29.728410 time=0.072236747 threads=8 validation=1
      schedule: static chunk=0
      workers: 0:cpu0:tiles2;1:cpu1:tiles2;2:cpu2:tiles2;3:cpu3:tiles2;4:cpu4:tiles2;5:cpu5:tiles2;6:cpu6:tiles2;7:cpu7:tiles2
    run 2: OK GOPS=28.726844 time=0.074755292 threads=8 validation=0
      schedule: static chunk=0
      workers: 0:cpu0:tiles2;1:cpu1:tiles2;2:cpu2:tiles2;3:cpu3:tiles2;4:cpu4:tiles2;5:cpu5:tiles2;6:cpu6:tiles2;7:cpu7:tiles2
    run 3: OK GOPS=28.929010 time=0.074232876 threads=8 validation=0
      schedule: static chunk=0
      workers: 0:cpu0:tiles2;1:cpu1:tiles2;2:cpu2:tiles2;3:cpu3:tiles2;4:cpu4:tiles2;5:cpu5:tiles2;6:cpu6:tiles2;7:cpu7:tiles2
    run 4: OK GOPS=29.537657 time=0.072703250 threads=8 validation=0
      schedule: static chunk=0
      workers: 0:cpu0:tiles2;1:cpu1:tiles2;2:cpu2:tiles2;3:cpu3:tiles2;4:cpu4:tiles2;5:cpu5:tiles2;6:cpu6:tiles2;7:cpu7:tiles2
    run 5: OK GOPS=28.943665 time=0.074195292 threads=8 validation=0
      schedule: static chunk=0
      workers: 0:cpu0:tiles2;1:cpu1:tiles2;2:cpu2:tiles2;3:cpu3:tiles2;4:cpu4:tiles2;5:cpu5:tiles2;6:cpu6:tiles2;7:cpu7:tiles2
    run 6: OK GOPS=30.134005 time=0.071264461 threads=8 validation=0
      schedule: static chunk=0
      workers: 0:cpu0:tiles2;1:cpu1:tiles2;2:cpu2:tiles2;3:cpu3:tiles2;4:cpu4:tiles2;5:cpu5:tiles2;6:cpu6:tiles2;7:cpu7:tiles2
============================================================
KERNEL: igemm_kernel_8x4_zvl256b_lmulmf8_unroll1_i8i32
  MODE: K1 all-core RVV OpenMP baseline
  BASELINE: GEMM_RVV_FP32_INT8_8x4_Baseline
  FAMILY: RVV_IGEMM_INT8_I8I32_8x4
  PATH: INT8 RVV widening GEMM (INT8 x INT8 -> INT32)
  TILE: 8x4 ZVL=256b LMUL=mf8 UNROLL=1
  WORK: M=1024 N=1024 K=1024 tile_N=64 runs=6
  CORES: cores 0-7 execute RVV kernels
  INPUT_CONTRACT: CANONICAL_FULL_MATRIX
PRIMARY_SOURCE=/home/bananapi/MAT/kernels riscv rvv 1.0/FINAL/riscv-rvv-ime-gemm-microkernels-updated/GEMM_RVV_FP32_INT8_8x4_Baseline/RVV_IGEMM_INT8_I8I32_8x4/igemm_kernel_8x4_zvl256b_lmulmf8_unroll1/igemm_kernel_8x4_zvl256b_lmulmf8_unroll1_i8i32.c
    run 1: OK GOPS=28.676034 time=0.074887749 threads=8 validation=1
      schedule: static chunk=0
      workers: 0:cpu0:tiles2;1:cpu1:tiles2;2:cpu2:tiles2;3:cpu3:tiles2;4:cpu4:tiles2;5:cpu5:tiles2;6:cpu6:tiles2;7:cpu7:tiles2
    run 2: OK GOPS=28.984064 time=0.074091874 threads=8 validation=0
      schedule: static chunk=0
      workers: 0:cpu0:tiles2;1:cpu1:tiles2;2:cpu2:tiles2;3:cpu3:tiles2;4:cpu4:tiles2;5:cpu5:tiles2;6:cpu6:tiles2;7:cpu7:tiles2
    run 3: OK GOPS=28.725948 time=0.074757624 threads=8 validation=0
      schedule: static chunk=0
      workers: 0:cpu0:tiles2;1:cpu1:tiles2;2:cpu2:tiles2;3:cpu3:tiles2;4:cpu4:tiles2;5:cpu5:tiles2;6:cpu6:tiles2;7:cpu7:tiles2
    run 4: OK GOPS=28.884733 time=0.074346669 threads=8 validation=0
      schedule: static chunk=0
      workers: 0:cpu0:tiles2;1:cpu1:tiles2;2:cpu2:tiles2;3:cpu3:tiles2;4:cpu4:tiles2;5:cpu5:tiles2;6:cpu6:tiles2;7:cpu7:tiles2
    run 5: OK GOPS=29.302816 time=0.073285915 threads=8 validation=0
      schedule: static chunk=0
      workers: 0:cpu0:tiles2;1:cpu1:tiles2;2:cpu2:tiles2;3:cpu3:tiles2;4:cpu4:tiles2;5:cpu5:tiles2;6:cpu6:tiles2;7:cpu7:tiles2
    run 6: OK GOPS=28.490236 time=0.075376127 threads=8 validation=0
      schedule: static chunk=0
      workers: 0:cpu0:tiles2;1:cpu1:tiles2;2:cpu2:tiles2;3:cpu3:tiles2;4:cpu4:tiles2;5:cpu5:tiles2;6:cpu6:tiles2;7:cpu7:tiles2
============================================================
KERNEL: igemm_kernel_8x4_zvl256b_lmulmf8_unroll2_i8i32
  MODE: K1 all-core RVV OpenMP baseline
  BASELINE: GEMM_RVV_FP32_INT8_8x4_Baseline
  FAMILY: RVV_IGEMM_INT8_I8I32_8x4
  PATH: INT8 RVV widening GEMM (INT8 x INT8 -> INT32)
  TILE: 8x4 ZVL=256b LMUL=mf8 UNROLL=2
  WORK: M=1024 N=1024 K=1024 tile_N=64 runs=6
  CORES: cores 0-7 execute RVV kernels
  INPUT_CONTRACT: CANONICAL_FULL_MATRIX
PRIMARY_SOURCE=/home/bananapi/MAT/kernels riscv rvv 1.0/FINAL/riscv-rvv-ime-gemm-microkernels-updated/GEMM_RVV_FP32_INT8_8x4_Baseline/RVV_IGEMM_INT8_I8I32_8x4/igemm_kernel_8x4_zvl256b_lmulmf8_unroll2/igemm_kernel_8x4_zvl256b_lmulmf8_unroll2_i8i32.c
    run 1: OK GOPS=29.615869 time=0.072511248 threads=8 validation=1
      schedule: static chunk=0
      workers: 0:cpu0:tiles2;1:cpu1:tiles2;2:cpu2:tiles2;3:cpu3:tiles2;4:cpu4:tiles2;5:cpu5:tiles2;6:cpu6:tiles2;7:cpu7:tiles2
    run 2: OK GOPS=31.372415 time=0.068451334 threads=8 validation=0
      schedule: static chunk=0
      workers: 0:cpu0:tiles2;1:cpu1:tiles2;2:cpu2:tiles2;3:cpu3:tiles2;4:cpu4:tiles2;5:cpu5:tiles2;6:cpu6:tiles2;7:cpu7:tiles2
    run 3: OK GOPS=31.605140 time=0.067947291 threads=8 validation=0
      schedule: static chunk=0
      workers: 0:cpu0:tiles2;1:cpu1:tiles2;2:cpu2:tiles2;3:cpu3:tiles2;4:cpu4:tiles2;5:cpu5:tiles2;6:cpu6:tiles2;7:cpu7:tiles2
    run 4: OK GOPS=31.603938 time=0.067949876 threads=8 validation=0
      schedule: static chunk=0
      workers: 0:cpu0:tiles2;1:cpu1:tiles2;2:cpu2:tiles2;3:cpu3:tiles2;4:cpu4:tiles2;5:cpu5:tiles2;6:cpu6:tiles2;7:cpu7:tiles2
    run 5: OK GOPS=30.914949 time=0.069464248 threads=8 validation=0
      schedule: static chunk=0
      workers: 0:cpu0:tiles2;1:cpu1:tiles2;2:cpu2:tiles2;3:cpu3:tiles2;4:cpu4:tiles2;5:cpu5:tiles2;6:cpu6:tiles2;7:cpu7:tiles2
    run 6: OK GOPS=30.568001 time=0.070252668 threads=8 validation=0
      schedule: static chunk=0
      workers: 0:cpu0:tiles2;1:cpu1:tiles2;2:cpu2:tiles2;3:cpu3:tiles2;4:cpu4:tiles2;5:cpu5:tiles2;6:cpu6:tiles2;7:cpu7:tiles2
============================================================
KERNEL: igemm_kernel_8x4_zvl256b_lmulmf8_unroll4_i8i32
  MODE: K1 all-core RVV OpenMP baseline
  BASELINE: GEMM_RVV_FP32_INT8_8x4_Baseline
  FAMILY: RVV_IGEMM_INT8_I8I32_8x4
  PATH: INT8 RVV widening GEMM (INT8 x INT8 -> INT32)
  TILE: 8x4 ZVL=256b LMUL=mf8 UNROLL=4
  WORK: M=1024 N=1024 K=1024 tile_N=64 runs=6
  CORES: cores 0-7 execute RVV kernels
  INPUT_CONTRACT: CANONICAL_FULL_MATRIX
PRIMARY_SOURCE=/home/bananapi/MAT/kernels riscv rvv 1.0/FINAL/riscv-rvv-ime-gemm-microkernels-updated/GEMM_RVV_FP32_INT8_8x4_Baseline/RVV_IGEMM_INT8_I8I32_8x4/igemm_kernel_8x4_zvl256b_lmulmf8_unroll4/igemm_kernel_8x4_zvl256b_lmulmf8_unroll4_i8i32.c
    run 1: OK GOPS=30.996831 time=0.069280747 threads=8 validation=1
      schedule: static chunk=0
      workers: 0:cpu0:tiles2;1:cpu1:tiles2;2:cpu2:tiles2;3:cpu3:tiles2;4:cpu4:tiles2;5:cpu5:tiles2;6:cpu6:tiles2;7:cpu7:tiles2
    run 2: OK GOPS=30.210063 time=0.071085043 threads=8 validation=0
      schedule: static chunk=0
      workers: 0:cpu0:tiles2;1:cpu1:tiles2;2:cpu2:tiles2;3:cpu3:tiles2;4:cpu4:tiles2;5:cpu5:tiles2;6:cpu6:tiles2;7:cpu7:tiles2
    run 3: OK GOPS=30.737013 time=0.069866374 threads=8 validation=0
      schedule: static chunk=0
      workers: 0:cpu0:tiles2;1:cpu1:tiles2;2:cpu2:tiles2;3:cpu3:tiles2;4:cpu4:tiles2;5:cpu5:tiles2;6:cpu6:tiles2;7:cpu7:tiles2
    run 4: OK GOPS=31.032851 time=0.069200333 threads=8 validation=0
      schedule: static chunk=0
      workers: 0:cpu0:tiles2;1:cpu1:tiles2;2:cpu2:tiles2;3:cpu3:tiles2;4:cpu4:tiles2;5:cpu5:tiles2;6:cpu6:tiles2;7:cpu7:tiles2
    run 5: OK GOPS=24.523693 time=0.087567709 threads=8 validation=0
      schedule: static chunk=0
      workers: 0:cpu0:tiles2;1:cpu1:tiles2;2:cpu2:tiles2;3:cpu3:tiles2;4:cpu4:tiles2;5:cpu5:tiles2;6:cpu6:tiles2;7:cpu7:tiles2
    run 6: OK GOPS=24.756769 time=0.086743291 threads=8 validation=0
      schedule: static chunk=0
      workers: 0:cpu0:tiles2;1:cpu1:tiles2;2:cpu2:tiles2;3:cpu3:tiles2;4:cpu4:tiles2;5:cpu5:tiles2;6:cpu6:tiles2;7:cpu7:tiles2
============================================================
KERNEL: igemm_kernel_8x4_zvl256b_lmulmf8_unroll8_i8i32
  MODE: K1 all-core RVV OpenMP baseline
  BASELINE: GEMM_RVV_FP32_INT8_8x4_Baseline
  FAMILY: RVV_IGEMM_INT8_I8I32_8x4
  PATH: INT8 RVV widening GEMM (INT8 x INT8 -> INT32)
  TILE: 8x4 ZVL=256b LMUL=mf8 UNROLL=8
  WORK: M=1024 N=1024 K=1024 tile_N=64 runs=6
  CORES: cores 0-7 execute RVV kernels
  INPUT_CONTRACT: CANONICAL_FULL_MATRIX
PRIMARY_SOURCE=/home/bananapi/MAT/kernels riscv rvv 1.0/FINAL/riscv-rvv-ime-gemm-microkernels-updated/GEMM_RVV_FP32_INT8_8x4_Baseline/RVV_IGEMM_INT8_I8I32_8x4/igemm_kernel_8x4_zvl256b_lmulmf8_unroll8/igemm_kernel_8x4_zvl256b_lmulmf8_unroll8_i8i32.c
    run 1: OK GOPS=25.572752 time=0.083975460 threads=8 validation=1
      schedule: static chunk=0
      workers: 0:cpu0:tiles2;1:cpu1:tiles2;2:cpu2:tiles2;3:cpu3:tiles2;4:cpu4:tiles2;5:cpu5:tiles2;6:cpu6:tiles2;7:cpu7:tiles2
    run 2: OK GOPS=29.752796 time=0.072177541 threads=8 validation=0
      schedule: static chunk=0
      workers: 0:cpu0:tiles2;1:cpu1:tiles2;2:cpu2:tiles2;3:cpu3:tiles2;4:cpu4:tiles2;5:cpu5:tiles2;6:cpu6:tiles2;7:cpu7:tiles2
    run 3: OK GOPS=30.172147 time=0.071174372 threads=8 validation=0
      schedule: static chunk=0
      workers: 0:cpu0:tiles2;1:cpu1:tiles2;2:cpu2:tiles2;3:cpu3:tiles2;4:cpu4:tiles2;5:cpu5:tiles2;6:cpu6:tiles2;7:cpu7:tiles2
    run 4: OK GOPS=28.885089 time=0.074345753 threads=8 validation=0
      schedule: static chunk=0
      workers: 0:cpu0:tiles2;1:cpu1:tiles2;2:cpu2:tiles2;3:cpu3:tiles2;4:cpu4:tiles2;5:cpu5:tiles2;6:cpu6:tiles2;7:cpu7:tiles2
    run 5: OK GOPS=29.703413 time=0.072297540 threads=8 validation=0
      schedule: static chunk=0
      workers: 0:cpu0:tiles2;1:cpu1:tiles2;2:cpu2:tiles2;3:cpu3:tiles2;4:cpu4:tiles2;5:cpu5:tiles2;6:cpu6:tiles2;7:cpu7:tiles2
    run 6: OK GOPS=30.518751 time=0.070366040 threads=8 validation=0
      schedule: static chunk=0
      workers: 0:cpu0:tiles2;1:cpu1:tiles2;2:cpu2:tiles2;3:cpu3:tiles2;4:cpu4:tiles2;5:cpu5:tiles2;6:cpu6:tiles2;7:cpu7:tiles2
============================================================
KERNEL: igemm_kernel_8x8_zvl256b_lmul1_unroll1_i8i32
  MODE: K1 all-core RVV OpenMP baseline
  BASELINE: GEMM_RVV_FP32_INT8_8x8_Baseline
  FAMILY: RVV_IGEMM_INT8_I8I32_8x8
  PATH: INT8 RVV widening GEMM (INT8 x INT8 -> INT32)
  TILE: 8x8 ZVL=256b LMUL=1 UNROLL=1
  WORK: M=1024 N=1024 K=1024 tile_N=64 runs=6
  CORES: cores 0-7 execute RVV kernels
  INPUT_CONTRACT: CANONICAL_FULL_MATRIX
PRIMARY_SOURCE=/home/bananapi/MAT/kernels riscv rvv 1.0/FINAL/riscv-rvv-ime-gemm-microkernels-updated/GEMM_RVV_FP32_INT8_8x8_Baseline/RVV_IGEMM_INT8_I8I32_8x8/igemm_kernel_8x8_zvl256b_lmul1_unroll1/igemm_kernel_8x8_zvl256b_lmul1_unroll1_i8i32.c
    run 1: OK GOPS=13.570511 time=0.158246335 threads=8 validation=1
      schedule: static chunk=0
      workers: 0:cpu0:tiles2;1:cpu1:tiles2;2:cpu2:tiles2;3:cpu3:tiles2;4:cpu4:tiles2;5:cpu5:tiles2;6:cpu6:tiles2;7:cpu7:tiles2
    run 2: OK GOPS=13.271730 time=0.161808874 threads=8 validation=0
      schedule: static chunk=0
      workers: 0:cpu0:tiles2;1:cpu1:tiles2;2:cpu2:tiles2;3:cpu3:tiles2;4:cpu4:tiles2;5:cpu5:tiles2;6:cpu6:tiles2;7:cpu7:tiles2
    run 3: OK GOPS=13.761962 time=0.156044874 threads=8 validation=0
      schedule: static chunk=0
      workers: 0:cpu0:tiles2;1:cpu1:tiles2;2:cpu2:tiles2;3:cpu3:tiles2;4:cpu4:tiles2;5:cpu5:tiles2;6:cpu6:tiles2;7:cpu7:tiles2
    run 4: OK GOPS=13.733033 time=0.156373587 threads=8 validation=0
      schedule: static chunk=0
      workers: 0:cpu0:tiles2;1:cpu1:tiles2;2:cpu2:tiles2;3:cpu3:tiles2;4:cpu4:tiles2;5:cpu5:tiles2;6:cpu6:tiles2;7:cpu7:tiles2
    run 5: OK GOPS=13.751237 time=0.156166580 threads=8 validation=0
      schedule: static chunk=0
      workers: 0:cpu0:tiles2;1:cpu1:tiles2;2:cpu2:tiles2;3:cpu3:tiles2;4:cpu4:tiles2;5:cpu5:tiles2;6:cpu6:tiles2;7:cpu7:tiles2
    run 6: OK GOPS=13.084669 time=0.164122127 threads=8 validation=0
      schedule: static chunk=0
      workers: 0:cpu0:tiles2;1:cpu1:tiles2;2:cpu2:tiles2;3:cpu3:tiles2;4:cpu4:tiles2;5:cpu5:tiles2;6:cpu6:tiles2;7:cpu7:tiles2
============================================================
KERNEL: igemm_kernel_8x8_zvl256b_lmul1_unroll2_i8i32
  MODE: K1 all-core RVV OpenMP baseline
  BASELINE: GEMM_RVV_FP32_INT8_8x8_Baseline
  FAMILY: RVV_IGEMM_INT8_I8I32_8x8
  PATH: INT8 RVV widening GEMM (INT8 x INT8 -> INT32)
  TILE: 8x8 ZVL=256b LMUL=1 UNROLL=2
  WORK: M=1024 N=1024 K=1024 tile_N=64 runs=6
  CORES: cores 0-7 execute RVV kernels
  INPUT_CONTRACT: CANONICAL_FULL_MATRIX
PRIMARY_SOURCE=/home/bananapi/MAT/kernels riscv rvv 1.0/FINAL/riscv-rvv-ime-gemm-microkernels-updated/GEMM_RVV_FP32_INT8_8x8_Baseline/RVV_IGEMM_INT8_I8I32_8x8/igemm_kernel_8x8_zvl256b_lmul1_unroll2/igemm_kernel_8x8_zvl256b_lmul1_unroll2_i8i32.c
    run 1: OK GOPS=12.305063 time=0.174520336 threads=8 validation=1
      schedule: static chunk=0
      workers: 0:cpu0:tiles2;1:cpu1:tiles2;2:cpu2:tiles2;3:cpu3:tiles2;4:cpu4:tiles2;5:cpu5:tiles2;6:cpu6:tiles2;7:cpu7:tiles2
    run 2: OK GOPS=12.365282 time=0.173670415 threads=8 validation=0
      schedule: static chunk=0
      workers: 0:cpu0:tiles2;1:cpu1:tiles2;2:cpu2:tiles2;3:cpu3:tiles2;4:cpu4:tiles2;5:cpu5:tiles2;6:cpu6:tiles2;7:cpu7:tiles2
    run 3: OK GOPS=12.366958 time=0.173646875 threads=8 validation=0
      schedule: static chunk=0
      workers: 0:cpu0:tiles2;1:cpu1:tiles2;2:cpu2:tiles2;3:cpu3:tiles2;4:cpu4:tiles2;5:cpu5:tiles2;6:cpu6:tiles2;7:cpu7:tiles2
    run 4: OK GOPS=12.300904 time=0.174579334 threads=8 validation=0
      schedule: static chunk=0
      workers: 0:cpu0:tiles2;1:cpu1:tiles2;2:cpu2:tiles2;3:cpu3:tiles2;4:cpu4:tiles2;5:cpu5:tiles2;6:cpu6:tiles2;7:cpu7:tiles2
    run 5: OK GOPS=12.221695 time=0.175710790 threads=8 validation=0
      schedule: static chunk=0
      workers: 0:cpu0:tiles2;1:cpu1:tiles2;2:cpu2:tiles2;3:cpu3:tiles2;4:cpu4:tiles2;5:cpu5:tiles2;6:cpu6:tiles2;7:cpu7:tiles2
    run 6: OK GOPS=12.519870 time=0.171526041 threads=8 validation=0
      schedule: static chunk=0
      workers: 0:cpu0:tiles2;1:cpu1:tiles2;2:cpu2:tiles2;3:cpu3:tiles2;4:cpu4:tiles2;5:cpu5:tiles2;6:cpu6:tiles2;7:cpu7:tiles2
============================================================
KERNEL: igemm_kernel_8x8_zvl256b_lmul1_unroll4_i8i32
  MODE: K1 all-core RVV OpenMP baseline
  BASELINE: GEMM_RVV_FP32_INT8_8x8_Baseline
  FAMILY: RVV_IGEMM_INT8_I8I32_8x8
  PATH: INT8 RVV widening GEMM (INT8 x INT8 -> INT32)
  TILE: 8x8 ZVL=256b LMUL=1 UNROLL=4
  WORK: M=1024 N=1024 K=1024 tile_N=64 runs=6
  CORES: cores 0-7 execute RVV kernels
  INPUT_CONTRACT: CANONICAL_FULL_MATRIX
PRIMARY_SOURCE=/home/bananapi/MAT/kernels riscv rvv 1.0/FINAL/riscv-rvv-ime-gemm-microkernels-updated/GEMM_RVV_FP32_INT8_8x8_Baseline/RVV_IGEMM_INT8_I8I32_8x8/igemm_kernel_8x8_zvl256b_lmul1_unroll4/igemm_kernel_8x8_zvl256b_lmul1_unroll4_i8i32.c
    run 1: OK GOPS=12.333446 time=0.174118705 threads=8 validation=1
      schedule: static chunk=0
      workers: 0:cpu0:tiles2;1:cpu1:tiles2;2:cpu2:tiles2;3:cpu3:tiles2;4:cpu4:tiles2;5:cpu5:tiles2;6:cpu6:tiles2;7:cpu7:tiles2
    run 2: OK GOPS=12.251298 time=0.175286211 threads=8 validation=0
      schedule: static chunk=0
      workers: 0:cpu0:tiles2;1:cpu1:tiles2;2:cpu2:tiles2;3:cpu3:tiles2;4:cpu4:tiles2;5:cpu5:tiles2;6:cpu6:tiles2;7:cpu7:tiles2
    run 3: OK GOPS=12.258592 time=0.175181918 threads=8 validation=0
      schedule: static chunk=0
      workers: 0:cpu0:tiles2;1:cpu1:tiles2;2:cpu2:tiles2;3:cpu3:tiles2;4:cpu4:tiles2;5:cpu5:tiles2;6:cpu6:tiles2;7:cpu7:tiles2
    run 4: OK GOPS=12.285378 time=0.174799960 threads=8 validation=0
      schedule: static chunk=0
      workers: 0:cpu0:tiles2;1:cpu1:tiles2;2:cpu2:tiles2;3:cpu3:tiles2;4:cpu4:tiles2;5:cpu5:tiles2;6:cpu6:tiles2;7:cpu7:tiles2
    run 5: OK GOPS=11.880252 time=0.180760790 threads=8 validation=0
      schedule: static chunk=0
      workers: 0:cpu0:tiles2;1:cpu1:tiles2;2:cpu2:tiles2;3:cpu3:tiles2;4:cpu4:tiles2;5:cpu5:tiles2;6:cpu6:tiles2;7:cpu7:tiles2
    run 6: OK GOPS=12.168060 time=0.176485293 threads=8 validation=0
      schedule: static chunk=0
      workers: 0:cpu0:tiles2;1:cpu1:tiles2;2:cpu2:tiles2;3:cpu3:tiles2;4:cpu4:tiles2;5:cpu5:tiles2;6:cpu6:tiles2;7:cpu7:tiles2
============================================================
KERNEL: igemm_kernel_8x8_zvl256b_lmul1_unroll8_i8i32
  MODE: K1 all-core RVV OpenMP baseline
  BASELINE: GEMM_RVV_FP32_INT8_8x8_Baseline
  FAMILY: RVV_IGEMM_INT8_I8I32_8x8
  PATH: INT8 RVV widening GEMM (INT8 x INT8 -> INT32)
  TILE: 8x8 ZVL=256b LMUL=1 UNROLL=8
  WORK: M=1024 N=1024 K=1024 tile_N=64 runs=6
  CORES: cores 0-7 execute RVV kernels
  INPUT_CONTRACT: CANONICAL_FULL_MATRIX
PRIMARY_SOURCE=/home/bananapi/MAT/kernels riscv rvv 1.0/FINAL/riscv-rvv-ime-gemm-microkernels-updated/GEMM_RVV_FP32_INT8_8x8_Baseline/RVV_IGEMM_INT8_I8I32_8x8/igemm_kernel_8x8_zvl256b_lmul1_unroll8/igemm_kernel_8x8_zvl256b_lmul1_unroll8_i8i32.c
    run 1: OK GOPS=13.182503 time=0.162904084 threads=8 validation=1
      schedule: static chunk=0
      workers: 0:cpu0:tiles2;1:cpu1:tiles2;2:cpu2:tiles2;3:cpu3:tiles2;4:cpu4:tiles2;5:cpu5:tiles2;6:cpu6:tiles2;7:cpu7:tiles2
    run 2: OK GOPS=13.199928 time=0.162689041 threads=8 validation=0
      schedule: static chunk=0
      workers: 0:cpu0:tiles2;1:cpu1:tiles2;2:cpu2:tiles2;3:cpu3:tiles2;4:cpu4:tiles2;5:cpu5:tiles2;6:cpu6:tiles2;7:cpu7:tiles2
    run 3: OK GOPS=13.206706 time=0.162605543 threads=8 validation=0
      schedule: static chunk=0
      workers: 0:cpu0:tiles2;1:cpu1:tiles2;2:cpu2:tiles2;3:cpu3:tiles2;4:cpu4:tiles2;5:cpu5:tiles2;6:cpu6:tiles2;7:cpu7:tiles2
    run 4: OK GOPS=13.253832 time=0.162027378 threads=8 validation=0
      schedule: static chunk=0
      workers: 0:cpu0:tiles2;1:cpu1:tiles2;2:cpu2:tiles2;3:cpu3:tiles2;4:cpu4:tiles2;5:cpu5:tiles2;6:cpu6:tiles2;7:cpu7:tiles2
    run 5: OK GOPS=13.005810 time=0.165117249 threads=8 validation=0
      schedule: static chunk=0
      workers: 0:cpu0:tiles2;1:cpu1:tiles2;2:cpu2:tiles2;3:cpu3:tiles2;4:cpu4:tiles2;5:cpu5:tiles2;6:cpu6:tiles2;7:cpu7:tiles2
    run 6: OK GOPS=13.407893 time=0.160165627 threads=8 validation=0
      schedule: static chunk=0
      workers: 0:cpu0:tiles2;1:cpu1:tiles2;2:cpu2:tiles2;3:cpu3:tiles2;4:cpu4:tiles2;5:cpu5:tiles2;6:cpu6:tiles2;7:cpu7:tiles2
============================================================
KERNEL: igemm_kernel_8x8_zvl256b_lmul2_unroll1_i8i32
  MODE: K1 all-core RVV OpenMP baseline
  BASELINE: GEMM_RVV_FP32_INT8_8x8_Baseline
  FAMILY: RVV_IGEMM_INT8_I8I32_8x8
  PATH: INT8 RVV widening GEMM (INT8 x INT8 -> INT32)
  TILE: 8x8 ZVL=256b LMUL=2 UNROLL=1
  WORK: M=1024 N=1024 K=1024 tile_N=64 runs=6
  CORES: cores 0-7 execute RVV kernels
  INPUT_CONTRACT: CANONICAL_FULL_MATRIX
PRIMARY_SOURCE=/home/bananapi/MAT/kernels riscv rvv 1.0/FINAL/riscv-rvv-ime-gemm-microkernels-updated/GEMM_RVV_FP32_INT8_8x8_Baseline/RVV_IGEMM_INT8_I8I32_8x8/igemm_kernel_8x8_zvl256b_lmul2_unroll1/igemm_kernel_8x8_zvl256b_lmul2_unroll1_i8i32.c
    run 1: OK GOPS=3.931758 time=0.546189126 threads=8 validation=1
      schedule: static chunk=0
      workers: 0:cpu0:tiles2;1:cpu1:tiles2;2:cpu2:tiles2;3:cpu3:tiles2;4:cpu4:tiles2;5:cpu5:tiles2;6:cpu6:tiles2;7:cpu7:tiles2
    run 2: OK GOPS=3.954907 time=0.542992167 threads=8 validation=0
      schedule: static chunk=0
      workers: 0:cpu0:tiles2;1:cpu1:tiles2;2:cpu2:tiles2;3:cpu3:tiles2;4:cpu4:tiles2;5:cpu5:tiles2;6:cpu6:tiles2;7:cpu7:tiles2
    run 3: OK GOPS=3.961200 time=0.542129543 threads=8 validation=0
      schedule: static chunk=0
      workers: 0:cpu0:tiles2;1:cpu1:tiles2;2:cpu2:tiles2;3:cpu3:tiles2;4:cpu4:tiles2;5:cpu5:tiles2;6:cpu6:tiles2;7:cpu7:tiles2
    run 4: OK GOPS=3.912557 time=0.548869584 threads=8 validation=0
      schedule: static chunk=0
      workers: 0:cpu0:tiles2;1:cpu1:tiles2;2:cpu2:tiles2;3:cpu3:tiles2;4:cpu4:tiles2;5:cpu5:tiles2;6:cpu6:tiles2;7:cpu7:tiles2
    run 5: OK GOPS=3.944555 time=0.544417251 threads=8 validation=0
      schedule: static chunk=0
      workers: 0:cpu0:tiles2;1:cpu1:tiles2;2:cpu2:tiles2;3:cpu3:tiles2;4:cpu4:tiles2;5:cpu5:tiles2;6:cpu6:tiles2;7:cpu7:tiles2
    run 6: OK GOPS=3.484353 time=0.616322000 threads=8 validation=0
      schedule: static chunk=0
      workers: 0:cpu0:tiles2;1:cpu1:tiles2;2:cpu2:tiles2;3:cpu3:tiles2;4:cpu4:tiles2;5:cpu5:tiles2;6:cpu6:tiles2;7:cpu7:tiles2
============================================================
KERNEL: igemm_kernel_8x8_zvl256b_lmul2_unroll2_i8i32
  MODE: K1 all-core RVV OpenMP baseline
  BASELINE: GEMM_RVV_FP32_INT8_8x8_Baseline
  FAMILY: RVV_IGEMM_INT8_I8I32_8x8
  PATH: INT8 RVV widening GEMM (INT8 x INT8 -> INT32)
  TILE: 8x8 ZVL=256b LMUL=2 UNROLL=2
  WORK: M=1024 N=1024 K=1024 tile_N=64 runs=6
  CORES: cores 0-7 execute RVV kernels
  INPUT_CONTRACT: CANONICAL_FULL_MATRIX
PRIMARY_SOURCE=/home/bananapi/MAT/kernels riscv rvv 1.0/FINAL/riscv-rvv-ime-gemm-microkernels-updated/GEMM_RVV_FP32_INT8_8x8_Baseline/RVV_IGEMM_INT8_I8I32_8x8/igemm_kernel_8x8_zvl256b_lmul2_unroll2/igemm_kernel_8x8_zvl256b_lmul2_unroll2_i8i32.c
    run 1: OK GOPS=4.028551 time=0.533065956 threads=8 validation=1
      schedule: static chunk=0
      workers: 0:cpu0:tiles2;1:cpu1:tiles2;2:cpu2:tiles2;3:cpu3:tiles2;4:cpu4:tiles2;5:cpu5:tiles2;6:cpu6:tiles2;7:cpu7:tiles2
    run 2: OK GOPS=4.035026 time=0.532210667 threads=8 validation=0
      schedule: static chunk=0
      workers: 0:cpu0:tiles2;1:cpu1:tiles2;2:cpu2:tiles2;3:cpu3:tiles2;4:cpu4:tiles2;5:cpu5:tiles2;6:cpu6:tiles2;7:cpu7:tiles2
    run 3: OK GOPS=4.001372 time=0.536686793 threads=8 validation=0
      schedule: static chunk=0
      workers: 0:cpu0:tiles2;1:cpu1:tiles2;2:cpu2:tiles2;3:cpu3:tiles2;4:cpu4:tiles2;5:cpu5:tiles2;6:cpu6:tiles2;7:cpu7:tiles2
    run 4: OK GOPS=4.046022 time=0.530764211 threads=8 validation=0
      schedule: static chunk=0
      workers: 0:cpu0:tiles2;1:cpu1:tiles2;2:cpu2:tiles2;3:cpu3:tiles2;4:cpu4:tiles2;5:cpu5:tiles2;6:cpu6:tiles2;7:cpu7:tiles2
    run 5: OK GOPS=4.029980 time=0.532877043 threads=8 validation=0
      schedule: static chunk=0
      workers: 0:cpu0:tiles2;1:cpu1:tiles2;2:cpu2:tiles2;3:cpu3:tiles2;4:cpu4:tiles2;5:cpu5:tiles2;6:cpu6:tiles2;7:cpu7:tiles2
    run 6: OK GOPS=4.046332 time=0.530723542 threads=8 validation=0
      schedule: static chunk=0
      workers: 0:cpu0:tiles2;1:cpu1:tiles2;2:cpu2:tiles2;3:cpu3:tiles2;4:cpu4:tiles2;5:cpu5:tiles2;6:cpu6:tiles2;7:cpu7:tiles2
============================================================
KERNEL: igemm_kernel_8x8_zvl256b_lmul2_unroll4_i8i32
  MODE: K1 all-core RVV OpenMP baseline
  BASELINE: GEMM_RVV_FP32_INT8_8x8_Baseline
  FAMILY: RVV_IGEMM_INT8_I8I32_8x8
  PATH: INT8 RVV widening GEMM (INT8 x INT8 -> INT32)
  TILE: 8x8 ZVL=256b LMUL=2 UNROLL=4
  WORK: M=1024 N=1024 K=1024 tile_N=64 runs=6
  CORES: cores 0-7 execute RVV kernels
  INPUT_CONTRACT: CANONICAL_FULL_MATRIX
PRIMARY_SOURCE=/home/bananapi/MAT/kernels riscv rvv 1.0/FINAL/riscv-rvv-ime-gemm-microkernels-updated/GEMM_RVV_FP32_INT8_8x8_Baseline/RVV_IGEMM_INT8_I8I32_8x8/igemm_kernel_8x8_zvl256b_lmul2_unroll4/igemm_kernel_8x8_zvl256b_lmul2_unroll4_i8i32.c
    run 1: OK GOPS=3.478964 time=0.617276751 threads=8 validation=1
      schedule: static chunk=0
      workers: 0:cpu0:tiles2;1:cpu1:tiles2;2:cpu2:tiles2;3:cpu3:tiles2;4:cpu4:tiles2;5:cpu5:tiles2;6:cpu6:tiles2;7:cpu7:tiles2
    run 2: OK GOPS=3.484509 time=0.616294540 threads=8 validation=0
      schedule: static chunk=0
      workers: 0:cpu0:tiles2;1:cpu1:tiles2;2:cpu2:tiles2;3:cpu3:tiles2;4:cpu4:tiles2;5:cpu5:tiles2;6:cpu6:tiles2;7:cpu7:tiles2
    run 3: OK GOPS=3.445952 time=0.623190168 threads=8 validation=0
      schedule: static chunk=0
      workers: 0:cpu0:tiles2;1:cpu1:tiles2;2:cpu2:tiles2;3:cpu3:tiles2;4:cpu4:tiles2;5:cpu5:tiles2;6:cpu6:tiles2;7:cpu7:tiles2
    run 4: OK GOPS=3.477485 time=0.617539249 threads=8 validation=0
      schedule: static chunk=0
      workers: 0:cpu0:tiles2;1:cpu1:tiles2;2:cpu2:tiles2;3:cpu3:tiles2;4:cpu4:tiles2;5:cpu5:tiles2;6:cpu6:tiles2;7:cpu7:tiles2
    run 5: OK GOPS=3.484162 time=0.616355833 threads=8 validation=0
      schedule: static chunk=0
      workers: 0:cpu0:tiles2;1:cpu1:tiles2;2:cpu2:tiles2;3:cpu3:tiles2;4:cpu4:tiles2;5:cpu5:tiles2;6:cpu6:tiles2;7:cpu7:tiles2
    run 6: OK GOPS=3.481973 time=0.616743252 threads=8 validation=0
      schedule: static chunk=0
      workers: 0:cpu0:tiles2;1:cpu1:tiles2;2:cpu2:tiles2;3:cpu3:tiles2;4:cpu4:tiles2;5:cpu5:tiles2;6:cpu6:tiles2;7:cpu7:tiles2
============================================================
KERNEL: igemm_kernel_8x8_zvl256b_lmul2_unroll8_i8i32
  MODE: K1 all-core RVV OpenMP baseline
  BASELINE: GEMM_RVV_FP32_INT8_8x8_Baseline
  FAMILY: RVV_IGEMM_INT8_I8I32_8x8
  PATH: INT8 RVV widening GEMM (INT8 x INT8 -> INT32)
  TILE: 8x8 ZVL=256b LMUL=2 UNROLL=8
  WORK: M=1024 N=1024 K=1024 tile_N=64 runs=6
  CORES: cores 0-7 execute RVV kernels
  INPUT_CONTRACT: CANONICAL_FULL_MATRIX
PRIMARY_SOURCE=/home/bananapi/MAT/kernels riscv rvv 1.0/FINAL/riscv-rvv-ime-gemm-microkernels-updated/GEMM_RVV_FP32_INT8_8x8_Baseline/RVV_IGEMM_INT8_I8I32_8x8/igemm_kernel_8x8_zvl256b_lmul2_unroll8/igemm_kernel_8x8_zvl256b_lmul2_unroll8_i8i32.c
    run 1: OK GOPS=3.853406 time=0.557295002 threads=8 validation=1
      schedule: static chunk=0
      workers: 0:cpu0:tiles2;1:cpu1:tiles2;2:cpu2:tiles2;3:cpu3:tiles2;4:cpu4:tiles2;5:cpu5:tiles2;6:cpu6:tiles2;7:cpu7:tiles2
    run 2: OK GOPS=3.809994 time=0.563644920 threads=8 validation=0
      schedule: static chunk=0
      workers: 0:cpu0:tiles2;1:cpu1:tiles2;2:cpu2:tiles2;3:cpu3:tiles2;4:cpu4:tiles2;5:cpu5:tiles2;6:cpu6:tiles2;7:cpu7:tiles2
    run 3: OK GOPS=4.197547 time=0.511604458 threads=8 validation=0
      schedule: static chunk=0
      workers: 0:cpu0:tiles2;1:cpu1:tiles2;2:cpu2:tiles2;3:cpu3:tiles2;4:cpu4:tiles2;5:cpu5:tiles2;6:cpu6:tiles2;7:cpu7:tiles2
    run 4: OK GOPS=4.188847 time=0.512667000 threads=8 validation=0
      schedule: static chunk=0
      workers: 0:cpu0:tiles2;1:cpu1:tiles2;2:cpu2:tiles2;3:cpu3:tiles2;4:cpu4:tiles2;5:cpu5:tiles2;6:cpu6:tiles2;7:cpu7:tiles2
    run 5: OK GOPS=4.168191 time=0.515207585 threads=8 validation=0
      schedule: static chunk=0
      workers: 0:cpu0:tiles2;1:cpu1:tiles2;2:cpu2:tiles2;3:cpu3:tiles2;4:cpu4:tiles2;5:cpu5:tiles2;6:cpu6:tiles2;7:cpu7:tiles2
    run 6: OK GOPS=4.194160 time=0.512017541 threads=8 validation=0
      schedule: static chunk=0
      workers: 0:cpu0:tiles2;1:cpu1:tiles2;2:cpu2:tiles2;3:cpu3:tiles2;4:cpu4:tiles2;5:cpu5:tiles2;6:cpu6:tiles2;7:cpu7:tiles2
============================================================
KERNEL: igemm_kernel_8x8_zvl256b_lmulmf2_unroll1_i8i32
  MODE: K1 all-core RVV OpenMP baseline
  BASELINE: GEMM_RVV_FP32_INT8_8x8_Baseline
  FAMILY: RVV_IGEMM_INT8_I8I32_8x8
  PATH: INT8 RVV widening GEMM (INT8 x INT8 -> INT32)
  TILE: 8x8 ZVL=256b LMUL=mf2 UNROLL=1
  WORK: M=1024 N=1024 K=1024 tile_N=64 runs=6
  CORES: cores 0-7 execute RVV kernels
  INPUT_CONTRACT: CANONICAL_FULL_MATRIX
PRIMARY_SOURCE=/home/bananapi/MAT/kernels riscv rvv 1.0/FINAL/riscv-rvv-ime-gemm-microkernels-updated/GEMM_RVV_FP32_INT8_8x8_Baseline/RVV_IGEMM_INT8_I8I32_8x8/igemm_kernel_8x8_zvl256b_lmulmf2_unroll1/igemm_kernel_8x8_zvl256b_lmulmf2_unroll1_i8i32.c
    run 1: OK GOPS=34.825801 time=0.061663583 threads=8 validation=1
      schedule: static chunk=0
      workers: 0:cpu0:tiles2;1:cpu1:tiles2;2:cpu2:tiles2;3:cpu3:tiles2;4:cpu4:tiles2;5:cpu5:tiles2;6:cpu6:tiles2;7:cpu7:tiles2
    run 2: OK GOPS=33.157130 time=0.064766873 threads=8 validation=0
      schedule: static chunk=0
      workers: 0:cpu0:tiles2;1:cpu1:tiles2;2:cpu2:tiles2;3:cpu3:tiles2;4:cpu4:tiles2;5:cpu5:tiles2;6:cpu6:tiles2;7:cpu7:tiles2
    run 3: OK GOPS=33.831494 time=0.063475873 threads=8 validation=0
      schedule: static chunk=0
      workers: 0:cpu0:tiles2;1:cpu1:tiles2;2:cpu2:tiles2;3:cpu3:tiles2;4:cpu4:tiles2;5:cpu5:tiles2;6:cpu6:tiles2;7:cpu7:tiles2
    run 4: OK GOPS=33.336076 time=0.064419210 threads=8 validation=0
      schedule: static chunk=0
      workers: 0:cpu0:tiles2;1:cpu1:tiles2;2:cpu2:tiles2;3:cpu3:tiles2;4:cpu4:tiles2;5:cpu5:tiles2;6:cpu6:tiles2;7:cpu7:tiles2
    run 5: OK GOPS=34.349434 time=0.062518749 threads=8 validation=0
      schedule: static chunk=0
      workers: 0:cpu0:tiles2;1:cpu1:tiles2;2:cpu2:tiles2;3:cpu3:tiles2;4:cpu4:tiles2;5:cpu5:tiles2;6:cpu6:tiles2;7:cpu7:tiles2
    run 6: OK GOPS=35.415644 time=0.060636584 threads=8 validation=0
      schedule: static chunk=0
      workers: 0:cpu0:tiles2;1:cpu1:tiles2;2:cpu2:tiles2;3:cpu3:tiles2;4:cpu4:tiles2;5:cpu5:tiles2;6:cpu6:tiles2;7:cpu7:tiles2
============================================================
KERNEL: igemm_kernel_8x8_zvl256b_lmulmf2_unroll2_i8i32
  MODE: K1 all-core RVV OpenMP baseline
  BASELINE: GEMM_RVV_FP32_INT8_8x8_Baseline
  FAMILY: RVV_IGEMM_INT8_I8I32_8x8
  PATH: INT8 RVV widening GEMM (INT8 x INT8 -> INT32)
  TILE: 8x8 ZVL=256b LMUL=mf2 UNROLL=2
  WORK: M=1024 N=1024 K=1024 tile_N=64 runs=6
  CORES: cores 0-7 execute RVV kernels
  INPUT_CONTRACT: CANONICAL_FULL_MATRIX
PRIMARY_SOURCE=/home/bananapi/MAT/kernels riscv rvv 1.0/FINAL/riscv-rvv-ime-gemm-microkernels-updated/GEMM_RVV_FP32_INT8_8x8_Baseline/RVV_IGEMM_INT8_I8I32_8x8/igemm_kernel_8x8_zvl256b_lmulmf2_unroll2/igemm_kernel_8x8_zvl256b_lmulmf2_unroll2_i8i32.c
    run 1: OK GOPS=31.369417 time=0.068457875 threads=8 validation=1
      schedule: static chunk=0
      workers: 0:cpu0:tiles2;1:cpu1:tiles2;2:cpu2:tiles2;3:cpu3:tiles2;4:cpu4:tiles2;5:cpu5:tiles2;6:cpu6:tiles2;7:cpu7:tiles2
    run 2: OK GOPS=37.560138 time=0.057174541 threads=8 validation=0
      schedule: static chunk=0
      workers: 0:cpu0:tiles2;1:cpu1:tiles2;2:cpu2:tiles2;3:cpu3:tiles2;4:cpu4:tiles2;5:cpu5:tiles2;6:cpu6:tiles2;7:cpu7:tiles2
    run 3: OK GOPS=37.560466 time=0.057174042 threads=8 validation=0
      schedule: static chunk=0
      workers: 0:cpu0:tiles2;1:cpu1:tiles2;2:cpu2:tiles2;3:cpu3:tiles2;4:cpu4:tiles2;5:cpu5:tiles2;6:cpu6:tiles2;7:cpu7:tiles2
    run 4: OK GOPS=38.214854 time=0.056194998 threads=8 validation=0
      schedule: static chunk=0
      workers: 0:cpu0:tiles2;1:cpu1:tiles2;2:cpu2:tiles2;3:cpu3:tiles2;4:cpu4:tiles2;5:cpu5:tiles2;6:cpu6:tiles2;7:cpu7:tiles2
    run 5: OK GOPS=37.760694 time=0.056870874 threads=8 validation=0
      schedule: static chunk=0
      workers: 0:cpu0:tiles2;1:cpu1:tiles2;2:cpu2:tiles2;3:cpu3:tiles2;4:cpu4:tiles2;5:cpu5:tiles2;6:cpu6:tiles2;7:cpu7:tiles2
    run 6: OK GOPS=37.662406 time=0.057019290 threads=8 validation=0
      schedule: static chunk=0
      workers: 0:cpu0:tiles2;1:cpu1:tiles2;2:cpu2:tiles2;3:cpu3:tiles2;4:cpu4:tiles2;5:cpu5:tiles2;6:cpu6:tiles2;7:cpu7:tiles2
============================================================
KERNEL: igemm_kernel_8x8_zvl256b_lmulmf2_unroll4_i8i32
  MODE: K1 all-core RVV OpenMP baseline
  BASELINE: GEMM_RVV_FP32_INT8_8x8_Baseline
  FAMILY: RVV_IGEMM_INT8_I8I32_8x8
  PATH: INT8 RVV widening GEMM (INT8 x INT8 -> INT32)
  TILE: 8x8 ZVL=256b LMUL=mf2 UNROLL=4
  WORK: M=1024 N=1024 K=1024 tile_N=64 runs=6
  CORES: cores 0-7 execute RVV kernels
  INPUT_CONTRACT: CANONICAL_FULL_MATRIX
PRIMARY_SOURCE=/home/bananapi/MAT/kernels riscv rvv 1.0/FINAL/riscv-rvv-ime-gemm-microkernels-updated/GEMM_RVV_FP32_INT8_8x8_Baseline/RVV_IGEMM_INT8_I8I32_8x8/igemm_kernel_8x8_zvl256b_lmulmf2_unroll4/igemm_kernel_8x8_zvl256b_lmulmf2_unroll4_i8i32.c
    run 1: OK GOPS=30.895712 time=0.069507498 threads=8 validation=1
      schedule: static chunk=0
      workers: 0:cpu0:tiles2;1:cpu1:tiles2;2:cpu2:tiles2;3:cpu3:tiles2;4:cpu4:tiles2;5:cpu5:tiles2;6:cpu6:tiles2;7:cpu7:tiles2
    run 2: OK GOPS=32.510293 time=0.066055499 threads=8 validation=0
      schedule: static chunk=0
      workers: 0:cpu0:tiles2;1:cpu1:tiles2;2:cpu2:tiles2;3:cpu3:tiles2;4:cpu4:tiles2;5:cpu5:tiles2;6:cpu6:tiles2;7:cpu7:tiles2
    run 3: OK GOPS=38.890391 time=0.055218875 threads=8 validation=0
      schedule: static chunk=0
      workers: 0:cpu0:tiles2;1:cpu1:tiles2;2:cpu2:tiles2;3:cpu3:tiles2;4:cpu4:tiles2;5:cpu5:tiles2;6:cpu6:tiles2;7:cpu7:tiles2
    run 4: OK GOPS=38.313712 time=0.056050003 threads=8 validation=0
      schedule: static chunk=0
      workers: 0:cpu0:tiles2;1:cpu1:tiles2;2:cpu2:tiles2;3:cpu3:tiles2;4:cpu4:tiles2;5:cpu5:tiles2;6:cpu6:tiles2;7:cpu7:tiles2
    run 5: OK GOPS=31.653161 time=0.067844208 threads=8 validation=0
      schedule: static chunk=0
      workers: 0:cpu0:tiles2;1:cpu1:tiles2;2:cpu2:tiles2;3:cpu3:tiles2;4:cpu4:tiles2;5:cpu5:tiles2;6:cpu6:tiles2;7:cpu7:tiles2
    run 6: OK GOPS=31.223240 time=0.068778373 threads=8 validation=0
      schedule: static chunk=0
      workers: 0:cpu0:tiles2;1:cpu1:tiles2;2:cpu2:tiles2;3:cpu3:tiles2;4:cpu4:tiles2;5:cpu5:tiles2;6:cpu6:tiles2;7:cpu7:tiles2
============================================================
KERNEL: igemm_kernel_8x8_zvl256b_lmulmf2_unroll8_i8i32
  MODE: K1 all-core RVV OpenMP baseline
  BASELINE: GEMM_RVV_FP32_INT8_8x8_Baseline
  FAMILY: RVV_IGEMM_INT8_I8I32_8x8
  PATH: INT8 RVV widening GEMM (INT8 x INT8 -> INT32)
  TILE: 8x8 ZVL=256b LMUL=mf2 UNROLL=8
  WORK: M=1024 N=1024 K=1024 tile_N=64 runs=6
  CORES: cores 0-7 execute RVV kernels
  INPUT_CONTRACT: CANONICAL_FULL_MATRIX
PRIMARY_SOURCE=/home/bananapi/MAT/kernels riscv rvv 1.0/FINAL/riscv-rvv-ime-gemm-microkernels-updated/GEMM_RVV_FP32_INT8_8x8_Baseline/RVV_IGEMM_INT8_I8I32_8x8/igemm_kernel_8x8_zvl256b_lmulmf2_unroll8/igemm_kernel_8x8_zvl256b_lmulmf2_unroll8_i8i32.c
    run 1: OK GOPS=37.712423 time=0.056943666 threads=8 validation=1
      schedule: static chunk=0
      workers: 0:cpu0:tiles2;1:cpu1:tiles2;2:cpu2:tiles2;3:cpu3:tiles2;4:cpu4:tiles2;5:cpu5:tiles2;6:cpu6:tiles2;7:cpu7:tiles2
    run 2: OK GOPS=38.910299 time=0.055190623 threads=8 validation=0
      schedule: static chunk=0
      workers: 0:cpu0:tiles2;1:cpu1:tiles2;2:cpu2:tiles2;3:cpu3:tiles2;4:cpu4:tiles2;5:cpu5:tiles2;6:cpu6:tiles2;7:cpu7:tiles2
    run 3: OK GOPS=37.671020 time=0.057006251 threads=8 validation=0
      schedule: static chunk=0
      workers: 0:cpu0:tiles2;1:cpu1:tiles2;2:cpu2:tiles2;3:cpu3:tiles2;4:cpu4:tiles2;5:cpu5:tiles2;6:cpu6:tiles2;7:cpu7:tiles2
    run 4: OK GOPS=39.795759 time=0.053962626 threads=8 validation=0
      schedule: static chunk=0
      workers: 0:cpu0:tiles2;1:cpu1:tiles2;2:cpu2:tiles2;3:cpu3:tiles2;4:cpu4:tiles2;5:cpu5:tiles2;6:cpu6:tiles2;7:cpu7:tiles2
    run 5: OK GOPS=38.783019 time=0.055371750 threads=8 validation=0
      schedule: static chunk=0
      workers: 0:cpu0:tiles2;1:cpu1:tiles2;2:cpu2:tiles2;3:cpu3:tiles2;4:cpu4:tiles2;5:cpu5:tiles2;6:cpu6:tiles2;7:cpu7:tiles2
    run 6: OK GOPS=37.635123 time=0.057060625 threads=8 validation=0
      schedule: static chunk=0
      workers: 0:cpu0:tiles2;1:cpu1:tiles2;2:cpu2:tiles2;3:cpu3:tiles2;4:cpu4:tiles2;5:cpu5:tiles2;6:cpu6:tiles2;7:cpu7:tiles2
============================================================
KERNEL: igemm_kernel_8x8_zvl256b_lmulmf4_unroll1_i8i32
  MODE: K1 all-core RVV OpenMP baseline
  BASELINE: GEMM_RVV_FP32_INT8_8x8_Baseline
  FAMILY: RVV_IGEMM_INT8_I8I32_8x8
  PATH: INT8 RVV widening GEMM (INT8 x INT8 -> INT32)
  TILE: 8x8 ZVL=256b LMUL=mf4 UNROLL=1
  WORK: M=1024 N=1024 K=1024 tile_N=64 runs=6
  CORES: cores 0-7 execute RVV kernels
  INPUT_CONTRACT: CANONICAL_FULL_MATRIX
PRIMARY_SOURCE=/home/bananapi/MAT/kernels riscv rvv 1.0/FINAL/riscv-rvv-ime-gemm-microkernels-updated/GEMM_RVV_FP32_INT8_8x8_Baseline/RVV_IGEMM_INT8_I8I32_8x8/igemm_kernel_8x8_zvl256b_lmulmf4_unroll1/igemm_kernel_8x8_zvl256b_lmulmf4_unroll1_i8i32.c
    run 1: OK GOPS=40.396862 time=0.053159665 threads=8 validation=1
      schedule: static chunk=0
      workers: 0:cpu0:tiles2;1:cpu1:tiles2;2:cpu2:tiles2;3:cpu3:tiles2;4:cpu4:tiles2;5:cpu5:tiles2;6:cpu6:tiles2;7:cpu7:tiles2
    run 2: OK GOPS=40.800991 time=0.052633125 threads=8 validation=0
      schedule: static chunk=0
      workers: 0:cpu0:tiles2;1:cpu1:tiles2;2:cpu2:tiles2;3:cpu3:tiles2;4:cpu4:tiles2;5:cpu5:tiles2;6:cpu6:tiles2;7:cpu7:tiles2
    run 3: OK GOPS=41.704314 time=0.051493082 threads=8 validation=0
      schedule: static chunk=0
      workers: 0:cpu0:tiles2;1:cpu1:tiles2;2:cpu2:tiles2;3:cpu3:tiles2;4:cpu4:tiles2;5:cpu5:tiles2;6:cpu6:tiles2;7:cpu7:tiles2
    run 4: OK GOPS=41.932256 time=0.051213168 threads=8 validation=0
      schedule: static chunk=0
      workers: 0:cpu0:tiles2;1:cpu1:tiles2;2:cpu2:tiles2;3:cpu3:tiles2;4:cpu4:tiles2;5:cpu5:tiles2;6:cpu6:tiles2;7:cpu7:tiles2
    run 5: OK GOPS=40.663375 time=0.052811250 threads=8 validation=0
      schedule: static chunk=0
      workers: 0:cpu0:tiles2;1:cpu1:tiles2;2:cpu2:tiles2;3:cpu3:tiles2;4:cpu4:tiles2;5:cpu5:tiles2;6:cpu6:tiles2;7:cpu7:tiles2
    run 6: OK GOPS=41.086174 time=0.052267794 threads=8 validation=0
      schedule: static chunk=0
      workers: 0:cpu0:tiles2;1:cpu1:tiles2;2:cpu2:tiles2;3:cpu3:tiles2;4:cpu4:tiles2;5:cpu5:tiles2;6:cpu6:tiles2;7:cpu7:tiles2
============================================================
KERNEL: igemm_kernel_8x8_zvl256b_lmulmf4_unroll2_i8i32
  MODE: K1 all-core RVV OpenMP baseline
  BASELINE: GEMM_RVV_FP32_INT8_8x8_Baseline
  FAMILY: RVV_IGEMM_INT8_I8I32_8x8
  PATH: INT8 RVV widening GEMM (INT8 x INT8 -> INT32)
  TILE: 8x8 ZVL=256b LMUL=mf4 UNROLL=2
  WORK: M=1024 N=1024 K=1024 tile_N=64 runs=6
  CORES: cores 0-7 execute RVV kernels
  INPUT_CONTRACT: CANONICAL_FULL_MATRIX
PRIMARY_SOURCE=/home/bananapi/MAT/kernels riscv rvv 1.0/FINAL/riscv-rvv-ime-gemm-microkernels-updated/GEMM_RVV_FP32_INT8_8x8_Baseline/RVV_IGEMM_INT8_I8I32_8x8/igemm_kernel_8x8_zvl256b_lmulmf4_unroll2/igemm_kernel_8x8_zvl256b_lmulmf4_unroll2_i8i32.c
    run 1: OK GOPS=43.325193 time=0.049566627 threads=8 validation=1
      schedule: static chunk=0
      workers: 0:cpu0:tiles2;1:cpu1:tiles2;2:cpu2:tiles2;3:cpu3:tiles2;4:cpu4:tiles2;5:cpu5:tiles2;6:cpu6:tiles2;7:cpu7:tiles2
    run 2: OK GOPS=41.354493 time=0.051928665 threads=8 validation=0
      schedule: static chunk=0
      workers: 0:cpu0:tiles2;1:cpu1:tiles2;2:cpu2:tiles2;3:cpu3:tiles2;4:cpu4:tiles2;5:cpu5:tiles2;6:cpu6:tiles2;7:cpu7:tiles2
    run 3: OK GOPS=30.839917 time=0.069633249 threads=8 validation=0
      schedule: static chunk=0
      workers: 0:cpu0:tiles2;1:cpu1:tiles2;2:cpu2:tiles2;3:cpu3:tiles2;4:cpu4:tiles2;5:cpu5:tiles2;6:cpu6:tiles2;7:cpu7:tiles2
    run 4: OK GOPS=42.556910 time=0.050461456 threads=8 validation=0
      schedule: static chunk=0
      workers: 0:cpu0:tiles2;1:cpu1:tiles2;2:cpu2:tiles2;3:cpu3:tiles2;4:cpu4:tiles2;5:cpu5:tiles2;6:cpu6:tiles2;7:cpu7:tiles2
    run 5: OK GOPS=43.301790 time=0.049593415 threads=8 validation=0
      schedule: static chunk=0
      workers: 0:cpu0:tiles2;1:cpu1:tiles2;2:cpu2:tiles2;3:cpu3:tiles2;4:cpu4:tiles2;5:cpu5:tiles2;6:cpu6:tiles2;7:cpu7:tiles2
    run 6: OK GOPS=44.784806 time=0.047951166 threads=8 validation=0
      schedule: static chunk=0
      workers: 0:cpu0:tiles2;1:cpu1:tiles2;2:cpu2:tiles2;3:cpu3:tiles2;4:cpu4:tiles2;5:cpu5:tiles2;6:cpu6:tiles2;7:cpu7:tiles2
============================================================
KERNEL: igemm_kernel_8x8_zvl256b_lmulmf4_unroll4_i8i32
  MODE: K1 all-core RVV OpenMP baseline
  BASELINE: GEMM_RVV_FP32_INT8_8x8_Baseline
  FAMILY: RVV_IGEMM_INT8_I8I32_8x8
  PATH: INT8 RVV widening GEMM (INT8 x INT8 -> INT32)
  TILE: 8x8 ZVL=256b LMUL=mf4 UNROLL=4
  WORK: M=1024 N=1024 K=1024 tile_N=64 runs=6
  CORES: cores 0-7 execute RVV kernels
  INPUT_CONTRACT: CANONICAL_FULL_MATRIX
PRIMARY_SOURCE=/home/bananapi/MAT/kernels riscv rvv 1.0/FINAL/riscv-rvv-ime-gemm-microkernels-updated/GEMM_RVV_FP32_INT8_8x8_Baseline/RVV_IGEMM_INT8_I8I32_8x8/igemm_kernel_8x8_zvl256b_lmulmf4_unroll4/igemm_kernel_8x8_zvl256b_lmulmf4_unroll4_i8i32.c
    run 1: OK GOPS=42.828610 time=0.050141335 threads=8 validation=1
      schedule: static chunk=0
      workers: 0:cpu0:tiles2;1:cpu1:tiles2;2:cpu2:tiles2;3:cpu3:tiles2;4:cpu4:tiles2;5:cpu5:tiles2;6:cpu6:tiles2;7:cpu7:tiles2
    run 2: OK GOPS=41.481006 time=0.051770288 threads=8 validation=0
      schedule: static chunk=0
      workers: 0:cpu0:tiles2;1:cpu1:tiles2;2:cpu2:tiles2;3:cpu3:tiles2;4:cpu4:tiles2;5:cpu5:tiles2;6:cpu6:tiles2;7:cpu7:tiles2
    run 3: OK GOPS=42.167018 time=0.050928041 threads=8 validation=0
      schedule: static chunk=0
      workers: 0:cpu0:tiles2;1:cpu1:tiles2;2:cpu2:tiles2;3:cpu3:tiles2;4:cpu4:tiles2;5:cpu5:tiles2;6:cpu6:tiles2;7:cpu7:tiles2
    run 4: OK GOPS=43.527207 time=0.049336582 threads=8 validation=0
      schedule: static chunk=0
      workers: 0:cpu0:tiles2;1:cpu1:tiles2;2:cpu2:tiles2;3:cpu3:tiles2;4:cpu4:tiles2;5:cpu5:tiles2;6:cpu6:tiles2;7:cpu7:tiles2
    run 5: OK GOPS=38.261748 time=0.056126125 threads=8 validation=0
      schedule: static chunk=0
      workers: 0:cpu0:tiles2;1:cpu1:tiles2;2:cpu2:tiles2;3:cpu3:tiles2;4:cpu4:tiles2;5:cpu5:tiles2;6:cpu6:tiles2;7:cpu7:tiles2
    run 6: OK GOPS=42.222877 time=0.050860666 threads=8 validation=0
      schedule: static chunk=0
      workers: 0:cpu0:tiles2;1:cpu1:tiles2;2:cpu2:tiles2;3:cpu3:tiles2;4:cpu4:tiles2;5:cpu5:tiles2;6:cpu6:tiles2;7:cpu7:tiles2
============================================================
KERNEL: igemm_kernel_8x8_zvl256b_lmulmf4_unroll8_i8i32
  MODE: K1 all-core RVV OpenMP baseline
  BASELINE: GEMM_RVV_FP32_INT8_8x8_Baseline
  FAMILY: RVV_IGEMM_INT8_I8I32_8x8
  PATH: INT8 RVV widening GEMM (INT8 x INT8 -> INT32)
  TILE: 8x8 ZVL=256b LMUL=mf4 UNROLL=8
  WORK: M=1024 N=1024 K=1024 tile_N=64 runs=6
  CORES: cores 0-7 execute RVV kernels
  INPUT_CONTRACT: CANONICAL_FULL_MATRIX
PRIMARY_SOURCE=/home/bananapi/MAT/kernels riscv rvv 1.0/FINAL/riscv-rvv-ime-gemm-microkernels-updated/GEMM_RVV_FP32_INT8_8x8_Baseline/RVV_IGEMM_INT8_I8I32_8x8/igemm_kernel_8x8_zvl256b_lmulmf4_unroll8/igemm_kernel_8x8_zvl256b_lmulmf4_unroll8_i8i32.c
    run 1: OK GOPS=42.568720 time=0.050447457 threads=8 validation=1
      schedule: static chunk=0
      workers: 0:cpu0:tiles2;1:cpu1:tiles2;2:cpu2:tiles2;3:cpu3:tiles2;4:cpu4:tiles2;5:cpu5:tiles2;6:cpu6:tiles2;7:cpu7:tiles2
    run 2: OK GOPS=43.941955 time=0.048870917 threads=8 validation=0
      schedule: static chunk=0
      workers: 0:cpu0:tiles2;1:cpu1:tiles2;2:cpu2:tiles2;3:cpu3:tiles2;4:cpu4:tiles2;5:cpu5:tiles2;6:cpu6:tiles2;7:cpu7:tiles2
    run 3: OK GOPS=41.496002 time=0.051751580 threads=8 validation=0
      schedule: static chunk=0
      workers: 0:cpu0:tiles2;1:cpu1:tiles2;2:cpu2:tiles2;3:cpu3:tiles2;4:cpu4:tiles2;5:cpu5:tiles2;6:cpu6:tiles2;7:cpu7:tiles2
    run 4: OK GOPS=42.805775 time=0.050168082 threads=8 validation=0
      schedule: static chunk=0
      workers: 0:cpu0:tiles2;1:cpu1:tiles2;2:cpu2:tiles2;3:cpu3:tiles2;4:cpu4:tiles2;5:cpu5:tiles2;6:cpu6:tiles2;7:cpu7:tiles2
    run 5: OK GOPS=42.705434 time=0.050285958 threads=8 validation=0
      schedule: static chunk=0
      workers: 0:cpu0:tiles2;1:cpu1:tiles2;2:cpu2:tiles2;3:cpu3:tiles2;4:cpu4:tiles2;5:cpu5:tiles2;6:cpu6:tiles2;7:cpu7:tiles2
    run 6: OK GOPS=34.241400 time=0.062716000 threads=8 validation=0
      schedule: static chunk=0
      workers: 0:cpu0:tiles2;1:cpu1:tiles2;2:cpu2:tiles2;3:cpu3:tiles2;4:cpu4:tiles2;5:cpu5:tiles2;6:cpu6:tiles2;7:cpu7:tiles2
SKIP_UNSUPPORTED_KERNEL=igemm_kernel_8x4_zvl256b_lmul1_unroll1_i8i32; reason=duplicate INT8 source; canonical tree is GEMM_RVV_FP32_INT8_*
SKIP_UNSUPPORTED_KERNEL=igemm_kernel_8x4_zvl256b_lmul1_unroll2_i8i32; reason=duplicate INT8 source; canonical tree is GEMM_RVV_FP32_INT8_*
SKIP_UNSUPPORTED_KERNEL=igemm_kernel_8x4_zvl256b_lmul1_unroll4_i8i32; reason=duplicate INT8 source; canonical tree is GEMM_RVV_FP32_INT8_*
SKIP_UNSUPPORTED_KERNEL=igemm_kernel_8x4_zvl256b_lmul1_unroll8_i8i32; reason=duplicate INT8 source; canonical tree is GEMM_RVV_FP32_INT8_*
SKIP_UNSUPPORTED_KERNEL=igemm_kernel_8x4_zvl256b_lmul2_unroll1_i8i32; reason=duplicate INT8 source; canonical tree is GEMM_RVV_FP32_INT8_*
SKIP_UNSUPPORTED_KERNEL=igemm_kernel_8x4_zvl256b_lmul2_unroll2_i8i32; reason=duplicate INT8 source; canonical tree is GEMM_RVV_FP32_INT8_*
SKIP_UNSUPPORTED_KERNEL=igemm_kernel_8x4_zvl256b_lmul2_unroll4_i8i32; reason=duplicate INT8 source; canonical tree is GEMM_RVV_FP32_INT8_*
SKIP_UNSUPPORTED_KERNEL=igemm_kernel_8x4_zvl256b_lmul2_unroll8_i8i32; reason=duplicate INT8 source; canonical tree is GEMM_RVV_FP32_INT8_*
SKIP_UNSUPPORTED_KERNEL=igemm_kernel_8x4_zvl256b_lmulmf2_unroll1_i8i32; reason=duplicate INT8 source; canonical tree is GEMM_RVV_FP32_INT8_*
SKIP_UNSUPPORTED_KERNEL=igemm_kernel_8x4_zvl256b_lmulmf2_unroll2_i8i32; reason=duplicate INT8 source; canonical tree is GEMM_RVV_FP32_INT8_*
SKIP_UNSUPPORTED_KERNEL=igemm_kernel_8x4_zvl256b_lmulmf2_unroll4_i8i32; reason=duplicate INT8 source; canonical tree is GEMM_RVV_FP32_INT8_*
SKIP_UNSUPPORTED_KERNEL=igemm_kernel_8x4_zvl256b_lmulmf2_unroll8_i8i32; reason=duplicate INT8 source; canonical tree is GEMM_RVV_FP32_INT8_*
SKIP_UNSUPPORTED_KERNEL=igemm_kernel_8x4_zvl256b_lmulmf4_unroll1_i8i32; reason=duplicate INT8 source; canonical tree is GEMM_RVV_FP32_INT8_*
SKIP_UNSUPPORTED_KERNEL=igemm_kernel_8x4_zvl256b_lmulmf4_unroll2_i8i32; reason=duplicate INT8 source; canonical tree is GEMM_RVV_FP32_INT8_*
SKIP_UNSUPPORTED_KERNEL=igemm_kernel_8x4_zvl256b_lmulmf4_unroll4_i8i32; reason=duplicate INT8 source; canonical tree is GEMM_RVV_FP32_INT8_*
SKIP_UNSUPPORTED_KERNEL=igemm_kernel_8x4_zvl256b_lmulmf4_unroll8_i8i32; reason=duplicate INT8 source; canonical tree is GEMM_RVV_FP32_INT8_*
SKIP_UNSUPPORTED_KERNEL=igemm_kernel_8x4_zvl256b_lmulmf8_unroll1_i8i32; reason=duplicate INT8 source; canonical tree is GEMM_RVV_FP32_INT8_*
SKIP_UNSUPPORTED_KERNEL=igemm_kernel_8x4_zvl256b_lmulmf8_unroll2_i8i32; reason=duplicate INT8 source; canonical tree is GEMM_RVV_FP32_INT8_*
SKIP_UNSUPPORTED_KERNEL=igemm_kernel_8x4_zvl256b_lmulmf8_unroll4_i8i32; reason=duplicate INT8 source; canonical tree is GEMM_RVV_FP32_INT8_*
SKIP_UNSUPPORTED_KERNEL=igemm_kernel_8x4_zvl256b_lmulmf8_unroll8_i8i32; reason=duplicate INT8 source; canonical tree is GEMM_RVV_FP32_INT8_*
SKIP_UNSUPPORTED_KERNEL=igemm_kernel_8x8_zvl256b_lmul1_unroll1_i8i32; reason=duplicate INT8 source; canonical tree is GEMM_RVV_FP32_INT8_*
SKIP_UNSUPPORTED_KERNEL=igemm_kernel_8x8_zvl256b_lmul1_unroll2_i8i32; reason=duplicate INT8 source; canonical tree is GEMM_RVV_FP32_INT8_*
SKIP_UNSUPPORTED_KERNEL=igemm_kernel_8x8_zvl256b_lmul1_unroll4_i8i32; reason=duplicate INT8 source; canonical tree is GEMM_RVV_FP32_INT8_*
SKIP_UNSUPPORTED_KERNEL=igemm_kernel_8x8_zvl256b_lmul1_unroll8_i8i32; reason=duplicate INT8 source; canonical tree is GEMM_RVV_FP32_INT8_*
SKIP_UNSUPPORTED_KERNEL=igemm_kernel_8x8_zvl256b_lmul2_unroll1_i8i32; reason=duplicate INT8 source; canonical tree is GEMM_RVV_FP32_INT8_*
SKIP_UNSUPPORTED_KERNEL=igemm_kernel_8x8_zvl256b_lmul2_unroll2_i8i32; reason=duplicate INT8 source; canonical tree is GEMM_RVV_FP32_INT8_*
SKIP_UNSUPPORTED_KERNEL=igemm_kernel_8x8_zvl256b_lmul2_unroll4_i8i32; reason=duplicate INT8 source; canonical tree is GEMM_RVV_FP32_INT8_*
SKIP_UNSUPPORTED_KERNEL=igemm_kernel_8x8_zvl256b_lmul2_unroll8_i8i32; reason=duplicate INT8 source; canonical tree is GEMM_RVV_FP32_INT8_*
SKIP_UNSUPPORTED_KERNEL=igemm_kernel_8x8_zvl256b_lmulmf2_unroll1_i8i32; reason=duplicate INT8 source; canonical tree is GEMM_RVV_FP32_INT8_*
SKIP_UNSUPPORTED_KERNEL=igemm_kernel_8x8_zvl256b_lmulmf2_unroll2_i8i32; reason=duplicate INT8 source; canonical tree is GEMM_RVV_FP32_INT8_*
SKIP_UNSUPPORTED_KERNEL=igemm_kernel_8x8_zvl256b_lmulmf2_unroll4_i8i32; reason=duplicate INT8 source; canonical tree is GEMM_RVV_FP32_INT8_*
SKIP_UNSUPPORTED_KERNEL=igemm_kernel_8x8_zvl256b_lmulmf2_unroll8_i8i32; reason=duplicate INT8 source; canonical tree is GEMM_RVV_FP32_INT8_*
SKIP_UNSUPPORTED_KERNEL=igemm_kernel_8x8_zvl256b_lmulmf4_unroll1_i8i32; reason=duplicate INT8 source; canonical tree is GEMM_RVV_FP32_INT8_*
SKIP_UNSUPPORTED_KERNEL=igemm_kernel_8x8_zvl256b_lmulmf4_unroll2_i8i32; reason=duplicate INT8 source; canonical tree is GEMM_RVV_FP32_INT8_*
SKIP_UNSUPPORTED_KERNEL=igemm_kernel_8x8_zvl256b_lmulmf4_unroll4_i8i32; reason=duplicate INT8 source; canonical tree is GEMM_RVV_FP32_INT8_*
SKIP_UNSUPPORTED_KERNEL=igemm_kernel_8x8_zvl256b_lmulmf4_unroll8_i8i32; reason=duplicate INT8 source; canonical tree is GEMM_RVV_FP32_INT8_*
============================================================
DONE status=OK
kernels_built=36
ok_runs=216
failed_runs=0
build_failed=0
Raw CSV: /home/bananapi/MAT/kernels riscv rvv 1.0/FINAL/riscv-rvv-ime-gemm-microkernels-updated/HETEROGENEOUS_RVV_IME_OPENMP_GEMM/results/openmp_results_k1-rvv_1024_20260904_130245/openmp_raw_k1-rvv_1024_runs6_20260904_130245.csv
Summary CSV: /home/bananapi/MAT/kernels riscv rvv 1.0/FINAL/riscv-rvv-ime-gemm-microkernels-updated/HETEROGENEOUS_RVV_IME_OPENMP_GEMM/results/openmp_results_k1-rvv_1024_20260904_130245/openmp_summary_k1-rvv_1024_runs6_20260904_130245.csv
Latest raw CSV: /home/bananapi/MAT/kernels riscv rvv 1.0/FINAL/riscv-rvv-ime-gemm-microkernels-updated/HETEROGENEOUS_RVV_IME_OPENMP_GEMM/results/openmp_raw_latest_k1-rvv.csv
Latest summary CSV: /home/bananapi/MAT/kernels riscv rvv 1.0/FINAL/riscv-rvv-ime-gemm-microkernels-updated/HETEROGENEOUS_RVV_IME_OPENMP_GEMM/results/openmp_summary_latest_k1-rvv.csv
Latest live log: /home/bananapi/MAT/kernels riscv rvv 1.0/FINAL/riscv-rvv-ime-gemm-microkernels-updated/HETEROGENEOUS_RVV_IME_OPENMP_GEMM/results/openmp_live_latest_k1-rvv.log
Raw logs: /home/bananapi/MAT/kernels riscv rvv 1.0/FINAL/riscv-rvv-ime-gemm-microkernels-updated/HETEROGENEOUS_RVV_IME_OPENMP_GEMM/results/openmp_results_k1-rvv_1024_20260904_130245/raw_logs
============================================================
CASE_RESULT=OK
============================================================
CASE series=IME tile_N=64 mode=k1-ime threads=4 M=1024 N=1024 K=1024 tile_N=64 schedule=static chunk=1 kernel=*
OpenMP all-kernel tiled GEMM campaign
MODE=k1-ime (K1 IME-cluster OpenMP baseline) M=1024 N=1024 K=1024 tile_N=64 RUNS=6
CORE_PLAN=cores 0-3 execute native IME kernels
PROJECT_ROOT=/home/bananapi/MAT/kernels riscv rvv 1.0/FINAL/riscv-rvv-ime-gemm-microkernels-updated
RESULT_DIR=/home/bananapi/MAT/kernels riscv rvv 1.0/FINAL/riscv-rvv-ime-gemm-microkernels-updated/HETEROGENEOUS_RVV_IME_OPENMP_GEMM/results/openmp_results_k1-ime_1024_20260904_132629
COMPILER=gcc (Bianbu 14.2.0-4ubuntu2~24.04bb1) 14.2.0
BUILD_FLAGS=-O3 -std=c11 -Wall -Wextra -Wno-unknown-pragmas -fopenmp -march=rv64gcv_zvl256b -mabi=lp64d
OMP_NUM_THREADS=4 OMP_PROC_BIND=close OMP_PLACES=cores OMP_DYNAMIC=false OMP_MAX_ACTIVE_LEVELS=2
TILE_SCHEDULE=static DYNAMIC_CHUNK=1
GEMM_VALIDATE=1 VALIDATE_EACH_RUN=0 GEMM_WARMUP=1 ENABLE_MF2=0 BUILD_ONLY=0 ZVL_FILTER=256b KERNEL_FILTER=* KIND_FILTER=INT8_IME PERF_STAT=0 STATIC_IME_WEIGHT=4 STATIC_RVV_WEIGHT=1
Cpus_allowed_list:	0-7
MEMORY_NODES_ONLINE=not_exposed
CLUSTER_PLACEMENT=exact_core_affinity; contiguous_output_ownership
============================================================
KERNEL: ime_kernel_8x4_zvl256b_lmul1_unroll1
  MODE: K1 IME-cluster OpenMP baseline
  BASELINE: IME_NATIVE_KERNELS
  FAMILY: IME_GEMM_INT8_I8I32_8x4_NATIVE
  PATH: INT8 native IME GEMM (INT8 x INT8 -> INT32)
  TILE: 8x4 ZVL=256b LMUL=1 UNROLL=1
  WORK: M=1024 N=1024 K=1024 tile_N=64 runs=6
  CORES: cores 0-3 execute native IME kernels
  INPUT_CONTRACT: IME_FULL_K_MAJOR
PRIMARY_SOURCE=/home/bananapi/MAT/kernels riscv rvv 1.0/FINAL/riscv-rvv-ime-gemm-microkernels-updated/IME_NATIVE_KERNELS/IME_GEMM_INT8_I8I32_8x4_NATIVE/ime_kernel_8x4_zvl256b_lmul1_unroll1/ime_kernel_8x4_zvl256b_lmul1_unroll1.c
    run 1: OK GOPS=25.414897 time=0.084497042 threads=4 validation=1
      schedule: static chunk=0
      workers: 0:cpu0:tiles4;1:cpu1:tiles4;2:cpu2:tiles4;3:cpu3:tiles4
    run 2: OK GOPS=23.338366 time=0.092015166 threads=4 validation=0
      schedule: static chunk=0
      workers: 0:cpu0:tiles4;1:cpu1:tiles4;2:cpu2:tiles4;3:cpu3:tiles4
    run 3: OK GOPS=24.446758 time=0.087843291 threads=4 validation=0
      schedule: static chunk=0
      workers: 0:cpu0:tiles4;1:cpu1:tiles4;2:cpu2:tiles4;3:cpu3:tiles4
    run 4: OK GOPS=23.890472 time=0.089888707 threads=4 validation=0
      schedule: static chunk=0
      workers: 0:cpu0:tiles4;1:cpu1:tiles4;2:cpu2:tiles4;3:cpu3:tiles4
    run 5: OK GOPS=24.450028 time=0.087831542 threads=4 validation=0
      schedule: static chunk=0
      workers: 0:cpu0:tiles4;1:cpu1:tiles4;2:cpu2:tiles4;3:cpu3:tiles4
    run 6: OK GOPS=25.167372 time=0.085328083 threads=4 validation=0
      schedule: static chunk=0
      workers: 0:cpu0:tiles4;1:cpu1:tiles4;2:cpu2:tiles4;3:cpu3:tiles4
============================================================
KERNEL: ime_kernel_8x4_zvl256b_lmul1_unroll2
  MODE: K1 IME-cluster OpenMP baseline
  BASELINE: IME_NATIVE_KERNELS
  FAMILY: IME_GEMM_INT8_I8I32_8x4_NATIVE
  PATH: INT8 native IME GEMM (INT8 x INT8 -> INT32)
  TILE: 8x4 ZVL=256b LMUL=1 UNROLL=2
  WORK: M=1024 N=1024 K=1024 tile_N=64 runs=6
  CORES: cores 0-3 execute native IME kernels
  INPUT_CONTRACT: IME_FULL_K_MAJOR
PRIMARY_SOURCE=/home/bananapi/MAT/kernels riscv rvv 1.0/FINAL/riscv-rvv-ime-gemm-microkernels-updated/IME_NATIVE_KERNELS/IME_GEMM_INT8_I8I32_8x4_NATIVE/ime_kernel_8x4_zvl256b_lmul1_unroll2/ime_kernel_8x4_zvl256b_lmul1_unroll2.c
    run 1: OK GOPS=23.917535 time=0.089786999 threads=4 validation=1
      schedule: static chunk=0
      workers: 0:cpu0:tiles4;1:cpu1:tiles4;2:cpu2:tiles4;3:cpu3:tiles4
    run 2: OK GOPS=23.634183 time=0.090863459 threads=4 validation=0
      schedule: static chunk=0
      workers: 0:cpu0:tiles4;1:cpu1:tiles4;2:cpu2:tiles4;3:cpu3:tiles4
    run 3: OK GOPS=24.333621 time=0.088251710 threads=4 validation=0
      schedule: static chunk=0
      workers: 0:cpu0:tiles4;1:cpu1:tiles4;2:cpu2:tiles4;3:cpu3:tiles4
    run 4: OK GOPS=24.100213 time=0.089106418 threads=4 validation=0
      schedule: static chunk=0
      workers: 0:cpu0:tiles4;1:cpu1:tiles4;2:cpu2:tiles4;3:cpu3:tiles4
    run 5: OK GOPS=22.898819 time=0.093781415 threads=4 validation=0
      schedule: static chunk=0
      workers: 0:cpu0:tiles4;1:cpu1:tiles4;2:cpu2:tiles4;3:cpu3:tiles4
    run 6: OK GOPS=23.660972 time=0.090760585 threads=4 validation=0
      schedule: static chunk=0
      workers: 0:cpu0:tiles4;1:cpu1:tiles4;2:cpu2:tiles4;3:cpu3:tiles4
============================================================
KERNEL: ime_kernel_8x4_zvl256b_lmul1_unroll4
  MODE: K1 IME-cluster OpenMP baseline
  BASELINE: IME_NATIVE_KERNELS
  FAMILY: IME_GEMM_INT8_I8I32_8x4_NATIVE
  PATH: INT8 native IME GEMM (INT8 x INT8 -> INT32)
  TILE: 8x4 ZVL=256b LMUL=1 UNROLL=4
  WORK: M=1024 N=1024 K=1024 tile_N=64 runs=6
  CORES: cores 0-3 execute native IME kernels
  INPUT_CONTRACT: IME_FULL_K_MAJOR
PRIMARY_SOURCE=/home/bananapi/MAT/kernels riscv rvv 1.0/FINAL/riscv-rvv-ime-gemm-microkernels-updated/IME_NATIVE_KERNELS/IME_GEMM_INT8_I8I32_8x4_NATIVE/ime_kernel_8x4_zvl256b_lmul1_unroll4/ime_kernel_8x4_zvl256b_lmul1_unroll4.c
    run 1: OK GOPS=23.295685 time=0.092183750 threads=4 validation=1
      schedule: static chunk=0
      workers: 0:cpu0:tiles4;1:cpu1:tiles4;2:cpu2:tiles4;3:cpu3:tiles4
    run 2: OK GOPS=22.774542 time=0.094293166 threads=4 validation=0
      schedule: static chunk=0
      workers: 0:cpu0:tiles4;1:cpu1:tiles4;2:cpu2:tiles4;3:cpu3:tiles4
    run 3: OK GOPS=23.296707 time=0.092179708 threads=4 validation=0
      schedule: static chunk=0
      workers: 0:cpu0:tiles4;1:cpu1:tiles4;2:cpu2:tiles4;3:cpu3:tiles4
    run 4: OK GOPS=23.982384 time=0.089544211 threads=4 validation=0
      schedule: static chunk=0
      workers: 0:cpu0:tiles4;1:cpu1:tiles4;2:cpu2:tiles4;3:cpu3:tiles4
    run 5: OK GOPS=21.891021 time=0.098098833 threads=4 validation=0
      schedule: static chunk=0
      workers: 0:cpu0:tiles4;1:cpu1:tiles4;2:cpu2:tiles4;3:cpu3:tiles4
    run 6: OK GOPS=22.872113 time=0.093890917 threads=4 validation=0
      schedule: static chunk=0
      workers: 0:cpu0:tiles4;1:cpu1:tiles4;2:cpu2:tiles4;3:cpu3:tiles4
============================================================
KERNEL: ime_kernel_8x4_zvl256b_lmul1_unroll8
  MODE: K1 IME-cluster OpenMP baseline
  BASELINE: IME_NATIVE_KERNELS
  FAMILY: IME_GEMM_INT8_I8I32_8x4_NATIVE
  PATH: INT8 native IME GEMM (INT8 x INT8 -> INT32)
  TILE: 8x4 ZVL=256b LMUL=1 UNROLL=8
  WORK: M=1024 N=1024 K=1024 tile_N=64 runs=6
  CORES: cores 0-3 execute native IME kernels
  INPUT_CONTRACT: IME_FULL_K_MAJOR
PRIMARY_SOURCE=/home/bananapi/MAT/kernels riscv rvv 1.0/FINAL/riscv-rvv-ime-gemm-microkernels-updated/IME_NATIVE_KERNELS/IME_GEMM_INT8_I8I32_8x4_NATIVE/ime_kernel_8x4_zvl256b_lmul1_unroll8/ime_kernel_8x4_zvl256b_lmul1_unroll8.c
    run 1: OK GOPS=23.869881 time=0.089966249 threads=4 validation=1
      schedule: static chunk=0
      workers: 0:cpu0:tiles4;1:cpu1:tiles4;2:cpu2:tiles4;3:cpu3:tiles4
    run 2: OK GOPS=23.789429 time=0.090270501 threads=4 validation=0
      schedule: static chunk=0
      workers: 0:cpu0:tiles4;1:cpu1:tiles4;2:cpu2:tiles4;3:cpu3:tiles4
    run 3: OK GOPS=23.916668 time=0.089790251 threads=4 validation=0
      schedule: static chunk=0
      workers: 0:cpu0:tiles4;1:cpu1:tiles4;2:cpu2:tiles4;3:cpu3:tiles4
    run 4: OK GOPS=24.522131 time=0.087573290 threads=4 validation=0
      schedule: static chunk=0
      workers: 0:cpu0:tiles4;1:cpu1:tiles4;2:cpu2:tiles4;3:cpu3:tiles4
    run 5: OK GOPS=22.734459 time=0.094459414 threads=4 validation=0
      schedule: static chunk=0
      workers: 0:cpu0:tiles4;1:cpu1:tiles4;2:cpu2:tiles4;3:cpu3:tiles4
    run 6: OK GOPS=23.108180 time=0.092931751 threads=4 validation=0
      schedule: static chunk=0
      workers: 0:cpu0:tiles4;1:cpu1:tiles4;2:cpu2:tiles4;3:cpu3:tiles4
SKIP_EXPERIMENTAL_MF2=ime_kernel_8x4_zvl256b_lmulmf2_unroll1
SKIP_EXPERIMENTAL_MF2=ime_kernel_8x4_zvl256b_lmulmf2_unroll2
SKIP_EXPERIMENTAL_MF2=ime_kernel_8x4_zvl256b_lmulmf2_unroll4
SKIP_EXPERIMENTAL_MF2=ime_kernel_8x4_zvl256b_lmulmf2_unroll8
============================================================
KERNEL: ime_kernel_8x8_zvl256b_lmul1_unroll1
  MODE: K1 IME-cluster OpenMP baseline
  BASELINE: IME_NATIVE_KERNELS
  FAMILY: IME_GEMM_INT8_I8I32_8x8_NATIVE
  PATH: INT8 native IME GEMM (INT8 x INT8 -> INT32)
  TILE: 8x8 ZVL=256b LMUL=1 UNROLL=1
  WORK: M=1024 N=1024 K=1024 tile_N=64 runs=6
  CORES: cores 0-3 execute native IME kernels
  INPUT_CONTRACT: IME_FULL_K_MAJOR
PRIMARY_SOURCE=/home/bananapi/MAT/kernels riscv rvv 1.0/FINAL/riscv-rvv-ime-gemm-microkernels-updated/IME_NATIVE_KERNELS/IME_GEMM_INT8_I8I32_8x8_NATIVE/ime_kernel_8x8_zvl256b_lmul1_unroll1/ime_kernel_8x8_zvl256b_lmul1_unroll1.c
    run 1: OK GOPS=32.924263 time=0.065224957 threads=4 validation=1
      schedule: static chunk=0
      workers: 0:cpu0:tiles4;1:cpu1:tiles4;2:cpu2:tiles4;3:cpu3:tiles4
    run 2: OK GOPS=29.062760 time=0.073891249 threads=4 validation=0
      schedule: static chunk=0
      workers: 0:cpu0:tiles4;1:cpu1:tiles4;2:cpu2:tiles4;3:cpu3:tiles4
    run 3: OK GOPS=33.029952 time=0.065016251 threads=4 validation=0
      schedule: static chunk=0
      workers: 0:cpu0:tiles4;1:cpu1:tiles4;2:cpu2:tiles4;3:cpu3:tiles4
    run 4: OK GOPS=29.069005 time=0.073875375 threads=4 validation=0
      schedule: static chunk=0
      workers: 0:cpu0:tiles4;1:cpu1:tiles4;2:cpu2:tiles4;3:cpu3:tiles4
    run 5: OK GOPS=27.938259 time=0.076865334 threads=4 validation=0
      schedule: static chunk=0
      workers: 0:cpu0:tiles4;1:cpu1:tiles4;2:cpu2:tiles4;3:cpu3:tiles4
    run 6: OK GOPS=27.991428 time=0.076719332 threads=4 validation=0
      schedule: static chunk=0
      workers: 0:cpu0:tiles4;1:cpu1:tiles4;2:cpu2:tiles4;3:cpu3:tiles4
============================================================
KERNEL: ime_kernel_8x8_zvl256b_lmul1_unroll2
  MODE: K1 IME-cluster OpenMP baseline
  BASELINE: IME_NATIVE_KERNELS
  FAMILY: IME_GEMM_INT8_I8I32_8x8_NATIVE
  PATH: INT8 native IME GEMM (INT8 x INT8 -> INT32)
  TILE: 8x8 ZVL=256b LMUL=1 UNROLL=2
  WORK: M=1024 N=1024 K=1024 tile_N=64 runs=6
  CORES: cores 0-3 execute native IME kernels
  INPUT_CONTRACT: IME_FULL_K_MAJOR
PRIMARY_SOURCE=/home/bananapi/MAT/kernels riscv rvv 1.0/FINAL/riscv-rvv-ime-gemm-microkernels-updated/IME_NATIVE_KERNELS/IME_GEMM_INT8_I8I32_8x8_NATIVE/ime_kernel_8x8_zvl256b_lmul1_unroll2/ime_kernel_8x8_zvl256b_lmul1_unroll2.c
    run 1: OK GOPS=32.014168 time=0.067079164 threads=4 validation=1
      schedule: static chunk=0
      workers: 0:cpu0:tiles4;1:cpu1:tiles4;2:cpu2:tiles4;3:cpu3:tiles4
    run 2: OK GOPS=32.199154 time=0.066693790 threads=4 validation=0
      schedule: static chunk=0
      workers: 0:cpu0:tiles4;1:cpu1:tiles4;2:cpu2:tiles4;3:cpu3:tiles4
    run 3: OK GOPS=32.680815 time=0.065710835 threads=4 validation=0
      schedule: static chunk=0
      workers: 0:cpu0:tiles4;1:cpu1:tiles4;2:cpu2:tiles4;3:cpu3:tiles4
    run 4: OK GOPS=31.870937 time=0.067380626 threads=4 validation=0
      schedule: static chunk=0
      workers: 0:cpu0:tiles4;1:cpu1:tiles4;2:cpu2:tiles4;3:cpu3:tiles4
    run 5: OK GOPS=32.218740 time=0.066653248 threads=4 validation=0
      schedule: static chunk=0
      workers: 0:cpu0:tiles4;1:cpu1:tiles4;2:cpu2:tiles4;3:cpu3:tiles4
    run 6: OK GOPS=31.058210 time=0.069143832 threads=4 validation=0
      schedule: static chunk=0
      workers: 0:cpu0:tiles4;1:cpu1:tiles4;2:cpu2:tiles4;3:cpu3:tiles4
============================================================
KERNEL: ime_kernel_8x8_zvl256b_lmul1_unroll4
  MODE: K1 IME-cluster OpenMP baseline
  BASELINE: IME_NATIVE_KERNELS
  FAMILY: IME_GEMM_INT8_I8I32_8x8_NATIVE
  PATH: INT8 native IME GEMM (INT8 x INT8 -> INT32)
  TILE: 8x8 ZVL=256b LMUL=1 UNROLL=4
  WORK: M=1024 N=1024 K=1024 tile_N=64 runs=6
  CORES: cores 0-3 execute native IME kernels
  INPUT_CONTRACT: IME_FULL_K_MAJOR
PRIMARY_SOURCE=/home/bananapi/MAT/kernels riscv rvv 1.0/FINAL/riscv-rvv-ime-gemm-microkernels-updated/IME_NATIVE_KERNELS/IME_GEMM_INT8_I8I32_8x8_NATIVE/ime_kernel_8x8_zvl256b_lmul1_unroll4/ime_kernel_8x8_zvl256b_lmul1_unroll4.c
    run 1: OK GOPS=27.529372 time=0.078006998 threads=4 validation=1
      schedule: static chunk=0
      workers: 0:cpu0:tiles4;1:cpu1:tiles4;2:cpu2:tiles4;3:cpu3:tiles4
    run 2: OK GOPS=31.172855 time=0.068889540 threads=4 validation=0
      schedule: static chunk=0
      workers: 0:cpu0:tiles4;1:cpu1:tiles4;2:cpu2:tiles4;3:cpu3:tiles4
    run 3: OK GOPS=32.588097 time=0.065897793 threads=4 validation=0
      schedule: static chunk=0
      workers: 0:cpu0:tiles4;1:cpu1:tiles4;2:cpu2:tiles4;3:cpu3:tiles4
    run 4: OK GOPS=31.856635 time=0.067410875 threads=4 validation=0
      schedule: static chunk=0
      workers: 0:cpu0:tiles4;1:cpu1:tiles4;2:cpu2:tiles4;3:cpu3:tiles4
    run 5: OK GOPS=32.628141 time=0.065816917 threads=4 validation=0
      schedule: static chunk=0
      workers: 0:cpu0:tiles4;1:cpu1:tiles4;2:cpu2:tiles4;3:cpu3:tiles4
    run 6: OK GOPS=30.553977 time=0.070284914 threads=4 validation=0
      schedule: static chunk=0
      workers: 0:cpu0:tiles4;1:cpu1:tiles4;2:cpu2:tiles4;3:cpu3:tiles4
============================================================
KERNEL: ime_kernel_8x8_zvl256b_lmul1_unroll8
  MODE: K1 IME-cluster OpenMP baseline
  BASELINE: IME_NATIVE_KERNELS
  FAMILY: IME_GEMM_INT8_I8I32_8x8_NATIVE
  PATH: INT8 native IME GEMM (INT8 x INT8 -> INT32)
  TILE: 8x8 ZVL=256b LMUL=1 UNROLL=8
  WORK: M=1024 N=1024 K=1024 tile_N=64 runs=6
  CORES: cores 0-3 execute native IME kernels
  INPUT_CONTRACT: IME_FULL_K_MAJOR
PRIMARY_SOURCE=/home/bananapi/MAT/kernels riscv rvv 1.0/FINAL/riscv-rvv-ime-gemm-microkernels-updated/IME_NATIVE_KERNELS/IME_GEMM_INT8_I8I32_8x8_NATIVE/ime_kernel_8x8_zvl256b_lmul1_unroll8/ime_kernel_8x8_zvl256b_lmul1_unroll8.c
    run 1: OK GOPS=27.441323 time=0.078257293 threads=4 validation=1
      schedule: static chunk=0
      workers: 0:cpu0:tiles4;1:cpu1:tiles4;2:cpu2:tiles4;3:cpu3:tiles4
    run 2: OK GOPS=30.365447 time=0.070721291 threads=4 validation=0
      schedule: static chunk=0
      workers: 0:cpu0:tiles4;1:cpu1:tiles4;2:cpu2:tiles4;3:cpu3:tiles4
    run 3: OK GOPS=30.540651 time=0.070315581 threads=4 validation=0
      schedule: static chunk=0
      workers: 0:cpu0:tiles4;1:cpu1:tiles4;2:cpu2:tiles4;3:cpu3:tiles4
    run 4: OK GOPS=25.825807 time=0.083152626 threads=4 validation=0
      schedule: static chunk=0
      workers: 0:cpu0:tiles4;1:cpu1:tiles4;2:cpu2:tiles4;3:cpu3:tiles4
    run 5: OK GOPS=31.309162 time=0.068589624 threads=4 validation=0
      schedule: static chunk=0
      workers: 0:cpu0:tiles4;1:cpu1:tiles4;2:cpu2:tiles4;3:cpu3:tiles4
    run 6: OK GOPS=26.110599 time=0.082245667 threads=4 validation=0
      schedule: static chunk=0
      workers: 0:cpu0:tiles4;1:cpu1:tiles4;2:cpu2:tiles4;3:cpu3:tiles4
SKIP_EXPERIMENTAL_MF2=ime_kernel_8x8_zvl256b_lmulmf2_unroll1
SKIP_EXPERIMENTAL_MF2=ime_kernel_8x8_zvl256b_lmulmf2_unroll2
SKIP_EXPERIMENTAL_MF2=ime_kernel_8x8_zvl256b_lmulmf2_unroll4
SKIP_EXPERIMENTAL_MF2=ime_kernel_8x8_zvl256b_lmulmf2_unroll8
============================================================
DONE status=OK
kernels_built=8
ok_runs=48
failed_runs=0
build_failed=0
Raw CSV: /home/bananapi/MAT/kernels riscv rvv 1.0/FINAL/riscv-rvv-ime-gemm-microkernels-updated/HETEROGENEOUS_RVV_IME_OPENMP_GEMM/results/openmp_results_k1-ime_1024_20260904_132629/openmp_raw_k1-ime_1024_runs6_20260904_132629.csv
Summary CSV: /home/bananapi/MAT/kernels riscv rvv 1.0/FINAL/riscv-rvv-ime-gemm-microkernels-updated/HETEROGENEOUS_RVV_IME_OPENMP_GEMM/results/openmp_results_k1-ime_1024_20260904_132629/openmp_summary_k1-ime_1024_runs6_20260904_132629.csv
Latest raw CSV: /home/bananapi/MAT/kernels riscv rvv 1.0/FINAL/riscv-rvv-ime-gemm-microkernels-updated/HETEROGENEOUS_RVV_IME_OPENMP_GEMM/results/openmp_raw_latest_k1-ime.csv
Latest summary CSV: /home/bananapi/MAT/kernels riscv rvv 1.0/FINAL/riscv-rvv-ime-gemm-microkernels-updated/HETEROGENEOUS_RVV_IME_OPENMP_GEMM/results/openmp_summary_latest_k1-ime.csv
Latest live log: /home/bananapi/MAT/kernels riscv rvv 1.0/FINAL/riscv-rvv-ime-gemm-microkernels-updated/HETEROGENEOUS_RVV_IME_OPENMP_GEMM/results/openmp_live_latest_k1-ime.log
Raw logs: /home/bananapi/MAT/kernels riscv rvv 1.0/FINAL/riscv-rvv-ime-gemm-microkernels-updated/HETEROGENEOUS_RVV_IME_OPENMP_GEMM/results/openmp_results_k1-ime_1024_20260904_132629/raw_logs
============================================================
CASE_RESULT=OK
============================================================
CASE series=RVV tile_N=128 mode=k1-rvv threads=8 M=1024 N=1024 K=1024 tile_N=128 schedule=static chunk=1 kernel=*
OpenMP all-kernel tiled GEMM campaign
MODE=k1-rvv (K1 all-core RVV OpenMP baseline) M=1024 N=1024 K=1024 tile_N=128 RUNS=6
CORE_PLAN=cores 0-7 execute RVV kernels
PROJECT_ROOT=/home/bananapi/MAT/kernels riscv rvv 1.0/FINAL/riscv-rvv-ime-gemm-microkernels-updated
RESULT_DIR=/home/bananapi/MAT/kernels riscv rvv 1.0/FINAL/riscv-rvv-ime-gemm-microkernels-updated/HETEROGENEOUS_RVV_IME_OPENMP_GEMM/results/openmp_results_k1-rvv_1024_20260904_133315
COMPILER=gcc (Bianbu 14.2.0-4ubuntu2~24.04bb1) 14.2.0
BUILD_FLAGS=-O3 -std=c11 -Wall -Wextra -Wno-unknown-pragmas -fopenmp -march=rv64gcv_zvl256b -mabi=lp64d
OMP_NUM_THREADS=8 OMP_PROC_BIND=close OMP_PLACES=cores OMP_DYNAMIC=false OMP_MAX_ACTIVE_LEVELS=2
TILE_SCHEDULE=static DYNAMIC_CHUNK=1
GEMM_VALIDATE=1 VALIDATE_EACH_RUN=0 GEMM_WARMUP=1 ENABLE_MF2=0 BUILD_ONLY=0 ZVL_FILTER=256b KERNEL_FILTER=* KIND_FILTER=INT8_RVV PERF_STAT=0 STATIC_IME_WEIGHT=4 STATIC_RVV_WEIGHT=1
Cpus_allowed_list:	0-7
MEMORY_NODES_ONLINE=not_exposed
CLUSTER_PLACEMENT=exact_core_affinity; contiguous_output_ownership
============================================================
KERNEL: igemm_kernel_8x4_zvl256b_lmul1_unroll1_i8i32
  MODE: K1 all-core RVV OpenMP baseline
  BASELINE: GEMM_RVV_FP32_INT8_8x4_Baseline
  FAMILY: RVV_IGEMM_INT8_I8I32_8x4
  PATH: INT8 RVV widening GEMM (INT8 x INT8 -> INT32)
  TILE: 8x4 ZVL=256b LMUL=1 UNROLL=1
  WORK: M=1024 N=1024 K=1024 tile_N=128 runs=6
  CORES: cores 0-7 execute RVV kernels
  INPUT_CONTRACT: CANONICAL_FULL_MATRIX
PRIMARY_SOURCE=/home/bananapi/MAT/kernels riscv rvv 1.0/FINAL/riscv-rvv-ime-gemm-microkernels-updated/GEMM_RVV_FP32_INT8_8x4_Baseline/RVV_IGEMM_INT8_I8I32_8x4/igemm_kernel_8x4_zvl256b_lmul1_unroll1/igemm_kernel_8x4_zvl256b_lmul1_unroll1_i8i32.c
    run 1: OK GOPS=7.625352 time=0.281624209 threads=8 validation=1
      schedule: static chunk=0
      workers: 0:cpu0:tiles1;1:cpu1:tiles1;2:cpu2:tiles1;3:cpu3:tiles1;4:cpu4:tiles1;5:cpu5:tiles1;6:cpu6:tiles1;7:cpu7:tiles1
    run 2: OK GOPS=7.568530 time=0.283738539 threads=8 validation=0
      schedule: static chunk=0
      workers: 0:cpu0:tiles1;1:cpu1:tiles1;2:cpu2:tiles1;3:cpu3:tiles1;4:cpu4:tiles1;5:cpu5:tiles1;6:cpu6:tiles1;7:cpu7:tiles1
    run 3: OK GOPS=7.422685 time=0.289313585 threads=8 validation=0
      schedule: static chunk=0
      workers: 0:cpu0:tiles1;1:cpu1:tiles1;2:cpu2:tiles1;3:cpu3:tiles1;4:cpu4:tiles1;5:cpu5:tiles1;6:cpu6:tiles1;7:cpu7:tiles1
    run 4: OK GOPS=7.610497 time=0.282173917 threads=8 validation=0
      schedule: static chunk=0
      workers: 0:cpu0:tiles1;1:cpu1:tiles1;2:cpu2:tiles1;3:cpu3:tiles1;4:cpu4:tiles1;5:cpu5:tiles1;6:cpu6:tiles1;7:cpu7:tiles1
    run 5: OK GOPS=7.666912 time=0.280097581 threads=8 validation=0
      schedule: static chunk=0
      workers: 0:cpu0:tiles1;1:cpu1:tiles1;2:cpu2:tiles1;3:cpu3:tiles1;4:cpu4:tiles1;5:cpu5:tiles1;6:cpu6:tiles1;7:cpu7:tiles1
    run 6: OK GOPS=7.606853 time=0.282309085 threads=8 validation=0
      schedule: static chunk=0
      workers: 0:cpu0:tiles1;1:cpu1:tiles1;2:cpu2:tiles1;3:cpu3:tiles1;4:cpu4:tiles1;5:cpu5:tiles1;6:cpu6:tiles1;7:cpu7:tiles1
============================================================
KERNEL: igemm_kernel_8x4_zvl256b_lmul1_unroll2_i8i32
  MODE: K1 all-core RVV OpenMP baseline
  BASELINE: GEMM_RVV_FP32_INT8_8x4_Baseline
  FAMILY: RVV_IGEMM_INT8_I8I32_8x4
  PATH: INT8 RVV widening GEMM (INT8 x INT8 -> INT32)
  TILE: 8x4 ZVL=256b LMUL=1 UNROLL=2
  WORK: M=1024 N=1024 K=1024 tile_N=128 runs=6
  CORES: cores 0-7 execute RVV kernels
  INPUT_CONTRACT: CANONICAL_FULL_MATRIX
PRIMARY_SOURCE=/home/bananapi/MAT/kernels riscv rvv 1.0/FINAL/riscv-rvv-ime-gemm-microkernels-updated/GEMM_RVV_FP32_INT8_8x4_Baseline/RVV_IGEMM_INT8_I8I32_8x4/igemm_kernel_8x4_zvl256b_lmul1_unroll2/igemm_kernel_8x4_zvl256b_lmul1_unroll2_i8i32.c
    run 1: OK GOPS=4.931899 time=0.435427334 threads=8 validation=1
      schedule: static chunk=0
      workers: 0:cpu0:tiles1;1:cpu1:tiles1;2:cpu2:tiles1;3:cpu3:tiles1;4:cpu4:tiles1;5:cpu5:tiles1;6:cpu6:tiles1;7:cpu7:tiles1
    run 2: OK GOPS=4.871377 time=0.440837126 threads=8 validation=0
      schedule: static chunk=0
      workers: 0:cpu0:tiles1;1:cpu1:tiles1;2:cpu2:tiles1;3:cpu3:tiles1;4:cpu4:tiles1;5:cpu5:tiles1;6:cpu6:tiles1;7:cpu7:tiles1
    run 3: OK GOPS=4.950472 time=0.433793709 threads=8 validation=0
      schedule: static chunk=0
      workers: 0:cpu0:tiles1;1:cpu1:tiles1;2:cpu2:tiles1;3:cpu3:tiles1;4:cpu4:tiles1;5:cpu5:tiles1;6:cpu6:tiles1;7:cpu7:tiles1
    run 4: OK GOPS=4.795941 time=0.447771084 threads=8 validation=0
      schedule: static chunk=0
      workers: 0:cpu0:tiles1;1:cpu1:tiles1;2:cpu2:tiles1;3:cpu3:tiles1;4:cpu4:tiles1;5:cpu5:tiles1;6:cpu6:tiles1;7:cpu7:tiles1
    run 5: OK GOPS=4.871728 time=0.440805331 threads=8 validation=0
      schedule: static chunk=0
      workers: 0:cpu0:tiles1;1:cpu1:tiles1;2:cpu2:tiles1;3:cpu3:tiles1;4:cpu4:tiles1;5:cpu5:tiles1;6:cpu6:tiles1;7:cpu7:tiles1
    run 6: OK GOPS=4.871288 time=0.440845169 threads=8 validation=0
      schedule: static chunk=0
      workers: 0:cpu0:tiles1;1:cpu1:tiles1;2:cpu2:tiles1;3:cpu3:tiles1;4:cpu4:tiles1;5:cpu5:tiles1;6:cpu6:tiles1;7:cpu7:tiles1
============================================================
KERNEL: igemm_kernel_8x4_zvl256b_lmul1_unroll4_i8i32
  MODE: K1 all-core RVV OpenMP baseline
  BASELINE: GEMM_RVV_FP32_INT8_8x4_Baseline
  FAMILY: RVV_IGEMM_INT8_I8I32_8x4
  PATH: INT8 RVV widening GEMM (INT8 x INT8 -> INT32)
  TILE: 8x4 ZVL=256b LMUL=1 UNROLL=4
  WORK: M=1024 N=1024 K=1024 tile_N=128 runs=6
  CORES: cores 0-7 execute RVV kernels
  INPUT_CONTRACT: CANONICAL_FULL_MATRIX
PRIMARY_SOURCE=/home/bananapi/MAT/kernels riscv rvv 1.0/FINAL/riscv-rvv-ime-gemm-microkernels-updated/GEMM_RVV_FP32_INT8_8x4_Baseline/RVV_IGEMM_INT8_I8I32_8x4/igemm_kernel_8x4_zvl256b_lmul1_unroll4/igemm_kernel_8x4_zvl256b_lmul1_unroll4_i8i32.c
    run 1: OK GOPS=4.705318 time=0.456395000 threads=8 validation=1
      schedule: static chunk=0
      workers: 0:cpu0:tiles1;1:cpu1:tiles1;2:cpu2:tiles1;3:cpu3:tiles1;4:cpu4:tiles1;5:cpu5:tiles1;6:cpu6:tiles1;7:cpu7:tiles1
    run 2: OK GOPS=4.799714 time=0.447419040 threads=8 validation=0
      schedule: static chunk=0
      workers: 0:cpu0:tiles1;1:cpu1:tiles1;2:cpu2:tiles1;3:cpu3:tiles1;4:cpu4:tiles1;5:cpu5:tiles1;6:cpu6:tiles1;7:cpu7:tiles1
    run 3: OK GOPS=4.823996 time=0.445166960 threads=8 validation=0
      schedule: static chunk=0
      workers: 0:cpu0:tiles1;1:cpu1:tiles1;2:cpu2:tiles1;3:cpu3:tiles1;4:cpu4:tiles1;5:cpu5:tiles1;6:cpu6:tiles1;7:cpu7:tiles1
    run 4: OK GOPS=4.827497 time=0.444844082 threads=8 validation=0
      schedule: static chunk=0
      workers: 0:cpu0:tiles1;1:cpu1:tiles1;2:cpu2:tiles1;3:cpu3:tiles1;4:cpu4:tiles1;5:cpu5:tiles1;6:cpu6:tiles1;7:cpu7:tiles1
    run 5: OK GOPS=4.746589 time=0.452426709 threads=8 validation=0
      schedule: static chunk=0
      workers: 0:cpu0:tiles1;1:cpu1:tiles1;2:cpu2:tiles1;3:cpu3:tiles1;4:cpu4:tiles1;5:cpu5:tiles1;6:cpu6:tiles1;7:cpu7:tiles1
    run 6: OK GOPS=4.728155 time=0.454190586 threads=8 validation=0
      schedule: static chunk=0
      workers: 0:cpu0:tiles1;1:cpu1:tiles1;2:cpu2:tiles1;3:cpu3:tiles1;4:cpu4:tiles1;5:cpu5:tiles1;6:cpu6:tiles1;7:cpu7:tiles1
============================================================
KERNEL: igemm_kernel_8x4_zvl256b_lmul1_unroll8_i8i32
  MODE: K1 all-core RVV OpenMP baseline
  BASELINE: GEMM_RVV_FP32_INT8_8x4_Baseline
  FAMILY: RVV_IGEMM_INT8_I8I32_8x4
  PATH: INT8 RVV widening GEMM (INT8 x INT8 -> INT32)
  TILE: 8x4 ZVL=256b LMUL=1 UNROLL=8
  WORK: M=1024 N=1024 K=1024 tile_N=128 runs=6
  CORES: cores 0-7 execute RVV kernels
  INPUT_CONTRACT: CANONICAL_FULL_MATRIX
PRIMARY_SOURCE=/home/bananapi/MAT/kernels riscv rvv 1.0/FINAL/riscv-rvv-ime-gemm-microkernels-updated/GEMM_RVV_FP32_INT8_8x4_Baseline/RVV_IGEMM_INT8_I8I32_8x4/igemm_kernel_8x4_zvl256b_lmul1_unroll8/igemm_kernel_8x4_zvl256b_lmul1_unroll8_i8i32.c
    run 1: OK GOPS=5.123953 time=0.419106834 threads=8 validation=1
      schedule: static chunk=0
      workers: 0:cpu0:tiles1;1:cpu1:tiles1;2:cpu2:tiles1;3:cpu3:tiles1;4:cpu4:tiles1;5:cpu5:tiles1;6:cpu6:tiles1;7:cpu7:tiles1
    run 2: OK GOPS=5.140031 time=0.417795833 threads=8 validation=0
      schedule: static chunk=0
      workers: 0:cpu0:tiles1;1:cpu1:tiles1;2:cpu2:tiles1;3:cpu3:tiles1;4:cpu4:tiles1;5:cpu5:tiles1;6:cpu6:tiles1;7:cpu7:tiles1
    run 3: OK GOPS=5.223853 time=0.411091916 threads=8 validation=0
      schedule: static chunk=0
      workers: 0:cpu0:tiles1;1:cpu1:tiles1;2:cpu2:tiles1;3:cpu3:tiles1;4:cpu4:tiles1;5:cpu5:tiles1;6:cpu6:tiles1;7:cpu7:tiles1
    run 4: OK GOPS=5.228421 time=0.410732750 threads=8 validation=0
      schedule: static chunk=0
      workers: 0:cpu0:tiles1;1:cpu1:tiles1;2:cpu2:tiles1;3:cpu3:tiles1;4:cpu4:tiles1;5:cpu5:tiles1;6:cpu6:tiles1;7:cpu7:tiles1
    run 5: OK GOPS=5.242881 time=0.409599960 threads=8 validation=0
      schedule: static chunk=0
      workers: 0:cpu0:tiles1;1:cpu1:tiles1;2:cpu2:tiles1;3:cpu3:tiles1;4:cpu4:tiles1;5:cpu5:tiles1;6:cpu6:tiles1;7:cpu7:tiles1
    run 6: OK GOPS=5.166209 time=0.415678788 threads=8 validation=0
      schedule: static chunk=0
      workers: 0:cpu0:tiles1;1:cpu1:tiles1;2:cpu2:tiles1;3:cpu3:tiles1;4:cpu4:tiles1;5:cpu5:tiles1;6:cpu6:tiles1;7:cpu7:tiles1
============================================================
KERNEL: igemm_kernel_8x4_zvl256b_lmul2_unroll1_i8i32
  MODE: K1 all-core RVV OpenMP baseline
  BASELINE: GEMM_RVV_FP32_INT8_8x4_Baseline
  FAMILY: RVV_IGEMM_INT8_I8I32_8x4
  PATH: INT8 RVV widening GEMM (INT8 x INT8 -> INT32)
  TILE: 8x4 ZVL=256b LMUL=2 UNROLL=1
  WORK: M=1024 N=1024 K=1024 tile_N=128 runs=6
  CORES: cores 0-7 execute RVV kernels
  INPUT_CONTRACT: CANONICAL_FULL_MATRIX
PRIMARY_SOURCE=/home/bananapi/MAT/kernels riscv rvv 1.0/FINAL/riscv-rvv-ime-gemm-microkernels-updated/GEMM_RVV_FP32_INT8_8x4_Baseline/RVV_IGEMM_INT8_I8I32_8x4/igemm_kernel_8x4_zvl256b_lmul2_unroll1/igemm_kernel_8x4_zvl256b_lmul2_unroll1_i8i32.c
    run 1: OK GOPS=2.112212 time=1.016698919 threads=8 validation=1
      schedule: static chunk=0
      workers: 0:cpu0:tiles1;1:cpu1:tiles1;2:cpu2:tiles1;3:cpu3:tiles1;4:cpu4:tiles1;5:cpu5:tiles1;6:cpu6:tiles1;7:cpu7:tiles1
    run 2: OK GOPS=2.120687 time=1.012635626 threads=8 validation=0
      schedule: static chunk=0
      workers: 0:cpu0:tiles1;1:cpu1:tiles1;2:cpu2:tiles1;3:cpu3:tiles1;4:cpu4:tiles1;5:cpu5:tiles1;6:cpu6:tiles1;7:cpu7:tiles1
    run 3: OK GOPS=2.104815 time=1.020271957 threads=8 validation=0
      schedule: static chunk=0
      workers: 0:cpu0:tiles1;1:cpu1:tiles1;2:cpu2:tiles1;3:cpu3:tiles1;4:cpu4:tiles1;5:cpu5:tiles1;6:cpu6:tiles1;7:cpu7:tiles1
    run 4: OK GOPS=2.099594 time=1.022809125 threads=8 validation=0
      schedule: static chunk=0
      workers: 0:cpu0:tiles1;1:cpu1:tiles1;2:cpu2:tiles1;3:cpu3:tiles1;4:cpu4:tiles1;5:cpu5:tiles1;6:cpu6:tiles1;7:cpu7:tiles1
    run 5: OK GOPS=2.113332 time=1.016160291 threads=8 validation=0
      schedule: static chunk=0
      workers: 0:cpu0:tiles1;1:cpu1:tiles1;2:cpu2:tiles1;3:cpu3:tiles1;4:cpu4:tiles1;5:cpu5:tiles1;6:cpu6:tiles1;7:cpu7:tiles1
    run 6: OK GOPS=2.097493 time=1.023833752 threads=8 validation=0
      schedule: static chunk=0
      workers: 0:cpu0:tiles1;1:cpu1:tiles1;2:cpu2:tiles1;3:cpu3:tiles1;4:cpu4:tiles1;5:cpu5:tiles1;6:cpu6:tiles1;7:cpu7:tiles1
============================================================
KERNEL: igemm_kernel_8x4_zvl256b_lmul2_unroll2_i8i32
  MODE: K1 all-core RVV OpenMP baseline
  BASELINE: GEMM_RVV_FP32_INT8_8x4_Baseline
  FAMILY: RVV_IGEMM_INT8_I8I32_8x4
  PATH: INT8 RVV widening GEMM (INT8 x INT8 -> INT32)
  TILE: 8x4 ZVL=256b LMUL=2 UNROLL=2
  WORK: M=1024 N=1024 K=1024 tile_N=128 runs=6
  CORES: cores 0-7 execute RVV kernels
  INPUT_CONTRACT: CANONICAL_FULL_MATRIX
PRIMARY_SOURCE=/home/bananapi/MAT/kernels riscv rvv 1.0/FINAL/riscv-rvv-ime-gemm-microkernels-updated/GEMM_RVV_FP32_INT8_8x4_Baseline/RVV_IGEMM_INT8_I8I32_8x4/igemm_kernel_8x4_zvl256b_lmul2_unroll2/igemm_kernel_8x4_zvl256b_lmul2_unroll2_i8i32.c
    run 1: OK GOPS=2.030960 time=1.057373669 threads=8 validation=1
      schedule: static chunk=0
      workers: 0:cpu0:tiles1;1:cpu1:tiles1;2:cpu2:tiles1;3:cpu3:tiles1;4:cpu4:tiles1;5:cpu5:tiles1;6:cpu6:tiles1;7:cpu7:tiles1
    run 2: OK GOPS=2.029943 time=1.057903498 threads=8 validation=0
      schedule: static chunk=0
      workers: 0:cpu0:tiles1;1:cpu1:tiles1;2:cpu2:tiles1;3:cpu3:tiles1;4:cpu4:tiles1;5:cpu5:tiles1;6:cpu6:tiles1;7:cpu7:tiles1
    run 3: OK GOPS=2.048305 time=1.048419625 threads=8 validation=0
      schedule: static chunk=0
      workers: 0:cpu0:tiles1;1:cpu1:tiles1;2:cpu2:tiles1;3:cpu3:tiles1;4:cpu4:tiles1;5:cpu5:tiles1;6:cpu6:tiles1;7:cpu7:tiles1
    run 4: OK GOPS=2.045767 time=1.049720377 threads=8 validation=0
      schedule: static chunk=0
      workers: 0:cpu0:tiles1;1:cpu1:tiles1;2:cpu2:tiles1;3:cpu3:tiles1;4:cpu4:tiles1;5:cpu5:tiles1;6:cpu6:tiles1;7:cpu7:tiles1
    run 5: OK GOPS=2.033315 time=1.056148794 threads=8 validation=0
      schedule: static chunk=0
      workers: 0:cpu0:tiles1;1:cpu1:tiles1;2:cpu2:tiles1;3:cpu3:tiles1;4:cpu4:tiles1;5:cpu5:tiles1;6:cpu6:tiles1;7:cpu7:tiles1
    run 6: OK GOPS=2.014782 time=1.065864250 threads=8 validation=0
      schedule: static chunk=0
      workers: 0:cpu0:tiles1;1:cpu1:tiles1;2:cpu2:tiles1;3:cpu3:tiles1;4:cpu4:tiles1;5:cpu5:tiles1;6:cpu6:tiles1;7:cpu7:tiles1
============================================================
KERNEL: igemm_kernel_8x4_zvl256b_lmul2_unroll4_i8i32
  MODE: K1 all-core RVV OpenMP baseline
  BASELINE: GEMM_RVV_FP32_INT8_8x4_Baseline
  FAMILY: RVV_IGEMM_INT8_I8I32_8x4
  PATH: INT8 RVV widening GEMM (INT8 x INT8 -> INT32)
  TILE: 8x4 ZVL=256b LMUL=2 UNROLL=4
  WORK: M=1024 N=1024 K=1024 tile_N=128 runs=6
  CORES: cores 0-7 execute RVV kernels
  INPUT_CONTRACT: CANONICAL_FULL_MATRIX
PRIMARY_SOURCE=/home/bananapi/MAT/kernels riscv rvv 1.0/FINAL/riscv-rvv-ime-gemm-microkernels-updated/GEMM_RVV_FP32_INT8_8x4_Baseline/RVV_IGEMM_INT8_I8I32_8x4/igemm_kernel_8x4_zvl256b_lmul2_unroll4/igemm_kernel_8x4_zvl256b_lmul2_unroll4_i8i32.c
    run 1: OK GOPS=1.755012 time=1.223628961 threads=8 validation=1
      schedule: static chunk=0
      workers: 0:cpu0:tiles1;1:cpu1:tiles1;2:cpu2:tiles1;3:cpu3:tiles1;4:cpu4:tiles1;5:cpu5:tiles1;6:cpu6:tiles1;7:cpu7:tiles1
    run 2: OK GOPS=1.761650 time=1.219018377 threads=8 validation=0
      schedule: static chunk=0
      workers: 0:cpu0:tiles1;1:cpu1:tiles1;2:cpu2:tiles1;3:cpu3:tiles1;4:cpu4:tiles1;5:cpu5:tiles1;6:cpu6:tiles1;7:cpu7:tiles1
    run 3: OK GOPS=1.761313 time=1.219251461 threads=8 validation=0
      schedule: static chunk=0
      workers: 0:cpu0:tiles1;1:cpu1:tiles1;2:cpu2:tiles1;3:cpu3:tiles1;4:cpu4:tiles1;5:cpu5:tiles1;6:cpu6:tiles1;7:cpu7:tiles1
    run 4: OK GOPS=1.738342 time=1.235363375 threads=8 validation=0
      schedule: static chunk=0
      workers: 0:cpu0:tiles1;1:cpu1:tiles1;2:cpu2:tiles1;3:cpu3:tiles1;4:cpu4:tiles1;5:cpu5:tiles1;6:cpu6:tiles1;7:cpu7:tiles1
    run 5: OK GOPS=1.760244 time=1.219992127 threads=8 validation=0
      schedule: static chunk=0
      workers: 0:cpu0:tiles1;1:cpu1:tiles1;2:cpu2:tiles1;3:cpu3:tiles1;4:cpu4:tiles1;5:cpu5:tiles1;6:cpu6:tiles1;7:cpu7:tiles1
    run 6: OK GOPS=1.761094 time=1.219403125 threads=8 validation=0
      schedule: static chunk=0
      workers: 0:cpu0:tiles1;1:cpu1:tiles1;2:cpu2:tiles1;3:cpu3:tiles1;4:cpu4:tiles1;5:cpu5:tiles1;6:cpu6:tiles1;7:cpu7:tiles1
============================================================
KERNEL: igemm_kernel_8x4_zvl256b_lmul2_unroll8_i8i32
  MODE: K1 all-core RVV OpenMP baseline
  BASELINE: GEMM_RVV_FP32_INT8_8x4_Baseline
  FAMILY: RVV_IGEMM_INT8_I8I32_8x4
  PATH: INT8 RVV widening GEMM (INT8 x INT8 -> INT32)
  TILE: 8x4 ZVL=256b LMUL=2 UNROLL=8
  WORK: M=1024 N=1024 K=1024 tile_N=128 runs=6
  CORES: cores 0-7 execute RVV kernels
  INPUT_CONTRACT: CANONICAL_FULL_MATRIX
PRIMARY_SOURCE=/home/bananapi/MAT/kernels riscv rvv 1.0/FINAL/riscv-rvv-ime-gemm-microkernels-updated/GEMM_RVV_FP32_INT8_8x4_Baseline/RVV_IGEMM_INT8_I8I32_8x4/igemm_kernel_8x4_zvl256b_lmul2_unroll8/igemm_kernel_8x4_zvl256b_lmul2_unroll8_i8i32.c
    run 1: OK GOPS=1.706070 time=1.258731417 threads=8 validation=1
      schedule: static chunk=0
      workers: 0:cpu0:tiles1;1:cpu1:tiles1;2:cpu2:tiles1;3:cpu3:tiles1;4:cpu4:tiles1;5:cpu5:tiles1;6:cpu6:tiles1;7:cpu7:tiles1
    run 2: OK GOPS=1.699660 time=1.263478164 threads=8 validation=0
      schedule: static chunk=0
      workers: 0:cpu0:tiles1;1:cpu1:tiles1;2:cpu2:tiles1;3:cpu3:tiles1;4:cpu4:tiles1;5:cpu5:tiles1;6:cpu6:tiles1;7:cpu7:tiles1
    run 3: OK GOPS=1.693640 time=1.267969251 threads=8 validation=0
      schedule: static chunk=0
      workers: 0:cpu0:tiles1;1:cpu1:tiles1;2:cpu2:tiles1;3:cpu3:tiles1;4:cpu4:tiles1;5:cpu5:tiles1;6:cpu6:tiles1;7:cpu7:tiles1
    run 4: OK GOPS=1.699128 time=1.263874166 threads=8 validation=0
      schedule: static chunk=0
      workers: 0:cpu0:tiles1;1:cpu1:tiles1;2:cpu2:tiles1;3:cpu3:tiles1;4:cpu4:tiles1;5:cpu5:tiles1;6:cpu6:tiles1;7:cpu7:tiles1
    run 5: OK GOPS=1.706216 time=1.258623209 threads=8 validation=0
      schedule: static chunk=0
      workers: 0:cpu0:tiles1;1:cpu1:tiles1;2:cpu2:tiles1;3:cpu3:tiles1;4:cpu4:tiles1;5:cpu5:tiles1;6:cpu6:tiles1;7:cpu7:tiles1
    run 6: OK GOPS=1.700981 time=1.262497418 threads=8 validation=0
      schedule: static chunk=0
      workers: 0:cpu0:tiles1;1:cpu1:tiles1;2:cpu2:tiles1;3:cpu3:tiles1;4:cpu4:tiles1;5:cpu5:tiles1;6:cpu6:tiles1;7:cpu7:tiles1
============================================================
KERNEL: igemm_kernel_8x4_zvl256b_lmulmf2_unroll1_i8i32
  MODE: K1 all-core RVV OpenMP baseline
  BASELINE: GEMM_RVV_FP32_INT8_8x4_Baseline
  FAMILY: RVV_IGEMM_INT8_I8I32_8x4
  PATH: INT8 RVV widening GEMM (INT8 x INT8 -> INT32)
  TILE: 8x4 ZVL=256b LMUL=mf2 UNROLL=1
  WORK: M=1024 N=1024 K=1024 tile_N=128 runs=6
  CORES: cores 0-7 execute RVV kernels
  INPUT_CONTRACT: CANONICAL_FULL_MATRIX
PRIMARY_SOURCE=/home/bananapi/MAT/kernels riscv rvv 1.0/FINAL/riscv-rvv-ime-gemm-microkernels-updated/GEMM_RVV_FP32_INT8_8x4_Baseline/RVV_IGEMM_INT8_I8I32_8x4/igemm_kernel_8x4_zvl256b_lmulmf2_unroll1/igemm_kernel_8x4_zvl256b_lmulmf2_unroll1_i8i32.c
    run 1: OK GOPS=19.276886 time=0.111402001 threads=8 validation=1
      schedule: static chunk=0
      workers: 0:cpu0:tiles1;1:cpu1:tiles1;2:cpu2:tiles1;3:cpu3:tiles1;4:cpu4:tiles1;5:cpu5:tiles1;6:cpu6:tiles1;7:cpu7:tiles1
    run 2: OK GOPS=22.859026 time=0.093944669 threads=8 validation=0
      schedule: static chunk=0
      workers: 0:cpu0:tiles1;1:cpu1:tiles1;2:cpu2:tiles1;3:cpu3:tiles1;4:cpu4:tiles1;5:cpu5:tiles1;6:cpu6:tiles1;7:cpu7:tiles1
    run 3: OK GOPS=23.046605 time=0.093180042 threads=8 validation=0
      schedule: static chunk=0
      workers: 0:cpu0:tiles1;1:cpu1:tiles1;2:cpu2:tiles1;3:cpu3:tiles1;4:cpu4:tiles1;5:cpu5:tiles1;6:cpu6:tiles1;7:cpu7:tiles1
    run 4: OK GOPS=22.778729 time=0.094275832 threads=8 validation=0
      schedule: static chunk=0
      workers: 0:cpu0:tiles1;1:cpu1:tiles1;2:cpu2:tiles1;3:cpu3:tiles1;4:cpu4:tiles1;5:cpu5:tiles1;6:cpu6:tiles1;7:cpu7:tiles1
    run 5: OK GOPS=22.519330 time=0.095361792 threads=8 validation=0
      schedule: static chunk=0
      workers: 0:cpu0:tiles1;1:cpu1:tiles1;2:cpu2:tiles1;3:cpu3:tiles1;4:cpu4:tiles1;5:cpu5:tiles1;6:cpu6:tiles1;7:cpu7:tiles1
    run 6: OK GOPS=22.306062 time=0.096273545 threads=8 validation=0
      schedule: static chunk=0
      workers: 0:cpu0:tiles1;1:cpu1:tiles1;2:cpu2:tiles1;3:cpu3:tiles1;4:cpu4:tiles1;5:cpu5:tiles1;6:cpu6:tiles1;7:cpu7:tiles1
============================================================
KERNEL: igemm_kernel_8x4_zvl256b_lmulmf2_unroll2_i8i32
  MODE: K1 all-core RVV OpenMP baseline
  BASELINE: GEMM_RVV_FP32_INT8_8x4_Baseline
  FAMILY: RVV_IGEMM_INT8_I8I32_8x4
  PATH: INT8 RVV widening GEMM (INT8 x INT8 -> INT32)
  TILE: 8x4 ZVL=256b LMUL=mf2 UNROLL=2
  WORK: M=1024 N=1024 K=1024 tile_N=128 runs=6
  CORES: cores 0-7 execute RVV kernels
  INPUT_CONTRACT: CANONICAL_FULL_MATRIX
PRIMARY_SOURCE=/home/bananapi/MAT/kernels riscv rvv 1.0/FINAL/riscv-rvv-ime-gemm-microkernels-updated/GEMM_RVV_FP32_INT8_8x4_Baseline/RVV_IGEMM_INT8_I8I32_8x4/igemm_kernel_8x4_zvl256b_lmulmf2_unroll2/igemm_kernel_8x4_zvl256b_lmulmf2_unroll2_i8i32.c
    run 1: OK GOPS=23.608148 time=0.090963665 threads=8 validation=1
      schedule: static chunk=0
      workers: 0:cpu0:tiles1;1:cpu1:tiles1;2:cpu2:tiles1;3:cpu3:tiles1;4:cpu4:tiles1;5:cpu5:tiles1;6:cpu6:tiles1;7:cpu7:tiles1
    run 2: OK GOPS=23.933205 time=0.089728210 threads=8 validation=0
      schedule: static chunk=0
      workers: 0:cpu0:tiles1;1:cpu1:tiles1;2:cpu2:tiles1;3:cpu3:tiles1;4:cpu4:tiles1;5:cpu5:tiles1;6:cpu6:tiles1;7:cpu7:tiles1
    run 3: OK GOPS=23.607931 time=0.090964500 threads=8 validation=0
      schedule: static chunk=0
      workers: 0:cpu0:tiles1;1:cpu1:tiles1;2:cpu2:tiles1;3:cpu3:tiles1;4:cpu4:tiles1;5:cpu5:tiles1;6:cpu6:tiles1;7:cpu7:tiles1
    run 4: OK GOPS=23.252584 time=0.092354625 threads=8 validation=0
      schedule: static chunk=0
      workers: 0:cpu0:tiles1;1:cpu1:tiles1;2:cpu2:tiles1;3:cpu3:tiles1;4:cpu4:tiles1;5:cpu5:tiles1;6:cpu6:tiles1;7:cpu7:tiles1
    run 5: OK GOPS=24.364484 time=0.088139918 threads=8 validation=0
      schedule: static chunk=0
      workers: 0:cpu0:tiles1;1:cpu1:tiles1;2:cpu2:tiles1;3:cpu3:tiles1;4:cpu4:tiles1;5:cpu5:tiles1;6:cpu6:tiles1;7:cpu7:tiles1
    run 6: OK GOPS=24.047980 time=0.089299958 threads=8 validation=0
      schedule: static chunk=0
      workers: 0:cpu0:tiles1;1:cpu1:tiles1;2:cpu2:tiles1;3:cpu3:tiles1;4:cpu4:tiles1;5:cpu5:tiles1;6:cpu6:tiles1;7:cpu7:tiles1
============================================================
KERNEL: igemm_kernel_8x4_zvl256b_lmulmf2_unroll4_i8i32
  MODE: K1 all-core RVV OpenMP baseline
  BASELINE: GEMM_RVV_FP32_INT8_8x4_Baseline
  FAMILY: RVV_IGEMM_INT8_I8I32_8x4
  PATH: INT8 RVV widening GEMM (INT8 x INT8 -> INT32)
  TILE: 8x4 ZVL=256b LMUL=mf2 UNROLL=4
  WORK: M=1024 N=1024 K=1024 tile_N=128 runs=6
  CORES: cores 0-7 execute RVV kernels
  INPUT_CONTRACT: CANONICAL_FULL_MATRIX
PRIMARY_SOURCE=/home/bananapi/MAT/kernels riscv rvv 1.0/FINAL/riscv-rvv-ime-gemm-microkernels-updated/GEMM_RVV_FP32_INT8_8x4_Baseline/RVV_IGEMM_INT8_I8I32_8x4/igemm_kernel_8x4_zvl256b_lmulmf2_unroll4/igemm_kernel_8x4_zvl256b_lmulmf2_unroll4_i8i32.c
    run 1: OK GOPS=24.514571 time=0.087600295 threads=8 validation=1
      schedule: static chunk=0
      workers: 0:cpu0:tiles1;1:cpu1:tiles1;2:cpu2:tiles1;3:cpu3:tiles1;4:cpu4:tiles1;5:cpu5:tiles1;6:cpu6:tiles1;7:cpu7:tiles1
    run 2: OK GOPS=23.707740 time=0.090581544 threads=8 validation=0
      schedule: static chunk=0
      workers: 0:cpu0:tiles1;1:cpu1:tiles1;2:cpu2:tiles1;3:cpu3:tiles1;4:cpu4:tiles1;5:cpu5:tiles1;6:cpu6:tiles1;7:cpu7:tiles1
    run 3: OK GOPS=23.737047 time=0.090469707 threads=8 validation=0
      schedule: static chunk=0
      workers: 0:cpu0:tiles1;1:cpu1:tiles1;2:cpu2:tiles1;3:cpu3:tiles1;4:cpu4:tiles1;5:cpu5:tiles1;6:cpu6:tiles1;7:cpu7:tiles1
    run 4: OK GOPS=22.873270 time=0.093886167 threads=8 validation=0
      schedule: static chunk=0
      workers: 0:cpu0:tiles1;1:cpu1:tiles1;2:cpu2:tiles1;3:cpu3:tiles1;4:cpu4:tiles1;5:cpu5:tiles1;6:cpu6:tiles1;7:cpu7:tiles1
    run 5: OK GOPS=23.908292 time=0.089821707 threads=8 validation=0
      schedule: static chunk=0
      workers: 0:cpu0:tiles1;1:cpu1:tiles1;2:cpu2:tiles1;3:cpu3:tiles1;4:cpu4:tiles1;5:cpu5:tiles1;6:cpu6:tiles1;7:cpu7:tiles1
    run 6: OK GOPS=24.322206 time=0.088293128 threads=8 validation=0
      schedule: static chunk=0
      workers: 0:cpu0:tiles1;1:cpu1:tiles1;2:cpu2:tiles1;3:cpu3:tiles1;4:cpu4:tiles1;5:cpu5:tiles1;6:cpu6:tiles1;7:cpu7:tiles1
============================================================
KERNEL: igemm_kernel_8x4_zvl256b_lmulmf2_unroll8_i8i32
  MODE: K1 all-core RVV OpenMP baseline
  BASELINE: GEMM_RVV_FP32_INT8_8x4_Baseline
  FAMILY: RVV_IGEMM_INT8_I8I32_8x4
  PATH: INT8 RVV widening GEMM (INT8 x INT8 -> INT32)
  TILE: 8x4 ZVL=256b LMUL=mf2 UNROLL=8
  WORK: M=1024 N=1024 K=1024 tile_N=128 runs=6
  CORES: cores 0-7 execute RVV kernels
  INPUT_CONTRACT: CANONICAL_FULL_MATRIX
PRIMARY_SOURCE=/home/bananapi/MAT/kernels riscv rvv 1.0/FINAL/riscv-rvv-ime-gemm-microkernels-updated/GEMM_RVV_FP32_INT8_8x4_Baseline/RVV_IGEMM_INT8_I8I32_8x4/igemm_kernel_8x4_zvl256b_lmulmf2_unroll8/igemm_kernel_8x4_zvl256b_lmulmf2_unroll8_i8i32.c
    run 1: OK GOPS=23.856744 time=0.090015791 threads=8 validation=1
      schedule: static chunk=0
      workers: 0:cpu0:tiles1;1:cpu1:tiles1;2:cpu2:tiles1;3:cpu3:tiles1;4:cpu4:tiles1;5:cpu5:tiles1;6:cpu6:tiles1;7:cpu7:tiles1
    run 2: OK GOPS=23.513904 time=0.091328248 threads=8 validation=0
      schedule: static chunk=0
      workers: 0:cpu0:tiles1;1:cpu1:tiles1;2:cpu2:tiles1;3:cpu3:tiles1;4:cpu4:tiles1;5:cpu5:tiles1;6:cpu6:tiles1;7:cpu7:tiles1
    run 3: OK GOPS=23.876117 time=0.089942750 threads=8 validation=0
      schedule: static chunk=0
      workers: 0:cpu0:tiles1;1:cpu1:tiles1;2:cpu2:tiles1;3:cpu3:tiles1;4:cpu4:tiles1;5:cpu5:tiles1;6:cpu6:tiles1;7:cpu7:tiles1
    run 4: OK GOPS=24.039086 time=0.089332998 threads=8 validation=0
      schedule: static chunk=0
      workers: 0:cpu0:tiles1;1:cpu1:tiles1;2:cpu2:tiles1;3:cpu3:tiles1;4:cpu4:tiles1;5:cpu5:tiles1;6:cpu6:tiles1;7:cpu7:tiles1
    run 5: OK GOPS=23.561297 time=0.091144543 threads=8 validation=0
      schedule: static chunk=0
      workers: 0:cpu0:tiles1;1:cpu1:tiles1;2:cpu2:tiles1;3:cpu3:tiles1;4:cpu4:tiles1;5:cpu5:tiles1;6:cpu6:tiles1;7:cpu7:tiles1
    run 6: OK GOPS=24.370406 time=0.088118501 threads=8 validation=0
      schedule: static chunk=0
      workers: 0:cpu0:tiles1;1:cpu1:tiles1;2:cpu2:tiles1;3:cpu3:tiles1;4:cpu4:tiles1;5:cpu5:tiles1;6:cpu6:tiles1;7:cpu7:tiles1
============================================================
KERNEL: igemm_kernel_8x4_zvl256b_lmulmf4_unroll1_i8i32
  MODE: K1 all-core RVV OpenMP baseline
  BASELINE: GEMM_RVV_FP32_INT8_8x4_Baseline
  FAMILY: RVV_IGEMM_INT8_I8I32_8x4
  PATH: INT8 RVV widening GEMM (INT8 x INT8 -> INT32)
  TILE: 8x4 ZVL=256b LMUL=mf4 UNROLL=1
  WORK: M=1024 N=1024 K=1024 tile_N=128 runs=6
  CORES: cores 0-7 execute RVV kernels
  INPUT_CONTRACT: CANONICAL_FULL_MATRIX
PRIMARY_SOURCE=/home/bananapi/MAT/kernels riscv rvv 1.0/FINAL/riscv-rvv-ime-gemm-microkernels-updated/GEMM_RVV_FP32_INT8_8x4_Baseline/RVV_IGEMM_INT8_I8I32_8x4/igemm_kernel_8x4_zvl256b_lmulmf4_unroll1/igemm_kernel_8x4_zvl256b_lmulmf4_unroll1_i8i32.c
    run 1: OK GOPS=29.495329 time=0.072807584 threads=8 validation=1
      schedule: static chunk=0
      workers: 0:cpu0:tiles1;1:cpu1:tiles1;2:cpu2:tiles1;3:cpu3:tiles1;4:cpu4:tiles1;5:cpu5:tiles1;6:cpu6:tiles1;7:cpu7:tiles1
    run 2: OK GOPS=31.211440 time=0.068804376 threads=8 validation=0
      schedule: static chunk=0
      workers: 0:cpu0:tiles1;1:cpu1:tiles1;2:cpu2:tiles1;3:cpu3:tiles1;4:cpu4:tiles1;5:cpu5:tiles1;6:cpu6:tiles1;7:cpu7:tiles1
    run 3: OK GOPS=31.370199 time=0.068456169 threads=8 validation=0
      schedule: static chunk=0
      workers: 0:cpu0:tiles1;1:cpu1:tiles1;2:cpu2:tiles1;3:cpu3:tiles1;4:cpu4:tiles1;5:cpu5:tiles1;6:cpu6:tiles1;7:cpu7:tiles1
    run 4: OK GOPS=31.258519 time=0.068700749 threads=8 validation=0
      schedule: static chunk=0
      workers: 0:cpu0:tiles1;1:cpu1:tiles1;2:cpu2:tiles1;3:cpu3:tiles1;4:cpu4:tiles1;5:cpu5:tiles1;6:cpu6:tiles1;7:cpu7:tiles1
    run 5: OK GOPS=30.604178 time=0.070169624 threads=8 validation=0
      schedule: static chunk=0
      workers: 0:cpu0:tiles1;1:cpu1:tiles1;2:cpu2:tiles1;3:cpu3:tiles1;4:cpu4:tiles1;5:cpu5:tiles1;6:cpu6:tiles1;7:cpu7:tiles1
    run 6: OK GOPS=30.443470 time=0.070540041 threads=8 validation=0
      schedule: static chunk=0
      workers: 0:cpu0:tiles1;1:cpu1:tiles1;2:cpu2:tiles1;3:cpu3:tiles1;4:cpu4:tiles1;5:cpu5:tiles1;6:cpu6:tiles1;7:cpu7:tiles1
============================================================
KERNEL: igemm_kernel_8x4_zvl256b_lmulmf4_unroll2_i8i32
  MODE: K1 all-core RVV OpenMP baseline
  BASELINE: GEMM_RVV_FP32_INT8_8x4_Baseline
  FAMILY: RVV_IGEMM_INT8_I8I32_8x4
  PATH: INT8 RVV widening GEMM (INT8 x INT8 -> INT32)
  TILE: 8x4 ZVL=256b LMUL=mf4 UNROLL=2
  WORK: M=1024 N=1024 K=1024 tile_N=128 runs=6
  CORES: cores 0-7 execute RVV kernels
  INPUT_CONTRACT: CANONICAL_FULL_MATRIX
PRIMARY_SOURCE=/home/bananapi/MAT/kernels riscv rvv 1.0/FINAL/riscv-rvv-ime-gemm-microkernels-updated/GEMM_RVV_FP32_INT8_8x4_Baseline/RVV_IGEMM_INT8_I8I32_8x4/igemm_kernel_8x4_zvl256b_lmulmf4_unroll2/igemm_kernel_8x4_zvl256b_lmulmf4_unroll2_i8i32.c
    run 1: OK GOPS=32.564644 time=0.065945253 threads=8 validation=1
      schedule: static chunk=0
      workers: 0:cpu0:tiles1;1:cpu1:tiles1;2:cpu2:tiles1;3:cpu3:tiles1;4:cpu4:tiles1;5:cpu5:tiles1;6:cpu6:tiles1;7:cpu7:tiles1
    run 2: OK GOPS=33.649838 time=0.063818544 threads=8 validation=0
      schedule: static chunk=0
      workers: 0:cpu0:tiles1;1:cpu1:tiles1;2:cpu2:tiles1;3:cpu3:tiles1;4:cpu4:tiles1;5:cpu5:tiles1;6:cpu6:tiles1;7:cpu7:tiles1
    run 3: OK GOPS=34.137660 time=0.062906586 threads=8 validation=0
      schedule: static chunk=0
      workers: 0:cpu0:tiles1;1:cpu1:tiles1;2:cpu2:tiles1;3:cpu3:tiles1;4:cpu4:tiles1;5:cpu5:tiles1;6:cpu6:tiles1;7:cpu7:tiles1
    run 4: OK GOPS=33.496336 time=0.064111002 threads=8 validation=0
      schedule: static chunk=0
      workers: 0:cpu0:tiles1;1:cpu1:tiles1;2:cpu2:tiles1;3:cpu3:tiles1;4:cpu4:tiles1;5:cpu5:tiles1;6:cpu6:tiles1;7:cpu7:tiles1
    run 5: OK GOPS=33.371173 time=0.064351458 threads=8 validation=0
      schedule: static chunk=0
      workers: 0:cpu0:tiles1;1:cpu1:tiles1;2:cpu2:tiles1;3:cpu3:tiles1;4:cpu4:tiles1;5:cpu5:tiles1;6:cpu6:tiles1;7:cpu7:tiles1
    run 6: OK GOPS=34.711364 time=0.061866876 threads=8 validation=0
      schedule: static chunk=0
      workers: 0:cpu0:tiles1;1:cpu1:tiles1;2:cpu2:tiles1;3:cpu3:tiles1;4:cpu4:tiles1;5:cpu5:tiles1;6:cpu6:tiles1;7:cpu7:tiles1
============================================================
KERNEL: igemm_kernel_8x4_zvl256b_lmulmf4_unroll4_i8i32
  MODE: K1 all-core RVV OpenMP baseline
  BASELINE: GEMM_RVV_FP32_INT8_8x4_Baseline
  FAMILY: RVV_IGEMM_INT8_I8I32_8x4
  PATH: INT8 RVV widening GEMM (INT8 x INT8 -> INT32)
  TILE: 8x4 ZVL=256b LMUL=mf4 UNROLL=4
  WORK: M=1024 N=1024 K=1024 tile_N=128 runs=6
  CORES: cores 0-7 execute RVV kernels
  INPUT_CONTRACT: CANONICAL_FULL_MATRIX
PRIMARY_SOURCE=/home/bananapi/MAT/kernels riscv rvv 1.0/FINAL/riscv-rvv-ime-gemm-microkernels-updated/GEMM_RVV_FP32_INT8_8x4_Baseline/RVV_IGEMM_INT8_I8I32_8x4/igemm_kernel_8x4_zvl256b_lmulmf4_unroll4/igemm_kernel_8x4_zvl256b_lmulmf4_unroll4_i8i32.c
    run 1: OK GOPS=34.115201 time=0.062948000 threads=8 validation=1
      schedule: static chunk=0
      workers: 0:cpu0:tiles1;1:cpu1:tiles1;2:cpu2:tiles1;3:cpu3:tiles1;4:cpu4:tiles1;5:cpu5:tiles1;6:cpu6:tiles1;7:cpu7:tiles1
    run 2: OK GOPS=33.335364 time=0.064420585 threads=8 validation=0
      schedule: static chunk=0
      workers: 0:cpu0:tiles1;1:cpu1:tiles1;2:cpu2:tiles1;3:cpu3:tiles1;4:cpu4:tiles1;5:cpu5:tiles1;6:cpu6:tiles1;7:cpu7:tiles1
    run 3: OK GOPS=33.551550 time=0.064005498 threads=8 validation=0
      schedule: static chunk=0
      workers: 0:cpu0:tiles1;1:cpu1:tiles1;2:cpu2:tiles1;3:cpu3:tiles1;4:cpu4:tiles1;5:cpu5:tiles1;6:cpu6:tiles1;7:cpu7:tiles1
    run 4: OK GOPS=33.805288 time=0.063525081 threads=8 validation=0
      schedule: static chunk=0
      workers: 0:cpu0:tiles1;1:cpu1:tiles1;2:cpu2:tiles1;3:cpu3:tiles1;4:cpu4:tiles1;5:cpu5:tiles1;6:cpu6:tiles1;7:cpu7:tiles1
    run 5: OK GOPS=26.627007 time=0.080650583 threads=8 validation=0
      schedule: static chunk=0
      workers: 0:cpu0:tiles1;1:cpu1:tiles1;2:cpu2:tiles1;3:cpu3:tiles1;4:cpu4:tiles1;5:cpu5:tiles1;6:cpu6:tiles1;7:cpu7:tiles1
    run 6: OK GOPS=32.570942 time=0.065932501 threads=8 validation=0
      schedule: static chunk=0
      workers: 0:cpu0:tiles1;1:cpu1:tiles1;2:cpu2:tiles1;3:cpu3:tiles1;4:cpu4:tiles1;5:cpu5:tiles1;6:cpu6:tiles1;7:cpu7:tiles1
============================================================
KERNEL: igemm_kernel_8x4_zvl256b_lmulmf4_unroll8_i8i32
  MODE: K1 all-core RVV OpenMP baseline
  BASELINE: GEMM_RVV_FP32_INT8_8x4_Baseline
  FAMILY: RVV_IGEMM_INT8_I8I32_8x4
  PATH: INT8 RVV widening GEMM (INT8 x INT8 -> INT32)
  TILE: 8x4 ZVL=256b LMUL=mf4 UNROLL=8
  WORK: M=1024 N=1024 K=1024 tile_N=128 runs=6
  CORES: cores 0-7 execute RVV kernels
  INPUT_CONTRACT: CANONICAL_FULL_MATRIX
PRIMARY_SOURCE=/home/bananapi/MAT/kernels riscv rvv 1.0/FINAL/riscv-rvv-ime-gemm-microkernels-updated/GEMM_RVV_FP32_INT8_8x4_Baseline/RVV_IGEMM_INT8_I8I32_8x4/igemm_kernel_8x4_zvl256b_lmulmf4_unroll8/igemm_kernel_8x4_zvl256b_lmulmf4_unroll8_i8i32.c
    run 1: OK GOPS=32.104764 time=0.066889875 threads=8 validation=1
      schedule: static chunk=0
      workers: 0:cpu0:tiles1;1:cpu1:tiles1;2:cpu2:tiles1;3:cpu3:tiles1;4:cpu4:tiles1;5:cpu5:tiles1;6:cpu6:tiles1;7:cpu7:tiles1
    run 2: OK GOPS=31.141400 time=0.068959124 threads=8 validation=0
      schedule: static chunk=0
      workers: 0:cpu0:tiles1;1:cpu1:tiles1;2:cpu2:tiles1;3:cpu3:tiles1;4:cpu4:tiles1;5:cpu5:tiles1;6:cpu6:tiles1;7:cpu7:tiles1
    run 3: OK GOPS=26.621588 time=0.080667000 threads=8 validation=0
      schedule: static chunk=0
      workers: 0:cpu0:tiles1;1:cpu1:tiles1;2:cpu2:tiles1;3:cpu3:tiles1;4:cpu4:tiles1;5:cpu5:tiles1;6:cpu6:tiles1;7:cpu7:tiles1
    run 4: OK GOPS=32.605807 time=0.065862000 threads=8 validation=0
      schedule: static chunk=0
      workers: 0:cpu0:tiles1;1:cpu1:tiles1;2:cpu2:tiles1;3:cpu3:tiles1;4:cpu4:tiles1;5:cpu5:tiles1;6:cpu6:tiles1;7:cpu7:tiles1
    run 5: OK GOPS=31.524334 time=0.068121459 threads=8 validation=0
      schedule: static chunk=0
      workers: 0:cpu0:tiles1;1:cpu1:tiles1;2:cpu2:tiles1;3:cpu3:tiles1;4:cpu4:tiles1;5:cpu5:tiles1;6:cpu6:tiles1;7:cpu7:tiles1
    run 6: OK GOPS=32.120231 time=0.066857666 threads=8 validation=0
      schedule: static chunk=0
      workers: 0:cpu0:tiles1;1:cpu1:tiles1;2:cpu2:tiles1;3:cpu3:tiles1;4:cpu4:tiles1;5:cpu5:tiles1;6:cpu6:tiles1;7:cpu7:tiles1
============================================================
KERNEL: igemm_kernel_8x4_zvl256b_lmulmf8_unroll1_i8i32
  MODE: K1 all-core RVV OpenMP baseline
  BASELINE: GEMM_RVV_FP32_INT8_8x4_Baseline
  FAMILY: RVV_IGEMM_INT8_I8I32_8x4
  PATH: INT8 RVV widening GEMM (INT8 x INT8 -> INT32)
  TILE: 8x4 ZVL=256b LMUL=mf8 UNROLL=1
  WORK: M=1024 N=1024 K=1024 tile_N=128 runs=6
  CORES: cores 0-7 execute RVV kernels
  INPUT_CONTRACT: CANONICAL_FULL_MATRIX
PRIMARY_SOURCE=/home/bananapi/MAT/kernels riscv rvv 1.0/FINAL/riscv-rvv-ime-gemm-microkernels-updated/GEMM_RVV_FP32_INT8_8x4_Baseline/RVV_IGEMM_INT8_I8I32_8x4/igemm_kernel_8x4_zvl256b_lmulmf8_unroll1/igemm_kernel_8x4_zvl256b_lmulmf8_unroll1_i8i32.c
    run 1: OK GOPS=32.041216 time=0.067022540 threads=8 validation=1
      schedule: static chunk=0
      workers: 0:cpu0:tiles1;1:cpu1:tiles1;2:cpu2:tiles1;3:cpu3:tiles1;4:cpu4:tiles1;5:cpu5:tiles1;6:cpu6:tiles1;7:cpu7:tiles1
    run 2: OK GOPS=32.758691 time=0.065554623 threads=8 validation=0
      schedule: static chunk=0
      workers: 0:cpu0:tiles1;1:cpu1:tiles1;2:cpu2:tiles1;3:cpu3:tiles1;4:cpu4:tiles1;5:cpu5:tiles1;6:cpu6:tiles1;7:cpu7:tiles1
    run 3: OK GOPS=33.982713 time=0.063193414 threads=8 validation=0
      schedule: static chunk=0
      workers: 0:cpu0:tiles1;1:cpu1:tiles1;2:cpu2:tiles1;3:cpu3:tiles1;4:cpu4:tiles1;5:cpu5:tiles1;6:cpu6:tiles1;7:cpu7:tiles1
    run 4: OK GOPS=33.345416 time=0.064401165 threads=8 validation=0
      schedule: static chunk=0
      workers: 0:cpu0:tiles1;1:cpu1:tiles1;2:cpu2:tiles1;3:cpu3:tiles1;4:cpu4:tiles1;5:cpu5:tiles1;6:cpu6:tiles1;7:cpu7:tiles1
    run 5: OK GOPS=31.908959 time=0.067300335 threads=8 validation=0
      schedule: static chunk=0
      workers: 0:cpu0:tiles1;1:cpu1:tiles1;2:cpu2:tiles1;3:cpu3:tiles1;4:cpu4:tiles1;5:cpu5:tiles1;6:cpu6:tiles1;7:cpu7:tiles1
    run 6: OK GOPS=31.522040 time=0.068126418 threads=8 validation=0
      schedule: static chunk=0
      workers: 0:cpu0:tiles1;1:cpu1:tiles1;2:cpu2:tiles1;3:cpu3:tiles1;4:cpu4:tiles1;5:cpu5:tiles1;6:cpu6:tiles1;7:cpu7:tiles1
============================================================
KERNEL: igemm_kernel_8x4_zvl256b_lmulmf8_unroll2_i8i32
  MODE: K1 all-core RVV OpenMP baseline
  BASELINE: GEMM_RVV_FP32_INT8_8x4_Baseline
  FAMILY: RVV_IGEMM_INT8_I8I32_8x4
  PATH: INT8 RVV widening GEMM (INT8 x INT8 -> INT32)
  TILE: 8x4 ZVL=256b LMUL=mf8 UNROLL=2
  WORK: M=1024 N=1024 K=1024 tile_N=128 runs=6
  CORES: cores 0-7 execute RVV kernels
  INPUT_CONTRACT: CANONICAL_FULL_MATRIX
PRIMARY_SOURCE=/home/bananapi/MAT/kernels riscv rvv 1.0/FINAL/riscv-rvv-ime-gemm-microkernels-updated/GEMM_RVV_FP32_INT8_8x4_Baseline/RVV_IGEMM_INT8_I8I32_8x4/igemm_kernel_8x4_zvl256b_lmulmf8_unroll2/igemm_kernel_8x4_zvl256b_lmulmf8_unroll2_i8i32.c
    run 1: OK GOPS=33.437986 time=0.064222876 threads=8 validation=1
      schedule: static chunk=0
      workers: 0:cpu0:tiles1;1:cpu1:tiles1;2:cpu2:tiles1;3:cpu3:tiles1;4:cpu4:tiles1;5:cpu5:tiles1;6:cpu6:tiles1;7:cpu7:tiles1
    run 2: OK GOPS=34.367299 time=0.062486250 threads=8 validation=0
      schedule: static chunk=0
      workers: 0:cpu0:tiles1;1:cpu1:tiles1;2:cpu2:tiles1;3:cpu3:tiles1;4:cpu4:tiles1;5:cpu5:tiles1;6:cpu6:tiles1;7:cpu7:tiles1
    run 3: OK GOPS=33.634268 time=0.063848086 threads=8 validation=0
      schedule: static chunk=0
      workers: 0:cpu0:tiles1;1:cpu1:tiles1;2:cpu2:tiles1;3:cpu3:tiles1;4:cpu4:tiles1;5:cpu5:tiles1;6:cpu6:tiles1;7:cpu7:tiles1
    run 4: OK GOPS=33.633962 time=0.063848667 threads=8 validation=0
      schedule: static chunk=0
      workers: 0:cpu0:tiles1;1:cpu1:tiles1;2:cpu2:tiles1;3:cpu3:tiles1;4:cpu4:tiles1;5:cpu5:tiles1;6:cpu6:tiles1;7:cpu7:tiles1
    run 5: OK GOPS=33.715327 time=0.063694581 threads=8 validation=0
      schedule: static chunk=0
      workers: 0:cpu0:tiles1;1:cpu1:tiles1;2:cpu2:tiles1;3:cpu3:tiles1;4:cpu4:tiles1;5:cpu5:tiles1;6:cpu6:tiles1;7:cpu7:tiles1
    run 6: OK GOPS=35.056950 time=0.061257001 threads=8 validation=0
      schedule: static chunk=0
      workers: 0:cpu0:tiles1;1:cpu1:tiles1;2:cpu2:tiles1;3:cpu3:tiles1;4:cpu4:tiles1;5:cpu5:tiles1;6:cpu6:tiles1;7:cpu7:tiles1
============================================================
KERNEL: igemm_kernel_8x4_zvl256b_lmulmf8_unroll4_i8i32
  MODE: K1 all-core RVV OpenMP baseline
  BASELINE: GEMM_RVV_FP32_INT8_8x4_Baseline
  FAMILY: RVV_IGEMM_INT8_I8I32_8x4
  PATH: INT8 RVV widening GEMM (INT8 x INT8 -> INT32)
  TILE: 8x4 ZVL=256b LMUL=mf8 UNROLL=4
  WORK: M=1024 N=1024 K=1024 tile_N=128 runs=6
  CORES: cores 0-7 execute RVV kernels
  INPUT_CONTRACT: CANONICAL_FULL_MATRIX
PRIMARY_SOURCE=/home/bananapi/MAT/kernels riscv rvv 1.0/FINAL/riscv-rvv-ime-gemm-microkernels-updated/GEMM_RVV_FP32_INT8_8x4_Baseline/RVV_IGEMM_INT8_I8I32_8x4/igemm_kernel_8x4_zvl256b_lmulmf8_unroll4/igemm_kernel_8x4_zvl256b_lmulmf8_unroll4_i8i32.c
    run 1: OK GOPS=34.134224 time=0.062912919 threads=8 validation=1
      schedule: static chunk=0
      workers: 0:cpu0:tiles1;1:cpu1:tiles1;2:cpu2:tiles1;3:cpu3:tiles1;4:cpu4:tiles1;5:cpu5:tiles1;6:cpu6:tiles1;7:cpu7:tiles1
    run 2: OK GOPS=34.613571 time=0.062041666 threads=8 validation=0
      schedule: static chunk=0
      workers: 0:cpu0:tiles1;1:cpu1:tiles1;2:cpu2:tiles1;3:cpu3:tiles1;4:cpu4:tiles1;5:cpu5:tiles1;6:cpu6:tiles1;7:cpu7:tiles1
    run 3: OK GOPS=32.756754 time=0.065558501 threads=8 validation=0
      schedule: static chunk=0
      workers: 0:cpu0:tiles1;1:cpu1:tiles1;2:cpu2:tiles1;3:cpu3:tiles1;4:cpu4:tiles1;5:cpu5:tiles1;6:cpu6:tiles1;7:cpu7:tiles1
    run 4: OK GOPS=32.870027 time=0.065332580 threads=8 validation=0
      schedule: static chunk=0
      workers: 0:cpu0:tiles1;1:cpu1:tiles1;2:cpu2:tiles1;3:cpu3:tiles1;4:cpu4:tiles1;5:cpu5:tiles1;6:cpu6:tiles1;7:cpu7:tiles1
    run 5: OK GOPS=33.876391 time=0.063391749 threads=8 validation=0
      schedule: static chunk=0
      workers: 0:cpu0:tiles1;1:cpu1:tiles1;2:cpu2:tiles1;3:cpu3:tiles1;4:cpu4:tiles1;5:cpu5:tiles1;6:cpu6:tiles1;7:cpu7:tiles1
    run 6: OK GOPS=34.153317 time=0.062877748 threads=8 validation=0
      schedule: static chunk=0
      workers: 0:cpu0:tiles1;1:cpu1:tiles1;2:cpu2:tiles1;3:cpu3:tiles1;4:cpu4:tiles1;5:cpu5:tiles1;6:cpu6:tiles1;7:cpu7:tiles1
============================================================
KERNEL: igemm_kernel_8x4_zvl256b_lmulmf8_unroll8_i8i32
  MODE: K1 all-core RVV OpenMP baseline
  BASELINE: GEMM_RVV_FP32_INT8_8x4_Baseline
  FAMILY: RVV_IGEMM_INT8_I8I32_8x4
  PATH: INT8 RVV widening GEMM (INT8 x INT8 -> INT32)
  TILE: 8x4 ZVL=256b LMUL=mf8 UNROLL=8
  WORK: M=1024 N=1024 K=1024 tile_N=128 runs=6
  CORES: cores 0-7 execute RVV kernels
  INPUT_CONTRACT: CANONICAL_FULL_MATRIX
PRIMARY_SOURCE=/home/bananapi/MAT/kernels riscv rvv 1.0/FINAL/riscv-rvv-ime-gemm-microkernels-updated/GEMM_RVV_FP32_INT8_8x4_Baseline/RVV_IGEMM_INT8_I8I32_8x4/igemm_kernel_8x4_zvl256b_lmulmf8_unroll8/igemm_kernel_8x4_zvl256b_lmulmf8_unroll8_i8i32.c
    run 1: OK GOPS=32.850980 time=0.065370459 threads=8 validation=1
      schedule: static chunk=0
      workers: 0:cpu0:tiles1;1:cpu1:tiles1;2:cpu2:tiles1;3:cpu3:tiles1;4:cpu4:tiles1;5:cpu5:tiles1;6:cpu6:tiles1;7:cpu7:tiles1
    run 2: OK GOPS=34.870099 time=0.061585248 threads=8 validation=0
      schedule: static chunk=0
      workers: 0:cpu0:tiles1;1:cpu1:tiles1;2:cpu2:tiles1;3:cpu3:tiles1;4:cpu4:tiles1;5:cpu5:tiles1;6:cpu6:tiles1;7:cpu7:tiles1
    run 3: OK GOPS=35.663648 time=0.060214918 threads=8 validation=0
      schedule: static chunk=0
      workers: 0:cpu0:tiles1;1:cpu1:tiles1;2:cpu2:tiles1;3:cpu3:tiles1;4:cpu4:tiles1;5:cpu5:tiles1;6:cpu6:tiles1;7:cpu7:tiles1
    run 4: OK GOPS=34.622267 time=0.062026083 threads=8 validation=0
      schedule: static chunk=0
      workers: 0:cpu0:tiles1;1:cpu1:tiles1;2:cpu2:tiles1;3:cpu3:tiles1;4:cpu4:tiles1;5:cpu5:tiles1;6:cpu6:tiles1;7:cpu7:tiles1
    run 5: OK GOPS=33.956338 time=0.063242499 threads=8 validation=0
      schedule: static chunk=0
      workers: 0:cpu0:tiles1;1:cpu1:tiles1;2:cpu2:tiles1;3:cpu3:tiles1;4:cpu4:tiles1;5:cpu5:tiles1;6:cpu6:tiles1;7:cpu7:tiles1
    run 6: OK GOPS=34.203065 time=0.062786292 threads=8 validation=0
      schedule: static chunk=0
      workers: 0:cpu0:tiles1;1:cpu1:tiles1;2:cpu2:tiles1;3:cpu3:tiles1;4:cpu4:tiles1;5:cpu5:tiles1;6:cpu6:tiles1;7:cpu7:tiles1
============================================================
KERNEL: igemm_kernel_8x8_zvl256b_lmul1_unroll1_i8i32
  MODE: K1 all-core RVV OpenMP baseline
  BASELINE: GEMM_RVV_FP32_INT8_8x8_Baseline
  FAMILY: RVV_IGEMM_INT8_I8I32_8x8
  PATH: INT8 RVV widening GEMM (INT8 x INT8 -> INT32)
  TILE: 8x8 ZVL=256b LMUL=1 UNROLL=1
  WORK: M=1024 N=1024 K=1024 tile_N=128 runs=6
  CORES: cores 0-7 execute RVV kernels
  INPUT_CONTRACT: CANONICAL_FULL_MATRIX
PRIMARY_SOURCE=/home/bananapi/MAT/kernels riscv rvv 1.0/FINAL/riscv-rvv-ime-gemm-microkernels-updated/GEMM_RVV_FP32_INT8_8x8_Baseline/RVV_IGEMM_INT8_I8I32_8x8/igemm_kernel_8x8_zvl256b_lmul1_unroll1/igemm_kernel_8x8_zvl256b_lmul1_unroll1_i8i32.c
    run 1: OK GOPS=14.731541 time=0.145774540 threads=8 validation=1
      schedule: static chunk=0
      workers: 0:cpu0:tiles1;1:cpu1:tiles1;2:cpu2:tiles1;3:cpu3:tiles1;4:cpu4:tiles1;5:cpu5:tiles1;6:cpu6:tiles1;7:cpu7:tiles1
    run 2: OK GOPS=14.570584 time=0.147384875 threads=8 validation=0
      schedule: static chunk=0
      workers: 0:cpu0:tiles1;1:cpu1:tiles1;2:cpu2:tiles1;3:cpu3:tiles1;4:cpu4:tiles1;5:cpu5:tiles1;6:cpu6:tiles1;7:cpu7:tiles1
    run 3: OK GOPS=14.825343 time=0.144852206 threads=8 validation=0
      schedule: static chunk=0
      workers: 0:cpu0:tiles1;1:cpu1:tiles1;2:cpu2:tiles1;3:cpu3:tiles1;4:cpu4:tiles1;5:cpu5:tiles1;6:cpu6:tiles1;7:cpu7:tiles1
    run 4: OK GOPS=14.719689 time=0.145891920 threads=8 validation=0
      schedule: static chunk=0
      workers: 0:cpu0:tiles1;1:cpu1:tiles1;2:cpu2:tiles1;3:cpu3:tiles1;4:cpu4:tiles1;5:cpu5:tiles1;6:cpu6:tiles1;7:cpu7:tiles1
    run 5: OK GOPS=14.818088 time=0.144923124 threads=8 validation=0
      schedule: static chunk=0
      workers: 0:cpu0:tiles1;1:cpu1:tiles1;2:cpu2:tiles1;3:cpu3:tiles1;4:cpu4:tiles1;5:cpu5:tiles1;6:cpu6:tiles1;7:cpu7:tiles1
    run 6: OK GOPS=14.711332 time=0.145974789 threads=8 validation=0
      schedule: static chunk=0
      workers: 0:cpu0:tiles1;1:cpu1:tiles1;2:cpu2:tiles1;3:cpu3:tiles1;4:cpu4:tiles1;5:cpu5:tiles1;6:cpu6:tiles1;7:cpu7:tiles1
============================================================
KERNEL: igemm_kernel_8x8_zvl256b_lmul1_unroll2_i8i32
  MODE: K1 all-core RVV OpenMP baseline
  BASELINE: GEMM_RVV_FP32_INT8_8x8_Baseline
  FAMILY: RVV_IGEMM_INT8_I8I32_8x8
  PATH: INT8 RVV widening GEMM (INT8 x INT8 -> INT32)
  TILE: 8x8 ZVL=256b LMUL=1 UNROLL=2
  WORK: M=1024 N=1024 K=1024 tile_N=128 runs=6
  CORES: cores 0-7 execute RVV kernels
  INPUT_CONTRACT: CANONICAL_FULL_MATRIX
PRIMARY_SOURCE=/home/bananapi/MAT/kernels riscv rvv 1.0/FINAL/riscv-rvv-ime-gemm-microkernels-updated/GEMM_RVV_FP32_INT8_8x8_Baseline/RVV_IGEMM_INT8_I8I32_8x8/igemm_kernel_8x8_zvl256b_lmul1_unroll2/igemm_kernel_8x8_zvl256b_lmul1_unroll2_i8i32.c
    run 1: OK GOPS=13.070175 time=0.164304122 threads=8 validation=1
      schedule: static chunk=0
      workers: 0:cpu0:tiles1;1:cpu1:tiles1;2:cpu2:tiles1;3:cpu3:tiles1;4:cpu4:tiles1;5:cpu5:tiles1;6:cpu6:tiles1;7:cpu7:tiles1
    run 2: OK GOPS=12.823985 time=0.167458378 threads=8 validation=0
      schedule: static chunk=0
      workers: 0:cpu0:tiles1;1:cpu1:tiles1;2:cpu2:tiles1;3:cpu3:tiles1;4:cpu4:tiles1;5:cpu5:tiles1;6:cpu6:tiles1;7:cpu7:tiles1
    run 3: OK GOPS=13.047536 time=0.164589208 threads=8 validation=0
      schedule: static chunk=0
      workers: 0:cpu0:tiles1;1:cpu1:tiles1;2:cpu2:tiles1;3:cpu3:tiles1;4:cpu4:tiles1;5:cpu5:tiles1;6:cpu6:tiles1;7:cpu7:tiles1
    run 4: OK GOPS=13.160452 time=0.163177039 threads=8 validation=0
      schedule: static chunk=0
      workers: 0:cpu0:tiles1;1:cpu1:tiles1;2:cpu2:tiles1;3:cpu3:tiles1;4:cpu4:tiles1;5:cpu5:tiles1;6:cpu6:tiles1;7:cpu7:tiles1
    run 5: OK GOPS=13.210095 time=0.162563831 threads=8 validation=0
      schedule: static chunk=0
      workers: 0:cpu0:tiles1;1:cpu1:tiles1;2:cpu2:tiles1;3:cpu3:tiles1;4:cpu4:tiles1;5:cpu5:tiles1;6:cpu6:tiles1;7:cpu7:tiles1
    run 6: OK GOPS=13.169552 time=0.163064290 threads=8 validation=0
      schedule: static chunk=0
      workers: 0:cpu0:tiles1;1:cpu1:tiles1;2:cpu2:tiles1;3:cpu3:tiles1;4:cpu4:tiles1;5:cpu5:tiles1;6:cpu6:tiles1;7:cpu7:tiles1
============================================================
KERNEL: igemm_kernel_8x8_zvl256b_lmul1_unroll4_i8i32
  MODE: K1 all-core RVV OpenMP baseline
  BASELINE: GEMM_RVV_FP32_INT8_8x8_Baseline
  FAMILY: RVV_IGEMM_INT8_I8I32_8x8
  PATH: INT8 RVV widening GEMM (INT8 x INT8 -> INT32)
  TILE: 8x8 ZVL=256b LMUL=1 UNROLL=4
  WORK: M=1024 N=1024 K=1024 tile_N=128 runs=6
  CORES: cores 0-7 execute RVV kernels
  INPUT_CONTRACT: CANONICAL_FULL_MATRIX
PRIMARY_SOURCE=/home/bananapi/MAT/kernels riscv rvv 1.0/FINAL/riscv-rvv-ime-gemm-microkernels-updated/GEMM_RVV_FP32_INT8_8x8_Baseline/RVV_IGEMM_INT8_I8I32_8x8/igemm_kernel_8x8_zvl256b_lmul1_unroll4/igemm_kernel_8x8_zvl256b_lmul1_unroll4_i8i32.c
    run 1: OK GOPS=12.926071 time=0.166135833 threads=8 validation=1
      schedule: static chunk=0
      workers: 0:cpu0:tiles1;1:cpu1:tiles1;2:cpu2:tiles1;3:cpu3:tiles1;4:cpu4:tiles1;5:cpu5:tiles1;6:cpu6:tiles1;7:cpu7:tiles1
    run 2: OK GOPS=12.857746 time=0.167018667 threads=8 validation=0
      schedule: static chunk=0
      workers: 0:cpu0:tiles1;1:cpu1:tiles1;2:cpu2:tiles1;3:cpu3:tiles1;4:cpu4:tiles1;5:cpu5:tiles1;6:cpu6:tiles1;7:cpu7:tiles1
    run 3: OK GOPS=13.076817 time=0.164220665 threads=8 validation=0
      schedule: static chunk=0
      workers: 0:cpu0:tiles1;1:cpu1:tiles1;2:cpu2:tiles1;3:cpu3:tiles1;4:cpu4:tiles1;5:cpu5:tiles1;6:cpu6:tiles1;7:cpu7:tiles1
    run 4: OK GOPS=13.120774 time=0.163670499 threads=8 validation=0
      schedule: static chunk=0
      workers: 0:cpu0:tiles1;1:cpu1:tiles1;2:cpu2:tiles1;3:cpu3:tiles1;4:cpu4:tiles1;5:cpu5:tiles1;6:cpu6:tiles1;7:cpu7:tiles1
    run 5: OK GOPS=12.955636 time=0.165756710 threads=8 validation=0
      schedule: static chunk=0
      workers: 0:cpu0:tiles1;1:cpu1:tiles1;2:cpu2:tiles1;3:cpu3:tiles1;4:cpu4:tiles1;5:cpu5:tiles1;6:cpu6:tiles1;7:cpu7:tiles1
    run 6: OK GOPS=12.767638 time=0.168197416 threads=8 validation=0
      schedule: static chunk=0
      workers: 0:cpu0:tiles1;1:cpu1:tiles1;2:cpu2:tiles1;3:cpu3:tiles1;4:cpu4:tiles1;5:cpu5:tiles1;6:cpu6:tiles1;7:cpu7:tiles1
============================================================
KERNEL: igemm_kernel_8x8_zvl256b_lmul1_unroll8_i8i32
  MODE: K1 all-core RVV OpenMP baseline
  BASELINE: GEMM_RVV_FP32_INT8_8x8_Baseline
  FAMILY: RVV_IGEMM_INT8_I8I32_8x8
  PATH: INT8 RVV widening GEMM (INT8 x INT8 -> INT32)
  TILE: 8x8 ZVL=256b LMUL=1 UNROLL=8
  WORK: M=1024 N=1024 K=1024 tile_N=128 runs=6
  CORES: cores 0-7 execute RVV kernels
  INPUT_CONTRACT: CANONICAL_FULL_MATRIX
PRIMARY_SOURCE=/home/bananapi/MAT/kernels riscv rvv 1.0/FINAL/riscv-rvv-ime-gemm-microkernels-updated/GEMM_RVV_FP32_INT8_8x8_Baseline/RVV_IGEMM_INT8_I8I32_8x8/igemm_kernel_8x8_zvl256b_lmul1_unroll8/igemm_kernel_8x8_zvl256b_lmul1_unroll8_i8i32.c
    run 1: OK GOPS=14.023273 time=0.153137125 threads=8 validation=1
      schedule: static chunk=0
      workers: 0:cpu0:tiles1;1:cpu1:tiles1;2:cpu2:tiles1;3:cpu3:tiles1;4:cpu4:tiles1;5:cpu5:tiles1;6:cpu6:tiles1;7:cpu7:tiles1
    run 2: OK GOPS=13.766744 time=0.155990668 threads=8 validation=0
      schedule: static chunk=0
      workers: 0:cpu0:tiles1;1:cpu1:tiles1;2:cpu2:tiles1;3:cpu3:tiles1;4:cpu4:tiles1;5:cpu5:tiles1;6:cpu6:tiles1;7:cpu7:tiles1
    run 3: OK GOPS=13.805276 time=0.155555289 threads=8 validation=0
      schedule: static chunk=0
      workers: 0:cpu0:tiles1;1:cpu1:tiles1;2:cpu2:tiles1;3:cpu3:tiles1;4:cpu4:tiles1;5:cpu5:tiles1;6:cpu6:tiles1;7:cpu7:tiles1
    run 4: OK GOPS=14.000512 time=0.153386083 threads=8 validation=0
      schedule: static chunk=0
      workers: 0:cpu0:tiles1;1:cpu1:tiles1;2:cpu2:tiles1;3:cpu3:tiles1;4:cpu4:tiles1;5:cpu5:tiles1;6:cpu6:tiles1;7:cpu7:tiles1
    run 5: OK GOPS=13.860035 time=0.154940709 threads=8 validation=0
      schedule: static chunk=0
      workers: 0:cpu0:tiles1;1:cpu1:tiles1;2:cpu2:tiles1;3:cpu3:tiles1;4:cpu4:tiles1;5:cpu5:tiles1;6:cpu6:tiles1;7:cpu7:tiles1
    run 6: OK GOPS=13.957327 time=0.153860666 threads=8 validation=0
      schedule: static chunk=0
      workers: 0:cpu0:tiles1;1:cpu1:tiles1;2:cpu2:tiles1;3:cpu3:tiles1;4:cpu4:tiles1;5:cpu5:tiles1;6:cpu6:tiles1;7:cpu7:tiles1
============================================================
KERNEL: igemm_kernel_8x8_zvl256b_lmul2_unroll1_i8i32
  MODE: K1 all-core RVV OpenMP baseline
  BASELINE: GEMM_RVV_FP32_INT8_8x8_Baseline
  FAMILY: RVV_IGEMM_INT8_I8I32_8x8
  PATH: INT8 RVV widening GEMM (INT8 x INT8 -> INT32)
  TILE: 8x8 ZVL=256b LMUL=2 UNROLL=1
  WORK: M=1024 N=1024 K=1024 tile_N=128 runs=6
  CORES: cores 0-7 execute RVV kernels
  INPUT_CONTRACT: CANONICAL_FULL_MATRIX
PRIMARY_SOURCE=/home/bananapi/MAT/kernels riscv rvv 1.0/FINAL/riscv-rvv-ime-gemm-microkernels-updated/GEMM_RVV_FP32_INT8_8x8_Baseline/RVV_IGEMM_INT8_I8I32_8x8/igemm_kernel_8x8_zvl256b_lmul2_unroll1/igemm_kernel_8x8_zvl256b_lmul2_unroll1_i8i32.c
    run 1: OK GOPS=3.966469 time=0.541409373 threads=8 validation=1
      schedule: static chunk=0
      workers: 0:cpu0:tiles1;1:cpu1:tiles1;2:cpu2:tiles1;3:cpu3:tiles1;4:cpu4:tiles1;5:cpu5:tiles1;6:cpu6:tiles1;7:cpu7:tiles1
    run 2: OK GOPS=3.973887 time=0.540398750 threads=8 validation=0
      schedule: static chunk=0
      workers: 0:cpu0:tiles1;1:cpu1:tiles1;2:cpu2:tiles1;3:cpu3:tiles1;4:cpu4:tiles1;5:cpu5:tiles1;6:cpu6:tiles1;7:cpu7:tiles1
    run 3: OK GOPS=3.972312 time=0.540612999 threads=8 validation=0
      schedule: static chunk=0
      workers: 0:cpu0:tiles1;1:cpu1:tiles1;2:cpu2:tiles1;3:cpu3:tiles1;4:cpu4:tiles1;5:cpu5:tiles1;6:cpu6:tiles1;7:cpu7:tiles1
    run 4: OK GOPS=3.935818 time=0.545625709 threads=8 validation=0
      schedule: static chunk=0
      workers: 0:cpu0:tiles1;1:cpu1:tiles1;2:cpu2:tiles1;3:cpu3:tiles1;4:cpu4:tiles1;5:cpu5:tiles1;6:cpu6:tiles1;7:cpu7:tiles1
    run 5: OK GOPS=3.977698 time=0.539881002 threads=8 validation=0
      schedule: static chunk=0
      workers: 0:cpu0:tiles1;1:cpu1:tiles1;2:cpu2:tiles1;3:cpu3:tiles1;4:cpu4:tiles1;5:cpu5:tiles1;6:cpu6:tiles1;7:cpu7:tiles1
    run 6: OK GOPS=3.947525 time=0.544007584 threads=8 validation=0
      schedule: static chunk=0
      workers: 0:cpu0:tiles1;1:cpu1:tiles1;2:cpu2:tiles1;3:cpu3:tiles1;4:cpu4:tiles1;5:cpu5:tiles1;6:cpu6:tiles1;7:cpu7:tiles1
============================================================
KERNEL: igemm_kernel_8x8_zvl256b_lmul2_unroll2_i8i32
  MODE: K1 all-core RVV OpenMP baseline
  BASELINE: GEMM_RVV_FP32_INT8_8x8_Baseline
  FAMILY: RVV_IGEMM_INT8_I8I32_8x8
  PATH: INT8 RVV widening GEMM (INT8 x INT8 -> INT32)
  TILE: 8x8 ZVL=256b LMUL=2 UNROLL=2
  WORK: M=1024 N=1024 K=1024 tile_N=128 runs=6
  CORES: cores 0-7 execute RVV kernels
  INPUT_CONTRACT: CANONICAL_FULL_MATRIX
PRIMARY_SOURCE=/home/bananapi/MAT/kernels riscv rvv 1.0/FINAL/riscv-rvv-ime-gemm-microkernels-updated/GEMM_RVV_FP32_INT8_8x8_Baseline/RVV_IGEMM_INT8_I8I32_8x8/igemm_kernel_8x8_zvl256b_lmul2_unroll2/igemm_kernel_8x8_zvl256b_lmul2_unroll2_i8i32.c
    run 1: OK GOPS=4.034207 time=0.532318667 threads=8 validation=1
      schedule: static chunk=0
      workers: 0:cpu0:tiles1;1:cpu1:tiles1;2:cpu2:tiles1;3:cpu3:tiles1;4:cpu4:tiles1;5:cpu5:tiles1;6:cpu6:tiles1;7:cpu7:tiles1
    run 2: OK GOPS=4.084364 time=0.525781624 threads=8 validation=0
      schedule: static chunk=0
      workers: 0:cpu0:tiles1;1:cpu1:tiles1;2:cpu2:tiles1;3:cpu3:tiles1;4:cpu4:tiles1;5:cpu5:tiles1;6:cpu6:tiles1;7:cpu7:tiles1
    run 3: OK GOPS=4.088931 time=0.525194414 threads=8 validation=0
      schedule: static chunk=0
      workers: 0:cpu0:tiles1;1:cpu1:tiles1;2:cpu2:tiles1;3:cpu3:tiles1;4:cpu4:tiles1;5:cpu5:tiles1;6:cpu6:tiles1;7:cpu7:tiles1
    run 4: OK GOPS=4.046742 time=0.530669708 threads=8 validation=0
      schedule: static chunk=0
      workers: 0:cpu0:tiles1;1:cpu1:tiles1;2:cpu2:tiles1;3:cpu3:tiles1;4:cpu4:tiles1;5:cpu5:tiles1;6:cpu6:tiles1;7:cpu7:tiles1
    run 5: OK GOPS=4.087021 time=0.525439832 threads=8 validation=0
      schedule: static chunk=0
      workers: 0:cpu0:tiles1;1:cpu1:tiles1;2:cpu2:tiles1;3:cpu3:tiles1;4:cpu4:tiles1;5:cpu5:tiles1;6:cpu6:tiles1;7:cpu7:tiles1
    run 6: OK GOPS=4.094742 time=0.524449125 threads=8 validation=0
      schedule: static chunk=0
      workers: 0:cpu0:tiles1;1:cpu1:tiles1;2:cpu2:tiles1;3:cpu3:tiles1;4:cpu4:tiles1;5:cpu5:tiles1;6:cpu6:tiles1;7:cpu7:tiles1
============================================================
KERNEL: igemm_kernel_8x8_zvl256b_lmul2_unroll4_i8i32
  MODE: K1 all-core RVV OpenMP baseline
  BASELINE: GEMM_RVV_FP32_INT8_8x8_Baseline
  FAMILY: RVV_IGEMM_INT8_I8I32_8x8
  PATH: INT8 RVV widening GEMM (INT8 x INT8 -> INT32)
  TILE: 8x8 ZVL=256b LMUL=2 UNROLL=4
  WORK: M=1024 N=1024 K=1024 tile_N=128 runs=6
  CORES: cores 0-7 execute RVV kernels
  INPUT_CONTRACT: CANONICAL_FULL_MATRIX
PRIMARY_SOURCE=/home/bananapi/MAT/kernels riscv rvv 1.0/FINAL/riscv-rvv-ime-gemm-microkernels-updated/GEMM_RVV_FP32_INT8_8x8_Baseline/RVV_IGEMM_INT8_I8I32_8x8/igemm_kernel_8x8_zvl256b_lmul2_unroll4/igemm_kernel_8x8_zvl256b_lmul2_unroll4_i8i32.c
    run 1: OK GOPS=3.548225 time=0.605227541 threads=8 validation=1
      schedule: static chunk=0
      workers: 0:cpu0:tiles1;1:cpu1:tiles1;2:cpu2:tiles1;3:cpu3:tiles1;4:cpu4:tiles1;5:cpu5:tiles1;6:cpu6:tiles1;7:cpu7:tiles1
    run 2: OK GOPS=3.542088 time=0.606276166 threads=8 validation=0
      schedule: static chunk=0
      workers: 0:cpu0:tiles1;1:cpu1:tiles1;2:cpu2:tiles1;3:cpu3:tiles1;4:cpu4:tiles1;5:cpu5:tiles1;6:cpu6:tiles1;7:cpu7:tiles1
    run 3: OK GOPS=3.520364 time=0.610017501 threads=8 validation=0
      schedule: static chunk=0
      workers: 0:cpu0:tiles1;1:cpu1:tiles1;2:cpu2:tiles1;3:cpu3:tiles1;4:cpu4:tiles1;5:cpu5:tiles1;6:cpu6:tiles1;7:cpu7:tiles1
    run 4: OK GOPS=3.467178 time=0.619375002 threads=8 validation=0
      schedule: static chunk=0
      workers: 0:cpu0:tiles1;1:cpu1:tiles1;2:cpu2:tiles1;3:cpu3:tiles1;4:cpu4:tiles1;5:cpu5:tiles1;6:cpu6:tiles1;7:cpu7:tiles1
    run 5: OK GOPS=3.502407 time=0.613145001 threads=8 validation=0
      schedule: static chunk=0
      workers: 0:cpu0:tiles1;1:cpu1:tiles1;2:cpu2:tiles1;3:cpu3:tiles1;4:cpu4:tiles1;5:cpu5:tiles1;6:cpu6:tiles1;7:cpu7:tiles1
    run 6: OK GOPS=3.539255 time=0.606761541 threads=8 validation=0
      schedule: static chunk=0
      workers: 0:cpu0:tiles1;1:cpu1:tiles1;2:cpu2:tiles1;3:cpu3:tiles1;4:cpu4:tiles1;5:cpu5:tiles1;6:cpu6:tiles1;7:cpu7:tiles1
============================================================
KERNEL: igemm_kernel_8x8_zvl256b_lmul2_unroll8_i8i32
  MODE: K1 all-core RVV OpenMP baseline
  BASELINE: GEMM_RVV_FP32_INT8_8x8_Baseline
  FAMILY: RVV_IGEMM_INT8_I8I32_8x8
  PATH: INT8 RVV widening GEMM (INT8 x INT8 -> INT32)
  TILE: 8x8 ZVL=256b LMUL=2 UNROLL=8
  WORK: M=1024 N=1024 K=1024 tile_N=128 runs=6
  CORES: cores 0-7 execute RVV kernels
  INPUT_CONTRACT: CANONICAL_FULL_MATRIX
PRIMARY_SOURCE=/home/bananapi/MAT/kernels riscv rvv 1.0/FINAL/riscv-rvv-ime-gemm-microkernels-updated/GEMM_RVV_FP32_INT8_8x8_Baseline/RVV_IGEMM_INT8_I8I32_8x8/igemm_kernel_8x8_zvl256b_lmul2_unroll8/igemm_kernel_8x8_zvl256b_lmul2_unroll8_i8i32.c
    run 1: OK GOPS=4.275348 time=0.502294458 threads=8 validation=1
      schedule: static chunk=0
      workers: 0:cpu0:tiles1;1:cpu1:tiles1;2:cpu2:tiles1;3:cpu3:tiles1;4:cpu4:tiles1;5:cpu5:tiles1;6:cpu6:tiles1;7:cpu7:tiles1
    run 2: OK GOPS=4.180474 time=0.513693836 threads=8 validation=0
      schedule: static chunk=0
      workers: 0:cpu0:tiles1;1:cpu1:tiles1;2:cpu2:tiles1;3:cpu3:tiles1;4:cpu4:tiles1;5:cpu5:tiles1;6:cpu6:tiles1;7:cpu7:tiles1
    run 3: OK GOPS=4.301159 time=0.499280252 threads=8 validation=0
      schedule: static chunk=0
      workers: 0:cpu0:tiles1;1:cpu1:tiles1;2:cpu2:tiles1;3:cpu3:tiles1;4:cpu4:tiles1;5:cpu5:tiles1;6:cpu6:tiles1;7:cpu7:tiles1
    run 4: OK GOPS=4.286756 time=0.500957791 threads=8 validation=0
      schedule: static chunk=0
      workers: 0:cpu0:tiles1;1:cpu1:tiles1;2:cpu2:tiles1;3:cpu3:tiles1;4:cpu4:tiles1;5:cpu5:tiles1;6:cpu6:tiles1;7:cpu7:tiles1
    run 5: OK GOPS=4.246752 time=0.505676709 threads=8 validation=0
      schedule: static chunk=0
      workers: 0:cpu0:tiles1;1:cpu1:tiles1;2:cpu2:tiles1;3:cpu3:tiles1;4:cpu4:tiles1;5:cpu5:tiles1;6:cpu6:tiles1;7:cpu7:tiles1
    run 6: OK GOPS=4.307059 time=0.498596292 threads=8 validation=0
      schedule: static chunk=0
      workers: 0:cpu0:tiles1;1:cpu1:tiles1;2:cpu2:tiles1;3:cpu3:tiles1;4:cpu4:tiles1;5:cpu5:tiles1;6:cpu6:tiles1;7:cpu7:tiles1
============================================================
KERNEL: igemm_kernel_8x8_zvl256b_lmulmf2_unroll1_i8i32
  MODE: K1 all-core RVV OpenMP baseline
  BASELINE: GEMM_RVV_FP32_INT8_8x8_Baseline
  FAMILY: RVV_IGEMM_INT8_I8I32_8x8
  PATH: INT8 RVV widening GEMM (INT8 x INT8 -> INT32)
  TILE: 8x8 ZVL=256b LMUL=mf2 UNROLL=1
  WORK: M=1024 N=1024 K=1024 tile_N=128 runs=6
  CORES: cores 0-7 execute RVV kernels
  INPUT_CONTRACT: CANONICAL_FULL_MATRIX
PRIMARY_SOURCE=/home/bananapi/MAT/kernels riscv rvv 1.0/FINAL/riscv-rvv-ime-gemm-microkernels-updated/GEMM_RVV_FP32_INT8_8x8_Baseline/RVV_IGEMM_INT8_I8I32_8x8/igemm_kernel_8x8_zvl256b_lmulmf2_unroll1/igemm_kernel_8x8_zvl256b_lmulmf2_unroll1_i8i32.c
    run 1: OK GOPS=33.916606 time=0.063316584 threads=8 validation=1
      schedule: static chunk=0
      workers: 0:cpu0:tiles1;1:cpu1:tiles1;2:cpu2:tiles1;3:cpu3:tiles1;4:cpu4:tiles1;5:cpu5:tiles1;6:cpu6:tiles1;7:cpu7:tiles1
    run 2: OK GOPS=40.808292 time=0.052623708 threads=8 validation=0
      schedule: static chunk=0
      workers: 0:cpu0:tiles1;1:cpu1:tiles1;2:cpu2:tiles1;3:cpu3:tiles1;4:cpu4:tiles1;5:cpu5:tiles1;6:cpu6:tiles1;7:cpu7:tiles1
    run 3: OK GOPS=39.171308 time=0.054822873 threads=8 validation=0
      schedule: static chunk=0
      workers: 0:cpu0:tiles1;1:cpu1:tiles1;2:cpu2:tiles1;3:cpu3:tiles1;4:cpu4:tiles1;5:cpu5:tiles1;6:cpu6:tiles1;7:cpu7:tiles1
    run 4: OK GOPS=40.247143 time=0.053357419 threads=8 validation=0
      schedule: static chunk=0
      workers: 0:cpu0:tiles1;1:cpu1:tiles1;2:cpu2:tiles1;3:cpu3:tiles1;4:cpu4:tiles1;5:cpu5:tiles1;6:cpu6:tiles1;7:cpu7:tiles1
    run 5: OK GOPS=39.984923 time=0.053707335 threads=8 validation=0
      schedule: static chunk=0
      workers: 0:cpu0:tiles1;1:cpu1:tiles1;2:cpu2:tiles1;3:cpu3:tiles1;4:cpu4:tiles1;5:cpu5:tiles1;6:cpu6:tiles1;7:cpu7:tiles1
    run 6: OK GOPS=38.716275 time=0.055467207 threads=8 validation=0
      schedule: static chunk=0
      workers: 0:cpu0:tiles1;1:cpu1:tiles1;2:cpu2:tiles1;3:cpu3:tiles1;4:cpu4:tiles1;5:cpu5:tiles1;6:cpu6:tiles1;7:cpu7:tiles1
============================================================
KERNEL: igemm_kernel_8x8_zvl256b_lmulmf2_unroll2_i8i32
  MODE: K1 all-core RVV OpenMP baseline
  BASELINE: GEMM_RVV_FP32_INT8_8x8_Baseline
  FAMILY: RVV_IGEMM_INT8_I8I32_8x8
  PATH: INT8 RVV widening GEMM (INT8 x INT8 -> INT32)
  TILE: 8x8 ZVL=256b LMUL=mf2 UNROLL=2
  WORK: M=1024 N=1024 K=1024 tile_N=128 runs=6
  CORES: cores 0-7 execute RVV kernels
  INPUT_CONTRACT: CANONICAL_FULL_MATRIX
PRIMARY_SOURCE=/home/bananapi/MAT/kernels riscv rvv 1.0/FINAL/riscv-rvv-ime-gemm-microkernels-updated/GEMM_RVV_FP32_INT8_8x8_Baseline/RVV_IGEMM_INT8_I8I32_8x8/igemm_kernel_8x8_zvl256b_lmulmf2_unroll2/igemm_kernel_8x8_zvl256b_lmulmf2_unroll2_i8i32.c
    run 1: OK GOPS=44.831592 time=0.047901124 threads=8 validation=1
      schedule: static chunk=0
      workers: 0:cpu0:tiles1;1:cpu1:tiles1;2:cpu2:tiles1;3:cpu3:tiles1;4:cpu4:tiles1;5:cpu5:tiles1;6:cpu6:tiles1;7:cpu7:tiles1
    run 2: OK GOPS=42.359221 time=0.050696958 threads=8 validation=0
      schedule: static chunk=0
      workers: 0:cpu0:tiles1;1:cpu1:tiles1;2:cpu2:tiles1;3:cpu3:tiles1;4:cpu4:tiles1;5:cpu5:tiles1;6:cpu6:tiles1;7:cpu7:tiles1
    run 3: OK GOPS=44.959316 time=0.047765043 threads=8 validation=0
      schedule: static chunk=0
      workers: 0:cpu0:tiles1;1:cpu1:tiles1;2:cpu2:tiles1;3:cpu3:tiles1;4:cpu4:tiles1;5:cpu5:tiles1;6:cpu6:tiles1;7:cpu7:tiles1
    run 4: OK GOPS=45.799386 time=0.046888918 threads=8 validation=0
      schedule: static chunk=0
      workers: 0:cpu0:tiles1;1:cpu1:tiles1;2:cpu2:tiles1;3:cpu3:tiles1;4:cpu4:tiles1;5:cpu5:tiles1;6:cpu6:tiles1;7:cpu7:tiles1
    run 5: OK GOPS=45.833641 time=0.046853874 threads=8 validation=0
      schedule: static chunk=0
      workers: 0:cpu0:tiles1;1:cpu1:tiles1;2:cpu2:tiles1;3:cpu3:tiles1;4:cpu4:tiles1;5:cpu5:tiles1;6:cpu6:tiles1;7:cpu7:tiles1
    run 6: OK GOPS=44.967165 time=0.047756705 threads=8 validation=0
      schedule: static chunk=0
      workers: 0:cpu0:tiles1;1:cpu1:tiles1;2:cpu2:tiles1;3:cpu3:tiles1;4:cpu4:tiles1;5:cpu5:tiles1;6:cpu6:tiles1;7:cpu7:tiles1
============================================================
KERNEL: igemm_kernel_8x8_zvl256b_lmulmf2_unroll4_i8i32
  MODE: K1 all-core RVV OpenMP baseline
  BASELINE: GEMM_RVV_FP32_INT8_8x8_Baseline
  FAMILY: RVV_IGEMM_INT8_I8I32_8x8
  PATH: INT8 RVV widening GEMM (INT8 x INT8 -> INT32)
  TILE: 8x8 ZVL=256b LMUL=mf2 UNROLL=4
  WORK: M=1024 N=1024 K=1024 tile_N=128 runs=6
  CORES: cores 0-7 execute RVV kernels
  INPUT_CONTRACT: CANONICAL_FULL_MATRIX
PRIMARY_SOURCE=/home/bananapi/MAT/kernels riscv rvv 1.0/FINAL/riscv-rvv-ime-gemm-microkernels-updated/GEMM_RVV_FP32_INT8_8x8_Baseline/RVV_IGEMM_INT8_I8I32_8x8/igemm_kernel_8x8_zvl256b_lmulmf2_unroll4/igemm_kernel_8x8_zvl256b_lmulmf2_unroll4_i8i32.c
    run 1: OK GOPS=46.172966 time=0.046509545 threads=8 validation=1
      schedule: static chunk=0
      workers: 0:cpu0:tiles1;1:cpu1:tiles1;2:cpu2:tiles1;3:cpu3:tiles1;4:cpu4:tiles1;5:cpu5:tiles1;6:cpu6:tiles1;7:cpu7:tiles1
    run 2: OK GOPS=46.622351 time=0.046061248 threads=8 validation=0
      schedule: static chunk=0
      workers: 0:cpu0:tiles1;1:cpu1:tiles1;2:cpu2:tiles1;3:cpu3:tiles1;4:cpu4:tiles1;5:cpu5:tiles1;6:cpu6:tiles1;7:cpu7:tiles1
    run 3: OK GOPS=46.889910 time=0.045798417 threads=8 validation=0
      schedule: static chunk=0
      workers: 0:cpu0:tiles1;1:cpu1:tiles1;2:cpu2:tiles1;3:cpu3:tiles1;4:cpu4:tiles1;5:cpu5:tiles1;6:cpu6:tiles1;7:cpu7:tiles1
    run 4: OK GOPS=46.652815 time=0.046031170 threads=8 validation=0
      schedule: static chunk=0
      workers: 0:cpu0:tiles1;1:cpu1:tiles1;2:cpu2:tiles1;3:cpu3:tiles1;4:cpu4:tiles1;5:cpu5:tiles1;6:cpu6:tiles1;7:cpu7:tiles1
    run 5: OK GOPS=46.146881 time=0.046535835 threads=8 validation=0
      schedule: static chunk=0
      workers: 0:cpu0:tiles1;1:cpu1:tiles1;2:cpu2:tiles1;3:cpu3:tiles1;4:cpu4:tiles1;5:cpu5:tiles1;6:cpu6:tiles1;7:cpu7:tiles1
    run 6: OK GOPS=45.253450 time=0.047454584 threads=8 validation=0
      schedule: static chunk=0
      workers: 0:cpu0:tiles1;1:cpu1:tiles1;2:cpu2:tiles1;3:cpu3:tiles1;4:cpu4:tiles1;5:cpu5:tiles1;6:cpu6:tiles1;7:cpu7:tiles1
============================================================
KERNEL: igemm_kernel_8x8_zvl256b_lmulmf2_unroll8_i8i32
  MODE: K1 all-core RVV OpenMP baseline
  BASELINE: GEMM_RVV_FP32_INT8_8x8_Baseline
  FAMILY: RVV_IGEMM_INT8_I8I32_8x8
  PATH: INT8 RVV widening GEMM (INT8 x INT8 -> INT32)
  TILE: 8x8 ZVL=256b LMUL=mf2 UNROLL=8
  WORK: M=1024 N=1024 K=1024 tile_N=128 runs=6
  CORES: cores 0-7 execute RVV kernels
  INPUT_CONTRACT: CANONICAL_FULL_MATRIX
PRIMARY_SOURCE=/home/bananapi/MAT/kernels riscv rvv 1.0/FINAL/riscv-rvv-ime-gemm-microkernels-updated/GEMM_RVV_FP32_INT8_8x8_Baseline/RVV_IGEMM_INT8_I8I32_8x8/igemm_kernel_8x8_zvl256b_lmulmf2_unroll8/igemm_kernel_8x8_zvl256b_lmulmf2_unroll8_i8i32.c
    run 1: OK GOPS=44.043268 time=0.048758499 threads=8 validation=1
      schedule: static chunk=0
      workers: 0:cpu0:tiles1;1:cpu1:tiles1;2:cpu2:tiles1;3:cpu3:tiles1;4:cpu4:tiles1;5:cpu5:tiles1;6:cpu6:tiles1;7:cpu7:tiles1
    run 2: OK GOPS=44.969634 time=0.047754083 threads=8 validation=0
      schedule: static chunk=0
      workers: 0:cpu0:tiles1;1:cpu1:tiles1;2:cpu2:tiles1;3:cpu3:tiles1;4:cpu4:tiles1;5:cpu5:tiles1;6:cpu6:tiles1;7:cpu7:tiles1
    run 3: OK GOPS=46.485055 time=0.046197291 threads=8 validation=0
      schedule: static chunk=0
      workers: 0:cpu0:tiles1;1:cpu1:tiles1;2:cpu2:tiles1;3:cpu3:tiles1;4:cpu4:tiles1;5:cpu5:tiles1;6:cpu6:tiles1;7:cpu7:tiles1
    run 4: OK GOPS=46.839199 time=0.045848001 threads=8 validation=0
      schedule: static chunk=0
      workers: 0:cpu0:tiles1;1:cpu1:tiles1;2:cpu2:tiles1;3:cpu3:tiles1;4:cpu4:tiles1;5:cpu5:tiles1;6:cpu6:tiles1;7:cpu7:tiles1
    run 5: OK GOPS=46.044681 time=0.046639126 threads=8 validation=0
      schedule: static chunk=0
      workers: 0:cpu0:tiles1;1:cpu1:tiles1;2:cpu2:tiles1;3:cpu3:tiles1;4:cpu4:tiles1;5:cpu5:tiles1;6:cpu6:tiles1;7:cpu7:tiles1
    run 6: OK GOPS=45.258299 time=0.047449499 threads=8 validation=0
      schedule: static chunk=0
      workers: 0:cpu0:tiles1;1:cpu1:tiles1;2:cpu2:tiles1;3:cpu3:tiles1;4:cpu4:tiles1;5:cpu5:tiles1;6:cpu6:tiles1;7:cpu7:tiles1
============================================================
KERNEL: igemm_kernel_8x8_zvl256b_lmulmf4_unroll1_i8i32
  MODE: K1 all-core RVV OpenMP baseline
  BASELINE: GEMM_RVV_FP32_INT8_8x8_Baseline
  FAMILY: RVV_IGEMM_INT8_I8I32_8x8
  PATH: INT8 RVV widening GEMM (INT8 x INT8 -> INT32)
  TILE: 8x8 ZVL=256b LMUL=mf4 UNROLL=1
  WORK: M=1024 N=1024 K=1024 tile_N=128 runs=6
  CORES: cores 0-7 execute RVV kernels
  INPUT_CONTRACT: CANONICAL_FULL_MATRIX
PRIMARY_SOURCE=/home/bananapi/MAT/kernels riscv rvv 1.0/FINAL/riscv-rvv-ime-gemm-microkernels-updated/GEMM_RVV_FP32_INT8_8x8_Baseline/RVV_IGEMM_INT8_I8I32_8x8/igemm_kernel_8x8_zvl256b_lmulmf4_unroll1/igemm_kernel_8x8_zvl256b_lmulmf4_unroll1_i8i32.c
    run 1: OK GOPS=49.843245 time=0.043084748 threads=8 validation=1
      schedule: static chunk=0
      workers: 0:cpu0:tiles1;1:cpu1:tiles1;2:cpu2:tiles1;3:cpu3:tiles1;4:cpu4:tiles1;5:cpu5:tiles1;6:cpu6:tiles1;7:cpu7:tiles1
    run 2: OK GOPS=49.751055 time=0.043164585 threads=8 validation=0
      schedule: static chunk=0
      workers: 0:cpu0:tiles1;1:cpu1:tiles1;2:cpu2:tiles1;3:cpu3:tiles1;4:cpu4:tiles1;5:cpu5:tiles1;6:cpu6:tiles1;7:cpu7:tiles1
    run 3: OK GOPS=49.867209 time=0.043064043 threads=8 validation=0
      schedule: static chunk=0
      workers: 0:cpu0:tiles1;1:cpu1:tiles1;2:cpu2:tiles1;3:cpu3:tiles1;4:cpu4:tiles1;5:cpu5:tiles1;6:cpu6:tiles1;7:cpu7:tiles1
    run 4: OK GOPS=48.521063 time=0.044258792 threads=8 validation=0
      schedule: static chunk=0
      workers: 0:cpu0:tiles1;1:cpu1:tiles1;2:cpu2:tiles1;3:cpu3:tiles1;4:cpu4:tiles1;5:cpu5:tiles1;6:cpu6:tiles1;7:cpu7:tiles1
    run 5: OK GOPS=48.931930 time=0.043887164 threads=8 validation=0
      schedule: static chunk=0
      workers: 0:cpu0:tiles1;1:cpu1:tiles1;2:cpu2:tiles1;3:cpu3:tiles1;4:cpu4:tiles1;5:cpu5:tiles1;6:cpu6:tiles1;7:cpu7:tiles1
    run 6: OK GOPS=49.766092 time=0.043151543 threads=8 validation=0
      schedule: static chunk=0
      workers: 0:cpu0:tiles1;1:cpu1:tiles1;2:cpu2:tiles1;3:cpu3:tiles1;4:cpu4:tiles1;5:cpu5:tiles1;6:cpu6:tiles1;7:cpu7:tiles1
============================================================
KERNEL: igemm_kernel_8x8_zvl256b_lmulmf4_unroll2_i8i32
  MODE: K1 all-core RVV OpenMP baseline
  BASELINE: GEMM_RVV_FP32_INT8_8x8_Baseline
  FAMILY: RVV_IGEMM_INT8_I8I32_8x8
  PATH: INT8 RVV widening GEMM (INT8 x INT8 -> INT32)
  TILE: 8x8 ZVL=256b LMUL=mf4 UNROLL=2
  WORK: M=1024 N=1024 K=1024 tile_N=128 runs=6
  CORES: cores 0-7 execute RVV kernels
  INPUT_CONTRACT: CANONICAL_FULL_MATRIX
PRIMARY_SOURCE=/home/bananapi/MAT/kernels riscv rvv 1.0/FINAL/riscv-rvv-ime-gemm-microkernels-updated/GEMM_RVV_FP32_INT8_8x8_Baseline/RVV_IGEMM_INT8_I8I32_8x8/igemm_kernel_8x8_zvl256b_lmulmf4_unroll2/igemm_kernel_8x8_zvl256b_lmulmf4_unroll2_i8i32.c
    run 1: OK GOPS=52.489454 time=0.040912669 threads=8 validation=1
      schedule: static chunk=0
      workers: 0:cpu0:tiles1;1:cpu1:tiles1;2:cpu2:tiles1;3:cpu3:tiles1;4:cpu4:tiles1;5:cpu5:tiles1;6:cpu6:tiles1;7:cpu7:tiles1
    run 2: OK GOPS=52.633704 time=0.040800542 threads=8 validation=0
      schedule: static chunk=0
      workers: 0:cpu0:tiles1;1:cpu1:tiles1;2:cpu2:tiles1;3:cpu3:tiles1;4:cpu4:tiles1;5:cpu5:tiles1;6:cpu6:tiles1;7:cpu7:tiles1
    run 3: OK GOPS=46.179380 time=0.046503086 threads=8 validation=0
      schedule: static chunk=0
      workers: 0:cpu0:tiles1;1:cpu1:tiles1;2:cpu2:tiles1;3:cpu3:tiles1;4:cpu4:tiles1;5:cpu5:tiles1;6:cpu6:tiles1;7:cpu7:tiles1
    run 4: OK GOPS=48.418819 time=0.044352252 threads=8 validation=0
      schedule: static chunk=0
      workers: 0:cpu0:tiles1;1:cpu1:tiles1;2:cpu2:tiles1;3:cpu3:tiles1;4:cpu4:tiles1;5:cpu5:tiles1;6:cpu6:tiles1;7:cpu7:tiles1
    run 5: OK GOPS=53.181646 time=0.040380165 threads=8 validation=0
      schedule: static chunk=0
      workers: 0:cpu0:tiles1;1:cpu1:tiles1;2:cpu2:tiles1;3:cpu3:tiles1;4:cpu4:tiles1;5:cpu5:tiles1;6:cpu6:tiles1;7:cpu7:tiles1
    run 6: OK GOPS=51.137109 time=0.041994624 threads=8 validation=0
      schedule: static chunk=0
      workers: 0:cpu0:tiles1;1:cpu1:tiles1;2:cpu2:tiles1;3:cpu3:tiles1;4:cpu4:tiles1;5:cpu5:tiles1;6:cpu6:tiles1;7:cpu7:tiles1
============================================================
KERNEL: igemm_kernel_8x8_zvl256b_lmulmf4_unroll4_i8i32
  MODE: K1 all-core RVV OpenMP baseline
  BASELINE: GEMM_RVV_FP32_INT8_8x8_Baseline
  FAMILY: RVV_IGEMM_INT8_I8I32_8x8
  PATH: INT8 RVV widening GEMM (INT8 x INT8 -> INT32)
  TILE: 8x8 ZVL=256b LMUL=mf4 UNROLL=4
  WORK: M=1024 N=1024 K=1024 tile_N=128 runs=6
  CORES: cores 0-7 execute RVV kernels
  INPUT_CONTRACT: CANONICAL_FULL_MATRIX
PRIMARY_SOURCE=/home/bananapi/MAT/kernels riscv rvv 1.0/FINAL/riscv-rvv-ime-gemm-microkernels-updated/GEMM_RVV_FP32_INT8_8x8_Baseline/RVV_IGEMM_INT8_I8I32_8x8/igemm_kernel_8x8_zvl256b_lmulmf4_unroll4/igemm_kernel_8x8_zvl256b_lmulmf4_unroll4_i8i32.c
    run 1: OK GOPS=52.058054 time=0.041251708 threads=8 validation=1
      schedule: static chunk=0
      workers: 0:cpu0:tiles1;1:cpu1:tiles1;2:cpu2:tiles1;3:cpu3:tiles1;4:cpu4:tiles1;5:cpu5:tiles1;6:cpu6:tiles1;7:cpu7:tiles1
    run 2: OK GOPS=54.154797 time=0.039654542 threads=8 validation=0
      schedule: static chunk=0
      workers: 0:cpu0:tiles1;1:cpu1:tiles1;2:cpu2:tiles1;3:cpu3:tiles1;4:cpu4:tiles1;5:cpu5:tiles1;6:cpu6:tiles1;7:cpu7:tiles1
    run 3: OK GOPS=54.278215 time=0.039564375 threads=8 validation=0
      schedule: static chunk=0
      workers: 0:cpu0:tiles1;1:cpu1:tiles1;2:cpu2:tiles1;3:cpu3:tiles1;4:cpu4:tiles1;5:cpu5:tiles1;6:cpu6:tiles1;7:cpu7:tiles1
    run 4: OK GOPS=52.361102 time=0.041012958 threads=8 validation=0
      schedule: static chunk=0
      workers: 0:cpu0:tiles1;1:cpu1:tiles1;2:cpu2:tiles1;3:cpu3:tiles1;4:cpu4:tiles1;5:cpu5:tiles1;6:cpu6:tiles1;7:cpu7:tiles1
    run 5: OK GOPS=53.240975 time=0.040335167 threads=8 validation=0
      schedule: static chunk=0
      workers: 0:cpu0:tiles1;1:cpu1:tiles1;2:cpu2:tiles1;3:cpu3:tiles1;4:cpu4:tiles1;5:cpu5:tiles1;6:cpu6:tiles1;7:cpu7:tiles1
    run 6: OK GOPS=52.852467 time=0.040631663 threads=8 validation=0
      schedule: static chunk=0
      workers: 0:cpu0:tiles1;1:cpu1:tiles1;2:cpu2:tiles1;3:cpu3:tiles1;4:cpu4:tiles1;5:cpu5:tiles1;6:cpu6:tiles1;7:cpu7:tiles1
============================================================
KERNEL: igemm_kernel_8x8_zvl256b_lmulmf4_unroll8_i8i32
  MODE: K1 all-core RVV OpenMP baseline
  BASELINE: GEMM_RVV_FP32_INT8_8x8_Baseline
  FAMILY: RVV_IGEMM_INT8_I8I32_8x8
  PATH: INT8 RVV widening GEMM (INT8 x INT8 -> INT32)
  TILE: 8x8 ZVL=256b LMUL=mf4 UNROLL=8
  WORK: M=1024 N=1024 K=1024 tile_N=128 runs=6
  CORES: cores 0-7 execute RVV kernels
  INPUT_CONTRACT: CANONICAL_FULL_MATRIX
PRIMARY_SOURCE=/home/bananapi/MAT/kernels riscv rvv 1.0/FINAL/riscv-rvv-ime-gemm-microkernels-updated/GEMM_RVV_FP32_INT8_8x8_Baseline/RVV_IGEMM_INT8_I8I32_8x8/igemm_kernel_8x8_zvl256b_lmulmf4_unroll8/igemm_kernel_8x8_zvl256b_lmulmf4_unroll8_i8i32.c
    run 1: OK GOPS=54.035788 time=0.039741877 threads=8 validation=1
      schedule: static chunk=0
      workers: 0:cpu0:tiles1;1:cpu1:tiles1;2:cpu2:tiles1;3:cpu3:tiles1;4:cpu4:tiles1;5:cpu5:tiles1;6:cpu6:tiles1;7:cpu7:tiles1
    run 2: OK GOPS=54.844654 time=0.039155751 threads=8 validation=0
      schedule: static chunk=0
      workers: 0:cpu0:tiles1;1:cpu1:tiles1;2:cpu2:tiles1;3:cpu3:tiles1;4:cpu4:tiles1;5:cpu5:tiles1;6:cpu6:tiles1;7:cpu7:tiles1
    run 3: OK GOPS=53.200198 time=0.040366083 threads=8 validation=0
      schedule: static chunk=0
      workers: 0:cpu0:tiles1;1:cpu1:tiles1;2:cpu2:tiles1;3:cpu3:tiles1;4:cpu4:tiles1;5:cpu5:tiles1;6:cpu6:tiles1;7:cpu7:tiles1
    run 4: OK GOPS=55.432937 time=0.038740210 threads=8 validation=0
      schedule: static chunk=0
      workers: 0:cpu0:tiles1;1:cpu1:tiles1;2:cpu2:tiles1;3:cpu3:tiles1;4:cpu4:tiles1;5:cpu5:tiles1;6:cpu6:tiles1;7:cpu7:tiles1
    run 5: OK GOPS=51.093158 time=0.042030748 threads=8 validation=0
      schedule: static chunk=0
      workers: 0:cpu0:tiles1;1:cpu1:tiles1;2:cpu2:tiles1;3:cpu3:tiles1;4:cpu4:tiles1;5:cpu5:tiles1;6:cpu6:tiles1;7:cpu7:tiles1
    run 6: OK GOPS=54.300231 time=0.039548334 threads=8 validation=0
      schedule: static chunk=0
      workers: 0:cpu0:tiles1;1:cpu1:tiles1;2:cpu2:tiles1;3:cpu3:tiles1;4:cpu4:tiles1;5:cpu5:tiles1;6:cpu6:tiles1;7:cpu7:tiles1
SKIP_UNSUPPORTED_KERNEL=igemm_kernel_8x4_zvl256b_lmul1_unroll1_i8i32; reason=duplicate INT8 source; canonical tree is GEMM_RVV_FP32_INT8_*
SKIP_UNSUPPORTED_KERNEL=igemm_kernel_8x4_zvl256b_lmul1_unroll2_i8i32; reason=duplicate INT8 source; canonical tree is GEMM_RVV_FP32_INT8_*
SKIP_UNSUPPORTED_KERNEL=igemm_kernel_8x4_zvl256b_lmul1_unroll4_i8i32; reason=duplicate INT8 source; canonical tree is GEMM_RVV_FP32_INT8_*
SKIP_UNSUPPORTED_KERNEL=igemm_kernel_8x4_zvl256b_lmul1_unroll8_i8i32; reason=duplicate INT8 source; canonical tree is GEMM_RVV_FP32_INT8_*
SKIP_UNSUPPORTED_KERNEL=igemm_kernel_8x4_zvl256b_lmul2_unroll1_i8i32; reason=duplicate INT8 source; canonical tree is GEMM_RVV_FP32_INT8_*
SKIP_UNSUPPORTED_KERNEL=igemm_kernel_8x4_zvl256b_lmul2_unroll2_i8i32; reason=duplicate INT8 source; canonical tree is GEMM_RVV_FP32_INT8_*
SKIP_UNSUPPORTED_KERNEL=igemm_kernel_8x4_zvl256b_lmul2_unroll4_i8i32; reason=duplicate INT8 source; canonical tree is GEMM_RVV_FP32_INT8_*
SKIP_UNSUPPORTED_KERNEL=igemm_kernel_8x4_zvl256b_lmul2_unroll8_i8i32; reason=duplicate INT8 source; canonical tree is GEMM_RVV_FP32_INT8_*
SKIP_UNSUPPORTED_KERNEL=igemm_kernel_8x4_zvl256b_lmulmf2_unroll1_i8i32; reason=duplicate INT8 source; canonical tree is GEMM_RVV_FP32_INT8_*
SKIP_UNSUPPORTED_KERNEL=igemm_kernel_8x4_zvl256b_lmulmf2_unroll2_i8i32; reason=duplicate INT8 source; canonical tree is GEMM_RVV_FP32_INT8_*
SKIP_UNSUPPORTED_KERNEL=igemm_kernel_8x4_zvl256b_lmulmf2_unroll4_i8i32; reason=duplicate INT8 source; canonical tree is GEMM_RVV_FP32_INT8_*
SKIP_UNSUPPORTED_KERNEL=igemm_kernel_8x4_zvl256b_lmulmf2_unroll8_i8i32; reason=duplicate INT8 source; canonical tree is GEMM_RVV_FP32_INT8_*
SKIP_UNSUPPORTED_KERNEL=igemm_kernel_8x4_zvl256b_lmulmf4_unroll1_i8i32; reason=duplicate INT8 source; canonical tree is GEMM_RVV_FP32_INT8_*
SKIP_UNSUPPORTED_KERNEL=igemm_kernel_8x4_zvl256b_lmulmf4_unroll2_i8i32; reason=duplicate INT8 source; canonical tree is GEMM_RVV_FP32_INT8_*
SKIP_UNSUPPORTED_KERNEL=igemm_kernel_8x4_zvl256b_lmulmf4_unroll4_i8i32; reason=duplicate INT8 source; canonical tree is GEMM_RVV_FP32_INT8_*
SKIP_UNSUPPORTED_KERNEL=igemm_kernel_8x4_zvl256b_lmulmf4_unroll8_i8i32; reason=duplicate INT8 source; canonical tree is GEMM_RVV_FP32_INT8_*
SKIP_UNSUPPORTED_KERNEL=igemm_kernel_8x4_zvl256b_lmulmf8_unroll1_i8i32; reason=duplicate INT8 source; canonical tree is GEMM_RVV_FP32_INT8_*
SKIP_UNSUPPORTED_KERNEL=igemm_kernel_8x4_zvl256b_lmulmf8_unroll2_i8i32; reason=duplicate INT8 source; canonical tree is GEMM_RVV_FP32_INT8_*
SKIP_UNSUPPORTED_KERNEL=igemm_kernel_8x4_zvl256b_lmulmf8_unroll4_i8i32; reason=duplicate INT8 source; canonical tree is GEMM_RVV_FP32_INT8_*
SKIP_UNSUPPORTED_KERNEL=igemm_kernel_8x4_zvl256b_lmulmf8_unroll8_i8i32; reason=duplicate INT8 source; canonical tree is GEMM_RVV_FP32_INT8_*
SKIP_UNSUPPORTED_KERNEL=igemm_kernel_8x8_zvl256b_lmul1_unroll1_i8i32; reason=duplicate INT8 source; canonical tree is GEMM_RVV_FP32_INT8_*
SKIP_UNSUPPORTED_KERNEL=igemm_kernel_8x8_zvl256b_lmul1_unroll2_i8i32; reason=duplicate INT8 source; canonical tree is GEMM_RVV_FP32_INT8_*
SKIP_UNSUPPORTED_KERNEL=igemm_kernel_8x8_zvl256b_lmul1_unroll4_i8i32; reason=duplicate INT8 source; canonical tree is GEMM_RVV_FP32_INT8_*
SKIP_UNSUPPORTED_KERNEL=igemm_kernel_8x8_zvl256b_lmul1_unroll8_i8i32; reason=duplicate INT8 source; canonical tree is GEMM_RVV_FP32_INT8_*
SKIP_UNSUPPORTED_KERNEL=igemm_kernel_8x8_zvl256b_lmul2_unroll1_i8i32; reason=duplicate INT8 source; canonical tree is GEMM_RVV_FP32_INT8_*
SKIP_UNSUPPORTED_KERNEL=igemm_kernel_8x8_zvl256b_lmul2_unroll2_i8i32; reason=duplicate INT8 source; canonical tree is GEMM_RVV_FP32_INT8_*
SKIP_UNSUPPORTED_KERNEL=igemm_kernel_8x8_zvl256b_lmul2_unroll4_i8i32; reason=duplicate INT8 source; canonical tree is GEMM_RVV_FP32_INT8_*
SKIP_UNSUPPORTED_KERNEL=igemm_kernel_8x8_zvl256b_lmul2_unroll8_i8i32; reason=duplicate INT8 source; canonical tree is GEMM_RVV_FP32_INT8_*
SKIP_UNSUPPORTED_KERNEL=igemm_kernel_8x8_zvl256b_lmulmf2_unroll1_i8i32; reason=duplicate INT8 source; canonical tree is GEMM_RVV_FP32_INT8_*
SKIP_UNSUPPORTED_KERNEL=igemm_kernel_8x8_zvl256b_lmulmf2_unroll2_i8i32; reason=duplicate INT8 source; canonical tree is GEMM_RVV_FP32_INT8_*
SKIP_UNSUPPORTED_KERNEL=igemm_kernel_8x8_zvl256b_lmulmf2_unroll4_i8i32; reason=duplicate INT8 source; canonical tree is GEMM_RVV_FP32_INT8_*
SKIP_UNSUPPORTED_KERNEL=igemm_kernel_8x8_zvl256b_lmulmf2_unroll8_i8i32; reason=duplicate INT8 source; canonical tree is GEMM_RVV_FP32_INT8_*
SKIP_UNSUPPORTED_KERNEL=igemm_kernel_8x8_zvl256b_lmulmf4_unroll1_i8i32; reason=duplicate INT8 source; canonical tree is GEMM_RVV_FP32_INT8_*
SKIP_UNSUPPORTED_KERNEL=igemm_kernel_8x8_zvl256b_lmulmf4_unroll2_i8i32; reason=duplicate INT8 source; canonical tree is GEMM_RVV_FP32_INT8_*
SKIP_UNSUPPORTED_KERNEL=igemm_kernel_8x8_zvl256b_lmulmf4_unroll4_i8i32; reason=duplicate INT8 source; canonical tree is GEMM_RVV_FP32_INT8_*
SKIP_UNSUPPORTED_KERNEL=igemm_kernel_8x8_zvl256b_lmulmf4_unroll8_i8i32; reason=duplicate INT8 source; canonical tree is GEMM_RVV_FP32_INT8_*
============================================================
DONE status=OK
kernels_built=36
ok_runs=216
failed_runs=0
build_failed=0
Raw CSV: /home/bananapi/MAT/kernels riscv rvv 1.0/FINAL/riscv-rvv-ime-gemm-microkernels-updated/HETEROGENEOUS_RVV_IME_OPENMP_GEMM/results/openmp_results_k1-rvv_1024_20260904_133315/openmp_raw_k1-rvv_1024_runs6_20260904_133315.csv
Summary CSV: /home/bananapi/MAT/kernels riscv rvv 1.0/FINAL/riscv-rvv-ime-gemm-microkernels-updated/HETEROGENEOUS_RVV_IME_OPENMP_GEMM/results/openmp_results_k1-rvv_1024_20260904_133315/openmp_summary_k1-rvv_1024_runs6_20260904_133315.csv
Latest raw CSV: /home/bananapi/MAT/kernels riscv rvv 1.0/FINAL/riscv-rvv-ime-gemm-microkernels-updated/HETEROGENEOUS_RVV_IME_OPENMP_GEMM/results/openmp_raw_latest_k1-rvv.csv
Latest summary CSV: /home/bananapi/MAT/kernels riscv rvv 1.0/FINAL/riscv-rvv-ime-gemm-microkernels-updated/HETEROGENEOUS_RVV_IME_OPENMP_GEMM/results/openmp_summary_latest_k1-rvv.csv
Latest live log: /home/bananapi/MAT/kernels riscv rvv 1.0/FINAL/riscv-rvv-ime-gemm-microkernels-updated/HETEROGENEOUS_RVV_IME_OPENMP_GEMM/results/openmp_live_latest_k1-rvv.log
Raw logs: /home/bananapi/MAT/kernels riscv rvv 1.0/FINAL/riscv-rvv-ime-gemm-microkernels-updated/HETEROGENEOUS_RVV_IME_OPENMP_GEMM/results/openmp_results_k1-rvv_1024_20260904_133315/raw_logs
============================================================
CASE_RESULT=OK
============================================================
CASE series=IME tile_N=128 mode=k1-ime threads=4 M=1024 N=1024 K=1024 tile_N=128 schedule=static chunk=1 kernel=*
OpenMP all-kernel tiled GEMM campaign
MODE=k1-ime (K1 IME-cluster OpenMP baseline) M=1024 N=1024 K=1024 tile_N=128 RUNS=6
CORE_PLAN=cores 0-3 execute native IME kernels
PROJECT_ROOT=/home/bananapi/MAT/kernels riscv rvv 1.0/FINAL/riscv-rvv-ime-gemm-microkernels-updated
RESULT_DIR=/home/bananapi/MAT/kernels riscv rvv 1.0/FINAL/riscv-rvv-ime-gemm-microkernels-updated/HETEROGENEOUS_RVV_IME_OPENMP_GEMM/results/openmp_results_k1-ime_1024_20260904_135625
COMPILER=gcc (Bianbu 14.2.0-4ubuntu2~24.04bb1) 14.2.0
BUILD_FLAGS=-O3 -std=c11 -Wall -Wextra -Wno-unknown-pragmas -fopenmp -march=rv64gcv_zvl256b -mabi=lp64d
OMP_NUM_THREADS=4 OMP_PROC_BIND=close OMP_PLACES=cores OMP_DYNAMIC=false OMP_MAX_ACTIVE_LEVELS=2
TILE_SCHEDULE=static DYNAMIC_CHUNK=1
GEMM_VALIDATE=1 VALIDATE_EACH_RUN=0 GEMM_WARMUP=1 ENABLE_MF2=0 BUILD_ONLY=0 ZVL_FILTER=256b KERNEL_FILTER=* KIND_FILTER=INT8_IME PERF_STAT=0 STATIC_IME_WEIGHT=4 STATIC_RVV_WEIGHT=1
Cpus_allowed_list:	0-7
MEMORY_NODES_ONLINE=not_exposed
CLUSTER_PLACEMENT=exact_core_affinity; contiguous_output_ownership
============================================================
KERNEL: ime_kernel_8x4_zvl256b_lmul1_unroll1
  MODE: K1 IME-cluster OpenMP baseline
  BASELINE: IME_NATIVE_KERNELS
  FAMILY: IME_GEMM_INT8_I8I32_8x4_NATIVE
  PATH: INT8 native IME GEMM (INT8 x INT8 -> INT32)
  TILE: 8x4 ZVL=256b LMUL=1 UNROLL=1
  WORK: M=1024 N=1024 K=1024 tile_N=128 runs=6
  CORES: cores 0-3 execute native IME kernels
  INPUT_CONTRACT: IME_FULL_K_MAJOR
PRIMARY_SOURCE=/home/bananapi/MAT/kernels riscv rvv 1.0/FINAL/riscv-rvv-ime-gemm-microkernels-updated/IME_NATIVE_KERNELS/IME_GEMM_INT8_I8I32_8x4_NATIVE/ime_kernel_8x4_zvl256b_lmul1_unroll1/ime_kernel_8x4_zvl256b_lmul1_unroll1.c
    run 1: OK GOPS=26.305274 time=0.081636999 threads=4 validation=1
      schedule: static chunk=0
      workers: 0:cpu0:tiles2;1:cpu1:tiles2;2:cpu2:tiles2;3:cpu3:tiles2
    run 2: OK GOPS=27.583871 time=0.077852875 threads=4 validation=0
      schedule: static chunk=0
      workers: 0:cpu0:tiles2;1:cpu1:tiles2;2:cpu2:tiles2;3:cpu3:tiles2
    run 3: OK GOPS=27.226618 time=0.078874417 threads=4 validation=0
      schedule: static chunk=0
      workers: 0:cpu0:tiles2;1:cpu1:tiles2;2:cpu2:tiles2;3:cpu3:tiles2
    run 4: OK GOPS=28.035964 time=0.076597460 threads=4 validation=0
      schedule: static chunk=0
      workers: 0:cpu0:tiles2;1:cpu1:tiles2;2:cpu2:tiles2;3:cpu3:tiles2
    run 5: OK GOPS=27.382742 time=0.078424711 threads=4 validation=0
      schedule: static chunk=0
      workers: 0:cpu0:tiles2;1:cpu1:tiles2;2:cpu2:tiles2;3:cpu3:tiles2
    run 6: OK GOPS=25.995050 time=0.082611252 threads=4 validation=0
      schedule: static chunk=0
      workers: 0:cpu0:tiles2;1:cpu1:tiles2;2:cpu2:tiles2;3:cpu3:tiles2
============================================================
KERNEL: ime_kernel_8x4_zvl256b_lmul1_unroll2
  MODE: K1 IME-cluster OpenMP baseline
  BASELINE: IME_NATIVE_KERNELS
  FAMILY: IME_GEMM_INT8_I8I32_8x4_NATIVE
  PATH: INT8 native IME GEMM (INT8 x INT8 -> INT32)
  TILE: 8x4 ZVL=256b LMUL=1 UNROLL=2
  WORK: M=1024 N=1024 K=1024 tile_N=128 runs=6
  CORES: cores 0-3 execute native IME kernels
  INPUT_CONTRACT: IME_FULL_K_MAJOR
PRIMARY_SOURCE=/home/bananapi/MAT/kernels riscv rvv 1.0/FINAL/riscv-rvv-ime-gemm-microkernels-updated/IME_NATIVE_KERNELS/IME_GEMM_INT8_I8I32_8x4_NATIVE/ime_kernel_8x4_zvl256b_lmul1_unroll2/ime_kernel_8x4_zvl256b_lmul1_unroll2.c
    run 1: OK GOPS=27.411099 time=0.078343581 threads=4 validation=1
      schedule: static chunk=0
      workers: 0:cpu0:tiles2;1:cpu1:tiles2;2:cpu2:tiles2;3:cpu3:tiles2
    run 2: OK GOPS=25.706103 time=0.083539836 threads=4 validation=0
      schedule: static chunk=0
      workers: 0:cpu0:tiles2;1:cpu1:tiles2;2:cpu2:tiles2;3:cpu3:tiles2
    run 3: OK GOPS=28.728382 time=0.074751291 threads=4 validation=0
      schedule: static chunk=0
      workers: 0:cpu0:tiles2;1:cpu1:tiles2;2:cpu2:tiles2;3:cpu3:tiles2
    run 4: OK GOPS=27.297321 time=0.078670125 threads=4 validation=0
      schedule: static chunk=0
      workers: 0:cpu0:tiles2;1:cpu1:tiles2;2:cpu2:tiles2;3:cpu3:tiles2
    run 5: OK GOPS=27.857183 time=0.077089045 threads=4 validation=0
      schedule: static chunk=0
      workers: 0:cpu0:tiles2;1:cpu1:tiles2;2:cpu2:tiles2;3:cpu3:tiles2
    run 6: OK GOPS=27.422649 time=0.078310583 threads=4 validation=0
      schedule: static chunk=0
      workers: 0:cpu0:tiles2;1:cpu1:tiles2;2:cpu2:tiles2;3:cpu3:tiles2
============================================================
KERNEL: ime_kernel_8x4_zvl256b_lmul1_unroll4
  MODE: K1 IME-cluster OpenMP baseline
  BASELINE: IME_NATIVE_KERNELS
  FAMILY: IME_GEMM_INT8_I8I32_8x4_NATIVE
  PATH: INT8 native IME GEMM (INT8 x INT8 -> INT32)
  TILE: 8x4 ZVL=256b LMUL=1 UNROLL=4
  WORK: M=1024 N=1024 K=1024 tile_N=128 runs=6
  CORES: cores 0-3 execute native IME kernels
  INPUT_CONTRACT: IME_FULL_K_MAJOR
PRIMARY_SOURCE=/home/bananapi/MAT/kernels riscv rvv 1.0/FINAL/riscv-rvv-ime-gemm-microkernels-updated/IME_NATIVE_KERNELS/IME_GEMM_INT8_I8I32_8x4_NATIVE/ime_kernel_8x4_zvl256b_lmul1_unroll4/ime_kernel_8x4_zvl256b_lmul1_unroll4.c
    run 1: OK GOPS=30.421152 time=0.070591792 threads=4 validation=1
      schedule: static chunk=0
      workers: 0:cpu0:tiles2;1:cpu1:tiles2;2:cpu2:tiles2;3:cpu3:tiles2
    run 2: OK GOPS=28.396932 time=0.075623792 threads=4 validation=0
      schedule: static chunk=0
      workers: 0:cpu0:tiles2;1:cpu1:tiles2;2:cpu2:tiles2;3:cpu3:tiles2
    run 3: OK GOPS=27.841895 time=0.077131376 threads=4 validation=0
      schedule: static chunk=0
      workers: 0:cpu0:tiles2;1:cpu1:tiles2;2:cpu2:tiles2;3:cpu3:tiles2
    run 4: OK GOPS=26.521898 time=0.080970209 threads=4 validation=0
      schedule: static chunk=0
      workers: 0:cpu0:tiles2;1:cpu1:tiles2;2:cpu2:tiles2;3:cpu3:tiles2
    run 5: OK GOPS=28.064849 time=0.076518625 threads=4 validation=0
      schedule: static chunk=0
      workers: 0:cpu0:tiles2;1:cpu1:tiles2;2:cpu2:tiles2;3:cpu3:tiles2
    run 6: OK GOPS=25.658932 time=0.083693415 threads=4 validation=0
      schedule: static chunk=0
      workers: 0:cpu0:tiles2;1:cpu1:tiles2;2:cpu2:tiles2;3:cpu3:tiles2
============================================================
KERNEL: ime_kernel_8x4_zvl256b_lmul1_unroll8
  MODE: K1 IME-cluster OpenMP baseline
  BASELINE: IME_NATIVE_KERNELS
  FAMILY: IME_GEMM_INT8_I8I32_8x4_NATIVE
  PATH: INT8 native IME GEMM (INT8 x INT8 -> INT32)
  TILE: 8x4 ZVL=256b LMUL=1 UNROLL=8
  WORK: M=1024 N=1024 K=1024 tile_N=128 runs=6
  CORES: cores 0-3 execute native IME kernels
  INPUT_CONTRACT: IME_FULL_K_MAJOR
PRIMARY_SOURCE=/home/bananapi/MAT/kernels riscv rvv 1.0/FINAL/riscv-rvv-ime-gemm-microkernels-updated/IME_NATIVE_KERNELS/IME_GEMM_INT8_I8I32_8x4_NATIVE/ime_kernel_8x4_zvl256b_lmul1_unroll8/ime_kernel_8x4_zvl256b_lmul1_unroll8.c
    run 1: OK GOPS=27.627386 time=0.077730250 threads=4 validation=1
      schedule: static chunk=0
      workers: 0:cpu0:tiles2;1:cpu1:tiles2;2:cpu2:tiles2;3:cpu3:tiles2
    run 2: OK GOPS=25.875193 time=0.082993917 threads=4 validation=0
      schedule: static chunk=0
      workers: 0:cpu0:tiles2;1:cpu1:tiles2;2:cpu2:tiles2;3:cpu3:tiles2
    run 3: OK GOPS=29.212397 time=0.073512752 threads=4 validation=0
      schedule: static chunk=0
      workers: 0:cpu0:tiles2;1:cpu1:tiles2;2:cpu2:tiles2;3:cpu3:tiles2
    run 4: OK GOPS=29.179005 time=0.073596876 threads=4 validation=0
      schedule: static chunk=0
      workers: 0:cpu0:tiles2;1:cpu1:tiles2;2:cpu2:tiles2;3:cpu3:tiles2
    run 5: OK GOPS=27.436124 time=0.078272123 threads=4 validation=0
      schedule: static chunk=0
      workers: 0:cpu0:tiles2;1:cpu1:tiles2;2:cpu2:tiles2;3:cpu3:tiles2
    run 6: OK GOPS=26.484909 time=0.081083294 threads=4 validation=0
      schedule: static chunk=0
      workers: 0:cpu0:tiles2;1:cpu1:tiles2;2:cpu2:tiles2;3:cpu3:tiles2
SKIP_EXPERIMENTAL_MF2=ime_kernel_8x4_zvl256b_lmulmf2_unroll1
SKIP_EXPERIMENTAL_MF2=ime_kernel_8x4_zvl256b_lmulmf2_unroll2
SKIP_EXPERIMENTAL_MF2=ime_kernel_8x4_zvl256b_lmulmf2_unroll4
SKIP_EXPERIMENTAL_MF2=ime_kernel_8x4_zvl256b_lmulmf2_unroll8
============================================================
KERNEL: ime_kernel_8x8_zvl256b_lmul1_unroll1
  MODE: K1 IME-cluster OpenMP baseline
  BASELINE: IME_NATIVE_KERNELS
  FAMILY: IME_GEMM_INT8_I8I32_8x8_NATIVE
  PATH: INT8 native IME GEMM (INT8 x INT8 -> INT32)
  TILE: 8x8 ZVL=256b LMUL=1 UNROLL=1
  WORK: M=1024 N=1024 K=1024 tile_N=128 runs=6
  CORES: cores 0-3 execute native IME kernels
  INPUT_CONTRACT: IME_FULL_K_MAJOR
PRIMARY_SOURCE=/home/bananapi/MAT/kernels riscv rvv 1.0/FINAL/riscv-rvv-ime-gemm-microkernels-updated/IME_NATIVE_KERNELS/IME_GEMM_INT8_I8I32_8x8_NATIVE/ime_kernel_8x8_zvl256b_lmul1_unroll1/ime_kernel_8x8_zvl256b_lmul1_unroll1.c
    run 1: OK GOPS=41.895749 time=0.051257793 threads=4 validation=1
      schedule: static chunk=0
      workers: 0:cpu0:tiles2;1:cpu1:tiles2;2:cpu2:tiles2;3:cpu3:tiles2
    run 2: OK GOPS=40.077797 time=0.053582877 threads=4 validation=0
      schedule: static chunk=0
      workers: 0:cpu0:tiles2;1:cpu1:tiles2;2:cpu2:tiles2;3:cpu3:tiles2
    run 3: OK GOPS=43.699853 time=0.049141668 threads=4 validation=0
      schedule: static chunk=0
      workers: 0:cpu0:tiles2;1:cpu1:tiles2;2:cpu2:tiles2;3:cpu3:tiles2
    run 4: OK GOPS=41.016758 time=0.052356251 threads=4 validation=0
      schedule: static chunk=0
      workers: 0:cpu0:tiles2;1:cpu1:tiles2;2:cpu2:tiles2;3:cpu3:tiles2
    run 5: OK GOPS=43.439123 time=0.049436625 threads=4 validation=0
      schedule: static chunk=0
      workers: 0:cpu0:tiles2;1:cpu1:tiles2;2:cpu2:tiles2;3:cpu3:tiles2
    run 6: OK GOPS=43.230563 time=0.049675126 threads=4 validation=0
      schedule: static chunk=0
      workers: 0:cpu0:tiles2;1:cpu1:tiles2;2:cpu2:tiles2;3:cpu3:tiles2
============================================================
KERNEL: ime_kernel_8x8_zvl256b_lmul1_unroll2
  MODE: K1 IME-cluster OpenMP baseline
  BASELINE: IME_NATIVE_KERNELS
  FAMILY: IME_GEMM_INT8_I8I32_8x8_NATIVE
  PATH: INT8 native IME GEMM (INT8 x INT8 -> INT32)
  TILE: 8x8 ZVL=256b LMUL=1 UNROLL=2
  WORK: M=1024 N=1024 K=1024 tile_N=128 runs=6
  CORES: cores 0-3 execute native IME kernels
  INPUT_CONTRACT: IME_FULL_K_MAJOR
PRIMARY_SOURCE=/home/bananapi/MAT/kernels riscv rvv 1.0/FINAL/riscv-rvv-ime-gemm-microkernels-updated/IME_NATIVE_KERNELS/IME_GEMM_INT8_I8I32_8x8_NATIVE/ime_kernel_8x8_zvl256b_lmul1_unroll2/ime_kernel_8x8_zvl256b_lmul1_unroll2.c
    run 1: OK GOPS=43.445347 time=0.049429543 threads=4 validation=1
      schedule: static chunk=0
      workers: 0:cpu0:tiles2;1:cpu1:tiles2;2:cpu2:tiles2;3:cpu3:tiles2
    run 2: OK GOPS=40.260475 time=0.053339750 threads=4 validation=0
      schedule: static chunk=0
      workers: 0:cpu0:tiles2;1:cpu1:tiles2;2:cpu2:tiles2;3:cpu3:tiles2
    run 3: OK GOPS=43.932966 time=0.048880916 threads=4 validation=0
      schedule: static chunk=0
      workers: 0:cpu0:tiles2;1:cpu1:tiles2;2:cpu2:tiles2;3:cpu3:tiles2
    run 4: OK GOPS=39.655643 time=0.054153293 threads=4 validation=0
      schedule: static chunk=0
      workers: 0:cpu0:tiles2;1:cpu1:tiles2;2:cpu2:tiles2;3:cpu3:tiles2
    run 5: OK GOPS=38.111145 time=0.056347918 threads=4 validation=0
      schedule: static chunk=0
      workers: 0:cpu0:tiles2;1:cpu1:tiles2;2:cpu2:tiles2;3:cpu3:tiles2
    run 6: OK GOPS=39.827406 time=0.053919747 threads=4 validation=0
      schedule: static chunk=0
      workers: 0:cpu0:tiles2;1:cpu1:tiles2;2:cpu2:tiles2;3:cpu3:tiles2
============================================================
KERNEL: ime_kernel_8x8_zvl256b_lmul1_unroll4
  MODE: K1 IME-cluster OpenMP baseline
  BASELINE: IME_NATIVE_KERNELS
  FAMILY: IME_GEMM_INT8_I8I32_8x8_NATIVE
  PATH: INT8 native IME GEMM (INT8 x INT8 -> INT32)
  TILE: 8x8 ZVL=256b LMUL=1 UNROLL=4
  WORK: M=1024 N=1024 K=1024 tile_N=128 runs=6
  CORES: cores 0-3 execute native IME kernels
  INPUT_CONTRACT: IME_FULL_K_MAJOR
PRIMARY_SOURCE=/home/bananapi/MAT/kernels riscv rvv 1.0/FINAL/riscv-rvv-ime-gemm-microkernels-updated/IME_NATIVE_KERNELS/IME_GEMM_INT8_I8I32_8x8_NATIVE/ime_kernel_8x8_zvl256b_lmul1_unroll4/ime_kernel_8x8_zvl256b_lmul1_unroll4.c
    run 1: OK GOPS=39.277310 time=0.054674916 threads=4 validation=1
      schedule: static chunk=0
      workers: 0:cpu0:tiles2;1:cpu1:tiles2;2:cpu2:tiles2;3:cpu3:tiles2
    run 2: OK GOPS=39.868348 time=0.053864375 threads=4 validation=0
      schedule: static chunk=0
      workers: 0:cpu0:tiles2;1:cpu1:tiles2;2:cpu2:tiles2;3:cpu3:tiles2
    run 3: OK GOPS=39.949498 time=0.053754959 threads=4 validation=0
      schedule: static chunk=0
      workers: 0:cpu0:tiles2;1:cpu1:tiles2;2:cpu2:tiles2;3:cpu3:tiles2
    run 4: OK GOPS=43.630564 time=0.049219709 threads=4 validation=0
      schedule: static chunk=0
      workers: 0:cpu0:tiles2;1:cpu1:tiles2;2:cpu2:tiles2;3:cpu3:tiles2
    run 5: OK GOPS=38.712435 time=0.055472709 threads=4 validation=0
      schedule: static chunk=0
      workers: 0:cpu0:tiles2;1:cpu1:tiles2;2:cpu2:tiles2;3:cpu3:tiles2
    run 6: OK GOPS=37.862584 time=0.056717832 threads=4 validation=0
      schedule: static chunk=0
      workers: 0:cpu0:tiles2;1:cpu1:tiles2;2:cpu2:tiles2;3:cpu3:tiles2
============================================================
KERNEL: ime_kernel_8x8_zvl256b_lmul1_unroll8
  MODE: K1 IME-cluster OpenMP baseline
  BASELINE: IME_NATIVE_KERNELS
  FAMILY: IME_GEMM_INT8_I8I32_8x8_NATIVE
  PATH: INT8 native IME GEMM (INT8 x INT8 -> INT32)
  TILE: 8x8 ZVL=256b LMUL=1 UNROLL=8
  WORK: M=1024 N=1024 K=1024 tile_N=128 runs=6
  CORES: cores 0-3 execute native IME kernels
  INPUT_CONTRACT: IME_FULL_K_MAJOR
PRIMARY_SOURCE=/home/bananapi/MAT/kernels riscv rvv 1.0/FINAL/riscv-rvv-ime-gemm-microkernels-updated/IME_NATIVE_KERNELS/IME_GEMM_INT8_I8I32_8x8_NATIVE/ime_kernel_8x8_zvl256b_lmul1_unroll8/ime_kernel_8x8_zvl256b_lmul1_unroll8.c
    run 1: OK GOPS=45.228355 time=0.047480915 threads=4 validation=1
      schedule: static chunk=0
      workers: 0:cpu0:tiles2;1:cpu1:tiles2;2:cpu2:tiles2;3:cpu3:tiles2
    run 2: OK GOPS=39.239778 time=0.054727212 threads=4 validation=0
      schedule: static chunk=0
      workers: 0:cpu0:tiles2;1:cpu1:tiles2;2:cpu2:tiles2;3:cpu3:tiles2
    run 3: OK GOPS=43.606424 time=0.049246956 threads=4 validation=0
      schedule: static chunk=0
      workers: 0:cpu0:tiles2;1:cpu1:tiles2;2:cpu2:tiles2;3:cpu3:tiles2
    run 4: OK GOPS=36.177539 time=0.059359584 threads=4 validation=0
      schedule: static chunk=0
      workers: 0:cpu0:tiles2;1:cpu1:tiles2;2:cpu2:tiles2;3:cpu3:tiles2
    run 5: OK GOPS=41.286383 time=0.052014332 threads=4 validation=0
      schedule: static chunk=0
      workers: 0:cpu0:tiles2;1:cpu1:tiles2;2:cpu2:tiles2;3:cpu3:tiles2
    run 6: OK GOPS=44.150682 time=0.048639875 threads=4 validation=0
      schedule: static chunk=0
      workers: 0:cpu0:tiles2;1:cpu1:tiles2;2:cpu2:tiles2;3:cpu3:tiles2
SKIP_EXPERIMENTAL_MF2=ime_kernel_8x8_zvl256b_lmulmf2_unroll1
SKIP_EXPERIMENTAL_MF2=ime_kernel_8x8_zvl256b_lmulmf2_unroll2
SKIP_EXPERIMENTAL_MF2=ime_kernel_8x8_zvl256b_lmulmf2_unroll4
SKIP_EXPERIMENTAL_MF2=ime_kernel_8x8_zvl256b_lmulmf2_unroll8
============================================================
DONE status=OK
kernels_built=8
ok_runs=48
failed_runs=0
build_failed=0
Raw CSV: /home/bananapi/MAT/kernels riscv rvv 1.0/FINAL/riscv-rvv-ime-gemm-microkernels-updated/HETEROGENEOUS_RVV_IME_OPENMP_GEMM/results/openmp_results_k1-ime_1024_20260904_135625/openmp_raw_k1-ime_1024_runs6_20260904_135625.csv
Summary CSV: /home/bananapi/MAT/kernels riscv rvv 1.0/FINAL/riscv-rvv-ime-gemm-microkernels-updated/HETEROGENEOUS_RVV_IME_OPENMP_GEMM/results/openmp_results_k1-ime_1024_20260904_135625/openmp_summary_k1-ime_1024_runs6_20260904_135625.csv
Latest raw CSV: /home/bananapi/MAT/kernels riscv rvv 1.0/FINAL/riscv-rvv-ime-gemm-microkernels-updated/HETEROGENEOUS_RVV_IME_OPENMP_GEMM/results/openmp_raw_latest_k1-ime.csv
Latest summary CSV: /home/bananapi/MAT/kernels riscv rvv 1.0/FINAL/riscv-rvv-ime-gemm-microkernels-updated/HETEROGENEOUS_RVV_IME_OPENMP_GEMM/results/openmp_summary_latest_k1-ime.csv
Latest live log: /home/bananapi/MAT/kernels riscv rvv 1.0/FINAL/riscv-rvv-ime-gemm-microkernels-updated/HETEROGENEOUS_RVV_IME_OPENMP_GEMM/results/openmp_live_latest_k1-ime.log
Raw logs: /home/bananapi/MAT/kernels riscv rvv 1.0/FINAL/riscv-rvv-ime-gemm-microkernels-updated/HETEROGENEOUS_RVV_IME_OPENMP_GEMM/results/openmp_results_k1-ime_1024_20260904_135625/raw_logs
============================================================
CASE_RESULT=OK
============================================================
DONE status=OK
Raw CSV: /home/bananapi/MAT/kernels riscv rvv 1.0/FINAL/riscv-rvv-ime-gemm-microkernels-updated/HETEROGENEOUS_RVV_IME_OPENMP_GEMM/results/paper_experiments/k1_kernel_tuning_20260904_113101/k1_kernel_tuning_raw.csv
Summary CSV: /home/bananapi/MAT/kernels riscv rvv 1.0/FINAL/riscv-rvv-ime-gemm-microkernels-updated/HETEROGENEOUS_RVV_IME_OPENMP_GEMM/results/paper_experiments/k1_kernel_tuning_20260904_113101/k1_kernel_tuning_summary.csv
Live log: /home/bananapi/MAT/kernels riscv rvv 1.0/FINAL/riscv-rvv-ime-gemm-microkernels-updated/HETEROGENEOUS_RVV_IME_OPENMP_GEMM/results/paper_experiments/k1_kernel_tuning_20260904_113101/k1_kernel_tuning.log
