timestamp,mode,baseline,family,kernel,tile_shape,zvl,lmul,unroll,kind,core_group,requested_threads,actual_threads,M,N,K,tile_N,run,status,return_code,failure_stage,time_sec,metric_name,metric_value,timing_scope,validation_method,mismatch_count,max_error,worker_placement,static_tile_split,schedule_policy,schedule_chunk,output_strip_distribution,paired_rvv_kernel,log_file,perf_cycles,perf_instructions,perf_ipc,perf_cache_references,perf_cache_misses,perf_cache_miss_rate,perf_log_file
2026-09-04T05:49:11,k1-rvv,"GEMM_RVV_FP32_INT8_8x4_Baseline","RVV_IGEMM_INT8_I8I32_8x4","igemm_kernel_8x4_zvl256b_lmul1_unroll1_i8i32",8x4,256b,1,1,INT8_RVV,0-7,8,8,1024,1024,1024,32,1,OK,0,NONE,0.309403878,GOPS,6.940713,parallel_tiles_including_required_packing,INDEPENDENT_INT64_REFERENCE_EXACT_INT32,0,0,"0:cpu0:tiles4;1:cpu1:tiles4;2:cpu2:tiles4;3:cpu3:tiles4;4:cpu4:tiles4;5:cpu5:tiles4;6:cpu6:tiles4;7:cpu7:tiles4","NA",static,0,"NA","NA","/home/bananapi/MAT/kernels riscv rvv 1.0/FINAL/riscv-rvv-ime-gemm-microkernels-updated/HETEROGENEOUS_RVV_IME_OPENMP_GEMM/results/openmp_results_k1-rvv_1024_20260904_054843/raw_logs/GEMM_RVV_FP32_INT8_8x4_Baseline_RVV_IGEMM_INT8_I8I32_8x4_igemm_kernel_8x4_zvl256b_lmul1_unroll1_i8i32_run1.log",NA,NA,NA,NA,NA,NA,NA
2026-09-04T05:49:12,k1-rvv,"GEMM_RVV_FP32_INT8_8x4_Baseline","RVV_IGEMM_INT8_I8I32_8x4","igemm_kernel_8x4_zvl256b_lmul1_unroll1_i8i32",8x4,256b,1,1,INT8_RVV,0-7,8,8,1024,1024,1024,32,2,OK,0,NONE,0.307935126,GOPS,6.973818,parallel_tiles_including_required_packing,DISABLED,0,0,"0:cpu0:tiles4;1:cpu1:tiles4;2:cpu2:tiles4;3:cpu3:tiles4;4:cpu4:tiles4;5:cpu5:tiles4;6:cpu6:tiles4;7:cpu7:tiles4","NA",static,0,"NA","NA","/home/bananapi/MAT/kernels riscv rvv 1.0/FINAL/riscv-rvv-ime-gemm-microkernels-updated/HETEROGENEOUS_RVV_IME_OPENMP_GEMM/results/openmp_results_k1-rvv_1024_20260904_054843/raw_logs/GEMM_RVV_FP32_INT8_8x4_Baseline_RVV_IGEMM_INT8_I8I32_8x4_igemm_kernel_8x4_zvl256b_lmul1_unroll1_i8i32_run2.log",NA,NA,NA,NA,NA,NA,NA
2026-09-04T05:49:13,k1-rvv,"GEMM_RVV_FP32_INT8_8x4_Baseline","RVV_IGEMM_INT8_I8I32_8x4","igemm_kernel_8x4_zvl256b_lmul1_unroll1_i8i32",8x4,256b,1,1,INT8_RVV,0-7,8,8,1024,1024,1024,32,3,OK,0,NONE,0.307550460,GOPS,6.982541,parallel_tiles_including_required_packing,DISABLED,0,0,"0:cpu0:tiles4;1:cpu1:tiles4;2:cpu2:tiles4;3:cpu3:tiles4;4:cpu4:tiles4;5:cpu5:tiles4;6:cpu6:tiles4;7:cpu7:tiles4","NA",static,0,"NA","NA","/home/bananapi/MAT/kernels riscv rvv 1.0/FINAL/riscv-rvv-ime-gemm-microkernels-updated/HETEROGENEOUS_RVV_IME_OPENMP_GEMM/results/openmp_results_k1-rvv_1024_20260904_054843/raw_logs/GEMM_RVV_FP32_INT8_8x4_Baseline_RVV_IGEMM_INT8_I8I32_8x4_igemm_kernel_8x4_zvl256b_lmul1_unroll1_i8i32_run3.log",NA,NA,NA,NA,NA,NA,NA
2026-09-04T05:49:14,k1-rvv,"GEMM_RVV_FP32_INT8_8x4_Baseline","RVV_IGEMM_INT8_I8I32_8x4","igemm_kernel_8x4_zvl256b_lmul1_unroll1_i8i32",8x4,256b,1,1,INT8_RVV,0-7,8,8,1024,1024,1024,32,4,OK,0,NONE,0.309195209,GOPS,6.945398,parallel_tiles_including_required_packing,DISABLED,0,0,"0:cpu0:tiles4;1:cpu1:tiles4;2:cpu2:tiles4;3:cpu3:tiles4;4:cpu4:tiles4;5:cpu5:tiles4;6:cpu6:tiles4;7:cpu7:tiles4","NA",static,0,"NA","NA","/home/bananapi/MAT/kernels riscv rvv 1.0/FINAL/riscv-rvv-ime-gemm-microkernels-updated/HETEROGENEOUS_RVV_IME_OPENMP_GEMM/results/openmp_results_k1-rvv_1024_20260904_054843/raw_logs/GEMM_RVV_FP32_INT8_8x4_Baseline_RVV_IGEMM_INT8_I8I32_8x4_igemm_kernel_8x4_zvl256b_lmul1_unroll1_i8i32_run4.log",NA,NA,NA,NA,NA,NA,NA
2026-09-04T05:49:15,k1-rvv,"GEMM_RVV_FP32_INT8_8x4_Baseline","RVV_IGEMM_INT8_I8I32_8x4","igemm_kernel_8x4_zvl256b_lmul1_unroll1_i8i32",8x4,256b,1,1,INT8_RVV,0-7,8,8,1024,1024,1024,32,5,OK,0,NONE,0.308711249,GOPS,6.956286,parallel_tiles_including_required_packing,DISABLED,0,0,"0:cpu0:tiles4;1:cpu1:tiles4;2:cpu2:tiles4;3:cpu3:tiles4;4:cpu4:tiles4;5:cpu5:tiles4;6:cpu6:tiles4;7:cpu7:tiles4","NA",static,0,"NA","NA","/home/bananapi/MAT/kernels riscv rvv 1.0/FINAL/riscv-rvv-ime-gemm-microkernels-updated/HETEROGENEOUS_RVV_IME_OPENMP_GEMM/results/openmp_results_k1-rvv_1024_20260904_054843/raw_logs/GEMM_RVV_FP32_INT8_8x4_Baseline_RVV_IGEMM_INT8_I8I32_8x4_igemm_kernel_8x4_zvl256b_lmul1_unroll1_i8i32_run5.log",NA,NA,NA,NA,NA,NA,NA
2026-09-04T05:49:16,k1-rvv,"GEMM_RVV_FP32_INT8_8x4_Baseline","RVV_IGEMM_INT8_I8I32_8x4","igemm_kernel_8x4_zvl256b_lmul1_unroll1_i8i32",8x4,256b,1,1,INT8_RVV,0-7,8,8,1024,1024,1024,32,6,OK,0,NONE,0.308580790,GOPS,6.959227,parallel_tiles_including_required_packing,DISABLED,0,0,"0:cpu0:tiles4;1:cpu1:tiles4;2:cpu2:tiles4;3:cpu3:tiles4;4:cpu4:tiles4;5:cpu5:tiles4;6:cpu6:tiles4;7:cpu7:tiles4","NA",static,0,"NA","NA","/home/bananapi/MAT/kernels riscv rvv 1.0/FINAL/riscv-rvv-ime-gemm-microkernels-updated/HETEROGENEOUS_RVV_IME_OPENMP_GEMM/results/openmp_results_k1-rvv_1024_20260904_054843/raw_logs/GEMM_RVV_FP32_INT8_8x4_Baseline_RVV_IGEMM_INT8_I8I32_8x4_igemm_kernel_8x4_zvl256b_lmul1_unroll1_i8i32_run6.log",NA,NA,NA,NA,NA,NA,NA
2026-09-04T05:49:52,k1-rvv,"GEMM_RVV_FP32_INT8_8x4_Baseline","RVV_IGEMM_INT8_I8I32_8x4","igemm_kernel_8x4_zvl256b_lmul1_unroll2_i8i32",8x4,256b,1,2,INT8_RVV,0-7,8,8,1024,1024,1024,32,1,OK,0,NONE,0.466407958,GOPS,4.604303,parallel_tiles_including_required_packing,INDEPENDENT_INT64_REFERENCE_EXACT_INT32,0,0,"0:cpu0:tiles4;1:cpu1:tiles4;2:cpu2:tiles4;3:cpu3:tiles4;4:cpu4:tiles4;5:cpu5:tiles4;6:cpu6:tiles4;7:cpu7:tiles4","NA",static,0,"NA","NA","/home/bananapi/MAT/kernels riscv rvv 1.0/FINAL/riscv-rvv-ime-gemm-microkernels-updated/HETEROGENEOUS_RVV_IME_OPENMP_GEMM/results/openmp_results_k1-rvv_1024_20260904_054843/raw_logs/GEMM_RVV_FP32_INT8_8x4_Baseline_RVV_IGEMM_INT8_I8I32_8x4_igemm_kernel_8x4_zvl256b_lmul1_unroll2_i8i32_run1.log",NA,NA,NA,NA,NA,NA,NA
2026-09-04T05:49:53,k1-rvv,"GEMM_RVV_FP32_INT8_8x4_Baseline","RVV_IGEMM_INT8_I8I32_8x4","igemm_kernel_8x4_zvl256b_lmul1_unroll2_i8i32",8x4,256b,1,2,INT8_RVV,0-7,8,8,1024,1024,1024,32,2,OK,0,NONE,0.464079376,GOPS,4.627406,parallel_tiles_including_required_packing,DISABLED,0,0,"0:cpu0:tiles4;1:cpu1:tiles4;2:cpu2:tiles4;3:cpu3:tiles4;4:cpu4:tiles4;5:cpu5:tiles4;6:cpu6:tiles4;7:cpu7:tiles4","NA",static,0,"NA","NA","/home/bananapi/MAT/kernels riscv rvv 1.0/FINAL/riscv-rvv-ime-gemm-microkernels-updated/HETEROGENEOUS_RVV_IME_OPENMP_GEMM/results/openmp_results_k1-rvv_1024_20260904_054843/raw_logs/GEMM_RVV_FP32_INT8_8x4_Baseline_RVV_IGEMM_INT8_I8I32_8x4_igemm_kernel_8x4_zvl256b_lmul1_unroll2_i8i32_run2.log",NA,NA,NA,NA,NA,NA,NA
2026-09-04T05:49:54,k1-rvv,"GEMM_RVV_FP32_INT8_8x4_Baseline","RVV_IGEMM_INT8_I8I32_8x4","igemm_kernel_8x4_zvl256b_lmul1_unroll2_i8i32",8x4,256b,1,2,INT8_RVV,0-7,8,8,1024,1024,1024,32,3,OK,0,NONE,0.465764750,GOPS,4.610662,parallel_tiles_including_required_packing,DISABLED,0,0,"0:cpu0:tiles4;1:cpu1:tiles4;2:cpu2:tiles4;3:cpu3:tiles4;4:cpu4:tiles4;5:cpu5:tiles4;6:cpu6:tiles4;7:cpu7:tiles4","NA",static,0,"NA","NA","/home/bananapi/MAT/kernels riscv rvv 1.0/FINAL/riscv-rvv-ime-gemm-microkernels-updated/HETEROGENEOUS_RVV_IME_OPENMP_GEMM/results/openmp_results_k1-rvv_1024_20260904_054843/raw_logs/GEMM_RVV_FP32_INT8_8x4_Baseline_RVV_IGEMM_INT8_I8I32_8x4_igemm_kernel_8x4_zvl256b_lmul1_unroll2_i8i32_run3.log",NA,NA,NA,NA,NA,NA,NA
2026-09-04T05:49:55,k1-rvv,"GEMM_RVV_FP32_INT8_8x4_Baseline","RVV_IGEMM_INT8_I8I32_8x4","igemm_kernel_8x4_zvl256b_lmul1_unroll2_i8i32",8x4,256b,1,2,INT8_RVV,0-7,8,8,1024,1024,1024,32,4,OK,0,NONE,0.464385167,GOPS,4.624359,parallel_tiles_including_required_packing,DISABLED,0,0,"0:cpu0:tiles4;1:cpu1:tiles4;2:cpu2:tiles4;3:cpu3:tiles4;4:cpu4:tiles4;5:cpu5:tiles4;6:cpu6:tiles4;7:cpu7:tiles4","NA",static,0,"NA","NA","/home/bananapi/MAT/kernels riscv rvv 1.0/FINAL/riscv-rvv-ime-gemm-microkernels-updated/HETEROGENEOUS_RVV_IME_OPENMP_GEMM/results/openmp_results_k1-rvv_1024_20260904_054843/raw_logs/GEMM_RVV_FP32_INT8_8x4_Baseline_RVV_IGEMM_INT8_I8I32_8x4_igemm_kernel_8x4_zvl256b_lmul1_unroll2_i8i32_run4.log",NA,NA,NA,NA,NA,NA,NA
2026-09-04T05:49:57,k1-rvv,"GEMM_RVV_FP32_INT8_8x4_Baseline","RVV_IGEMM_INT8_I8I32_8x4","igemm_kernel_8x4_zvl256b_lmul1_unroll2_i8i32",8x4,256b,1,2,INT8_RVV,0-7,8,8,1024,1024,1024,32,5,OK,0,NONE,0.466225002,GOPS,4.606110,parallel_tiles_including_required_packing,DISABLED,0,0,"0:cpu0:tiles4;1:cpu1:tiles4;2:cpu2:tiles4;3:cpu3:tiles4;4:cpu4:tiles4;5:cpu5:tiles4;6:cpu6:tiles4;7:cpu7:tiles4","NA",static,0,"NA","NA","/home/bananapi/MAT/kernels riscv rvv 1.0/FINAL/riscv-rvv-ime-gemm-microkernels-updated/HETEROGENEOUS_RVV_IME_OPENMP_GEMM/results/openmp_results_k1-rvv_1024_20260904_054843/raw_logs/GEMM_RVV_FP32_INT8_8x4_Baseline_RVV_IGEMM_INT8_I8I32_8x4_igemm_kernel_8x4_zvl256b_lmul1_unroll2_i8i32_run5.log",NA,NA,NA,NA,NA,NA,NA
2026-09-04T05:49:58,k1-rvv,"GEMM_RVV_FP32_INT8_8x4_Baseline","RVV_IGEMM_INT8_I8I32_8x4","igemm_kernel_8x4_zvl256b_lmul1_unroll2_i8i32",8x4,256b,1,2,INT8_RVV,0-7,8,8,1024,1024,1024,32,6,OK,0,NONE,0.464028250,GOPS,4.627916,parallel_tiles_including_required_packing,DISABLED,0,0,"0:cpu0:tiles4;1:cpu1:tiles4;2:cpu2:tiles4;3:cpu3:tiles4;4:cpu4:tiles4;5:cpu5:tiles4;6:cpu6:tiles4;7:cpu7:tiles4","NA",static,0,"NA","NA","/home/bananapi/MAT/kernels riscv rvv 1.0/FINAL/riscv-rvv-ime-gemm-microkernels-updated/HETEROGENEOUS_RVV_IME_OPENMP_GEMM/results/openmp_results_k1-rvv_1024_20260904_054843/raw_logs/GEMM_RVV_FP32_INT8_8x4_Baseline_RVV_IGEMM_INT8_I8I32_8x4_igemm_kernel_8x4_zvl256b_lmul1_unroll2_i8i32_run6.log",NA,NA,NA,NA,NA,NA,NA
2026-09-04T05:50:27,k1-rvv,"GEMM_RVV_FP32_INT8_8x4_Baseline","RVV_IGEMM_INT8_I8I32_8x4","igemm_kernel_8x4_zvl256b_lmul1_unroll4_i8i32",8x4,256b,1,4,INT8_RVV,0-7,8,8,1024,1024,1024,32,1,OK,0,NONE,0.472917501,GOPS,4.540927,parallel_tiles_including_required_packing,INDEPENDENT_INT64_REFERENCE_EXACT_INT32,0,0,"0:cpu0:tiles4;1:cpu1:tiles4;2:cpu2:tiles4;3:cpu3:tiles4;4:cpu4:tiles4;5:cpu5:tiles4;6:cpu6:tiles4;7:cpu7:tiles4","NA",static,0,"NA","NA","/home/bananapi/MAT/kernels riscv rvv 1.0/FINAL/riscv-rvv-ime-gemm-microkernels-updated/HETEROGENEOUS_RVV_IME_OPENMP_GEMM/results/openmp_results_k1-rvv_1024_20260904_054843/raw_logs/GEMM_RVV_FP32_INT8_8x4_Baseline_RVV_IGEMM_INT8_I8I32_8x4_igemm_kernel_8x4_zvl256b_lmul1_unroll4_i8i32_run1.log",NA,NA,NA,NA,NA,NA,NA
2026-09-04T05:50:28,k1-rvv,"GEMM_RVV_FP32_INT8_8x4_Baseline","RVV_IGEMM_INT8_I8I32_8x4","igemm_kernel_8x4_zvl256b_lmul1_unroll4_i8i32",8x4,256b,1,4,INT8_RVV,0-7,8,8,1024,1024,1024,32,2,OK,0,NONE,0.472395044,GOPS,4.545949,parallel_tiles_including_required_packing,DISABLED,0,0,"0:cpu0:tiles4;1:cpu1:tiles4;2:cpu2:tiles4;3:cpu3:tiles4;4:cpu4:tiles4;5:cpu5:tiles4;6:cpu6:tiles4;7:cpu7:tiles4","NA",static,0,"NA","NA","/home/bananapi/MAT/kernels riscv rvv 1.0/FINAL/riscv-rvv-ime-gemm-microkernels-updated/HETEROGENEOUS_RVV_IME_OPENMP_GEMM/results/openmp_results_k1-rvv_1024_20260904_054843/raw_logs/GEMM_RVV_FP32_INT8_8x4_Baseline_RVV_IGEMM_INT8_I8I32_8x4_igemm_kernel_8x4_zvl256b_lmul1_unroll4_i8i32_run2.log",NA,NA,NA,NA,NA,NA,NA
2026-09-04T05:50:29,k1-rvv,"GEMM_RVV_FP32_INT8_8x4_Baseline","RVV_IGEMM_INT8_I8I32_8x4","igemm_kernel_8x4_zvl256b_lmul1_unroll4_i8i32",8x4,256b,1,4,INT8_RVV,0-7,8,8,1024,1024,1024,32,3,OK,0,NONE,0.471995916,GOPS,4.549793,parallel_tiles_including_required_packing,DISABLED,0,0,"0:cpu0:tiles4;1:cpu1:tiles4;2:cpu2:tiles4;3:cpu3:tiles4;4:cpu4:tiles4;5:cpu5:tiles4;6:cpu6:tiles4;7:cpu7:tiles4","NA",static,0,"NA","NA","/home/bananapi/MAT/kernels riscv rvv 1.0/FINAL/riscv-rvv-ime-gemm-microkernels-updated/HETEROGENEOUS_RVV_IME_OPENMP_GEMM/results/openmp_results_k1-rvv_1024_20260904_054843/raw_logs/GEMM_RVV_FP32_INT8_8x4_Baseline_RVV_IGEMM_INT8_I8I32_8x4_igemm_kernel_8x4_zvl256b_lmul1_unroll4_i8i32_run3.log",NA,NA,NA,NA,NA,NA,NA
2026-09-04T05:50:30,k1-rvv,"GEMM_RVV_FP32_INT8_8x4_Baseline","RVV_IGEMM_INT8_I8I32_8x4","igemm_kernel_8x4_zvl256b_lmul1_unroll4_i8i32",8x4,256b,1,4,INT8_RVV,0-7,8,8,1024,1024,1024,32,4,OK,0,NONE,0.472486749,GOPS,4.545066,parallel_tiles_including_required_packing,DISABLED,0,0,"0:cpu0:tiles4;1:cpu1:tiles4;2:cpu2:tiles4;3:cpu3:tiles4;4:cpu4:tiles4;5:cpu5:tiles4;6:cpu6:tiles4;7:cpu7:tiles4","NA",static,0,"NA","NA","/home/bananapi/MAT/kernels riscv rvv 1.0/FINAL/riscv-rvv-ime-gemm-microkernels-updated/HETEROGENEOUS_RVV_IME_OPENMP_GEMM/results/openmp_results_k1-rvv_1024_20260904_054843/raw_logs/GEMM_RVV_FP32_INT8_8x4_Baseline_RVV_IGEMM_INT8_I8I32_8x4_igemm_kernel_8x4_zvl256b_lmul1_unroll4_i8i32_run4.log",NA,NA,NA,NA,NA,NA,NA
2026-09-04T05:50:32,k1-rvv,"GEMM_RVV_FP32_INT8_8x4_Baseline","RVV_IGEMM_INT8_I8I32_8x4","igemm_kernel_8x4_zvl256b_lmul1_unroll4_i8i32",8x4,256b,1,4,INT8_RVV,0-7,8,8,1024,1024,1024,32,5,OK,0,NONE,0.470518831,GOPS,4.564076,parallel_tiles_including_required_packing,DISABLED,0,0,"0:cpu0:tiles4;1:cpu1:tiles4;2:cpu2:tiles4;3:cpu3:tiles4;4:cpu4:tiles4;5:cpu5:tiles4;6:cpu6:tiles4;7:cpu7:tiles4","NA",static,0,"NA","NA","/home/bananapi/MAT/kernels riscv rvv 1.0/FINAL/riscv-rvv-ime-gemm-microkernels-updated/HETEROGENEOUS_RVV_IME_OPENMP_GEMM/results/openmp_results_k1-rvv_1024_20260904_054843/raw_logs/GEMM_RVV_FP32_INT8_8x4_Baseline_RVV_IGEMM_INT8_I8I32_8x4_igemm_kernel_8x4_zvl256b_lmul1_unroll4_i8i32_run5.log",NA,NA,NA,NA,NA,NA,NA
2026-09-04T05:50:33,k1-rvv,"GEMM_RVV_FP32_INT8_8x4_Baseline","RVV_IGEMM_INT8_I8I32_8x4","igemm_kernel_8x4_zvl256b_lmul1_unroll4_i8i32",8x4,256b,1,4,INT8_RVV,0-7,8,8,1024,1024,1024,32,6,OK,0,NONE,0.477844123,GOPS,4.494109,parallel_tiles_including_required_packing,DISABLED,0,0,"0:cpu0:tiles4;1:cpu1:tiles4;2:cpu2:tiles4;3:cpu3:tiles4;4:cpu4:tiles4;5:cpu5:tiles4;6:cpu6:tiles4;7:cpu7:tiles4","NA",static,0,"NA","NA","/home/bananapi/MAT/kernels riscv rvv 1.0/FINAL/riscv-rvv-ime-gemm-microkernels-updated/HETEROGENEOUS_RVV_IME_OPENMP_GEMM/results/openmp_results_k1-rvv_1024_20260904_054843/raw_logs/GEMM_RVV_FP32_INT8_8x4_Baseline_RVV_IGEMM_INT8_I8I32_8x4_igemm_kernel_8x4_zvl256b_lmul1_unroll4_i8i32_run6.log",NA,NA,NA,NA,NA,NA,NA
2026-09-04T05:51:02,k1-rvv,"GEMM_RVV_FP32_INT8_8x4_Baseline","RVV_IGEMM_INT8_I8I32_8x4","igemm_kernel_8x4_zvl256b_lmul1_unroll8_i8i32",8x4,256b,1,8,INT8_RVV,0-7,8,8,1024,1024,1024,32,1,OK,0,NONE,0.437055126,GOPS,4.913530,parallel_tiles_including_required_packing,INDEPENDENT_INT64_REFERENCE_EXACT_INT32,0,0,"0:cpu0:tiles4;1:cpu1:tiles4;2:cpu2:tiles4;3:cpu3:tiles4;4:cpu4:tiles4;5:cpu5:tiles4;6:cpu6:tiles4;7:cpu7:tiles4","NA",static,0,"NA","NA","/home/bananapi/MAT/kernels riscv rvv 1.0/FINAL/riscv-rvv-ime-gemm-microkernels-updated/HETEROGENEOUS_RVV_IME_OPENMP_GEMM/results/openmp_results_k1-rvv_1024_20260904_054843/raw_logs/GEMM_RVV_FP32_INT8_8x4_Baseline_RVV_IGEMM_INT8_I8I32_8x4_igemm_kernel_8x4_zvl256b_lmul1_unroll8_i8i32_run1.log",NA,NA,NA,NA,NA,NA,NA
2026-09-04T05:51:03,k1-rvv,"GEMM_RVV_FP32_INT8_8x4_Baseline","RVV_IGEMM_INT8_I8I32_8x4","igemm_kernel_8x4_zvl256b_lmul1_unroll8_i8i32",8x4,256b,1,8,INT8_RVV,0-7,8,8,1024,1024,1024,32,2,OK,0,NONE,0.442731168,GOPS,4.850536,parallel_tiles_including_required_packing,DISABLED,0,0,"0:cpu0:tiles4;1:cpu1:tiles4;2:cpu2:tiles4;3:cpu3:tiles4;4:cpu4:tiles4;5:cpu5:tiles4;6:cpu6:tiles4;7:cpu7:tiles4","NA",static,0,"NA","NA","/home/bananapi/MAT/kernels riscv rvv 1.0/FINAL/riscv-rvv-ime-gemm-microkernels-updated/HETEROGENEOUS_RVV_IME_OPENMP_GEMM/results/openmp_results_k1-rvv_1024_20260904_054843/raw_logs/GEMM_RVV_FP32_INT8_8x4_Baseline_RVV_IGEMM_INT8_I8I32_8x4_igemm_kernel_8x4_zvl256b_lmul1_unroll8_i8i32_run2.log",NA,NA,NA,NA,NA,NA,NA
2026-09-04T05:51:04,k1-rvv,"GEMM_RVV_FP32_INT8_8x4_Baseline","RVV_IGEMM_INT8_I8I32_8x4","igemm_kernel_8x4_zvl256b_lmul1_unroll8_i8i32",8x4,256b,1,8,INT8_RVV,0-7,8,8,1024,1024,1024,32,3,OK,0,NONE,0.444891166,GOPS,4.826986,parallel_tiles_including_required_packing,DISABLED,0,0,"0:cpu0:tiles4;1:cpu1:tiles4;2:cpu2:tiles4;3:cpu3:tiles4;4:cpu4:tiles4;5:cpu5:tiles4;6:cpu6:tiles4;7:cpu7:tiles4","NA",static,0,"NA","NA","/home/bananapi/MAT/kernels riscv rvv 1.0/FINAL/riscv-rvv-ime-gemm-microkernels-updated/HETEROGENEOUS_RVV_IME_OPENMP_GEMM/results/openmp_results_k1-rvv_1024_20260904_054843/raw_logs/GEMM_RVV_FP32_INT8_8x4_Baseline_RVV_IGEMM_INT8_I8I32_8x4_igemm_kernel_8x4_zvl256b_lmul1_unroll8_i8i32_run3.log",NA,NA,NA,NA,NA,NA,NA
2026-09-04T05:51:06,k1-rvv,"GEMM_RVV_FP32_INT8_8x4_Baseline","RVV_IGEMM_INT8_I8I32_8x4","igemm_kernel_8x4_zvl256b_lmul1_unroll8_i8i32",8x4,256b,1,8,INT8_RVV,0-7,8,8,1024,1024,1024,32,4,OK,0,NONE,0.438129663,GOPS,4.901480,parallel_tiles_including_required_packing,DISABLED,0,0,"0:cpu0:tiles4;1:cpu1:tiles4;2:cpu2:tiles4;3:cpu3:tiles4;4:cpu4:tiles4;5:cpu5:tiles4;6:cpu6:tiles4;7:cpu7:tiles4","NA",static,0,"NA","NA","/home/bananapi/MAT/kernels riscv rvv 1.0/FINAL/riscv-rvv-ime-gemm-microkernels-updated/HETEROGENEOUS_RVV_IME_OPENMP_GEMM/results/openmp_results_k1-rvv_1024_20260904_054843/raw_logs/GEMM_RVV_FP32_INT8_8x4_Baseline_RVV_IGEMM_INT8_I8I32_8x4_igemm_kernel_8x4_zvl256b_lmul1_unroll8_i8i32_run4.log",NA,NA,NA,NA,NA,NA,NA
2026-09-04T05:51:07,k1-rvv,"GEMM_RVV_FP32_INT8_8x4_Baseline","RVV_IGEMM_INT8_I8I32_8x4","igemm_kernel_8x4_zvl256b_lmul1_unroll8_i8i32",8x4,256b,1,8,INT8_RVV,0-7,8,8,1024,1024,1024,32,5,OK,0,NONE,0.440948706,GOPS,4.870144,parallel_tiles_including_required_packing,DISABLED,0,0,"0:cpu0:tiles4;1:cpu1:tiles4;2:cpu2:tiles4;3:cpu3:tiles4;4:cpu4:tiles4;5:cpu5:tiles4;6:cpu6:tiles4;7:cpu7:tiles4","NA",static,0,"NA","NA","/home/bananapi/MAT/kernels riscv rvv 1.0/FINAL/riscv-rvv-ime-gemm-microkernels-updated/HETEROGENEOUS_RVV_IME_OPENMP_GEMM/results/openmp_results_k1-rvv_1024_20260904_054843/raw_logs/GEMM_RVV_FP32_INT8_8x4_Baseline_RVV_IGEMM_INT8_I8I32_8x4_igemm_kernel_8x4_zvl256b_lmul1_unroll8_i8i32_run5.log",NA,NA,NA,NA,NA,NA,NA
2026-09-04T05:51:08,k1-rvv,"GEMM_RVV_FP32_INT8_8x4_Baseline","RVV_IGEMM_INT8_I8I32_8x4","igemm_kernel_8x4_zvl256b_lmul1_unroll8_i8i32",8x4,256b,1,8,INT8_RVV,0-7,8,8,1024,1024,1024,32,6,OK,0,NONE,0.434880000,GOPS,4.938106,parallel_tiles_including_required_packing,DISABLED,0,0,"0:cpu0:tiles4;1:cpu1:tiles4;2:cpu2:tiles4;3:cpu3:tiles4;4:cpu4:tiles4;5:cpu5:tiles4;6:cpu6:tiles4;7:cpu7:tiles4","NA",static,0,"NA","NA","/home/bananapi/MAT/kernels riscv rvv 1.0/FINAL/riscv-rvv-ime-gemm-microkernels-updated/HETEROGENEOUS_RVV_IME_OPENMP_GEMM/results/openmp_results_k1-rvv_1024_20260904_054843/raw_logs/GEMM_RVV_FP32_INT8_8x4_Baseline_RVV_IGEMM_INT8_I8I32_8x4_igemm_kernel_8x4_zvl256b_lmul1_unroll8_i8i32_run6.log",NA,NA,NA,NA,NA,NA,NA
2026-09-04T05:51:45,k1-rvv,"GEMM_RVV_FP32_INT8_8x4_Baseline","RVV_IGEMM_INT8_I8I32_8x4","igemm_kernel_8x4_zvl256b_lmul2_unroll1_i8i32",8x4,256b,2,1,INT8_RVV,0-7,8,8,1024,1024,1024,32,1,OK,0,NONE,1.052722000,GOPS,2.039934,parallel_tiles_including_required_packing,INDEPENDENT_INT64_REFERENCE_EXACT_INT32,0,0,"0:cpu0:tiles4;1:cpu1:tiles4;2:cpu2:tiles4;3:cpu3:tiles4;4:cpu4:tiles4;5:cpu5:tiles4;6:cpu6:tiles4;7:cpu7:tiles4","NA",static,0,"NA","NA","/home/bananapi/MAT/kernels riscv rvv 1.0/FINAL/riscv-rvv-ime-gemm-microkernels-updated/HETEROGENEOUS_RVV_IME_OPENMP_GEMM/results/openmp_results_k1-rvv_1024_20260904_054843/raw_logs/GEMM_RVV_FP32_INT8_8x4_Baseline_RVV_IGEMM_INT8_I8I32_8x4_igemm_kernel_8x4_zvl256b_lmul2_unroll1_i8i32_run1.log",NA,NA,NA,NA,NA,NA,NA
2026-09-04T05:51:48,k1-rvv,"GEMM_RVV_FP32_INT8_8x4_Baseline","RVV_IGEMM_INT8_I8I32_8x4","igemm_kernel_8x4_zvl256b_lmul2_unroll1_i8i32",8x4,256b,2,1,INT8_RVV,0-7,8,8,1024,1024,1024,32,2,OK,0,NONE,1.056055583,GOPS,2.033495,parallel_tiles_including_required_packing,DISABLED,0,0,"0:cpu0:tiles4;1:cpu1:tiles4;2:cpu2:tiles4;3:cpu3:tiles4;4:cpu4:tiles4;5:cpu5:tiles4;6:cpu6:tiles4;7:cpu7:tiles4","NA",static,0,"NA","NA","/home/bananapi/MAT/kernels riscv rvv 1.0/FINAL/riscv-rvv-ime-gemm-microkernels-updated/HETEROGENEOUS_RVV_IME_OPENMP_GEMM/results/openmp_results_k1-rvv_1024_20260904_054843/raw_logs/GEMM_RVV_FP32_INT8_8x4_Baseline_RVV_IGEMM_INT8_I8I32_8x4_igemm_kernel_8x4_zvl256b_lmul2_unroll1_i8i32_run2.log",NA,NA,NA,NA,NA,NA,NA
2026-09-04T05:51:50,k1-rvv,"GEMM_RVV_FP32_INT8_8x4_Baseline","RVV_IGEMM_INT8_I8I32_8x4","igemm_kernel_8x4_zvl256b_lmul2_unroll1_i8i32",8x4,256b,2,1,INT8_RVV,0-7,8,8,1024,1024,1024,32,3,OK,0,NONE,1.059799999,GOPS,2.026310,parallel_tiles_including_required_packing,DISABLED,0,0,"0:cpu0:tiles4;1:cpu1:tiles4;2:cpu2:tiles4;3:cpu3:tiles4;4:cpu4:tiles4;5:cpu5:tiles4;6:cpu6:tiles4;7:cpu7:tiles4","NA",static,0,"NA","NA","/home/bananapi/MAT/kernels riscv rvv 1.0/FINAL/riscv-rvv-ime-gemm-microkernels-updated/HETEROGENEOUS_RVV_IME_OPENMP_GEMM/results/openmp_results_k1-rvv_1024_20260904_054843/raw_logs/GEMM_RVV_FP32_INT8_8x4_Baseline_RVV_IGEMM_INT8_I8I32_8x4_igemm_kernel_8x4_zvl256b_lmul2_unroll1_i8i32_run3.log",NA,NA,NA,NA,NA,NA,NA
2026-09-04T05:51:53,k1-rvv,"GEMM_RVV_FP32_INT8_8x4_Baseline","RVV_IGEMM_INT8_I8I32_8x4","igemm_kernel_8x4_zvl256b_lmul2_unroll1_i8i32",8x4,256b,2,1,INT8_RVV,0-7,8,8,1024,1024,1024,32,4,OK,0,NONE,1.042818211,GOPS,2.059308,parallel_tiles_including_required_packing,DISABLED,0,0,"0:cpu0:tiles4;1:cpu1:tiles4;2:cpu2:tiles4;3:cpu3:tiles4;4:cpu4:tiles4;5:cpu5:tiles4;6:cpu6:tiles4;7:cpu7:tiles4","NA",static,0,"NA","NA","/home/bananapi/MAT/kernels riscv rvv 1.0/FINAL/riscv-rvv-ime-gemm-microkernels-updated/HETEROGENEOUS_RVV_IME_OPENMP_GEMM/results/openmp_results_k1-rvv_1024_20260904_054843/raw_logs/GEMM_RVV_FP32_INT8_8x4_Baseline_RVV_IGEMM_INT8_I8I32_8x4_igemm_kernel_8x4_zvl256b_lmul2_unroll1_i8i32_run4.log",NA,NA,NA,NA,NA,NA,NA
2026-09-04T05:51:55,k1-rvv,"GEMM_RVV_FP32_INT8_8x4_Baseline","RVV_IGEMM_INT8_I8I32_8x4","igemm_kernel_8x4_zvl256b_lmul2_unroll1_i8i32",8x4,256b,2,1,INT8_RVV,0-7,8,8,1024,1024,1024,32,5,OK,0,NONE,1.042179711,GOPS,2.060569,parallel_tiles_including_required_packing,DISABLED,0,0,"0:cpu0:tiles4;1:cpu1:tiles4;2:cpu2:tiles4;3:cpu3:tiles4;4:cpu4:tiles4;5:cpu5:tiles4;6:cpu6:tiles4;7:cpu7:tiles4","NA",static,0,"NA","NA","/home/bananapi/MAT/kernels riscv rvv 1.0/FINAL/riscv-rvv-ime-gemm-microkernels-updated/HETEROGENEOUS_RVV_IME_OPENMP_GEMM/results/openmp_results_k1-rvv_1024_20260904_054843/raw_logs/GEMM_RVV_FP32_INT8_8x4_Baseline_RVV_IGEMM_INT8_I8I32_8x4_igemm_kernel_8x4_zvl256b_lmul2_unroll1_i8i32_run5.log",NA,NA,NA,NA,NA,NA,NA
2026-09-04T05:51:57,k1-rvv,"GEMM_RVV_FP32_INT8_8x4_Baseline","RVV_IGEMM_INT8_I8I32_8x4","igemm_kernel_8x4_zvl256b_lmul2_unroll1_i8i32",8x4,256b,2,1,INT8_RVV,0-7,8,8,1024,1024,1024,32,6,OK,0,NONE,1.041547958,GOPS,2.061819,parallel_tiles_including_required_packing,DISABLED,0,0,"0:cpu0:tiles4;1:cpu1:tiles4;2:cpu2:tiles4;3:cpu3:tiles4;4:cpu4:tiles4;5:cpu5:tiles4;6:cpu6:tiles4;7:cpu7:tiles4","NA",static,0,"NA","NA","/home/bananapi/MAT/kernels riscv rvv 1.0/FINAL/riscv-rvv-ime-gemm-microkernels-updated/HETEROGENEOUS_RVV_IME_OPENMP_GEMM/results/openmp_results_k1-rvv_1024_20260904_054843/raw_logs/GEMM_RVV_FP32_INT8_8x4_Baseline_RVV_IGEMM_INT8_I8I32_8x4_igemm_kernel_8x4_zvl256b_lmul2_unroll1_i8i32_run6.log",NA,NA,NA,NA,NA,NA,NA
2026-09-04T05:52:34,k1-rvv,"GEMM_RVV_FP32_INT8_8x4_Baseline","RVV_IGEMM_INT8_I8I32_8x4","igemm_kernel_8x4_zvl256b_lmul2_unroll2_i8i32",8x4,256b,2,2,INT8_RVV,0-7,8,8,1024,1024,1024,32,1,OK,0,NONE,1.077973876,GOPS,1.992148,parallel_tiles_including_required_packing,INDEPENDENT_INT64_REFERENCE_EXACT_INT32,0,0,"0:cpu0:tiles4;1:cpu1:tiles4;2:cpu2:tiles4;3:cpu3:tiles4;4:cpu4:tiles4;5:cpu5:tiles4;6:cpu6:tiles4;7:cpu7:tiles4","NA",static,0,"NA","NA","/home/bananapi/MAT/kernels riscv rvv 1.0/FINAL/riscv-rvv-ime-gemm-microkernels-updated/HETEROGENEOUS_RVV_IME_OPENMP_GEMM/results/openmp_results_k1-rvv_1024_20260904_054843/raw_logs/GEMM_RVV_FP32_INT8_8x4_Baseline_RVV_IGEMM_INT8_I8I32_8x4_igemm_kernel_8x4_zvl256b_lmul2_unroll2_i8i32_run1.log",NA,NA,NA,NA,NA,NA,NA
2026-09-04T05:52:36,k1-rvv,"GEMM_RVV_FP32_INT8_8x4_Baseline","RVV_IGEMM_INT8_I8I32_8x4","igemm_kernel_8x4_zvl256b_lmul2_unroll2_i8i32",8x4,256b,2,2,INT8_RVV,0-7,8,8,1024,1024,1024,32,2,OK,0,NONE,1.078394040,GOPS,1.991372,parallel_tiles_including_required_packing,DISABLED,0,0,"0:cpu0:tiles4;1:cpu1:tiles4;2:cpu2:tiles4;3:cpu3:tiles4;4:cpu4:tiles4;5:cpu5:tiles4;6:cpu6:tiles4;7:cpu7:tiles4","NA",static,0,"NA","NA","/home/bananapi/MAT/kernels riscv rvv 1.0/FINAL/riscv-rvv-ime-gemm-microkernels-updated/HETEROGENEOUS_RVV_IME_OPENMP_GEMM/results/openmp_results_k1-rvv_1024_20260904_054843/raw_logs/GEMM_RVV_FP32_INT8_8x4_Baseline_RVV_IGEMM_INT8_I8I32_8x4_igemm_kernel_8x4_zvl256b_lmul2_unroll2_i8i32_run2.log",NA,NA,NA,NA,NA,NA,NA
2026-09-04T05:52:39,k1-rvv,"GEMM_RVV_FP32_INT8_8x4_Baseline","RVV_IGEMM_INT8_I8I32_8x4","igemm_kernel_8x4_zvl256b_lmul2_unroll2_i8i32",8x4,256b,2,2,INT8_RVV,0-7,8,8,1024,1024,1024,32,3,OK,0,NONE,1.080041543,GOPS,1.988334,parallel_tiles_including_required_packing,DISABLED,0,0,"0:cpu0:tiles4;1:cpu1:tiles4;2:cpu2:tiles4;3:cpu3:tiles4;4:cpu4:tiles4;5:cpu5:tiles4;6:cpu6:tiles4;7:cpu7:tiles4","NA",static,0,"NA","NA","/home/bananapi/MAT/kernels riscv rvv 1.0/FINAL/riscv-rvv-ime-gemm-microkernels-updated/HETEROGENEOUS_RVV_IME_OPENMP_GEMM/results/openmp_results_k1-rvv_1024_20260904_054843/raw_logs/GEMM_RVV_FP32_INT8_8x4_Baseline_RVV_IGEMM_INT8_I8I32_8x4_igemm_kernel_8x4_zvl256b_lmul2_unroll2_i8i32_run3.log",NA,NA,NA,NA,NA,NA,NA
2026-09-04T05:52:41,k1-rvv,"GEMM_RVV_FP32_INT8_8x4_Baseline","RVV_IGEMM_INT8_I8I32_8x4","igemm_kernel_8x4_zvl256b_lmul2_unroll2_i8i32",8x4,256b,2,2,INT8_RVV,0-7,8,8,1024,1024,1024,32,4,OK,0,NONE,1.079746835,GOPS,1.988877,parallel_tiles_including_required_packing,DISABLED,0,0,"0:cpu0:tiles4;1:cpu1:tiles4;2:cpu2:tiles4;3:cpu3:tiles4;4:cpu4:tiles4;5:cpu5:tiles4;6:cpu6:tiles4;7:cpu7:tiles4","NA",static,0,"NA","NA","/home/bananapi/MAT/kernels riscv rvv 1.0/FINAL/riscv-rvv-ime-gemm-microkernels-updated/HETEROGENEOUS_RVV_IME_OPENMP_GEMM/results/openmp_results_k1-rvv_1024_20260904_054843/raw_logs/GEMM_RVV_FP32_INT8_8x4_Baseline_RVV_IGEMM_INT8_I8I32_8x4_igemm_kernel_8x4_zvl256b_lmul2_unroll2_i8i32_run4.log",NA,NA,NA,NA,NA,NA,NA
2026-09-04T05:52:44,k1-rvv,"GEMM_RVV_FP32_INT8_8x4_Baseline","RVV_IGEMM_INT8_I8I32_8x4","igemm_kernel_8x4_zvl256b_lmul2_unroll2_i8i32",8x4,256b,2,2,INT8_RVV,0-7,8,8,1024,1024,1024,32,5,OK,0,NONE,1.097653002,GOPS,1.956432,parallel_tiles_including_required_packing,DISABLED,0,0,"0:cpu0:tiles4;1:cpu1:tiles4;2:cpu2:tiles4;3:cpu3:tiles4;4:cpu4:tiles4;5:cpu5:tiles4;6:cpu6:tiles4;7:cpu7:tiles4","NA",static,0,"NA","NA","/home/bananapi/MAT/kernels riscv rvv 1.0/FINAL/riscv-rvv-ime-gemm-microkernels-updated/HETEROGENEOUS_RVV_IME_OPENMP_GEMM/results/openmp_results_k1-rvv_1024_20260904_054843/raw_logs/GEMM_RVV_FP32_INT8_8x4_Baseline_RVV_IGEMM_INT8_I8I32_8x4_igemm_kernel_8x4_zvl256b_lmul2_unroll2_i8i32_run5.log",NA,NA,NA,NA,NA,NA,NA
2026-09-04T05:52:46,k1-rvv,"GEMM_RVV_FP32_INT8_8x4_Baseline","RVV_IGEMM_INT8_I8I32_8x4","igemm_kernel_8x4_zvl256b_lmul2_unroll2_i8i32",8x4,256b,2,2,INT8_RVV,0-7,8,8,1024,1024,1024,32,6,OK,0,NONE,1.078344502,GOPS,1.991463,parallel_tiles_including_required_packing,DISABLED,0,0,"0:cpu0:tiles4;1:cpu1:tiles4;2:cpu2:tiles4;3:cpu3:tiles4;4:cpu4:tiles4;5:cpu5:tiles4;6:cpu6:tiles4;7:cpu7:tiles4","NA",static,0,"NA","NA","/home/bananapi/MAT/kernels riscv rvv 1.0/FINAL/riscv-rvv-ime-gemm-microkernels-updated/HETEROGENEOUS_RVV_IME_OPENMP_GEMM/results/openmp_results_k1-rvv_1024_20260904_054843/raw_logs/GEMM_RVV_FP32_INT8_8x4_Baseline_RVV_IGEMM_INT8_I8I32_8x4_igemm_kernel_8x4_zvl256b_lmul2_unroll2_i8i32_run6.log",NA,NA,NA,NA,NA,NA,NA
2026-09-04T05:53:25,k1-rvv,"GEMM_RVV_FP32_INT8_8x4_Baseline","RVV_IGEMM_INT8_I8I32_8x4","igemm_kernel_8x4_zvl256b_lmul2_unroll4_i8i32",8x4,256b,2,4,INT8_RVV,0-7,8,8,1024,1024,1024,32,1,OK,0,NONE,1.335140377,GOPS,1.608433,parallel_tiles_including_required_packing,INDEPENDENT_INT64_REFERENCE_EXACT_INT32,0,0,"0:cpu0:tiles4;1:cpu1:tiles4;2:cpu2:tiles4;3:cpu3:tiles4;4:cpu4:tiles4;5:cpu5:tiles4;6:cpu6:tiles4;7:cpu7:tiles4","NA",static,0,"NA","NA","/home/bananapi/MAT/kernels riscv rvv 1.0/FINAL/riscv-rvv-ime-gemm-microkernels-updated/HETEROGENEOUS_RVV_IME_OPENMP_GEMM/results/openmp_results_k1-rvv_1024_20260904_054843/raw_logs/GEMM_RVV_FP32_INT8_8x4_Baseline_RVV_IGEMM_INT8_I8I32_8x4_igemm_kernel_8x4_zvl256b_lmul2_unroll4_i8i32_run1.log",NA,NA,NA,NA,NA,NA,NA
2026-09-04T05:53:28,k1-rvv,"GEMM_RVV_FP32_INT8_8x4_Baseline","RVV_IGEMM_INT8_I8I32_8x4","igemm_kernel_8x4_zvl256b_lmul2_unroll4_i8i32",8x4,256b,2,4,INT8_RVV,0-7,8,8,1024,1024,1024,32,2,OK,0,NONE,1.248502877,GOPS,1.720047,parallel_tiles_including_required_packing,DISABLED,0,0,"0:cpu0:tiles4;1:cpu1:tiles4;2:cpu2:tiles4;3:cpu3:tiles4;4:cpu4:tiles4;5:cpu5:tiles4;6:cpu6:tiles4;7:cpu7:tiles4","NA",static,0,"NA","NA","/home/bananapi/MAT/kernels riscv rvv 1.0/FINAL/riscv-rvv-ime-gemm-microkernels-updated/HETEROGENEOUS_RVV_IME_OPENMP_GEMM/results/openmp_results_k1-rvv_1024_20260904_054843/raw_logs/GEMM_RVV_FP32_INT8_8x4_Baseline_RVV_IGEMM_INT8_I8I32_8x4_igemm_kernel_8x4_zvl256b_lmul2_unroll4_i8i32_run2.log",NA,NA,NA,NA,NA,NA,NA
2026-09-04T05:53:31,k1-rvv,"GEMM_RVV_FP32_INT8_8x4_Baseline","RVV_IGEMM_INT8_I8I32_8x4","igemm_kernel_8x4_zvl256b_lmul2_unroll4_i8i32",8x4,256b,2,4,INT8_RVV,0-7,8,8,1024,1024,1024,32,3,OK,0,NONE,1.241625667,GOPS,1.729574,parallel_tiles_including_required_packing,DISABLED,0,0,"0:cpu0:tiles4;1:cpu1:tiles4;2:cpu2:tiles4;3:cpu3:tiles4;4:cpu4:tiles4;5:cpu5:tiles4;6:cpu6:tiles4;7:cpu7:tiles4","NA",static,0,"NA","NA","/home/bananapi/MAT/kernels riscv rvv 1.0/FINAL/riscv-rvv-ime-gemm-microkernels-updated/HETEROGENEOUS_RVV_IME_OPENMP_GEMM/results/openmp_results_k1-rvv_1024_20260904_054843/raw_logs/GEMM_RVV_FP32_INT8_8x4_Baseline_RVV_IGEMM_INT8_I8I32_8x4_igemm_kernel_8x4_zvl256b_lmul2_unroll4_i8i32_run3.log",NA,NA,NA,NA,NA,NA,NA
2026-09-04T05:53:34,k1-rvv,"GEMM_RVV_FP32_INT8_8x4_Baseline","RVV_IGEMM_INT8_I8I32_8x4","igemm_kernel_8x4_zvl256b_lmul2_unroll4_i8i32",8x4,256b,2,4,INT8_RVV,0-7,8,8,1024,1024,1024,32,4,OK,0,NONE,1.250477206,GOPS,1.717331,parallel_tiles_including_required_packing,DISABLED,0,0,"0:cpu0:tiles4;1:cpu1:tiles4;2:cpu2:tiles4;3:cpu3:tiles4;4:cpu4:tiles4;5:cpu5:tiles4;6:cpu6:tiles4;7:cpu7:tiles4","NA",static,0,"NA","NA","/home/bananapi/MAT/kernels riscv rvv 1.0/FINAL/riscv-rvv-ime-gemm-microkernels-updated/HETEROGENEOUS_RVV_IME_OPENMP_GEMM/results/openmp_results_k1-rvv_1024_20260904_054843/raw_logs/GEMM_RVV_FP32_INT8_8x4_Baseline_RVV_IGEMM_INT8_I8I32_8x4_igemm_kernel_8x4_zvl256b_lmul2_unroll4_i8i32_run4.log",NA,NA,NA,NA,NA,NA,NA
2026-09-04T05:53:36,k1-rvv,"GEMM_RVV_FP32_INT8_8x4_Baseline","RVV_IGEMM_INT8_I8I32_8x4","igemm_kernel_8x4_zvl256b_lmul2_unroll4_i8i32",8x4,256b,2,4,INT8_RVV,0-7,8,8,1024,1024,1024,32,5,OK,0,NONE,1.248959668,GOPS,1.719418,parallel_tiles_including_required_packing,DISABLED,0,0,"0:cpu0:tiles4;1:cpu1:tiles4;2:cpu2:tiles4;3:cpu3:tiles4;4:cpu4:tiles4;5:cpu5:tiles4;6:cpu6:tiles4;7:cpu7:tiles4","NA",static,0,"NA","NA","/home/bananapi/MAT/kernels riscv rvv 1.0/FINAL/riscv-rvv-ime-gemm-microkernels-updated/HETEROGENEOUS_RVV_IME_OPENMP_GEMM/results/openmp_results_k1-rvv_1024_20260904_054843/raw_logs/GEMM_RVV_FP32_INT8_8x4_Baseline_RVV_IGEMM_INT8_I8I32_8x4_igemm_kernel_8x4_zvl256b_lmul2_unroll4_i8i32_run5.log",NA,NA,NA,NA,NA,NA,NA
2026-09-04T05:53:39,k1-rvv,"GEMM_RVV_FP32_INT8_8x4_Baseline","RVV_IGEMM_INT8_I8I32_8x4","igemm_kernel_8x4_zvl256b_lmul2_unroll4_i8i32",8x4,256b,2,4,INT8_RVV,0-7,8,8,1024,1024,1024,32,6,OK,0,NONE,1.247046500,GOPS,1.722056,parallel_tiles_including_required_packing,DISABLED,0,0,"0:cpu0:tiles4;1:cpu1:tiles4;2:cpu2:tiles4;3:cpu3:tiles4;4:cpu4:tiles4;5:cpu5:tiles4;6:cpu6:tiles4;7:cpu7:tiles4","NA",static,0,"NA","NA","/home/bananapi/MAT/kernels riscv rvv 1.0/FINAL/riscv-rvv-ime-gemm-microkernels-updated/HETEROGENEOUS_RVV_IME_OPENMP_GEMM/results/openmp_results_k1-rvv_1024_20260904_054843/raw_logs/GEMM_RVV_FP32_INT8_8x4_Baseline_RVV_IGEMM_INT8_I8I32_8x4_igemm_kernel_8x4_zvl256b_lmul2_unroll4_i8i32_run6.log",NA,NA,NA,NA,NA,NA,NA
2026-09-04T05:54:11,k1-rvv,"GEMM_RVV_FP32_INT8_8x4_Baseline","RVV_IGEMM_INT8_I8I32_8x4","igemm_kernel_8x4_zvl256b_lmul2_unroll8_i8i32",8x4,256b,2,8,INT8_RVV,0-7,8,8,1024,1024,1024,32,1,OK,0,NONE,1.271739293,GOPS,1.688619,parallel_tiles_including_required_packing,INDEPENDENT_INT64_REFERENCE_EXACT_INT32,0,0,"0:cpu0:tiles4;1:cpu1:tiles4;2:cpu2:tiles4;3:cpu3:tiles4;4:cpu4:tiles4;5:cpu5:tiles4;6:cpu6:tiles4;7:cpu7:tiles4","NA",static,0,"NA","NA","/home/bananapi/MAT/kernels riscv rvv 1.0/FINAL/riscv-rvv-ime-gemm-microkernels-updated/HETEROGENEOUS_RVV_IME_OPENMP_GEMM/results/openmp_results_k1-rvv_1024_20260904_054843/raw_logs/GEMM_RVV_FP32_INT8_8x4_Baseline_RVV_IGEMM_INT8_I8I32_8x4_igemm_kernel_8x4_zvl256b_lmul2_unroll8_i8i32_run1.log",NA,NA,NA,NA,NA,NA,NA
2026-09-04T05:54:14,k1-rvv,"GEMM_RVV_FP32_INT8_8x4_Baseline","RVV_IGEMM_INT8_I8I32_8x4","igemm_kernel_8x4_zvl256b_lmul2_unroll8_i8i32",8x4,256b,2,8,INT8_RVV,0-7,8,8,1024,1024,1024,32,2,OK,0,NONE,1.279995583,GOPS,1.677727,parallel_tiles_including_required_packing,DISABLED,0,0,"0:cpu0:tiles4;1:cpu1:tiles4;2:cpu2:tiles4;3:cpu3:tiles4;4:cpu4:tiles4;5:cpu5:tiles4;6:cpu6:tiles4;7:cpu7:tiles4","NA",static,0,"NA","NA","/home/bananapi/MAT/kernels riscv rvv 1.0/FINAL/riscv-rvv-ime-gemm-microkernels-updated/HETEROGENEOUS_RVV_IME_OPENMP_GEMM/results/openmp_results_k1-rvv_1024_20260904_054843/raw_logs/GEMM_RVV_FP32_INT8_8x4_Baseline_RVV_IGEMM_INT8_I8I32_8x4_igemm_kernel_8x4_zvl256b_lmul2_unroll8_i8i32_run2.log",NA,NA,NA,NA,NA,NA,NA
2026-09-04T05:54:17,k1-rvv,"GEMM_RVV_FP32_INT8_8x4_Baseline","RVV_IGEMM_INT8_I8I32_8x4","igemm_kernel_8x4_zvl256b_lmul2_unroll8_i8i32",8x4,256b,2,8,INT8_RVV,0-7,8,8,1024,1024,1024,32,3,OK,0,NONE,1.275786337,GOPS,1.683263,parallel_tiles_including_required_packing,DISABLED,0,0,"0:cpu0:tiles4;1:cpu1:tiles4;2:cpu2:tiles4;3:cpu3:tiles4;4:cpu4:tiles4;5:cpu5:tiles4;6:cpu6:tiles4;7:cpu7:tiles4","NA",static,0,"NA","NA","/home/bananapi/MAT/kernels riscv rvv 1.0/FINAL/riscv-rvv-ime-gemm-microkernels-updated/HETEROGENEOUS_RVV_IME_OPENMP_GEMM/results/openmp_results_k1-rvv_1024_20260904_054843/raw_logs/GEMM_RVV_FP32_INT8_8x4_Baseline_RVV_IGEMM_INT8_I8I32_8x4_igemm_kernel_8x4_zvl256b_lmul2_unroll8_i8i32_run3.log",NA,NA,NA,NA,NA,NA,NA
2026-09-04T05:54:20,k1-rvv,"GEMM_RVV_FP32_INT8_8x4_Baseline","RVV_IGEMM_INT8_I8I32_8x4","igemm_kernel_8x4_zvl256b_lmul2_unroll8_i8i32",8x4,256b,2,8,INT8_RVV,0-7,8,8,1024,1024,1024,32,4,OK,0,NONE,1.271513335,GOPS,1.688919,parallel_tiles_including_required_packing,DISABLED,0,0,"0:cpu0:tiles4;1:cpu1:tiles4;2:cpu2:tiles4;3:cpu3:tiles4;4:cpu4:tiles4;5:cpu5:tiles4;6:cpu6:tiles4;7:cpu7:tiles4","NA",static,0,"NA","NA","/home/bananapi/MAT/kernels riscv rvv 1.0/FINAL/riscv-rvv-ime-gemm-microkernels-updated/HETEROGENEOUS_RVV_IME_OPENMP_GEMM/results/openmp_results_k1-rvv_1024_20260904_054843/raw_logs/GEMM_RVV_FP32_INT8_8x4_Baseline_RVV_IGEMM_INT8_I8I32_8x4_igemm_kernel_8x4_zvl256b_lmul2_unroll8_i8i32_run4.log",NA,NA,NA,NA,NA,NA,NA
2026-09-04T05:54:23,k1-rvv,"GEMM_RVV_FP32_INT8_8x4_Baseline","RVV_IGEMM_INT8_I8I32_8x4","igemm_kernel_8x4_zvl256b_lmul2_unroll8_i8i32",8x4,256b,2,8,INT8_RVV,0-7,8,8,1024,1024,1024,32,5,OK,0,NONE,1.286532667,GOPS,1.669203,parallel_tiles_including_required_packing,DISABLED,0,0,"0:cpu0:tiles4;1:cpu1:tiles4;2:cpu2:tiles4;3:cpu3:tiles4;4:cpu4:tiles4;5:cpu5:tiles4;6:cpu6:tiles4;7:cpu7:tiles4","NA",static,0,"NA","NA","/home/bananapi/MAT/kernels riscv rvv 1.0/FINAL/riscv-rvv-ime-gemm-microkernels-updated/HETEROGENEOUS_RVV_IME_OPENMP_GEMM/results/openmp_results_k1-rvv_1024_20260904_054843/raw_logs/GEMM_RVV_FP32_INT8_8x4_Baseline_RVV_IGEMM_INT8_I8I32_8x4_igemm_kernel_8x4_zvl256b_lmul2_unroll8_i8i32_run5.log",NA,NA,NA,NA,NA,NA,NA
2026-09-04T05:54:26,k1-rvv,"GEMM_RVV_FP32_INT8_8x4_Baseline","RVV_IGEMM_INT8_I8I32_8x4","igemm_kernel_8x4_zvl256b_lmul2_unroll8_i8i32",8x4,256b,2,8,INT8_RVV,0-7,8,8,1024,1024,1024,32,6,OK,0,NONE,1.270551417,GOPS,1.690198,parallel_tiles_including_required_packing,DISABLED,0,0,"0:cpu0:tiles4;1:cpu1:tiles4;2:cpu2:tiles4;3:cpu3:tiles4;4:cpu4:tiles4;5:cpu5:tiles4;6:cpu6:tiles4;7:cpu7:tiles4","NA",static,0,"NA","NA","/home/bananapi/MAT/kernels riscv rvv 1.0/FINAL/riscv-rvv-ime-gemm-microkernels-updated/HETEROGENEOUS_RVV_IME_OPENMP_GEMM/results/openmp_results_k1-rvv_1024_20260904_054843/raw_logs/GEMM_RVV_FP32_INT8_8x4_Baseline_RVV_IGEMM_INT8_I8I32_8x4_igemm_kernel_8x4_zvl256b_lmul2_unroll8_i8i32_run6.log",NA,NA,NA,NA,NA,NA,NA
2026-09-04T05:54:53,k1-rvv,"GEMM_RVV_FP32_INT8_8x4_Baseline","RVV_IGEMM_INT8_I8I32_8x4","igemm_kernel_8x4_zvl256b_lmulmf2_unroll1_i8i32",8x4,256b,mf2,1,INT8_RVV,0-7,8,8,1024,1024,1024,32,1,OK,0,NONE,0.124633335,GOPS,17.230412,parallel_tiles_including_required_packing,INDEPENDENT_INT64_REFERENCE_EXACT_INT32,0,0,"0:cpu0:tiles4;1:cpu1:tiles4;2:cpu2:tiles4;3:cpu3:tiles4;4:cpu4:tiles4;5:cpu5:tiles4;6:cpu6:tiles4;7:cpu7:tiles4","NA",static,0,"NA","NA","/home/bananapi/MAT/kernels riscv rvv 1.0/FINAL/riscv-rvv-ime-gemm-microkernels-updated/HETEROGENEOUS_RVV_IME_OPENMP_GEMM/results/openmp_results_k1-rvv_1024_20260904_054843/raw_logs/GEMM_RVV_FP32_INT8_8x4_Baseline_RVV_IGEMM_INT8_I8I32_8x4_igemm_kernel_8x4_zvl256b_lmulmf2_unroll1_i8i32_run1.log",NA,NA,NA,NA,NA,NA,NA
2026-09-04T05:54:53,k1-rvv,"GEMM_RVV_FP32_INT8_8x4_Baseline","RVV_IGEMM_INT8_I8I32_8x4","igemm_kernel_8x4_zvl256b_lmulmf2_unroll1_i8i32",8x4,256b,mf2,1,INT8_RVV,0-7,8,8,1024,1024,1024,32,2,OK,0,NONE,0.124444000,GOPS,17.256627,parallel_tiles_including_required_packing,DISABLED,0,0,"0:cpu0:tiles4;1:cpu1:tiles4;2:cpu2:tiles4;3:cpu3:tiles4;4:cpu4:tiles4;5:cpu5:tiles4;6:cpu6:tiles4;7:cpu7:tiles4","NA",static,0,"NA","NA","/home/bananapi/MAT/kernels riscv rvv 1.0/FINAL/riscv-rvv-ime-gemm-microkernels-updated/HETEROGENEOUS_RVV_IME_OPENMP_GEMM/results/openmp_results_k1-rvv_1024_20260904_054843/raw_logs/GEMM_RVV_FP32_INT8_8x4_Baseline_RVV_IGEMM_INT8_I8I32_8x4_igemm_kernel_8x4_zvl256b_lmulmf2_unroll1_i8i32_run2.log",NA,NA,NA,NA,NA,NA,NA
2026-09-04T05:54:54,k1-rvv,"GEMM_RVV_FP32_INT8_8x4_Baseline","RVV_IGEMM_INT8_I8I32_8x4","igemm_kernel_8x4_zvl256b_lmulmf2_unroll1_i8i32",8x4,256b,mf2,1,INT8_RVV,0-7,8,8,1024,1024,1024,32,3,OK,0,NONE,0.123958208,GOPS,17.324255,parallel_tiles_including_required_packing,DISABLED,0,0,"0:cpu0:tiles4;1:cpu1:tiles4;2:cpu2:tiles4;3:cpu3:tiles4;4:cpu4:tiles4;5:cpu5:tiles4;6:cpu6:tiles4;7:cpu7:tiles4","NA",static,0,"NA","NA","/home/bananapi/MAT/kernels riscv rvv 1.0/FINAL/riscv-rvv-ime-gemm-microkernels-updated/HETEROGENEOUS_RVV_IME_OPENMP_GEMM/results/openmp_results_k1-rvv_1024_20260904_054843/raw_logs/GEMM_RVV_FP32_INT8_8x4_Baseline_RVV_IGEMM_INT8_I8I32_8x4_igemm_kernel_8x4_zvl256b_lmulmf2_unroll1_i8i32_run3.log",NA,NA,NA,NA,NA,NA,NA
2026-09-04T05:54:55,k1-rvv,"GEMM_RVV_FP32_INT8_8x4_Baseline","RVV_IGEMM_INT8_I8I32_8x4","igemm_kernel_8x4_zvl256b_lmulmf2_unroll1_i8i32",8x4,256b,mf2,1,INT8_RVV,0-7,8,8,1024,1024,1024,32,4,OK,0,NONE,0.136918001,GOPS,15.684451,parallel_tiles_including_required_packing,DISABLED,0,0,"0:cpu0:tiles4;1:cpu1:tiles4;2:cpu2:tiles4;3:cpu3:tiles4;4:cpu4:tiles4;5:cpu5:tiles4;6:cpu6:tiles4;7:cpu7:tiles4","NA",static,0,"NA","NA","/home/bananapi/MAT/kernels riscv rvv 1.0/FINAL/riscv-rvv-ime-gemm-microkernels-updated/HETEROGENEOUS_RVV_IME_OPENMP_GEMM/results/openmp_results_k1-rvv_1024_20260904_054843/raw_logs/GEMM_RVV_FP32_INT8_8x4_Baseline_RVV_IGEMM_INT8_I8I32_8x4_igemm_kernel_8x4_zvl256b_lmulmf2_unroll1_i8i32_run4.log",NA,NA,NA,NA,NA,NA,NA
2026-09-04T05:54:55,k1-rvv,"GEMM_RVV_FP32_INT8_8x4_Baseline","RVV_IGEMM_INT8_I8I32_8x4","igemm_kernel_8x4_zvl256b_lmulmf2_unroll1_i8i32",8x4,256b,mf2,1,INT8_RVV,0-7,8,8,1024,1024,1024,32,5,OK,0,NONE,0.122973334,GOPS,17.463003,parallel_tiles_including_required_packing,DISABLED,0,0,"0:cpu0:tiles4;1:cpu1:tiles4;2:cpu2:tiles4;3:cpu3:tiles4;4:cpu4:tiles4;5:cpu5:tiles4;6:cpu6:tiles4;7:cpu7:tiles4","NA",static,0,"NA","NA","/home/bananapi/MAT/kernels riscv rvv 1.0/FINAL/riscv-rvv-ime-gemm-microkernels-updated/HETEROGENEOUS_RVV_IME_OPENMP_GEMM/results/openmp_results_k1-rvv_1024_20260904_054843/raw_logs/GEMM_RVV_FP32_INT8_8x4_Baseline_RVV_IGEMM_INT8_I8I32_8x4_igemm_kernel_8x4_zvl256b_lmulmf2_unroll1_i8i32_run5.log",NA,NA,NA,NA,NA,NA,NA
2026-09-04T05:54:56,k1-rvv,"GEMM_RVV_FP32_INT8_8x4_Baseline","RVV_IGEMM_INT8_I8I32_8x4","igemm_kernel_8x4_zvl256b_lmulmf2_unroll1_i8i32",8x4,256b,mf2,1,INT8_RVV,0-7,8,8,1024,1024,1024,32,6,OK,0,NONE,0.121819876,GOPS,17.628352,parallel_tiles_including_required_packing,DISABLED,0,0,"0:cpu0:tiles4;1:cpu1:tiles4;2:cpu2:tiles4;3:cpu3:tiles4;4:cpu4:tiles4;5:cpu5:tiles4;6:cpu6:tiles4;7:cpu7:tiles4","NA",static,0,"NA","NA","/home/bananapi/MAT/kernels riscv rvv 1.0/FINAL/riscv-rvv-ime-gemm-microkernels-updated/HETEROGENEOUS_RVV_IME_OPENMP_GEMM/results/openmp_results_k1-rvv_1024_20260904_054843/raw_logs/GEMM_RVV_FP32_INT8_8x4_Baseline_RVV_IGEMM_INT8_I8I32_8x4_igemm_kernel_8x4_zvl256b_lmulmf2_unroll1_i8i32_run6.log",NA,NA,NA,NA,NA,NA,NA
2026-09-04T05:55:32,k1-rvv,"GEMM_RVV_FP32_INT8_8x4_Baseline","RVV_IGEMM_INT8_I8I32_8x4","igemm_kernel_8x4_zvl256b_lmulmf2_unroll2_i8i32",8x4,256b,mf2,2,INT8_RVV,0-7,8,8,1024,1024,1024,32,1,OK,0,NONE,0.121891085,GOPS,17.618053,parallel_tiles_including_required_packing,INDEPENDENT_INT64_REFERENCE_EXACT_INT32,0,0,"0:cpu0:tiles4;1:cpu1:tiles4;2:cpu2:tiles4;3:cpu3:tiles4;4:cpu4:tiles4;5:cpu5:tiles4;6:cpu6:tiles4;7:cpu7:tiles4","NA",static,0,"NA","NA","/home/bananapi/MAT/kernels riscv rvv 1.0/FINAL/riscv-rvv-ime-gemm-microkernels-updated/HETEROGENEOUS_RVV_IME_OPENMP_GEMM/results/openmp_results_k1-rvv_1024_20260904_054843/raw_logs/GEMM_RVV_FP32_INT8_8x4_Baseline_RVV_IGEMM_INT8_I8I32_8x4_igemm_kernel_8x4_zvl256b_lmulmf2_unroll2_i8i32_run1.log",NA,NA,NA,NA,NA,NA,NA
2026-09-04T05:55:32,k1-rvv,"GEMM_RVV_FP32_INT8_8x4_Baseline","RVV_IGEMM_INT8_I8I32_8x4","igemm_kernel_8x4_zvl256b_lmulmf2_unroll2_i8i32",8x4,256b,mf2,2,INT8_RVV,0-7,8,8,1024,1024,1024,32,2,OK,0,NONE,0.119032916,GOPS,18.041091,parallel_tiles_including_required_packing,DISABLED,0,0,"0:cpu0:tiles4;1:cpu1:tiles4;2:cpu2:tiles4;3:cpu3:tiles4;4:cpu4:tiles4;5:cpu5:tiles4;6:cpu6:tiles4;7:cpu7:tiles4","NA",static,0,"NA","NA","/home/bananapi/MAT/kernels riscv rvv 1.0/FINAL/riscv-rvv-ime-gemm-microkernels-updated/HETEROGENEOUS_RVV_IME_OPENMP_GEMM/results/openmp_results_k1-rvv_1024_20260904_054843/raw_logs/GEMM_RVV_FP32_INT8_8x4_Baseline_RVV_IGEMM_INT8_I8I32_8x4_igemm_kernel_8x4_zvl256b_lmulmf2_unroll2_i8i32_run2.log",NA,NA,NA,NA,NA,NA,NA
2026-09-04T05:55:33,k1-rvv,"GEMM_RVV_FP32_INT8_8x4_Baseline","RVV_IGEMM_INT8_I8I32_8x4","igemm_kernel_8x4_zvl256b_lmulmf2_unroll2_i8i32",8x4,256b,mf2,2,INT8_RVV,0-7,8,8,1024,1024,1024,32,3,OK,0,NONE,0.119834457,GOPS,17.920419,parallel_tiles_including_required_packing,DISABLED,0,0,"0:cpu0:tiles4;1:cpu1:tiles4;2:cpu2:tiles4;3:cpu3:tiles4;4:cpu4:tiles4;5:cpu5:tiles4;6:cpu6:tiles4;7:cpu7:tiles4","NA",static,0,"NA","NA","/home/bananapi/MAT/kernels riscv rvv 1.0/FINAL/riscv-rvv-ime-gemm-microkernels-updated/HETEROGENEOUS_RVV_IME_OPENMP_GEMM/results/openmp_results_k1-rvv_1024_20260904_054843/raw_logs/GEMM_RVV_FP32_INT8_8x4_Baseline_RVV_IGEMM_INT8_I8I32_8x4_igemm_kernel_8x4_zvl256b_lmulmf2_unroll2_i8i32_run3.log",NA,NA,NA,NA,NA,NA,NA
2026-09-04T05:55:33,k1-rvv,"GEMM_RVV_FP32_INT8_8x4_Baseline","RVV_IGEMM_INT8_I8I32_8x4","igemm_kernel_8x4_zvl256b_lmulmf2_unroll2_i8i32",8x4,256b,mf2,2,INT8_RVV,0-7,8,8,1024,1024,1024,32,4,OK,0,NONE,0.118639249,GOPS,18.100954,parallel_tiles_including_required_packing,DISABLED,0,0,"0:cpu0:tiles4;1:cpu1:tiles4;2:cpu2:tiles4;3:cpu3:tiles4;4:cpu4:tiles4;5:cpu5:tiles4;6:cpu6:tiles4;7:cpu7:tiles4","NA",static,0,"NA","NA","/home/bananapi/MAT/kernels riscv rvv 1.0/FINAL/riscv-rvv-ime-gemm-microkernels-updated/HETEROGENEOUS_RVV_IME_OPENMP_GEMM/results/openmp_results_k1-rvv_1024_20260904_054843/raw_logs/GEMM_RVV_FP32_INT8_8x4_Baseline_RVV_IGEMM_INT8_I8I32_8x4_igemm_kernel_8x4_zvl256b_lmulmf2_unroll2_i8i32_run4.log",NA,NA,NA,NA,NA,NA,NA
2026-09-04T05:55:34,k1-rvv,"GEMM_RVV_FP32_INT8_8x4_Baseline","RVV_IGEMM_INT8_I8I32_8x4","igemm_kernel_8x4_zvl256b_lmulmf2_unroll2_i8i32",8x4,256b,mf2,2,INT8_RVV,0-7,8,8,1024,1024,1024,32,5,OK,0,NONE,0.119992293,GOPS,17.896846,parallel_tiles_including_required_packing,DISABLED,0,0,"0:cpu0:tiles4;1:cpu1:tiles4;2:cpu2:tiles4;3:cpu3:tiles4;4:cpu4:tiles4;5:cpu5:tiles4;6:cpu6:tiles4;7:cpu7:tiles4","NA",static,0,"NA","NA","/home/bananapi/MAT/kernels riscv rvv 1.0/FINAL/riscv-rvv-ime-gemm-microkernels-updated/HETEROGENEOUS_RVV_IME_OPENMP_GEMM/results/openmp_results_k1-rvv_1024_20260904_054843/raw_logs/GEMM_RVV_FP32_INT8_8x4_Baseline_RVV_IGEMM_INT8_I8I32_8x4_igemm_kernel_8x4_zvl256b_lmulmf2_unroll2_i8i32_run5.log",NA,NA,NA,NA,NA,NA,NA
2026-09-04T05:55:34,k1-rvv,"GEMM_RVV_FP32_INT8_8x4_Baseline","RVV_IGEMM_INT8_I8I32_8x4","igemm_kernel_8x4_zvl256b_lmulmf2_unroll2_i8i32",8x4,256b,mf2,2,INT8_RVV,0-7,8,8,1024,1024,1024,32,6,OK,0,NONE,0.119454164,GOPS,17.977470,parallel_tiles_including_required_packing,DISABLED,0,0,"0:cpu0:tiles4;1:cpu1:tiles4;2:cpu2:tiles4;3:cpu3:tiles4;4:cpu4:tiles4;5:cpu5:tiles4;6:cpu6:tiles4;7:cpu7:tiles4","NA",static,0,"NA","NA","/home/bananapi/MAT/kernels riscv rvv 1.0/FINAL/riscv-rvv-ime-gemm-microkernels-updated/HETEROGENEOUS_RVV_IME_OPENMP_GEMM/results/openmp_results_k1-rvv_1024_20260904_054843/raw_logs/GEMM_RVV_FP32_INT8_8x4_Baseline_RVV_IGEMM_INT8_I8I32_8x4_igemm_kernel_8x4_zvl256b_lmulmf2_unroll2_i8i32_run6.log",NA,NA,NA,NA,NA,NA,NA
2026-09-04T05:56:10,k1-rvv,"GEMM_RVV_FP32_INT8_8x4_Baseline","RVV_IGEMM_INT8_I8I32_8x4","igemm_kernel_8x4_zvl256b_lmulmf2_unroll4_i8i32",8x4,256b,mf2,4,INT8_RVV,0-7,8,8,1024,1024,1024,32,1,OK,0,NONE,0.120612375,GOPS,17.804837,parallel_tiles_including_required_packing,INDEPENDENT_INT64_REFERENCE_EXACT_INT32,0,0,"0:cpu0:tiles4;1:cpu1:tiles4;2:cpu2:tiles4;3:cpu3:tiles4;4:cpu4:tiles4;5:cpu5:tiles4;6:cpu6:tiles4;7:cpu7:tiles4","NA",static,0,"NA","NA","/home/bananapi/MAT/kernels riscv rvv 1.0/FINAL/riscv-rvv-ime-gemm-microkernels-updated/HETEROGENEOUS_RVV_IME_OPENMP_GEMM/results/openmp_results_k1-rvv_1024_20260904_054843/raw_logs/GEMM_RVV_FP32_INT8_8x4_Baseline_RVV_IGEMM_INT8_I8I32_8x4_igemm_kernel_8x4_zvl256b_lmulmf2_unroll4_i8i32_run1.log",NA,NA,NA,NA,NA,NA,NA
2026-09-04T05:56:11,k1-rvv,"GEMM_RVV_FP32_INT8_8x4_Baseline","RVV_IGEMM_INT8_I8I32_8x4","igemm_kernel_8x4_zvl256b_lmulmf2_unroll4_i8i32",8x4,256b,mf2,4,INT8_RVV,0-7,8,8,1024,1024,1024,32,2,OK,0,NONE,0.119407624,GOPS,17.984477,parallel_tiles_including_required_packing,DISABLED,0,0,"0:cpu0:tiles4;1:cpu1:tiles4;2:cpu2:tiles4;3:cpu3:tiles4;4:cpu4:tiles4;5:cpu5:tiles4;6:cpu6:tiles4;7:cpu7:tiles4","NA",static,0,"NA","NA","/home/bananapi/MAT/kernels riscv rvv 1.0/FINAL/riscv-rvv-ime-gemm-microkernels-updated/HETEROGENEOUS_RVV_IME_OPENMP_GEMM/results/openmp_results_k1-rvv_1024_20260904_054843/raw_logs/GEMM_RVV_FP32_INT8_8x4_Baseline_RVV_IGEMM_INT8_I8I32_8x4_igemm_kernel_8x4_zvl256b_lmulmf2_unroll4_i8i32_run2.log",NA,NA,NA,NA,NA,NA,NA
2026-09-04T05:56:11,k1-rvv,"GEMM_RVV_FP32_INT8_8x4_Baseline","RVV_IGEMM_INT8_I8I32_8x4","igemm_kernel_8x4_zvl256b_lmulmf2_unroll4_i8i32",8x4,256b,mf2,4,INT8_RVV,0-7,8,8,1024,1024,1024,32,3,OK,0,NONE,0.120450500,GOPS,17.828765,parallel_tiles_including_required_packing,DISABLED,0,0,"0:cpu0:tiles4;1:cpu1:tiles4;2:cpu2:tiles4;3:cpu3:tiles4;4:cpu4:tiles4;5:cpu5:tiles4;6:cpu6:tiles4;7:cpu7:tiles4","NA",static,0,"NA","NA","/home/bananapi/MAT/kernels riscv rvv 1.0/FINAL/riscv-rvv-ime-gemm-microkernels-updated/HETEROGENEOUS_RVV_IME_OPENMP_GEMM/results/openmp_results_k1-rvv_1024_20260904_054843/raw_logs/GEMM_RVV_FP32_INT8_8x4_Baseline_RVV_IGEMM_INT8_I8I32_8x4_igemm_kernel_8x4_zvl256b_lmulmf2_unroll4_i8i32_run3.log",NA,NA,NA,NA,NA,NA,NA
2026-09-04T05:56:12,k1-rvv,"GEMM_RVV_FP32_INT8_8x4_Baseline","RVV_IGEMM_INT8_I8I32_8x4","igemm_kernel_8x4_zvl256b_lmulmf2_unroll4_i8i32",8x4,256b,mf2,4,INT8_RVV,0-7,8,8,1024,1024,1024,32,4,OK,0,NONE,0.122239664,GOPS,17.567814,parallel_tiles_including_required_packing,DISABLED,0,0,"0:cpu0:tiles4;1:cpu1:tiles4;2:cpu2:tiles4;3:cpu3:tiles4;4:cpu4:tiles4;5:cpu5:tiles4;6:cpu6:tiles4;7:cpu7:tiles4","NA",static,0,"NA","NA","/home/bananapi/MAT/kernels riscv rvv 1.0/FINAL/riscv-rvv-ime-gemm-microkernels-updated/HETEROGENEOUS_RVV_IME_OPENMP_GEMM/results/openmp_results_k1-rvv_1024_20260904_054843/raw_logs/GEMM_RVV_FP32_INT8_8x4_Baseline_RVV_IGEMM_INT8_I8I32_8x4_igemm_kernel_8x4_zvl256b_lmulmf2_unroll4_i8i32_run4.log",NA,NA,NA,NA,NA,NA,NA
2026-09-04T05:56:13,k1-rvv,"GEMM_RVV_FP32_INT8_8x4_Baseline","RVV_IGEMM_INT8_I8I32_8x4","igemm_kernel_8x4_zvl256b_lmulmf2_unroll4_i8i32",8x4,256b,mf2,4,INT8_RVV,0-7,8,8,1024,1024,1024,32,5,OK,0,NONE,0.119052418,GOPS,18.038136,parallel_tiles_including_required_packing,DISABLED,0,0,"0:cpu0:tiles4;1:cpu1:tiles4;2:cpu2:tiles4;3:cpu3:tiles4;4:cpu4:tiles4;5:cpu5:tiles4;6:cpu6:tiles4;7:cpu7:tiles4","NA",static,0,"NA","NA","/home/bananapi/MAT/kernels riscv rvv 1.0/FINAL/riscv-rvv-ime-gemm-microkernels-updated/HETEROGENEOUS_RVV_IME_OPENMP_GEMM/results/openmp_results_k1-rvv_1024_20260904_054843/raw_logs/GEMM_RVV_FP32_INT8_8x4_Baseline_RVV_IGEMM_INT8_I8I32_8x4_igemm_kernel_8x4_zvl256b_lmulmf2_unroll4_i8i32_run5.log",NA,NA,NA,NA,NA,NA,NA
2026-09-04T05:56:13,k1-rvv,"GEMM_RVV_FP32_INT8_8x4_Baseline","RVV_IGEMM_INT8_I8I32_8x4","igemm_kernel_8x4_zvl256b_lmulmf2_unroll4_i8i32",8x4,256b,mf2,4,INT8_RVV,0-7,8,8,1024,1024,1024,32,6,OK,0,NONE,0.120334499,GOPS,17.845952,parallel_tiles_including_required_packing,DISABLED,0,0,"0:cpu0:tiles4;1:cpu1:tiles4;2:cpu2:tiles4;3:cpu3:tiles4;4:cpu4:tiles4;5:cpu5:tiles4;6:cpu6:tiles4;7:cpu7:tiles4","NA",static,0,"NA","NA","/home/bananapi/MAT/kernels riscv rvv 1.0/FINAL/riscv-rvv-ime-gemm-microkernels-updated/HETEROGENEOUS_RVV_IME_OPENMP_GEMM/results/openmp_results_k1-rvv_1024_20260904_054843/raw_logs/GEMM_RVV_FP32_INT8_8x4_Baseline_RVV_IGEMM_INT8_I8I32_8x4_igemm_kernel_8x4_zvl256b_lmulmf2_unroll4_i8i32_run6.log",NA,NA,NA,NA,NA,NA,NA
2026-09-04T05:56:42,k1-rvv,"GEMM_RVV_FP32_INT8_8x4_Baseline","RVV_IGEMM_INT8_I8I32_8x4","igemm_kernel_8x4_zvl256b_lmulmf2_unroll8_i8i32",8x4,256b,mf2,8,INT8_RVV,0-7,8,8,1024,1024,1024,32,1,OK,0,NONE,0.124062248,GOPS,17.309727,parallel_tiles_including_required_packing,INDEPENDENT_INT64_REFERENCE_EXACT_INT32,0,0,"0:cpu0:tiles4;1:cpu1:tiles4;2:cpu2:tiles4;3:cpu3:tiles4;4:cpu4:tiles4;5:cpu5:tiles4;6:cpu6:tiles4;7:cpu7:tiles4","NA",static,0,"NA","NA","/home/bananapi/MAT/kernels riscv rvv 1.0/FINAL/riscv-rvv-ime-gemm-microkernels-updated/HETEROGENEOUS_RVV_IME_OPENMP_GEMM/results/openmp_results_k1-rvv_1024_20260904_054843/raw_logs/GEMM_RVV_FP32_INT8_8x4_Baseline_RVV_IGEMM_INT8_I8I32_8x4_igemm_kernel_8x4_zvl256b_lmulmf2_unroll8_i8i32_run1.log",NA,NA,NA,NA,NA,NA,NA
2026-09-04T05:56:43,k1-rvv,"GEMM_RVV_FP32_INT8_8x4_Baseline","RVV_IGEMM_INT8_I8I32_8x4","igemm_kernel_8x4_zvl256b_lmulmf2_unroll8_i8i32",8x4,256b,mf2,8,INT8_RVV,0-7,8,8,1024,1024,1024,32,2,OK,0,NONE,0.117935583,GOPS,18.208954,parallel_tiles_including_required_packing,DISABLED,0,0,"0:cpu0:tiles4;1:cpu1:tiles4;2:cpu2:tiles4;3:cpu3:tiles4;4:cpu4:tiles4;5:cpu5:tiles4;6:cpu6:tiles4;7:cpu7:tiles4","NA",static,0,"NA","NA","/home/bananapi/MAT/kernels riscv rvv 1.0/FINAL/riscv-rvv-ime-gemm-microkernels-updated/HETEROGENEOUS_RVV_IME_OPENMP_GEMM/results/openmp_results_k1-rvv_1024_20260904_054843/raw_logs/GEMM_RVV_FP32_INT8_8x4_Baseline_RVV_IGEMM_INT8_I8I32_8x4_igemm_kernel_8x4_zvl256b_lmulmf2_unroll8_i8i32_run2.log",NA,NA,NA,NA,NA,NA,NA
2026-09-04T05:56:43,k1-rvv,"GEMM_RVV_FP32_INT8_8x4_Baseline","RVV_IGEMM_INT8_I8I32_8x4","igemm_kernel_8x4_zvl256b_lmulmf2_unroll8_i8i32",8x4,256b,mf2,8,INT8_RVV,0-7,8,8,1024,1024,1024,32,3,OK,0,NONE,0.120516457,GOPS,17.819008,parallel_tiles_including_required_packing,DISABLED,0,0,"0:cpu0:tiles4;1:cpu1:tiles4;2:cpu2:tiles4;3:cpu3:tiles4;4:cpu4:tiles4;5:cpu5:tiles4;6:cpu6:tiles4;7:cpu7:tiles4","NA",static,0,"NA","NA","/home/bananapi/MAT/kernels riscv rvv 1.0/FINAL/riscv-rvv-ime-gemm-microkernels-updated/HETEROGENEOUS_RVV_IME_OPENMP_GEMM/results/openmp_results_k1-rvv_1024_20260904_054843/raw_logs/GEMM_RVV_FP32_INT8_8x4_Baseline_RVV_IGEMM_INT8_I8I32_8x4_igemm_kernel_8x4_zvl256b_lmulmf2_unroll8_i8i32_run3.log",NA,NA,NA,NA,NA,NA,NA
2026-09-04T05:56:44,k1-rvv,"GEMM_RVV_FP32_INT8_8x4_Baseline","RVV_IGEMM_INT8_I8I32_8x4","igemm_kernel_8x4_zvl256b_lmulmf2_unroll8_i8i32",8x4,256b,mf2,8,INT8_RVV,0-7,8,8,1024,1024,1024,32,4,OK,0,NONE,0.124156918,GOPS,17.296528,parallel_tiles_including_required_packing,DISABLED,0,0,"0:cpu0:tiles4;1:cpu1:tiles4;2:cpu2:tiles4;3:cpu3:tiles4;4:cpu4:tiles4;5:cpu5:tiles4;6:cpu6:tiles4;7:cpu7:tiles4","NA",static,0,"NA","NA","/home/bananapi/MAT/kernels riscv rvv 1.0/FINAL/riscv-rvv-ime-gemm-microkernels-updated/HETEROGENEOUS_RVV_IME_OPENMP_GEMM/results/openmp_results_k1-rvv_1024_20260904_054843/raw_logs/GEMM_RVV_FP32_INT8_8x4_Baseline_RVV_IGEMM_INT8_I8I32_8x4_igemm_kernel_8x4_zvl256b_lmulmf2_unroll8_i8i32_run4.log",NA,NA,NA,NA,NA,NA,NA
2026-09-04T05:56:44,k1-rvv,"GEMM_RVV_FP32_INT8_8x4_Baseline","RVV_IGEMM_INT8_I8I32_8x4","igemm_kernel_8x4_zvl256b_lmulmf2_unroll8_i8i32",8x4,256b,mf2,8,INT8_RVV,0-7,8,8,1024,1024,1024,32,5,OK,0,NONE,0.122982834,GOPS,17.461654,parallel_tiles_including_required_packing,DISABLED,0,0,"0:cpu0:tiles4;1:cpu1:tiles4;2:cpu2:tiles4;3:cpu3:tiles4;4:cpu4:tiles4;5:cpu5:tiles4;6:cpu6:tiles4;7:cpu7:tiles4","NA",static,0,"NA","NA","/home/bananapi/MAT/kernels riscv rvv 1.0/FINAL/riscv-rvv-ime-gemm-microkernels-updated/HETEROGENEOUS_RVV_IME_OPENMP_GEMM/results/openmp_results_k1-rvv_1024_20260904_054843/raw_logs/GEMM_RVV_FP32_INT8_8x4_Baseline_RVV_IGEMM_INT8_I8I32_8x4_igemm_kernel_8x4_zvl256b_lmulmf2_unroll8_i8i32_run5.log",NA,NA,NA,NA,NA,NA,NA
2026-09-04T05:56:45,k1-rvv,"GEMM_RVV_FP32_INT8_8x4_Baseline","RVV_IGEMM_INT8_I8I32_8x4","igemm_kernel_8x4_zvl256b_lmulmf2_unroll8_i8i32",8x4,256b,mf2,8,INT8_RVV,0-7,8,8,1024,1024,1024,32,6,OK,0,NONE,0.120460249,GOPS,17.827322,parallel_tiles_including_required_packing,DISABLED,0,0,"0:cpu0:tiles4;1:cpu1:tiles4;2:cpu2:tiles4;3:cpu3:tiles4;4:cpu4:tiles4;5:cpu5:tiles4;6:cpu6:tiles4;7:cpu7:tiles4","NA",static,0,"NA","NA","/home/bananapi/MAT/kernels riscv rvv 1.0/FINAL/riscv-rvv-ime-gemm-microkernels-updated/HETEROGENEOUS_RVV_IME_OPENMP_GEMM/results/openmp_results_k1-rvv_1024_20260904_054843/raw_logs/GEMM_RVV_FP32_INT8_8x4_Baseline_RVV_IGEMM_INT8_I8I32_8x4_igemm_kernel_8x4_zvl256b_lmulmf2_unroll8_i8i32_run6.log",NA,NA,NA,NA,NA,NA,NA
2026-09-04T05:57:12,k1-rvv,"GEMM_RVV_FP32_INT8_8x4_Baseline","RVV_IGEMM_INT8_I8I32_8x4","igemm_kernel_8x4_zvl256b_lmulmf4_unroll1_i8i32",8x4,256b,mf4,1,INT8_RVV,0-7,8,8,1024,1024,1024,32,1,OK,0,NONE,0.101690918,GOPS,21.117753,parallel_tiles_including_required_packing,INDEPENDENT_INT64_REFERENCE_EXACT_INT32,0,0,"0:cpu0:tiles4;1:cpu1:tiles4;2:cpu2:tiles4;3:cpu3:tiles4;4:cpu4:tiles4;5:cpu5:tiles4;6:cpu6:tiles4;7:cpu7:tiles4","NA",static,0,"NA","NA","/home/bananapi/MAT/kernels riscv rvv 1.0/FINAL/riscv-rvv-ime-gemm-microkernels-updated/HETEROGENEOUS_RVV_IME_OPENMP_GEMM/results/openmp_results_k1-rvv_1024_20260904_054843/raw_logs/GEMM_RVV_FP32_INT8_8x4_Baseline_RVV_IGEMM_INT8_I8I32_8x4_igemm_kernel_8x4_zvl256b_lmulmf4_unroll1_i8i32_run1.log",NA,NA,NA,NA,NA,NA,NA
2026-09-04T05:57:13,k1-rvv,"GEMM_RVV_FP32_INT8_8x4_Baseline","RVV_IGEMM_INT8_I8I32_8x4","igemm_kernel_8x4_zvl256b_lmulmf4_unroll1_i8i32",8x4,256b,mf4,1,INT8_RVV,0-7,8,8,1024,1024,1024,32,2,OK,0,NONE,0.098635335,GOPS,21.771951,parallel_tiles_including_required_packing,DISABLED,0,0,"0:cpu0:tiles4;1:cpu1:tiles4;2:cpu2:tiles4;3:cpu3:tiles4;4:cpu4:tiles4;5:cpu5:tiles4;6:cpu6:tiles4;7:cpu7:tiles4","NA",static,0,"NA","NA","/home/bananapi/MAT/kernels riscv rvv 1.0/FINAL/riscv-rvv-ime-gemm-microkernels-updated/HETEROGENEOUS_RVV_IME_OPENMP_GEMM/results/openmp_results_k1-rvv_1024_20260904_054843/raw_logs/GEMM_RVV_FP32_INT8_8x4_Baseline_RVV_IGEMM_INT8_I8I32_8x4_igemm_kernel_8x4_zvl256b_lmulmf4_unroll1_i8i32_run2.log",NA,NA,NA,NA,NA,NA,NA
2026-09-04T05:57:13,k1-rvv,"GEMM_RVV_FP32_INT8_8x4_Baseline","RVV_IGEMM_INT8_I8I32_8x4","igemm_kernel_8x4_zvl256b_lmulmf4_unroll1_i8i32",8x4,256b,mf4,1,INT8_RVV,0-7,8,8,1024,1024,1024,32,3,OK,0,NONE,0.104300417,GOPS,20.589406,parallel_tiles_including_required_packing,DISABLED,0,0,"0:cpu0:tiles4;1:cpu1:tiles4;2:cpu2:tiles4;3:cpu3:tiles4;4:cpu4:tiles4;5:cpu5:tiles4;6:cpu6:tiles4;7:cpu7:tiles4","NA",static,0,"NA","NA","/home/bananapi/MAT/kernels riscv rvv 1.0/FINAL/riscv-rvv-ime-gemm-microkernels-updated/HETEROGENEOUS_RVV_IME_OPENMP_GEMM/results/openmp_results_k1-rvv_1024_20260904_054843/raw_logs/GEMM_RVV_FP32_INT8_8x4_Baseline_RVV_IGEMM_INT8_I8I32_8x4_igemm_kernel_8x4_zvl256b_lmulmf4_unroll1_i8i32_run3.log",NA,NA,NA,NA,NA,NA,NA
2026-09-04T05:57:14,k1-rvv,"GEMM_RVV_FP32_INT8_8x4_Baseline","RVV_IGEMM_INT8_I8I32_8x4","igemm_kernel_8x4_zvl256b_lmulmf4_unroll1_i8i32",8x4,256b,mf4,1,INT8_RVV,0-7,8,8,1024,1024,1024,32,4,OK,0,NONE,0.100229044,GOPS,21.425762,parallel_tiles_including_required_packing,DISABLED,0,0,"0:cpu0:tiles4;1:cpu1:tiles4;2:cpu2:tiles4;3:cpu3:tiles4;4:cpu4:tiles4;5:cpu5:tiles4;6:cpu6:tiles4;7:cpu7:tiles4","NA",static,0,"NA","NA","/home/bananapi/MAT/kernels riscv rvv 1.0/FINAL/riscv-rvv-ime-gemm-microkernels-updated/HETEROGENEOUS_RVV_IME_OPENMP_GEMM/results/openmp_results_k1-rvv_1024_20260904_054843/raw_logs/GEMM_RVV_FP32_INT8_8x4_Baseline_RVV_IGEMM_INT8_I8I32_8x4_igemm_kernel_8x4_zvl256b_lmulmf4_unroll1_i8i32_run4.log",NA,NA,NA,NA,NA,NA,NA
2026-09-04T05:57:14,k1-rvv,"GEMM_RVV_FP32_INT8_8x4_Baseline","RVV_IGEMM_INT8_I8I32_8x4","igemm_kernel_8x4_zvl256b_lmulmf4_unroll1_i8i32",8x4,256b,mf4,1,INT8_RVV,0-7,8,8,1024,1024,1024,32,5,OK,0,NONE,0.102058165,GOPS,21.041762,parallel_tiles_including_required_packing,DISABLED,0,0,"0:cpu0:tiles4;1:cpu1:tiles4;2:cpu2:tiles4;3:cpu3:tiles4;4:cpu4:tiles4;5:cpu5:tiles4;6:cpu6:tiles4;7:cpu7:tiles4","NA",static,0,"NA","NA","/home/bananapi/MAT/kernels riscv rvv 1.0/FINAL/riscv-rvv-ime-gemm-microkernels-updated/HETEROGENEOUS_RVV_IME_OPENMP_GEMM/results/openmp_results_k1-rvv_1024_20260904_054843/raw_logs/GEMM_RVV_FP32_INT8_8x4_Baseline_RVV_IGEMM_INT8_I8I32_8x4_igemm_kernel_8x4_zvl256b_lmulmf4_unroll1_i8i32_run5.log",NA,NA,NA,NA,NA,NA,NA
2026-09-04T05:57:15,k1-rvv,"GEMM_RVV_FP32_INT8_8x4_Baseline","RVV_IGEMM_INT8_I8I32_8x4","igemm_kernel_8x4_zvl256b_lmulmf4_unroll1_i8i32",8x4,256b,mf4,1,INT8_RVV,0-7,8,8,1024,1024,1024,32,6,OK,0,NONE,0.099815916,GOPS,21.514441,parallel_tiles_including_required_packing,DISABLED,0,0,"0:cpu0:tiles4;1:cpu1:tiles4;2:cpu2:tiles4;3:cpu3:tiles4;4:cpu4:tiles4;5:cpu5:tiles4;6:cpu6:tiles4;7:cpu7:tiles4","NA",static,0,"NA","NA","/home/bananapi/MAT/kernels riscv rvv 1.0/FINAL/riscv-rvv-ime-gemm-microkernels-updated/HETEROGENEOUS_RVV_IME_OPENMP_GEMM/results/openmp_results_k1-rvv_1024_20260904_054843/raw_logs/GEMM_RVV_FP32_INT8_8x4_Baseline_RVV_IGEMM_INT8_I8I32_8x4_igemm_kernel_8x4_zvl256b_lmulmf4_unroll1_i8i32_run6.log",NA,NA,NA,NA,NA,NA,NA
2026-09-04T05:57:43,k1-rvv,"GEMM_RVV_FP32_INT8_8x4_Baseline","RVV_IGEMM_INT8_I8I32_8x4","igemm_kernel_8x4_zvl256b_lmulmf4_unroll2_i8i32",8x4,256b,mf4,2,INT8_RVV,0-7,8,8,1024,1024,1024,32,1,OK,0,NONE,0.097227290,GOPS,22.087252,parallel_tiles_including_required_packing,INDEPENDENT_INT64_REFERENCE_EXACT_INT32,0,0,"0:cpu0:tiles4;1:cpu1:tiles4;2:cpu2:tiles4;3:cpu3:tiles4;4:cpu4:tiles4;5:cpu5:tiles4;6:cpu6:tiles4;7:cpu7:tiles4","NA",static,0,"NA","NA","/home/bananapi/MAT/kernels riscv rvv 1.0/FINAL/riscv-rvv-ime-gemm-microkernels-updated/HETEROGENEOUS_RVV_IME_OPENMP_GEMM/results/openmp_results_k1-rvv_1024_20260904_054843/raw_logs/GEMM_RVV_FP32_INT8_8x4_Baseline_RVV_IGEMM_INT8_I8I32_8x4_igemm_kernel_8x4_zvl256b_lmulmf4_unroll2_i8i32_run1.log",NA,NA,NA,NA,NA,NA,NA
2026-09-04T05:57:44,k1-rvv,"GEMM_RVV_FP32_INT8_8x4_Baseline","RVV_IGEMM_INT8_I8I32_8x4","igemm_kernel_8x4_zvl256b_lmulmf4_unroll2_i8i32",8x4,256b,mf4,2,INT8_RVV,0-7,8,8,1024,1024,1024,32,2,OK,0,NONE,0.095381085,GOPS,22.514775,parallel_tiles_including_required_packing,DISABLED,0,0,"0:cpu0:tiles4;1:cpu1:tiles4;2:cpu2:tiles4;3:cpu3:tiles4;4:cpu4:tiles4;5:cpu5:tiles4;6:cpu6:tiles4;7:cpu7:tiles4","NA",static,0,"NA","NA","/home/bananapi/MAT/kernels riscv rvv 1.0/FINAL/riscv-rvv-ime-gemm-microkernels-updated/HETEROGENEOUS_RVV_IME_OPENMP_GEMM/results/openmp_results_k1-rvv_1024_20260904_054843/raw_logs/GEMM_RVV_FP32_INT8_8x4_Baseline_RVV_IGEMM_INT8_I8I32_8x4_igemm_kernel_8x4_zvl256b_lmulmf4_unroll2_i8i32_run2.log",NA,NA,NA,NA,NA,NA,NA
2026-09-04T05:57:44,k1-rvv,"GEMM_RVV_FP32_INT8_8x4_Baseline","RVV_IGEMM_INT8_I8I32_8x4","igemm_kernel_8x4_zvl256b_lmulmf4_unroll2_i8i32",8x4,256b,mf4,2,INT8_RVV,0-7,8,8,1024,1024,1024,32,3,OK,0,NONE,0.096949041,GOPS,22.150644,parallel_tiles_including_required_packing,DISABLED,0,0,"0:cpu0:tiles4;1:cpu1:tiles4;2:cpu2:tiles4;3:cpu3:tiles4;4:cpu4:tiles4;5:cpu5:tiles4;6:cpu6:tiles4;7:cpu7:tiles4","NA",static,0,"NA","NA","/home/bananapi/MAT/kernels riscv rvv 1.0/FINAL/riscv-rvv-ime-gemm-microkernels-updated/HETEROGENEOUS_RVV_IME_OPENMP_GEMM/results/openmp_results_k1-rvv_1024_20260904_054843/raw_logs/GEMM_RVV_FP32_INT8_8x4_Baseline_RVV_IGEMM_INT8_I8I32_8x4_igemm_kernel_8x4_zvl256b_lmulmf4_unroll2_i8i32_run3.log",NA,NA,NA,NA,NA,NA,NA
2026-09-04T05:57:45,k1-rvv,"GEMM_RVV_FP32_INT8_8x4_Baseline","RVV_IGEMM_INT8_I8I32_8x4","igemm_kernel_8x4_zvl256b_lmulmf4_unroll2_i8i32",8x4,256b,mf4,2,INT8_RVV,0-7,8,8,1024,1024,1024,32,4,OK,0,NONE,0.097747914,GOPS,21.969611,parallel_tiles_including_required_packing,DISABLED,0,0,"0:cpu0:tiles4;1:cpu1:tiles4;2:cpu2:tiles4;3:cpu3:tiles4;4:cpu4:tiles4;5:cpu5:tiles4;6:cpu6:tiles4;7:cpu7:tiles4","NA",static,0,"NA","NA","/home/bananapi/MAT/kernels riscv rvv 1.0/FINAL/riscv-rvv-ime-gemm-microkernels-updated/HETEROGENEOUS_RVV_IME_OPENMP_GEMM/results/openmp_results_k1-rvv_1024_20260904_054843/raw_logs/GEMM_RVV_FP32_INT8_8x4_Baseline_RVV_IGEMM_INT8_I8I32_8x4_igemm_kernel_8x4_zvl256b_lmulmf4_unroll2_i8i32_run4.log",NA,NA,NA,NA,NA,NA,NA
2026-09-04T05:57:45,k1-rvv,"GEMM_RVV_FP32_INT8_8x4_Baseline","RVV_IGEMM_INT8_I8I32_8x4","igemm_kernel_8x4_zvl256b_lmulmf4_unroll2_i8i32",8x4,256b,mf4,2,INT8_RVV,0-7,8,8,1024,1024,1024,32,5,OK,0,NONE,0.098152667,GOPS,21.879015,parallel_tiles_including_required_packing,DISABLED,0,0,"0:cpu0:tiles4;1:cpu1:tiles4;2:cpu2:tiles4;3:cpu3:tiles4;4:cpu4:tiles4;5:cpu5:tiles4;6:cpu6:tiles4;7:cpu7:tiles4","NA",static,0,"NA","NA","/home/bananapi/MAT/kernels riscv rvv 1.0/FINAL/riscv-rvv-ime-gemm-microkernels-updated/HETEROGENEOUS_RVV_IME_OPENMP_GEMM/results/openmp_results_k1-rvv_1024_20260904_054843/raw_logs/GEMM_RVV_FP32_INT8_8x4_Baseline_RVV_IGEMM_INT8_I8I32_8x4_igemm_kernel_8x4_zvl256b_lmulmf4_unroll2_i8i32_run5.log",NA,NA,NA,NA,NA,NA,NA
2026-09-04T05:57:46,k1-rvv,"GEMM_RVV_FP32_INT8_8x4_Baseline","RVV_IGEMM_INT8_I8I32_8x4","igemm_kernel_8x4_zvl256b_lmulmf4_unroll2_i8i32",8x4,256b,mf4,2,INT8_RVV,0-7,8,8,1024,1024,1024,32,6,OK,0,NONE,0.093649417,GOPS,22.931095,parallel_tiles_including_required_packing,DISABLED,0,0,"0:cpu0:tiles4;1:cpu1:tiles4;2:cpu2:tiles4;3:cpu3:tiles4;4:cpu4:tiles4;5:cpu5:tiles4;6:cpu6:tiles4;7:cpu7:tiles4","NA",static,0,"NA","NA","/home/bananapi/MAT/kernels riscv rvv 1.0/FINAL/riscv-rvv-ime-gemm-microkernels-updated/HETEROGENEOUS_RVV_IME_OPENMP_GEMM/results/openmp_results_k1-rvv_1024_20260904_054843/raw_logs/GEMM_RVV_FP32_INT8_8x4_Baseline_RVV_IGEMM_INT8_I8I32_8x4_igemm_kernel_8x4_zvl256b_lmulmf4_unroll2_i8i32_run6.log",NA,NA,NA,NA,NA,NA,NA
2026-09-04T05:58:14,k1-rvv,"GEMM_RVV_FP32_INT8_8x4_Baseline","RVV_IGEMM_INT8_I8I32_8x4","igemm_kernel_8x4_zvl256b_lmulmf4_unroll4_i8i32",8x4,256b,mf4,4,INT8_RVV,0-7,8,8,1024,1024,1024,32,1,OK,0,NONE,0.097558293,GOPS,22.012313,parallel_tiles_including_required_packing,INDEPENDENT_INT64_REFERENCE_EXACT_INT32,0,0,"0:cpu0:tiles4;1:cpu1:tiles4;2:cpu2:tiles4;3:cpu3:tiles4;4:cpu4:tiles4;5:cpu5:tiles4;6:cpu6:tiles4;7:cpu7:tiles4","NA",static,0,"NA","NA","/home/bananapi/MAT/kernels riscv rvv 1.0/FINAL/riscv-rvv-ime-gemm-microkernels-updated/HETEROGENEOUS_RVV_IME_OPENMP_GEMM/results/openmp_results_k1-rvv_1024_20260904_054843/raw_logs/GEMM_RVV_FP32_INT8_8x4_Baseline_RVV_IGEMM_INT8_I8I32_8x4_igemm_kernel_8x4_zvl256b_lmulmf4_unroll4_i8i32_run1.log",NA,NA,NA,NA,NA,NA,NA
2026-09-04T05:58:15,k1-rvv,"GEMM_RVV_FP32_INT8_8x4_Baseline","RVV_IGEMM_INT8_I8I32_8x4","igemm_kernel_8x4_zvl256b_lmulmf4_unroll4_i8i32",8x4,256b,mf4,4,INT8_RVV,0-7,8,8,1024,1024,1024,32,2,OK,0,NONE,0.096903000,GOPS,22.161168,parallel_tiles_including_required_packing,DISABLED,0,0,"0:cpu0:tiles4;1:cpu1:tiles4;2:cpu2:tiles4;3:cpu3:tiles4;4:cpu4:tiles4;5:cpu5:tiles4;6:cpu6:tiles4;7:cpu7:tiles4","NA",static,0,"NA","NA","/home/bananapi/MAT/kernels riscv rvv 1.0/FINAL/riscv-rvv-ime-gemm-microkernels-updated/HETEROGENEOUS_RVV_IME_OPENMP_GEMM/results/openmp_results_k1-rvv_1024_20260904_054843/raw_logs/GEMM_RVV_FP32_INT8_8x4_Baseline_RVV_IGEMM_INT8_I8I32_8x4_igemm_kernel_8x4_zvl256b_lmulmf4_unroll4_i8i32_run2.log",NA,NA,NA,NA,NA,NA,NA
2026-09-04T05:58:15,k1-rvv,"GEMM_RVV_FP32_INT8_8x4_Baseline","RVV_IGEMM_INT8_I8I32_8x4","igemm_kernel_8x4_zvl256b_lmulmf4_unroll4_i8i32",8x4,256b,mf4,4,INT8_RVV,0-7,8,8,1024,1024,1024,32,3,OK,0,NONE,0.096860956,GOPS,22.170787,parallel_tiles_including_required_packing,DISABLED,0,0,"0:cpu0:tiles4;1:cpu1:tiles4;2:cpu2:tiles4;3:cpu3:tiles4;4:cpu4:tiles4;5:cpu5:tiles4;6:cpu6:tiles4;7:cpu7:tiles4","NA",static,0,"NA","NA","/home/bananapi/MAT/kernels riscv rvv 1.0/FINAL/riscv-rvv-ime-gemm-microkernels-updated/HETEROGENEOUS_RVV_IME_OPENMP_GEMM/results/openmp_results_k1-rvv_1024_20260904_054843/raw_logs/GEMM_RVV_FP32_INT8_8x4_Baseline_RVV_IGEMM_INT8_I8I32_8x4_igemm_kernel_8x4_zvl256b_lmulmf4_unroll4_i8i32_run3.log",NA,NA,NA,NA,NA,NA,NA
2026-09-04T05:58:16,k1-rvv,"GEMM_RVV_FP32_INT8_8x4_Baseline","RVV_IGEMM_INT8_I8I32_8x4","igemm_kernel_8x4_zvl256b_lmulmf4_unroll4_i8i32",8x4,256b,mf4,4,INT8_RVV,0-7,8,8,1024,1024,1024,32,4,OK,0,NONE,0.097126249,GOPS,22.110229,parallel_tiles_including_required_packing,DISABLED,0,0,"0:cpu0:tiles4;1:cpu1:tiles4;2:cpu2:tiles4;3:cpu3:tiles4;4:cpu4:tiles4;5:cpu5:tiles4;6:cpu6:tiles4;7:cpu7:tiles4","NA",static,0,"NA","NA","/home/bananapi/MAT/kernels riscv rvv 1.0/FINAL/riscv-rvv-ime-gemm-microkernels-updated/HETEROGENEOUS_RVV_IME_OPENMP_GEMM/results/openmp_results_k1-rvv_1024_20260904_054843/raw_logs/GEMM_RVV_FP32_INT8_8x4_Baseline_RVV_IGEMM_INT8_I8I32_8x4_igemm_kernel_8x4_zvl256b_lmulmf4_unroll4_i8i32_run4.log",NA,NA,NA,NA,NA,NA,NA
2026-09-04T05:58:16,k1-rvv,"GEMM_RVV_FP32_INT8_8x4_Baseline","RVV_IGEMM_INT8_I8I32_8x4","igemm_kernel_8x4_zvl256b_lmulmf4_unroll4_i8i32",8x4,256b,mf4,4,INT8_RVV,0-7,8,8,1024,1024,1024,32,5,OK,0,NONE,0.095936500,GOPS,22.384428,parallel_tiles_including_required_packing,DISABLED,0,0,"0:cpu0:tiles4;1:cpu1:tiles4;2:cpu2:tiles4;3:cpu3:tiles4;4:cpu4:tiles4;5:cpu5:tiles4;6:cpu6:tiles4;7:cpu7:tiles4","NA",static,0,"NA","NA","/home/bananapi/MAT/kernels riscv rvv 1.0/FINAL/riscv-rvv-ime-gemm-microkernels-updated/HETEROGENEOUS_RVV_IME_OPENMP_GEMM/results/openmp_results_k1-rvv_1024_20260904_054843/raw_logs/GEMM_RVV_FP32_INT8_8x4_Baseline_RVV_IGEMM_INT8_I8I32_8x4_igemm_kernel_8x4_zvl256b_lmulmf4_unroll4_i8i32_run5.log",NA,NA,NA,NA,NA,NA,NA
2026-09-04T05:58:17,k1-rvv,"GEMM_RVV_FP32_INT8_8x4_Baseline","RVV_IGEMM_INT8_I8I32_8x4","igemm_kernel_8x4_zvl256b_lmulmf4_unroll4_i8i32",8x4,256b,mf4,4,INT8_RVV,0-7,8,8,1024,1024,1024,32,6,OK,0,NONE,0.096474793,GOPS,22.259531,parallel_tiles_including_required_packing,DISABLED,0,0,"0:cpu0:tiles4;1:cpu1:tiles4;2:cpu2:tiles4;3:cpu3:tiles4;4:cpu4:tiles4;5:cpu5:tiles4;6:cpu6:tiles4;7:cpu7:tiles4","NA",static,0,"NA","NA","/home/bananapi/MAT/kernels riscv rvv 1.0/FINAL/riscv-rvv-ime-gemm-microkernels-updated/HETEROGENEOUS_RVV_IME_OPENMP_GEMM/results/openmp_results_k1-rvv_1024_20260904_054843/raw_logs/GEMM_RVV_FP32_INT8_8x4_Baseline_RVV_IGEMM_INT8_I8I32_8x4_igemm_kernel_8x4_zvl256b_lmulmf4_unroll4_i8i32_run6.log",NA,NA,NA,NA,NA,NA,NA
2026-09-04T05:58:45,k1-rvv,"GEMM_RVV_FP32_INT8_8x4_Baseline","RVV_IGEMM_INT8_I8I32_8x4","igemm_kernel_8x4_zvl256b_lmulmf4_unroll8_i8i32",8x4,256b,mf4,8,INT8_RVV,0-7,8,8,1024,1024,1024,32,1,OK,0,NONE,0.100871917,GOPS,21.289212,parallel_tiles_including_required_packing,INDEPENDENT_INT64_REFERENCE_EXACT_INT32,0,0,"0:cpu0:tiles4;1:cpu1:tiles4;2:cpu2:tiles4;3:cpu3:tiles4;4:cpu4:tiles4;5:cpu5:tiles4;6:cpu6:tiles4;7:cpu7:tiles4","NA",static,0,"NA","NA","/home/bananapi/MAT/kernels riscv rvv 1.0/FINAL/riscv-rvv-ime-gemm-microkernels-updated/HETEROGENEOUS_RVV_IME_OPENMP_GEMM/results/openmp_results_k1-rvv_1024_20260904_054843/raw_logs/GEMM_RVV_FP32_INT8_8x4_Baseline_RVV_IGEMM_INT8_I8I32_8x4_igemm_kernel_8x4_zvl256b_lmulmf4_unroll8_i8i32_run1.log",NA,NA,NA,NA,NA,NA,NA
2026-09-04T05:58:46,k1-rvv,"GEMM_RVV_FP32_INT8_8x4_Baseline","RVV_IGEMM_INT8_I8I32_8x4","igemm_kernel_8x4_zvl256b_lmulmf4_unroll8_i8i32",8x4,256b,mf4,8,INT8_RVV,0-7,8,8,1024,1024,1024,32,2,OK,0,NONE,0.100096293,GOPS,21.454178,parallel_tiles_including_required_packing,DISABLED,0,0,"0:cpu0:tiles4;1:cpu1:tiles4;2:cpu2:tiles4;3:cpu3:tiles4;4:cpu4:tiles4;5:cpu5:tiles4;6:cpu6:tiles4;7:cpu7:tiles4","NA",static,0,"NA","NA","/home/bananapi/MAT/kernels riscv rvv 1.0/FINAL/riscv-rvv-ime-gemm-microkernels-updated/HETEROGENEOUS_RVV_IME_OPENMP_GEMM/results/openmp_results_k1-rvv_1024_20260904_054843/raw_logs/GEMM_RVV_FP32_INT8_8x4_Baseline_RVV_IGEMM_INT8_I8I32_8x4_igemm_kernel_8x4_zvl256b_lmulmf4_unroll8_i8i32_run2.log",NA,NA,NA,NA,NA,NA,NA
2026-09-04T05:58:46,k1-rvv,"GEMM_RVV_FP32_INT8_8x4_Baseline","RVV_IGEMM_INT8_I8I32_8x4","igemm_kernel_8x4_zvl256b_lmulmf4_unroll8_i8i32",8x4,256b,mf4,8,INT8_RVV,0-7,8,8,1024,1024,1024,32,3,OK,0,NONE,0.097354043,GOPS,22.058495,parallel_tiles_including_required_packing,DISABLED,0,0,"0:cpu0:tiles4;1:cpu1:tiles4;2:cpu2:tiles4;3:cpu3:tiles4;4:cpu4:tiles4;5:cpu5:tiles4;6:cpu6:tiles4;7:cpu7:tiles4","NA",static,0,"NA","NA","/home/bananapi/MAT/kernels riscv rvv 1.0/FINAL/riscv-rvv-ime-gemm-microkernels-updated/HETEROGENEOUS_RVV_IME_OPENMP_GEMM/results/openmp_results_k1-rvv_1024_20260904_054843/raw_logs/GEMM_RVV_FP32_INT8_8x4_Baseline_RVV_IGEMM_INT8_I8I32_8x4_igemm_kernel_8x4_zvl256b_lmulmf4_unroll8_i8i32_run3.log",NA,NA,NA,NA,NA,NA,NA
2026-09-04T05:58:47,k1-rvv,"GEMM_RVV_FP32_INT8_8x4_Baseline","RVV_IGEMM_INT8_I8I32_8x4","igemm_kernel_8x4_zvl256b_lmulmf4_unroll8_i8i32",8x4,256b,mf4,8,INT8_RVV,0-7,8,8,1024,1024,1024,32,4,OK,0,NONE,0.092796668,GOPS,23.141818,parallel_tiles_including_required_packing,DISABLED,0,0,"0:cpu0:tiles4;1:cpu1:tiles4;2:cpu2:tiles4;3:cpu3:tiles4;4:cpu4:tiles4;5:cpu5:tiles4;6:cpu6:tiles4;7:cpu7:tiles4","NA",static,0,"NA","NA","/home/bananapi/MAT/kernels riscv rvv 1.0/FINAL/riscv-rvv-ime-gemm-microkernels-updated/HETEROGENEOUS_RVV_IME_OPENMP_GEMM/results/openmp_results_k1-rvv_1024_20260904_054843/raw_logs/GEMM_RVV_FP32_INT8_8x4_Baseline_RVV_IGEMM_INT8_I8I32_8x4_igemm_kernel_8x4_zvl256b_lmulmf4_unroll8_i8i32_run4.log",NA,NA,NA,NA,NA,NA,NA
2026-09-04T05:58:47,k1-rvv,"GEMM_RVV_FP32_INT8_8x4_Baseline","RVV_IGEMM_INT8_I8I32_8x4","igemm_kernel_8x4_zvl256b_lmulmf4_unroll8_i8i32",8x4,256b,mf4,8,INT8_RVV,0-7,8,8,1024,1024,1024,32,5,OK,0,NONE,0.098405417,GOPS,21.822819,parallel_tiles_including_required_packing,DISABLED,0,0,"0:cpu0:tiles4;1:cpu1:tiles4;2:cpu2:tiles4;3:cpu3:tiles4;4:cpu4:tiles4;5:cpu5:tiles4;6:cpu6:tiles4;7:cpu7:tiles4","NA",static,0,"NA","NA","/home/bananapi/MAT/kernels riscv rvv 1.0/FINAL/riscv-rvv-ime-gemm-microkernels-updated/HETEROGENEOUS_RVV_IME_OPENMP_GEMM/results/openmp_results_k1-rvv_1024_20260904_054843/raw_logs/GEMM_RVV_FP32_INT8_8x4_Baseline_RVV_IGEMM_INT8_I8I32_8x4_igemm_kernel_8x4_zvl256b_lmulmf4_unroll8_i8i32_run5.log",NA,NA,NA,NA,NA,NA,NA
2026-09-04T05:58:48,k1-rvv,"GEMM_RVV_FP32_INT8_8x4_Baseline","RVV_IGEMM_INT8_I8I32_8x4","igemm_kernel_8x4_zvl256b_lmulmf4_unroll8_i8i32",8x4,256b,mf4,8,INT8_RVV,0-7,8,8,1024,1024,1024,32,6,OK,0,NONE,0.097235624,GOPS,22.085359,parallel_tiles_including_required_packing,DISABLED,0,0,"0:cpu0:tiles4;1:cpu1:tiles4;2:cpu2:tiles4;3:cpu3:tiles4;4:cpu4:tiles4;5:cpu5:tiles4;6:cpu6:tiles4;7:cpu7:tiles4","NA",static,0,"NA","NA","/home/bananapi/MAT/kernels riscv rvv 1.0/FINAL/riscv-rvv-ime-gemm-microkernels-updated/HETEROGENEOUS_RVV_IME_OPENMP_GEMM/results/openmp_results_k1-rvv_1024_20260904_054843/raw_logs/GEMM_RVV_FP32_INT8_8x4_Baseline_RVV_IGEMM_INT8_I8I32_8x4_igemm_kernel_8x4_zvl256b_lmulmf4_unroll8_i8i32_run6.log",NA,NA,NA,NA,NA,NA,NA
2026-09-04T05:59:23,k1-rvv,"GEMM_RVV_FP32_INT8_8x4_Baseline","RVV_IGEMM_INT8_I8I32_8x4","igemm_kernel_8x4_zvl256b_lmulmf8_unroll1_i8i32",8x4,256b,mf8,1,INT8_RVV,0-7,8,8,1024,1024,1024,32,1,OK,0,NONE,0.096093543,GOPS,22.347845,parallel_tiles_including_required_packing,INDEPENDENT_INT64_REFERENCE_EXACT_INT32,0,0,"0:cpu0:tiles4;1:cpu1:tiles4;2:cpu2:tiles4;3:cpu3:tiles4;4:cpu4:tiles4;5:cpu5:tiles4;6:cpu6:tiles4;7:cpu7:tiles4","NA",static,0,"NA","NA","/home/bananapi/MAT/kernels riscv rvv 1.0/FINAL/riscv-rvv-ime-gemm-microkernels-updated/HETEROGENEOUS_RVV_IME_OPENMP_GEMM/results/openmp_results_k1-rvv_1024_20260904_054843/raw_logs/GEMM_RVV_FP32_INT8_8x4_Baseline_RVV_IGEMM_INT8_I8I32_8x4_igemm_kernel_8x4_zvl256b_lmulmf8_unroll1_i8i32_run1.log",NA,NA,NA,NA,NA,NA,NA
2026-09-04T05:59:24,k1-rvv,"GEMM_RVV_FP32_INT8_8x4_Baseline","RVV_IGEMM_INT8_I8I32_8x4","igemm_kernel_8x4_zvl256b_lmulmf8_unroll1_i8i32",8x4,256b,mf8,1,INT8_RVV,0-7,8,8,1024,1024,1024,32,2,OK,0,NONE,0.093279291,GOPS,23.022084,parallel_tiles_including_required_packing,DISABLED,0,0,"0:cpu0:tiles4;1:cpu1:tiles4;2:cpu2:tiles4;3:cpu3:tiles4;4:cpu4:tiles4;5:cpu5:tiles4;6:cpu6:tiles4;7:cpu7:tiles4","NA",static,0,"NA","NA","/home/bananapi/MAT/kernels riscv rvv 1.0/FINAL/riscv-rvv-ime-gemm-microkernels-updated/HETEROGENEOUS_RVV_IME_OPENMP_GEMM/results/openmp_results_k1-rvv_1024_20260904_054843/raw_logs/GEMM_RVV_FP32_INT8_8x4_Baseline_RVV_IGEMM_INT8_I8I32_8x4_igemm_kernel_8x4_zvl256b_lmulmf8_unroll1_i8i32_run2.log",NA,NA,NA,NA,NA,NA,NA
2026-09-04T05:59:24,k1-rvv,"GEMM_RVV_FP32_INT8_8x4_Baseline","RVV_IGEMM_INT8_I8I32_8x4","igemm_kernel_8x4_zvl256b_lmulmf8_unroll1_i8i32",8x4,256b,mf8,1,INT8_RVV,0-7,8,8,1024,1024,1024,32,3,OK,0,NONE,0.097714208,GOPS,21.977189,parallel_tiles_including_required_packing,DISABLED,0,0,"0:cpu0:tiles4;1:cpu1:tiles4;2:cpu2:tiles4;3:cpu3:tiles4;4:cpu4:tiles4;5:cpu5:tiles4;6:cpu6:tiles4;7:cpu7:tiles4","NA",static,0,"NA","NA","/home/bananapi/MAT/kernels riscv rvv 1.0/FINAL/riscv-rvv-ime-gemm-microkernels-updated/HETEROGENEOUS_RVV_IME_OPENMP_GEMM/results/openmp_results_k1-rvv_1024_20260904_054843/raw_logs/GEMM_RVV_FP32_INT8_8x4_Baseline_RVV_IGEMM_INT8_I8I32_8x4_igemm_kernel_8x4_zvl256b_lmulmf8_unroll1_i8i32_run3.log",NA,NA,NA,NA,NA,NA,NA
2026-09-04T05:59:25,k1-rvv,"GEMM_RVV_FP32_INT8_8x4_Baseline","RVV_IGEMM_INT8_I8I32_8x4","igemm_kernel_8x4_zvl256b_lmulmf8_unroll1_i8i32",8x4,256b,mf8,1,INT8_RVV,0-7,8,8,1024,1024,1024,32,4,OK,0,NONE,0.097847082,GOPS,21.947345,parallel_tiles_including_required_packing,DISABLED,0,0,"0:cpu0:tiles4;1:cpu1:tiles4;2:cpu2:tiles4;3:cpu3:tiles4;4:cpu4:tiles4;5:cpu5:tiles4;6:cpu6:tiles4;7:cpu7:tiles4","NA",static,0,"NA","NA","/home/bananapi/MAT/kernels riscv rvv 1.0/FINAL/riscv-rvv-ime-gemm-microkernels-updated/HETEROGENEOUS_RVV_IME_OPENMP_GEMM/results/openmp_results_k1-rvv_1024_20260904_054843/raw_logs/GEMM_RVV_FP32_INT8_8x4_Baseline_RVV_IGEMM_INT8_I8I32_8x4_igemm_kernel_8x4_zvl256b_lmulmf8_unroll1_i8i32_run4.log",NA,NA,NA,NA,NA,NA,NA
2026-09-04T05:59:25,k1-rvv,"GEMM_RVV_FP32_INT8_8x4_Baseline","RVV_IGEMM_INT8_I8I32_8x4","igemm_kernel_8x4_zvl256b_lmulmf8_unroll1_i8i32",8x4,256b,mf8,1,INT8_RVV,0-7,8,8,1024,1024,1024,32,5,OK,0,NONE,0.133785710,GOPS,16.051667,parallel_tiles_including_required_packing,DISABLED,0,0,"0:cpu0:tiles4;1:cpu1:tiles4;2:cpu2:tiles4;3:cpu3:tiles4;4:cpu4:tiles4;5:cpu5:tiles4;6:cpu6:tiles4;7:cpu7:tiles4","NA",static,0,"NA","NA","/home/bananapi/MAT/kernels riscv rvv 1.0/FINAL/riscv-rvv-ime-gemm-microkernels-updated/HETEROGENEOUS_RVV_IME_OPENMP_GEMM/results/openmp_results_k1-rvv_1024_20260904_054843/raw_logs/GEMM_RVV_FP32_INT8_8x4_Baseline_RVV_IGEMM_INT8_I8I32_8x4_igemm_kernel_8x4_zvl256b_lmulmf8_unroll1_i8i32_run5.log",NA,NA,NA,NA,NA,NA,NA
2026-09-04T05:59:26,k1-rvv,"GEMM_RVV_FP32_INT8_8x4_Baseline","RVV_IGEMM_INT8_I8I32_8x4","igemm_kernel_8x4_zvl256b_lmulmf8_unroll1_i8i32",8x4,256b,mf8,1,INT8_RVV,0-7,8,8,1024,1024,1024,32,6,OK,0,NONE,0.118231207,GOPS,18.163425,parallel_tiles_including_required_packing,DISABLED,0,0,"0:cpu0:tiles4;1:cpu1:tiles4;2:cpu2:tiles4;3:cpu3:tiles4;4:cpu4:tiles4;5:cpu5:tiles4;6:cpu6:tiles4;7:cpu7:tiles4","NA",static,0,"NA","NA","/home/bananapi/MAT/kernels riscv rvv 1.0/FINAL/riscv-rvv-ime-gemm-microkernels-updated/HETEROGENEOUS_RVV_IME_OPENMP_GEMM/results/openmp_results_k1-rvv_1024_20260904_054843/raw_logs/GEMM_RVV_FP32_INT8_8x4_Baseline_RVV_IGEMM_INT8_I8I32_8x4_igemm_kernel_8x4_zvl256b_lmulmf8_unroll1_i8i32_run6.log",NA,NA,NA,NA,NA,NA,NA
2026-09-04T06:00:00,k1-rvv,"GEMM_RVV_FP32_INT8_8x4_Baseline","RVV_IGEMM_INT8_I8I32_8x4","igemm_kernel_8x4_zvl256b_lmulmf8_unroll2_i8i32",8x4,256b,mf8,2,INT8_RVV,0-7,8,8,1024,1024,1024,32,1,OK,0,NONE,0.092872377,GOPS,23.122953,parallel_tiles_including_required_packing,INDEPENDENT_INT64_REFERENCE_EXACT_INT32,0,0,"0:cpu0:tiles4;1:cpu1:tiles4;2:cpu2:tiles4;3:cpu3:tiles4;4:cpu4:tiles4;5:cpu5:tiles4;6:cpu6:tiles4;7:cpu7:tiles4","NA",static,0,"NA","NA","/home/bananapi/MAT/kernels riscv rvv 1.0/FINAL/riscv-rvv-ime-gemm-microkernels-updated/HETEROGENEOUS_RVV_IME_OPENMP_GEMM/results/openmp_results_k1-rvv_1024_20260904_054843/raw_logs/GEMM_RVV_FP32_INT8_8x4_Baseline_RVV_IGEMM_INT8_I8I32_8x4_igemm_kernel_8x4_zvl256b_lmulmf8_unroll2_i8i32_run1.log",NA,NA,NA,NA,NA,NA,NA
2026-09-04T06:00:01,k1-rvv,"GEMM_RVV_FP32_INT8_8x4_Baseline","RVV_IGEMM_INT8_I8I32_8x4","igemm_kernel_8x4_zvl256b_lmulmf8_unroll2_i8i32",8x4,256b,mf8,2,INT8_RVV,0-7,8,8,1024,1024,1024,32,2,OK,0,NONE,0.094081335,GOPS,22.825820,parallel_tiles_including_required_packing,DISABLED,0,0,"0:cpu0:tiles4;1:cpu1:tiles4;2:cpu2:tiles4;3:cpu3:tiles4;4:cpu4:tiles4;5:cpu5:tiles4;6:cpu6:tiles4;7:cpu7:tiles4","NA",static,0,"NA","NA","/home/bananapi/MAT/kernels riscv rvv 1.0/FINAL/riscv-rvv-ime-gemm-microkernels-updated/HETEROGENEOUS_RVV_IME_OPENMP_GEMM/results/openmp_results_k1-rvv_1024_20260904_054843/raw_logs/GEMM_RVV_FP32_INT8_8x4_Baseline_RVV_IGEMM_INT8_I8I32_8x4_igemm_kernel_8x4_zvl256b_lmulmf8_unroll2_i8i32_run2.log",NA,NA,NA,NA,NA,NA,NA
2026-09-04T06:00:01,k1-rvv,"GEMM_RVV_FP32_INT8_8x4_Baseline","RVV_IGEMM_INT8_I8I32_8x4","igemm_kernel_8x4_zvl256b_lmulmf8_unroll2_i8i32",8x4,256b,mf8,2,INT8_RVV,0-7,8,8,1024,1024,1024,32,3,OK,0,NONE,0.095430247,GOPS,22.503176,parallel_tiles_including_required_packing,DISABLED,0,0,"0:cpu0:tiles4;1:cpu1:tiles4;2:cpu2:tiles4;3:cpu3:tiles4;4:cpu4:tiles4;5:cpu5:tiles4;6:cpu6:tiles4;7:cpu7:tiles4","NA",static,0,"NA","NA","/home/bananapi/MAT/kernels riscv rvv 1.0/FINAL/riscv-rvv-ime-gemm-microkernels-updated/HETEROGENEOUS_RVV_IME_OPENMP_GEMM/results/openmp_results_k1-rvv_1024_20260904_054843/raw_logs/GEMM_RVV_FP32_INT8_8x4_Baseline_RVV_IGEMM_INT8_I8I32_8x4_igemm_kernel_8x4_zvl256b_lmulmf8_unroll2_i8i32_run3.log",NA,NA,NA,NA,NA,NA,NA
2026-09-04T06:00:02,k1-rvv,"GEMM_RVV_FP32_INT8_8x4_Baseline","RVV_IGEMM_INT8_I8I32_8x4","igemm_kernel_8x4_zvl256b_lmulmf8_unroll2_i8i32",8x4,256b,mf8,2,INT8_RVV,0-7,8,8,1024,1024,1024,32,4,OK,0,NONE,0.092066459,GOPS,23.325364,parallel_tiles_including_required_packing,DISABLED,0,0,"0:cpu0:tiles4;1:cpu1:tiles4;2:cpu2:tiles4;3:cpu3:tiles4;4:cpu4:tiles4;5:cpu5:tiles4;6:cpu6:tiles4;7:cpu7:tiles4","NA",static,0,"NA","NA","/home/bananapi/MAT/kernels riscv rvv 1.0/FINAL/riscv-rvv-ime-gemm-microkernels-updated/HETEROGENEOUS_RVV_IME_OPENMP_GEMM/results/openmp_results_k1-rvv_1024_20260904_054843/raw_logs/GEMM_RVV_FP32_INT8_8x4_Baseline_RVV_IGEMM_INT8_I8I32_8x4_igemm_kernel_8x4_zvl256b_lmulmf8_unroll2_i8i32_run4.log",NA,NA,NA,NA,NA,NA,NA
2026-09-04T06:00:02,k1-rvv,"GEMM_RVV_FP32_INT8_8x4_Baseline","RVV_IGEMM_INT8_I8I32_8x4","igemm_kernel_8x4_zvl256b_lmulmf8_unroll2_i8i32",8x4,256b,mf8,2,INT8_RVV,0-7,8,8,1024,1024,1024,32,5,OK,0,NONE,0.093406666,GOPS,22.990689,parallel_tiles_including_required_packing,DISABLED,0,0,"0:cpu0:tiles4;1:cpu1:tiles4;2:cpu2:tiles4;3:cpu3:tiles4;4:cpu4:tiles4;5:cpu5:tiles4;6:cpu6:tiles4;7:cpu7:tiles4","NA",static,0,"NA","NA","/home/bananapi/MAT/kernels riscv rvv 1.0/FINAL/riscv-rvv-ime-gemm-microkernels-updated/HETEROGENEOUS_RVV_IME_OPENMP_GEMM/results/openmp_results_k1-rvv_1024_20260904_054843/raw_logs/GEMM_RVV_FP32_INT8_8x4_Baseline_RVV_IGEMM_INT8_I8I32_8x4_igemm_kernel_8x4_zvl256b_lmulmf8_unroll2_i8i32_run5.log",NA,NA,NA,NA,NA,NA,NA
2026-09-04T06:00:03,k1-rvv,"GEMM_RVV_FP32_INT8_8x4_Baseline","RVV_IGEMM_INT8_I8I32_8x4","igemm_kernel_8x4_zvl256b_lmulmf8_unroll2_i8i32",8x4,256b,mf8,2,INT8_RVV,0-7,8,8,1024,1024,1024,32,6,OK,0,NONE,0.091139875,GOPS,23.562504,parallel_tiles_including_required_packing,DISABLED,0,0,"0:cpu0:tiles4;1:cpu1:tiles4;2:cpu2:tiles4;3:cpu3:tiles4;4:cpu4:tiles4;5:cpu5:tiles4;6:cpu6:tiles4;7:cpu7:tiles4","NA",static,0,"NA","NA","/home/bananapi/MAT/kernels riscv rvv 1.0/FINAL/riscv-rvv-ime-gemm-microkernels-updated/HETEROGENEOUS_RVV_IME_OPENMP_GEMM/results/openmp_results_k1-rvv_1024_20260904_054843/raw_logs/GEMM_RVV_FP32_INT8_8x4_Baseline_RVV_IGEMM_INT8_I8I32_8x4_igemm_kernel_8x4_zvl256b_lmulmf8_unroll2_i8i32_run6.log",NA,NA,NA,NA,NA,NA,NA
2026-09-04T06:00:31,k1-rvv,"GEMM_RVV_FP32_INT8_8x4_Baseline","RVV_IGEMM_INT8_I8I32_8x4","igemm_kernel_8x4_zvl256b_lmulmf8_unroll4_i8i32",8x4,256b,mf8,4,INT8_RVV,0-7,8,8,1024,1024,1024,32,1,OK,0,NONE,0.096602876,GOPS,22.230018,parallel_tiles_including_required_packing,INDEPENDENT_INT64_REFERENCE_EXACT_INT32,0,0,"0:cpu0:tiles4;1:cpu1:tiles4;2:cpu2:tiles4;3:cpu3:tiles4;4:cpu4:tiles4;5:cpu5:tiles4;6:cpu6:tiles4;7:cpu7:tiles4","NA",static,0,"NA","NA","/home/bananapi/MAT/kernels riscv rvv 1.0/FINAL/riscv-rvv-ime-gemm-microkernels-updated/HETEROGENEOUS_RVV_IME_OPENMP_GEMM/results/openmp_results_k1-rvv_1024_20260904_054843/raw_logs/GEMM_RVV_FP32_INT8_8x4_Baseline_RVV_IGEMM_INT8_I8I32_8x4_igemm_kernel_8x4_zvl256b_lmulmf8_unroll4_i8i32_run1.log",NA,NA,NA,NA,NA,NA,NA
2026-09-04T06:00:32,k1-rvv,"GEMM_RVV_FP32_INT8_8x4_Baseline","RVV_IGEMM_INT8_I8I32_8x4","igemm_kernel_8x4_zvl256b_lmulmf8_unroll4_i8i32",8x4,256b,mf8,4,INT8_RVV,0-7,8,8,1024,1024,1024,32,2,OK,0,NONE,0.101403501,GOPS,21.177609,parallel_tiles_including_required_packing,DISABLED,0,0,"0:cpu0:tiles4;1:cpu1:tiles4;2:cpu2:tiles4;3:cpu3:tiles4;4:cpu4:tiles4;5:cpu5:tiles4;6:cpu6:tiles4;7:cpu7:tiles4","NA",static,0,"NA","NA","/home/bananapi/MAT/kernels riscv rvv 1.0/FINAL/riscv-rvv-ime-gemm-microkernels-updated/HETEROGENEOUS_RVV_IME_OPENMP_GEMM/results/openmp_results_k1-rvv_1024_20260904_054843/raw_logs/GEMM_RVV_FP32_INT8_8x4_Baseline_RVV_IGEMM_INT8_I8I32_8x4_igemm_kernel_8x4_zvl256b_lmulmf8_unroll4_i8i32_run2.log",NA,NA,NA,NA,NA,NA,NA
2026-09-04T06:00:32,k1-rvv,"GEMM_RVV_FP32_INT8_8x4_Baseline","RVV_IGEMM_INT8_I8I32_8x4","igemm_kernel_8x4_zvl256b_lmulmf8_unroll4_i8i32",8x4,256b,mf8,4,INT8_RVV,0-7,8,8,1024,1024,1024,32,3,OK,0,NONE,0.110748917,GOPS,19.390561,parallel_tiles_including_required_packing,DISABLED,0,0,"0:cpu0:tiles4;1:cpu1:tiles4;2:cpu2:tiles4;3:cpu3:tiles4;4:cpu4:tiles4;5:cpu5:tiles4;6:cpu6:tiles4;7:cpu7:tiles4","NA",static,0,"NA","NA","/home/bananapi/MAT/kernels riscv rvv 1.0/FINAL/riscv-rvv-ime-gemm-microkernels-updated/HETEROGENEOUS_RVV_IME_OPENMP_GEMM/results/openmp_results_k1-rvv_1024_20260904_054843/raw_logs/GEMM_RVV_FP32_INT8_8x4_Baseline_RVV_IGEMM_INT8_I8I32_8x4_igemm_kernel_8x4_zvl256b_lmulmf8_unroll4_i8i32_run3.log",NA,NA,NA,NA,NA,NA,NA
2026-09-04T06:00:33,k1-rvv,"GEMM_RVV_FP32_INT8_8x4_Baseline","RVV_IGEMM_INT8_I8I32_8x4","igemm_kernel_8x4_zvl256b_lmulmf8_unroll4_i8i32",8x4,256b,mf8,4,INT8_RVV,0-7,8,8,1024,1024,1024,32,4,OK,0,NONE,0.090979330,GOPS,23.604083,parallel_tiles_including_required_packing,DISABLED,0,0,"0:cpu0:tiles4;1:cpu1:tiles4;2:cpu2:tiles4;3:cpu3:tiles4;4:cpu4:tiles4;5:cpu5:tiles4;6:cpu6:tiles4;7:cpu7:tiles4","NA",static,0,"NA","NA","/home/bananapi/MAT/kernels riscv rvv 1.0/FINAL/riscv-rvv-ime-gemm-microkernels-updated/HETEROGENEOUS_RVV_IME_OPENMP_GEMM/results/openmp_results_k1-rvv_1024_20260904_054843/raw_logs/GEMM_RVV_FP32_INT8_8x4_Baseline_RVV_IGEMM_INT8_I8I32_8x4_igemm_kernel_8x4_zvl256b_lmulmf8_unroll4_i8i32_run4.log",NA,NA,NA,NA,NA,NA,NA
2026-09-04T06:00:33,k1-rvv,"GEMM_RVV_FP32_INT8_8x4_Baseline","RVV_IGEMM_INT8_I8I32_8x4","igemm_kernel_8x4_zvl256b_lmulmf8_unroll4_i8i32",8x4,256b,mf8,4,INT8_RVV,0-7,8,8,1024,1024,1024,32,5,OK,0,NONE,0.092828207,GOPS,23.133956,parallel_tiles_including_required_packing,DISABLED,0,0,"0:cpu0:tiles4;1:cpu1:tiles4;2:cpu2:tiles4;3:cpu3:tiles4;4:cpu4:tiles4;5:cpu5:tiles4;6:cpu6:tiles4;7:cpu7:tiles4","NA",static,0,"NA","NA","/home/bananapi/MAT/kernels riscv rvv 1.0/FINAL/riscv-rvv-ime-gemm-microkernels-updated/HETEROGENEOUS_RVV_IME_OPENMP_GEMM/results/openmp_results_k1-rvv_1024_20260904_054843/raw_logs/GEMM_RVV_FP32_INT8_8x4_Baseline_RVV_IGEMM_INT8_I8I32_8x4_igemm_kernel_8x4_zvl256b_lmulmf8_unroll4_i8i32_run5.log",NA,NA,NA,NA,NA,NA,NA
2026-09-04T06:00:34,k1-rvv,"GEMM_RVV_FP32_INT8_8x4_Baseline","RVV_IGEMM_INT8_I8I32_8x4","igemm_kernel_8x4_zvl256b_lmulmf8_unroll4_i8i32",8x4,256b,mf8,4,INT8_RVV,0-7,8,8,1024,1024,1024,32,6,OK,0,NONE,0.093855165,GOPS,22.880825,parallel_tiles_including_required_packing,DISABLED,0,0,"0:cpu0:tiles4;1:cpu1:tiles4;2:cpu2:tiles4;3:cpu3:tiles4;4:cpu4:tiles4;5:cpu5:tiles4;6:cpu6:tiles4;7:cpu7:tiles4","NA",static,0,"NA","NA","/home/bananapi/MAT/kernels riscv rvv 1.0/FINAL/riscv-rvv-ime-gemm-microkernels-updated/HETEROGENEOUS_RVV_IME_OPENMP_GEMM/results/openmp_results_k1-rvv_1024_20260904_054843/raw_logs/GEMM_RVV_FP32_INT8_8x4_Baseline_RVV_IGEMM_INT8_I8I32_8x4_igemm_kernel_8x4_zvl256b_lmulmf8_unroll4_i8i32_run6.log",NA,NA,NA,NA,NA,NA,NA
2026-09-04T06:01:03,k1-rvv,"GEMM_RVV_FP32_INT8_8x4_Baseline","RVV_IGEMM_INT8_I8I32_8x4","igemm_kernel_8x4_zvl256b_lmulmf8_unroll8_i8i32",8x4,256b,mf8,8,INT8_RVV,0-7,8,8,1024,1024,1024,32,1,OK,0,NONE,0.109434459,GOPS,19.623468,parallel_tiles_including_required_packing,INDEPENDENT_INT64_REFERENCE_EXACT_INT32,0,0,"0:cpu0:tiles4;1:cpu1:tiles4;2:cpu2:tiles4;3:cpu3:tiles4;4:cpu4:tiles4;5:cpu5:tiles4;6:cpu6:tiles4;7:cpu7:tiles4","NA",static,0,"NA","NA","/home/bananapi/MAT/kernels riscv rvv 1.0/FINAL/riscv-rvv-ime-gemm-microkernels-updated/HETEROGENEOUS_RVV_IME_OPENMP_GEMM/results/openmp_results_k1-rvv_1024_20260904_054843/raw_logs/GEMM_RVV_FP32_INT8_8x4_Baseline_RVV_IGEMM_INT8_I8I32_8x4_igemm_kernel_8x4_zvl256b_lmulmf8_unroll8_i8i32_run1.log",NA,NA,NA,NA,NA,NA,NA
2026-09-04T06:01:03,k1-rvv,"GEMM_RVV_FP32_INT8_8x4_Baseline","RVV_IGEMM_INT8_I8I32_8x4","igemm_kernel_8x4_zvl256b_lmulmf8_unroll8_i8i32",8x4,256b,mf8,8,INT8_RVV,0-7,8,8,1024,1024,1024,32,2,OK,0,NONE,0.093757417,GOPS,22.904680,parallel_tiles_including_required_packing,DISABLED,0,0,"0:cpu0:tiles4;1:cpu1:tiles4;2:cpu2:tiles4;3:cpu3:tiles4;4:cpu4:tiles4;5:cpu5:tiles4;6:cpu6:tiles4;7:cpu7:tiles4","NA",static,0,"NA","NA","/home/bananapi/MAT/kernels riscv rvv 1.0/FINAL/riscv-rvv-ime-gemm-microkernels-updated/HETEROGENEOUS_RVV_IME_OPENMP_GEMM/results/openmp_results_k1-rvv_1024_20260904_054843/raw_logs/GEMM_RVV_FP32_INT8_8x4_Baseline_RVV_IGEMM_INT8_I8I32_8x4_igemm_kernel_8x4_zvl256b_lmulmf8_unroll8_i8i32_run2.log",NA,NA,NA,NA,NA,NA,NA
2026-09-04T06:01:04,k1-rvv,"GEMM_RVV_FP32_INT8_8x4_Baseline","RVV_IGEMM_INT8_I8I32_8x4","igemm_kernel_8x4_zvl256b_lmulmf8_unroll8_i8i32",8x4,256b,mf8,8,INT8_RVV,0-7,8,8,1024,1024,1024,32,3,OK,0,NONE,0.093696248,GOPS,22.919633,parallel_tiles_including_required_packing,DISABLED,0,0,"0:cpu0:tiles4;1:cpu1:tiles4;2:cpu2:tiles4;3:cpu3:tiles4;4:cpu4:tiles4;5:cpu5:tiles4;6:cpu6:tiles4;7:cpu7:tiles4","NA",static,0,"NA","NA","/home/bananapi/MAT/kernels riscv rvv 1.0/FINAL/riscv-rvv-ime-gemm-microkernels-updated/HETEROGENEOUS_RVV_IME_OPENMP_GEMM/results/openmp_results_k1-rvv_1024_20260904_054843/raw_logs/GEMM_RVV_FP32_INT8_8x4_Baseline_RVV_IGEMM_INT8_I8I32_8x4_igemm_kernel_8x4_zvl256b_lmulmf8_unroll8_i8i32_run3.log",NA,NA,NA,NA,NA,NA,NA
2026-09-04T06:01:04,k1-rvv,"GEMM_RVV_FP32_INT8_8x4_Baseline","RVV_IGEMM_INT8_I8I32_8x4","igemm_kernel_8x4_zvl256b_lmulmf8_unroll8_i8i32",8x4,256b,mf8,8,INT8_RVV,0-7,8,8,1024,1024,1024,32,4,OK,0,NONE,0.093744375,GOPS,22.907867,parallel_tiles_including_required_packing,DISABLED,0,0,"0:cpu0:tiles4;1:cpu1:tiles4;2:cpu2:tiles4;3:cpu3:tiles4;4:cpu4:tiles4;5:cpu5:tiles4;6:cpu6:tiles4;7:cpu7:tiles4","NA",static,0,"NA","NA","/home/bananapi/MAT/kernels riscv rvv 1.0/FINAL/riscv-rvv-ime-gemm-microkernels-updated/HETEROGENEOUS_RVV_IME_OPENMP_GEMM/results/openmp_results_k1-rvv_1024_20260904_054843/raw_logs/GEMM_RVV_FP32_INT8_8x4_Baseline_RVV_IGEMM_INT8_I8I32_8x4_igemm_kernel_8x4_zvl256b_lmulmf8_unroll8_i8i32_run4.log",NA,NA,NA,NA,NA,NA,NA
2026-09-04T06:01:05,k1-rvv,"GEMM_RVV_FP32_INT8_8x4_Baseline","RVV_IGEMM_INT8_I8I32_8x4","igemm_kernel_8x4_zvl256b_lmulmf8_unroll8_i8i32",8x4,256b,mf8,8,INT8_RVV,0-7,8,8,1024,1024,1024,32,5,OK,0,NONE,0.109072834,GOPS,19.688529,parallel_tiles_including_required_packing,DISABLED,0,0,"0:cpu0:tiles4;1:cpu1:tiles4;2:cpu2:tiles4;3:cpu3:tiles4;4:cpu4:tiles4;5:cpu5:tiles4;6:cpu6:tiles4;7:cpu7:tiles4","NA",static,0,"NA","NA","/home/bananapi/MAT/kernels riscv rvv 1.0/FINAL/riscv-rvv-ime-gemm-microkernels-updated/HETEROGENEOUS_RVV_IME_OPENMP_GEMM/results/openmp_results_k1-rvv_1024_20260904_054843/raw_logs/GEMM_RVV_FP32_INT8_8x4_Baseline_RVV_IGEMM_INT8_I8I32_8x4_igemm_kernel_8x4_zvl256b_lmulmf8_unroll8_i8i32_run5.log",NA,NA,NA,NA,NA,NA,NA
2026-09-04T06:01:05,k1-rvv,"GEMM_RVV_FP32_INT8_8x4_Baseline","RVV_IGEMM_INT8_I8I32_8x4","igemm_kernel_8x4_zvl256b_lmulmf8_unroll8_i8i32",8x4,256b,mf8,8,INT8_RVV,0-7,8,8,1024,1024,1024,32,6,OK,0,NONE,0.094908502,GOPS,22.626884,parallel_tiles_including_required_packing,DISABLED,0,0,"0:cpu0:tiles4;1:cpu1:tiles4;2:cpu2:tiles4;3:cpu3:tiles4;4:cpu4:tiles4;5:cpu5:tiles4;6:cpu6:tiles4;7:cpu7:tiles4","NA",static,0,"NA","NA","/home/bananapi/MAT/kernels riscv rvv 1.0/FINAL/riscv-rvv-ime-gemm-microkernels-updated/HETEROGENEOUS_RVV_IME_OPENMP_GEMM/results/openmp_results_k1-rvv_1024_20260904_054843/raw_logs/GEMM_RVV_FP32_INT8_8x4_Baseline_RVV_IGEMM_INT8_I8I32_8x4_igemm_kernel_8x4_zvl256b_lmulmf8_unroll8_i8i32_run6.log",NA,NA,NA,NA,NA,NA,NA
2026-09-04T06:02:15,k1-rvv,"GEMM_RVV_FP32_INT8_8x4_Baseline","RVV_SGEMM_FP32_8x4","sgemm_kernel_8x4_zvl256b_lmul1_unroll1",8x4,256b,1,1,FP32_RVV,0-7,8,8,1024,1024,1024,32,1,NUMERICAL_FAILED,0,NUMERICAL_VALIDATION,0.322750501,GFLOPS,0.000000,parallel_tiles_including_required_packing,INDEPENDENT_GEMM_FP_TOLERANCE,1,2.6702880859375e-05,"0:cpu0:tiles4;1:cpu1:tiles4;2:cpu2:tiles4;3:cpu3:tiles4;4:cpu4:tiles4;5:cpu5:tiles4;6:cpu6:tiles4;7:cpu7:tiles4","NA",static,0,"NA","NA","/home/bananapi/MAT/kernels riscv rvv 1.0/FINAL/riscv-rvv-ime-gemm-microkernels-updated/HETEROGENEOUS_RVV_IME_OPENMP_GEMM/results/openmp_results_k1-rvv_1024_20260904_054843/raw_logs/GEMM_RVV_FP32_INT8_8x4_Baseline_RVV_SGEMM_FP32_8x4_sgemm_kernel_8x4_zvl256b_lmul1_unroll1_run1.log",NA,NA,NA,NA,NA,NA,NA
2026-09-04T06:03:25,k1-rvv,"GEMM_RVV_FP32_INT8_8x4_Baseline","RVV_SGEMM_FP32_8x4","sgemm_kernel_8x4_zvl256b_lmul1_unroll2",8x4,256b,1,2,FP32_RVV,0-7,8,8,1024,1024,1024,32,1,NUMERICAL_FAILED,0,NUMERICAL_VALIDATION,0.330785960,GFLOPS,0.000000,parallel_tiles_including_required_packing,INDEPENDENT_GEMM_FP_TOLERANCE,1,2.6702880859375e-05,"0:cpu0:tiles4;1:cpu1:tiles4;2:cpu2:tiles4;3:cpu3:tiles4;4:cpu4:tiles4;5:cpu5:tiles4;6:cpu6:tiles4;7:cpu7:tiles4","NA",static,0,"NA","NA","/home/bananapi/MAT/kernels riscv rvv 1.0/FINAL/riscv-rvv-ime-gemm-microkernels-updated/HETEROGENEOUS_RVV_IME_OPENMP_GEMM/results/openmp_results_k1-rvv_1024_20260904_054843/raw_logs/GEMM_RVV_FP32_INT8_8x4_Baseline_RVV_SGEMM_FP32_8x4_sgemm_kernel_8x4_zvl256b_lmul1_unroll2_run1.log",NA,NA,NA,NA,NA,NA,NA
2026-09-04T06:04:35,k1-rvv,"GEMM_RVV_FP32_INT8_8x4_Baseline","RVV_SGEMM_FP32_8x4","sgemm_kernel_8x4_zvl256b_lmul1_unroll4",8x4,256b,1,4,FP32_RVV,0-7,8,8,1024,1024,1024,32,1,NUMERICAL_FAILED,0,NUMERICAL_VALIDATION,0.327780794,GFLOPS,0.000000,parallel_tiles_including_required_packing,INDEPENDENT_GEMM_FP_TOLERANCE,1,2.6702880859375e-05,"0:cpu0:tiles4;1:cpu1:tiles4;2:cpu2:tiles4;3:cpu3:tiles4;4:cpu4:tiles4;5:cpu5:tiles4;6:cpu6:tiles4;7:cpu7:tiles4","NA",static,0,"NA","NA","/home/bananapi/MAT/kernels riscv rvv 1.0/FINAL/riscv-rvv-ime-gemm-microkernels-updated/HETEROGENEOUS_RVV_IME_OPENMP_GEMM/results/openmp_results_k1-rvv_1024_20260904_054843/raw_logs/GEMM_RVV_FP32_INT8_8x4_Baseline_RVV_SGEMM_FP32_8x4_sgemm_kernel_8x4_zvl256b_lmul1_unroll4_run1.log",NA,NA,NA,NA,NA,NA,NA
2026-09-04T06:05:45,k1-rvv,"GEMM_RVV_FP32_INT8_8x4_Baseline","RVV_SGEMM_FP32_8x4","sgemm_kernel_8x4_zvl256b_lmul1_unroll8",8x4,256b,1,8,FP32_RVV,0-7,8,8,1024,1024,1024,32,1,NUMERICAL_FAILED,0,NUMERICAL_VALIDATION,0.333538499,GFLOPS,0.000000,parallel_tiles_including_required_packing,INDEPENDENT_GEMM_FP_TOLERANCE,1,2.6702880859375e-05,"0:cpu0:tiles4;1:cpu1:tiles4;2:cpu2:tiles4;3:cpu3:tiles4;4:cpu4:tiles4;5:cpu5:tiles4;6:cpu6:tiles4;7:cpu7:tiles4","NA",static,0,"NA","NA","/home/bananapi/MAT/kernels riscv rvv 1.0/FINAL/riscv-rvv-ime-gemm-microkernels-updated/HETEROGENEOUS_RVV_IME_OPENMP_GEMM/results/openmp_results_k1-rvv_1024_20260904_054843/raw_logs/GEMM_RVV_FP32_INT8_8x4_Baseline_RVV_SGEMM_FP32_8x4_sgemm_kernel_8x4_zvl256b_lmul1_unroll8_run1.log",NA,NA,NA,NA,NA,NA,NA
2026-09-04T06:06:55,k1-rvv,"GEMM_RVV_FP32_INT8_8x4_Baseline","RVV_SGEMM_FP32_8x4","sgemm_kernel_8x4_zvl256b_lmul2_unroll1",8x4,256b,2,1,FP32_RVV,0-7,8,8,1024,1024,1024,32,1,NUMERICAL_FAILED,0,NUMERICAL_VALIDATION,0.335919291,GFLOPS,0.000000,parallel_tiles_including_required_packing,INDEPENDENT_GEMM_FP_TOLERANCE,1,2.6702880859375e-05,"0:cpu0:tiles4;1:cpu1:tiles4;2:cpu2:tiles4;3:cpu3:tiles4;4:cpu4:tiles4;5:cpu5:tiles4;6:cpu6:tiles4;7:cpu7:tiles4","NA",static,0,"NA","NA","/home/bananapi/MAT/kernels riscv rvv 1.0/FINAL/riscv-rvv-ime-gemm-microkernels-updated/HETEROGENEOUS_RVV_IME_OPENMP_GEMM/results/openmp_results_k1-rvv_1024_20260904_054843/raw_logs/GEMM_RVV_FP32_INT8_8x4_Baseline_RVV_SGEMM_FP32_8x4_sgemm_kernel_8x4_zvl256b_lmul2_unroll1_run1.log",NA,NA,NA,NA,NA,NA,NA
2026-09-04T06:08:05,k1-rvv,"GEMM_RVV_FP32_INT8_8x4_Baseline","RVV_SGEMM_FP32_8x4","sgemm_kernel_8x4_zvl256b_lmul2_unroll2",8x4,256b,2,2,FP32_RVV,0-7,8,8,1024,1024,1024,32,1,NUMERICAL_FAILED,0,NUMERICAL_VALIDATION,0.341764625,GFLOPS,0.000000,parallel_tiles_including_required_packing,INDEPENDENT_GEMM_FP_TOLERANCE,1,2.6702880859375e-05,"0:cpu0:tiles4;1:cpu1:tiles4;2:cpu2:tiles4;3:cpu3:tiles4;4:cpu4:tiles4;5:cpu5:tiles4;6:cpu6:tiles4;7:cpu7:tiles4","NA",static,0,"NA","NA","/home/bananapi/MAT/kernels riscv rvv 1.0/FINAL/riscv-rvv-ime-gemm-microkernels-updated/HETEROGENEOUS_RVV_IME_OPENMP_GEMM/results/openmp_results_k1-rvv_1024_20260904_054843/raw_logs/GEMM_RVV_FP32_INT8_8x4_Baseline_RVV_SGEMM_FP32_8x4_sgemm_kernel_8x4_zvl256b_lmul2_unroll2_run1.log",NA,NA,NA,NA,NA,NA,NA
2026-09-04T06:09:15,k1-rvv,"GEMM_RVV_FP32_INT8_8x4_Baseline","RVV_SGEMM_FP32_8x4","sgemm_kernel_8x4_zvl256b_lmul2_unroll4",8x4,256b,2,4,FP32_RVV,0-7,8,8,1024,1024,1024,32,1,NUMERICAL_FAILED,0,NUMERICAL_VALIDATION,0.330495499,GFLOPS,0.000000,parallel_tiles_including_required_packing,INDEPENDENT_GEMM_FP_TOLERANCE,1,2.6702880859375e-05,"0:cpu0:tiles4;1:cpu1:tiles4;2:cpu2:tiles4;3:cpu3:tiles4;4:cpu4:tiles4;5:cpu5:tiles4;6:cpu6:tiles4;7:cpu7:tiles4","NA",static,0,"NA","NA","/home/bananapi/MAT/kernels riscv rvv 1.0/FINAL/riscv-rvv-ime-gemm-microkernels-updated/HETEROGENEOUS_RVV_IME_OPENMP_GEMM/results/openmp_results_k1-rvv_1024_20260904_054843/raw_logs/GEMM_RVV_FP32_INT8_8x4_Baseline_RVV_SGEMM_FP32_8x4_sgemm_kernel_8x4_zvl256b_lmul2_unroll4_run1.log",NA,NA,NA,NA,NA,NA,NA
2026-09-04T06:10:26,k1-rvv,"GEMM_RVV_FP32_INT8_8x4_Baseline","RVV_SGEMM_FP32_8x4","sgemm_kernel_8x4_zvl256b_lmul2_unroll8",8x4,256b,2,8,FP32_RVV,0-7,8,8,1024,1024,1024,32,1,NUMERICAL_FAILED,0,NUMERICAL_VALIDATION,0.343321335,GFLOPS,0.000000,parallel_tiles_including_required_packing,INDEPENDENT_GEMM_FP_TOLERANCE,1,2.6702880859375e-05,"0:cpu0:tiles4;1:cpu1:tiles4;2:cpu2:tiles4;3:cpu3:tiles4;4:cpu4:tiles4;5:cpu5:tiles4;6:cpu6:tiles4;7:cpu7:tiles4","NA",static,0,"NA","NA","/home/bananapi/MAT/kernels riscv rvv 1.0/FINAL/riscv-rvv-ime-gemm-microkernels-updated/HETEROGENEOUS_RVV_IME_OPENMP_GEMM/results/openmp_results_k1-rvv_1024_20260904_054843/raw_logs/GEMM_RVV_FP32_INT8_8x4_Baseline_RVV_SGEMM_FP32_8x4_sgemm_kernel_8x4_zvl256b_lmul2_unroll8_run1.log",NA,NA,NA,NA,NA,NA,NA
2026-09-04T06:11:35,k1-rvv,"GEMM_RVV_FP32_INT8_8x4_Baseline","RVV_SGEMM_FP32_8x4","sgemm_kernel_8x4_zvl256b_lmul4_unroll1",8x4,256b,4,1,FP32_RVV,0-7,8,8,1024,1024,1024,32,1,NUMERICAL_FAILED,0,NUMERICAL_VALIDATION,0.655211210,GFLOPS,0.000000,parallel_tiles_including_required_packing,INDEPENDENT_GEMM_FP_TOLERANCE,1,2.6702880859375e-05,"0:cpu0:tiles4;1:cpu1:tiles4;2:cpu2:tiles4;3:cpu3:tiles4;4:cpu4:tiles4;5:cpu5:tiles4;6:cpu6:tiles4;7:cpu7:tiles4","NA",static,0,"NA","NA","/home/bananapi/MAT/kernels riscv rvv 1.0/FINAL/riscv-rvv-ime-gemm-microkernels-updated/HETEROGENEOUS_RVV_IME_OPENMP_GEMM/results/openmp_results_k1-rvv_1024_20260904_054843/raw_logs/GEMM_RVV_FP32_INT8_8x4_Baseline_RVV_SGEMM_FP32_8x4_sgemm_kernel_8x4_zvl256b_lmul4_unroll1_run1.log",NA,NA,NA,NA,NA,NA,NA
2026-09-04T06:12:46,k1-rvv,"GEMM_RVV_FP32_INT8_8x4_Baseline","RVV_SGEMM_FP32_8x4","sgemm_kernel_8x4_zvl256b_lmul4_unroll2",8x4,256b,4,2,FP32_RVV,0-7,8,8,1024,1024,1024,32,1,NUMERICAL_FAILED,0,NUMERICAL_VALIDATION,0.550466083,GFLOPS,0.000000,parallel_tiles_including_required_packing,INDEPENDENT_GEMM_FP_TOLERANCE,1,2.6702880859375e-05,"0:cpu0:tiles4;1:cpu1:tiles4;2:cpu2:tiles4;3:cpu3:tiles4;4:cpu4:tiles4;5:cpu5:tiles4;6:cpu6:tiles4;7:cpu7:tiles4","NA",static,0,"NA","NA","/home/bananapi/MAT/kernels riscv rvv 1.0/FINAL/riscv-rvv-ime-gemm-microkernels-updated/HETEROGENEOUS_RVV_IME_OPENMP_GEMM/results/openmp_results_k1-rvv_1024_20260904_054843/raw_logs/GEMM_RVV_FP32_INT8_8x4_Baseline_RVV_SGEMM_FP32_8x4_sgemm_kernel_8x4_zvl256b_lmul4_unroll2_run1.log",NA,NA,NA,NA,NA,NA,NA
2026-09-04T06:13:57,k1-rvv,"GEMM_RVV_FP32_INT8_8x4_Baseline","RVV_SGEMM_FP32_8x4","sgemm_kernel_8x4_zvl256b_lmul4_unroll4",8x4,256b,4,4,FP32_RVV,0-7,8,8,1024,1024,1024,32,1,NUMERICAL_FAILED,0,NUMERICAL_VALIDATION,0.645965122,GFLOPS,0.000000,parallel_tiles_including_required_packing,INDEPENDENT_GEMM_FP_TOLERANCE,1,2.6702880859375e-05,"0:cpu0:tiles4;1:cpu1:tiles4;2:cpu2:tiles4;3:cpu3:tiles4;4:cpu4:tiles4;5:cpu5:tiles4;6:cpu6:tiles4;7:cpu7:tiles4","NA",static,0,"NA","NA","/home/bananapi/MAT/kernels riscv rvv 1.0/FINAL/riscv-rvv-ime-gemm-microkernels-updated/HETEROGENEOUS_RVV_IME_OPENMP_GEMM/results/openmp_results_k1-rvv_1024_20260904_054843/raw_logs/GEMM_RVV_FP32_INT8_8x4_Baseline_RVV_SGEMM_FP32_8x4_sgemm_kernel_8x4_zvl256b_lmul4_unroll4_run1.log",NA,NA,NA,NA,NA,NA,NA
2026-09-04T06:15:08,k1-rvv,"GEMM_RVV_FP32_INT8_8x4_Baseline","RVV_SGEMM_FP32_8x4","sgemm_kernel_8x4_zvl256b_lmul4_unroll8",8x4,256b,4,8,FP32_RVV,0-7,8,8,1024,1024,1024,32,1,NUMERICAL_FAILED,0,NUMERICAL_VALIDATION,0.625388626,GFLOPS,0.000000,parallel_tiles_including_required_packing,INDEPENDENT_GEMM_FP_TOLERANCE,1,2.6702880859375e-05,"0:cpu0:tiles4;1:cpu1:tiles4;2:cpu2:tiles4;3:cpu3:tiles4;4:cpu4:tiles4;5:cpu5:tiles4;6:cpu6:tiles4;7:cpu7:tiles4","NA",static,0,"NA","NA","/home/bananapi/MAT/kernels riscv rvv 1.0/FINAL/riscv-rvv-ime-gemm-microkernels-updated/HETEROGENEOUS_RVV_IME_OPENMP_GEMM/results/openmp_results_k1-rvv_1024_20260904_054843/raw_logs/GEMM_RVV_FP32_INT8_8x4_Baseline_RVV_SGEMM_FP32_8x4_sgemm_kernel_8x4_zvl256b_lmul4_unroll8_run1.log",NA,NA,NA,NA,NA,NA,NA
2026-09-04T06:16:19,k1-rvv,"GEMM_RVV_FP32_INT8_8x4_Baseline","RVV_SGEMM_FP32_8x4","sgemm_kernel_8x4_zvl256b_lmul8_unroll1",8x4,256b,8,1,FP32_RVV,0-7,8,8,1024,1024,1024,32,1,NUMERICAL_FAILED,0,NUMERICAL_VALIDATION,1.210696790,GFLOPS,0.000000,parallel_tiles_including_required_packing,INDEPENDENT_GEMM_FP_TOLERANCE,1,2.6702880859375e-05,"0:cpu0:tiles4;1:cpu1:tiles4;2:cpu2:tiles4;3:cpu3:tiles4;4:cpu4:tiles4;5:cpu5:tiles4;6:cpu6:tiles4;7:cpu7:tiles4","NA",static,0,"NA","NA","/home/bananapi/MAT/kernels riscv rvv 1.0/FINAL/riscv-rvv-ime-gemm-microkernels-updated/HETEROGENEOUS_RVV_IME_OPENMP_GEMM/results/openmp_results_k1-rvv_1024_20260904_054843/raw_logs/GEMM_RVV_FP32_INT8_8x4_Baseline_RVV_SGEMM_FP32_8x4_sgemm_kernel_8x4_zvl256b_lmul8_unroll1_run1.log",NA,NA,NA,NA,NA,NA,NA
2026-09-04T06:17:31,k1-rvv,"GEMM_RVV_FP32_INT8_8x4_Baseline","RVV_SGEMM_FP32_8x4","sgemm_kernel_8x4_zvl256b_lmul8_unroll2",8x4,256b,8,2,FP32_RVV,0-7,8,8,1024,1024,1024,32,1,NUMERICAL_FAILED,0,NUMERICAL_VALIDATION,1.220412001,GFLOPS,0.000000,parallel_tiles_including_required_packing,INDEPENDENT_GEMM_FP_TOLERANCE,1,2.6702880859375e-05,"0:cpu0:tiles4;1:cpu1:tiles4;2:cpu2:tiles4;3:cpu3:tiles4;4:cpu4:tiles4;5:cpu5:tiles4;6:cpu6:tiles4;7:cpu7:tiles4","NA",static,0,"NA","NA","/home/bananapi/MAT/kernels riscv rvv 1.0/FINAL/riscv-rvv-ime-gemm-microkernels-updated/HETEROGENEOUS_RVV_IME_OPENMP_GEMM/results/openmp_results_k1-rvv_1024_20260904_054843/raw_logs/GEMM_RVV_FP32_INT8_8x4_Baseline_RVV_SGEMM_FP32_8x4_sgemm_kernel_8x4_zvl256b_lmul8_unroll2_run1.log",NA,NA,NA,NA,NA,NA,NA
2026-09-04T06:18:43,k1-rvv,"GEMM_RVV_FP32_INT8_8x4_Baseline","RVV_SGEMM_FP32_8x4","sgemm_kernel_8x4_zvl256b_lmul8_unroll4",8x4,256b,8,4,FP32_RVV,0-7,8,8,1024,1024,1024,32,1,NUMERICAL_FAILED,0,NUMERICAL_VALIDATION,1.249557208,GFLOPS,0.000000,parallel_tiles_including_required_packing,INDEPENDENT_GEMM_FP_TOLERANCE,1,2.6702880859375e-05,"0:cpu0:tiles4;1:cpu1:tiles4;2:cpu2:tiles4;3:cpu3:tiles4;4:cpu4:tiles4;5:cpu5:tiles4;6:cpu6:tiles4;7:cpu7:tiles4","NA",static,0,"NA","NA","/home/bananapi/MAT/kernels riscv rvv 1.0/FINAL/riscv-rvv-ime-gemm-microkernels-updated/HETEROGENEOUS_RVV_IME_OPENMP_GEMM/results/openmp_results_k1-rvv_1024_20260904_054843/raw_logs/GEMM_RVV_FP32_INT8_8x4_Baseline_RVV_SGEMM_FP32_8x4_sgemm_kernel_8x4_zvl256b_lmul8_unroll4_run1.log",NA,NA,NA,NA,NA,NA,NA
2026-09-04T06:19:56,k1-rvv,"GEMM_RVV_FP32_INT8_8x4_Baseline","RVV_SGEMM_FP32_8x4","sgemm_kernel_8x4_zvl256b_lmul8_unroll8",8x4,256b,8,8,FP32_RVV,0-7,8,8,1024,1024,1024,32,1,NUMERICAL_FAILED,0,NUMERICAL_VALIDATION,1.243314043,GFLOPS,0.000000,parallel_tiles_including_required_packing,INDEPENDENT_GEMM_FP_TOLERANCE,1,2.6702880859375e-05,"0:cpu0:tiles4;1:cpu1:tiles4;2:cpu2:tiles4;3:cpu3:tiles4;4:cpu4:tiles4;5:cpu5:tiles4;6:cpu6:tiles4;7:cpu7:tiles4","NA",static,0,"NA","NA","/home/bananapi/MAT/kernels riscv rvv 1.0/FINAL/riscv-rvv-ime-gemm-microkernels-updated/HETEROGENEOUS_RVV_IME_OPENMP_GEMM/results/openmp_results_k1-rvv_1024_20260904_054843/raw_logs/GEMM_RVV_FP32_INT8_8x4_Baseline_RVV_SGEMM_FP32_8x4_sgemm_kernel_8x4_zvl256b_lmul8_unroll8_run1.log",NA,NA,NA,NA,NA,NA,NA
2026-09-04T06:21:05,k1-rvv,"GEMM_RVV_FP32_INT8_8x4_Baseline","RVV_SGEMM_FP32_8x4","sgemm_kernel_8x4_zvl256b_lmulmf2_unroll1",8x4,256b,mf2,1,FP32_RVV,0-7,8,8,1024,1024,1024,32,1,NUMERICAL_FAILED,0,NUMERICAL_VALIDATION,0.331060208,GFLOPS,0.000000,parallel_tiles_including_required_packing,INDEPENDENT_GEMM_FP_TOLERANCE,1,2.6702880859375e-05,"0:cpu0:tiles4;1:cpu1:tiles4;2:cpu2:tiles4;3:cpu3:tiles4;4:cpu4:tiles4;5:cpu5:tiles4;6:cpu6:tiles4;7:cpu7:tiles4","NA",static,0,"NA","NA","/home/bananapi/MAT/kernels riscv rvv 1.0/FINAL/riscv-rvv-ime-gemm-microkernels-updated/HETEROGENEOUS_RVV_IME_OPENMP_GEMM/results/openmp_results_k1-rvv_1024_20260904_054843/raw_logs/GEMM_RVV_FP32_INT8_8x4_Baseline_RVV_SGEMM_FP32_8x4_sgemm_kernel_8x4_zvl256b_lmulmf2_unroll1_run1.log",NA,NA,NA,NA,NA,NA,NA
2026-09-04T06:22:16,k1-rvv,"GEMM_RVV_FP32_INT8_8x4_Baseline","RVV_SGEMM_FP32_8x4","sgemm_kernel_8x4_zvl256b_lmulmf2_unroll2",8x4,256b,mf2,2,FP32_RVV,0-7,8,8,1024,1024,1024,32,1,NUMERICAL_FAILED,0,NUMERICAL_VALIDATION,0.335581958,GFLOPS,0.000000,parallel_tiles_including_required_packing,INDEPENDENT_GEMM_FP_TOLERANCE,1,2.6702880859375e-05,"0:cpu0:tiles4;1:cpu1:tiles4;2:cpu2:tiles4;3:cpu3:tiles4;4:cpu4:tiles4;5:cpu5:tiles4;6:cpu6:tiles4;7:cpu7:tiles4","NA",static,0,"NA","NA","/home/bananapi/MAT/kernels riscv rvv 1.0/FINAL/riscv-rvv-ime-gemm-microkernels-updated/HETEROGENEOUS_RVV_IME_OPENMP_GEMM/results/openmp_results_k1-rvv_1024_20260904_054843/raw_logs/GEMM_RVV_FP32_INT8_8x4_Baseline_RVV_SGEMM_FP32_8x4_sgemm_kernel_8x4_zvl256b_lmulmf2_unroll2_run1.log",NA,NA,NA,NA,NA,NA,NA
2026-09-04T06:23:25,k1-rvv,"GEMM_RVV_FP32_INT8_8x4_Baseline","RVV_SGEMM_FP32_8x4","sgemm_kernel_8x4_zvl256b_lmulmf2_unroll4",8x4,256b,mf2,4,FP32_RVV,0-7,8,8,1024,1024,1024,32,1,NUMERICAL_FAILED,0,NUMERICAL_VALIDATION,0.325259417,GFLOPS,0.000000,parallel_tiles_including_required_packing,INDEPENDENT_GEMM_FP_TOLERANCE,1,2.6702880859375e-05,"0:cpu0:tiles4;1:cpu1:tiles4;2:cpu2:tiles4;3:cpu3:tiles4;4:cpu4:tiles4;5:cpu5:tiles4;6:cpu6:tiles4;7:cpu7:tiles4","NA",static,0,"NA","NA","/home/bananapi/MAT/kernels riscv rvv 1.0/FINAL/riscv-rvv-ime-gemm-microkernels-updated/HETEROGENEOUS_RVV_IME_OPENMP_GEMM/results/openmp_results_k1-rvv_1024_20260904_054843/raw_logs/GEMM_RVV_FP32_INT8_8x4_Baseline_RVV_SGEMM_FP32_8x4_sgemm_kernel_8x4_zvl256b_lmulmf2_unroll4_run1.log",NA,NA,NA,NA,NA,NA,NA
2026-09-04T06:24:36,k1-rvv,"GEMM_RVV_FP32_INT8_8x4_Baseline","RVV_SGEMM_FP32_8x4","sgemm_kernel_8x4_zvl256b_lmulmf2_unroll8",8x4,256b,mf2,8,FP32_RVV,0-7,8,8,1024,1024,1024,32,1,NUMERICAL_FAILED,0,NUMERICAL_VALIDATION,0.327890541,GFLOPS,0.000000,parallel_tiles_including_required_packing,INDEPENDENT_GEMM_FP_TOLERANCE,1,2.6702880859375e-05,"0:cpu0:tiles4;1:cpu1:tiles4;2:cpu2:tiles4;3:cpu3:tiles4;4:cpu4:tiles4;5:cpu5:tiles4;6:cpu6:tiles4;7:cpu7:tiles4","NA",static,0,"NA","NA","/home/bananapi/MAT/kernels riscv rvv 1.0/FINAL/riscv-rvv-ime-gemm-microkernels-updated/HETEROGENEOUS_RVV_IME_OPENMP_GEMM/results/openmp_results_k1-rvv_1024_20260904_054843/raw_logs/GEMM_RVV_FP32_INT8_8x4_Baseline_RVV_SGEMM_FP32_8x4_sgemm_kernel_8x4_zvl256b_lmulmf2_unroll8_run1.log",NA,NA,NA,NA,NA,NA,NA
2026-09-04T06:25:15,k1-rvv,"GEMM_RVV_FP32_INT8_8x8_Baseline","RVV_IGEMM_INT8_I8I32_8x8","igemm_kernel_8x8_zvl256b_lmul1_unroll1_i8i32",8x8,256b,1,1,INT8_RVV,0-7,8,8,1024,1024,1024,32,1,OK,0,NONE,0.173575375,GOPS,12.372052,parallel_tiles_including_required_packing,INDEPENDENT_INT64_REFERENCE_EXACT_INT32,0,0,"0:cpu0:tiles4;1:cpu1:tiles4;2:cpu2:tiles4;3:cpu3:tiles4;4:cpu4:tiles4;5:cpu5:tiles4;6:cpu6:tiles4;7:cpu7:tiles4","NA",static,0,"NA","NA","/home/bananapi/MAT/kernels riscv rvv 1.0/FINAL/riscv-rvv-ime-gemm-microkernels-updated/HETEROGENEOUS_RVV_IME_OPENMP_GEMM/results/openmp_results_k1-rvv_1024_20260904_054843/raw_logs/GEMM_RVV_FP32_INT8_8x8_Baseline_RVV_IGEMM_INT8_I8I32_8x8_igemm_kernel_8x8_zvl256b_lmul1_unroll1_i8i32_run1.log",NA,NA,NA,NA,NA,NA,NA
2026-09-04T06:25:16,k1-rvv,"GEMM_RVV_FP32_INT8_8x8_Baseline","RVV_IGEMM_INT8_I8I32_8x8","igemm_kernel_8x8_zvl256b_lmul1_unroll1_i8i32",8x8,256b,1,1,INT8_RVV,0-7,8,8,1024,1024,1024,32,2,OK,0,NONE,0.174661249,GOPS,12.295135,parallel_tiles_including_required_packing,DISABLED,0,0,"0:cpu0:tiles4;1:cpu1:tiles4;2:cpu2:tiles4;3:cpu3:tiles4;4:cpu4:tiles4;5:cpu5:tiles4;6:cpu6:tiles4;7:cpu7:tiles4","NA",static,0,"NA","NA","/home/bananapi/MAT/kernels riscv rvv 1.0/FINAL/riscv-rvv-ime-gemm-microkernels-updated/HETEROGENEOUS_RVV_IME_OPENMP_GEMM/results/openmp_results_k1-rvv_1024_20260904_054843/raw_logs/GEMM_RVV_FP32_INT8_8x8_Baseline_RVV_IGEMM_INT8_I8I32_8x8_igemm_kernel_8x8_zvl256b_lmul1_unroll1_i8i32_run2.log",NA,NA,NA,NA,NA,NA,NA
2026-09-04T06:25:17,k1-rvv,"GEMM_RVV_FP32_INT8_8x8_Baseline","RVV_IGEMM_INT8_I8I32_8x8","igemm_kernel_8x8_zvl256b_lmul1_unroll1_i8i32",8x8,256b,1,1,INT8_RVV,0-7,8,8,1024,1024,1024,32,3,OK,0,NONE,0.174176041,GOPS,12.329386,parallel_tiles_including_required_packing,DISABLED,0,0,"0:cpu0:tiles4;1:cpu1:tiles4;2:cpu2:tiles4;3:cpu3:tiles4;4:cpu4:tiles4;5:cpu5:tiles4;6:cpu6:tiles4;7:cpu7:tiles4","NA",static,0,"NA","NA","/home/bananapi/MAT/kernels riscv rvv 1.0/FINAL/riscv-rvv-ime-gemm-microkernels-updated/HETEROGENEOUS_RVV_IME_OPENMP_GEMM/results/openmp_results_k1-rvv_1024_20260904_054843/raw_logs/GEMM_RVV_FP32_INT8_8x8_Baseline_RVV_IGEMM_INT8_I8I32_8x8_igemm_kernel_8x8_zvl256b_lmul1_unroll1_i8i32_run3.log",NA,NA,NA,NA,NA,NA,NA
2026-09-04T06:25:17,k1-rvv,"GEMM_RVV_FP32_INT8_8x8_Baseline","RVV_IGEMM_INT8_I8I32_8x8","igemm_kernel_8x8_zvl256b_lmul1_unroll1_i8i32",8x8,256b,1,1,INT8_RVV,0-7,8,8,1024,1024,1024,32,4,OK,0,NONE,0.172376413,GOPS,12.458106,parallel_tiles_including_required_packing,DISABLED,0,0,"0:cpu0:tiles4;1:cpu1:tiles4;2:cpu2:tiles4;3:cpu3:tiles4;4:cpu4:tiles4;5:cpu5:tiles4;6:cpu6:tiles4;7:cpu7:tiles4","NA",static,0,"NA","NA","/home/bananapi/MAT/kernels riscv rvv 1.0/FINAL/riscv-rvv-ime-gemm-microkernels-updated/HETEROGENEOUS_RVV_IME_OPENMP_GEMM/results/openmp_results_k1-rvv_1024_20260904_054843/raw_logs/GEMM_RVV_FP32_INT8_8x8_Baseline_RVV_IGEMM_INT8_I8I32_8x8_igemm_kernel_8x8_zvl256b_lmul1_unroll1_i8i32_run4.log",NA,NA,NA,NA,NA,NA,NA
2026-09-04T06:25:18,k1-rvv,"GEMM_RVV_FP32_INT8_8x8_Baseline","RVV_IGEMM_INT8_I8I32_8x8","igemm_kernel_8x8_zvl256b_lmul1_unroll1_i8i32",8x8,256b,1,1,INT8_RVV,0-7,8,8,1024,1024,1024,32,5,OK,0,NONE,0.176411293,GOPS,12.173164,parallel_tiles_including_required_packing,DISABLED,0,0,"0:cpu0:tiles4;1:cpu1:tiles4;2:cpu2:tiles4;3:cpu3:tiles4;4:cpu4:tiles4;5:cpu5:tiles4;6:cpu6:tiles4;7:cpu7:tiles4","NA",static,0,"NA","NA","/home/bananapi/MAT/kernels riscv rvv 1.0/FINAL/riscv-rvv-ime-gemm-microkernels-updated/HETEROGENEOUS_RVV_IME_OPENMP_GEMM/results/openmp_results_k1-rvv_1024_20260904_054843/raw_logs/GEMM_RVV_FP32_INT8_8x8_Baseline_RVV_IGEMM_INT8_I8I32_8x8_igemm_kernel_8x8_zvl256b_lmul1_unroll1_i8i32_run5.log",NA,NA,NA,NA,NA,NA,NA
2026-09-04T06:25:19,k1-rvv,"GEMM_RVV_FP32_INT8_8x8_Baseline","RVV_IGEMM_INT8_I8I32_8x8","igemm_kernel_8x8_zvl256b_lmul1_unroll1_i8i32",8x8,256b,1,1,INT8_RVV,0-7,8,8,1024,1024,1024,32,6,OK,0,NONE,0.176473081,GOPS,12.168902,parallel_tiles_including_required_packing,DISABLED,0,0,"0:cpu0:tiles4;1:cpu1:tiles4;2:cpu2:tiles4;3:cpu3:tiles4;4:cpu4:tiles4;5:cpu5:tiles4;6:cpu6:tiles4;7:cpu7:tiles4","NA",static,0,"NA","NA","/home/bananapi/MAT/kernels riscv rvv 1.0/FINAL/riscv-rvv-ime-gemm-microkernels-updated/HETEROGENEOUS_RVV_IME_OPENMP_GEMM/results/openmp_results_k1-rvv_1024_20260904_054843/raw_logs/GEMM_RVV_FP32_INT8_8x8_Baseline_RVV_IGEMM_INT8_I8I32_8x8_igemm_kernel_8x8_zvl256b_lmul1_unroll1_i8i32_run6.log",NA,NA,NA,NA,NA,NA,NA
2026-09-04T06:25:57,k1-rvv,"GEMM_RVV_FP32_INT8_8x8_Baseline","RVV_IGEMM_INT8_I8I32_8x8","igemm_kernel_8x8_zvl256b_lmul1_unroll2_i8i32",8x8,256b,1,2,INT8_RVV,0-7,8,8,1024,1024,1024,32,1,OK,0,NONE,0.191898961,GOPS,11.190700,parallel_tiles_including_required_packing,INDEPENDENT_INT64_REFERENCE_EXACT_INT32,0,0,"0:cpu0:tiles4;1:cpu1:tiles4;2:cpu2:tiles4;3:cpu3:tiles4;4:cpu4:tiles4;5:cpu5:tiles4;6:cpu6:tiles4;7:cpu7:tiles4","NA",static,0,"NA","NA","/home/bananapi/MAT/kernels riscv rvv 1.0/FINAL/riscv-rvv-ime-gemm-microkernels-updated/HETEROGENEOUS_RVV_IME_OPENMP_GEMM/results/openmp_results_k1-rvv_1024_20260904_054843/raw_logs/GEMM_RVV_FP32_INT8_8x8_Baseline_RVV_IGEMM_INT8_I8I32_8x8_igemm_kernel_8x8_zvl256b_lmul1_unroll2_i8i32_run1.log",NA,NA,NA,NA,NA,NA,NA
2026-09-04T06:25:58,k1-rvv,"GEMM_RVV_FP32_INT8_8x8_Baseline","RVV_IGEMM_INT8_I8I32_8x8","igemm_kernel_8x8_zvl256b_lmul1_unroll2_i8i32",8x8,256b,1,2,INT8_RVV,0-7,8,8,1024,1024,1024,32,2,OK,0,NONE,0.189593375,GOPS,11.326786,parallel_tiles_including_required_packing,DISABLED,0,0,"0:cpu0:tiles4;1:cpu1:tiles4;2:cpu2:tiles4;3:cpu3:tiles4;4:cpu4:tiles4;5:cpu5:tiles4;6:cpu6:tiles4;7:cpu7:tiles4","NA",static,0,"NA","NA","/home/bananapi/MAT/kernels riscv rvv 1.0/FINAL/riscv-rvv-ime-gemm-microkernels-updated/HETEROGENEOUS_RVV_IME_OPENMP_GEMM/results/openmp_results_k1-rvv_1024_20260904_054843/raw_logs/GEMM_RVV_FP32_INT8_8x8_Baseline_RVV_IGEMM_INT8_I8I32_8x8_igemm_kernel_8x8_zvl256b_lmul1_unroll2_i8i32_run2.log",NA,NA,NA,NA,NA,NA,NA
2026-09-04T06:25:59,k1-rvv,"GEMM_RVV_FP32_INT8_8x8_Baseline","RVV_IGEMM_INT8_I8I32_8x8","igemm_kernel_8x8_zvl256b_lmul1_unroll2_i8i32",8x8,256b,1,2,INT8_RVV,0-7,8,8,1024,1024,1024,32,3,OK,0,NONE,0.191351168,GOPS,11.222736,parallel_tiles_including_required_packing,DISABLED,0,0,"0:cpu0:tiles4;1:cpu1:tiles4;2:cpu2:tiles4;3:cpu3:tiles4;4:cpu4:tiles4;5:cpu5:tiles4;6:cpu6:tiles4;7:cpu7:tiles4","NA",static,0,"NA","NA","/home/bananapi/MAT/kernels riscv rvv 1.0/FINAL/riscv-rvv-ime-gemm-microkernels-updated/HETEROGENEOUS_RVV_IME_OPENMP_GEMM/results/openmp_results_k1-rvv_1024_20260904_054843/raw_logs/GEMM_RVV_FP32_INT8_8x8_Baseline_RVV_IGEMM_INT8_I8I32_8x8_igemm_kernel_8x8_zvl256b_lmul1_unroll2_i8i32_run3.log",NA,NA,NA,NA,NA,NA,NA
2026-09-04T06:26:00,k1-rvv,"GEMM_RVV_FP32_INT8_8x8_Baseline","RVV_IGEMM_INT8_I8I32_8x8","igemm_kernel_8x8_zvl256b_lmul1_unroll2_i8i32",8x8,256b,1,2,INT8_RVV,0-7,8,8,1024,1024,1024,32,4,OK,0,NONE,0.194898959,GOPS,11.018446,parallel_tiles_including_required_packing,DISABLED,0,0,"0:cpu0:tiles4;1:cpu1:tiles4;2:cpu2:tiles4;3:cpu3:tiles4;4:cpu4:tiles4;5:cpu5:tiles4;6:cpu6:tiles4;7:cpu7:tiles4","NA",static,0,"NA","NA","/home/bananapi/MAT/kernels riscv rvv 1.0/FINAL/riscv-rvv-ime-gemm-microkernels-updated/HETEROGENEOUS_RVV_IME_OPENMP_GEMM/results/openmp_results_k1-rvv_1024_20260904_054843/raw_logs/GEMM_RVV_FP32_INT8_8x8_Baseline_RVV_IGEMM_INT8_I8I32_8x8_igemm_kernel_8x8_zvl256b_lmul1_unroll2_i8i32_run4.log",NA,NA,NA,NA,NA,NA,NA
2026-09-04T06:26:00,k1-rvv,"GEMM_RVV_FP32_INT8_8x8_Baseline","RVV_IGEMM_INT8_I8I32_8x8","igemm_kernel_8x8_zvl256b_lmul1_unroll2_i8i32",8x8,256b,1,2,INT8_RVV,0-7,8,8,1024,1024,1024,32,5,OK,0,NONE,0.193475168,GOPS,11.099531,parallel_tiles_including_required_packing,DISABLED,0,0,"0:cpu0:tiles4;1:cpu1:tiles4;2:cpu2:tiles4;3:cpu3:tiles4;4:cpu4:tiles4;5:cpu5:tiles4;6:cpu6:tiles4;7:cpu7:tiles4","NA",static,0,"NA","NA","/home/bananapi/MAT/kernels riscv rvv 1.0/FINAL/riscv-rvv-ime-gemm-microkernels-updated/HETEROGENEOUS_RVV_IME_OPENMP_GEMM/results/openmp_results_k1-rvv_1024_20260904_054843/raw_logs/GEMM_RVV_FP32_INT8_8x8_Baseline_RVV_IGEMM_INT8_I8I32_8x8_igemm_kernel_8x8_zvl256b_lmul1_unroll2_i8i32_run5.log",NA,NA,NA,NA,NA,NA,NA
2026-09-04T06:26:01,k1-rvv,"GEMM_RVV_FP32_INT8_8x8_Baseline","RVV_IGEMM_INT8_I8I32_8x8","igemm_kernel_8x8_zvl256b_lmul1_unroll2_i8i32",8x8,256b,1,2,INT8_RVV,0-7,8,8,1024,1024,1024,32,6,OK,0,NONE,0.193370249,GOPS,11.105554,parallel_tiles_including_required_packing,DISABLED,0,0,"0:cpu0:tiles4;1:cpu1:tiles4;2:cpu2:tiles4;3:cpu3:tiles4;4:cpu4:tiles4;5:cpu5:tiles4;6:cpu6:tiles4;7:cpu7:tiles4","NA",static,0,"NA","NA","/home/bananapi/MAT/kernels riscv rvv 1.0/FINAL/riscv-rvv-ime-gemm-microkernels-updated/HETEROGENEOUS_RVV_IME_OPENMP_GEMM/results/openmp_results_k1-rvv_1024_20260904_054843/raw_logs/GEMM_RVV_FP32_INT8_8x8_Baseline_RVV_IGEMM_INT8_I8I32_8x8_igemm_kernel_8x8_zvl256b_lmul1_unroll2_i8i32_run6.log",NA,NA,NA,NA,NA,NA,NA
2026-09-04T06:26:33,k1-rvv,"GEMM_RVV_FP32_INT8_8x8_Baseline","RVV_IGEMM_INT8_I8I32_8x8","igemm_kernel_8x8_zvl256b_lmul1_unroll4_i8i32",8x8,256b,1,4,INT8_RVV,0-7,8,8,1024,1024,1024,32,1,OK,0,NONE,0.197421961,GOPS,10.877633,parallel_tiles_including_required_packing,INDEPENDENT_INT64_REFERENCE_EXACT_INT32,0,0,"0:cpu0:tiles4;1:cpu1:tiles4;2:cpu2:tiles4;3:cpu3:tiles4;4:cpu4:tiles4;5:cpu5:tiles4;6:cpu6:tiles4;7:cpu7:tiles4","NA",static,0,"NA","NA","/home/bananapi/MAT/kernels riscv rvv 1.0/FINAL/riscv-rvv-ime-gemm-microkernels-updated/HETEROGENEOUS_RVV_IME_OPENMP_GEMM/results/openmp_results_k1-rvv_1024_20260904_054843/raw_logs/GEMM_RVV_FP32_INT8_8x8_Baseline_RVV_IGEMM_INT8_I8I32_8x8_igemm_kernel_8x8_zvl256b_lmul1_unroll4_i8i32_run1.log",NA,NA,NA,NA,NA,NA,NA
2026-09-04T06:26:34,k1-rvv,"GEMM_RVV_FP32_INT8_8x8_Baseline","RVV_IGEMM_INT8_I8I32_8x8","igemm_kernel_8x8_zvl256b_lmul1_unroll4_i8i32",8x8,256b,1,4,INT8_RVV,0-7,8,8,1024,1024,1024,32,2,OK,0,NONE,0.193129044,GOPS,11.119424,parallel_tiles_including_required_packing,DISABLED,0,0,"0:cpu0:tiles4;1:cpu1:tiles4;2:cpu2:tiles4;3:cpu3:tiles4;4:cpu4:tiles4;5:cpu5:tiles4;6:cpu6:tiles4;7:cpu7:tiles4","NA",static,0,"NA","NA","/home/bananapi/MAT/kernels riscv rvv 1.0/FINAL/riscv-rvv-ime-gemm-microkernels-updated/HETEROGENEOUS_RVV_IME_OPENMP_GEMM/results/openmp_results_k1-rvv_1024_20260904_054843/raw_logs/GEMM_RVV_FP32_INT8_8x8_Baseline_RVV_IGEMM_INT8_I8I32_8x8_igemm_kernel_8x8_zvl256b_lmul1_unroll4_i8i32_run2.log",NA,NA,NA,NA,NA,NA,NA
2026-09-04T06:26:34,k1-rvv,"GEMM_RVV_FP32_INT8_8x8_Baseline","RVV_IGEMM_INT8_I8I32_8x8","igemm_kernel_8x8_zvl256b_lmul1_unroll4_i8i32",8x8,256b,1,4,INT8_RVV,0-7,8,8,1024,1024,1024,32,3,OK,0,NONE,0.201132961,GOPS,10.676936,parallel_tiles_including_required_packing,DISABLED,0,0,"0:cpu0:tiles4;1:cpu1:tiles4;2:cpu2:tiles4;3:cpu3:tiles4;4:cpu4:tiles4;5:cpu5:tiles4;6:cpu6:tiles4;7:cpu7:tiles4","NA",static,0,"NA","NA","/home/bananapi/MAT/kernels riscv rvv 1.0/FINAL/riscv-rvv-ime-gemm-microkernels-updated/HETEROGENEOUS_RVV_IME_OPENMP_GEMM/results/openmp_results_k1-rvv_1024_20260904_054843/raw_logs/GEMM_RVV_FP32_INT8_8x8_Baseline_RVV_IGEMM_INT8_I8I32_8x8_igemm_kernel_8x8_zvl256b_lmul1_unroll4_i8i32_run3.log",NA,NA,NA,NA,NA,NA,NA
2026-09-04T06:26:35,k1-rvv,"GEMM_RVV_FP32_INT8_8x8_Baseline","RVV_IGEMM_INT8_I8I32_8x8","igemm_kernel_8x8_zvl256b_lmul1_unroll4_i8i32",8x8,256b,1,4,INT8_RVV,0-7,8,8,1024,1024,1024,32,4,OK,0,NONE,0.195652124,GOPS,10.976030,parallel_tiles_including_required_packing,DISABLED,0,0,"0:cpu0:tiles4;1:cpu1:tiles4;2:cpu2:tiles4;3:cpu3:tiles4;4:cpu4:tiles4;5:cpu5:tiles4;6:cpu6:tiles4;7:cpu7:tiles4","NA",static,0,"NA","NA","/home/bananapi/MAT/kernels riscv rvv 1.0/FINAL/riscv-rvv-ime-gemm-microkernels-updated/HETEROGENEOUS_RVV_IME_OPENMP_GEMM/results/openmp_results_k1-rvv_1024_20260904_054843/raw_logs/GEMM_RVV_FP32_INT8_8x8_Baseline_RVV_IGEMM_INT8_I8I32_8x8_igemm_kernel_8x8_zvl256b_lmul1_unroll4_i8i32_run4.log",NA,NA,NA,NA,NA,NA,NA
2026-09-04T06:26:36,k1-rvv,"GEMM_RVV_FP32_INT8_8x8_Baseline","RVV_IGEMM_INT8_I8I32_8x8","igemm_kernel_8x8_zvl256b_lmul1_unroll4_i8i32",8x8,256b,1,4,INT8_RVV,0-7,8,8,1024,1024,1024,32,5,OK,0,NONE,0.190770335,GOPS,11.256906,parallel_tiles_including_required_packing,DISABLED,0,0,"0:cpu0:tiles4;1:cpu1:tiles4;2:cpu2:tiles4;3:cpu3:tiles4;4:cpu4:tiles4;5:cpu5:tiles4;6:cpu6:tiles4;7:cpu7:tiles4","NA",static,0,"NA","NA","/home/bananapi/MAT/kernels riscv rvv 1.0/FINAL/riscv-rvv-ime-gemm-microkernels-updated/HETEROGENEOUS_RVV_IME_OPENMP_GEMM/results/openmp_results_k1-rvv_1024_20260904_054843/raw_logs/GEMM_RVV_FP32_INT8_8x8_Baseline_RVV_IGEMM_INT8_I8I32_8x8_igemm_kernel_8x8_zvl256b_lmul1_unroll4_i8i32_run5.log",NA,NA,NA,NA,NA,NA,NA
2026-09-04T06:26:36,k1-rvv,"GEMM_RVV_FP32_INT8_8x8_Baseline","RVV_IGEMM_INT8_I8I32_8x8","igemm_kernel_8x8_zvl256b_lmul1_unroll4_i8i32",8x8,256b,1,4,INT8_RVV,0-7,8,8,1024,1024,1024,32,6,OK,0,NONE,0.193237253,GOPS,11.113197,parallel_tiles_including_required_packing,DISABLED,0,0,"0:cpu0:tiles4;1:cpu1:tiles4;2:cpu2:tiles4;3:cpu3:tiles4;4:cpu4:tiles4;5:cpu5:tiles4;6:cpu6:tiles4;7:cpu7:tiles4","NA",static,0,"NA","NA","/home/bananapi/MAT/kernels riscv rvv 1.0/FINAL/riscv-rvv-ime-gemm-microkernels-updated/HETEROGENEOUS_RVV_IME_OPENMP_GEMM/results/openmp_results_k1-rvv_1024_20260904_054843/raw_logs/GEMM_RVV_FP32_INT8_8x8_Baseline_RVV_IGEMM_INT8_I8I32_8x8_igemm_kernel_8x8_zvl256b_lmul1_unroll4_i8i32_run6.log",NA,NA,NA,NA,NA,NA,NA
2026-09-04T06:27:17,k1-rvv,"GEMM_RVV_FP32_INT8_8x8_Baseline","RVV_IGEMM_INT8_I8I32_8x8","igemm_kernel_8x8_zvl256b_lmul1_unroll8_i8i32",8x8,256b,1,8,INT8_RVV,0-7,8,8,1024,1024,1024,32,1,OK,0,NONE,0.185126711,GOPS,11.600075,parallel_tiles_including_required_packing,INDEPENDENT_INT64_REFERENCE_EXACT_INT32,0,0,"0:cpu0:tiles4;1:cpu1:tiles4;2:cpu2:tiles4;3:cpu3:tiles4;4:cpu4:tiles4;5:cpu5:tiles4;6:cpu6:tiles4;7:cpu7:tiles4","NA",static,0,"NA","NA","/home/bananapi/MAT/kernels riscv rvv 1.0/FINAL/riscv-rvv-ime-gemm-microkernels-updated/HETEROGENEOUS_RVV_IME_OPENMP_GEMM/results/openmp_results_k1-rvv_1024_20260904_054843/raw_logs/GEMM_RVV_FP32_INT8_8x8_Baseline_RVV_IGEMM_INT8_I8I32_8x8_igemm_kernel_8x8_zvl256b_lmul1_unroll8_i8i32_run1.log",NA,NA,NA,NA,NA,NA,NA
2026-09-04T06:27:18,k1-rvv,"GEMM_RVV_FP32_INT8_8x8_Baseline","RVV_IGEMM_INT8_I8I32_8x8","igemm_kernel_8x8_zvl256b_lmul1_unroll8_i8i32",8x8,256b,1,8,INT8_RVV,0-7,8,8,1024,1024,1024,32,2,OK,0,NONE,0.182161998,GOPS,11.788867,parallel_tiles_including_required_packing,DISABLED,0,0,"0:cpu0:tiles4;1:cpu1:tiles4;2:cpu2:tiles4;3:cpu3:tiles4;4:cpu4:tiles4;5:cpu5:tiles4;6:cpu6:tiles4;7:cpu7:tiles4","NA",static,0,"NA","NA","/home/bananapi/MAT/kernels riscv rvv 1.0/FINAL/riscv-rvv-ime-gemm-microkernels-updated/HETEROGENEOUS_RVV_IME_OPENMP_GEMM/results/openmp_results_k1-rvv_1024_20260904_054843/raw_logs/GEMM_RVV_FP32_INT8_8x8_Baseline_RVV_IGEMM_INT8_I8I32_8x8_igemm_kernel_8x8_zvl256b_lmul1_unroll8_i8i32_run2.log",NA,NA,NA,NA,NA,NA,NA
2026-09-04T06:27:18,k1-rvv,"GEMM_RVV_FP32_INT8_8x8_Baseline","RVV_IGEMM_INT8_I8I32_8x8","igemm_kernel_8x8_zvl256b_lmul1_unroll8_i8i32",8x8,256b,1,8,INT8_RVV,0-7,8,8,1024,1024,1024,32,3,OK,0,NONE,0.182285208,GOPS,11.780899,parallel_tiles_including_required_packing,DISABLED,0,0,"0:cpu0:tiles4;1:cpu1:tiles4;2:cpu2:tiles4;3:cpu3:tiles4;4:cpu4:tiles4;5:cpu5:tiles4;6:cpu6:tiles4;7:cpu7:tiles4","NA",static,0,"NA","NA","/home/bananapi/MAT/kernels riscv rvv 1.0/FINAL/riscv-rvv-ime-gemm-microkernels-updated/HETEROGENEOUS_RVV_IME_OPENMP_GEMM/results/openmp_results_k1-rvv_1024_20260904_054843/raw_logs/GEMM_RVV_FP32_INT8_8x8_Baseline_RVV_IGEMM_INT8_I8I32_8x8_igemm_kernel_8x8_zvl256b_lmul1_unroll8_i8i32_run3.log",NA,NA,NA,NA,NA,NA,NA
2026-09-04T06:27:19,k1-rvv,"GEMM_RVV_FP32_INT8_8x8_Baseline","RVV_IGEMM_INT8_I8I32_8x8","igemm_kernel_8x8_zvl256b_lmul1_unroll8_i8i32",8x8,256b,1,8,INT8_RVV,0-7,8,8,1024,1024,1024,32,4,OK,0,NONE,0.185514290,GOPS,11.575840,parallel_tiles_including_required_packing,DISABLED,0,0,"0:cpu0:tiles4;1:cpu1:tiles4;2:cpu2:tiles4;3:cpu3:tiles4;4:cpu4:tiles4;5:cpu5:tiles4;6:cpu6:tiles4;7:cpu7:tiles4","NA",static,0,"NA","NA","/home/bananapi/MAT/kernels riscv rvv 1.0/FINAL/riscv-rvv-ime-gemm-microkernels-updated/HETEROGENEOUS_RVV_IME_OPENMP_GEMM/results/openmp_results_k1-rvv_1024_20260904_054843/raw_logs/GEMM_RVV_FP32_INT8_8x8_Baseline_RVV_IGEMM_INT8_I8I32_8x8_igemm_kernel_8x8_zvl256b_lmul1_unroll8_i8i32_run4.log",NA,NA,NA,NA,NA,NA,NA
2026-09-04T06:27:20,k1-rvv,"GEMM_RVV_FP32_INT8_8x8_Baseline","RVV_IGEMM_INT8_I8I32_8x8","igemm_kernel_8x8_zvl256b_lmul1_unroll8_i8i32",8x8,256b,1,8,INT8_RVV,0-7,8,8,1024,1024,1024,32,5,OK,0,NONE,0.181472082,GOPS,11.833686,parallel_tiles_including_required_packing,DISABLED,0,0,"0:cpu0:tiles4;1:cpu1:tiles4;2:cpu2:tiles4;3:cpu3:tiles4;4:cpu4:tiles4;5:cpu5:tiles4;6:cpu6:tiles4;7:cpu7:tiles4","NA",static,0,"NA","NA","/home/bananapi/MAT/kernels riscv rvv 1.0/FINAL/riscv-rvv-ime-gemm-microkernels-updated/HETEROGENEOUS_RVV_IME_OPENMP_GEMM/results/openmp_results_k1-rvv_1024_20260904_054843/raw_logs/GEMM_RVV_FP32_INT8_8x8_Baseline_RVV_IGEMM_INT8_I8I32_8x8_igemm_kernel_8x8_zvl256b_lmul1_unroll8_i8i32_run5.log",NA,NA,NA,NA,NA,NA,NA
2026-09-04T06:27:20,k1-rvv,"GEMM_RVV_FP32_INT8_8x8_Baseline","RVV_IGEMM_INT8_I8I32_8x8","igemm_kernel_8x8_zvl256b_lmul1_unroll8_i8i32",8x8,256b,1,8,INT8_RVV,0-7,8,8,1024,1024,1024,32,6,OK,0,NONE,0.180675626,GOPS,11.885851,parallel_tiles_including_required_packing,DISABLED,0,0,"0:cpu0:tiles4;1:cpu1:tiles4;2:cpu2:tiles4;3:cpu3:tiles4;4:cpu4:tiles4;5:cpu5:tiles4;6:cpu6:tiles4;7:cpu7:tiles4","NA",static,0,"NA","NA","/home/bananapi/MAT/kernels riscv rvv 1.0/FINAL/riscv-rvv-ime-gemm-microkernels-updated/HETEROGENEOUS_RVV_IME_OPENMP_GEMM/results/openmp_results_k1-rvv_1024_20260904_054843/raw_logs/GEMM_RVV_FP32_INT8_8x8_Baseline_RVV_IGEMM_INT8_I8I32_8x8_igemm_kernel_8x8_zvl256b_lmul1_unroll8_i8i32_run6.log",NA,NA,NA,NA,NA,NA,NA
2026-09-04T06:27:52,k1-rvv,"GEMM_RVV_FP32_INT8_8x8_Baseline","RVV_IGEMM_INT8_I8I32_8x8","igemm_kernel_8x8_zvl256b_lmul2_unroll1_i8i32",8x8,256b,2,1,INT8_RVV,0-7,8,8,1024,1024,1024,32,1,OK,0,NONE,0.557033833,GOPS,3.855212,parallel_tiles_including_required_packing,INDEPENDENT_INT64_REFERENCE_EXACT_INT32,0,0,"0:cpu0:tiles4;1:cpu1:tiles4;2:cpu2:tiles4;3:cpu3:tiles4;4:cpu4:tiles4;5:cpu5:tiles4;6:cpu6:tiles4;7:cpu7:tiles4","NA",static,0,"NA","NA","/home/bananapi/MAT/kernels riscv rvv 1.0/FINAL/riscv-rvv-ime-gemm-microkernels-updated/HETEROGENEOUS_RVV_IME_OPENMP_GEMM/results/openmp_results_k1-rvv_1024_20260904_054843/raw_logs/GEMM_RVV_FP32_INT8_8x8_Baseline_RVV_IGEMM_INT8_I8I32_8x8_igemm_kernel_8x8_zvl256b_lmul2_unroll1_i8i32_run1.log",NA,NA,NA,NA,NA,NA,NA
2026-09-04T06:27:54,k1-rvv,"GEMM_RVV_FP32_INT8_8x8_Baseline","RVV_IGEMM_INT8_I8I32_8x8","igemm_kernel_8x8_zvl256b_lmul2_unroll1_i8i32",8x8,256b,2,1,INT8_RVV,0-7,8,8,1024,1024,1024,32,2,OK,0,NONE,0.559895042,GOPS,3.835511,parallel_tiles_including_required_packing,DISABLED,0,0,"0:cpu0:tiles4;1:cpu1:tiles4;2:cpu2:tiles4;3:cpu3:tiles4;4:cpu4:tiles4;5:cpu5:tiles4;6:cpu6:tiles4;7:cpu7:tiles4","NA",static,0,"NA","NA","/home/bananapi/MAT/kernels riscv rvv 1.0/FINAL/riscv-rvv-ime-gemm-microkernels-updated/HETEROGENEOUS_RVV_IME_OPENMP_GEMM/results/openmp_results_k1-rvv_1024_20260904_054843/raw_logs/GEMM_RVV_FP32_INT8_8x8_Baseline_RVV_IGEMM_INT8_I8I32_8x8_igemm_kernel_8x8_zvl256b_lmul2_unroll1_i8i32_run2.log",NA,NA,NA,NA,NA,NA,NA
2026-09-04T06:27:55,k1-rvv,"GEMM_RVV_FP32_INT8_8x8_Baseline","RVV_IGEMM_INT8_I8I32_8x8","igemm_kernel_8x8_zvl256b_lmul2_unroll1_i8i32",8x8,256b,2,1,INT8_RVV,0-7,8,8,1024,1024,1024,32,3,OK,0,NONE,0.554245837,GOPS,3.874605,parallel_tiles_including_required_packing,DISABLED,0,0,"0:cpu0:tiles4;1:cpu1:tiles4;2:cpu2:tiles4;3:cpu3:tiles4;4:cpu4:tiles4;5:cpu5:tiles4;6:cpu6:tiles4;7:cpu7:tiles4","NA",static,0,"NA","NA","/home/bananapi/MAT/kernels riscv rvv 1.0/FINAL/riscv-rvv-ime-gemm-microkernels-updated/HETEROGENEOUS_RVV_IME_OPENMP_GEMM/results/openmp_results_k1-rvv_1024_20260904_054843/raw_logs/GEMM_RVV_FP32_INT8_8x8_Baseline_RVV_IGEMM_INT8_I8I32_8x8_igemm_kernel_8x8_zvl256b_lmul2_unroll1_i8i32_run3.log",NA,NA,NA,NA,NA,NA,NA
2026-09-04T06:27:57,k1-rvv,"GEMM_RVV_FP32_INT8_8x8_Baseline","RVV_IGEMM_INT8_I8I32_8x8","igemm_kernel_8x8_zvl256b_lmul2_unroll1_i8i32",8x8,256b,2,1,INT8_RVV,0-7,8,8,1024,1024,1024,32,4,OK,0,NONE,0.560209878,GOPS,3.833356,parallel_tiles_including_required_packing,DISABLED,0,0,"0:cpu0:tiles4;1:cpu1:tiles4;2:cpu2:tiles4;3:cpu3:tiles4;4:cpu4:tiles4;5:cpu5:tiles4;6:cpu6:tiles4;7:cpu7:tiles4","NA",static,0,"NA","NA","/home/bananapi/MAT/kernels riscv rvv 1.0/FINAL/riscv-rvv-ime-gemm-microkernels-updated/HETEROGENEOUS_RVV_IME_OPENMP_GEMM/results/openmp_results_k1-rvv_1024_20260904_054843/raw_logs/GEMM_RVV_FP32_INT8_8x8_Baseline_RVV_IGEMM_INT8_I8I32_8x8_igemm_kernel_8x8_zvl256b_lmul2_unroll1_i8i32_run4.log",NA,NA,NA,NA,NA,NA,NA
2026-09-04T06:27:58,k1-rvv,"GEMM_RVV_FP32_INT8_8x8_Baseline","RVV_IGEMM_INT8_I8I32_8x8","igemm_kernel_8x8_zvl256b_lmul2_unroll1_i8i32",8x8,256b,2,1,INT8_RVV,0-7,8,8,1024,1024,1024,32,5,OK,0,NONE,0.552355878,GOPS,3.887862,parallel_tiles_including_required_packing,DISABLED,0,0,"0:cpu0:tiles4;1:cpu1:tiles4;2:cpu2:tiles4;3:cpu3:tiles4;4:cpu4:tiles4;5:cpu5:tiles4;6:cpu6:tiles4;7:cpu7:tiles4","NA",static,0,"NA","NA","/home/bananapi/MAT/kernels riscv rvv 1.0/FINAL/riscv-rvv-ime-gemm-microkernels-updated/HETEROGENEOUS_RVV_IME_OPENMP_GEMM/results/openmp_results_k1-rvv_1024_20260904_054843/raw_logs/GEMM_RVV_FP32_INT8_8x8_Baseline_RVV_IGEMM_INT8_I8I32_8x8_igemm_kernel_8x8_zvl256b_lmul2_unroll1_i8i32_run5.log",NA,NA,NA,NA,NA,NA,NA
2026-09-04T06:27:59,k1-rvv,"GEMM_RVV_FP32_INT8_8x8_Baseline","RVV_IGEMM_INT8_I8I32_8x8","igemm_kernel_8x8_zvl256b_lmul2_unroll1_i8i32",8x8,256b,2,1,INT8_RVV,0-7,8,8,1024,1024,1024,32,6,OK,0,NONE,0.552253164,GOPS,3.888586,parallel_tiles_including_required_packing,DISABLED,0,0,"0:cpu0:tiles4;1:cpu1:tiles4;2:cpu2:tiles4;3:cpu3:tiles4;4:cpu4:tiles4;5:cpu5:tiles4;6:cpu6:tiles4;7:cpu7:tiles4","NA",static,0,"NA","NA","/home/bananapi/MAT/kernels riscv rvv 1.0/FINAL/riscv-rvv-ime-gemm-microkernels-updated/HETEROGENEOUS_RVV_IME_OPENMP_GEMM/results/openmp_results_k1-rvv_1024_20260904_054843/raw_logs/GEMM_RVV_FP32_INT8_8x8_Baseline_RVV_IGEMM_INT8_I8I32_8x8_igemm_kernel_8x8_zvl256b_lmul2_unroll1_i8i32_run6.log",NA,NA,NA,NA,NA,NA,NA
2026-09-04T06:28:38,k1-rvv,"GEMM_RVV_FP32_INT8_8x8_Baseline","RVV_IGEMM_INT8_I8I32_8x8","igemm_kernel_8x8_zvl256b_lmul2_unroll2_i8i32",8x8,256b,2,2,INT8_RVV,0-7,8,8,1024,1024,1024,32,1,OK,0,NONE,0.551864084,GOPS,3.891327,parallel_tiles_including_required_packing,INDEPENDENT_INT64_REFERENCE_EXACT_INT32,0,0,"0:cpu0:tiles4;1:cpu1:tiles4;2:cpu2:tiles4;3:cpu3:tiles4;4:cpu4:tiles4;5:cpu5:tiles4;6:cpu6:tiles4;7:cpu7:tiles4","NA",static,0,"NA","NA","/home/bananapi/MAT/kernels riscv rvv 1.0/FINAL/riscv-rvv-ime-gemm-microkernels-updated/HETEROGENEOUS_RVV_IME_OPENMP_GEMM/results/openmp_results_k1-rvv_1024_20260904_054843/raw_logs/GEMM_RVV_FP32_INT8_8x8_Baseline_RVV_IGEMM_INT8_I8I32_8x8_igemm_kernel_8x8_zvl256b_lmul2_unroll2_i8i32_run1.log",NA,NA,NA,NA,NA,NA,NA
2026-09-04T06:28:40,k1-rvv,"GEMM_RVV_FP32_INT8_8x8_Baseline","RVV_IGEMM_INT8_I8I32_8x8","igemm_kernel_8x8_zvl256b_lmul2_unroll2_i8i32",8x8,256b,2,2,INT8_RVV,0-7,8,8,1024,1024,1024,32,2,OK,0,NONE,0.545324210,GOPS,3.937994,parallel_tiles_including_required_packing,DISABLED,0,0,"0:cpu0:tiles4;1:cpu1:tiles4;2:cpu2:tiles4;3:cpu3:tiles4;4:cpu4:tiles4;5:cpu5:tiles4;6:cpu6:tiles4;7:cpu7:tiles4","NA",static,0,"NA","NA","/home/bananapi/MAT/kernels riscv rvv 1.0/FINAL/riscv-rvv-ime-gemm-microkernels-updated/HETEROGENEOUS_RVV_IME_OPENMP_GEMM/results/openmp_results_k1-rvv_1024_20260904_054843/raw_logs/GEMM_RVV_FP32_INT8_8x8_Baseline_RVV_IGEMM_INT8_I8I32_8x8_igemm_kernel_8x8_zvl256b_lmul2_unroll2_i8i32_run2.log",NA,NA,NA,NA,NA,NA,NA
2026-09-04T06:28:41,k1-rvv,"GEMM_RVV_FP32_INT8_8x8_Baseline","RVV_IGEMM_INT8_I8I32_8x8","igemm_kernel_8x8_zvl256b_lmul2_unroll2_i8i32",8x8,256b,2,2,INT8_RVV,0-7,8,8,1024,1024,1024,32,3,OK,0,NONE,0.546908710,GOPS,3.926585,parallel_tiles_including_required_packing,DISABLED,0,0,"0:cpu0:tiles4;1:cpu1:tiles4;2:cpu2:tiles4;3:cpu3:tiles4;4:cpu4:tiles4;5:cpu5:tiles4;6:cpu6:tiles4;7:cpu7:tiles4","NA",static,0,"NA","NA","/home/bananapi/MAT/kernels riscv rvv 1.0/FINAL/riscv-rvv-ime-gemm-microkernels-updated/HETEROGENEOUS_RVV_IME_OPENMP_GEMM/results/openmp_results_k1-rvv_1024_20260904_054843/raw_logs/GEMM_RVV_FP32_INT8_8x8_Baseline_RVV_IGEMM_INT8_I8I32_8x8_igemm_kernel_8x8_zvl256b_lmul2_unroll2_i8i32_run3.log",NA,NA,NA,NA,NA,NA,NA
2026-09-04T06:28:42,k1-rvv,"GEMM_RVV_FP32_INT8_8x8_Baseline","RVV_IGEMM_INT8_I8I32_8x8","igemm_kernel_8x8_zvl256b_lmul2_unroll2_i8i32",8x8,256b,2,2,INT8_RVV,0-7,8,8,1024,1024,1024,32,4,OK,0,NONE,0.548304461,GOPS,3.916590,parallel_tiles_including_required_packing,DISABLED,0,0,"0:cpu0:tiles4;1:cpu1:tiles4;2:cpu2:tiles4;3:cpu3:tiles4;4:cpu4:tiles4;5:cpu5:tiles4;6:cpu6:tiles4;7:cpu7:tiles4","NA",static,0,"NA","NA","/home/bananapi/MAT/kernels riscv rvv 1.0/FINAL/riscv-rvv-ime-gemm-microkernels-updated/HETEROGENEOUS_RVV_IME_OPENMP_GEMM/results/openmp_results_k1-rvv_1024_20260904_054843/raw_logs/GEMM_RVV_FP32_INT8_8x8_Baseline_RVV_IGEMM_INT8_I8I32_8x8_igemm_kernel_8x8_zvl256b_lmul2_unroll2_i8i32_run4.log",NA,NA,NA,NA,NA,NA,NA
2026-09-04T06:28:44,k1-rvv,"GEMM_RVV_FP32_INT8_8x8_Baseline","RVV_IGEMM_INT8_I8I32_8x8","igemm_kernel_8x8_zvl256b_lmul2_unroll2_i8i32",8x8,256b,2,2,INT8_RVV,0-7,8,8,1024,1024,1024,32,5,OK,0,NONE,0.544422958,GOPS,3.944513,parallel_tiles_including_required_packing,DISABLED,0,0,"0:cpu0:tiles4;1:cpu1:tiles4;2:cpu2:tiles4;3:cpu3:tiles4;4:cpu4:tiles4;5:cpu5:tiles4;6:cpu6:tiles4;7:cpu7:tiles4","NA",static,0,"NA","NA","/home/bananapi/MAT/kernels riscv rvv 1.0/FINAL/riscv-rvv-ime-gemm-microkernels-updated/HETEROGENEOUS_RVV_IME_OPENMP_GEMM/results/openmp_results_k1-rvv_1024_20260904_054843/raw_logs/GEMM_RVV_FP32_INT8_8x8_Baseline_RVV_IGEMM_INT8_I8I32_8x8_igemm_kernel_8x8_zvl256b_lmul2_unroll2_i8i32_run5.log",NA,NA,NA,NA,NA,NA,NA
2026-09-04T06:28:45,k1-rvv,"GEMM_RVV_FP32_INT8_8x8_Baseline","RVV_IGEMM_INT8_I8I32_8x8","igemm_kernel_8x8_zvl256b_lmul2_unroll2_i8i32",8x8,256b,2,2,INT8_RVV,0-7,8,8,1024,1024,1024,32,6,OK,0,NONE,0.546755500,GOPS,3.927685,parallel_tiles_including_required_packing,DISABLED,0,0,"0:cpu0:tiles4;1:cpu1:tiles4;2:cpu2:tiles4;3:cpu3:tiles4;4:cpu4:tiles4;5:cpu5:tiles4;6:cpu6:tiles4;7:cpu7:tiles4","NA",static,0,"NA","NA","/home/bananapi/MAT/kernels riscv rvv 1.0/FINAL/riscv-rvv-ime-gemm-microkernels-updated/HETEROGENEOUS_RVV_IME_OPENMP_GEMM/results/openmp_results_k1-rvv_1024_20260904_054843/raw_logs/GEMM_RVV_FP32_INT8_8x8_Baseline_RVV_IGEMM_INT8_I8I32_8x8_igemm_kernel_8x8_zvl256b_lmul2_unroll2_i8i32_run6.log",NA,NA,NA,NA,NA,NA,NA
2026-09-04T06:29:25,k1-rvv,"GEMM_RVV_FP32_INT8_8x8_Baseline","RVV_IGEMM_INT8_I8I32_8x8","igemm_kernel_8x8_zvl256b_lmul2_unroll4_i8i32",8x8,256b,2,4,INT8_RVV,0-7,8,8,1024,1024,1024,32,1,OK,0,NONE,0.637866832,GOPS,3.366665,parallel_tiles_including_required_packing,INDEPENDENT_INT64_REFERENCE_EXACT_INT32,0,0,"0:cpu0:tiles4;1:cpu1:tiles4;2:cpu2:tiles4;3:cpu3:tiles4;4:cpu4:tiles4;5:cpu5:tiles4;6:cpu6:tiles4;7:cpu7:tiles4","NA",static,0,"NA","NA","/home/bananapi/MAT/kernels riscv rvv 1.0/FINAL/riscv-rvv-ime-gemm-microkernels-updated/HETEROGENEOUS_RVV_IME_OPENMP_GEMM/results/openmp_results_k1-rvv_1024_20260904_054843/raw_logs/GEMM_RVV_FP32_INT8_8x8_Baseline_RVV_IGEMM_INT8_I8I32_8x8_igemm_kernel_8x8_zvl256b_lmul2_unroll4_i8i32_run1.log",NA,NA,NA,NA,NA,NA,NA
2026-09-04T06:29:27,k1-rvv,"GEMM_RVV_FP32_INT8_8x8_Baseline","RVV_IGEMM_INT8_I8I32_8x8","igemm_kernel_8x8_zvl256b_lmul2_unroll4_i8i32",8x8,256b,2,4,INT8_RVV,0-7,8,8,1024,1024,1024,32,2,OK,0,NONE,0.645583209,GOPS,3.326424,parallel_tiles_including_required_packing,DISABLED,0,0,"0:cpu0:tiles4;1:cpu1:tiles4;2:cpu2:tiles4;3:cpu3:tiles4;4:cpu4:tiles4;5:cpu5:tiles4;6:cpu6:tiles4;7:cpu7:tiles4","NA",static,0,"NA","NA","/home/bananapi/MAT/kernels riscv rvv 1.0/FINAL/riscv-rvv-ime-gemm-microkernels-updated/HETEROGENEOUS_RVV_IME_OPENMP_GEMM/results/openmp_results_k1-rvv_1024_20260904_054843/raw_logs/GEMM_RVV_FP32_INT8_8x8_Baseline_RVV_IGEMM_INT8_I8I32_8x8_igemm_kernel_8x8_zvl256b_lmul2_unroll4_i8i32_run2.log",NA,NA,NA,NA,NA,NA,NA
2026-09-04T06:29:28,k1-rvv,"GEMM_RVV_FP32_INT8_8x8_Baseline","RVV_IGEMM_INT8_I8I32_8x8","igemm_kernel_8x8_zvl256b_lmul2_unroll4_i8i32",8x8,256b,2,4,INT8_RVV,0-7,8,8,1024,1024,1024,32,3,OK,0,NONE,0.632659748,GOPS,3.394374,parallel_tiles_including_required_packing,DISABLED,0,0,"0:cpu0:tiles4;1:cpu1:tiles4;2:cpu2:tiles4;3:cpu3:tiles4;4:cpu4:tiles4;5:cpu5:tiles4;6:cpu6:tiles4;7:cpu7:tiles4","NA",static,0,"NA","NA","/home/bananapi/MAT/kernels riscv rvv 1.0/FINAL/riscv-rvv-ime-gemm-microkernels-updated/HETEROGENEOUS_RVV_IME_OPENMP_GEMM/results/openmp_results_k1-rvv_1024_20260904_054843/raw_logs/GEMM_RVV_FP32_INT8_8x8_Baseline_RVV_IGEMM_INT8_I8I32_8x8_igemm_kernel_8x8_zvl256b_lmul2_unroll4_i8i32_run3.log",NA,NA,NA,NA,NA,NA,NA
2026-09-04T06:29:30,k1-rvv,"GEMM_RVV_FP32_INT8_8x8_Baseline","RVV_IGEMM_INT8_I8I32_8x8","igemm_kernel_8x8_zvl256b_lmul2_unroll4_i8i32",8x8,256b,2,4,INT8_RVV,0-7,8,8,1024,1024,1024,32,4,OK,0,NONE,0.633982915,GOPS,3.387289,parallel_tiles_including_required_packing,DISABLED,0,0,"0:cpu0:tiles4;1:cpu1:tiles4;2:cpu2:tiles4;3:cpu3:tiles4;4:cpu4:tiles4;5:cpu5:tiles4;6:cpu6:tiles4;7:cpu7:tiles4","NA",static,0,"NA","NA","/home/bananapi/MAT/kernels riscv rvv 1.0/FINAL/riscv-rvv-ime-gemm-microkernels-updated/HETEROGENEOUS_RVV_IME_OPENMP_GEMM/results/openmp_results_k1-rvv_1024_20260904_054843/raw_logs/GEMM_RVV_FP32_INT8_8x8_Baseline_RVV_IGEMM_INT8_I8I32_8x8_igemm_kernel_8x8_zvl256b_lmul2_unroll4_i8i32_run4.log",NA,NA,NA,NA,NA,NA,NA
2026-09-04T06:29:32,k1-rvv,"GEMM_RVV_FP32_INT8_8x8_Baseline","RVV_IGEMM_INT8_I8I32_8x8","igemm_kernel_8x8_zvl256b_lmul2_unroll4_i8i32",8x8,256b,2,4,INT8_RVV,0-7,8,8,1024,1024,1024,32,5,OK,0,NONE,0.631319668,GOPS,3.401579,parallel_tiles_including_required_packing,DISABLED,0,0,"0:cpu0:tiles4;1:cpu1:tiles4;2:cpu2:tiles4;3:cpu3:tiles4;4:cpu4:tiles4;5:cpu5:tiles4;6:cpu6:tiles4;7:cpu7:tiles4","NA",static,0,"NA","NA","/home/bananapi/MAT/kernels riscv rvv 1.0/FINAL/riscv-rvv-ime-gemm-microkernels-updated/HETEROGENEOUS_RVV_IME_OPENMP_GEMM/results/openmp_results_k1-rvv_1024_20260904_054843/raw_logs/GEMM_RVV_FP32_INT8_8x8_Baseline_RVV_IGEMM_INT8_I8I32_8x8_igemm_kernel_8x8_zvl256b_lmul2_unroll4_i8i32_run5.log",NA,NA,NA,NA,NA,NA,NA
2026-09-04T06:29:33,k1-rvv,"GEMM_RVV_FP32_INT8_8x8_Baseline","RVV_IGEMM_INT8_I8I32_8x8","igemm_kernel_8x8_zvl256b_lmul2_unroll4_i8i32",8x8,256b,2,4,INT8_RVV,0-7,8,8,1024,1024,1024,32,6,OK,0,NONE,0.637591418,GOPS,3.368119,parallel_tiles_including_required_packing,DISABLED,0,0,"0:cpu0:tiles4;1:cpu1:tiles4;2:cpu2:tiles4;3:cpu3:tiles4;4:cpu4:tiles4;5:cpu5:tiles4;6:cpu6:tiles4;7:cpu7:tiles4","NA",static,0,"NA","NA","/home/bananapi/MAT/kernels riscv rvv 1.0/FINAL/riscv-rvv-ime-gemm-microkernels-updated/HETEROGENEOUS_RVV_IME_OPENMP_GEMM/results/openmp_results_k1-rvv_1024_20260904_054843/raw_logs/GEMM_RVV_FP32_INT8_8x8_Baseline_RVV_IGEMM_INT8_I8I32_8x8_igemm_kernel_8x8_zvl256b_lmul2_unroll4_i8i32_run6.log",NA,NA,NA,NA,NA,NA,NA
2026-09-04T06:30:15,k1-rvv,"GEMM_RVV_FP32_INT8_8x8_Baseline","RVV_IGEMM_INT8_I8I32_8x8","igemm_kernel_8x8_zvl256b_lmul2_unroll8_i8i32",8x8,256b,2,8,INT8_RVV,0-7,8,8,1024,1024,1024,32,1,OK,0,NONE,0.526703626,GOPS,4.077214,parallel_tiles_including_required_packing,INDEPENDENT_INT64_REFERENCE_EXACT_INT32,0,0,"0:cpu0:tiles4;1:cpu1:tiles4;2:cpu2:tiles4;3:cpu3:tiles4;4:cpu4:tiles4;5:cpu5:tiles4;6:cpu6:tiles4;7:cpu7:tiles4","NA",static,0,"NA","NA","/home/bananapi/MAT/kernels riscv rvv 1.0/FINAL/riscv-rvv-ime-gemm-microkernels-updated/HETEROGENEOUS_RVV_IME_OPENMP_GEMM/results/openmp_results_k1-rvv_1024_20260904_054843/raw_logs/GEMM_RVV_FP32_INT8_8x8_Baseline_RVV_IGEMM_INT8_I8I32_8x8_igemm_kernel_8x8_zvl256b_lmul2_unroll8_i8i32_run1.log",NA,NA,NA,NA,NA,NA,NA
2026-09-04T06:30:16,k1-rvv,"GEMM_RVV_FP32_INT8_8x8_Baseline","RVV_IGEMM_INT8_I8I32_8x8","igemm_kernel_8x8_zvl256b_lmul2_unroll8_i8i32",8x8,256b,2,8,INT8_RVV,0-7,8,8,1024,1024,1024,32,2,OK,0,NONE,0.527387667,GOPS,4.071926,parallel_tiles_including_required_packing,DISABLED,0,0,"0:cpu0:tiles4;1:cpu1:tiles4;2:cpu2:tiles4;3:cpu3:tiles4;4:cpu4:tiles4;5:cpu5:tiles4;6:cpu6:tiles4;7:cpu7:tiles4","NA",static,0,"NA","NA","/home/bananapi/MAT/kernels riscv rvv 1.0/FINAL/riscv-rvv-ime-gemm-microkernels-updated/HETEROGENEOUS_RVV_IME_OPENMP_GEMM/results/openmp_results_k1-rvv_1024_20260904_054843/raw_logs/GEMM_RVV_FP32_INT8_8x8_Baseline_RVV_IGEMM_INT8_I8I32_8x8_igemm_kernel_8x8_zvl256b_lmul2_unroll8_i8i32_run2.log",NA,NA,NA,NA,NA,NA,NA
2026-09-04T06:30:17,k1-rvv,"GEMM_RVV_FP32_INT8_8x8_Baseline","RVV_IGEMM_INT8_I8I32_8x8","igemm_kernel_8x8_zvl256b_lmul2_unroll8_i8i32",8x8,256b,2,8,INT8_RVV,0-7,8,8,1024,1024,1024,32,3,OK,0,NONE,0.531466998,GOPS,4.040672,parallel_tiles_including_required_packing,DISABLED,0,0,"0:cpu0:tiles4;1:cpu1:tiles4;2:cpu2:tiles4;3:cpu3:tiles4;4:cpu4:tiles4;5:cpu5:tiles4;6:cpu6:tiles4;7:cpu7:tiles4","NA",static,0,"NA","NA","/home/bananapi/MAT/kernels riscv rvv 1.0/FINAL/riscv-rvv-ime-gemm-microkernels-updated/HETEROGENEOUS_RVV_IME_OPENMP_GEMM/results/openmp_results_k1-rvv_1024_20260904_054843/raw_logs/GEMM_RVV_FP32_INT8_8x8_Baseline_RVV_IGEMM_INT8_I8I32_8x8_igemm_kernel_8x8_zvl256b_lmul2_unroll8_i8i32_run3.log",NA,NA,NA,NA,NA,NA,NA
2026-09-04T06:30:19,k1-rvv,"GEMM_RVV_FP32_INT8_8x8_Baseline","RVV_IGEMM_INT8_I8I32_8x8","igemm_kernel_8x8_zvl256b_lmul2_unroll8_i8i32",8x8,256b,2,8,INT8_RVV,0-7,8,8,1024,1024,1024,32,4,OK,0,NONE,0.524221126,GOPS,4.096523,parallel_tiles_including_required_packing,DISABLED,0,0,"0:cpu0:tiles4;1:cpu1:tiles4;2:cpu2:tiles4;3:cpu3:tiles4;4:cpu4:tiles4;5:cpu5:tiles4;6:cpu6:tiles4;7:cpu7:tiles4","NA",static,0,"NA","NA","/home/bananapi/MAT/kernels riscv rvv 1.0/FINAL/riscv-rvv-ime-gemm-microkernels-updated/HETEROGENEOUS_RVV_IME_OPENMP_GEMM/results/openmp_results_k1-rvv_1024_20260904_054843/raw_logs/GEMM_RVV_FP32_INT8_8x8_Baseline_RVV_IGEMM_INT8_I8I32_8x8_igemm_kernel_8x8_zvl256b_lmul2_unroll8_i8i32_run4.log",NA,NA,NA,NA,NA,NA,NA
2026-09-04T06:30:20,k1-rvv,"GEMM_RVV_FP32_INT8_8x8_Baseline","RVV_IGEMM_INT8_I8I32_8x8","igemm_kernel_8x8_zvl256b_lmul2_unroll8_i8i32",8x8,256b,2,8,INT8_RVV,0-7,8,8,1024,1024,1024,32,5,OK,0,NONE,0.527340665,GOPS,4.072289,parallel_tiles_including_required_packing,DISABLED,0,0,"0:cpu0:tiles4;1:cpu1:tiles4;2:cpu2:tiles4;3:cpu3:tiles4;4:cpu4:tiles4;5:cpu5:tiles4;6:cpu6:tiles4;7:cpu7:tiles4","NA",static,0,"NA","NA","/home/bananapi/MAT/kernels riscv rvv 1.0/FINAL/riscv-rvv-ime-gemm-microkernels-updated/HETEROGENEOUS_RVV_IME_OPENMP_GEMM/results/openmp_results_k1-rvv_1024_20260904_054843/raw_logs/GEMM_RVV_FP32_INT8_8x8_Baseline_RVV_IGEMM_INT8_I8I32_8x8_igemm_kernel_8x8_zvl256b_lmul2_unroll8_i8i32_run5.log",NA,NA,NA,NA,NA,NA,NA
2026-09-04T06:30:22,k1-rvv,"GEMM_RVV_FP32_INT8_8x8_Baseline","RVV_IGEMM_INT8_I8I32_8x8","igemm_kernel_8x8_zvl256b_lmul2_unroll8_i8i32",8x8,256b,2,8,INT8_RVV,0-7,8,8,1024,1024,1024,32,6,OK,0,NONE,0.533920500,GOPS,4.022104,parallel_tiles_including_required_packing,DISABLED,0,0,"0:cpu0:tiles4;1:cpu1:tiles4;2:cpu2:tiles4;3:cpu3:tiles4;4:cpu4:tiles4;5:cpu5:tiles4;6:cpu6:tiles4;7:cpu7:tiles4","NA",static,0,"NA","NA","/home/bananapi/MAT/kernels riscv rvv 1.0/FINAL/riscv-rvv-ime-gemm-microkernels-updated/HETEROGENEOUS_RVV_IME_OPENMP_GEMM/results/openmp_results_k1-rvv_1024_20260904_054843/raw_logs/GEMM_RVV_FP32_INT8_8x8_Baseline_RVV_IGEMM_INT8_I8I32_8x8_igemm_kernel_8x8_zvl256b_lmul2_unroll8_i8i32_run6.log",NA,NA,NA,NA,NA,NA,NA
2026-09-04T06:31:00,k1-rvv,"GEMM_RVV_FP32_INT8_8x8_Baseline","RVV_IGEMM_INT8_I8I32_8x8","igemm_kernel_8x8_zvl256b_lmulmf2_unroll1_i8i32",8x8,256b,mf2,1,INT8_RVV,0-7,8,8,1024,1024,1024,32,1,OK,0,NONE,0.096612122,GOPS,22.227890,parallel_tiles_including_required_packing,INDEPENDENT_INT64_REFERENCE_EXACT_INT32,0,0,"0:cpu0:tiles4;1:cpu1:tiles4;2:cpu2:tiles4;3:cpu3:tiles4;4:cpu4:tiles4;5:cpu5:tiles4;6:cpu6:tiles4;7:cpu7:tiles4","NA",static,0,"NA","NA","/home/bananapi/MAT/kernels riscv rvv 1.0/FINAL/riscv-rvv-ime-gemm-microkernels-updated/HETEROGENEOUS_RVV_IME_OPENMP_GEMM/results/openmp_results_k1-rvv_1024_20260904_054843/raw_logs/GEMM_RVV_FP32_INT8_8x8_Baseline_RVV_IGEMM_INT8_I8I32_8x8_igemm_kernel_8x8_zvl256b_lmulmf2_unroll1_i8i32_run1.log",NA,NA,NA,NA,NA,NA,NA
2026-09-04T06:31:01,k1-rvv,"GEMM_RVV_FP32_INT8_8x8_Baseline","RVV_IGEMM_INT8_I8I32_8x8","igemm_kernel_8x8_zvl256b_lmulmf2_unroll1_i8i32",8x8,256b,mf2,1,INT8_RVV,0-7,8,8,1024,1024,1024,32,2,OK,0,NONE,0.082379751,GOPS,26.068101,parallel_tiles_including_required_packing,DISABLED,0,0,"0:cpu0:tiles4;1:cpu1:tiles4;2:cpu2:tiles4;3:cpu3:tiles4;4:cpu4:tiles4;5:cpu5:tiles4;6:cpu6:tiles4;7:cpu7:tiles4","NA",static,0,"NA","NA","/home/bananapi/MAT/kernels riscv rvv 1.0/FINAL/riscv-rvv-ime-gemm-microkernels-updated/HETEROGENEOUS_RVV_IME_OPENMP_GEMM/results/openmp_results_k1-rvv_1024_20260904_054843/raw_logs/GEMM_RVV_FP32_INT8_8x8_Baseline_RVV_IGEMM_INT8_I8I32_8x8_igemm_kernel_8x8_zvl256b_lmulmf2_unroll1_i8i32_run2.log",NA,NA,NA,NA,NA,NA,NA
2026-09-04T06:31:01,k1-rvv,"GEMM_RVV_FP32_INT8_8x8_Baseline","RVV_IGEMM_INT8_I8I32_8x8","igemm_kernel_8x8_zvl256b_lmulmf2_unroll1_i8i32",8x8,256b,mf2,1,INT8_RVV,0-7,8,8,1024,1024,1024,32,3,OK,0,NONE,0.085964292,GOPS,24.981112,parallel_tiles_including_required_packing,DISABLED,0,0,"0:cpu0:tiles4;1:cpu1:tiles4;2:cpu2:tiles4;3:cpu3:tiles4;4:cpu4:tiles4;5:cpu5:tiles4;6:cpu6:tiles4;7:cpu7:tiles4","NA",static,0,"NA","NA","/home/bananapi/MAT/kernels riscv rvv 1.0/FINAL/riscv-rvv-ime-gemm-microkernels-updated/HETEROGENEOUS_RVV_IME_OPENMP_GEMM/results/openmp_results_k1-rvv_1024_20260904_054843/raw_logs/GEMM_RVV_FP32_INT8_8x8_Baseline_RVV_IGEMM_INT8_I8I32_8x8_igemm_kernel_8x8_zvl256b_lmulmf2_unroll1_i8i32_run3.log",NA,NA,NA,NA,NA,NA,NA
2026-09-04T06:31:01,k1-rvv,"GEMM_RVV_FP32_INT8_8x8_Baseline","RVV_IGEMM_INT8_I8I32_8x8","igemm_kernel_8x8_zvl256b_lmulmf2_unroll1_i8i32",8x8,256b,mf2,1,INT8_RVV,0-7,8,8,1024,1024,1024,32,4,OK,0,NONE,0.084608372,GOPS,25.381456,parallel_tiles_including_required_packing,DISABLED,0,0,"0:cpu0:tiles4;1:cpu1:tiles4;2:cpu2:tiles4;3:cpu3:tiles4;4:cpu4:tiles4;5:cpu5:tiles4;6:cpu6:tiles4;7:cpu7:tiles4","NA",static,0,"NA","NA","/home/bananapi/MAT/kernels riscv rvv 1.0/FINAL/riscv-rvv-ime-gemm-microkernels-updated/HETEROGENEOUS_RVV_IME_OPENMP_GEMM/results/openmp_results_k1-rvv_1024_20260904_054843/raw_logs/GEMM_RVV_FP32_INT8_8x8_Baseline_RVV_IGEMM_INT8_I8I32_8x8_igemm_kernel_8x8_zvl256b_lmulmf2_unroll1_i8i32_run4.log",NA,NA,NA,NA,NA,NA,NA
2026-09-04T06:31:02,k1-rvv,"GEMM_RVV_FP32_INT8_8x8_Baseline","RVV_IGEMM_INT8_I8I32_8x8","igemm_kernel_8x8_zvl256b_lmulmf2_unroll1_i8i32",8x8,256b,mf2,1,INT8_RVV,0-7,8,8,1024,1024,1024,32,5,OK,0,NONE,0.084868960,GOPS,25.303523,parallel_tiles_including_required_packing,DISABLED,0,0,"0:cpu0:tiles4;1:cpu1:tiles4;2:cpu2:tiles4;3:cpu3:tiles4;4:cpu4:tiles4;5:cpu5:tiles4;6:cpu6:tiles4;7:cpu7:tiles4","NA",static,0,"NA","NA","/home/bananapi/MAT/kernels riscv rvv 1.0/FINAL/riscv-rvv-ime-gemm-microkernels-updated/HETEROGENEOUS_RVV_IME_OPENMP_GEMM/results/openmp_results_k1-rvv_1024_20260904_054843/raw_logs/GEMM_RVV_FP32_INT8_8x8_Baseline_RVV_IGEMM_INT8_I8I32_8x8_igemm_kernel_8x8_zvl256b_lmulmf2_unroll1_i8i32_run5.log",NA,NA,NA,NA,NA,NA,NA
2026-09-04T06:31:02,k1-rvv,"GEMM_RVV_FP32_INT8_8x8_Baseline","RVV_IGEMM_INT8_I8I32_8x8","igemm_kernel_8x8_zvl256b_lmulmf2_unroll1_i8i32",8x8,256b,mf2,1,INT8_RVV,0-7,8,8,1024,1024,1024,32,6,OK,0,NONE,0.080387458,GOPS,26.714163,parallel_tiles_including_required_packing,DISABLED,0,0,"0:cpu0:tiles4;1:cpu1:tiles4;2:cpu2:tiles4;3:cpu3:tiles4;4:cpu4:tiles4;5:cpu5:tiles4;6:cpu6:tiles4;7:cpu7:tiles4","NA",static,0,"NA","NA","/home/bananapi/MAT/kernels riscv rvv 1.0/FINAL/riscv-rvv-ime-gemm-microkernels-updated/HETEROGENEOUS_RVV_IME_OPENMP_GEMM/results/openmp_results_k1-rvv_1024_20260904_054843/raw_logs/GEMM_RVV_FP32_INT8_8x8_Baseline_RVV_IGEMM_INT8_I8I32_8x8_igemm_kernel_8x8_zvl256b_lmulmf2_unroll1_i8i32_run6.log",NA,NA,NA,NA,NA,NA,NA
2026-09-04T06:31:33,k1-rvv,"GEMM_RVV_FP32_INT8_8x8_Baseline","RVV_IGEMM_INT8_I8I32_8x8","igemm_kernel_8x8_zvl256b_lmulmf2_unroll2_i8i32",8x8,256b,mf2,2,INT8_RVV,0-7,8,8,1024,1024,1024,32,1,OK,0,NONE,0.080717374,GOPS,26.604974,parallel_tiles_including_required_packing,INDEPENDENT_INT64_REFERENCE_EXACT_INT32,0,0,"0:cpu0:tiles4;1:cpu1:tiles4;2:cpu2:tiles4;3:cpu3:tiles4;4:cpu4:tiles4;5:cpu5:tiles4;6:cpu6:tiles4;7:cpu7:tiles4","NA",static,0,"NA","NA","/home/bananapi/MAT/kernels riscv rvv 1.0/FINAL/riscv-rvv-ime-gemm-microkernels-updated/HETEROGENEOUS_RVV_IME_OPENMP_GEMM/results/openmp_results_k1-rvv_1024_20260904_054843/raw_logs/GEMM_RVV_FP32_INT8_8x8_Baseline_RVV_IGEMM_INT8_I8I32_8x8_igemm_kernel_8x8_zvl256b_lmulmf2_unroll2_i8i32_run1.log",NA,NA,NA,NA,NA,NA,NA
2026-09-04T06:31:33,k1-rvv,"GEMM_RVV_FP32_INT8_8x8_Baseline","RVV_IGEMM_INT8_I8I32_8x8","igemm_kernel_8x8_zvl256b_lmulmf2_unroll2_i8i32",8x8,256b,mf2,2,INT8_RVV,0-7,8,8,1024,1024,1024,32,2,OK,0,NONE,0.078039706,GOPS,27.517834,parallel_tiles_including_required_packing,DISABLED,0,0,"0:cpu0:tiles4;1:cpu1:tiles4;2:cpu2:tiles4;3:cpu3:tiles4;4:cpu4:tiles4;5:cpu5:tiles4;6:cpu6:tiles4;7:cpu7:tiles4","NA",static,0,"NA","NA","/home/bananapi/MAT/kernels riscv rvv 1.0/FINAL/riscv-rvv-ime-gemm-microkernels-updated/HETEROGENEOUS_RVV_IME_OPENMP_GEMM/results/openmp_results_k1-rvv_1024_20260904_054843/raw_logs/GEMM_RVV_FP32_INT8_8x8_Baseline_RVV_IGEMM_INT8_I8I32_8x8_igemm_kernel_8x8_zvl256b_lmulmf2_unroll2_i8i32_run2.log",NA,NA,NA,NA,NA,NA,NA
2026-09-04T06:31:34,k1-rvv,"GEMM_RVV_FP32_INT8_8x8_Baseline","RVV_IGEMM_INT8_I8I32_8x8","igemm_kernel_8x8_zvl256b_lmulmf2_unroll2_i8i32",8x8,256b,mf2,2,INT8_RVV,0-7,8,8,1024,1024,1024,32,3,OK,0,NONE,0.077018876,GOPS,27.882563,parallel_tiles_including_required_packing,DISABLED,0,0,"0:cpu0:tiles4;1:cpu1:tiles4;2:cpu2:tiles4;3:cpu3:tiles4;4:cpu4:tiles4;5:cpu5:tiles4;6:cpu6:tiles4;7:cpu7:tiles4","NA",static,0,"NA","NA","/home/bananapi/MAT/kernels riscv rvv 1.0/FINAL/riscv-rvv-ime-gemm-microkernels-updated/HETEROGENEOUS_RVV_IME_OPENMP_GEMM/results/openmp_results_k1-rvv_1024_20260904_054843/raw_logs/GEMM_RVV_FP32_INT8_8x8_Baseline_RVV_IGEMM_INT8_I8I32_8x8_igemm_kernel_8x8_zvl256b_lmulmf2_unroll2_i8i32_run3.log",NA,NA,NA,NA,NA,NA,NA
2026-09-04T06:31:34,k1-rvv,"GEMM_RVV_FP32_INT8_8x8_Baseline","RVV_IGEMM_INT8_I8I32_8x8","igemm_kernel_8x8_zvl256b_lmulmf2_unroll2_i8i32",8x8,256b,mf2,2,INT8_RVV,0-7,8,8,1024,1024,1024,32,4,OK,0,NONE,0.078076541,GOPS,27.504851,parallel_tiles_including_required_packing,DISABLED,0,0,"0:cpu0:tiles4;1:cpu1:tiles4;2:cpu2:tiles4;3:cpu3:tiles4;4:cpu4:tiles4;5:cpu5:tiles4;6:cpu6:tiles4;7:cpu7:tiles4","NA",static,0,"NA","NA","/home/bananapi/MAT/kernels riscv rvv 1.0/FINAL/riscv-rvv-ime-gemm-microkernels-updated/HETEROGENEOUS_RVV_IME_OPENMP_GEMM/results/openmp_results_k1-rvv_1024_20260904_054843/raw_logs/GEMM_RVV_FP32_INT8_8x8_Baseline_RVV_IGEMM_INT8_I8I32_8x8_igemm_kernel_8x8_zvl256b_lmulmf2_unroll2_i8i32_run4.log",NA,NA,NA,NA,NA,NA,NA
2026-09-04T06:31:35,k1-rvv,"GEMM_RVV_FP32_INT8_8x8_Baseline","RVV_IGEMM_INT8_I8I32_8x8","igemm_kernel_8x8_zvl256b_lmulmf2_unroll2_i8i32",8x8,256b,mf2,2,INT8_RVV,0-7,8,8,1024,1024,1024,32,5,OK,0,NONE,0.081690833,GOPS,26.287939,parallel_tiles_including_required_packing,DISABLED,0,0,"0:cpu0:tiles4;1:cpu1:tiles4;2:cpu2:tiles4;3:cpu3:tiles4;4:cpu4:tiles4;5:cpu5:tiles4;6:cpu6:tiles4;7:cpu7:tiles4","NA",static,0,"NA","NA","/home/bananapi/MAT/kernels riscv rvv 1.0/FINAL/riscv-rvv-ime-gemm-microkernels-updated/HETEROGENEOUS_RVV_IME_OPENMP_GEMM/results/openmp_results_k1-rvv_1024_20260904_054843/raw_logs/GEMM_RVV_FP32_INT8_8x8_Baseline_RVV_IGEMM_INT8_I8I32_8x8_igemm_kernel_8x8_zvl256b_lmulmf2_unroll2_i8i32_run5.log",NA,NA,NA,NA,NA,NA,NA
2026-09-04T06:31:35,k1-rvv,"GEMM_RVV_FP32_INT8_8x8_Baseline","RVV_IGEMM_INT8_I8I32_8x8","igemm_kernel_8x8_zvl256b_lmulmf2_unroll2_i8i32",8x8,256b,mf2,2,INT8_RVV,0-7,8,8,1024,1024,1024,32,6,OK,0,NONE,0.078062292,GOPS,27.509872,parallel_tiles_including_required_packing,DISABLED,0,0,"0:cpu0:tiles4;1:cpu1:tiles4;2:cpu2:tiles4;3:cpu3:tiles4;4:cpu4:tiles4;5:cpu5:tiles4;6:cpu6:tiles4;7:cpu7:tiles4","NA",static,0,"NA","NA","/home/bananapi/MAT/kernels riscv rvv 1.0/FINAL/riscv-rvv-ime-gemm-microkernels-updated/HETEROGENEOUS_RVV_IME_OPENMP_GEMM/results/openmp_results_k1-rvv_1024_20260904_054843/raw_logs/GEMM_RVV_FP32_INT8_8x8_Baseline_RVV_IGEMM_INT8_I8I32_8x8_igemm_kernel_8x8_zvl256b_lmulmf2_unroll2_i8i32_run6.log",NA,NA,NA,NA,NA,NA,NA
2026-09-04T06:32:14,k1-rvv,"GEMM_RVV_FP32_INT8_8x8_Baseline","RVV_IGEMM_INT8_I8I32_8x8","igemm_kernel_8x8_zvl256b_lmulmf2_unroll4_i8i32",8x8,256b,mf2,4,INT8_RVV,0-7,8,8,1024,1024,1024,32,1,OK,0,NONE,0.076684374,GOPS,28.004188,parallel_tiles_including_required_packing,INDEPENDENT_INT64_REFERENCE_EXACT_INT32,0,0,"0:cpu0:tiles4;1:cpu1:tiles4;2:cpu2:tiles4;3:cpu3:tiles4;4:cpu4:tiles4;5:cpu5:tiles4;6:cpu6:tiles4;7:cpu7:tiles4","NA",static,0,"NA","NA","/home/bananapi/MAT/kernels riscv rvv 1.0/FINAL/riscv-rvv-ime-gemm-microkernels-updated/HETEROGENEOUS_RVV_IME_OPENMP_GEMM/results/openmp_results_k1-rvv_1024_20260904_054843/raw_logs/GEMM_RVV_FP32_INT8_8x8_Baseline_RVV_IGEMM_INT8_I8I32_8x8_igemm_kernel_8x8_zvl256b_lmulmf2_unroll4_i8i32_run1.log",NA,NA,NA,NA,NA,NA,NA
2026-09-04T06:32:15,k1-rvv,"GEMM_RVV_FP32_INT8_8x8_Baseline","RVV_IGEMM_INT8_I8I32_8x8","igemm_kernel_8x8_zvl256b_lmulmf2_unroll4_i8i32",8x8,256b,mf2,4,INT8_RVV,0-7,8,8,1024,1024,1024,32,2,OK,0,NONE,0.078948293,GOPS,27.201141,parallel_tiles_including_required_packing,DISABLED,0,0,"0:cpu0:tiles4;1:cpu1:tiles4;2:cpu2:tiles4;3:cpu3:tiles4;4:cpu4:tiles4;5:cpu5:tiles4;6:cpu6:tiles4;7:cpu7:tiles4","NA",static,0,"NA","NA","/home/bananapi/MAT/kernels riscv rvv 1.0/FINAL/riscv-rvv-ime-gemm-microkernels-updated/HETEROGENEOUS_RVV_IME_OPENMP_GEMM/results/openmp_results_k1-rvv_1024_20260904_054843/raw_logs/GEMM_RVV_FP32_INT8_8x8_Baseline_RVV_IGEMM_INT8_I8I32_8x8_igemm_kernel_8x8_zvl256b_lmulmf2_unroll4_i8i32_run2.log",NA,NA,NA,NA,NA,NA,NA
2026-09-04T06:32:15,k1-rvv,"GEMM_RVV_FP32_INT8_8x8_Baseline","RVV_IGEMM_INT8_I8I32_8x8","igemm_kernel_8x8_zvl256b_lmulmf2_unroll4_i8i32",8x8,256b,mf2,4,INT8_RVV,0-7,8,8,1024,1024,1024,32,3,OK,0,NONE,0.079502668,GOPS,27.011466,parallel_tiles_including_required_packing,DISABLED,0,0,"0:cpu0:tiles4;1:cpu1:tiles4;2:cpu2:tiles4;3:cpu3:tiles4;4:cpu4:tiles4;5:cpu5:tiles4;6:cpu6:tiles4;7:cpu7:tiles4","NA",static,0,"NA","NA","/home/bananapi/MAT/kernels riscv rvv 1.0/FINAL/riscv-rvv-ime-gemm-microkernels-updated/HETEROGENEOUS_RVV_IME_OPENMP_GEMM/results/openmp_results_k1-rvv_1024_20260904_054843/raw_logs/GEMM_RVV_FP32_INT8_8x8_Baseline_RVV_IGEMM_INT8_I8I32_8x8_igemm_kernel_8x8_zvl256b_lmulmf2_unroll4_i8i32_run3.log",NA,NA,NA,NA,NA,NA,NA
2026-09-04T06:32:16,k1-rvv,"GEMM_RVV_FP32_INT8_8x8_Baseline","RVV_IGEMM_INT8_I8I32_8x8","igemm_kernel_8x8_zvl256b_lmulmf2_unroll4_i8i32",8x8,256b,mf2,4,INT8_RVV,0-7,8,8,1024,1024,1024,32,4,OK,0,NONE,0.076306876,GOPS,28.142728,parallel_tiles_including_required_packing,DISABLED,0,0,"0:cpu0:tiles4;1:cpu1:tiles4;2:cpu2:tiles4;3:cpu3:tiles4;4:cpu4:tiles4;5:cpu5:tiles4;6:cpu6:tiles4;7:cpu7:tiles4","NA",static,0,"NA","NA","/home/bananapi/MAT/kernels riscv rvv 1.0/FINAL/riscv-rvv-ime-gemm-microkernels-updated/HETEROGENEOUS_RVV_IME_OPENMP_GEMM/results/openmp_results_k1-rvv_1024_20260904_054843/raw_logs/GEMM_RVV_FP32_INT8_8x8_Baseline_RVV_IGEMM_INT8_I8I32_8x8_igemm_kernel_8x8_zvl256b_lmulmf2_unroll4_i8i32_run4.log",NA,NA,NA,NA,NA,NA,NA
2026-09-04T06:32:16,k1-rvv,"GEMM_RVV_FP32_INT8_8x8_Baseline","RVV_IGEMM_INT8_I8I32_8x8","igemm_kernel_8x8_zvl256b_lmulmf2_unroll4_i8i32",8x8,256b,mf2,4,INT8_RVV,0-7,8,8,1024,1024,1024,32,5,OK,0,NONE,0.077069249,GOPS,27.864339,parallel_tiles_including_required_packing,DISABLED,0,0,"0:cpu0:tiles4;1:cpu1:tiles4;2:cpu2:tiles4;3:cpu3:tiles4;4:cpu4:tiles4;5:cpu5:tiles4;6:cpu6:tiles4;7:cpu7:tiles4","NA",static,0,"NA","NA","/home/bananapi/MAT/kernels riscv rvv 1.0/FINAL/riscv-rvv-ime-gemm-microkernels-updated/HETEROGENEOUS_RVV_IME_OPENMP_GEMM/results/openmp_results_k1-rvv_1024_20260904_054843/raw_logs/GEMM_RVV_FP32_INT8_8x8_Baseline_RVV_IGEMM_INT8_I8I32_8x8_igemm_kernel_8x8_zvl256b_lmulmf2_unroll4_i8i32_run5.log",NA,NA,NA,NA,NA,NA,NA
2026-09-04T06:32:17,k1-rvv,"GEMM_RVV_FP32_INT8_8x8_Baseline","RVV_IGEMM_INT8_I8I32_8x8","igemm_kernel_8x8_zvl256b_lmulmf2_unroll4_i8i32",8x8,256b,mf2,4,INT8_RVV,0-7,8,8,1024,1024,1024,32,6,OK,0,NONE,0.075824168,GOPS,28.321889,parallel_tiles_including_required_packing,DISABLED,0,0,"0:cpu0:tiles4;1:cpu1:tiles4;2:cpu2:tiles4;3:cpu3:tiles4;4:cpu4:tiles4;5:cpu5:tiles4;6:cpu6:tiles4;7:cpu7:tiles4","NA",static,0,"NA","NA","/home/bananapi/MAT/kernels riscv rvv 1.0/FINAL/riscv-rvv-ime-gemm-microkernels-updated/HETEROGENEOUS_RVV_IME_OPENMP_GEMM/results/openmp_results_k1-rvv_1024_20260904_054843/raw_logs/GEMM_RVV_FP32_INT8_8x8_Baseline_RVV_IGEMM_INT8_I8I32_8x8_igemm_kernel_8x8_zvl256b_lmulmf2_unroll4_i8i32_run6.log",NA,NA,NA,NA,NA,NA,NA
2026-09-04T06:32:56,k1-rvv,"GEMM_RVV_FP32_INT8_8x8_Baseline","RVV_IGEMM_INT8_I8I32_8x8","igemm_kernel_8x8_zvl256b_lmulmf2_unroll8_i8i32",8x8,256b,mf2,8,INT8_RVV,0-7,8,8,1024,1024,1024,32,1,OK,0,NONE,0.080739710,GOPS,26.597614,parallel_tiles_including_required_packing,INDEPENDENT_INT64_REFERENCE_EXACT_INT32,0,0,"0:cpu0:tiles4;1:cpu1:tiles4;2:cpu2:tiles4;3:cpu3:tiles4;4:cpu4:tiles4;5:cpu5:tiles4;6:cpu6:tiles4;7:cpu7:tiles4","NA",static,0,"NA","NA","/home/bananapi/MAT/kernels riscv rvv 1.0/FINAL/riscv-rvv-ime-gemm-microkernels-updated/HETEROGENEOUS_RVV_IME_OPENMP_GEMM/results/openmp_results_k1-rvv_1024_20260904_054843/raw_logs/GEMM_RVV_FP32_INT8_8x8_Baseline_RVV_IGEMM_INT8_I8I32_8x8_igemm_kernel_8x8_zvl256b_lmulmf2_unroll8_i8i32_run1.log",NA,NA,NA,NA,NA,NA,NA
2026-09-04T06:32:56,k1-rvv,"GEMM_RVV_FP32_INT8_8x8_Baseline","RVV_IGEMM_INT8_I8I32_8x8","igemm_kernel_8x8_zvl256b_lmulmf2_unroll8_i8i32",8x8,256b,mf2,8,INT8_RVV,0-7,8,8,1024,1024,1024,32,2,OK,0,NONE,0.079243876,GOPS,27.099680,parallel_tiles_including_required_packing,DISABLED,0,0,"0:cpu0:tiles4;1:cpu1:tiles4;2:cpu2:tiles4;3:cpu3:tiles4;4:cpu4:tiles4;5:cpu5:tiles4;6:cpu6:tiles4;7:cpu7:tiles4","NA",static,0,"NA","NA","/home/bananapi/MAT/kernels riscv rvv 1.0/FINAL/riscv-rvv-ime-gemm-microkernels-updated/HETEROGENEOUS_RVV_IME_OPENMP_GEMM/results/openmp_results_k1-rvv_1024_20260904_054843/raw_logs/GEMM_RVV_FP32_INT8_8x8_Baseline_RVV_IGEMM_INT8_I8I32_8x8_igemm_kernel_8x8_zvl256b_lmulmf2_unroll8_i8i32_run2.log",NA,NA,NA,NA,NA,NA,NA
2026-09-04T06:32:57,k1-rvv,"GEMM_RVV_FP32_INT8_8x8_Baseline","RVV_IGEMM_INT8_I8I32_8x8","igemm_kernel_8x8_zvl256b_lmulmf2_unroll8_i8i32",8x8,256b,mf2,8,INT8_RVV,0-7,8,8,1024,1024,1024,32,3,OK,0,NONE,0.079335708,GOPS,27.068311,parallel_tiles_including_required_packing,DISABLED,0,0,"0:cpu0:tiles4;1:cpu1:tiles4;2:cpu2:tiles4;3:cpu3:tiles4;4:cpu4:tiles4;5:cpu5:tiles4;6:cpu6:tiles4;7:cpu7:tiles4","NA",static,0,"NA","NA","/home/bananapi/MAT/kernels riscv rvv 1.0/FINAL/riscv-rvv-ime-gemm-microkernels-updated/HETEROGENEOUS_RVV_IME_OPENMP_GEMM/results/openmp_results_k1-rvv_1024_20260904_054843/raw_logs/GEMM_RVV_FP32_INT8_8x8_Baseline_RVV_IGEMM_INT8_I8I32_8x8_igemm_kernel_8x8_zvl256b_lmulmf2_unroll8_i8i32_run3.log",NA,NA,NA,NA,NA,NA,NA
2026-09-04T06:32:57,k1-rvv,"GEMM_RVV_FP32_INT8_8x8_Baseline","RVV_IGEMM_INT8_I8I32_8x8","igemm_kernel_8x8_zvl256b_lmulmf2_unroll8_i8i32",8x8,256b,mf2,8,INT8_RVV,0-7,8,8,1024,1024,1024,32,4,OK,0,NONE,0.078914918,GOPS,27.212645,parallel_tiles_including_required_packing,DISABLED,0,0,"0:cpu0:tiles4;1:cpu1:tiles4;2:cpu2:tiles4;3:cpu3:tiles4;4:cpu4:tiles4;5:cpu5:tiles4;6:cpu6:tiles4;7:cpu7:tiles4","NA",static,0,"NA","NA","/home/bananapi/MAT/kernels riscv rvv 1.0/FINAL/riscv-rvv-ime-gemm-microkernels-updated/HETEROGENEOUS_RVV_IME_OPENMP_GEMM/results/openmp_results_k1-rvv_1024_20260904_054843/raw_logs/GEMM_RVV_FP32_INT8_8x8_Baseline_RVV_IGEMM_INT8_I8I32_8x8_igemm_kernel_8x8_zvl256b_lmulmf2_unroll8_i8i32_run4.log",NA,NA,NA,NA,NA,NA,NA
2026-09-04T06:32:58,k1-rvv,"GEMM_RVV_FP32_INT8_8x8_Baseline","RVV_IGEMM_INT8_I8I32_8x8","igemm_kernel_8x8_zvl256b_lmulmf2_unroll8_i8i32",8x8,256b,mf2,8,INT8_RVV,0-7,8,8,1024,1024,1024,32,5,OK,0,NONE,0.077900879,GOPS,27.566873,parallel_tiles_including_required_packing,DISABLED,0,0,"0:cpu0:tiles4;1:cpu1:tiles4;2:cpu2:tiles4;3:cpu3:tiles4;4:cpu4:tiles4;5:cpu5:tiles4;6:cpu6:tiles4;7:cpu7:tiles4","NA",static,0,"NA","NA","/home/bananapi/MAT/kernels riscv rvv 1.0/FINAL/riscv-rvv-ime-gemm-microkernels-updated/HETEROGENEOUS_RVV_IME_OPENMP_GEMM/results/openmp_results_k1-rvv_1024_20260904_054843/raw_logs/GEMM_RVV_FP32_INT8_8x8_Baseline_RVV_IGEMM_INT8_I8I32_8x8_igemm_kernel_8x8_zvl256b_lmulmf2_unroll8_i8i32_run5.log",NA,NA,NA,NA,NA,NA,NA
2026-09-04T06:32:58,k1-rvv,"GEMM_RVV_FP32_INT8_8x8_Baseline","RVV_IGEMM_INT8_I8I32_8x8","igemm_kernel_8x8_zvl256b_lmulmf2_unroll8_i8i32",8x8,256b,mf2,8,INT8_RVV,0-7,8,8,1024,1024,1024,32,6,OK,0,NONE,0.077858292,GOPS,27.581952,parallel_tiles_including_required_packing,DISABLED,0,0,"0:cpu0:tiles4;1:cpu1:tiles4;2:cpu2:tiles4;3:cpu3:tiles4;4:cpu4:tiles4;5:cpu5:tiles4;6:cpu6:tiles4;7:cpu7:tiles4","NA",static,0,"NA","NA","/home/bananapi/MAT/kernels riscv rvv 1.0/FINAL/riscv-rvv-ime-gemm-microkernels-updated/HETEROGENEOUS_RVV_IME_OPENMP_GEMM/results/openmp_results_k1-rvv_1024_20260904_054843/raw_logs/GEMM_RVV_FP32_INT8_8x8_Baseline_RVV_IGEMM_INT8_I8I32_8x8_igemm_kernel_8x8_zvl256b_lmulmf2_unroll8_i8i32_run6.log",NA,NA,NA,NA,NA,NA,NA
2026-09-04T06:33:29,k1-rvv,"GEMM_RVV_FP32_INT8_8x8_Baseline","RVV_IGEMM_INT8_I8I32_8x8","igemm_kernel_8x8_zvl256b_lmulmf4_unroll1_i8i32",8x8,256b,mf4,1,INT8_RVV,0-7,8,8,1024,1024,1024,32,1,OK,0,NONE,0.073848709,GOPS,29.079501,parallel_tiles_including_required_packing,INDEPENDENT_INT64_REFERENCE_EXACT_INT32,0,0,"0:cpu0:tiles4;1:cpu1:tiles4;2:cpu2:tiles4;3:cpu3:tiles4;4:cpu4:tiles4;5:cpu5:tiles4;6:cpu6:tiles4;7:cpu7:tiles4","NA",static,0,"NA","NA","/home/bananapi/MAT/kernels riscv rvv 1.0/FINAL/riscv-rvv-ime-gemm-microkernels-updated/HETEROGENEOUS_RVV_IME_OPENMP_GEMM/results/openmp_results_k1-rvv_1024_20260904_054843/raw_logs/GEMM_RVV_FP32_INT8_8x8_Baseline_RVV_IGEMM_INT8_I8I32_8x8_igemm_kernel_8x8_zvl256b_lmulmf4_unroll1_i8i32_run1.log",NA,NA,NA,NA,NA,NA,NA
2026-09-04T06:33:29,k1-rvv,"GEMM_RVV_FP32_INT8_8x8_Baseline","RVV_IGEMM_INT8_I8I32_8x8","igemm_kernel_8x8_zvl256b_lmulmf4_unroll1_i8i32",8x8,256b,mf4,1,INT8_RVV,0-7,8,8,1024,1024,1024,32,2,OK,0,NONE,0.075107001,GOPS,28.592323,parallel_tiles_including_required_packing,DISABLED,0,0,"0:cpu0:tiles4;1:cpu1:tiles4;2:cpu2:tiles4;3:cpu3:tiles4;4:cpu4:tiles4;5:cpu5:tiles4;6:cpu6:tiles4;7:cpu7:tiles4","NA",static,0,"NA","NA","/home/bananapi/MAT/kernels riscv rvv 1.0/FINAL/riscv-rvv-ime-gemm-microkernels-updated/HETEROGENEOUS_RVV_IME_OPENMP_GEMM/results/openmp_results_k1-rvv_1024_20260904_054843/raw_logs/GEMM_RVV_FP32_INT8_8x8_Baseline_RVV_IGEMM_INT8_I8I32_8x8_igemm_kernel_8x8_zvl256b_lmulmf4_unroll1_i8i32_run2.log",NA,NA,NA,NA,NA,NA,NA
2026-09-04T06:33:30,k1-rvv,"GEMM_RVV_FP32_INT8_8x8_Baseline","RVV_IGEMM_INT8_I8I32_8x8","igemm_kernel_8x8_zvl256b_lmulmf4_unroll1_i8i32",8x8,256b,mf4,1,INT8_RVV,0-7,8,8,1024,1024,1024,32,3,OK,0,NONE,0.073865872,GOPS,29.072745,parallel_tiles_including_required_packing,DISABLED,0,0,"0:cpu0:tiles4;1:cpu1:tiles4;2:cpu2:tiles4;3:cpu3:tiles4;4:cpu4:tiles4;5:cpu5:tiles4;6:cpu6:tiles4;7:cpu7:tiles4","NA",static,0,"NA","NA","/home/bananapi/MAT/kernels riscv rvv 1.0/FINAL/riscv-rvv-ime-gemm-microkernels-updated/HETEROGENEOUS_RVV_IME_OPENMP_GEMM/results/openmp_results_k1-rvv_1024_20260904_054843/raw_logs/GEMM_RVV_FP32_INT8_8x8_Baseline_RVV_IGEMM_INT8_I8I32_8x8_igemm_kernel_8x8_zvl256b_lmulmf4_unroll1_i8i32_run3.log",NA,NA,NA,NA,NA,NA,NA
2026-09-04T06:33:30,k1-rvv,"GEMM_RVV_FP32_INT8_8x8_Baseline","RVV_IGEMM_INT8_I8I32_8x8","igemm_kernel_8x8_zvl256b_lmulmf4_unroll1_i8i32",8x8,256b,mf4,1,INT8_RVV,0-7,8,8,1024,1024,1024,32,4,OK,0,NONE,0.074526541,GOPS,28.815018,parallel_tiles_including_required_packing,DISABLED,0,0,"0:cpu0:tiles4;1:cpu1:tiles4;2:cpu2:tiles4;3:cpu3:tiles4;4:cpu4:tiles4;5:cpu5:tiles4;6:cpu6:tiles4;7:cpu7:tiles4","NA",static,0,"NA","NA","/home/bananapi/MAT/kernels riscv rvv 1.0/FINAL/riscv-rvv-ime-gemm-microkernels-updated/HETEROGENEOUS_RVV_IME_OPENMP_GEMM/results/openmp_results_k1-rvv_1024_20260904_054843/raw_logs/GEMM_RVV_FP32_INT8_8x8_Baseline_RVV_IGEMM_INT8_I8I32_8x8_igemm_kernel_8x8_zvl256b_lmulmf4_unroll1_i8i32_run4.log",NA,NA,NA,NA,NA,NA,NA
2026-09-04T06:33:30,k1-rvv,"GEMM_RVV_FP32_INT8_8x8_Baseline","RVV_IGEMM_INT8_I8I32_8x8","igemm_kernel_8x8_zvl256b_lmulmf4_unroll1_i8i32",8x8,256b,mf4,1,INT8_RVV,0-7,8,8,1024,1024,1024,32,5,OK,0,NONE,0.071834583,GOPS,29.894844,parallel_tiles_including_required_packing,DISABLED,0,0,"0:cpu0:tiles4;1:cpu1:tiles4;2:cpu2:tiles4;3:cpu3:tiles4;4:cpu4:tiles4;5:cpu5:tiles4;6:cpu6:tiles4;7:cpu7:tiles4","NA",static,0,"NA","NA","/home/bananapi/MAT/kernels riscv rvv 1.0/FINAL/riscv-rvv-ime-gemm-microkernels-updated/HETEROGENEOUS_RVV_IME_OPENMP_GEMM/results/openmp_results_k1-rvv_1024_20260904_054843/raw_logs/GEMM_RVV_FP32_INT8_8x8_Baseline_RVV_IGEMM_INT8_I8I32_8x8_igemm_kernel_8x8_zvl256b_lmulmf4_unroll1_i8i32_run5.log",NA,NA,NA,NA,NA,NA,NA
2026-09-04T06:33:31,k1-rvv,"GEMM_RVV_FP32_INT8_8x8_Baseline","RVV_IGEMM_INT8_I8I32_8x8","igemm_kernel_8x8_zvl256b_lmulmf4_unroll1_i8i32",8x8,256b,mf4,1,INT8_RVV,0-7,8,8,1024,1024,1024,32,6,OK,0,NONE,0.071105376,GOPS,30.201425,parallel_tiles_including_required_packing,DISABLED,0,0,"0:cpu0:tiles4;1:cpu1:tiles4;2:cpu2:tiles4;3:cpu3:tiles4;4:cpu4:tiles4;5:cpu5:tiles4;6:cpu6:tiles4;7:cpu7:tiles4","NA",static,0,"NA","NA","/home/bananapi/MAT/kernels riscv rvv 1.0/FINAL/riscv-rvv-ime-gemm-microkernels-updated/HETEROGENEOUS_RVV_IME_OPENMP_GEMM/results/openmp_results_k1-rvv_1024_20260904_054843/raw_logs/GEMM_RVV_FP32_INT8_8x8_Baseline_RVV_IGEMM_INT8_I8I32_8x8_igemm_kernel_8x8_zvl256b_lmulmf4_unroll1_i8i32_run6.log",NA,NA,NA,NA,NA,NA,NA
2026-09-04T06:34:10,k1-rvv,"GEMM_RVV_FP32_INT8_8x8_Baseline","RVV_IGEMM_INT8_I8I32_8x8","igemm_kernel_8x8_zvl256b_lmulmf4_unroll2_i8i32",8x8,256b,mf4,2,INT8_RVV,0-7,8,8,1024,1024,1024,32,1,OK,0,NONE,0.071589500,GOPS,29.997188,parallel_tiles_including_required_packing,INDEPENDENT_INT64_REFERENCE_EXACT_INT32,0,0,"0:cpu0:tiles4;1:cpu1:tiles4;2:cpu2:tiles4;3:cpu3:tiles4;4:cpu4:tiles4;5:cpu5:tiles4;6:cpu6:tiles4;7:cpu7:tiles4","NA",static,0,"NA","NA","/home/bananapi/MAT/kernels riscv rvv 1.0/FINAL/riscv-rvv-ime-gemm-microkernels-updated/HETEROGENEOUS_RVV_IME_OPENMP_GEMM/results/openmp_results_k1-rvv_1024_20260904_054843/raw_logs/GEMM_RVV_FP32_INT8_8x8_Baseline_RVV_IGEMM_INT8_I8I32_8x8_igemm_kernel_8x8_zvl256b_lmulmf4_unroll2_i8i32_run1.log",NA,NA,NA,NA,NA,NA,NA
2026-09-04T06:34:10,k1-rvv,"GEMM_RVV_FP32_INT8_8x8_Baseline","RVV_IGEMM_INT8_I8I32_8x8","igemm_kernel_8x8_zvl256b_lmulmf4_unroll2_i8i32",8x8,256b,mf4,2,INT8_RVV,0-7,8,8,1024,1024,1024,32,2,OK,0,NONE,0.072756372,GOPS,29.516090,parallel_tiles_including_required_packing,DISABLED,0,0,"0:cpu0:tiles4;1:cpu1:tiles4;2:cpu2:tiles4;3:cpu3:tiles4;4:cpu4:tiles4;5:cpu5:tiles4;6:cpu6:tiles4;7:cpu7:tiles4","NA",static,0,"NA","NA","/home/bananapi/MAT/kernels riscv rvv 1.0/FINAL/riscv-rvv-ime-gemm-microkernels-updated/HETEROGENEOUS_RVV_IME_OPENMP_GEMM/results/openmp_results_k1-rvv_1024_20260904_054843/raw_logs/GEMM_RVV_FP32_INT8_8x8_Baseline_RVV_IGEMM_INT8_I8I32_8x8_igemm_kernel_8x8_zvl256b_lmulmf4_unroll2_i8i32_run2.log",NA,NA,NA,NA,NA,NA,NA
2026-09-04T06:34:10,k1-rvv,"GEMM_RVV_FP32_INT8_8x8_Baseline","RVV_IGEMM_INT8_I8I32_8x8","igemm_kernel_8x8_zvl256b_lmulmf4_unroll2_i8i32",8x8,256b,mf4,2,INT8_RVV,0-7,8,8,1024,1024,1024,32,3,OK,0,NONE,0.073861457,GOPS,29.074482,parallel_tiles_including_required_packing,DISABLED,0,0,"0:cpu0:tiles4;1:cpu1:tiles4;2:cpu2:tiles4;3:cpu3:tiles4;4:cpu4:tiles4;5:cpu5:tiles4;6:cpu6:tiles4;7:cpu7:tiles4","NA",static,0,"NA","NA","/home/bananapi/MAT/kernels riscv rvv 1.0/FINAL/riscv-rvv-ime-gemm-microkernels-updated/HETEROGENEOUS_RVV_IME_OPENMP_GEMM/results/openmp_results_k1-rvv_1024_20260904_054843/raw_logs/GEMM_RVV_FP32_INT8_8x8_Baseline_RVV_IGEMM_INT8_I8I32_8x8_igemm_kernel_8x8_zvl256b_lmulmf4_unroll2_i8i32_run3.log",NA,NA,NA,NA,NA,NA,NA
2026-09-04T06:34:11,k1-rvv,"GEMM_RVV_FP32_INT8_8x8_Baseline","RVV_IGEMM_INT8_I8I32_8x8","igemm_kernel_8x8_zvl256b_lmulmf4_unroll2_i8i32",8x8,256b,mf4,2,INT8_RVV,0-7,8,8,1024,1024,1024,32,4,OK,0,NONE,0.072088584,GOPS,29.789511,parallel_tiles_including_required_packing,DISABLED,0,0,"0:cpu0:tiles4;1:cpu1:tiles4;2:cpu2:tiles4;3:cpu3:tiles4;4:cpu4:tiles4;5:cpu5:tiles4;6:cpu6:tiles4;7:cpu7:tiles4","NA",static,0,"NA","NA","/home/bananapi/MAT/kernels riscv rvv 1.0/FINAL/riscv-rvv-ime-gemm-microkernels-updated/HETEROGENEOUS_RVV_IME_OPENMP_GEMM/results/openmp_results_k1-rvv_1024_20260904_054843/raw_logs/GEMM_RVV_FP32_INT8_8x8_Baseline_RVV_IGEMM_INT8_I8I32_8x8_igemm_kernel_8x8_zvl256b_lmulmf4_unroll2_i8i32_run4.log",NA,NA,NA,NA,NA,NA,NA
2026-09-04T06:34:11,k1-rvv,"GEMM_RVV_FP32_INT8_8x8_Baseline","RVV_IGEMM_INT8_I8I32_8x8","igemm_kernel_8x8_zvl256b_lmulmf4_unroll2_i8i32",8x8,256b,mf4,2,INT8_RVV,0-7,8,8,1024,1024,1024,32,5,OK,0,NONE,0.073730957,GOPS,29.125943,parallel_tiles_including_required_packing,DISABLED,0,0,"0:cpu0:tiles4;1:cpu1:tiles4;2:cpu2:tiles4;3:cpu3:tiles4;4:cpu4:tiles4;5:cpu5:tiles4;6:cpu6:tiles4;7:cpu7:tiles4","NA",static,0,"NA","NA","/home/bananapi/MAT/kernels riscv rvv 1.0/FINAL/riscv-rvv-ime-gemm-microkernels-updated/HETEROGENEOUS_RVV_IME_OPENMP_GEMM/results/openmp_results_k1-rvv_1024_20260904_054843/raw_logs/GEMM_RVV_FP32_INT8_8x8_Baseline_RVV_IGEMM_INT8_I8I32_8x8_igemm_kernel_8x8_zvl256b_lmulmf4_unroll2_i8i32_run5.log",NA,NA,NA,NA,NA,NA,NA
2026-09-04T06:34:12,k1-rvv,"GEMM_RVV_FP32_INT8_8x8_Baseline","RVV_IGEMM_INT8_I8I32_8x8","igemm_kernel_8x8_zvl256b_lmulmf4_unroll2_i8i32",8x8,256b,mf4,2,INT8_RVV,0-7,8,8,1024,1024,1024,32,6,OK,0,NONE,0.074317250,GOPS,28.896167,parallel_tiles_including_required_packing,DISABLED,0,0,"0:cpu0:tiles4;1:cpu1:tiles4;2:cpu2:tiles4;3:cpu3:tiles4;4:cpu4:tiles4;5:cpu5:tiles4;6:cpu6:tiles4;7:cpu7:tiles4","NA",static,0,"NA","NA","/home/bananapi/MAT/kernels riscv rvv 1.0/FINAL/riscv-rvv-ime-gemm-microkernels-updated/HETEROGENEOUS_RVV_IME_OPENMP_GEMM/results/openmp_results_k1-rvv_1024_20260904_054843/raw_logs/GEMM_RVV_FP32_INT8_8x8_Baseline_RVV_IGEMM_INT8_I8I32_8x8_igemm_kernel_8x8_zvl256b_lmulmf4_unroll2_i8i32_run6.log",NA,NA,NA,NA,NA,NA,NA
2026-09-04T06:34:50,k1-rvv,"GEMM_RVV_FP32_INT8_8x8_Baseline","RVV_IGEMM_INT8_I8I32_8x8","igemm_kernel_8x8_zvl256b_lmulmf4_unroll4_i8i32",8x8,256b,mf4,4,INT8_RVV,0-7,8,8,1024,1024,1024,32,1,OK,0,NONE,0.070886496,GOPS,30.294679,parallel_tiles_including_required_packing,INDEPENDENT_INT64_REFERENCE_EXACT_INT32,0,0,"0:cpu0:tiles4;1:cpu1:tiles4;2:cpu2:tiles4;3:cpu3:tiles4;4:cpu4:tiles4;5:cpu5:tiles4;6:cpu6:tiles4;7:cpu7:tiles4","NA",static,0,"NA","NA","/home/bananapi/MAT/kernels riscv rvv 1.0/FINAL/riscv-rvv-ime-gemm-microkernels-updated/HETEROGENEOUS_RVV_IME_OPENMP_GEMM/results/openmp_results_k1-rvv_1024_20260904_054843/raw_logs/GEMM_RVV_FP32_INT8_8x8_Baseline_RVV_IGEMM_INT8_I8I32_8x8_igemm_kernel_8x8_zvl256b_lmulmf4_unroll4_i8i32_run1.log",NA,NA,NA,NA,NA,NA,NA
2026-09-04T06:34:51,k1-rvv,"GEMM_RVV_FP32_INT8_8x8_Baseline","RVV_IGEMM_INT8_I8I32_8x8","igemm_kernel_8x8_zvl256b_lmulmf4_unroll4_i8i32",8x8,256b,mf4,4,INT8_RVV,0-7,8,8,1024,1024,1024,32,2,OK,0,NONE,0.072343167,GOPS,29.684678,parallel_tiles_including_required_packing,DISABLED,0,0,"0:cpu0:tiles4;1:cpu1:tiles4;2:cpu2:tiles4;3:cpu3:tiles4;4:cpu4:tiles4;5:cpu5:tiles4;6:cpu6:tiles4;7:cpu7:tiles4","NA",static,0,"NA","NA","/home/bananapi/MAT/kernels riscv rvv 1.0/FINAL/riscv-rvv-ime-gemm-microkernels-updated/HETEROGENEOUS_RVV_IME_OPENMP_GEMM/results/openmp_results_k1-rvv_1024_20260904_054843/raw_logs/GEMM_RVV_FP32_INT8_8x8_Baseline_RVV_IGEMM_INT8_I8I32_8x8_igemm_kernel_8x8_zvl256b_lmulmf4_unroll4_i8i32_run2.log",NA,NA,NA,NA,NA,NA,NA
2026-09-04T06:34:51,k1-rvv,"GEMM_RVV_FP32_INT8_8x8_Baseline","RVV_IGEMM_INT8_I8I32_8x8","igemm_kernel_8x8_zvl256b_lmulmf4_unroll4_i8i32",8x8,256b,mf4,4,INT8_RVV,0-7,8,8,1024,1024,1024,32,3,OK,0,NONE,0.068449248,GOPS,31.373371,parallel_tiles_including_required_packing,DISABLED,0,0,"0:cpu0:tiles4;1:cpu1:tiles4;2:cpu2:tiles4;3:cpu3:tiles4;4:cpu4:tiles4;5:cpu5:tiles4;6:cpu6:tiles4;7:cpu7:tiles4","NA",static,0,"NA","NA","/home/bananapi/MAT/kernels riscv rvv 1.0/FINAL/riscv-rvv-ime-gemm-microkernels-updated/HETEROGENEOUS_RVV_IME_OPENMP_GEMM/results/openmp_results_k1-rvv_1024_20260904_054843/raw_logs/GEMM_RVV_FP32_INT8_8x8_Baseline_RVV_IGEMM_INT8_I8I32_8x8_igemm_kernel_8x8_zvl256b_lmulmf4_unroll4_i8i32_run3.log",NA,NA,NA,NA,NA,NA,NA
2026-09-04T06:34:52,k1-rvv,"GEMM_RVV_FP32_INT8_8x8_Baseline","RVV_IGEMM_INT8_I8I32_8x8","igemm_kernel_8x8_zvl256b_lmulmf4_unroll4_i8i32",8x8,256b,mf4,4,INT8_RVV,0-7,8,8,1024,1024,1024,32,4,OK,0,NONE,0.071108002,GOPS,30.200309,parallel_tiles_including_required_packing,DISABLED,0,0,"0:cpu0:tiles4;1:cpu1:tiles4;2:cpu2:tiles4;3:cpu3:tiles4;4:cpu4:tiles4;5:cpu5:tiles4;6:cpu6:tiles4;7:cpu7:tiles4","NA",static,0,"NA","NA","/home/bananapi/MAT/kernels riscv rvv 1.0/FINAL/riscv-rvv-ime-gemm-microkernels-updated/HETEROGENEOUS_RVV_IME_OPENMP_GEMM/results/openmp_results_k1-rvv_1024_20260904_054843/raw_logs/GEMM_RVV_FP32_INT8_8x8_Baseline_RVV_IGEMM_INT8_I8I32_8x8_igemm_kernel_8x8_zvl256b_lmulmf4_unroll4_i8i32_run4.log",NA,NA,NA,NA,NA,NA,NA
2026-09-04T06:34:52,k1-rvv,"GEMM_RVV_FP32_INT8_8x8_Baseline","RVV_IGEMM_INT8_I8I32_8x8","igemm_kernel_8x8_zvl256b_lmulmf4_unroll4_i8i32",8x8,256b,mf4,4,INT8_RVV,0-7,8,8,1024,1024,1024,32,5,OK,0,NONE,0.073710207,GOPS,29.134142,parallel_tiles_including_required_packing,DISABLED,0,0,"0:cpu0:tiles4;1:cpu1:tiles4;2:cpu2:tiles4;3:cpu3:tiles4;4:cpu4:tiles4;5:cpu5:tiles4;6:cpu6:tiles4;7:cpu7:tiles4","NA",static,0,"NA","NA","/home/bananapi/MAT/kernels riscv rvv 1.0/FINAL/riscv-rvv-ime-gemm-microkernels-updated/HETEROGENEOUS_RVV_IME_OPENMP_GEMM/results/openmp_results_k1-rvv_1024_20260904_054843/raw_logs/GEMM_RVV_FP32_INT8_8x8_Baseline_RVV_IGEMM_INT8_I8I32_8x8_igemm_kernel_8x8_zvl256b_lmulmf4_unroll4_i8i32_run5.log",NA,NA,NA,NA,NA,NA,NA
2026-09-04T06:34:52,k1-rvv,"GEMM_RVV_FP32_INT8_8x8_Baseline","RVV_IGEMM_INT8_I8I32_8x8","igemm_kernel_8x8_zvl256b_lmulmf4_unroll4_i8i32",8x8,256b,mf4,4,INT8_RVV,0-7,8,8,1024,1024,1024,32,6,OK,0,NONE,0.069226582,GOPS,31.021085,parallel_tiles_including_required_packing,DISABLED,0,0,"0:cpu0:tiles4;1:cpu1:tiles4;2:cpu2:tiles4;3:cpu3:tiles4;4:cpu4:tiles4;5:cpu5:tiles4;6:cpu6:tiles4;7:cpu7:tiles4","NA",static,0,"NA","NA","/home/bananapi/MAT/kernels riscv rvv 1.0/FINAL/riscv-rvv-ime-gemm-microkernels-updated/HETEROGENEOUS_RVV_IME_OPENMP_GEMM/results/openmp_results_k1-rvv_1024_20260904_054843/raw_logs/GEMM_RVV_FP32_INT8_8x8_Baseline_RVV_IGEMM_INT8_I8I32_8x8_igemm_kernel_8x8_zvl256b_lmulmf4_unroll4_i8i32_run6.log",NA,NA,NA,NA,NA,NA,NA
2026-09-04T06:35:25,k1-rvv,"GEMM_RVV_FP32_INT8_8x8_Baseline","RVV_IGEMM_INT8_I8I32_8x8","igemm_kernel_8x8_zvl256b_lmulmf4_unroll8_i8i32",8x8,256b,mf4,8,INT8_RVV,0-7,8,8,1024,1024,1024,32,1,OK,0,NONE,0.074474417,GOPS,28.835186,parallel_tiles_including_required_packing,INDEPENDENT_INT64_REFERENCE_EXACT_INT32,0,0,"0:cpu0:tiles4;1:cpu1:tiles4;2:cpu2:tiles4;3:cpu3:tiles4;4:cpu4:tiles4;5:cpu5:tiles4;6:cpu6:tiles4;7:cpu7:tiles4","NA",static,0,"NA","NA","/home/bananapi/MAT/kernels riscv rvv 1.0/FINAL/riscv-rvv-ime-gemm-microkernels-updated/HETEROGENEOUS_RVV_IME_OPENMP_GEMM/results/openmp_results_k1-rvv_1024_20260904_054843/raw_logs/GEMM_RVV_FP32_INT8_8x8_Baseline_RVV_IGEMM_INT8_I8I32_8x8_igemm_kernel_8x8_zvl256b_lmulmf4_unroll8_i8i32_run1.log",NA,NA,NA,NA,NA,NA,NA
2026-09-04T06:35:26,k1-rvv,"GEMM_RVV_FP32_INT8_8x8_Baseline","RVV_IGEMM_INT8_I8I32_8x8","igemm_kernel_8x8_zvl256b_lmulmf4_unroll8_i8i32",8x8,256b,mf4,8,INT8_RVV,0-7,8,8,1024,1024,1024,32,2,OK,0,NONE,0.077925917,GOPS,27.558016,parallel_tiles_including_required_packing,DISABLED,0,0,"0:cpu0:tiles4;1:cpu1:tiles4;2:cpu2:tiles4;3:cpu3:tiles4;4:cpu4:tiles4;5:cpu5:tiles4;6:cpu6:tiles4;7:cpu7:tiles4","NA",static,0,"NA","NA","/home/bananapi/MAT/kernels riscv rvv 1.0/FINAL/riscv-rvv-ime-gemm-microkernels-updated/HETEROGENEOUS_RVV_IME_OPENMP_GEMM/results/openmp_results_k1-rvv_1024_20260904_054843/raw_logs/GEMM_RVV_FP32_INT8_8x8_Baseline_RVV_IGEMM_INT8_I8I32_8x8_igemm_kernel_8x8_zvl256b_lmulmf4_unroll8_i8i32_run2.log",NA,NA,NA,NA,NA,NA,NA
2026-09-04T06:35:26,k1-rvv,"GEMM_RVV_FP32_INT8_8x8_Baseline","RVV_IGEMM_INT8_I8I32_8x8","igemm_kernel_8x8_zvl256b_lmulmf4_unroll8_i8i32",8x8,256b,mf4,8,INT8_RVV,0-7,8,8,1024,1024,1024,32,3,OK,0,NONE,0.072583623,GOPS,29.586339,parallel_tiles_including_required_packing,DISABLED,0,0,"0:cpu0:tiles4;1:cpu1:tiles4;2:cpu2:tiles4;3:cpu3:tiles4;4:cpu4:tiles4;5:cpu5:tiles4;6:cpu6:tiles4;7:cpu7:tiles4","NA",static,0,"NA","NA","/home/bananapi/MAT/kernels riscv rvv 1.0/FINAL/riscv-rvv-ime-gemm-microkernels-updated/HETEROGENEOUS_RVV_IME_OPENMP_GEMM/results/openmp_results_k1-rvv_1024_20260904_054843/raw_logs/GEMM_RVV_FP32_INT8_8x8_Baseline_RVV_IGEMM_INT8_I8I32_8x8_igemm_kernel_8x8_zvl256b_lmulmf4_unroll8_i8i32_run3.log",NA,NA,NA,NA,NA,NA,NA
2026-09-04T06:35:26,k1-rvv,"GEMM_RVV_FP32_INT8_8x8_Baseline","RVV_IGEMM_INT8_I8I32_8x8","igemm_kernel_8x8_zvl256b_lmulmf4_unroll8_i8i32",8x8,256b,mf4,8,INT8_RVV,0-7,8,8,1024,1024,1024,32,4,OK,0,NONE,0.068860583,GOPS,31.185964,parallel_tiles_including_required_packing,DISABLED,0,0,"0:cpu0:tiles4;1:cpu1:tiles4;2:cpu2:tiles4;3:cpu3:tiles4;4:cpu4:tiles4;5:cpu5:tiles4;6:cpu6:tiles4;7:cpu7:tiles4","NA",static,0,"NA","NA","/home/bananapi/MAT/kernels riscv rvv 1.0/FINAL/riscv-rvv-ime-gemm-microkernels-updated/HETEROGENEOUS_RVV_IME_OPENMP_GEMM/results/openmp_results_k1-rvv_1024_20260904_054843/raw_logs/GEMM_RVV_FP32_INT8_8x8_Baseline_RVV_IGEMM_INT8_I8I32_8x8_igemm_kernel_8x8_zvl256b_lmulmf4_unroll8_i8i32_run4.log",NA,NA,NA,NA,NA,NA,NA
2026-09-04T06:35:27,k1-rvv,"GEMM_RVV_FP32_INT8_8x8_Baseline","RVV_IGEMM_INT8_I8I32_8x8","igemm_kernel_8x8_zvl256b_lmulmf4_unroll8_i8i32",8x8,256b,mf4,8,INT8_RVV,0-7,8,8,1024,1024,1024,32,5,OK,0,NONE,0.072378293,GOPS,29.670272,parallel_tiles_including_required_packing,DISABLED,0,0,"0:cpu0:tiles4;1:cpu1:tiles4;2:cpu2:tiles4;3:cpu3:tiles4;4:cpu4:tiles4;5:cpu5:tiles4;6:cpu6:tiles4;7:cpu7:tiles4","NA",static,0,"NA","NA","/home/bananapi/MAT/kernels riscv rvv 1.0/FINAL/riscv-rvv-ime-gemm-microkernels-updated/HETEROGENEOUS_RVV_IME_OPENMP_GEMM/results/openmp_results_k1-rvv_1024_20260904_054843/raw_logs/GEMM_RVV_FP32_INT8_8x8_Baseline_RVV_IGEMM_INT8_I8I32_8x8_igemm_kernel_8x8_zvl256b_lmulmf4_unroll8_i8i32_run5.log",NA,NA,NA,NA,NA,NA,NA
2026-09-04T06:35:27,k1-rvv,"GEMM_RVV_FP32_INT8_8x8_Baseline","RVV_IGEMM_INT8_I8I32_8x8","igemm_kernel_8x8_zvl256b_lmulmf4_unroll8_i8i32",8x8,256b,mf4,8,INT8_RVV,0-7,8,8,1024,1024,1024,32,6,OK,0,NONE,0.072610334,GOPS,29.575455,parallel_tiles_including_required_packing,DISABLED,0,0,"0:cpu0:tiles4;1:cpu1:tiles4;2:cpu2:tiles4;3:cpu3:tiles4;4:cpu4:tiles4;5:cpu5:tiles4;6:cpu6:tiles4;7:cpu7:tiles4","NA",static,0,"NA","NA","/home/bananapi/MAT/kernels riscv rvv 1.0/FINAL/riscv-rvv-ime-gemm-microkernels-updated/HETEROGENEOUS_RVV_IME_OPENMP_GEMM/results/openmp_results_k1-rvv_1024_20260904_054843/raw_logs/GEMM_RVV_FP32_INT8_8x8_Baseline_RVV_IGEMM_INT8_I8I32_8x8_igemm_kernel_8x8_zvl256b_lmulmf4_unroll8_i8i32_run6.log",NA,NA,NA,NA,NA,NA,NA
2026-09-04T06:36:38,k1-rvv,"GEMM_RVV_FP32_INT8_8x8_Baseline","RVV_SGEMM_FP32_8x8","sgemm_kernel_8x8_zvl256b_lmul1_unroll1",8x8,256b,1,1,FP32_RVV,0-7,8,8,1024,1024,1024,32,1,NUMERICAL_FAILED,0,NUMERICAL_VALIDATION,0.259982832,GFLOPS,0.000000,parallel_tiles_including_required_packing,INDEPENDENT_GEMM_FP_TOLERANCE,1,2.6702880859375e-05,"0:cpu0:tiles4;1:cpu1:tiles4;2:cpu2:tiles4;3:cpu3:tiles4;4:cpu4:tiles4;5:cpu5:tiles4;6:cpu6:tiles4;7:cpu7:tiles4","NA",static,0,"NA","NA","/home/bananapi/MAT/kernels riscv rvv 1.0/FINAL/riscv-rvv-ime-gemm-microkernels-updated/HETEROGENEOUS_RVV_IME_OPENMP_GEMM/results/openmp_results_k1-rvv_1024_20260904_054843/raw_logs/GEMM_RVV_FP32_INT8_8x8_Baseline_RVV_SGEMM_FP32_8x8_sgemm_kernel_8x8_zvl256b_lmul1_unroll1_run1.log",NA,NA,NA,NA,NA,NA,NA
2026-09-04T06:37:49,k1-rvv,"GEMM_RVV_FP32_INT8_8x8_Baseline","RVV_SGEMM_FP32_8x8","sgemm_kernel_8x8_zvl256b_lmul1_unroll2",8x8,256b,1,2,FP32_RVV,0-7,8,8,1024,1024,1024,32,1,NUMERICAL_FAILED,0,NUMERICAL_VALIDATION,0.261624668,GFLOPS,0.000000,parallel_tiles_including_required_packing,INDEPENDENT_GEMM_FP_TOLERANCE,1,2.6702880859375e-05,"0:cpu0:tiles4;1:cpu1:tiles4;2:cpu2:tiles4;3:cpu3:tiles4;4:cpu4:tiles4;5:cpu5:tiles4;6:cpu6:tiles4;7:cpu7:tiles4","NA",static,0,"NA","NA","/home/bananapi/MAT/kernels riscv rvv 1.0/FINAL/riscv-rvv-ime-gemm-microkernels-updated/HETEROGENEOUS_RVV_IME_OPENMP_GEMM/results/openmp_results_k1-rvv_1024_20260904_054843/raw_logs/GEMM_RVV_FP32_INT8_8x8_Baseline_RVV_SGEMM_FP32_8x8_sgemm_kernel_8x8_zvl256b_lmul1_unroll2_run1.log",NA,NA,NA,NA,NA,NA,NA
2026-09-04T06:39:01,k1-rvv,"GEMM_RVV_FP32_INT8_8x8_Baseline","RVV_SGEMM_FP32_8x8","sgemm_kernel_8x8_zvl256b_lmul1_unroll4",8x8,256b,1,4,FP32_RVV,0-7,8,8,1024,1024,1024,32,1,NUMERICAL_FAILED,0,NUMERICAL_VALIDATION,0.266929500,GFLOPS,0.000000,parallel_tiles_including_required_packing,INDEPENDENT_GEMM_FP_TOLERANCE,1,2.6702880859375e-05,"0:cpu0:tiles4;1:cpu1:tiles4;2:cpu2:tiles4;3:cpu3:tiles4;4:cpu4:tiles4;5:cpu5:tiles4;6:cpu6:tiles4;7:cpu7:tiles4","NA",static,0,"NA","NA","/home/bananapi/MAT/kernels riscv rvv 1.0/FINAL/riscv-rvv-ime-gemm-microkernels-updated/HETEROGENEOUS_RVV_IME_OPENMP_GEMM/results/openmp_results_k1-rvv_1024_20260904_054843/raw_logs/GEMM_RVV_FP32_INT8_8x8_Baseline_RVV_SGEMM_FP32_8x8_sgemm_kernel_8x8_zvl256b_lmul1_unroll4_run1.log",NA,NA,NA,NA,NA,NA,NA
2026-09-04T06:40:13,k1-rvv,"GEMM_RVV_FP32_INT8_8x8_Baseline","RVV_SGEMM_FP32_8x8","sgemm_kernel_8x8_zvl256b_lmul1_unroll8",8x8,256b,1,8,FP32_RVV,0-7,8,8,1024,1024,1024,32,1,NUMERICAL_FAILED,0,NUMERICAL_VALIDATION,0.261607543,GFLOPS,0.000000,parallel_tiles_including_required_packing,INDEPENDENT_GEMM_FP_TOLERANCE,1,2.6702880859375e-05,"0:cpu0:tiles4;1:cpu1:tiles4;2:cpu2:tiles4;3:cpu3:tiles4;4:cpu4:tiles4;5:cpu5:tiles4;6:cpu6:tiles4;7:cpu7:tiles4","NA",static,0,"NA","NA","/home/bananapi/MAT/kernels riscv rvv 1.0/FINAL/riscv-rvv-ime-gemm-microkernels-updated/HETEROGENEOUS_RVV_IME_OPENMP_GEMM/results/openmp_results_k1-rvv_1024_20260904_054843/raw_logs/GEMM_RVV_FP32_INT8_8x8_Baseline_RVV_SGEMM_FP32_8x8_sgemm_kernel_8x8_zvl256b_lmul1_unroll8_run1.log",NA,NA,NA,NA,NA,NA,NA
2026-09-04T06:41:24,k1-rvv,"GEMM_RVV_FP32_INT8_8x8_Baseline","RVV_SGEMM_FP32_8x8","sgemm_kernel_8x8_zvl256b_lmul2_unroll1",8x8,256b,2,1,FP32_RVV,0-7,8,8,1024,1024,1024,32,1,NUMERICAL_FAILED,0,NUMERICAL_VALIDATION,0.267533083,GFLOPS,0.000000,parallel_tiles_including_required_packing,INDEPENDENT_GEMM_FP_TOLERANCE,1,2.6702880859375e-05,"0:cpu0:tiles4;1:cpu1:tiles4;2:cpu2:tiles4;3:cpu3:tiles4;4:cpu4:tiles4;5:cpu5:tiles4;6:cpu6:tiles4;7:cpu7:tiles4","NA",static,0,"NA","NA","/home/bananapi/MAT/kernels riscv rvv 1.0/FINAL/riscv-rvv-ime-gemm-microkernels-updated/HETEROGENEOUS_RVV_IME_OPENMP_GEMM/results/openmp_results_k1-rvv_1024_20260904_054843/raw_logs/GEMM_RVV_FP32_INT8_8x8_Baseline_RVV_SGEMM_FP32_8x8_sgemm_kernel_8x8_zvl256b_lmul2_unroll1_run1.log",NA,NA,NA,NA,NA,NA,NA
2026-09-04T06:42:36,k1-rvv,"GEMM_RVV_FP32_INT8_8x8_Baseline","RVV_SGEMM_FP32_8x8","sgemm_kernel_8x8_zvl256b_lmul2_unroll2",8x8,256b,2,2,FP32_RVV,0-7,8,8,1024,1024,1024,32,1,NUMERICAL_FAILED,0,NUMERICAL_VALIDATION,0.270832002,GFLOPS,0.000000,parallel_tiles_including_required_packing,INDEPENDENT_GEMM_FP_TOLERANCE,1,2.6702880859375e-05,"0:cpu0:tiles4;1:cpu1:tiles4;2:cpu2:tiles4;3:cpu3:tiles4;4:cpu4:tiles4;5:cpu5:tiles4;6:cpu6:tiles4;7:cpu7:tiles4","NA",static,0,"NA","NA","/home/bananapi/MAT/kernels riscv rvv 1.0/FINAL/riscv-rvv-ime-gemm-microkernels-updated/HETEROGENEOUS_RVV_IME_OPENMP_GEMM/results/openmp_results_k1-rvv_1024_20260904_054843/raw_logs/GEMM_RVV_FP32_INT8_8x8_Baseline_RVV_SGEMM_FP32_8x8_sgemm_kernel_8x8_zvl256b_lmul2_unroll2_run1.log",NA,NA,NA,NA,NA,NA,NA
2026-09-04T06:43:47,k1-rvv,"GEMM_RVV_FP32_INT8_8x8_Baseline","RVV_SGEMM_FP32_8x8","sgemm_kernel_8x8_zvl256b_lmul2_unroll4",8x8,256b,2,4,FP32_RVV,0-7,8,8,1024,1024,1024,32,1,NUMERICAL_FAILED,0,NUMERICAL_VALIDATION,0.264744624,GFLOPS,0.000000,parallel_tiles_including_required_packing,INDEPENDENT_GEMM_FP_TOLERANCE,1,2.6702880859375e-05,"0:cpu0:tiles4;1:cpu1:tiles4;2:cpu2:tiles4;3:cpu3:tiles4;4:cpu4:tiles4;5:cpu5:tiles4;6:cpu6:tiles4;7:cpu7:tiles4","NA",static,0,"NA","NA","/home/bananapi/MAT/kernels riscv rvv 1.0/FINAL/riscv-rvv-ime-gemm-microkernels-updated/HETEROGENEOUS_RVV_IME_OPENMP_GEMM/results/openmp_results_k1-rvv_1024_20260904_054843/raw_logs/GEMM_RVV_FP32_INT8_8x8_Baseline_RVV_SGEMM_FP32_8x8_sgemm_kernel_8x8_zvl256b_lmul2_unroll4_run1.log",NA,NA,NA,NA,NA,NA,NA
2026-09-04T06:44:58,k1-rvv,"GEMM_RVV_FP32_INT8_8x8_Baseline","RVV_SGEMM_FP32_8x8","sgemm_kernel_8x8_zvl256b_lmul2_unroll8",8x8,256b,2,8,FP32_RVV,0-7,8,8,1024,1024,1024,32,1,NUMERICAL_FAILED,0,NUMERICAL_VALIDATION,0.260476626,GFLOPS,0.000000,parallel_tiles_including_required_packing,INDEPENDENT_GEMM_FP_TOLERANCE,1,2.6702880859375e-05,"0:cpu0:tiles4;1:cpu1:tiles4;2:cpu2:tiles4;3:cpu3:tiles4;4:cpu4:tiles4;5:cpu5:tiles4;6:cpu6:tiles4;7:cpu7:tiles4","NA",static,0,"NA","NA","/home/bananapi/MAT/kernels riscv rvv 1.0/FINAL/riscv-rvv-ime-gemm-microkernels-updated/HETEROGENEOUS_RVV_IME_OPENMP_GEMM/results/openmp_results_k1-rvv_1024_20260904_054843/raw_logs/GEMM_RVV_FP32_INT8_8x8_Baseline_RVV_SGEMM_FP32_8x8_sgemm_kernel_8x8_zvl256b_lmul2_unroll8_run1.log",NA,NA,NA,NA,NA,NA,NA
2026-09-04T06:46:10,k1-rvv,"GEMM_RVV_FP32_INT8_8x8_Baseline","RVV_SGEMM_FP32_8x8","sgemm_kernel_8x8_zvl256b_lmul4_unroll1",8x8,256b,4,1,FP32_RVV,0-7,8,8,1024,1024,1024,32,1,NUMERICAL_FAILED,0,NUMERICAL_VALIDATION,0.341969583,GFLOPS,0.000000,parallel_tiles_including_required_packing,INDEPENDENT_GEMM_FP_TOLERANCE,1,2.6702880859375e-05,"0:cpu0:tiles4;1:cpu1:tiles4;2:cpu2:tiles4;3:cpu3:tiles4;4:cpu4:tiles4;5:cpu5:tiles4;6:cpu6:tiles4;7:cpu7:tiles4","NA",static,0,"NA","NA","/home/bananapi/MAT/kernels riscv rvv 1.0/FINAL/riscv-rvv-ime-gemm-microkernels-updated/HETEROGENEOUS_RVV_IME_OPENMP_GEMM/results/openmp_results_k1-rvv_1024_20260904_054843/raw_logs/GEMM_RVV_FP32_INT8_8x8_Baseline_RVV_SGEMM_FP32_8x8_sgemm_kernel_8x8_zvl256b_lmul4_unroll1_run1.log",NA,NA,NA,NA,NA,NA,NA
2026-09-04T06:47:25,k1-rvv,"GEMM_RVV_FP32_INT8_8x8_Baseline","RVV_SGEMM_FP32_8x8","sgemm_kernel_8x8_zvl256b_lmul4_unroll2",8x8,256b,4,2,FP32_RVV,0-7,8,8,1024,1024,1024,32,1,NUMERICAL_FAILED,0,NUMERICAL_VALIDATION,0.581375960,GFLOPS,0.000000,parallel_tiles_including_required_packing,INDEPENDENT_GEMM_FP_TOLERANCE,1,2.6702880859375e-05,"0:cpu0:tiles4;1:cpu1:tiles4;2:cpu2:tiles4;3:cpu3:tiles4;4:cpu4:tiles4;5:cpu5:tiles4;6:cpu6:tiles4;7:cpu7:tiles4","NA",static,0,"NA","NA","/home/bananapi/MAT/kernels riscv rvv 1.0/FINAL/riscv-rvv-ime-gemm-microkernels-updated/HETEROGENEOUS_RVV_IME_OPENMP_GEMM/results/openmp_results_k1-rvv_1024_20260904_054843/raw_logs/GEMM_RVV_FP32_INT8_8x8_Baseline_RVV_SGEMM_FP32_8x8_sgemm_kernel_8x8_zvl256b_lmul4_unroll2_run1.log",NA,NA,NA,NA,NA,NA,NA
2026-09-04T06:48:37,k1-rvv,"GEMM_RVV_FP32_INT8_8x8_Baseline","RVV_SGEMM_FP32_8x8","sgemm_kernel_8x8_zvl256b_lmul4_unroll4",8x8,256b,4,4,FP32_RVV,0-7,8,8,1024,1024,1024,32,1,NUMERICAL_FAILED,0,NUMERICAL_VALIDATION,0.376676794,GFLOPS,0.000000,parallel_tiles_including_required_packing,INDEPENDENT_GEMM_FP_TOLERANCE,1,2.6702880859375e-05,"0:cpu0:tiles4;1:cpu1:tiles4;2:cpu2:tiles4;3:cpu3:tiles4;4:cpu4:tiles4;5:cpu5:tiles4;6:cpu6:tiles4;7:cpu7:tiles4","NA",static,0,"NA","NA","/home/bananapi/MAT/kernels riscv rvv 1.0/FINAL/riscv-rvv-ime-gemm-microkernels-updated/HETEROGENEOUS_RVV_IME_OPENMP_GEMM/results/openmp_results_k1-rvv_1024_20260904_054843/raw_logs/GEMM_RVV_FP32_INT8_8x8_Baseline_RVV_SGEMM_FP32_8x8_sgemm_kernel_8x8_zvl256b_lmul4_unroll4_run1.log",NA,NA,NA,NA,NA,NA,NA
2026-09-04T06:49:49,k1-rvv,"GEMM_RVV_FP32_INT8_8x8_Baseline","RVV_SGEMM_FP32_8x8","sgemm_kernel_8x8_zvl256b_lmul4_unroll8",8x8,256b,4,8,FP32_RVV,0-7,8,8,1024,1024,1024,32,1,NUMERICAL_FAILED,0,NUMERICAL_VALIDATION,0.359366003,GFLOPS,0.000000,parallel_tiles_including_required_packing,INDEPENDENT_GEMM_FP_TOLERANCE,1,2.6702880859375e-05,"0:cpu0:tiles4;1:cpu1:tiles4;2:cpu2:tiles4;3:cpu3:tiles4;4:cpu4:tiles4;5:cpu5:tiles4;6:cpu6:tiles4;7:cpu7:tiles4","NA",static,0,"NA","NA","/home/bananapi/MAT/kernels riscv rvv 1.0/FINAL/riscv-rvv-ime-gemm-microkernels-updated/HETEROGENEOUS_RVV_IME_OPENMP_GEMM/results/openmp_results_k1-rvv_1024_20260904_054843/raw_logs/GEMM_RVV_FP32_INT8_8x8_Baseline_RVV_SGEMM_FP32_8x8_sgemm_kernel_8x8_zvl256b_lmul4_unroll8_run1.log",NA,NA,NA,NA,NA,NA,NA
2026-09-04T06:51:01,k1-rvv,"GEMM_RVV_FP32_INT8_8x8_Baseline","RVV_SGEMM_FP32_8x8","sgemm_kernel_8x8_zvl256b_lmul8_unroll1",8x8,256b,8,1,FP32_RVV,0-7,8,8,1024,1024,1024,32,1,NUMERICAL_FAILED,0,NUMERICAL_VALIDATION,0.688223209,GFLOPS,0.000000,parallel_tiles_including_required_packing,INDEPENDENT_GEMM_FP_TOLERANCE,1,2.6702880859375e-05,"0:cpu0:tiles4;1:cpu1:tiles4;2:cpu2:tiles4;3:cpu3:tiles4;4:cpu4:tiles4;5:cpu5:tiles4;6:cpu6:tiles4;7:cpu7:tiles4","NA",static,0,"NA","NA","/home/bananapi/MAT/kernels riscv rvv 1.0/FINAL/riscv-rvv-ime-gemm-microkernels-updated/HETEROGENEOUS_RVV_IME_OPENMP_GEMM/results/openmp_results_k1-rvv_1024_20260904_054843/raw_logs/GEMM_RVV_FP32_INT8_8x8_Baseline_RVV_SGEMM_FP32_8x8_sgemm_kernel_8x8_zvl256b_lmul8_unroll1_run1.log",NA,NA,NA,NA,NA,NA,NA
2026-09-04T06:52:14,k1-rvv,"GEMM_RVV_FP32_INT8_8x8_Baseline","RVV_SGEMM_FP32_8x8","sgemm_kernel_8x8_zvl256b_lmul8_unroll2",8x8,256b,8,2,FP32_RVV,0-7,8,8,1024,1024,1024,32,1,NUMERICAL_FAILED,0,NUMERICAL_VALIDATION,0.692238752,GFLOPS,0.000000,parallel_tiles_including_required_packing,INDEPENDENT_GEMM_FP_TOLERANCE,1,2.6702880859375e-05,"0:cpu0:tiles4;1:cpu1:tiles4;2:cpu2:tiles4;3:cpu3:tiles4;4:cpu4:tiles4;5:cpu5:tiles4;6:cpu6:tiles4;7:cpu7:tiles4","NA",static,0,"NA","NA","/home/bananapi/MAT/kernels riscv rvv 1.0/FINAL/riscv-rvv-ime-gemm-microkernels-updated/HETEROGENEOUS_RVV_IME_OPENMP_GEMM/results/openmp_results_k1-rvv_1024_20260904_054843/raw_logs/GEMM_RVV_FP32_INT8_8x8_Baseline_RVV_SGEMM_FP32_8x8_sgemm_kernel_8x8_zvl256b_lmul8_unroll2_run1.log",NA,NA,NA,NA,NA,NA,NA
2026-09-04T06:53:27,k1-rvv,"GEMM_RVV_FP32_INT8_8x8_Baseline","RVV_SGEMM_FP32_8x8","sgemm_kernel_8x8_zvl256b_lmul8_unroll4",8x8,256b,8,4,FP32_RVV,0-7,8,8,1024,1024,1024,32,1,NUMERICAL_FAILED,0,NUMERICAL_VALIDATION,0.813312043,GFLOPS,0.000000,parallel_tiles_including_required_packing,INDEPENDENT_GEMM_FP_TOLERANCE,1,2.6702880859375e-05,"0:cpu0:tiles4;1:cpu1:tiles4;2:cpu2:tiles4;3:cpu3:tiles4;4:cpu4:tiles4;5:cpu5:tiles4;6:cpu6:tiles4;7:cpu7:tiles4","NA",static,0,"NA","NA","/home/bananapi/MAT/kernels riscv rvv 1.0/FINAL/riscv-rvv-ime-gemm-microkernels-updated/HETEROGENEOUS_RVV_IME_OPENMP_GEMM/results/openmp_results_k1-rvv_1024_20260904_054843/raw_logs/GEMM_RVV_FP32_INT8_8x8_Baseline_RVV_SGEMM_FP32_8x8_sgemm_kernel_8x8_zvl256b_lmul8_unroll4_run1.log",NA,NA,NA,NA,NA,NA,NA
2026-09-04T06:54:42,k1-rvv,"GEMM_RVV_FP32_INT8_8x8_Baseline","RVV_SGEMM_FP32_8x8","sgemm_kernel_8x8_zvl256b_lmul8_unroll8",8x8,256b,8,8,FP32_RVV,0-7,8,8,1024,1024,1024,32,1,NUMERICAL_FAILED,0,NUMERICAL_VALIDATION,0.806225628,GFLOPS,0.000000,parallel_tiles_including_required_packing,INDEPENDENT_GEMM_FP_TOLERANCE,1,2.6702880859375e-05,"0:cpu0:tiles4;1:cpu1:tiles4;2:cpu2:tiles4;3:cpu3:tiles4;4:cpu4:tiles4;5:cpu5:tiles4;6:cpu6:tiles4;7:cpu7:tiles4","NA",static,0,"NA","NA","/home/bananapi/MAT/kernels riscv rvv 1.0/FINAL/riscv-rvv-ime-gemm-microkernels-updated/HETEROGENEOUS_RVV_IME_OPENMP_GEMM/results/openmp_results_k1-rvv_1024_20260904_054843/raw_logs/GEMM_RVV_FP32_INT8_8x8_Baseline_RVV_SGEMM_FP32_8x8_sgemm_kernel_8x8_zvl256b_lmul8_unroll8_run1.log",NA,NA,NA,NA,NA,NA,NA
2026-09-04T06:56:21,k1-rvv,"GEMM_RVV_FP64_INT8_8x4_Baseline","RVV_DGEMM_FP64_8x4","dgemm_kernel_8x4_zvl256b_lmul2_unroll1",8x4,256b,2,1,FP64_RVV,0-7,8,8,1024,1024,1024,32,1,OK,0,NONE,0.496127542,GFLOPS,4.328491,parallel_tiles_including_required_packing,INDEPENDENT_GEMM_FP_TOLERANCE,0,7.1054273576010019e-14,"0:cpu0:tiles4;1:cpu1:tiles4;2:cpu2:tiles4;3:cpu3:tiles4;4:cpu4:tiles4;5:cpu5:tiles4;6:cpu6:tiles4;7:cpu7:tiles4","NA",static,0,"NA","NA","/home/bananapi/MAT/kernels riscv rvv 1.0/FINAL/riscv-rvv-ime-gemm-microkernels-updated/HETEROGENEOUS_RVV_IME_OPENMP_GEMM/results/openmp_results_k1-rvv_1024_20260904_054843/raw_logs/GEMM_RVV_FP64_INT8_8x4_Baseline_RVV_DGEMM_FP64_8x4_dgemm_kernel_8x4_zvl256b_lmul2_unroll1_run1.log",NA,NA,NA,NA,NA,NA,NA
2026-09-04T06:56:23,k1-rvv,"GEMM_RVV_FP64_INT8_8x4_Baseline","RVV_DGEMM_FP64_8x4","dgemm_kernel_8x4_zvl256b_lmul2_unroll1",8x4,256b,2,1,FP64_RVV,0-7,8,8,1024,1024,1024,32,2,OK,0,NONE,0.489027169,GFLOPS,4.391338,parallel_tiles_including_required_packing,DISABLED,0,0,"0:cpu0:tiles4;1:cpu1:tiles4;2:cpu2:tiles4;3:cpu3:tiles4;4:cpu4:tiles4;5:cpu5:tiles4;6:cpu6:tiles4;7:cpu7:tiles4","NA",static,0,"NA","NA","/home/bananapi/MAT/kernels riscv rvv 1.0/FINAL/riscv-rvv-ime-gemm-microkernels-updated/HETEROGENEOUS_RVV_IME_OPENMP_GEMM/results/openmp_results_k1-rvv_1024_20260904_054843/raw_logs/GEMM_RVV_FP64_INT8_8x4_Baseline_RVV_DGEMM_FP64_8x4_dgemm_kernel_8x4_zvl256b_lmul2_unroll1_run2.log",NA,NA,NA,NA,NA,NA,NA
2026-09-04T06:56:24,k1-rvv,"GEMM_RVV_FP64_INT8_8x4_Baseline","RVV_DGEMM_FP64_8x4","dgemm_kernel_8x4_zvl256b_lmul2_unroll1",8x4,256b,2,1,FP64_RVV,0-7,8,8,1024,1024,1024,32,3,OK,0,NONE,0.484122876,GFLOPS,4.435824,parallel_tiles_including_required_packing,DISABLED,0,0,"0:cpu0:tiles4;1:cpu1:tiles4;2:cpu2:tiles4;3:cpu3:tiles4;4:cpu4:tiles4;5:cpu5:tiles4;6:cpu6:tiles4;7:cpu7:tiles4","NA",static,0,"NA","NA","/home/bananapi/MAT/kernels riscv rvv 1.0/FINAL/riscv-rvv-ime-gemm-microkernels-updated/HETEROGENEOUS_RVV_IME_OPENMP_GEMM/results/openmp_results_k1-rvv_1024_20260904_054843/raw_logs/GEMM_RVV_FP64_INT8_8x4_Baseline_RVV_DGEMM_FP64_8x4_dgemm_kernel_8x4_zvl256b_lmul2_unroll1_run3.log",NA,NA,NA,NA,NA,NA,NA
2026-09-04T06:56:26,k1-rvv,"GEMM_RVV_FP64_INT8_8x4_Baseline","RVV_DGEMM_FP64_8x4","dgemm_kernel_8x4_zvl256b_lmul2_unroll1",8x4,256b,2,1,FP64_RVV,0-7,8,8,1024,1024,1024,32,4,OK,0,NONE,0.490192834,GFLOPS,4.380896,parallel_tiles_including_required_packing,DISABLED,0,0,"0:cpu0:tiles4;1:cpu1:tiles4;2:cpu2:tiles4;3:cpu3:tiles4;4:cpu4:tiles4;5:cpu5:tiles4;6:cpu6:tiles4;7:cpu7:tiles4","NA",static,0,"NA","NA","/home/bananapi/MAT/kernels riscv rvv 1.0/FINAL/riscv-rvv-ime-gemm-microkernels-updated/HETEROGENEOUS_RVV_IME_OPENMP_GEMM/results/openmp_results_k1-rvv_1024_20260904_054843/raw_logs/GEMM_RVV_FP64_INT8_8x4_Baseline_RVV_DGEMM_FP64_8x4_dgemm_kernel_8x4_zvl256b_lmul2_unroll1_run4.log",NA,NA,NA,NA,NA,NA,NA
2026-09-04T06:56:27,k1-rvv,"GEMM_RVV_FP64_INT8_8x4_Baseline","RVV_DGEMM_FP64_8x4","dgemm_kernel_8x4_zvl256b_lmul2_unroll1",8x4,256b,2,1,FP64_RVV,0-7,8,8,1024,1024,1024,32,5,OK,0,NONE,0.488397043,GFLOPS,4.397004,parallel_tiles_including_required_packing,DISABLED,0,0,"0:cpu0:tiles4;1:cpu1:tiles4;2:cpu2:tiles4;3:cpu3:tiles4;4:cpu4:tiles4;5:cpu5:tiles4;6:cpu6:tiles4;7:cpu7:tiles4","NA",static,0,"NA","NA","/home/bananapi/MAT/kernels riscv rvv 1.0/FINAL/riscv-rvv-ime-gemm-microkernels-updated/HETEROGENEOUS_RVV_IME_OPENMP_GEMM/results/openmp_results_k1-rvv_1024_20260904_054843/raw_logs/GEMM_RVV_FP64_INT8_8x4_Baseline_RVV_DGEMM_FP64_8x4_dgemm_kernel_8x4_zvl256b_lmul2_unroll1_run5.log",NA,NA,NA,NA,NA,NA,NA
2026-09-04T06:56:29,k1-rvv,"GEMM_RVV_FP64_INT8_8x4_Baseline","RVV_DGEMM_FP64_8x4","dgemm_kernel_8x4_zvl256b_lmul2_unroll1",8x4,256b,2,1,FP64_RVV,0-7,8,8,1024,1024,1024,32,6,OK,0,NONE,0.499569044,GFLOPS,4.298672,parallel_tiles_including_required_packing,DISABLED,0,0,"0:cpu0:tiles4;1:cpu1:tiles4;2:cpu2:tiles4;3:cpu3:tiles4;4:cpu4:tiles4;5:cpu5:tiles4;6:cpu6:tiles4;7:cpu7:tiles4","NA",static,0,"NA","NA","/home/bananapi/MAT/kernels riscv rvv 1.0/FINAL/riscv-rvv-ime-gemm-microkernels-updated/HETEROGENEOUS_RVV_IME_OPENMP_GEMM/results/openmp_results_k1-rvv_1024_20260904_054843/raw_logs/GEMM_RVV_FP64_INT8_8x4_Baseline_RVV_DGEMM_FP64_8x4_dgemm_kernel_8x4_zvl256b_lmul2_unroll1_run6.log",NA,NA,NA,NA,NA,NA,NA
2026-09-04T06:58:09,k1-rvv,"GEMM_RVV_FP64_INT8_8x4_Baseline","RVV_DGEMM_FP64_8x4","dgemm_kernel_8x4_zvl256b_lmul2_unroll2",8x4,256b,2,2,FP64_RVV,0-7,8,8,1024,1024,1024,32,1,OK,0,NONE,0.494956080,GFLOPS,4.338736,parallel_tiles_including_required_packing,INDEPENDENT_GEMM_FP_TOLERANCE,0,7.1054273576010019e-14,"0:cpu0:tiles4;1:cpu1:tiles4;2:cpu2:tiles4;3:cpu3:tiles4;4:cpu4:tiles4;5:cpu5:tiles4;6:cpu6:tiles4;7:cpu7:tiles4","NA",static,0,"NA","NA","/home/bananapi/MAT/kernels riscv rvv 1.0/FINAL/riscv-rvv-ime-gemm-microkernels-updated/HETEROGENEOUS_RVV_IME_OPENMP_GEMM/results/openmp_results_k1-rvv_1024_20260904_054843/raw_logs/GEMM_RVV_FP64_INT8_8x4_Baseline_RVV_DGEMM_FP64_8x4_dgemm_kernel_8x4_zvl256b_lmul2_unroll2_run1.log",NA,NA,NA,NA,NA,NA,NA
2026-09-04T06:58:10,k1-rvv,"GEMM_RVV_FP64_INT8_8x4_Baseline","RVV_DGEMM_FP64_8x4","dgemm_kernel_8x4_zvl256b_lmul2_unroll2",8x4,256b,2,2,FP64_RVV,0-7,8,8,1024,1024,1024,32,2,OK,0,NONE,0.493152373,GFLOPS,4.354605,parallel_tiles_including_required_packing,DISABLED,0,0,"0:cpu0:tiles4;1:cpu1:tiles4;2:cpu2:tiles4;3:cpu3:tiles4;4:cpu4:tiles4;5:cpu5:tiles4;6:cpu6:tiles4;7:cpu7:tiles4","NA",static,0,"NA","NA","/home/bananapi/MAT/kernels riscv rvv 1.0/FINAL/riscv-rvv-ime-gemm-microkernels-updated/HETEROGENEOUS_RVV_IME_OPENMP_GEMM/results/openmp_results_k1-rvv_1024_20260904_054843/raw_logs/GEMM_RVV_FP64_INT8_8x4_Baseline_RVV_DGEMM_FP64_8x4_dgemm_kernel_8x4_zvl256b_lmul2_unroll2_run2.log",NA,NA,NA,NA,NA,NA,NA
2026-09-04T06:58:11,k1-rvv,"GEMM_RVV_FP64_INT8_8x4_Baseline","RVV_DGEMM_FP64_8x4","dgemm_kernel_8x4_zvl256b_lmul2_unroll2",8x4,256b,2,2,FP64_RVV,0-7,8,8,1024,1024,1024,32,3,OK,0,NONE,0.492791127,GFLOPS,4.357797,parallel_tiles_including_required_packing,DISABLED,0,0,"0:cpu0:tiles4;1:cpu1:tiles4;2:cpu2:tiles4;3:cpu3:tiles4;4:cpu4:tiles4;5:cpu5:tiles4;6:cpu6:tiles4;7:cpu7:tiles4","NA",static,0,"NA","NA","/home/bananapi/MAT/kernels riscv rvv 1.0/FINAL/riscv-rvv-ime-gemm-microkernels-updated/HETEROGENEOUS_RVV_IME_OPENMP_GEMM/results/openmp_results_k1-rvv_1024_20260904_054843/raw_logs/GEMM_RVV_FP64_INT8_8x4_Baseline_RVV_DGEMM_FP64_8x4_dgemm_kernel_8x4_zvl256b_lmul2_unroll2_run3.log",NA,NA,NA,NA,NA,NA,NA
2026-09-04T06:58:13,k1-rvv,"GEMM_RVV_FP64_INT8_8x4_Baseline","RVV_DGEMM_FP64_8x4","dgemm_kernel_8x4_zvl256b_lmul2_unroll2",8x4,256b,2,2,FP64_RVV,0-7,8,8,1024,1024,1024,32,4,OK,0,NONE,0.492960293,GFLOPS,4.356301,parallel_tiles_including_required_packing,DISABLED,0,0,"0:cpu0:tiles4;1:cpu1:tiles4;2:cpu2:tiles4;3:cpu3:tiles4;4:cpu4:tiles4;5:cpu5:tiles4;6:cpu6:tiles4;7:cpu7:tiles4","NA",static,0,"NA","NA","/home/bananapi/MAT/kernels riscv rvv 1.0/FINAL/riscv-rvv-ime-gemm-microkernels-updated/HETEROGENEOUS_RVV_IME_OPENMP_GEMM/results/openmp_results_k1-rvv_1024_20260904_054843/raw_logs/GEMM_RVV_FP64_INT8_8x4_Baseline_RVV_DGEMM_FP64_8x4_dgemm_kernel_8x4_zvl256b_lmul2_unroll2_run4.log",NA,NA,NA,NA,NA,NA,NA
2026-09-04T06:58:14,k1-rvv,"GEMM_RVV_FP64_INT8_8x4_Baseline","RVV_DGEMM_FP64_8x4","dgemm_kernel_8x4_zvl256b_lmul2_unroll2",8x4,256b,2,2,FP64_RVV,0-7,8,8,1024,1024,1024,32,5,OK,0,NONE,0.492470752,GFLOPS,4.360632,parallel_tiles_including_required_packing,DISABLED,0,0,"0:cpu0:tiles4;1:cpu1:tiles4;2:cpu2:tiles4;3:cpu3:tiles4;4:cpu4:tiles4;5:cpu5:tiles4;6:cpu6:tiles4;7:cpu7:tiles4","NA",static,0,"NA","NA","/home/bananapi/MAT/kernels riscv rvv 1.0/FINAL/riscv-rvv-ime-gemm-microkernels-updated/HETEROGENEOUS_RVV_IME_OPENMP_GEMM/results/openmp_results_k1-rvv_1024_20260904_054843/raw_logs/GEMM_RVV_FP64_INT8_8x4_Baseline_RVV_DGEMM_FP64_8x4_dgemm_kernel_8x4_zvl256b_lmul2_unroll2_run5.log",NA,NA,NA,NA,NA,NA,NA
2026-09-04T06:58:16,k1-rvv,"GEMM_RVV_FP64_INT8_8x4_Baseline","RVV_DGEMM_FP64_8x4","dgemm_kernel_8x4_zvl256b_lmul2_unroll2",8x4,256b,2,2,FP64_RVV,0-7,8,8,1024,1024,1024,32,6,OK,0,NONE,0.496313334,GFLOPS,4.326871,parallel_tiles_including_required_packing,DISABLED,0,0,"0:cpu0:tiles4;1:cpu1:tiles4;2:cpu2:tiles4;3:cpu3:tiles4;4:cpu4:tiles4;5:cpu5:tiles4;6:cpu6:tiles4;7:cpu7:tiles4","NA",static,0,"NA","NA","/home/bananapi/MAT/kernels riscv rvv 1.0/FINAL/riscv-rvv-ime-gemm-microkernels-updated/HETEROGENEOUS_RVV_IME_OPENMP_GEMM/results/openmp_results_k1-rvv_1024_20260904_054843/raw_logs/GEMM_RVV_FP64_INT8_8x4_Baseline_RVV_DGEMM_FP64_8x4_dgemm_kernel_8x4_zvl256b_lmul2_unroll2_run6.log",NA,NA,NA,NA,NA,NA,NA
2026-09-04T06:59:55,k1-rvv,"GEMM_RVV_FP64_INT8_8x4_Baseline","RVV_DGEMM_FP64_8x4","dgemm_kernel_8x4_zvl256b_lmul2_unroll4",8x4,256b,2,4,FP64_RVV,0-7,8,8,1024,1024,1024,32,1,OK,0,NONE,0.502333499,GFLOPS,4.275016,parallel_tiles_including_required_packing,INDEPENDENT_GEMM_FP_TOLERANCE,0,7.1054273576010019e-14,"0:cpu0:tiles4;1:cpu1:tiles4;2:cpu2:tiles4;3:cpu3:tiles4;4:cpu4:tiles4;5:cpu5:tiles4;6:cpu6:tiles4;7:cpu7:tiles4","NA",static,0,"NA","NA","/home/bananapi/MAT/kernels riscv rvv 1.0/FINAL/riscv-rvv-ime-gemm-microkernels-updated/HETEROGENEOUS_RVV_IME_OPENMP_GEMM/results/openmp_results_k1-rvv_1024_20260904_054843/raw_logs/GEMM_RVV_FP64_INT8_8x4_Baseline_RVV_DGEMM_FP64_8x4_dgemm_kernel_8x4_zvl256b_lmul2_unroll4_run1.log",NA,NA,NA,NA,NA,NA,NA
2026-09-04T06:59:57,k1-rvv,"GEMM_RVV_FP64_INT8_8x4_Baseline","RVV_DGEMM_FP64_8x4","dgemm_kernel_8x4_zvl256b_lmul2_unroll4",8x4,256b,2,4,FP64_RVV,0-7,8,8,1024,1024,1024,32,2,OK,0,NONE,0.481107585,GFLOPS,4.463625,parallel_tiles_including_required_packing,DISABLED,0,0,"0:cpu0:tiles4;1:cpu1:tiles4;2:cpu2:tiles4;3:cpu3:tiles4;4:cpu4:tiles4;5:cpu5:tiles4;6:cpu6:tiles4;7:cpu7:tiles4","NA",static,0,"NA","NA","/home/bananapi/MAT/kernels riscv rvv 1.0/FINAL/riscv-rvv-ime-gemm-microkernels-updated/HETEROGENEOUS_RVV_IME_OPENMP_GEMM/results/openmp_results_k1-rvv_1024_20260904_054843/raw_logs/GEMM_RVV_FP64_INT8_8x4_Baseline_RVV_DGEMM_FP64_8x4_dgemm_kernel_8x4_zvl256b_lmul2_unroll4_run2.log",NA,NA,NA,NA,NA,NA,NA
2026-09-04T06:59:58,k1-rvv,"GEMM_RVV_FP64_INT8_8x4_Baseline","RVV_DGEMM_FP64_8x4","dgemm_kernel_8x4_zvl256b_lmul2_unroll4",8x4,256b,2,4,FP64_RVV,0-7,8,8,1024,1024,1024,32,3,OK,0,NONE,0.491387792,GFLOPS,4.370242,parallel_tiles_including_required_packing,DISABLED,0,0,"0:cpu0:tiles4;1:cpu1:tiles4;2:cpu2:tiles4;3:cpu3:tiles4;4:cpu4:tiles4;5:cpu5:tiles4;6:cpu6:tiles4;7:cpu7:tiles4","NA",static,0,"NA","NA","/home/bananapi/MAT/kernels riscv rvv 1.0/FINAL/riscv-rvv-ime-gemm-microkernels-updated/HETEROGENEOUS_RVV_IME_OPENMP_GEMM/results/openmp_results_k1-rvv_1024_20260904_054843/raw_logs/GEMM_RVV_FP64_INT8_8x4_Baseline_RVV_DGEMM_FP64_8x4_dgemm_kernel_8x4_zvl256b_lmul2_unroll4_run3.log",NA,NA,NA,NA,NA,NA,NA
2026-09-04T07:00:00,k1-rvv,"GEMM_RVV_FP64_INT8_8x4_Baseline","RVV_DGEMM_FP64_8x4","dgemm_kernel_8x4_zvl256b_lmul2_unroll4",8x4,256b,2,4,FP64_RVV,0-7,8,8,1024,1024,1024,32,4,OK,0,NONE,0.497882124,GFLOPS,4.313237,parallel_tiles_including_required_packing,DISABLED,0,0,"0:cpu0:tiles4;1:cpu1:tiles4;2:cpu2:tiles4;3:cpu3:tiles4;4:cpu4:tiles4;5:cpu5:tiles4;6:cpu6:tiles4;7:cpu7:tiles4","NA",static,0,"NA","NA","/home/bananapi/MAT/kernels riscv rvv 1.0/FINAL/riscv-rvv-ime-gemm-microkernels-updated/HETEROGENEOUS_RVV_IME_OPENMP_GEMM/results/openmp_results_k1-rvv_1024_20260904_054843/raw_logs/GEMM_RVV_FP64_INT8_8x4_Baseline_RVV_DGEMM_FP64_8x4_dgemm_kernel_8x4_zvl256b_lmul2_unroll4_run4.log",NA,NA,NA,NA,NA,NA,NA
2026-09-04T07:00:01,k1-rvv,"GEMM_RVV_FP64_INT8_8x4_Baseline","RVV_DGEMM_FP64_8x4","dgemm_kernel_8x4_zvl256b_lmul2_unroll4",8x4,256b,2,4,FP64_RVV,0-7,8,8,1024,1024,1024,32,5,OK,0,NONE,0.487536628,GFLOPS,4.404764,parallel_tiles_including_required_packing,DISABLED,0,0,"0:cpu0:tiles4;1:cpu1:tiles4;2:cpu2:tiles4;3:cpu3:tiles4;4:cpu4:tiles4;5:cpu5:tiles4;6:cpu6:tiles4;7:cpu7:tiles4","NA",static,0,"NA","NA","/home/bananapi/MAT/kernels riscv rvv 1.0/FINAL/riscv-rvv-ime-gemm-microkernels-updated/HETEROGENEOUS_RVV_IME_OPENMP_GEMM/results/openmp_results_k1-rvv_1024_20260904_054843/raw_logs/GEMM_RVV_FP64_INT8_8x4_Baseline_RVV_DGEMM_FP64_8x4_dgemm_kernel_8x4_zvl256b_lmul2_unroll4_run5.log",NA,NA,NA,NA,NA,NA,NA
2026-09-04T07:00:02,k1-rvv,"GEMM_RVV_FP64_INT8_8x4_Baseline","RVV_DGEMM_FP64_8x4","dgemm_kernel_8x4_zvl256b_lmul2_unroll4",8x4,256b,2,4,FP64_RVV,0-7,8,8,1024,1024,1024,32,6,OK,0,NONE,0.503657628,GFLOPS,4.263777,parallel_tiles_including_required_packing,DISABLED,0,0,"0:cpu0:tiles4;1:cpu1:tiles4;2:cpu2:tiles4;3:cpu3:tiles4;4:cpu4:tiles4;5:cpu5:tiles4;6:cpu6:tiles4;7:cpu7:tiles4","NA",static,0,"NA","NA","/home/bananapi/MAT/kernels riscv rvv 1.0/FINAL/riscv-rvv-ime-gemm-microkernels-updated/HETEROGENEOUS_RVV_IME_OPENMP_GEMM/results/openmp_results_k1-rvv_1024_20260904_054843/raw_logs/GEMM_RVV_FP64_INT8_8x4_Baseline_RVV_DGEMM_FP64_8x4_dgemm_kernel_8x4_zvl256b_lmul2_unroll4_run6.log",NA,NA,NA,NA,NA,NA,NA
2026-09-04T07:01:42,k1-rvv,"GEMM_RVV_FP64_INT8_8x4_Baseline","RVV_DGEMM_FP64_8x4","dgemm_kernel_8x4_zvl256b_lmul2_unroll8",8x4,256b,2,8,FP64_RVV,0-7,8,8,1024,1024,1024,32,1,OK,0,NONE,0.495935418,GFLOPS,4.330168,parallel_tiles_including_required_packing,INDEPENDENT_GEMM_FP_TOLERANCE,0,7.1054273576010019e-14,"0:cpu0:tiles4;1:cpu1:tiles4;2:cpu2:tiles4;3:cpu3:tiles4;4:cpu4:tiles4;5:cpu5:tiles4;6:cpu6:tiles4;7:cpu7:tiles4","NA",static,0,"NA","NA","/home/bananapi/MAT/kernels riscv rvv 1.0/FINAL/riscv-rvv-ime-gemm-microkernels-updated/HETEROGENEOUS_RVV_IME_OPENMP_GEMM/results/openmp_results_k1-rvv_1024_20260904_054843/raw_logs/GEMM_RVV_FP64_INT8_8x4_Baseline_RVV_DGEMM_FP64_8x4_dgemm_kernel_8x4_zvl256b_lmul2_unroll8_run1.log",NA,NA,NA,NA,NA,NA,NA
2026-09-04T07:01:43,k1-rvv,"GEMM_RVV_FP64_INT8_8x4_Baseline","RVV_DGEMM_FP64_8x4","dgemm_kernel_8x4_zvl256b_lmul2_unroll8",8x4,256b,2,8,FP64_RVV,0-7,8,8,1024,1024,1024,32,2,OK,0,NONE,0.493067708,GFLOPS,4.355352,parallel_tiles_including_required_packing,DISABLED,0,0,"0:cpu0:tiles4;1:cpu1:tiles4;2:cpu2:tiles4;3:cpu3:tiles4;4:cpu4:tiles4;5:cpu5:tiles4;6:cpu6:tiles4;7:cpu7:tiles4","NA",static,0,"NA","NA","/home/bananapi/MAT/kernels riscv rvv 1.0/FINAL/riscv-rvv-ime-gemm-microkernels-updated/HETEROGENEOUS_RVV_IME_OPENMP_GEMM/results/openmp_results_k1-rvv_1024_20260904_054843/raw_logs/GEMM_RVV_FP64_INT8_8x4_Baseline_RVV_DGEMM_FP64_8x4_dgemm_kernel_8x4_zvl256b_lmul2_unroll8_run2.log",NA,NA,NA,NA,NA,NA,NA
2026-09-04T07:01:45,k1-rvv,"GEMM_RVV_FP64_INT8_8x4_Baseline","RVV_DGEMM_FP64_8x4","dgemm_kernel_8x4_zvl256b_lmul2_unroll8",8x4,256b,2,8,FP64_RVV,0-7,8,8,1024,1024,1024,32,3,OK,0,NONE,0.487166166,GFLOPS,4.408113,parallel_tiles_including_required_packing,DISABLED,0,0,"0:cpu0:tiles4;1:cpu1:tiles4;2:cpu2:tiles4;3:cpu3:tiles4;4:cpu4:tiles4;5:cpu5:tiles4;6:cpu6:tiles4;7:cpu7:tiles4","NA",static,0,"NA","NA","/home/bananapi/MAT/kernels riscv rvv 1.0/FINAL/riscv-rvv-ime-gemm-microkernels-updated/HETEROGENEOUS_RVV_IME_OPENMP_GEMM/results/openmp_results_k1-rvv_1024_20260904_054843/raw_logs/GEMM_RVV_FP64_INT8_8x4_Baseline_RVV_DGEMM_FP64_8x4_dgemm_kernel_8x4_zvl256b_lmul2_unroll8_run3.log",NA,NA,NA,NA,NA,NA,NA
2026-09-04T07:01:46,k1-rvv,"GEMM_RVV_FP64_INT8_8x4_Baseline","RVV_DGEMM_FP64_8x4","dgemm_kernel_8x4_zvl256b_lmul2_unroll8",8x4,256b,2,8,FP64_RVV,0-7,8,8,1024,1024,1024,32,4,OK,0,NONE,0.492913000,GFLOPS,4.356719,parallel_tiles_including_required_packing,DISABLED,0,0,"0:cpu0:tiles4;1:cpu1:tiles4;2:cpu2:tiles4;3:cpu3:tiles4;4:cpu4:tiles4;5:cpu5:tiles4;6:cpu6:tiles4;7:cpu7:tiles4","NA",static,0,"NA","NA","/home/bananapi/MAT/kernels riscv rvv 1.0/FINAL/riscv-rvv-ime-gemm-microkernels-updated/HETEROGENEOUS_RVV_IME_OPENMP_GEMM/results/openmp_results_k1-rvv_1024_20260904_054843/raw_logs/GEMM_RVV_FP64_INT8_8x4_Baseline_RVV_DGEMM_FP64_8x4_dgemm_kernel_8x4_zvl256b_lmul2_unroll8_run4.log",NA,NA,NA,NA,NA,NA,NA
2026-09-04T07:01:48,k1-rvv,"GEMM_RVV_FP64_INT8_8x4_Baseline","RVV_DGEMM_FP64_8x4","dgemm_kernel_8x4_zvl256b_lmul2_unroll8",8x4,256b,2,8,FP64_RVV,0-7,8,8,1024,1024,1024,32,5,OK,0,NONE,0.491609503,GFLOPS,4.368271,parallel_tiles_including_required_packing,DISABLED,0,0,"0:cpu0:tiles4;1:cpu1:tiles4;2:cpu2:tiles4;3:cpu3:tiles4;4:cpu4:tiles4;5:cpu5:tiles4;6:cpu6:tiles4;7:cpu7:tiles4","NA",static,0,"NA","NA","/home/bananapi/MAT/kernels riscv rvv 1.0/FINAL/riscv-rvv-ime-gemm-microkernels-updated/HETEROGENEOUS_RVV_IME_OPENMP_GEMM/results/openmp_results_k1-rvv_1024_20260904_054843/raw_logs/GEMM_RVV_FP64_INT8_8x4_Baseline_RVV_DGEMM_FP64_8x4_dgemm_kernel_8x4_zvl256b_lmul2_unroll8_run5.log",NA,NA,NA,NA,NA,NA,NA
2026-09-04T07:01:49,k1-rvv,"GEMM_RVV_FP64_INT8_8x4_Baseline","RVV_DGEMM_FP64_8x4","dgemm_kernel_8x4_zvl256b_lmul2_unroll8",8x4,256b,2,8,FP64_RVV,0-7,8,8,1024,1024,1024,32,6,OK,0,NONE,0.489550959,GFLOPS,4.386640,parallel_tiles_including_required_packing,DISABLED,0,0,"0:cpu0:tiles4;1:cpu1:tiles4;2:cpu2:tiles4;3:cpu3:tiles4;4:cpu4:tiles4;5:cpu5:tiles4;6:cpu6:tiles4;7:cpu7:tiles4","NA",static,0,"NA","NA","/home/bananapi/MAT/kernels riscv rvv 1.0/FINAL/riscv-rvv-ime-gemm-microkernels-updated/HETEROGENEOUS_RVV_IME_OPENMP_GEMM/results/openmp_results_k1-rvv_1024_20260904_054843/raw_logs/GEMM_RVV_FP64_INT8_8x4_Baseline_RVV_DGEMM_FP64_8x4_dgemm_kernel_8x4_zvl256b_lmul2_unroll8_run6.log",NA,NA,NA,NA,NA,NA,NA
2026-09-04T07:03:27,k1-rvv,"GEMM_RVV_FP64_INT8_8x4_Baseline","RVV_DGEMM_FP64_8x4","dgemm_kernel_8x4_zvl256b_lmul4_unroll1",8x4,256b,4,1,FP64_RVV,0-7,8,8,1024,1024,1024,32,1,OK,0,NONE,0.501881499,GFLOPS,4.278866,parallel_tiles_including_required_packing,INDEPENDENT_GEMM_FP_TOLERANCE,0,7.1054273576010019e-14,"0:cpu0:tiles4;1:cpu1:tiles4;2:cpu2:tiles4;3:cpu3:tiles4;4:cpu4:tiles4;5:cpu5:tiles4;6:cpu6:tiles4;7:cpu7:tiles4","NA",static,0,"NA","NA","/home/bananapi/MAT/kernels riscv rvv 1.0/FINAL/riscv-rvv-ime-gemm-microkernels-updated/HETEROGENEOUS_RVV_IME_OPENMP_GEMM/results/openmp_results_k1-rvv_1024_20260904_054843/raw_logs/GEMM_RVV_FP64_INT8_8x4_Baseline_RVV_DGEMM_FP64_8x4_dgemm_kernel_8x4_zvl256b_lmul4_unroll1_run1.log",NA,NA,NA,NA,NA,NA,NA
2026-09-04T07:03:29,k1-rvv,"GEMM_RVV_FP64_INT8_8x4_Baseline","RVV_DGEMM_FP64_8x4","dgemm_kernel_8x4_zvl256b_lmul4_unroll1",8x4,256b,4,1,FP64_RVV,0-7,8,8,1024,1024,1024,32,2,OK,0,NONE,0.495145209,GFLOPS,4.337079,parallel_tiles_including_required_packing,DISABLED,0,0,"0:cpu0:tiles4;1:cpu1:tiles4;2:cpu2:tiles4;3:cpu3:tiles4;4:cpu4:tiles4;5:cpu5:tiles4;6:cpu6:tiles4;7:cpu7:tiles4","NA",static,0,"NA","NA","/home/bananapi/MAT/kernels riscv rvv 1.0/FINAL/riscv-rvv-ime-gemm-microkernels-updated/HETEROGENEOUS_RVV_IME_OPENMP_GEMM/results/openmp_results_k1-rvv_1024_20260904_054843/raw_logs/GEMM_RVV_FP64_INT8_8x4_Baseline_RVV_DGEMM_FP64_8x4_dgemm_kernel_8x4_zvl256b_lmul4_unroll1_run2.log",NA,NA,NA,NA,NA,NA,NA
2026-09-04T07:03:30,k1-rvv,"GEMM_RVV_FP64_INT8_8x4_Baseline","RVV_DGEMM_FP64_8x4","dgemm_kernel_8x4_zvl256b_lmul4_unroll1",8x4,256b,4,1,FP64_RVV,0-7,8,8,1024,1024,1024,32,3,OK,0,NONE,0.491850749,GFLOPS,4.366129,parallel_tiles_including_required_packing,DISABLED,0,0,"0:cpu0:tiles4;1:cpu1:tiles4;2:cpu2:tiles4;3:cpu3:tiles4;4:cpu4:tiles4;5:cpu5:tiles4;6:cpu6:tiles4;7:cpu7:tiles4","NA",static,0,"NA","NA","/home/bananapi/MAT/kernels riscv rvv 1.0/FINAL/riscv-rvv-ime-gemm-microkernels-updated/HETEROGENEOUS_RVV_IME_OPENMP_GEMM/results/openmp_results_k1-rvv_1024_20260904_054843/raw_logs/GEMM_RVV_FP64_INT8_8x4_Baseline_RVV_DGEMM_FP64_8x4_dgemm_kernel_8x4_zvl256b_lmul4_unroll1_run3.log",NA,NA,NA,NA,NA,NA,NA
2026-09-04T07:03:32,k1-rvv,"GEMM_RVV_FP64_INT8_8x4_Baseline","RVV_DGEMM_FP64_8x4","dgemm_kernel_8x4_zvl256b_lmul4_unroll1",8x4,256b,4,1,FP64_RVV,0-7,8,8,1024,1024,1024,32,4,OK,0,NONE,0.493822541,GFLOPS,4.348695,parallel_tiles_including_required_packing,DISABLED,0,0,"0:cpu0:tiles4;1:cpu1:tiles4;2:cpu2:tiles4;3:cpu3:tiles4;4:cpu4:tiles4;5:cpu5:tiles4;6:cpu6:tiles4;7:cpu7:tiles4","NA",static,0,"NA","NA","/home/bananapi/MAT/kernels riscv rvv 1.0/FINAL/riscv-rvv-ime-gemm-microkernels-updated/HETEROGENEOUS_RVV_IME_OPENMP_GEMM/results/openmp_results_k1-rvv_1024_20260904_054843/raw_logs/GEMM_RVV_FP64_INT8_8x4_Baseline_RVV_DGEMM_FP64_8x4_dgemm_kernel_8x4_zvl256b_lmul4_unroll1_run4.log",NA,NA,NA,NA,NA,NA,NA
2026-09-04T07:03:33,k1-rvv,"GEMM_RVV_FP64_INT8_8x4_Baseline","RVV_DGEMM_FP64_8x4","dgemm_kernel_8x4_zvl256b_lmul4_unroll1",8x4,256b,4,1,FP64_RVV,0-7,8,8,1024,1024,1024,32,5,OK,0,NONE,0.497901041,GFLOPS,4.313073,parallel_tiles_including_required_packing,DISABLED,0,0,"0:cpu0:tiles4;1:cpu1:tiles4;2:cpu2:tiles4;3:cpu3:tiles4;4:cpu4:tiles4;5:cpu5:tiles4;6:cpu6:tiles4;7:cpu7:tiles4","NA",static,0,"NA","NA","/home/bananapi/MAT/kernels riscv rvv 1.0/FINAL/riscv-rvv-ime-gemm-microkernels-updated/HETEROGENEOUS_RVV_IME_OPENMP_GEMM/results/openmp_results_k1-rvv_1024_20260904_054843/raw_logs/GEMM_RVV_FP64_INT8_8x4_Baseline_RVV_DGEMM_FP64_8x4_dgemm_kernel_8x4_zvl256b_lmul4_unroll1_run5.log",NA,NA,NA,NA,NA,NA,NA
2026-09-04T07:03:35,k1-rvv,"GEMM_RVV_FP64_INT8_8x4_Baseline","RVV_DGEMM_FP64_8x4","dgemm_kernel_8x4_zvl256b_lmul4_unroll1",8x4,256b,4,1,FP64_RVV,0-7,8,8,1024,1024,1024,32,6,OK,0,NONE,0.499137666,GFLOPS,4.302387,parallel_tiles_including_required_packing,DISABLED,0,0,"0:cpu0:tiles4;1:cpu1:tiles4;2:cpu2:tiles4;3:cpu3:tiles4;4:cpu4:tiles4;5:cpu5:tiles4;6:cpu6:tiles4;7:cpu7:tiles4","NA",static,0,"NA","NA","/home/bananapi/MAT/kernels riscv rvv 1.0/FINAL/riscv-rvv-ime-gemm-microkernels-updated/HETEROGENEOUS_RVV_IME_OPENMP_GEMM/results/openmp_results_k1-rvv_1024_20260904_054843/raw_logs/GEMM_RVV_FP64_INT8_8x4_Baseline_RVV_DGEMM_FP64_8x4_dgemm_kernel_8x4_zvl256b_lmul4_unroll1_run6.log",NA,NA,NA,NA,NA,NA,NA
2026-09-04T07:05:13,k1-rvv,"GEMM_RVV_FP64_INT8_8x4_Baseline","RVV_DGEMM_FP64_8x4","dgemm_kernel_8x4_zvl256b_lmul4_unroll2",8x4,256b,4,2,FP64_RVV,0-7,8,8,1024,1024,1024,32,1,OK,0,NONE,0.499372583,GFLOPS,4.300364,parallel_tiles_including_required_packing,INDEPENDENT_GEMM_FP_TOLERANCE,0,7.1054273576010019e-14,"0:cpu0:tiles4;1:cpu1:tiles4;2:cpu2:tiles4;3:cpu3:tiles4;4:cpu4:tiles4;5:cpu5:tiles4;6:cpu6:tiles4;7:cpu7:tiles4","NA",static,0,"NA","NA","/home/bananapi/MAT/kernels riscv rvv 1.0/FINAL/riscv-rvv-ime-gemm-microkernels-updated/HETEROGENEOUS_RVV_IME_OPENMP_GEMM/results/openmp_results_k1-rvv_1024_20260904_054843/raw_logs/GEMM_RVV_FP64_INT8_8x4_Baseline_RVV_DGEMM_FP64_8x4_dgemm_kernel_8x4_zvl256b_lmul4_unroll2_run1.log",NA,NA,NA,NA,NA,NA,NA
2026-09-04T07:05:15,k1-rvv,"GEMM_RVV_FP64_INT8_8x4_Baseline","RVV_DGEMM_FP64_8x4","dgemm_kernel_8x4_zvl256b_lmul4_unroll2",8x4,256b,4,2,FP64_RVV,0-7,8,8,1024,1024,1024,32,2,OK,0,NONE,0.496957667,GFLOPS,4.321261,parallel_tiles_including_required_packing,DISABLED,0,0,"0:cpu0:tiles4;1:cpu1:tiles4;2:cpu2:tiles4;3:cpu3:tiles4;4:cpu4:tiles4;5:cpu5:tiles4;6:cpu6:tiles4;7:cpu7:tiles4","NA",static,0,"NA","NA","/home/bananapi/MAT/kernels riscv rvv 1.0/FINAL/riscv-rvv-ime-gemm-microkernels-updated/HETEROGENEOUS_RVV_IME_OPENMP_GEMM/results/openmp_results_k1-rvv_1024_20260904_054843/raw_logs/GEMM_RVV_FP64_INT8_8x4_Baseline_RVV_DGEMM_FP64_8x4_dgemm_kernel_8x4_zvl256b_lmul4_unroll2_run2.log",NA,NA,NA,NA,NA,NA,NA
2026-09-04T07:05:16,k1-rvv,"GEMM_RVV_FP64_INT8_8x4_Baseline","RVV_DGEMM_FP64_8x4","dgemm_kernel_8x4_zvl256b_lmul4_unroll2",8x4,256b,4,2,FP64_RVV,0-7,8,8,1024,1024,1024,32,3,OK,0,NONE,0.497173417,GFLOPS,4.319385,parallel_tiles_including_required_packing,DISABLED,0,0,"0:cpu0:tiles4;1:cpu1:tiles4;2:cpu2:tiles4;3:cpu3:tiles4;4:cpu4:tiles4;5:cpu5:tiles4;6:cpu6:tiles4;7:cpu7:tiles4","NA",static,0,"NA","NA","/home/bananapi/MAT/kernels riscv rvv 1.0/FINAL/riscv-rvv-ime-gemm-microkernels-updated/HETEROGENEOUS_RVV_IME_OPENMP_GEMM/results/openmp_results_k1-rvv_1024_20260904_054843/raw_logs/GEMM_RVV_FP64_INT8_8x4_Baseline_RVV_DGEMM_FP64_8x4_dgemm_kernel_8x4_zvl256b_lmul4_unroll2_run3.log",NA,NA,NA,NA,NA,NA,NA
2026-09-04T07:05:17,k1-rvv,"GEMM_RVV_FP64_INT8_8x4_Baseline","RVV_DGEMM_FP64_8x4","dgemm_kernel_8x4_zvl256b_lmul4_unroll2",8x4,256b,4,2,FP64_RVV,0-7,8,8,1024,1024,1024,32,4,OK,0,NONE,0.493691958,GFLOPS,4.349845,parallel_tiles_including_required_packing,DISABLED,0,0,"0:cpu0:tiles4;1:cpu1:tiles4;2:cpu2:tiles4;3:cpu3:tiles4;4:cpu4:tiles4;5:cpu5:tiles4;6:cpu6:tiles4;7:cpu7:tiles4","NA",static,0,"NA","NA","/home/bananapi/MAT/kernels riscv rvv 1.0/FINAL/riscv-rvv-ime-gemm-microkernels-updated/HETEROGENEOUS_RVV_IME_OPENMP_GEMM/results/openmp_results_k1-rvv_1024_20260904_054843/raw_logs/GEMM_RVV_FP64_INT8_8x4_Baseline_RVV_DGEMM_FP64_8x4_dgemm_kernel_8x4_zvl256b_lmul4_unroll2_run4.log",NA,NA,NA,NA,NA,NA,NA
2026-09-04T07:05:19,k1-rvv,"GEMM_RVV_FP64_INT8_8x4_Baseline","RVV_DGEMM_FP64_8x4","dgemm_kernel_8x4_zvl256b_lmul4_unroll2",8x4,256b,4,2,FP64_RVV,0-7,8,8,1024,1024,1024,32,5,OK,0,NONE,0.496966749,GFLOPS,4.321182,parallel_tiles_including_required_packing,DISABLED,0,0,"0:cpu0:tiles4;1:cpu1:tiles4;2:cpu2:tiles4;3:cpu3:tiles4;4:cpu4:tiles4;5:cpu5:tiles4;6:cpu6:tiles4;7:cpu7:tiles4","NA",static,0,"NA","NA","/home/bananapi/MAT/kernels riscv rvv 1.0/FINAL/riscv-rvv-ime-gemm-microkernels-updated/HETEROGENEOUS_RVV_IME_OPENMP_GEMM/results/openmp_results_k1-rvv_1024_20260904_054843/raw_logs/GEMM_RVV_FP64_INT8_8x4_Baseline_RVV_DGEMM_FP64_8x4_dgemm_kernel_8x4_zvl256b_lmul4_unroll2_run5.log",NA,NA,NA,NA,NA,NA,NA
2026-09-04T07:05:20,k1-rvv,"GEMM_RVV_FP64_INT8_8x4_Baseline","RVV_DGEMM_FP64_8x4","dgemm_kernel_8x4_zvl256b_lmul4_unroll2",8x4,256b,4,2,FP64_RVV,0-7,8,8,1024,1024,1024,32,6,OK,0,NONE,0.493916210,GFLOPS,4.347870,parallel_tiles_including_required_packing,DISABLED,0,0,"0:cpu0:tiles4;1:cpu1:tiles4;2:cpu2:tiles4;3:cpu3:tiles4;4:cpu4:tiles4;5:cpu5:tiles4;6:cpu6:tiles4;7:cpu7:tiles4","NA",static,0,"NA","NA","/home/bananapi/MAT/kernels riscv rvv 1.0/FINAL/riscv-rvv-ime-gemm-microkernels-updated/HETEROGENEOUS_RVV_IME_OPENMP_GEMM/results/openmp_results_k1-rvv_1024_20260904_054843/raw_logs/GEMM_RVV_FP64_INT8_8x4_Baseline_RVV_DGEMM_FP64_8x4_dgemm_kernel_8x4_zvl256b_lmul4_unroll2_run6.log",NA,NA,NA,NA,NA,NA,NA
2026-09-04T07:07:00,k1-rvv,"GEMM_RVV_FP64_INT8_8x4_Baseline","RVV_DGEMM_FP64_8x4","dgemm_kernel_8x4_zvl256b_lmul4_unroll4",8x4,256b,4,4,FP64_RVV,0-7,8,8,1024,1024,1024,32,1,OK,0,NONE,0.495834291,GFLOPS,4.331051,parallel_tiles_including_required_packing,INDEPENDENT_GEMM_FP_TOLERANCE,0,7.1054273576010019e-14,"0:cpu0:tiles4;1:cpu1:tiles4;2:cpu2:tiles4;3:cpu3:tiles4;4:cpu4:tiles4;5:cpu5:tiles4;6:cpu6:tiles4;7:cpu7:tiles4","NA",static,0,"NA","NA","/home/bananapi/MAT/kernels riscv rvv 1.0/FINAL/riscv-rvv-ime-gemm-microkernels-updated/HETEROGENEOUS_RVV_IME_OPENMP_GEMM/results/openmp_results_k1-rvv_1024_20260904_054843/raw_logs/GEMM_RVV_FP64_INT8_8x4_Baseline_RVV_DGEMM_FP64_8x4_dgemm_kernel_8x4_zvl256b_lmul4_unroll4_run1.log",NA,NA,NA,NA,NA,NA,NA
2026-09-04T07:07:02,k1-rvv,"GEMM_RVV_FP64_INT8_8x4_Baseline","RVV_DGEMM_FP64_8x4","dgemm_kernel_8x4_zvl256b_lmul4_unroll4",8x4,256b,4,4,FP64_RVV,0-7,8,8,1024,1024,1024,32,2,OK,0,NONE,0.492609877,GFLOPS,4.359400,parallel_tiles_including_required_packing,DISABLED,0,0,"0:cpu0:tiles4;1:cpu1:tiles4;2:cpu2:tiles4;3:cpu3:tiles4;4:cpu4:tiles4;5:cpu5:tiles4;6:cpu6:tiles4;7:cpu7:tiles4","NA",static,0,"NA","NA","/home/bananapi/MAT/kernels riscv rvv 1.0/FINAL/riscv-rvv-ime-gemm-microkernels-updated/HETEROGENEOUS_RVV_IME_OPENMP_GEMM/results/openmp_results_k1-rvv_1024_20260904_054843/raw_logs/GEMM_RVV_FP64_INT8_8x4_Baseline_RVV_DGEMM_FP64_8x4_dgemm_kernel_8x4_zvl256b_lmul4_unroll4_run2.log",NA,NA,NA,NA,NA,NA,NA
2026-09-04T07:07:03,k1-rvv,"GEMM_RVV_FP64_INT8_8x4_Baseline","RVV_DGEMM_FP64_8x4","dgemm_kernel_8x4_zvl256b_lmul4_unroll4",8x4,256b,4,4,FP64_RVV,0-7,8,8,1024,1024,1024,32,3,OK,0,NONE,0.493018083,GFLOPS,4.355791,parallel_tiles_including_required_packing,DISABLED,0,0,"0:cpu0:tiles4;1:cpu1:tiles4;2:cpu2:tiles4;3:cpu3:tiles4;4:cpu4:tiles4;5:cpu5:tiles4;6:cpu6:tiles4;7:cpu7:tiles4","NA",static,0,"NA","NA","/home/bananapi/MAT/kernels riscv rvv 1.0/FINAL/riscv-rvv-ime-gemm-microkernels-updated/HETEROGENEOUS_RVV_IME_OPENMP_GEMM/results/openmp_results_k1-rvv_1024_20260904_054843/raw_logs/GEMM_RVV_FP64_INT8_8x4_Baseline_RVV_DGEMM_FP64_8x4_dgemm_kernel_8x4_zvl256b_lmul4_unroll4_run3.log",NA,NA,NA,NA,NA,NA,NA
2026-09-04T07:07:05,k1-rvv,"GEMM_RVV_FP64_INT8_8x4_Baseline","RVV_DGEMM_FP64_8x4","dgemm_kernel_8x4_zvl256b_lmul4_unroll4",8x4,256b,4,4,FP64_RVV,0-7,8,8,1024,1024,1024,32,4,OK,0,NONE,0.486278165,GFLOPS,4.416163,parallel_tiles_including_required_packing,DISABLED,0,0,"0:cpu0:tiles4;1:cpu1:tiles4;2:cpu2:tiles4;3:cpu3:tiles4;4:cpu4:tiles4;5:cpu5:tiles4;6:cpu6:tiles4;7:cpu7:tiles4","NA",static,0,"NA","NA","/home/bananapi/MAT/kernels riscv rvv 1.0/FINAL/riscv-rvv-ime-gemm-microkernels-updated/HETEROGENEOUS_RVV_IME_OPENMP_GEMM/results/openmp_results_k1-rvv_1024_20260904_054843/raw_logs/GEMM_RVV_FP64_INT8_8x4_Baseline_RVV_DGEMM_FP64_8x4_dgemm_kernel_8x4_zvl256b_lmul4_unroll4_run4.log",NA,NA,NA,NA,NA,NA,NA
2026-09-04T07:07:06,k1-rvv,"GEMM_RVV_FP64_INT8_8x4_Baseline","RVV_DGEMM_FP64_8x4","dgemm_kernel_8x4_zvl256b_lmul4_unroll4",8x4,256b,4,4,FP64_RVV,0-7,8,8,1024,1024,1024,32,5,OK,0,NONE,0.497618917,GFLOPS,4.315519,parallel_tiles_including_required_packing,DISABLED,0,0,"0:cpu0:tiles4;1:cpu1:tiles4;2:cpu2:tiles4;3:cpu3:tiles4;4:cpu4:tiles4;5:cpu5:tiles4;6:cpu6:tiles4;7:cpu7:tiles4","NA",static,0,"NA","NA","/home/bananapi/MAT/kernels riscv rvv 1.0/FINAL/riscv-rvv-ime-gemm-microkernels-updated/HETEROGENEOUS_RVV_IME_OPENMP_GEMM/results/openmp_results_k1-rvv_1024_20260904_054843/raw_logs/GEMM_RVV_FP64_INT8_8x4_Baseline_RVV_DGEMM_FP64_8x4_dgemm_kernel_8x4_zvl256b_lmul4_unroll4_run5.log",NA,NA,NA,NA,NA,NA,NA
2026-09-04T07:07:08,k1-rvv,"GEMM_RVV_FP64_INT8_8x4_Baseline","RVV_DGEMM_FP64_8x4","dgemm_kernel_8x4_zvl256b_lmul4_unroll4",8x4,256b,4,4,FP64_RVV,0-7,8,8,1024,1024,1024,32,6,OK,0,NONE,0.498974539,GFLOPS,4.303794,parallel_tiles_including_required_packing,DISABLED,0,0,"0:cpu0:tiles4;1:cpu1:tiles4;2:cpu2:tiles4;3:cpu3:tiles4;4:cpu4:tiles4;5:cpu5:tiles4;6:cpu6:tiles4;7:cpu7:tiles4","NA",static,0,"NA","NA","/home/bananapi/MAT/kernels riscv rvv 1.0/FINAL/riscv-rvv-ime-gemm-microkernels-updated/HETEROGENEOUS_RVV_IME_OPENMP_GEMM/results/openmp_results_k1-rvv_1024_20260904_054843/raw_logs/GEMM_RVV_FP64_INT8_8x4_Baseline_RVV_DGEMM_FP64_8x4_dgemm_kernel_8x4_zvl256b_lmul4_unroll4_run6.log",NA,NA,NA,NA,NA,NA,NA
2026-09-04T07:08:49,k1-rvv,"GEMM_RVV_FP64_INT8_8x4_Baseline","RVV_DGEMM_FP64_8x4","dgemm_kernel_8x4_zvl256b_lmul4_unroll8",8x4,256b,4,8,FP64_RVV,0-7,8,8,1024,1024,1024,32,1,OK,0,NONE,0.502216458,GFLOPS,4.276012,parallel_tiles_including_required_packing,INDEPENDENT_GEMM_FP_TOLERANCE,0,7.1054273576010019e-14,"0:cpu0:tiles4;1:cpu1:tiles4;2:cpu2:tiles4;3:cpu3:tiles4;4:cpu4:tiles4;5:cpu5:tiles4;6:cpu6:tiles4;7:cpu7:tiles4","NA",static,0,"NA","NA","/home/bananapi/MAT/kernels riscv rvv 1.0/FINAL/riscv-rvv-ime-gemm-microkernels-updated/HETEROGENEOUS_RVV_IME_OPENMP_GEMM/results/openmp_results_k1-rvv_1024_20260904_054843/raw_logs/GEMM_RVV_FP64_INT8_8x4_Baseline_RVV_DGEMM_FP64_8x4_dgemm_kernel_8x4_zvl256b_lmul4_unroll8_run1.log",NA,NA,NA,NA,NA,NA,NA
2026-09-04T07:08:50,k1-rvv,"GEMM_RVV_FP64_INT8_8x4_Baseline","RVV_DGEMM_FP64_8x4","dgemm_kernel_8x4_zvl256b_lmul4_unroll8",8x4,256b,4,8,FP64_RVV,0-7,8,8,1024,1024,1024,32,2,OK,0,NONE,0.494243000,GFLOPS,4.344996,parallel_tiles_including_required_packing,DISABLED,0,0,"0:cpu0:tiles4;1:cpu1:tiles4;2:cpu2:tiles4;3:cpu3:tiles4;4:cpu4:tiles4;5:cpu5:tiles4;6:cpu6:tiles4;7:cpu7:tiles4","NA",static,0,"NA","NA","/home/bananapi/MAT/kernels riscv rvv 1.0/FINAL/riscv-rvv-ime-gemm-microkernels-updated/HETEROGENEOUS_RVV_IME_OPENMP_GEMM/results/openmp_results_k1-rvv_1024_20260904_054843/raw_logs/GEMM_RVV_FP64_INT8_8x4_Baseline_RVV_DGEMM_FP64_8x4_dgemm_kernel_8x4_zvl256b_lmul4_unroll8_run2.log",NA,NA,NA,NA,NA,NA,NA
2026-09-04T07:08:51,k1-rvv,"GEMM_RVV_FP64_INT8_8x4_Baseline","RVV_DGEMM_FP64_8x4","dgemm_kernel_8x4_zvl256b_lmul4_unroll8",8x4,256b,4,8,FP64_RVV,0-7,8,8,1024,1024,1024,32,3,OK,0,NONE,0.492055502,GFLOPS,4.364312,parallel_tiles_including_required_packing,DISABLED,0,0,"0:cpu0:tiles4;1:cpu1:tiles4;2:cpu2:tiles4;3:cpu3:tiles4;4:cpu4:tiles4;5:cpu5:tiles4;6:cpu6:tiles4;7:cpu7:tiles4","NA",static,0,"NA","NA","/home/bananapi/MAT/kernels riscv rvv 1.0/FINAL/riscv-rvv-ime-gemm-microkernels-updated/HETEROGENEOUS_RVV_IME_OPENMP_GEMM/results/openmp_results_k1-rvv_1024_20260904_054843/raw_logs/GEMM_RVV_FP64_INT8_8x4_Baseline_RVV_DGEMM_FP64_8x4_dgemm_kernel_8x4_zvl256b_lmul4_unroll8_run3.log",NA,NA,NA,NA,NA,NA,NA
2026-09-04T07:08:53,k1-rvv,"GEMM_RVV_FP64_INT8_8x4_Baseline","RVV_DGEMM_FP64_8x4","dgemm_kernel_8x4_zvl256b_lmul4_unroll8",8x4,256b,4,8,FP64_RVV,0-7,8,8,1024,1024,1024,32,4,OK,0,NONE,0.492634498,GFLOPS,4.359182,parallel_tiles_including_required_packing,DISABLED,0,0,"0:cpu0:tiles4;1:cpu1:tiles4;2:cpu2:tiles4;3:cpu3:tiles4;4:cpu4:tiles4;5:cpu5:tiles4;6:cpu6:tiles4;7:cpu7:tiles4","NA",static,0,"NA","NA","/home/bananapi/MAT/kernels riscv rvv 1.0/FINAL/riscv-rvv-ime-gemm-microkernels-updated/HETEROGENEOUS_RVV_IME_OPENMP_GEMM/results/openmp_results_k1-rvv_1024_20260904_054843/raw_logs/GEMM_RVV_FP64_INT8_8x4_Baseline_RVV_DGEMM_FP64_8x4_dgemm_kernel_8x4_zvl256b_lmul4_unroll8_run4.log",NA,NA,NA,NA,NA,NA,NA
2026-09-04T07:08:54,k1-rvv,"GEMM_RVV_FP64_INT8_8x4_Baseline","RVV_DGEMM_FP64_8x4","dgemm_kernel_8x4_zvl256b_lmul4_unroll8",8x4,256b,4,8,FP64_RVV,0-7,8,8,1024,1024,1024,32,5,OK,0,NONE,0.494365875,GFLOPS,4.343916,parallel_tiles_including_required_packing,DISABLED,0,0,"0:cpu0:tiles4;1:cpu1:tiles4;2:cpu2:tiles4;3:cpu3:tiles4;4:cpu4:tiles4;5:cpu5:tiles4;6:cpu6:tiles4;7:cpu7:tiles4","NA",static,0,"NA","NA","/home/bananapi/MAT/kernels riscv rvv 1.0/FINAL/riscv-rvv-ime-gemm-microkernels-updated/HETEROGENEOUS_RVV_IME_OPENMP_GEMM/results/openmp_results_k1-rvv_1024_20260904_054843/raw_logs/GEMM_RVV_FP64_INT8_8x4_Baseline_RVV_DGEMM_FP64_8x4_dgemm_kernel_8x4_zvl256b_lmul4_unroll8_run5.log",NA,NA,NA,NA,NA,NA,NA
2026-09-04T07:08:56,k1-rvv,"GEMM_RVV_FP64_INT8_8x4_Baseline","RVV_DGEMM_FP64_8x4","dgemm_kernel_8x4_zvl256b_lmul4_unroll8",8x4,256b,4,8,FP64_RVV,0-7,8,8,1024,1024,1024,32,6,OK,0,NONE,0.497441459,GFLOPS,4.317058,parallel_tiles_including_required_packing,DISABLED,0,0,"0:cpu0:tiles4;1:cpu1:tiles4;2:cpu2:tiles4;3:cpu3:tiles4;4:cpu4:tiles4;5:cpu5:tiles4;6:cpu6:tiles4;7:cpu7:tiles4","NA",static,0,"NA","NA","/home/bananapi/MAT/kernels riscv rvv 1.0/FINAL/riscv-rvv-ime-gemm-microkernels-updated/HETEROGENEOUS_RVV_IME_OPENMP_GEMM/results/openmp_results_k1-rvv_1024_20260904_054843/raw_logs/GEMM_RVV_FP64_INT8_8x4_Baseline_RVV_DGEMM_FP64_8x4_dgemm_kernel_8x4_zvl256b_lmul4_unroll8_run6.log",NA,NA,NA,NA,NA,NA,NA
2026-09-04T07:10:35,k1-rvv,"GEMM_RVV_FP64_INT8_8x4_Baseline","RVV_DGEMM_FP64_8x4","dgemm_kernel_8x4_zvl256b_lmul8_unroll1",8x4,256b,8,1,FP64_RVV,0-7,8,8,1024,1024,1024,32,1,OK,0,NONE,0.641014833,GFLOPS,3.350131,parallel_tiles_including_required_packing,INDEPENDENT_GEMM_FP_TOLERANCE,0,7.1054273576010019e-14,"0:cpu0:tiles4;1:cpu1:tiles4;2:cpu2:tiles4;3:cpu3:tiles4;4:cpu4:tiles4;5:cpu5:tiles4;6:cpu6:tiles4;7:cpu7:tiles4","NA",static,0,"NA","NA","/home/bananapi/MAT/kernels riscv rvv 1.0/FINAL/riscv-rvv-ime-gemm-microkernels-updated/HETEROGENEOUS_RVV_IME_OPENMP_GEMM/results/openmp_results_k1-rvv_1024_20260904_054843/raw_logs/GEMM_RVV_FP64_INT8_8x4_Baseline_RVV_DGEMM_FP64_8x4_dgemm_kernel_8x4_zvl256b_lmul8_unroll1_run1.log",NA,NA,NA,NA,NA,NA,NA
2026-09-04T07:10:36,k1-rvv,"GEMM_RVV_FP64_INT8_8x4_Baseline","RVV_DGEMM_FP64_8x4","dgemm_kernel_8x4_zvl256b_lmul8_unroll1",8x4,256b,8,1,FP64_RVV,0-7,8,8,1024,1024,1024,32,2,OK,0,NONE,0.653354332,GFLOPS,3.286859,parallel_tiles_including_required_packing,DISABLED,0,0,"0:cpu0:tiles4;1:cpu1:tiles4;2:cpu2:tiles4;3:cpu3:tiles4;4:cpu4:tiles4;5:cpu5:tiles4;6:cpu6:tiles4;7:cpu7:tiles4","NA",static,0,"NA","NA","/home/bananapi/MAT/kernels riscv rvv 1.0/FINAL/riscv-rvv-ime-gemm-microkernels-updated/HETEROGENEOUS_RVV_IME_OPENMP_GEMM/results/openmp_results_k1-rvv_1024_20260904_054843/raw_logs/GEMM_RVV_FP64_INT8_8x4_Baseline_RVV_DGEMM_FP64_8x4_dgemm_kernel_8x4_zvl256b_lmul8_unroll1_run2.log",NA,NA,NA,NA,NA,NA,NA
2026-09-04T07:10:38,k1-rvv,"GEMM_RVV_FP64_INT8_8x4_Baseline","RVV_DGEMM_FP64_8x4","dgemm_kernel_8x4_zvl256b_lmul8_unroll1",8x4,256b,8,1,FP64_RVV,0-7,8,8,1024,1024,1024,32,3,OK,0,NONE,0.643948086,GFLOPS,3.334871,parallel_tiles_including_required_packing,DISABLED,0,0,"0:cpu0:tiles4;1:cpu1:tiles4;2:cpu2:tiles4;3:cpu3:tiles4;4:cpu4:tiles4;5:cpu5:tiles4;6:cpu6:tiles4;7:cpu7:tiles4","NA",static,0,"NA","NA","/home/bananapi/MAT/kernels riscv rvv 1.0/FINAL/riscv-rvv-ime-gemm-microkernels-updated/HETEROGENEOUS_RVV_IME_OPENMP_GEMM/results/openmp_results_k1-rvv_1024_20260904_054843/raw_logs/GEMM_RVV_FP64_INT8_8x4_Baseline_RVV_DGEMM_FP64_8x4_dgemm_kernel_8x4_zvl256b_lmul8_unroll1_run3.log",NA,NA,NA,NA,NA,NA,NA
2026-09-04T07:10:40,k1-rvv,"GEMM_RVV_FP64_INT8_8x4_Baseline","RVV_DGEMM_FP64_8x4","dgemm_kernel_8x4_zvl256b_lmul8_unroll1",8x4,256b,8,1,FP64_RVV,0-7,8,8,1024,1024,1024,32,4,OK,0,NONE,0.638732124,GFLOPS,3.362104,parallel_tiles_including_required_packing,DISABLED,0,0,"0:cpu0:tiles4;1:cpu1:tiles4;2:cpu2:tiles4;3:cpu3:tiles4;4:cpu4:tiles4;5:cpu5:tiles4;6:cpu6:tiles4;7:cpu7:tiles4","NA",static,0,"NA","NA","/home/bananapi/MAT/kernels riscv rvv 1.0/FINAL/riscv-rvv-ime-gemm-microkernels-updated/HETEROGENEOUS_RVV_IME_OPENMP_GEMM/results/openmp_results_k1-rvv_1024_20260904_054843/raw_logs/GEMM_RVV_FP64_INT8_8x4_Baseline_RVV_DGEMM_FP64_8x4_dgemm_kernel_8x4_zvl256b_lmul8_unroll1_run4.log",NA,NA,NA,NA,NA,NA,NA
2026-09-04T07:10:41,k1-rvv,"GEMM_RVV_FP64_INT8_8x4_Baseline","RVV_DGEMM_FP64_8x4","dgemm_kernel_8x4_zvl256b_lmul8_unroll1",8x4,256b,8,1,FP64_RVV,0-7,8,8,1024,1024,1024,32,5,OK,0,NONE,0.628510002,GFLOPS,3.416785,parallel_tiles_including_required_packing,DISABLED,0,0,"0:cpu0:tiles4;1:cpu1:tiles4;2:cpu2:tiles4;3:cpu3:tiles4;4:cpu4:tiles4;5:cpu5:tiles4;6:cpu6:tiles4;7:cpu7:tiles4","NA",static,0,"NA","NA","/home/bananapi/MAT/kernels riscv rvv 1.0/FINAL/riscv-rvv-ime-gemm-microkernels-updated/HETEROGENEOUS_RVV_IME_OPENMP_GEMM/results/openmp_results_k1-rvv_1024_20260904_054843/raw_logs/GEMM_RVV_FP64_INT8_8x4_Baseline_RVV_DGEMM_FP64_8x4_dgemm_kernel_8x4_zvl256b_lmul8_unroll1_run5.log",NA,NA,NA,NA,NA,NA,NA
2026-09-04T07:10:43,k1-rvv,"GEMM_RVV_FP64_INT8_8x4_Baseline","RVV_DGEMM_FP64_8x4","dgemm_kernel_8x4_zvl256b_lmul8_unroll1",8x4,256b,8,1,FP64_RVV,0-7,8,8,1024,1024,1024,32,6,OK,0,NONE,0.656973794,GFLOPS,3.268751,parallel_tiles_including_required_packing,DISABLED,0,0,"0:cpu0:tiles4;1:cpu1:tiles4;2:cpu2:tiles4;3:cpu3:tiles4;4:cpu4:tiles4;5:cpu5:tiles4;6:cpu6:tiles4;7:cpu7:tiles4","NA",static,0,"NA","NA","/home/bananapi/MAT/kernels riscv rvv 1.0/FINAL/riscv-rvv-ime-gemm-microkernels-updated/HETEROGENEOUS_RVV_IME_OPENMP_GEMM/results/openmp_results_k1-rvv_1024_20260904_054843/raw_logs/GEMM_RVV_FP64_INT8_8x4_Baseline_RVV_DGEMM_FP64_8x4_dgemm_kernel_8x4_zvl256b_lmul8_unroll1_run6.log",NA,NA,NA,NA,NA,NA,NA
2026-09-04T07:12:23,k1-rvv,"GEMM_RVV_FP64_INT8_8x4_Baseline","RVV_DGEMM_FP64_8x4","dgemm_kernel_8x4_zvl256b_lmul8_unroll2",8x4,256b,8,2,FP64_RVV,0-7,8,8,1024,1024,1024,32,1,OK,0,NONE,0.715458915,GFLOPS,3.001547,parallel_tiles_including_required_packing,INDEPENDENT_GEMM_FP_TOLERANCE,0,7.1054273576010019e-14,"0:cpu0:tiles4;1:cpu1:tiles4;2:cpu2:tiles4;3:cpu3:tiles4;4:cpu4:tiles4;5:cpu5:tiles4;6:cpu6:tiles4;7:cpu7:tiles4","NA",static,0,"NA","NA","/home/bananapi/MAT/kernels riscv rvv 1.0/FINAL/riscv-rvv-ime-gemm-microkernels-updated/HETEROGENEOUS_RVV_IME_OPENMP_GEMM/results/openmp_results_k1-rvv_1024_20260904_054843/raw_logs/GEMM_RVV_FP64_INT8_8x4_Baseline_RVV_DGEMM_FP64_8x4_dgemm_kernel_8x4_zvl256b_lmul8_unroll2_run1.log",NA,NA,NA,NA,NA,NA,NA
2026-09-04T07:12:25,k1-rvv,"GEMM_RVV_FP64_INT8_8x4_Baseline","RVV_DGEMM_FP64_8x4","dgemm_kernel_8x4_zvl256b_lmul8_unroll2",8x4,256b,8,2,FP64_RVV,0-7,8,8,1024,1024,1024,32,2,OK,0,NONE,0.718505833,GFLOPS,2.988819,parallel_tiles_including_required_packing,DISABLED,0,0,"0:cpu0:tiles4;1:cpu1:tiles4;2:cpu2:tiles4;3:cpu3:tiles4;4:cpu4:tiles4;5:cpu5:tiles4;6:cpu6:tiles4;7:cpu7:tiles4","NA",static,0,"NA","NA","/home/bananapi/MAT/kernels riscv rvv 1.0/FINAL/riscv-rvv-ime-gemm-microkernels-updated/HETEROGENEOUS_RVV_IME_OPENMP_GEMM/results/openmp_results_k1-rvv_1024_20260904_054843/raw_logs/GEMM_RVV_FP64_INT8_8x4_Baseline_RVV_DGEMM_FP64_8x4_dgemm_kernel_8x4_zvl256b_lmul8_unroll2_run2.log",NA,NA,NA,NA,NA,NA,NA
2026-09-04T07:12:27,k1-rvv,"GEMM_RVV_FP64_INT8_8x4_Baseline","RVV_DGEMM_FP64_8x4","dgemm_kernel_8x4_zvl256b_lmul8_unroll2",8x4,256b,8,2,FP64_RVV,0-7,8,8,1024,1024,1024,32,3,OK,0,NONE,0.720064420,GFLOPS,2.982349,parallel_tiles_including_required_packing,DISABLED,0,0,"0:cpu0:tiles4;1:cpu1:tiles4;2:cpu2:tiles4;3:cpu3:tiles4;4:cpu4:tiles4;5:cpu5:tiles4;6:cpu6:tiles4;7:cpu7:tiles4","NA",static,0,"NA","NA","/home/bananapi/MAT/kernels riscv rvv 1.0/FINAL/riscv-rvv-ime-gemm-microkernels-updated/HETEROGENEOUS_RVV_IME_OPENMP_GEMM/results/openmp_results_k1-rvv_1024_20260904_054843/raw_logs/GEMM_RVV_FP64_INT8_8x4_Baseline_RVV_DGEMM_FP64_8x4_dgemm_kernel_8x4_zvl256b_lmul8_unroll2_run3.log",NA,NA,NA,NA,NA,NA,NA
2026-09-04T07:12:29,k1-rvv,"GEMM_RVV_FP64_INT8_8x4_Baseline","RVV_DGEMM_FP64_8x4","dgemm_kernel_8x4_zvl256b_lmul8_unroll2",8x4,256b,8,2,FP64_RVV,0-7,8,8,1024,1024,1024,32,4,OK,0,NONE,0.717759334,GFLOPS,2.991927,parallel_tiles_including_required_packing,DISABLED,0,0,"0:cpu0:tiles4;1:cpu1:tiles4;2:cpu2:tiles4;3:cpu3:tiles4;4:cpu4:tiles4;5:cpu5:tiles4;6:cpu6:tiles4;7:cpu7:tiles4","NA",static,0,"NA","NA","/home/bananapi/MAT/kernels riscv rvv 1.0/FINAL/riscv-rvv-ime-gemm-microkernels-updated/HETEROGENEOUS_RVV_IME_OPENMP_GEMM/results/openmp_results_k1-rvv_1024_20260904_054843/raw_logs/GEMM_RVV_FP64_INT8_8x4_Baseline_RVV_DGEMM_FP64_8x4_dgemm_kernel_8x4_zvl256b_lmul8_unroll2_run4.log",NA,NA,NA,NA,NA,NA,NA
2026-09-04T07:12:31,k1-rvv,"GEMM_RVV_FP64_INT8_8x4_Baseline","RVV_DGEMM_FP64_8x4","dgemm_kernel_8x4_zvl256b_lmul8_unroll2",8x4,256b,8,2,FP64_RVV,0-7,8,8,1024,1024,1024,32,5,OK,0,NONE,0.712156583,GFLOPS,3.015466,parallel_tiles_including_required_packing,DISABLED,0,0,"0:cpu0:tiles4;1:cpu1:tiles4;2:cpu2:tiles4;3:cpu3:tiles4;4:cpu4:tiles4;5:cpu5:tiles4;6:cpu6:tiles4;7:cpu7:tiles4","NA",static,0,"NA","NA","/home/bananapi/MAT/kernels riscv rvv 1.0/FINAL/riscv-rvv-ime-gemm-microkernels-updated/HETEROGENEOUS_RVV_IME_OPENMP_GEMM/results/openmp_results_k1-rvv_1024_20260904_054843/raw_logs/GEMM_RVV_FP64_INT8_8x4_Baseline_RVV_DGEMM_FP64_8x4_dgemm_kernel_8x4_zvl256b_lmul8_unroll2_run5.log",NA,NA,NA,NA,NA,NA,NA
2026-09-04T07:12:33,k1-rvv,"GEMM_RVV_FP64_INT8_8x4_Baseline","RVV_DGEMM_FP64_8x4","dgemm_kernel_8x4_zvl256b_lmul8_unroll2",8x4,256b,8,2,FP64_RVV,0-7,8,8,1024,1024,1024,32,6,OK,0,NONE,0.697553333,GFLOPS,3.078594,parallel_tiles_including_required_packing,DISABLED,0,0,"0:cpu0:tiles4;1:cpu1:tiles4;2:cpu2:tiles4;3:cpu3:tiles4;4:cpu4:tiles4;5:cpu5:tiles4;6:cpu6:tiles4;7:cpu7:tiles4","NA",static,0,"NA","NA","/home/bananapi/MAT/kernels riscv rvv 1.0/FINAL/riscv-rvv-ime-gemm-microkernels-updated/HETEROGENEOUS_RVV_IME_OPENMP_GEMM/results/openmp_results_k1-rvv_1024_20260904_054843/raw_logs/GEMM_RVV_FP64_INT8_8x4_Baseline_RVV_DGEMM_FP64_8x4_dgemm_kernel_8x4_zvl256b_lmul8_unroll2_run6.log",NA,NA,NA,NA,NA,NA,NA
2026-09-04T07:14:13,k1-rvv,"GEMM_RVV_FP64_INT8_8x4_Baseline","RVV_DGEMM_FP64_8x4","dgemm_kernel_8x4_zvl256b_lmul8_unroll4",8x4,256b,8,4,FP64_RVV,0-7,8,8,1024,1024,1024,32,1,OK,0,NONE,0.704980373,GFLOPS,3.046161,parallel_tiles_including_required_packing,INDEPENDENT_GEMM_FP_TOLERANCE,0,7.1054273576010019e-14,"0:cpu0:tiles4;1:cpu1:tiles4;2:cpu2:tiles4;3:cpu3:tiles4;4:cpu4:tiles4;5:cpu5:tiles4;6:cpu6:tiles4;7:cpu7:tiles4","NA",static,0,"NA","NA","/home/bananapi/MAT/kernels riscv rvv 1.0/FINAL/riscv-rvv-ime-gemm-microkernels-updated/HETEROGENEOUS_RVV_IME_OPENMP_GEMM/results/openmp_results_k1-rvv_1024_20260904_054843/raw_logs/GEMM_RVV_FP64_INT8_8x4_Baseline_RVV_DGEMM_FP64_8x4_dgemm_kernel_8x4_zvl256b_lmul8_unroll4_run1.log",NA,NA,NA,NA,NA,NA,NA
2026-09-04T07:14:15,k1-rvv,"GEMM_RVV_FP64_INT8_8x4_Baseline","RVV_DGEMM_FP64_8x4","dgemm_kernel_8x4_zvl256b_lmul8_unroll4",8x4,256b,8,4,FP64_RVV,0-7,8,8,1024,1024,1024,32,2,OK,0,NONE,0.698623374,GFLOPS,3.073879,parallel_tiles_including_required_packing,DISABLED,0,0,"0:cpu0:tiles4;1:cpu1:tiles4;2:cpu2:tiles4;3:cpu3:tiles4;4:cpu4:tiles4;5:cpu5:tiles4;6:cpu6:tiles4;7:cpu7:tiles4","NA",static,0,"NA","NA","/home/bananapi/MAT/kernels riscv rvv 1.0/FINAL/riscv-rvv-ime-gemm-microkernels-updated/HETEROGENEOUS_RVV_IME_OPENMP_GEMM/results/openmp_results_k1-rvv_1024_20260904_054843/raw_logs/GEMM_RVV_FP64_INT8_8x4_Baseline_RVV_DGEMM_FP64_8x4_dgemm_kernel_8x4_zvl256b_lmul8_unroll4_run2.log",NA,NA,NA,NA,NA,NA,NA
2026-09-04T07:14:17,k1-rvv,"GEMM_RVV_FP64_INT8_8x4_Baseline","RVV_DGEMM_FP64_8x4","dgemm_kernel_8x4_zvl256b_lmul8_unroll4",8x4,256b,8,4,FP64_RVV,0-7,8,8,1024,1024,1024,32,3,OK,0,NONE,0.699079294,GFLOPS,3.071874,parallel_tiles_including_required_packing,DISABLED,0,0,"0:cpu0:tiles4;1:cpu1:tiles4;2:cpu2:tiles4;3:cpu3:tiles4;4:cpu4:tiles4;5:cpu5:tiles4;6:cpu6:tiles4;7:cpu7:tiles4","NA",static,0,"NA","NA","/home/bananapi/MAT/kernels riscv rvv 1.0/FINAL/riscv-rvv-ime-gemm-microkernels-updated/HETEROGENEOUS_RVV_IME_OPENMP_GEMM/results/openmp_results_k1-rvv_1024_20260904_054843/raw_logs/GEMM_RVV_FP64_INT8_8x4_Baseline_RVV_DGEMM_FP64_8x4_dgemm_kernel_8x4_zvl256b_lmul8_unroll4_run3.log",NA,NA,NA,NA,NA,NA,NA
2026-09-04T07:14:19,k1-rvv,"GEMM_RVV_FP64_INT8_8x4_Baseline","RVV_DGEMM_FP64_8x4","dgemm_kernel_8x4_zvl256b_lmul8_unroll4",8x4,256b,8,4,FP64_RVV,0-7,8,8,1024,1024,1024,32,4,OK,0,NONE,0.701360002,GFLOPS,3.061885,parallel_tiles_including_required_packing,DISABLED,0,0,"0:cpu0:tiles4;1:cpu1:tiles4;2:cpu2:tiles4;3:cpu3:tiles4;4:cpu4:tiles4;5:cpu5:tiles4;6:cpu6:tiles4;7:cpu7:tiles4","NA",static,0,"NA","NA","/home/bananapi/MAT/kernels riscv rvv 1.0/FINAL/riscv-rvv-ime-gemm-microkernels-updated/HETEROGENEOUS_RVV_IME_OPENMP_GEMM/results/openmp_results_k1-rvv_1024_20260904_054843/raw_logs/GEMM_RVV_FP64_INT8_8x4_Baseline_RVV_DGEMM_FP64_8x4_dgemm_kernel_8x4_zvl256b_lmul8_unroll4_run4.log",NA,NA,NA,NA,NA,NA,NA
2026-09-04T07:14:21,k1-rvv,"GEMM_RVV_FP64_INT8_8x4_Baseline","RVV_DGEMM_FP64_8x4","dgemm_kernel_8x4_zvl256b_lmul8_unroll4",8x4,256b,8,4,FP64_RVV,0-7,8,8,1024,1024,1024,32,5,OK,0,NONE,0.694793709,GFLOPS,3.090822,parallel_tiles_including_required_packing,DISABLED,0,0,"0:cpu0:tiles4;1:cpu1:tiles4;2:cpu2:tiles4;3:cpu3:tiles4;4:cpu4:tiles4;5:cpu5:tiles4;6:cpu6:tiles4;7:cpu7:tiles4","NA",static,0,"NA","NA","/home/bananapi/MAT/kernels riscv rvv 1.0/FINAL/riscv-rvv-ime-gemm-microkernels-updated/HETEROGENEOUS_RVV_IME_OPENMP_GEMM/results/openmp_results_k1-rvv_1024_20260904_054843/raw_logs/GEMM_RVV_FP64_INT8_8x4_Baseline_RVV_DGEMM_FP64_8x4_dgemm_kernel_8x4_zvl256b_lmul8_unroll4_run5.log",NA,NA,NA,NA,NA,NA,NA
2026-09-04T07:14:23,k1-rvv,"GEMM_RVV_FP64_INT8_8x4_Baseline","RVV_DGEMM_FP64_8x4","dgemm_kernel_8x4_zvl256b_lmul8_unroll4",8x4,256b,8,4,FP64_RVV,0-7,8,8,1024,1024,1024,32,6,OK,0,NONE,0.701372959,GFLOPS,3.061828,parallel_tiles_including_required_packing,DISABLED,0,0,"0:cpu0:tiles4;1:cpu1:tiles4;2:cpu2:tiles4;3:cpu3:tiles4;4:cpu4:tiles4;5:cpu5:tiles4;6:cpu6:tiles4;7:cpu7:tiles4","NA",static,0,"NA","NA","/home/bananapi/MAT/kernels riscv rvv 1.0/FINAL/riscv-rvv-ime-gemm-microkernels-updated/HETEROGENEOUS_RVV_IME_OPENMP_GEMM/results/openmp_results_k1-rvv_1024_20260904_054843/raw_logs/GEMM_RVV_FP64_INT8_8x4_Baseline_RVV_DGEMM_FP64_8x4_dgemm_kernel_8x4_zvl256b_lmul8_unroll4_run6.log",NA,NA,NA,NA,NA,NA,NA
2026-09-04T07:16:03,k1-rvv,"GEMM_RVV_FP64_INT8_8x4_Baseline","RVV_DGEMM_FP64_8x4","dgemm_kernel_8x4_zvl256b_lmul8_unroll8",8x4,256b,8,8,FP64_RVV,0-7,8,8,1024,1024,1024,32,1,OK,0,NONE,0.659461875,GFLOPS,3.256418,parallel_tiles_including_required_packing,INDEPENDENT_GEMM_FP_TOLERANCE,0,7.1054273576010019e-14,"0:cpu0:tiles4;1:cpu1:tiles4;2:cpu2:tiles4;3:cpu3:tiles4;4:cpu4:tiles4;5:cpu5:tiles4;6:cpu6:tiles4;7:cpu7:tiles4","NA",static,0,"NA","NA","/home/bananapi/MAT/kernels riscv rvv 1.0/FINAL/riscv-rvv-ime-gemm-microkernels-updated/HETEROGENEOUS_RVV_IME_OPENMP_GEMM/results/openmp_results_k1-rvv_1024_20260904_054843/raw_logs/GEMM_RVV_FP64_INT8_8x4_Baseline_RVV_DGEMM_FP64_8x4_dgemm_kernel_8x4_zvl256b_lmul8_unroll8_run1.log",NA,NA,NA,NA,NA,NA,NA
2026-09-04T07:16:05,k1-rvv,"GEMM_RVV_FP64_INT8_8x4_Baseline","RVV_DGEMM_FP64_8x4","dgemm_kernel_8x4_zvl256b_lmul8_unroll8",8x4,256b,8,8,FP64_RVV,0-7,8,8,1024,1024,1024,32,2,OK,0,NONE,0.747888334,GFLOPS,2.871396,parallel_tiles_including_required_packing,DISABLED,0,0,"0:cpu0:tiles4;1:cpu1:tiles4;2:cpu2:tiles4;3:cpu3:tiles4;4:cpu4:tiles4;5:cpu5:tiles4;6:cpu6:tiles4;7:cpu7:tiles4","NA",static,0,"NA","NA","/home/bananapi/MAT/kernels riscv rvv 1.0/FINAL/riscv-rvv-ime-gemm-microkernels-updated/HETEROGENEOUS_RVV_IME_OPENMP_GEMM/results/openmp_results_k1-rvv_1024_20260904_054843/raw_logs/GEMM_RVV_FP64_INT8_8x4_Baseline_RVV_DGEMM_FP64_8x4_dgemm_kernel_8x4_zvl256b_lmul8_unroll8_run2.log",NA,NA,NA,NA,NA,NA,NA
2026-09-04T07:16:07,k1-rvv,"GEMM_RVV_FP64_INT8_8x4_Baseline","RVV_DGEMM_FP64_8x4","dgemm_kernel_8x4_zvl256b_lmul8_unroll8",8x4,256b,8,8,FP64_RVV,0-7,8,8,1024,1024,1024,32,3,OK,0,NONE,0.760021959,GFLOPS,2.825555,parallel_tiles_including_required_packing,DISABLED,0,0,"0:cpu0:tiles4;1:cpu1:tiles4;2:cpu2:tiles4;3:cpu3:tiles4;4:cpu4:tiles4;5:cpu5:tiles4;6:cpu6:tiles4;7:cpu7:tiles4","NA",static,0,"NA","NA","/home/bananapi/MAT/kernels riscv rvv 1.0/FINAL/riscv-rvv-ime-gemm-microkernels-updated/HETEROGENEOUS_RVV_IME_OPENMP_GEMM/results/openmp_results_k1-rvv_1024_20260904_054843/raw_logs/GEMM_RVV_FP64_INT8_8x4_Baseline_RVV_DGEMM_FP64_8x4_dgemm_kernel_8x4_zvl256b_lmul8_unroll8_run3.log",NA,NA,NA,NA,NA,NA,NA
2026-09-04T07:16:09,k1-rvv,"GEMM_RVV_FP64_INT8_8x4_Baseline","RVV_DGEMM_FP64_8x4","dgemm_kernel_8x4_zvl256b_lmul8_unroll8",8x4,256b,8,8,FP64_RVV,0-7,8,8,1024,1024,1024,32,4,OK,0,NONE,0.685738459,GFLOPS,3.131637,parallel_tiles_including_required_packing,DISABLED,0,0,"0:cpu0:tiles4;1:cpu1:tiles4;2:cpu2:tiles4;3:cpu3:tiles4;4:cpu4:tiles4;5:cpu5:tiles4;6:cpu6:tiles4;7:cpu7:tiles4","NA",static,0,"NA","NA","/home/bananapi/MAT/kernels riscv rvv 1.0/FINAL/riscv-rvv-ime-gemm-microkernels-updated/HETEROGENEOUS_RVV_IME_OPENMP_GEMM/results/openmp_results_k1-rvv_1024_20260904_054843/raw_logs/GEMM_RVV_FP64_INT8_8x4_Baseline_RVV_DGEMM_FP64_8x4_dgemm_kernel_8x4_zvl256b_lmul8_unroll8_run4.log",NA,NA,NA,NA,NA,NA,NA
2026-09-04T07:16:11,k1-rvv,"GEMM_RVV_FP64_INT8_8x4_Baseline","RVV_DGEMM_FP64_8x4","dgemm_kernel_8x4_zvl256b_lmul8_unroll8",8x4,256b,8,8,FP64_RVV,0-7,8,8,1024,1024,1024,32,5,OK,0,NONE,0.666776918,GFLOPS,3.220693,parallel_tiles_including_required_packing,DISABLED,0,0,"0:cpu0:tiles4;1:cpu1:tiles4;2:cpu2:tiles4;3:cpu3:tiles4;4:cpu4:tiles4;5:cpu5:tiles4;6:cpu6:tiles4;7:cpu7:tiles4","NA",static,0,"NA","NA","/home/bananapi/MAT/kernels riscv rvv 1.0/FINAL/riscv-rvv-ime-gemm-microkernels-updated/HETEROGENEOUS_RVV_IME_OPENMP_GEMM/results/openmp_results_k1-rvv_1024_20260904_054843/raw_logs/GEMM_RVV_FP64_INT8_8x4_Baseline_RVV_DGEMM_FP64_8x4_dgemm_kernel_8x4_zvl256b_lmul8_unroll8_run5.log",NA,NA,NA,NA,NA,NA,NA
2026-09-04T07:16:12,k1-rvv,"GEMM_RVV_FP64_INT8_8x4_Baseline","RVV_DGEMM_FP64_8x4","dgemm_kernel_8x4_zvl256b_lmul8_unroll8",8x4,256b,8,8,FP64_RVV,0-7,8,8,1024,1024,1024,32,6,OK,0,NONE,0.665914416,GFLOPS,3.224864,parallel_tiles_including_required_packing,DISABLED,0,0,"0:cpu0:tiles4;1:cpu1:tiles4;2:cpu2:tiles4;3:cpu3:tiles4;4:cpu4:tiles4;5:cpu5:tiles4;6:cpu6:tiles4;7:cpu7:tiles4","NA",static,0,"NA","NA","/home/bananapi/MAT/kernels riscv rvv 1.0/FINAL/riscv-rvv-ime-gemm-microkernels-updated/HETEROGENEOUS_RVV_IME_OPENMP_GEMM/results/openmp_results_k1-rvv_1024_20260904_054843/raw_logs/GEMM_RVV_FP64_INT8_8x4_Baseline_RVV_DGEMM_FP64_8x4_dgemm_kernel_8x4_zvl256b_lmul8_unroll8_run6.log",NA,NA,NA,NA,NA,NA,NA
2026-09-04T07:17:55,k1-rvv,"GEMM_RVV_FP64_INT8_8x8_Baseline","RVV_DGEMM_FP64_8x8","dgemm_kernel_8x8_zvl256b_lmul1_unroll1",8x8,256b,1,1,FP64_RVV,0-7,8,8,1024,1024,1024,32,1,OK,0,NONE,0.413037498,GFLOPS,5.199246,parallel_tiles_including_required_packing,INDEPENDENT_GEMM_FP_TOLERANCE,0,7.1054273576010019e-14,"0:cpu0:tiles4;1:cpu1:tiles4;2:cpu2:tiles4;3:cpu3:tiles4;4:cpu4:tiles4;5:cpu5:tiles4;6:cpu6:tiles4;7:cpu7:tiles4","NA",static,0,"NA","NA","/home/bananapi/MAT/kernels riscv rvv 1.0/FINAL/riscv-rvv-ime-gemm-microkernels-updated/HETEROGENEOUS_RVV_IME_OPENMP_GEMM/results/openmp_results_k1-rvv_1024_20260904_054843/raw_logs/GEMM_RVV_FP64_INT8_8x8_Baseline_RVV_DGEMM_FP64_8x8_dgemm_kernel_8x8_zvl256b_lmul1_unroll1_run1.log",NA,NA,NA,NA,NA,NA,NA
2026-09-04T07:17:57,k1-rvv,"GEMM_RVV_FP64_INT8_8x8_Baseline","RVV_DGEMM_FP64_8x8","dgemm_kernel_8x8_zvl256b_lmul1_unroll1",8x8,256b,1,1,FP64_RVV,0-7,8,8,1024,1024,1024,32,2,OK,0,NONE,0.418482665,GFLOPS,5.131595,parallel_tiles_including_required_packing,DISABLED,0,0,"0:cpu0:tiles4;1:cpu1:tiles4;2:cpu2:tiles4;3:cpu3:tiles4;4:cpu4:tiles4;5:cpu5:tiles4;6:cpu6:tiles4;7:cpu7:tiles4","NA",static,0,"NA","NA","/home/bananapi/MAT/kernels riscv rvv 1.0/FINAL/riscv-rvv-ime-gemm-microkernels-updated/HETEROGENEOUS_RVV_IME_OPENMP_GEMM/results/openmp_results_k1-rvv_1024_20260904_054843/raw_logs/GEMM_RVV_FP64_INT8_8x8_Baseline_RVV_DGEMM_FP64_8x8_dgemm_kernel_8x8_zvl256b_lmul1_unroll1_run2.log",NA,NA,NA,NA,NA,NA,NA
2026-09-04T07:17:58,k1-rvv,"GEMM_RVV_FP64_INT8_8x8_Baseline","RVV_DGEMM_FP64_8x8","dgemm_kernel_8x8_zvl256b_lmul1_unroll1",8x8,256b,1,1,FP64_RVV,0-7,8,8,1024,1024,1024,32,3,OK,0,NONE,0.414922252,GFLOPS,5.175629,parallel_tiles_including_required_packing,DISABLED,0,0,"0:cpu0:tiles4;1:cpu1:tiles4;2:cpu2:tiles4;3:cpu3:tiles4;4:cpu4:tiles4;5:cpu5:tiles4;6:cpu6:tiles4;7:cpu7:tiles4","NA",static,0,"NA","NA","/home/bananapi/MAT/kernels riscv rvv 1.0/FINAL/riscv-rvv-ime-gemm-microkernels-updated/HETEROGENEOUS_RVV_IME_OPENMP_GEMM/results/openmp_results_k1-rvv_1024_20260904_054843/raw_logs/GEMM_RVV_FP64_INT8_8x8_Baseline_RVV_DGEMM_FP64_8x8_dgemm_kernel_8x8_zvl256b_lmul1_unroll1_run3.log",NA,NA,NA,NA,NA,NA,NA
2026-09-04T07:17:59,k1-rvv,"GEMM_RVV_FP64_INT8_8x8_Baseline","RVV_DGEMM_FP64_8x8","dgemm_kernel_8x8_zvl256b_lmul1_unroll1",8x8,256b,1,1,FP64_RVV,0-7,8,8,1024,1024,1024,32,4,OK,0,NONE,0.418514624,GFLOPS,5.131203,parallel_tiles_including_required_packing,DISABLED,0,0,"0:cpu0:tiles4;1:cpu1:tiles4;2:cpu2:tiles4;3:cpu3:tiles4;4:cpu4:tiles4;5:cpu5:tiles4;6:cpu6:tiles4;7:cpu7:tiles4","NA",static,0,"NA","NA","/home/bananapi/MAT/kernels riscv rvv 1.0/FINAL/riscv-rvv-ime-gemm-microkernels-updated/HETEROGENEOUS_RVV_IME_OPENMP_GEMM/results/openmp_results_k1-rvv_1024_20260904_054843/raw_logs/GEMM_RVV_FP64_INT8_8x8_Baseline_RVV_DGEMM_FP64_8x8_dgemm_kernel_8x8_zvl256b_lmul1_unroll1_run4.log",NA,NA,NA,NA,NA,NA,NA
2026-09-04T07:18:00,k1-rvv,"GEMM_RVV_FP64_INT8_8x8_Baseline","RVV_DGEMM_FP64_8x8","dgemm_kernel_8x8_zvl256b_lmul1_unroll1",8x8,256b,1,1,FP64_RVV,0-7,8,8,1024,1024,1024,32,5,OK,0,NONE,0.411600165,GFLOPS,5.217402,parallel_tiles_including_required_packing,DISABLED,0,0,"0:cpu0:tiles4;1:cpu1:tiles4;2:cpu2:tiles4;3:cpu3:tiles4;4:cpu4:tiles4;5:cpu5:tiles4;6:cpu6:tiles4;7:cpu7:tiles4","NA",static,0,"NA","NA","/home/bananapi/MAT/kernels riscv rvv 1.0/FINAL/riscv-rvv-ime-gemm-microkernels-updated/HETEROGENEOUS_RVV_IME_OPENMP_GEMM/results/openmp_results_k1-rvv_1024_20260904_054843/raw_logs/GEMM_RVV_FP64_INT8_8x8_Baseline_RVV_DGEMM_FP64_8x8_dgemm_kernel_8x8_zvl256b_lmul1_unroll1_run5.log",NA,NA,NA,NA,NA,NA,NA
2026-09-04T07:18:02,k1-rvv,"GEMM_RVV_FP64_INT8_8x8_Baseline","RVV_DGEMM_FP64_8x8","dgemm_kernel_8x8_zvl256b_lmul1_unroll1",8x8,256b,1,1,FP64_RVV,0-7,8,8,1024,1024,1024,32,6,OK,0,NONE,0.416328542,GFLOPS,5.158147,parallel_tiles_including_required_packing,DISABLED,0,0,"0:cpu0:tiles4;1:cpu1:tiles4;2:cpu2:tiles4;3:cpu3:tiles4;4:cpu4:tiles4;5:cpu5:tiles4;6:cpu6:tiles4;7:cpu7:tiles4","NA",static,0,"NA","NA","/home/bananapi/MAT/kernels riscv rvv 1.0/FINAL/riscv-rvv-ime-gemm-microkernels-updated/HETEROGENEOUS_RVV_IME_OPENMP_GEMM/results/openmp_results_k1-rvv_1024_20260904_054843/raw_logs/GEMM_RVV_FP64_INT8_8x8_Baseline_RVV_DGEMM_FP64_8x8_dgemm_kernel_8x8_zvl256b_lmul1_unroll1_run6.log",NA,NA,NA,NA,NA,NA,NA
2026-09-04T07:19:42,k1-rvv,"GEMM_RVV_FP64_INT8_8x8_Baseline","RVV_DGEMM_FP64_8x8","dgemm_kernel_8x8_zvl256b_lmul1_unroll2",8x8,256b,1,2,FP64_RVV,0-7,8,8,1024,1024,1024,32,1,OK,0,NONE,0.417558212,GFLOPS,5.142956,parallel_tiles_including_required_packing,INDEPENDENT_GEMM_FP_TOLERANCE,0,7.1054273576010019e-14,"0:cpu0:tiles4;1:cpu1:tiles4;2:cpu2:tiles4;3:cpu3:tiles4;4:cpu4:tiles4;5:cpu5:tiles4;6:cpu6:tiles4;7:cpu7:tiles4","NA",static,0,"NA","NA","/home/bananapi/MAT/kernels riscv rvv 1.0/FINAL/riscv-rvv-ime-gemm-microkernels-updated/HETEROGENEOUS_RVV_IME_OPENMP_GEMM/results/openmp_results_k1-rvv_1024_20260904_054843/raw_logs/GEMM_RVV_FP64_INT8_8x8_Baseline_RVV_DGEMM_FP64_8x8_dgemm_kernel_8x8_zvl256b_lmul1_unroll2_run1.log",NA,NA,NA,NA,NA,NA,NA
2026-09-04T07:19:43,k1-rvv,"GEMM_RVV_FP64_INT8_8x8_Baseline","RVV_DGEMM_FP64_8x8","dgemm_kernel_8x8_zvl256b_lmul1_unroll2",8x8,256b,1,2,FP64_RVV,0-7,8,8,1024,1024,1024,32,2,OK,0,NONE,0.415880080,GFLOPS,5.163709,parallel_tiles_including_required_packing,DISABLED,0,0,"0:cpu0:tiles4;1:cpu1:tiles4;2:cpu2:tiles4;3:cpu3:tiles4;4:cpu4:tiles4;5:cpu5:tiles4;6:cpu6:tiles4;7:cpu7:tiles4","NA",static,0,"NA","NA","/home/bananapi/MAT/kernels riscv rvv 1.0/FINAL/riscv-rvv-ime-gemm-microkernels-updated/HETEROGENEOUS_RVV_IME_OPENMP_GEMM/results/openmp_results_k1-rvv_1024_20260904_054843/raw_logs/GEMM_RVV_FP64_INT8_8x8_Baseline_RVV_DGEMM_FP64_8x8_dgemm_kernel_8x8_zvl256b_lmul1_unroll2_run2.log",NA,NA,NA,NA,NA,NA,NA
2026-09-04T07:19:45,k1-rvv,"GEMM_RVV_FP64_INT8_8x8_Baseline","RVV_DGEMM_FP64_8x8","dgemm_kernel_8x8_zvl256b_lmul1_unroll2",8x8,256b,1,2,FP64_RVV,0-7,8,8,1024,1024,1024,32,3,OK,0,NONE,0.420350209,GFLOPS,5.108796,parallel_tiles_including_required_packing,DISABLED,0,0,"0:cpu0:tiles4;1:cpu1:tiles4;2:cpu2:tiles4;3:cpu3:tiles4;4:cpu4:tiles4;5:cpu5:tiles4;6:cpu6:tiles4;7:cpu7:tiles4","NA",static,0,"NA","NA","/home/bananapi/MAT/kernels riscv rvv 1.0/FINAL/riscv-rvv-ime-gemm-microkernels-updated/HETEROGENEOUS_RVV_IME_OPENMP_GEMM/results/openmp_results_k1-rvv_1024_20260904_054843/raw_logs/GEMM_RVV_FP64_INT8_8x8_Baseline_RVV_DGEMM_FP64_8x8_dgemm_kernel_8x8_zvl256b_lmul1_unroll2_run3.log",NA,NA,NA,NA,NA,NA,NA
2026-09-04T07:19:46,k1-rvv,"GEMM_RVV_FP64_INT8_8x8_Baseline","RVV_DGEMM_FP64_8x8","dgemm_kernel_8x8_zvl256b_lmul1_unroll2",8x8,256b,1,2,FP64_RVV,0-7,8,8,1024,1024,1024,32,4,OK,0,NONE,0.416599251,GFLOPS,5.154795,parallel_tiles_including_required_packing,DISABLED,0,0,"0:cpu0:tiles4;1:cpu1:tiles4;2:cpu2:tiles4;3:cpu3:tiles4;4:cpu4:tiles4;5:cpu5:tiles4;6:cpu6:tiles4;7:cpu7:tiles4","NA",static,0,"NA","NA","/home/bananapi/MAT/kernels riscv rvv 1.0/FINAL/riscv-rvv-ime-gemm-microkernels-updated/HETEROGENEOUS_RVV_IME_OPENMP_GEMM/results/openmp_results_k1-rvv_1024_20260904_054843/raw_logs/GEMM_RVV_FP64_INT8_8x8_Baseline_RVV_DGEMM_FP64_8x8_dgemm_kernel_8x8_zvl256b_lmul1_unroll2_run4.log",NA,NA,NA,NA,NA,NA,NA
2026-09-04T07:19:47,k1-rvv,"GEMM_RVV_FP64_INT8_8x8_Baseline","RVV_DGEMM_FP64_8x8","dgemm_kernel_8x8_zvl256b_lmul1_unroll2",8x8,256b,1,2,FP64_RVV,0-7,8,8,1024,1024,1024,32,5,OK,0,NONE,0.417500377,GFLOPS,5.143669,parallel_tiles_including_required_packing,DISABLED,0,0,"0:cpu0:tiles4;1:cpu1:tiles4;2:cpu2:tiles4;3:cpu3:tiles4;4:cpu4:tiles4;5:cpu5:tiles4;6:cpu6:tiles4;7:cpu7:tiles4","NA",static,0,"NA","NA","/home/bananapi/MAT/kernels riscv rvv 1.0/FINAL/riscv-rvv-ime-gemm-microkernels-updated/HETEROGENEOUS_RVV_IME_OPENMP_GEMM/results/openmp_results_k1-rvv_1024_20260904_054843/raw_logs/GEMM_RVV_FP64_INT8_8x8_Baseline_RVV_DGEMM_FP64_8x8_dgemm_kernel_8x8_zvl256b_lmul1_unroll2_run5.log",NA,NA,NA,NA,NA,NA,NA
2026-09-04T07:19:48,k1-rvv,"GEMM_RVV_FP64_INT8_8x8_Baseline","RVV_DGEMM_FP64_8x8","dgemm_kernel_8x8_zvl256b_lmul1_unroll2",8x8,256b,1,2,FP64_RVV,0-7,8,8,1024,1024,1024,32,6,OK,0,NONE,0.420414541,GFLOPS,5.108015,parallel_tiles_including_required_packing,DISABLED,0,0,"0:cpu0:tiles4;1:cpu1:tiles4;2:cpu2:tiles4;3:cpu3:tiles4;4:cpu4:tiles4;5:cpu5:tiles4;6:cpu6:tiles4;7:cpu7:tiles4","NA",static,0,"NA","NA","/home/bananapi/MAT/kernels riscv rvv 1.0/FINAL/riscv-rvv-ime-gemm-microkernels-updated/HETEROGENEOUS_RVV_IME_OPENMP_GEMM/results/openmp_results_k1-rvv_1024_20260904_054843/raw_logs/GEMM_RVV_FP64_INT8_8x8_Baseline_RVV_DGEMM_FP64_8x8_dgemm_kernel_8x8_zvl256b_lmul1_unroll2_run6.log",NA,NA,NA,NA,NA,NA,NA
2026-09-04T07:21:30,k1-rvv,"GEMM_RVV_FP64_INT8_8x8_Baseline","RVV_DGEMM_FP64_8x8","dgemm_kernel_8x8_zvl256b_lmul1_unroll4",8x8,256b,1,4,FP64_RVV,0-7,8,8,1024,1024,1024,32,1,OK,0,NONE,0.423468333,GFLOPS,5.071179,parallel_tiles_including_required_packing,INDEPENDENT_GEMM_FP_TOLERANCE,0,7.1054273576010019e-14,"0:cpu0:tiles4;1:cpu1:tiles4;2:cpu2:tiles4;3:cpu3:tiles4;4:cpu4:tiles4;5:cpu5:tiles4;6:cpu6:tiles4;7:cpu7:tiles4","NA",static,0,"NA","NA","/home/bananapi/MAT/kernels riscv rvv 1.0/FINAL/riscv-rvv-ime-gemm-microkernels-updated/HETEROGENEOUS_RVV_IME_OPENMP_GEMM/results/openmp_results_k1-rvv_1024_20260904_054843/raw_logs/GEMM_RVV_FP64_INT8_8x8_Baseline_RVV_DGEMM_FP64_8x8_dgemm_kernel_8x8_zvl256b_lmul1_unroll4_run1.log",NA,NA,NA,NA,NA,NA,NA
2026-09-04T07:21:32,k1-rvv,"GEMM_RVV_FP64_INT8_8x8_Baseline","RVV_DGEMM_FP64_8x8","dgemm_kernel_8x8_zvl256b_lmul1_unroll4",8x8,256b,1,4,FP64_RVV,0-7,8,8,1024,1024,1024,32,2,OK,0,NONE,0.417644292,GFLOPS,5.141896,parallel_tiles_including_required_packing,DISABLED,0,0,"0:cpu0:tiles4;1:cpu1:tiles4;2:cpu2:tiles4;3:cpu3:tiles4;4:cpu4:tiles4;5:cpu5:tiles4;6:cpu6:tiles4;7:cpu7:tiles4","NA",static,0,"NA","NA","/home/bananapi/MAT/kernels riscv rvv 1.0/FINAL/riscv-rvv-ime-gemm-microkernels-updated/HETEROGENEOUS_RVV_IME_OPENMP_GEMM/results/openmp_results_k1-rvv_1024_20260904_054843/raw_logs/GEMM_RVV_FP64_INT8_8x8_Baseline_RVV_DGEMM_FP64_8x8_dgemm_kernel_8x8_zvl256b_lmul1_unroll4_run2.log",NA,NA,NA,NA,NA,NA,NA
2026-09-04T07:21:33,k1-rvv,"GEMM_RVV_FP64_INT8_8x8_Baseline","RVV_DGEMM_FP64_8x8","dgemm_kernel_8x8_zvl256b_lmul1_unroll4",8x8,256b,1,4,FP64_RVV,0-7,8,8,1024,1024,1024,32,3,OK,0,NONE,0.415298294,GFLOPS,5.170943,parallel_tiles_including_required_packing,DISABLED,0,0,"0:cpu0:tiles4;1:cpu1:tiles4;2:cpu2:tiles4;3:cpu3:tiles4;4:cpu4:tiles4;5:cpu5:tiles4;6:cpu6:tiles4;7:cpu7:tiles4","NA",static,0,"NA","NA","/home/bananapi/MAT/kernels riscv rvv 1.0/FINAL/riscv-rvv-ime-gemm-microkernels-updated/HETEROGENEOUS_RVV_IME_OPENMP_GEMM/results/openmp_results_k1-rvv_1024_20260904_054843/raw_logs/GEMM_RVV_FP64_INT8_8x8_Baseline_RVV_DGEMM_FP64_8x8_dgemm_kernel_8x8_zvl256b_lmul1_unroll4_run3.log",NA,NA,NA,NA,NA,NA,NA
2026-09-04T07:21:34,k1-rvv,"GEMM_RVV_FP64_INT8_8x8_Baseline","RVV_DGEMM_FP64_8x8","dgemm_kernel_8x8_zvl256b_lmul1_unroll4",8x8,256b,1,4,FP64_RVV,0-7,8,8,1024,1024,1024,32,4,OK,0,NONE,0.413026959,GFLOPS,5.199379,parallel_tiles_including_required_packing,DISABLED,0,0,"0:cpu0:tiles4;1:cpu1:tiles4;2:cpu2:tiles4;3:cpu3:tiles4;4:cpu4:tiles4;5:cpu5:tiles4;6:cpu6:tiles4;7:cpu7:tiles4","NA",static,0,"NA","NA","/home/bananapi/MAT/kernels riscv rvv 1.0/FINAL/riscv-rvv-ime-gemm-microkernels-updated/HETEROGENEOUS_RVV_IME_OPENMP_GEMM/results/openmp_results_k1-rvv_1024_20260904_054843/raw_logs/GEMM_RVV_FP64_INT8_8x8_Baseline_RVV_DGEMM_FP64_8x8_dgemm_kernel_8x8_zvl256b_lmul1_unroll4_run4.log",NA,NA,NA,NA,NA,NA,NA
2026-09-04T07:21:35,k1-rvv,"GEMM_RVV_FP64_INT8_8x8_Baseline","RVV_DGEMM_FP64_8x8","dgemm_kernel_8x8_zvl256b_lmul1_unroll4",8x8,256b,1,4,FP64_RVV,0-7,8,8,1024,1024,1024,32,5,OK,0,NONE,0.419107378,GFLOPS,5.123946,parallel_tiles_including_required_packing,DISABLED,0,0,"0:cpu0:tiles4;1:cpu1:tiles4;2:cpu2:tiles4;3:cpu3:tiles4;4:cpu4:tiles4;5:cpu5:tiles4;6:cpu6:tiles4;7:cpu7:tiles4","NA",static,0,"NA","NA","/home/bananapi/MAT/kernels riscv rvv 1.0/FINAL/riscv-rvv-ime-gemm-microkernels-updated/HETEROGENEOUS_RVV_IME_OPENMP_GEMM/results/openmp_results_k1-rvv_1024_20260904_054843/raw_logs/GEMM_RVV_FP64_INT8_8x8_Baseline_RVV_DGEMM_FP64_8x8_dgemm_kernel_8x8_zvl256b_lmul1_unroll4_run5.log",NA,NA,NA,NA,NA,NA,NA
2026-09-04T07:21:37,k1-rvv,"GEMM_RVV_FP64_INT8_8x8_Baseline","RVV_DGEMM_FP64_8x8","dgemm_kernel_8x8_zvl256b_lmul1_unroll4",8x8,256b,1,4,FP64_RVV,0-7,8,8,1024,1024,1024,32,6,OK,0,NONE,0.416689832,GFLOPS,5.153674,parallel_tiles_including_required_packing,DISABLED,0,0,"0:cpu0:tiles4;1:cpu1:tiles4;2:cpu2:tiles4;3:cpu3:tiles4;4:cpu4:tiles4;5:cpu5:tiles4;6:cpu6:tiles4;7:cpu7:tiles4","NA",static,0,"NA","NA","/home/bananapi/MAT/kernels riscv rvv 1.0/FINAL/riscv-rvv-ime-gemm-microkernels-updated/HETEROGENEOUS_RVV_IME_OPENMP_GEMM/results/openmp_results_k1-rvv_1024_20260904_054843/raw_logs/GEMM_RVV_FP64_INT8_8x8_Baseline_RVV_DGEMM_FP64_8x8_dgemm_kernel_8x8_zvl256b_lmul1_unroll4_run6.log",NA,NA,NA,NA,NA,NA,NA
2026-09-04T07:23:19,k1-rvv,"GEMM_RVV_FP64_INT8_8x8_Baseline","RVV_DGEMM_FP64_8x8","dgemm_kernel_8x8_zvl256b_lmul1_unroll8",8x8,256b,1,8,FP64_RVV,0-7,8,8,1024,1024,1024,32,1,OK,0,NONE,0.413552247,GFLOPS,5.192775,parallel_tiles_including_required_packing,INDEPENDENT_GEMM_FP_TOLERANCE,0,7.1054273576010019e-14,"0:cpu0:tiles4;1:cpu1:tiles4;2:cpu2:tiles4;3:cpu3:tiles4;4:cpu4:tiles4;5:cpu5:tiles4;6:cpu6:tiles4;7:cpu7:tiles4","NA",static,0,"NA","NA","/home/bananapi/MAT/kernels riscv rvv 1.0/FINAL/riscv-rvv-ime-gemm-microkernels-updated/HETEROGENEOUS_RVV_IME_OPENMP_GEMM/results/openmp_results_k1-rvv_1024_20260904_054843/raw_logs/GEMM_RVV_FP64_INT8_8x8_Baseline_RVV_DGEMM_FP64_8x8_dgemm_kernel_8x8_zvl256b_lmul1_unroll8_run1.log",NA,NA,NA,NA,NA,NA,NA
2026-09-04T07:23:21,k1-rvv,"GEMM_RVV_FP64_INT8_8x8_Baseline","RVV_DGEMM_FP64_8x8","dgemm_kernel_8x8_zvl256b_lmul1_unroll8",8x8,256b,1,8,FP64_RVV,0-7,8,8,1024,1024,1024,32,2,OK,0,NONE,0.411028374,GFLOPS,5.224660,parallel_tiles_including_required_packing,DISABLED,0,0,"0:cpu0:tiles4;1:cpu1:tiles4;2:cpu2:tiles4;3:cpu3:tiles4;4:cpu4:tiles4;5:cpu5:tiles4;6:cpu6:tiles4;7:cpu7:tiles4","NA",static,0,"NA","NA","/home/bananapi/MAT/kernels riscv rvv 1.0/FINAL/riscv-rvv-ime-gemm-microkernels-updated/HETEROGENEOUS_RVV_IME_OPENMP_GEMM/results/openmp_results_k1-rvv_1024_20260904_054843/raw_logs/GEMM_RVV_FP64_INT8_8x8_Baseline_RVV_DGEMM_FP64_8x8_dgemm_kernel_8x8_zvl256b_lmul1_unroll8_run2.log",NA,NA,NA,NA,NA,NA,NA
2026-09-04T07:23:22,k1-rvv,"GEMM_RVV_FP64_INT8_8x8_Baseline","RVV_DGEMM_FP64_8x8","dgemm_kernel_8x8_zvl256b_lmul1_unroll8",8x8,256b,1,8,FP64_RVV,0-7,8,8,1024,1024,1024,32,3,OK,0,NONE,0.418945294,GFLOPS,5.125929,parallel_tiles_including_required_packing,DISABLED,0,0,"0:cpu0:tiles4;1:cpu1:tiles4;2:cpu2:tiles4;3:cpu3:tiles4;4:cpu4:tiles4;5:cpu5:tiles4;6:cpu6:tiles4;7:cpu7:tiles4","NA",static,0,"NA","NA","/home/bananapi/MAT/kernels riscv rvv 1.0/FINAL/riscv-rvv-ime-gemm-microkernels-updated/HETEROGENEOUS_RVV_IME_OPENMP_GEMM/results/openmp_results_k1-rvv_1024_20260904_054843/raw_logs/GEMM_RVV_FP64_INT8_8x8_Baseline_RVV_DGEMM_FP64_8x8_dgemm_kernel_8x8_zvl256b_lmul1_unroll8_run3.log",NA,NA,NA,NA,NA,NA,NA
2026-09-04T07:23:23,k1-rvv,"GEMM_RVV_FP64_INT8_8x8_Baseline","RVV_DGEMM_FP64_8x8","dgemm_kernel_8x8_zvl256b_lmul1_unroll8",8x8,256b,1,8,FP64_RVV,0-7,8,8,1024,1024,1024,32,4,OK,0,NONE,0.415389165,GFLOPS,5.169811,parallel_tiles_including_required_packing,DISABLED,0,0,"0:cpu0:tiles4;1:cpu1:tiles4;2:cpu2:tiles4;3:cpu3:tiles4;4:cpu4:tiles4;5:cpu5:tiles4;6:cpu6:tiles4;7:cpu7:tiles4","NA",static,0,"NA","NA","/home/bananapi/MAT/kernels riscv rvv 1.0/FINAL/riscv-rvv-ime-gemm-microkernels-updated/HETEROGENEOUS_RVV_IME_OPENMP_GEMM/results/openmp_results_k1-rvv_1024_20260904_054843/raw_logs/GEMM_RVV_FP64_INT8_8x8_Baseline_RVV_DGEMM_FP64_8x8_dgemm_kernel_8x8_zvl256b_lmul1_unroll8_run4.log",NA,NA,NA,NA,NA,NA,NA
2026-09-04T07:23:24,k1-rvv,"GEMM_RVV_FP64_INT8_8x8_Baseline","RVV_DGEMM_FP64_8x8","dgemm_kernel_8x8_zvl256b_lmul1_unroll8",8x8,256b,1,8,FP64_RVV,0-7,8,8,1024,1024,1024,32,5,OK,0,NONE,0.420318209,GFLOPS,5.109185,parallel_tiles_including_required_packing,DISABLED,0,0,"0:cpu0:tiles4;1:cpu1:tiles4;2:cpu2:tiles4;3:cpu3:tiles4;4:cpu4:tiles4;5:cpu5:tiles4;6:cpu6:tiles4;7:cpu7:tiles4","NA",static,0,"NA","NA","/home/bananapi/MAT/kernels riscv rvv 1.0/FINAL/riscv-rvv-ime-gemm-microkernels-updated/HETEROGENEOUS_RVV_IME_OPENMP_GEMM/results/openmp_results_k1-rvv_1024_20260904_054843/raw_logs/GEMM_RVV_FP64_INT8_8x8_Baseline_RVV_DGEMM_FP64_8x8_dgemm_kernel_8x8_zvl256b_lmul1_unroll8_run5.log",NA,NA,NA,NA,NA,NA,NA
2026-09-04T07:23:26,k1-rvv,"GEMM_RVV_FP64_INT8_8x8_Baseline","RVV_DGEMM_FP64_8x8","dgemm_kernel_8x8_zvl256b_lmul1_unroll8",8x8,256b,1,8,FP64_RVV,0-7,8,8,1024,1024,1024,32,6,OK,0,NONE,0.419758625,GFLOPS,5.115996,parallel_tiles_including_required_packing,DISABLED,0,0,"0:cpu0:tiles4;1:cpu1:tiles4;2:cpu2:tiles4;3:cpu3:tiles4;4:cpu4:tiles4;5:cpu5:tiles4;6:cpu6:tiles4;7:cpu7:tiles4","NA",static,0,"NA","NA","/home/bananapi/MAT/kernels riscv rvv 1.0/FINAL/riscv-rvv-ime-gemm-microkernels-updated/HETEROGENEOUS_RVV_IME_OPENMP_GEMM/results/openmp_results_k1-rvv_1024_20260904_054843/raw_logs/GEMM_RVV_FP64_INT8_8x8_Baseline_RVV_DGEMM_FP64_8x8_dgemm_kernel_8x8_zvl256b_lmul1_unroll8_run6.log",NA,NA,NA,NA,NA,NA,NA
2026-09-04T07:25:07,k1-rvv,"GEMM_RVV_FP64_INT8_8x8_Baseline","RVV_DGEMM_FP64_8x8","dgemm_kernel_8x8_zvl256b_lmul2_unroll1",8x8,256b,2,1,FP64_RVV,0-7,8,8,1024,1024,1024,32,1,OK,0,NONE,0.415033292,GFLOPS,5.174244,parallel_tiles_including_required_packing,INDEPENDENT_GEMM_FP_TOLERANCE,0,7.1054273576010019e-14,"0:cpu0:tiles4;1:cpu1:tiles4;2:cpu2:tiles4;3:cpu3:tiles4;4:cpu4:tiles4;5:cpu5:tiles4;6:cpu6:tiles4;7:cpu7:tiles4","NA",static,0,"NA","NA","/home/bananapi/MAT/kernels riscv rvv 1.0/FINAL/riscv-rvv-ime-gemm-microkernels-updated/HETEROGENEOUS_RVV_IME_OPENMP_GEMM/results/openmp_results_k1-rvv_1024_20260904_054843/raw_logs/GEMM_RVV_FP64_INT8_8x8_Baseline_RVV_DGEMM_FP64_8x8_dgemm_kernel_8x8_zvl256b_lmul2_unroll1_run1.log",NA,NA,NA,NA,NA,NA,NA
2026-09-04T07:25:08,k1-rvv,"GEMM_RVV_FP64_INT8_8x8_Baseline","RVV_DGEMM_FP64_8x8","dgemm_kernel_8x8_zvl256b_lmul2_unroll1",8x8,256b,2,1,FP64_RVV,0-7,8,8,1024,1024,1024,32,2,OK,0,NONE,0.416792002,GFLOPS,5.152411,parallel_tiles_including_required_packing,DISABLED,0,0,"0:cpu0:tiles4;1:cpu1:tiles4;2:cpu2:tiles4;3:cpu3:tiles4;4:cpu4:tiles4;5:cpu5:tiles4;6:cpu6:tiles4;7:cpu7:tiles4","NA",static,0,"NA","NA","/home/bananapi/MAT/kernels riscv rvv 1.0/FINAL/riscv-rvv-ime-gemm-microkernels-updated/HETEROGENEOUS_RVV_IME_OPENMP_GEMM/results/openmp_results_k1-rvv_1024_20260904_054843/raw_logs/GEMM_RVV_FP64_INT8_8x8_Baseline_RVV_DGEMM_FP64_8x8_dgemm_kernel_8x8_zvl256b_lmul2_unroll1_run2.log",NA,NA,NA,NA,NA,NA,NA
2026-09-04T07:25:10,k1-rvv,"GEMM_RVV_FP64_INT8_8x8_Baseline","RVV_DGEMM_FP64_8x8","dgemm_kernel_8x8_zvl256b_lmul2_unroll1",8x8,256b,2,1,FP64_RVV,0-7,8,8,1024,1024,1024,32,3,OK,0,NONE,0.412093334,GFLOPS,5.211158,parallel_tiles_including_required_packing,DISABLED,0,0,"0:cpu0:tiles4;1:cpu1:tiles4;2:cpu2:tiles4;3:cpu3:tiles4;4:cpu4:tiles4;5:cpu5:tiles4;6:cpu6:tiles4;7:cpu7:tiles4","NA",static,0,"NA","NA","/home/bananapi/MAT/kernels riscv rvv 1.0/FINAL/riscv-rvv-ime-gemm-microkernels-updated/HETEROGENEOUS_RVV_IME_OPENMP_GEMM/results/openmp_results_k1-rvv_1024_20260904_054843/raw_logs/GEMM_RVV_FP64_INT8_8x8_Baseline_RVV_DGEMM_FP64_8x8_dgemm_kernel_8x8_zvl256b_lmul2_unroll1_run3.log",NA,NA,NA,NA,NA,NA,NA
2026-09-04T07:25:11,k1-rvv,"GEMM_RVV_FP64_INT8_8x8_Baseline","RVV_DGEMM_FP64_8x8","dgemm_kernel_8x8_zvl256b_lmul2_unroll1",8x8,256b,2,1,FP64_RVV,0-7,8,8,1024,1024,1024,32,4,OK,0,NONE,0.410753042,GFLOPS,5.228162,parallel_tiles_including_required_packing,DISABLED,0,0,"0:cpu0:tiles4;1:cpu1:tiles4;2:cpu2:tiles4;3:cpu3:tiles4;4:cpu4:tiles4;5:cpu5:tiles4;6:cpu6:tiles4;7:cpu7:tiles4","NA",static,0,"NA","NA","/home/bananapi/MAT/kernels riscv rvv 1.0/FINAL/riscv-rvv-ime-gemm-microkernels-updated/HETEROGENEOUS_RVV_IME_OPENMP_GEMM/results/openmp_results_k1-rvv_1024_20260904_054843/raw_logs/GEMM_RVV_FP64_INT8_8x8_Baseline_RVV_DGEMM_FP64_8x8_dgemm_kernel_8x8_zvl256b_lmul2_unroll1_run4.log",NA,NA,NA,NA,NA,NA,NA
2026-09-04T07:25:12,k1-rvv,"GEMM_RVV_FP64_INT8_8x8_Baseline","RVV_DGEMM_FP64_8x8","dgemm_kernel_8x8_zvl256b_lmul2_unroll1",8x8,256b,2,1,FP64_RVV,0-7,8,8,1024,1024,1024,32,5,OK,0,NONE,0.417471126,GFLOPS,5.144029,parallel_tiles_including_required_packing,DISABLED,0,0,"0:cpu0:tiles4;1:cpu1:tiles4;2:cpu2:tiles4;3:cpu3:tiles4;4:cpu4:tiles4;5:cpu5:tiles4;6:cpu6:tiles4;7:cpu7:tiles4","NA",static,0,"NA","NA","/home/bananapi/MAT/kernels riscv rvv 1.0/FINAL/riscv-rvv-ime-gemm-microkernels-updated/HETEROGENEOUS_RVV_IME_OPENMP_GEMM/results/openmp_results_k1-rvv_1024_20260904_054843/raw_logs/GEMM_RVV_FP64_INT8_8x8_Baseline_RVV_DGEMM_FP64_8x8_dgemm_kernel_8x8_zvl256b_lmul2_unroll1_run5.log",NA,NA,NA,NA,NA,NA,NA
2026-09-04T07:25:13,k1-rvv,"GEMM_RVV_FP64_INT8_8x8_Baseline","RVV_DGEMM_FP64_8x8","dgemm_kernel_8x8_zvl256b_lmul2_unroll1",8x8,256b,2,1,FP64_RVV,0-7,8,8,1024,1024,1024,32,6,OK,0,NONE,0.414794207,GFLOPS,5.177227,parallel_tiles_including_required_packing,DISABLED,0,0,"0:cpu0:tiles4;1:cpu1:tiles4;2:cpu2:tiles4;3:cpu3:tiles4;4:cpu4:tiles4;5:cpu5:tiles4;6:cpu6:tiles4;7:cpu7:tiles4","NA",static,0,"NA","NA","/home/bananapi/MAT/kernels riscv rvv 1.0/FINAL/riscv-rvv-ime-gemm-microkernels-updated/HETEROGENEOUS_RVV_IME_OPENMP_GEMM/results/openmp_results_k1-rvv_1024_20260904_054843/raw_logs/GEMM_RVV_FP64_INT8_8x8_Baseline_RVV_DGEMM_FP64_8x8_dgemm_kernel_8x8_zvl256b_lmul2_unroll1_run6.log",NA,NA,NA,NA,NA,NA,NA
2026-09-04T07:26:55,k1-rvv,"GEMM_RVV_FP64_INT8_8x8_Baseline","RVV_DGEMM_FP64_8x8","dgemm_kernel_8x8_zvl256b_lmul2_unroll2",8x8,256b,2,2,FP64_RVV,0-7,8,8,1024,1024,1024,32,1,OK,0,NONE,0.410799250,GFLOPS,5.227574,parallel_tiles_including_required_packing,INDEPENDENT_GEMM_FP_TOLERANCE,0,7.1054273576010019e-14,"0:cpu0:tiles4;1:cpu1:tiles4;2:cpu2:tiles4;3:cpu3:tiles4;4:cpu4:tiles4;5:cpu5:tiles4;6:cpu6:tiles4;7:cpu7:tiles4","NA",static,0,"NA","NA","/home/bananapi/MAT/kernels riscv rvv 1.0/FINAL/riscv-rvv-ime-gemm-microkernels-updated/HETEROGENEOUS_RVV_IME_OPENMP_GEMM/results/openmp_results_k1-rvv_1024_20260904_054843/raw_logs/GEMM_RVV_FP64_INT8_8x8_Baseline_RVV_DGEMM_FP64_8x8_dgemm_kernel_8x8_zvl256b_lmul2_unroll2_run1.log",NA,NA,NA,NA,NA,NA,NA
2026-09-04T07:26:56,k1-rvv,"GEMM_RVV_FP64_INT8_8x8_Baseline","RVV_DGEMM_FP64_8x8","dgemm_kernel_8x8_zvl256b_lmul2_unroll2",8x8,256b,2,2,FP64_RVV,0-7,8,8,1024,1024,1024,32,2,OK,0,NONE,0.416884165,GFLOPS,5.151272,parallel_tiles_including_required_packing,DISABLED,0,0,"0:cpu0:tiles4;1:cpu1:tiles4;2:cpu2:tiles4;3:cpu3:tiles4;4:cpu4:tiles4;5:cpu5:tiles4;6:cpu6:tiles4;7:cpu7:tiles4","NA",static,0,"NA","NA","/home/bananapi/MAT/kernels riscv rvv 1.0/FINAL/riscv-rvv-ime-gemm-microkernels-updated/HETEROGENEOUS_RVV_IME_OPENMP_GEMM/results/openmp_results_k1-rvv_1024_20260904_054843/raw_logs/GEMM_RVV_FP64_INT8_8x8_Baseline_RVV_DGEMM_FP64_8x8_dgemm_kernel_8x8_zvl256b_lmul2_unroll2_run2.log",NA,NA,NA,NA,NA,NA,NA
2026-09-04T07:26:57,k1-rvv,"GEMM_RVV_FP64_INT8_8x8_Baseline","RVV_DGEMM_FP64_8x8","dgemm_kernel_8x8_zvl256b_lmul2_unroll2",8x8,256b,2,2,FP64_RVV,0-7,8,8,1024,1024,1024,32,3,OK,0,NONE,0.409258295,GFLOPS,5.247257,parallel_tiles_including_required_packing,DISABLED,0,0,"0:cpu0:tiles4;1:cpu1:tiles4;2:cpu2:tiles4;3:cpu3:tiles4;4:cpu4:tiles4;5:cpu5:tiles4;6:cpu6:tiles4;7:cpu7:tiles4","NA",static,0,"NA","NA","/home/bananapi/MAT/kernels riscv rvv 1.0/FINAL/riscv-rvv-ime-gemm-microkernels-updated/HETEROGENEOUS_RVV_IME_OPENMP_GEMM/results/openmp_results_k1-rvv_1024_20260904_054843/raw_logs/GEMM_RVV_FP64_INT8_8x8_Baseline_RVV_DGEMM_FP64_8x8_dgemm_kernel_8x8_zvl256b_lmul2_unroll2_run3.log",NA,NA,NA,NA,NA,NA,NA
2026-09-04T07:26:59,k1-rvv,"GEMM_RVV_FP64_INT8_8x8_Baseline","RVV_DGEMM_FP64_8x8","dgemm_kernel_8x8_zvl256b_lmul2_unroll2",8x8,256b,2,2,FP64_RVV,0-7,8,8,1024,1024,1024,32,4,OK,0,NONE,0.405671418,GFLOPS,5.293653,parallel_tiles_including_required_packing,DISABLED,0,0,"0:cpu0:tiles4;1:cpu1:tiles4;2:cpu2:tiles4;3:cpu3:tiles4;4:cpu4:tiles4;5:cpu5:tiles4;6:cpu6:tiles4;7:cpu7:tiles4","NA",static,0,"NA","NA","/home/bananapi/MAT/kernels riscv rvv 1.0/FINAL/riscv-rvv-ime-gemm-microkernels-updated/HETEROGENEOUS_RVV_IME_OPENMP_GEMM/results/openmp_results_k1-rvv_1024_20260904_054843/raw_logs/GEMM_RVV_FP64_INT8_8x8_Baseline_RVV_DGEMM_FP64_8x8_dgemm_kernel_8x8_zvl256b_lmul2_unroll2_run4.log",NA,NA,NA,NA,NA,NA,NA
2026-09-04T07:27:00,k1-rvv,"GEMM_RVV_FP64_INT8_8x8_Baseline","RVV_DGEMM_FP64_8x8","dgemm_kernel_8x8_zvl256b_lmul2_unroll2",8x8,256b,2,2,FP64_RVV,0-7,8,8,1024,1024,1024,32,5,OK,0,NONE,0.419323374,GFLOPS,5.121307,parallel_tiles_including_required_packing,DISABLED,0,0,"0:cpu0:tiles4;1:cpu1:tiles4;2:cpu2:tiles4;3:cpu3:tiles4;4:cpu4:tiles4;5:cpu5:tiles4;6:cpu6:tiles4;7:cpu7:tiles4","NA",static,0,"NA","NA","/home/bananapi/MAT/kernels riscv rvv 1.0/FINAL/riscv-rvv-ime-gemm-microkernels-updated/HETEROGENEOUS_RVV_IME_OPENMP_GEMM/results/openmp_results_k1-rvv_1024_20260904_054843/raw_logs/GEMM_RVV_FP64_INT8_8x8_Baseline_RVV_DGEMM_FP64_8x8_dgemm_kernel_8x8_zvl256b_lmul2_unroll2_run5.log",NA,NA,NA,NA,NA,NA,NA
2026-09-04T07:27:01,k1-rvv,"GEMM_RVV_FP64_INT8_8x8_Baseline","RVV_DGEMM_FP64_8x8","dgemm_kernel_8x8_zvl256b_lmul2_unroll2",8x8,256b,2,2,FP64_RVV,0-7,8,8,1024,1024,1024,32,6,OK,0,NONE,0.415447041,GFLOPS,5.169091,parallel_tiles_including_required_packing,DISABLED,0,0,"0:cpu0:tiles4;1:cpu1:tiles4;2:cpu2:tiles4;3:cpu3:tiles4;4:cpu4:tiles4;5:cpu5:tiles4;6:cpu6:tiles4;7:cpu7:tiles4","NA",static,0,"NA","NA","/home/bananapi/MAT/kernels riscv rvv 1.0/FINAL/riscv-rvv-ime-gemm-microkernels-updated/HETEROGENEOUS_RVV_IME_OPENMP_GEMM/results/openmp_results_k1-rvv_1024_20260904_054843/raw_logs/GEMM_RVV_FP64_INT8_8x8_Baseline_RVV_DGEMM_FP64_8x8_dgemm_kernel_8x8_zvl256b_lmul2_unroll2_run6.log",NA,NA,NA,NA,NA,NA,NA
2026-09-04T07:28:43,k1-rvv,"GEMM_RVV_FP64_INT8_8x8_Baseline","RVV_DGEMM_FP64_8x8","dgemm_kernel_8x8_zvl256b_lmul2_unroll4",8x8,256b,2,4,FP64_RVV,0-7,8,8,1024,1024,1024,32,1,OK,0,NONE,0.421351627,GFLOPS,5.096654,parallel_tiles_including_required_packing,INDEPENDENT_GEMM_FP_TOLERANCE,0,7.1054273576010019e-14,"0:cpu0:tiles4;1:cpu1:tiles4;2:cpu2:tiles4;3:cpu3:tiles4;4:cpu4:tiles4;5:cpu5:tiles4;6:cpu6:tiles4;7:cpu7:tiles4","NA",static,0,"NA","NA","/home/bananapi/MAT/kernels riscv rvv 1.0/FINAL/riscv-rvv-ime-gemm-microkernels-updated/HETEROGENEOUS_RVV_IME_OPENMP_GEMM/results/openmp_results_k1-rvv_1024_20260904_054843/raw_logs/GEMM_RVV_FP64_INT8_8x8_Baseline_RVV_DGEMM_FP64_8x8_dgemm_kernel_8x8_zvl256b_lmul2_unroll4_run1.log",NA,NA,NA,NA,NA,NA,NA
2026-09-04T07:28:44,k1-rvv,"GEMM_RVV_FP64_INT8_8x8_Baseline","RVV_DGEMM_FP64_8x8","dgemm_kernel_8x8_zvl256b_lmul2_unroll4",8x8,256b,2,4,FP64_RVV,0-7,8,8,1024,1024,1024,32,2,OK,0,NONE,0.419990212,GFLOPS,5.113175,parallel_tiles_including_required_packing,DISABLED,0,0,"0:cpu0:tiles4;1:cpu1:tiles4;2:cpu2:tiles4;3:cpu3:tiles4;4:cpu4:tiles4;5:cpu5:tiles4;6:cpu6:tiles4;7:cpu7:tiles4","NA",static,0,"NA","NA","/home/bananapi/MAT/kernels riscv rvv 1.0/FINAL/riscv-rvv-ime-gemm-microkernels-updated/HETEROGENEOUS_RVV_IME_OPENMP_GEMM/results/openmp_results_k1-rvv_1024_20260904_054843/raw_logs/GEMM_RVV_FP64_INT8_8x8_Baseline_RVV_DGEMM_FP64_8x8_dgemm_kernel_8x8_zvl256b_lmul2_unroll4_run2.log",NA,NA,NA,NA,NA,NA,NA
2026-09-04T07:28:45,k1-rvv,"GEMM_RVV_FP64_INT8_8x8_Baseline","RVV_DGEMM_FP64_8x8","dgemm_kernel_8x8_zvl256b_lmul2_unroll4",8x8,256b,2,4,FP64_RVV,0-7,8,8,1024,1024,1024,32,3,OK,0,NONE,0.414915916,GFLOPS,5.175708,parallel_tiles_including_required_packing,DISABLED,0,0,"0:cpu0:tiles4;1:cpu1:tiles4;2:cpu2:tiles4;3:cpu3:tiles4;4:cpu4:tiles4;5:cpu5:tiles4;6:cpu6:tiles4;7:cpu7:tiles4","NA",static,0,"NA","NA","/home/bananapi/MAT/kernels riscv rvv 1.0/FINAL/riscv-rvv-ime-gemm-microkernels-updated/HETEROGENEOUS_RVV_IME_OPENMP_GEMM/results/openmp_results_k1-rvv_1024_20260904_054843/raw_logs/GEMM_RVV_FP64_INT8_8x8_Baseline_RVV_DGEMM_FP64_8x8_dgemm_kernel_8x8_zvl256b_lmul2_unroll4_run3.log",NA,NA,NA,NA,NA,NA,NA
2026-09-04T07:28:46,k1-rvv,"GEMM_RVV_FP64_INT8_8x8_Baseline","RVV_DGEMM_FP64_8x8","dgemm_kernel_8x8_zvl256b_lmul2_unroll4",8x8,256b,2,4,FP64_RVV,0-7,8,8,1024,1024,1024,32,4,OK,0,NONE,0.412632748,GFLOPS,5.204346,parallel_tiles_including_required_packing,DISABLED,0,0,"0:cpu0:tiles4;1:cpu1:tiles4;2:cpu2:tiles4;3:cpu3:tiles4;4:cpu4:tiles4;5:cpu5:tiles4;6:cpu6:tiles4;7:cpu7:tiles4","NA",static,0,"NA","NA","/home/bananapi/MAT/kernels riscv rvv 1.0/FINAL/riscv-rvv-ime-gemm-microkernels-updated/HETEROGENEOUS_RVV_IME_OPENMP_GEMM/results/openmp_results_k1-rvv_1024_20260904_054843/raw_logs/GEMM_RVV_FP64_INT8_8x8_Baseline_RVV_DGEMM_FP64_8x8_dgemm_kernel_8x8_zvl256b_lmul2_unroll4_run4.log",NA,NA,NA,NA,NA,NA,NA
2026-09-04T07:28:48,k1-rvv,"GEMM_RVV_FP64_INT8_8x8_Baseline","RVV_DGEMM_FP64_8x8","dgemm_kernel_8x8_zvl256b_lmul2_unroll4",8x8,256b,2,4,FP64_RVV,0-7,8,8,1024,1024,1024,32,5,OK,0,NONE,0.417823583,GFLOPS,5.139690,parallel_tiles_including_required_packing,DISABLED,0,0,"0:cpu0:tiles4;1:cpu1:tiles4;2:cpu2:tiles4;3:cpu3:tiles4;4:cpu4:tiles4;5:cpu5:tiles4;6:cpu6:tiles4;7:cpu7:tiles4","NA",static,0,"NA","NA","/home/bananapi/MAT/kernels riscv rvv 1.0/FINAL/riscv-rvv-ime-gemm-microkernels-updated/HETEROGENEOUS_RVV_IME_OPENMP_GEMM/results/openmp_results_k1-rvv_1024_20260904_054843/raw_logs/GEMM_RVV_FP64_INT8_8x8_Baseline_RVV_DGEMM_FP64_8x8_dgemm_kernel_8x8_zvl256b_lmul2_unroll4_run5.log",NA,NA,NA,NA,NA,NA,NA
2026-09-04T07:28:49,k1-rvv,"GEMM_RVV_FP64_INT8_8x8_Baseline","RVV_DGEMM_FP64_8x8","dgemm_kernel_8x8_zvl256b_lmul2_unroll4",8x8,256b,2,4,FP64_RVV,0-7,8,8,1024,1024,1024,32,6,OK,0,NONE,0.420260832,GFLOPS,5.109883,parallel_tiles_including_required_packing,DISABLED,0,0,"0:cpu0:tiles4;1:cpu1:tiles4;2:cpu2:tiles4;3:cpu3:tiles4;4:cpu4:tiles4;5:cpu5:tiles4;6:cpu6:tiles4;7:cpu7:tiles4","NA",static,0,"NA","NA","/home/bananapi/MAT/kernels riscv rvv 1.0/FINAL/riscv-rvv-ime-gemm-microkernels-updated/HETEROGENEOUS_RVV_IME_OPENMP_GEMM/results/openmp_results_k1-rvv_1024_20260904_054843/raw_logs/GEMM_RVV_FP64_INT8_8x8_Baseline_RVV_DGEMM_FP64_8x8_dgemm_kernel_8x8_zvl256b_lmul2_unroll4_run6.log",NA,NA,NA,NA,NA,NA,NA
2026-09-04T07:30:31,k1-rvv,"GEMM_RVV_FP64_INT8_8x8_Baseline","RVV_DGEMM_FP64_8x8","dgemm_kernel_8x8_zvl256b_lmul2_unroll8",8x8,256b,2,8,FP64_RVV,0-7,8,8,1024,1024,1024,32,1,OK,0,NONE,0.417309165,GFLOPS,5.146026,parallel_tiles_including_required_packing,INDEPENDENT_GEMM_FP_TOLERANCE,0,7.1054273576010019e-14,"0:cpu0:tiles4;1:cpu1:tiles4;2:cpu2:tiles4;3:cpu3:tiles4;4:cpu4:tiles4;5:cpu5:tiles4;6:cpu6:tiles4;7:cpu7:tiles4","NA",static,0,"NA","NA","/home/bananapi/MAT/kernels riscv rvv 1.0/FINAL/riscv-rvv-ime-gemm-microkernels-updated/HETEROGENEOUS_RVV_IME_OPENMP_GEMM/results/openmp_results_k1-rvv_1024_20260904_054843/raw_logs/GEMM_RVV_FP64_INT8_8x8_Baseline_RVV_DGEMM_FP64_8x8_dgemm_kernel_8x8_zvl256b_lmul2_unroll8_run1.log",NA,NA,NA,NA,NA,NA,NA
2026-09-04T07:30:32,k1-rvv,"GEMM_RVV_FP64_INT8_8x8_Baseline","RVV_DGEMM_FP64_8x8","dgemm_kernel_8x8_zvl256b_lmul2_unroll8",8x8,256b,2,8,FP64_RVV,0-7,8,8,1024,1024,1024,32,2,OK,0,NONE,0.420587376,GFLOPS,5.105916,parallel_tiles_including_required_packing,DISABLED,0,0,"0:cpu0:tiles4;1:cpu1:tiles4;2:cpu2:tiles4;3:cpu3:tiles4;4:cpu4:tiles4;5:cpu5:tiles4;6:cpu6:tiles4;7:cpu7:tiles4","NA",static,0,"NA","NA","/home/bananapi/MAT/kernels riscv rvv 1.0/FINAL/riscv-rvv-ime-gemm-microkernels-updated/HETEROGENEOUS_RVV_IME_OPENMP_GEMM/results/openmp_results_k1-rvv_1024_20260904_054843/raw_logs/GEMM_RVV_FP64_INT8_8x8_Baseline_RVV_DGEMM_FP64_8x8_dgemm_kernel_8x8_zvl256b_lmul2_unroll8_run2.log",NA,NA,NA,NA,NA,NA,NA
2026-09-04T07:30:33,k1-rvv,"GEMM_RVV_FP64_INT8_8x8_Baseline","RVV_DGEMM_FP64_8x8","dgemm_kernel_8x8_zvl256b_lmul2_unroll8",8x8,256b,2,8,FP64_RVV,0-7,8,8,1024,1024,1024,32,3,OK,0,NONE,0.412838709,GFLOPS,5.201750,parallel_tiles_including_required_packing,DISABLED,0,0,"0:cpu0:tiles4;1:cpu1:tiles4;2:cpu2:tiles4;3:cpu3:tiles4;4:cpu4:tiles4;5:cpu5:tiles4;6:cpu6:tiles4;7:cpu7:tiles4","NA",static,0,"NA","NA","/home/bananapi/MAT/kernels riscv rvv 1.0/FINAL/riscv-rvv-ime-gemm-microkernels-updated/HETEROGENEOUS_RVV_IME_OPENMP_GEMM/results/openmp_results_k1-rvv_1024_20260904_054843/raw_logs/GEMM_RVV_FP64_INT8_8x8_Baseline_RVV_DGEMM_FP64_8x8_dgemm_kernel_8x8_zvl256b_lmul2_unroll8_run3.log",NA,NA,NA,NA,NA,NA,NA
2026-09-04T07:30:34,k1-rvv,"GEMM_RVV_FP64_INT8_8x8_Baseline","RVV_DGEMM_FP64_8x8","dgemm_kernel_8x8_zvl256b_lmul2_unroll8",8x8,256b,2,8,FP64_RVV,0-7,8,8,1024,1024,1024,32,4,OK,0,NONE,0.416811291,GFLOPS,5.152172,parallel_tiles_including_required_packing,DISABLED,0,0,"0:cpu0:tiles4;1:cpu1:tiles4;2:cpu2:tiles4;3:cpu3:tiles4;4:cpu4:tiles4;5:cpu5:tiles4;6:cpu6:tiles4;7:cpu7:tiles4","NA",static,0,"NA","NA","/home/bananapi/MAT/kernels riscv rvv 1.0/FINAL/riscv-rvv-ime-gemm-microkernels-updated/HETEROGENEOUS_RVV_IME_OPENMP_GEMM/results/openmp_results_k1-rvv_1024_20260904_054843/raw_logs/GEMM_RVV_FP64_INT8_8x8_Baseline_RVV_DGEMM_FP64_8x8_dgemm_kernel_8x8_zvl256b_lmul2_unroll8_run4.log",NA,NA,NA,NA,NA,NA,NA
2026-09-04T07:30:36,k1-rvv,"GEMM_RVV_FP64_INT8_8x8_Baseline","RVV_DGEMM_FP64_8x8","dgemm_kernel_8x8_zvl256b_lmul2_unroll8",8x8,256b,2,8,FP64_RVV,0-7,8,8,1024,1024,1024,32,5,OK,0,NONE,0.419706833,GFLOPS,5.116628,parallel_tiles_including_required_packing,DISABLED,0,0,"0:cpu0:tiles4;1:cpu1:tiles4;2:cpu2:tiles4;3:cpu3:tiles4;4:cpu4:tiles4;5:cpu5:tiles4;6:cpu6:tiles4;7:cpu7:tiles4","NA",static,0,"NA","NA","/home/bananapi/MAT/kernels riscv rvv 1.0/FINAL/riscv-rvv-ime-gemm-microkernels-updated/HETEROGENEOUS_RVV_IME_OPENMP_GEMM/results/openmp_results_k1-rvv_1024_20260904_054843/raw_logs/GEMM_RVV_FP64_INT8_8x8_Baseline_RVV_DGEMM_FP64_8x8_dgemm_kernel_8x8_zvl256b_lmul2_unroll8_run5.log",NA,NA,NA,NA,NA,NA,NA
2026-09-04T07:30:37,k1-rvv,"GEMM_RVV_FP64_INT8_8x8_Baseline","RVV_DGEMM_FP64_8x8","dgemm_kernel_8x8_zvl256b_lmul2_unroll8",8x8,256b,2,8,FP64_RVV,0-7,8,8,1024,1024,1024,32,6,OK,0,NONE,0.415315751,GFLOPS,5.170725,parallel_tiles_including_required_packing,DISABLED,0,0,"0:cpu0:tiles4;1:cpu1:tiles4;2:cpu2:tiles4;3:cpu3:tiles4;4:cpu4:tiles4;5:cpu5:tiles4;6:cpu6:tiles4;7:cpu7:tiles4","NA",static,0,"NA","NA","/home/bananapi/MAT/kernels riscv rvv 1.0/FINAL/riscv-rvv-ime-gemm-microkernels-updated/HETEROGENEOUS_RVV_IME_OPENMP_GEMM/results/openmp_results_k1-rvv_1024_20260904_054843/raw_logs/GEMM_RVV_FP64_INT8_8x8_Baseline_RVV_DGEMM_FP64_8x8_dgemm_kernel_8x8_zvl256b_lmul2_unroll8_run6.log",NA,NA,NA,NA,NA,NA,NA
2026-09-04T07:32:17,k1-rvv,"GEMM_RVV_FP64_INT8_8x8_Baseline","RVV_DGEMM_FP64_8x8","dgemm_kernel_8x8_zvl256b_lmul4_unroll1",8x8,256b,4,1,FP64_RVV,0-7,8,8,1024,1024,1024,32,1,OK,0,NONE,0.457246084,GFLOPS,4.696560,parallel_tiles_including_required_packing,INDEPENDENT_GEMM_FP_TOLERANCE,0,7.1054273576010019e-14,"0:cpu0:tiles4;1:cpu1:tiles4;2:cpu2:tiles4;3:cpu3:tiles4;4:cpu4:tiles4;5:cpu5:tiles4;6:cpu6:tiles4;7:cpu7:tiles4","NA",static,0,"NA","NA","/home/bananapi/MAT/kernels riscv rvv 1.0/FINAL/riscv-rvv-ime-gemm-microkernels-updated/HETEROGENEOUS_RVV_IME_OPENMP_GEMM/results/openmp_results_k1-rvv_1024_20260904_054843/raw_logs/GEMM_RVV_FP64_INT8_8x8_Baseline_RVV_DGEMM_FP64_8x8_dgemm_kernel_8x8_zvl256b_lmul4_unroll1_run1.log",NA,NA,NA,NA,NA,NA,NA
2026-09-04T07:32:19,k1-rvv,"GEMM_RVV_FP64_INT8_8x8_Baseline","RVV_DGEMM_FP64_8x8","dgemm_kernel_8x8_zvl256b_lmul4_unroll1",8x8,256b,4,1,FP64_RVV,0-7,8,8,1024,1024,1024,32,2,OK,0,NONE,0.448657624,GFLOPS,4.786464,parallel_tiles_including_required_packing,DISABLED,0,0,"0:cpu0:tiles4;1:cpu1:tiles4;2:cpu2:tiles4;3:cpu3:tiles4;4:cpu4:tiles4;5:cpu5:tiles4;6:cpu6:tiles4;7:cpu7:tiles4","NA",static,0,"NA","NA","/home/bananapi/MAT/kernels riscv rvv 1.0/FINAL/riscv-rvv-ime-gemm-microkernels-updated/HETEROGENEOUS_RVV_IME_OPENMP_GEMM/results/openmp_results_k1-rvv_1024_20260904_054843/raw_logs/GEMM_RVV_FP64_INT8_8x8_Baseline_RVV_DGEMM_FP64_8x8_dgemm_kernel_8x8_zvl256b_lmul4_unroll1_run2.log",NA,NA,NA,NA,NA,NA,NA
2026-09-04T07:32:20,k1-rvv,"GEMM_RVV_FP64_INT8_8x8_Baseline","RVV_DGEMM_FP64_8x8","dgemm_kernel_8x8_zvl256b_lmul4_unroll1",8x8,256b,4,1,FP64_RVV,0-7,8,8,1024,1024,1024,32,3,OK,0,NONE,0.451733291,GFLOPS,4.753875,parallel_tiles_including_required_packing,DISABLED,0,0,"0:cpu0:tiles4;1:cpu1:tiles4;2:cpu2:tiles4;3:cpu3:tiles4;4:cpu4:tiles4;5:cpu5:tiles4;6:cpu6:tiles4;7:cpu7:tiles4","NA",static,0,"NA","NA","/home/bananapi/MAT/kernels riscv rvv 1.0/FINAL/riscv-rvv-ime-gemm-microkernels-updated/HETEROGENEOUS_RVV_IME_OPENMP_GEMM/results/openmp_results_k1-rvv_1024_20260904_054843/raw_logs/GEMM_RVV_FP64_INT8_8x8_Baseline_RVV_DGEMM_FP64_8x8_dgemm_kernel_8x8_zvl256b_lmul4_unroll1_run3.log",NA,NA,NA,NA,NA,NA,NA
2026-09-04T07:32:21,k1-rvv,"GEMM_RVV_FP64_INT8_8x8_Baseline","RVV_DGEMM_FP64_8x8","dgemm_kernel_8x8_zvl256b_lmul4_unroll1",8x8,256b,4,1,FP64_RVV,0-7,8,8,1024,1024,1024,32,4,OK,0,NONE,0.449796874,GFLOPS,4.774341,parallel_tiles_including_required_packing,DISABLED,0,0,"0:cpu0:tiles4;1:cpu1:tiles4;2:cpu2:tiles4;3:cpu3:tiles4;4:cpu4:tiles4;5:cpu5:tiles4;6:cpu6:tiles4;7:cpu7:tiles4","NA",static,0,"NA","NA","/home/bananapi/MAT/kernels riscv rvv 1.0/FINAL/riscv-rvv-ime-gemm-microkernels-updated/HETEROGENEOUS_RVV_IME_OPENMP_GEMM/results/openmp_results_k1-rvv_1024_20260904_054843/raw_logs/GEMM_RVV_FP64_INT8_8x8_Baseline_RVV_DGEMM_FP64_8x8_dgemm_kernel_8x8_zvl256b_lmul4_unroll1_run4.log",NA,NA,NA,NA,NA,NA,NA
2026-09-04T07:32:23,k1-rvv,"GEMM_RVV_FP64_INT8_8x8_Baseline","RVV_DGEMM_FP64_8x8","dgemm_kernel_8x8_zvl256b_lmul4_unroll1",8x8,256b,4,1,FP64_RVV,0-7,8,8,1024,1024,1024,32,5,OK,0,NONE,0.452137586,GFLOPS,4.749624,parallel_tiles_including_required_packing,DISABLED,0,0,"0:cpu0:tiles4;1:cpu1:tiles4;2:cpu2:tiles4;3:cpu3:tiles4;4:cpu4:tiles4;5:cpu5:tiles4;6:cpu6:tiles4;7:cpu7:tiles4","NA",static,0,"NA","NA","/home/bananapi/MAT/kernels riscv rvv 1.0/FINAL/riscv-rvv-ime-gemm-microkernels-updated/HETEROGENEOUS_RVV_IME_OPENMP_GEMM/results/openmp_results_k1-rvv_1024_20260904_054843/raw_logs/GEMM_RVV_FP64_INT8_8x8_Baseline_RVV_DGEMM_FP64_8x8_dgemm_kernel_8x8_zvl256b_lmul4_unroll1_run5.log",NA,NA,NA,NA,NA,NA,NA
2026-09-04T07:32:24,k1-rvv,"GEMM_RVV_FP64_INT8_8x8_Baseline","RVV_DGEMM_FP64_8x8","dgemm_kernel_8x8_zvl256b_lmul4_unroll1",8x8,256b,4,1,FP64_RVV,0-7,8,8,1024,1024,1024,32,6,OK,0,NONE,0.449509542,GFLOPS,4.777393,parallel_tiles_including_required_packing,DISABLED,0,0,"0:cpu0:tiles4;1:cpu1:tiles4;2:cpu2:tiles4;3:cpu3:tiles4;4:cpu4:tiles4;5:cpu5:tiles4;6:cpu6:tiles4;7:cpu7:tiles4","NA",static,0,"NA","NA","/home/bananapi/MAT/kernels riscv rvv 1.0/FINAL/riscv-rvv-ime-gemm-microkernels-updated/HETEROGENEOUS_RVV_IME_OPENMP_GEMM/results/openmp_results_k1-rvv_1024_20260904_054843/raw_logs/GEMM_RVV_FP64_INT8_8x8_Baseline_RVV_DGEMM_FP64_8x8_dgemm_kernel_8x8_zvl256b_lmul4_unroll1_run6.log",NA,NA,NA,NA,NA,NA,NA
2026-09-04T07:34:05,k1-rvv,"GEMM_RVV_FP64_INT8_8x8_Baseline","RVV_DGEMM_FP64_8x8","dgemm_kernel_8x8_zvl256b_lmul4_unroll2",8x8,256b,4,2,FP64_RVV,0-7,8,8,1024,1024,1024,32,1,OK,0,NONE,0.450632293,GFLOPS,4.765490,parallel_tiles_including_required_packing,INDEPENDENT_GEMM_FP_TOLERANCE,0,7.1054273576010019e-14,"0:cpu0:tiles4;1:cpu1:tiles4;2:cpu2:tiles4;3:cpu3:tiles4;4:cpu4:tiles4;5:cpu5:tiles4;6:cpu6:tiles4;7:cpu7:tiles4","NA",static,0,"NA","NA","/home/bananapi/MAT/kernels riscv rvv 1.0/FINAL/riscv-rvv-ime-gemm-microkernels-updated/HETEROGENEOUS_RVV_IME_OPENMP_GEMM/results/openmp_results_k1-rvv_1024_20260904_054843/raw_logs/GEMM_RVV_FP64_INT8_8x8_Baseline_RVV_DGEMM_FP64_8x8_dgemm_kernel_8x8_zvl256b_lmul4_unroll2_run1.log",NA,NA,NA,NA,NA,NA,NA
2026-09-04T07:34:06,k1-rvv,"GEMM_RVV_FP64_INT8_8x8_Baseline","RVV_DGEMM_FP64_8x8","dgemm_kernel_8x8_zvl256b_lmul4_unroll2",8x8,256b,4,2,FP64_RVV,0-7,8,8,1024,1024,1024,32,2,OK,0,NONE,0.445355747,GFLOPS,4.821951,parallel_tiles_including_required_packing,DISABLED,0,0,"0:cpu0:tiles4;1:cpu1:tiles4;2:cpu2:tiles4;3:cpu3:tiles4;4:cpu4:tiles4;5:cpu5:tiles4;6:cpu6:tiles4;7:cpu7:tiles4","NA",static,0,"NA","NA","/home/bananapi/MAT/kernels riscv rvv 1.0/FINAL/riscv-rvv-ime-gemm-microkernels-updated/HETEROGENEOUS_RVV_IME_OPENMP_GEMM/results/openmp_results_k1-rvv_1024_20260904_054843/raw_logs/GEMM_RVV_FP64_INT8_8x8_Baseline_RVV_DGEMM_FP64_8x8_dgemm_kernel_8x8_zvl256b_lmul4_unroll2_run2.log",NA,NA,NA,NA,NA,NA,NA
2026-09-04T07:34:08,k1-rvv,"GEMM_RVV_FP64_INT8_8x8_Baseline","RVV_DGEMM_FP64_8x8","dgemm_kernel_8x8_zvl256b_lmul4_unroll2",8x8,256b,4,2,FP64_RVV,0-7,8,8,1024,1024,1024,32,3,OK,0,NONE,0.448827375,GFLOPS,4.784654,parallel_tiles_including_required_packing,DISABLED,0,0,"0:cpu0:tiles4;1:cpu1:tiles4;2:cpu2:tiles4;3:cpu3:tiles4;4:cpu4:tiles4;5:cpu5:tiles4;6:cpu6:tiles4;7:cpu7:tiles4","NA",static,0,"NA","NA","/home/bananapi/MAT/kernels riscv rvv 1.0/FINAL/riscv-rvv-ime-gemm-microkernels-updated/HETEROGENEOUS_RVV_IME_OPENMP_GEMM/results/openmp_results_k1-rvv_1024_20260904_054843/raw_logs/GEMM_RVV_FP64_INT8_8x8_Baseline_RVV_DGEMM_FP64_8x8_dgemm_kernel_8x8_zvl256b_lmul4_unroll2_run3.log",NA,NA,NA,NA,NA,NA,NA
2026-09-04T07:34:09,k1-rvv,"GEMM_RVV_FP64_INT8_8x8_Baseline","RVV_DGEMM_FP64_8x8","dgemm_kernel_8x8_zvl256b_lmul4_unroll2",8x8,256b,4,2,FP64_RVV,0-7,8,8,1024,1024,1024,32,4,OK,0,NONE,0.448520832,GFLOPS,4.787924,parallel_tiles_including_required_packing,DISABLED,0,0,"0:cpu0:tiles4;1:cpu1:tiles4;2:cpu2:tiles4;3:cpu3:tiles4;4:cpu4:tiles4;5:cpu5:tiles4;6:cpu6:tiles4;7:cpu7:tiles4","NA",static,0,"NA","NA","/home/bananapi/MAT/kernels riscv rvv 1.0/FINAL/riscv-rvv-ime-gemm-microkernels-updated/HETEROGENEOUS_RVV_IME_OPENMP_GEMM/results/openmp_results_k1-rvv_1024_20260904_054843/raw_logs/GEMM_RVV_FP64_INT8_8x8_Baseline_RVV_DGEMM_FP64_8x8_dgemm_kernel_8x8_zvl256b_lmul4_unroll2_run4.log",NA,NA,NA,NA,NA,NA,NA
2026-09-04T07:34:10,k1-rvv,"GEMM_RVV_FP64_INT8_8x8_Baseline","RVV_DGEMM_FP64_8x8","dgemm_kernel_8x8_zvl256b_lmul4_unroll2",8x8,256b,4,2,FP64_RVV,0-7,8,8,1024,1024,1024,32,5,OK,0,NONE,0.449325331,GFLOPS,4.779351,parallel_tiles_including_required_packing,DISABLED,0,0,"0:cpu0:tiles4;1:cpu1:tiles4;2:cpu2:tiles4;3:cpu3:tiles4;4:cpu4:tiles4;5:cpu5:tiles4;6:cpu6:tiles4;7:cpu7:tiles4","NA",static,0,"NA","NA","/home/bananapi/MAT/kernels riscv rvv 1.0/FINAL/riscv-rvv-ime-gemm-microkernels-updated/HETEROGENEOUS_RVV_IME_OPENMP_GEMM/results/openmp_results_k1-rvv_1024_20260904_054843/raw_logs/GEMM_RVV_FP64_INT8_8x8_Baseline_RVV_DGEMM_FP64_8x8_dgemm_kernel_8x8_zvl256b_lmul4_unroll2_run5.log",NA,NA,NA,NA,NA,NA,NA
2026-09-04T07:34:12,k1-rvv,"GEMM_RVV_FP64_INT8_8x8_Baseline","RVV_DGEMM_FP64_8x8","dgemm_kernel_8x8_zvl256b_lmul4_unroll2",8x8,256b,4,2,FP64_RVV,0-7,8,8,1024,1024,1024,32,6,OK,0,NONE,0.447072957,GFLOPS,4.803430,parallel_tiles_including_required_packing,DISABLED,0,0,"0:cpu0:tiles4;1:cpu1:tiles4;2:cpu2:tiles4;3:cpu3:tiles4;4:cpu4:tiles4;5:cpu5:tiles4;6:cpu6:tiles4;7:cpu7:tiles4","NA",static,0,"NA","NA","/home/bananapi/MAT/kernels riscv rvv 1.0/FINAL/riscv-rvv-ime-gemm-microkernels-updated/HETEROGENEOUS_RVV_IME_OPENMP_GEMM/results/openmp_results_k1-rvv_1024_20260904_054843/raw_logs/GEMM_RVV_FP64_INT8_8x8_Baseline_RVV_DGEMM_FP64_8x8_dgemm_kernel_8x8_zvl256b_lmul4_unroll2_run6.log",NA,NA,NA,NA,NA,NA,NA
2026-09-04T07:35:53,k1-rvv,"GEMM_RVV_FP64_INT8_8x8_Baseline","RVV_DGEMM_FP64_8x8","dgemm_kernel_8x8_zvl256b_lmul4_unroll4",8x8,256b,4,4,FP64_RVV,0-7,8,8,1024,1024,1024,32,1,OK,0,NONE,0.455117375,GFLOPS,4.718527,parallel_tiles_including_required_packing,INDEPENDENT_GEMM_FP_TOLERANCE,0,7.1054273576010019e-14,"0:cpu0:tiles4;1:cpu1:tiles4;2:cpu2:tiles4;3:cpu3:tiles4;4:cpu4:tiles4;5:cpu5:tiles4;6:cpu6:tiles4;7:cpu7:tiles4","NA",static,0,"NA","NA","/home/bananapi/MAT/kernels riscv rvv 1.0/FINAL/riscv-rvv-ime-gemm-microkernels-updated/HETEROGENEOUS_RVV_IME_OPENMP_GEMM/results/openmp_results_k1-rvv_1024_20260904_054843/raw_logs/GEMM_RVV_FP64_INT8_8x8_Baseline_RVV_DGEMM_FP64_8x8_dgemm_kernel_8x8_zvl256b_lmul4_unroll4_run1.log",NA,NA,NA,NA,NA,NA,NA
2026-09-04T07:35:54,k1-rvv,"GEMM_RVV_FP64_INT8_8x8_Baseline","RVV_DGEMM_FP64_8x8","dgemm_kernel_8x8_zvl256b_lmul4_unroll4",8x8,256b,4,4,FP64_RVV,0-7,8,8,1024,1024,1024,32,2,OK,0,NONE,0.458914917,GFLOPS,4.679481,parallel_tiles_including_required_packing,DISABLED,0,0,"0:cpu0:tiles4;1:cpu1:tiles4;2:cpu2:tiles4;3:cpu3:tiles4;4:cpu4:tiles4;5:cpu5:tiles4;6:cpu6:tiles4;7:cpu7:tiles4","NA",static,0,"NA","NA","/home/bananapi/MAT/kernels riscv rvv 1.0/FINAL/riscv-rvv-ime-gemm-microkernels-updated/HETEROGENEOUS_RVV_IME_OPENMP_GEMM/results/openmp_results_k1-rvv_1024_20260904_054843/raw_logs/GEMM_RVV_FP64_INT8_8x8_Baseline_RVV_DGEMM_FP64_8x8_dgemm_kernel_8x8_zvl256b_lmul4_unroll4_run2.log",NA,NA,NA,NA,NA,NA,NA
2026-09-04T07:35:55,k1-rvv,"GEMM_RVV_FP64_INT8_8x8_Baseline","RVV_DGEMM_FP64_8x8","dgemm_kernel_8x8_zvl256b_lmul4_unroll4",8x8,256b,4,4,FP64_RVV,0-7,8,8,1024,1024,1024,32,3,OK,0,NONE,0.458084751,GFLOPS,4.687961,parallel_tiles_including_required_packing,DISABLED,0,0,"0:cpu0:tiles4;1:cpu1:tiles4;2:cpu2:tiles4;3:cpu3:tiles4;4:cpu4:tiles4;5:cpu5:tiles4;6:cpu6:tiles4;7:cpu7:tiles4","NA",static,0,"NA","NA","/home/bananapi/MAT/kernels riscv rvv 1.0/FINAL/riscv-rvv-ime-gemm-microkernels-updated/HETEROGENEOUS_RVV_IME_OPENMP_GEMM/results/openmp_results_k1-rvv_1024_20260904_054843/raw_logs/GEMM_RVV_FP64_INT8_8x8_Baseline_RVV_DGEMM_FP64_8x8_dgemm_kernel_8x8_zvl256b_lmul4_unroll4_run3.log",NA,NA,NA,NA,NA,NA,NA
2026-09-04T07:35:57,k1-rvv,"GEMM_RVV_FP64_INT8_8x8_Baseline","RVV_DGEMM_FP64_8x8","dgemm_kernel_8x8_zvl256b_lmul4_unroll4",8x8,256b,4,4,FP64_RVV,0-7,8,8,1024,1024,1024,32,4,OK,0,NONE,0.457051959,GFLOPS,4.698555,parallel_tiles_including_required_packing,DISABLED,0,0,"0:cpu0:tiles4;1:cpu1:tiles4;2:cpu2:tiles4;3:cpu3:tiles4;4:cpu4:tiles4;5:cpu5:tiles4;6:cpu6:tiles4;7:cpu7:tiles4","NA",static,0,"NA","NA","/home/bananapi/MAT/kernels riscv rvv 1.0/FINAL/riscv-rvv-ime-gemm-microkernels-updated/HETEROGENEOUS_RVV_IME_OPENMP_GEMM/results/openmp_results_k1-rvv_1024_20260904_054843/raw_logs/GEMM_RVV_FP64_INT8_8x8_Baseline_RVV_DGEMM_FP64_8x8_dgemm_kernel_8x8_zvl256b_lmul4_unroll4_run4.log",NA,NA,NA,NA,NA,NA,NA
2026-09-04T07:35:58,k1-rvv,"GEMM_RVV_FP64_INT8_8x8_Baseline","RVV_DGEMM_FP64_8x8","dgemm_kernel_8x8_zvl256b_lmul4_unroll4",8x8,256b,4,4,FP64_RVV,0-7,8,8,1024,1024,1024,32,5,OK,0,NONE,0.455536082,GFLOPS,4.714190,parallel_tiles_including_required_packing,DISABLED,0,0,"0:cpu0:tiles4;1:cpu1:tiles4;2:cpu2:tiles4;3:cpu3:tiles4;4:cpu4:tiles4;5:cpu5:tiles4;6:cpu6:tiles4;7:cpu7:tiles4","NA",static,0,"NA","NA","/home/bananapi/MAT/kernels riscv rvv 1.0/FINAL/riscv-rvv-ime-gemm-microkernels-updated/HETEROGENEOUS_RVV_IME_OPENMP_GEMM/results/openmp_results_k1-rvv_1024_20260904_054843/raw_logs/GEMM_RVV_FP64_INT8_8x8_Baseline_RVV_DGEMM_FP64_8x8_dgemm_kernel_8x8_zvl256b_lmul4_unroll4_run5.log",NA,NA,NA,NA,NA,NA,NA
2026-09-04T07:35:59,k1-rvv,"GEMM_RVV_FP64_INT8_8x8_Baseline","RVV_DGEMM_FP64_8x8","dgemm_kernel_8x8_zvl256b_lmul4_unroll4",8x8,256b,4,4,FP64_RVV,0-7,8,8,1024,1024,1024,32,6,OK,0,NONE,0.450153627,GFLOPS,4.770557,parallel_tiles_including_required_packing,DISABLED,0,0,"0:cpu0:tiles4;1:cpu1:tiles4;2:cpu2:tiles4;3:cpu3:tiles4;4:cpu4:tiles4;5:cpu5:tiles4;6:cpu6:tiles4;7:cpu7:tiles4","NA",static,0,"NA","NA","/home/bananapi/MAT/kernels riscv rvv 1.0/FINAL/riscv-rvv-ime-gemm-microkernels-updated/HETEROGENEOUS_RVV_IME_OPENMP_GEMM/results/openmp_results_k1-rvv_1024_20260904_054843/raw_logs/GEMM_RVV_FP64_INT8_8x8_Baseline_RVV_DGEMM_FP64_8x8_dgemm_kernel_8x8_zvl256b_lmul4_unroll4_run6.log",NA,NA,NA,NA,NA,NA,NA
2026-09-04T07:37:43,k1-rvv,"GEMM_RVV_FP64_INT8_8x8_Baseline","RVV_DGEMM_FP64_8x8","dgemm_kernel_8x8_zvl256b_lmul4_unroll8",8x8,256b,4,8,FP64_RVV,0-7,8,8,1024,1024,1024,32,1,OK,0,NONE,0.466558665,GFLOPS,4.602816,parallel_tiles_including_required_packing,INDEPENDENT_GEMM_FP_TOLERANCE,0,7.1054273576010019e-14,"0:cpu0:tiles4;1:cpu1:tiles4;2:cpu2:tiles4;3:cpu3:tiles4;4:cpu4:tiles4;5:cpu5:tiles4;6:cpu6:tiles4;7:cpu7:tiles4","NA",static,0,"NA","NA","/home/bananapi/MAT/kernels riscv rvv 1.0/FINAL/riscv-rvv-ime-gemm-microkernels-updated/HETEROGENEOUS_RVV_IME_OPENMP_GEMM/results/openmp_results_k1-rvv_1024_20260904_054843/raw_logs/GEMM_RVV_FP64_INT8_8x8_Baseline_RVV_DGEMM_FP64_8x8_dgemm_kernel_8x8_zvl256b_lmul4_unroll8_run1.log",NA,NA,NA,NA,NA,NA,NA
2026-09-04T07:37:44,k1-rvv,"GEMM_RVV_FP64_INT8_8x8_Baseline","RVV_DGEMM_FP64_8x8","dgemm_kernel_8x8_zvl256b_lmul4_unroll8",8x8,256b,4,8,FP64_RVV,0-7,8,8,1024,1024,1024,32,2,OK,0,NONE,0.461887460,GFLOPS,4.649366,parallel_tiles_including_required_packing,DISABLED,0,0,"0:cpu0:tiles4;1:cpu1:tiles4;2:cpu2:tiles4;3:cpu3:tiles4;4:cpu4:tiles4;5:cpu5:tiles4;6:cpu6:tiles4;7:cpu7:tiles4","NA",static,0,"NA","NA","/home/bananapi/MAT/kernels riscv rvv 1.0/FINAL/riscv-rvv-ime-gemm-microkernels-updated/HETEROGENEOUS_RVV_IME_OPENMP_GEMM/results/openmp_results_k1-rvv_1024_20260904_054843/raw_logs/GEMM_RVV_FP64_INT8_8x8_Baseline_RVV_DGEMM_FP64_8x8_dgemm_kernel_8x8_zvl256b_lmul4_unroll8_run2.log",NA,NA,NA,NA,NA,NA,NA
2026-09-04T07:37:45,k1-rvv,"GEMM_RVV_FP64_INT8_8x8_Baseline","RVV_DGEMM_FP64_8x8","dgemm_kernel_8x8_zvl256b_lmul4_unroll8",8x8,256b,4,8,FP64_RVV,0-7,8,8,1024,1024,1024,32,3,OK,0,NONE,0.456209917,GFLOPS,4.707227,parallel_tiles_including_required_packing,DISABLED,0,0,"0:cpu0:tiles4;1:cpu1:tiles4;2:cpu2:tiles4;3:cpu3:tiles4;4:cpu4:tiles4;5:cpu5:tiles4;6:cpu6:tiles4;7:cpu7:tiles4","NA",static,0,"NA","NA","/home/bananapi/MAT/kernels riscv rvv 1.0/FINAL/riscv-rvv-ime-gemm-microkernels-updated/HETEROGENEOUS_RVV_IME_OPENMP_GEMM/results/openmp_results_k1-rvv_1024_20260904_054843/raw_logs/GEMM_RVV_FP64_INT8_8x8_Baseline_RVV_DGEMM_FP64_8x8_dgemm_kernel_8x8_zvl256b_lmul4_unroll8_run3.log",NA,NA,NA,NA,NA,NA,NA
2026-09-04T07:37:47,k1-rvv,"GEMM_RVV_FP64_INT8_8x8_Baseline","RVV_DGEMM_FP64_8x8","dgemm_kernel_8x8_zvl256b_lmul4_unroll8",8x8,256b,4,8,FP64_RVV,0-7,8,8,1024,1024,1024,32,4,OK,0,NONE,0.453126460,GFLOPS,4.739259,parallel_tiles_including_required_packing,DISABLED,0,0,"0:cpu0:tiles4;1:cpu1:tiles4;2:cpu2:tiles4;3:cpu3:tiles4;4:cpu4:tiles4;5:cpu5:tiles4;6:cpu6:tiles4;7:cpu7:tiles4","NA",static,0,"NA","NA","/home/bananapi/MAT/kernels riscv rvv 1.0/FINAL/riscv-rvv-ime-gemm-microkernels-updated/HETEROGENEOUS_RVV_IME_OPENMP_GEMM/results/openmp_results_k1-rvv_1024_20260904_054843/raw_logs/GEMM_RVV_FP64_INT8_8x8_Baseline_RVV_DGEMM_FP64_8x8_dgemm_kernel_8x8_zvl256b_lmul4_unroll8_run4.log",NA,NA,NA,NA,NA,NA,NA
2026-09-04T07:37:48,k1-rvv,"GEMM_RVV_FP64_INT8_8x8_Baseline","RVV_DGEMM_FP64_8x8","dgemm_kernel_8x8_zvl256b_lmul4_unroll8",8x8,256b,4,8,FP64_RVV,0-7,8,8,1024,1024,1024,32,5,OK,0,NONE,0.461211499,GFLOPS,4.656180,parallel_tiles_including_required_packing,DISABLED,0,0,"0:cpu0:tiles4;1:cpu1:tiles4;2:cpu2:tiles4;3:cpu3:tiles4;4:cpu4:tiles4;5:cpu5:tiles4;6:cpu6:tiles4;7:cpu7:tiles4","NA",static,0,"NA","NA","/home/bananapi/MAT/kernels riscv rvv 1.0/FINAL/riscv-rvv-ime-gemm-microkernels-updated/HETEROGENEOUS_RVV_IME_OPENMP_GEMM/results/openmp_results_k1-rvv_1024_20260904_054843/raw_logs/GEMM_RVV_FP64_INT8_8x8_Baseline_RVV_DGEMM_FP64_8x8_dgemm_kernel_8x8_zvl256b_lmul4_unroll8_run5.log",NA,NA,NA,NA,NA,NA,NA
2026-09-04T07:37:49,k1-rvv,"GEMM_RVV_FP64_INT8_8x8_Baseline","RVV_DGEMM_FP64_8x8","dgemm_kernel_8x8_zvl256b_lmul4_unroll8",8x8,256b,4,8,FP64_RVV,0-7,8,8,1024,1024,1024,32,6,OK,0,NONE,0.459357873,GFLOPS,4.674969,parallel_tiles_including_required_packing,DISABLED,0,0,"0:cpu0:tiles4;1:cpu1:tiles4;2:cpu2:tiles4;3:cpu3:tiles4;4:cpu4:tiles4;5:cpu5:tiles4;6:cpu6:tiles4;7:cpu7:tiles4","NA",static,0,"NA","NA","/home/bananapi/MAT/kernels riscv rvv 1.0/FINAL/riscv-rvv-ime-gemm-microkernels-updated/HETEROGENEOUS_RVV_IME_OPENMP_GEMM/results/openmp_results_k1-rvv_1024_20260904_054843/raw_logs/GEMM_RVV_FP64_INT8_8x8_Baseline_RVV_DGEMM_FP64_8x8_dgemm_kernel_8x8_zvl256b_lmul4_unroll8_run6.log",NA,NA,NA,NA,NA,NA,NA
2026-09-04T07:39:31,k1-rvv,"GEMM_RVV_FP64_INT8_8x8_Baseline","RVV_DGEMM_FP64_8x8","dgemm_kernel_8x8_zvl256b_lmul8_unroll1",8x8,256b,8,1,FP64_RVV,0-7,8,8,1024,1024,1024,32,1,OK,0,NONE,0.708200127,GFLOPS,3.032312,parallel_tiles_including_required_packing,INDEPENDENT_GEMM_FP_TOLERANCE,0,7.1054273576010019e-14,"0:cpu0:tiles4;1:cpu1:tiles4;2:cpu2:tiles4;3:cpu3:tiles4;4:cpu4:tiles4;5:cpu5:tiles4;6:cpu6:tiles4;7:cpu7:tiles4","NA",static,0,"NA","NA","/home/bananapi/MAT/kernels riscv rvv 1.0/FINAL/riscv-rvv-ime-gemm-microkernels-updated/HETEROGENEOUS_RVV_IME_OPENMP_GEMM/results/openmp_results_k1-rvv_1024_20260904_054843/raw_logs/GEMM_RVV_FP64_INT8_8x8_Baseline_RVV_DGEMM_FP64_8x8_dgemm_kernel_8x8_zvl256b_lmul8_unroll1_run1.log",NA,NA,NA,NA,NA,NA,NA
2026-09-04T07:39:33,k1-rvv,"GEMM_RVV_FP64_INT8_8x8_Baseline","RVV_DGEMM_FP64_8x8","dgemm_kernel_8x8_zvl256b_lmul8_unroll1",8x8,256b,8,1,FP64_RVV,0-7,8,8,1024,1024,1024,32,2,OK,0,NONE,0.708148457,GFLOPS,3.032533,parallel_tiles_including_required_packing,DISABLED,0,0,"0:cpu0:tiles4;1:cpu1:tiles4;2:cpu2:tiles4;3:cpu3:tiles4;4:cpu4:tiles4;5:cpu5:tiles4;6:cpu6:tiles4;7:cpu7:tiles4","NA",static,0,"NA","NA","/home/bananapi/MAT/kernels riscv rvv 1.0/FINAL/riscv-rvv-ime-gemm-microkernels-updated/HETEROGENEOUS_RVV_IME_OPENMP_GEMM/results/openmp_results_k1-rvv_1024_20260904_054843/raw_logs/GEMM_RVV_FP64_INT8_8x8_Baseline_RVV_DGEMM_FP64_8x8_dgemm_kernel_8x8_zvl256b_lmul8_unroll1_run2.log",NA,NA,NA,NA,NA,NA,NA
2026-09-04T07:39:35,k1-rvv,"GEMM_RVV_FP64_INT8_8x8_Baseline","RVV_DGEMM_FP64_8x8","dgemm_kernel_8x8_zvl256b_lmul8_unroll1",8x8,256b,8,1,FP64_RVV,0-7,8,8,1024,1024,1024,32,3,OK,0,NONE,0.715374667,GFLOPS,3.001901,parallel_tiles_including_required_packing,DISABLED,0,0,"0:cpu0:tiles4;1:cpu1:tiles4;2:cpu2:tiles4;3:cpu3:tiles4;4:cpu4:tiles4;5:cpu5:tiles4;6:cpu6:tiles4;7:cpu7:tiles4","NA",static,0,"NA","NA","/home/bananapi/MAT/kernels riscv rvv 1.0/FINAL/riscv-rvv-ime-gemm-microkernels-updated/HETEROGENEOUS_RVV_IME_OPENMP_GEMM/results/openmp_results_k1-rvv_1024_20260904_054843/raw_logs/GEMM_RVV_FP64_INT8_8x8_Baseline_RVV_DGEMM_FP64_8x8_dgemm_kernel_8x8_zvl256b_lmul8_unroll1_run3.log",NA,NA,NA,NA,NA,NA,NA
2026-09-04T07:39:37,k1-rvv,"GEMM_RVV_FP64_INT8_8x8_Baseline","RVV_DGEMM_FP64_8x8","dgemm_kernel_8x8_zvl256b_lmul8_unroll1",8x8,256b,8,1,FP64_RVV,0-7,8,8,1024,1024,1024,32,4,OK,0,NONE,0.708571207,GFLOPS,3.030724,parallel_tiles_including_required_packing,DISABLED,0,0,"0:cpu0:tiles4;1:cpu1:tiles4;2:cpu2:tiles4;3:cpu3:tiles4;4:cpu4:tiles4;5:cpu5:tiles4;6:cpu6:tiles4;7:cpu7:tiles4","NA",static,0,"NA","NA","/home/bananapi/MAT/kernels riscv rvv 1.0/FINAL/riscv-rvv-ime-gemm-microkernels-updated/HETEROGENEOUS_RVV_IME_OPENMP_GEMM/results/openmp_results_k1-rvv_1024_20260904_054843/raw_logs/GEMM_RVV_FP64_INT8_8x8_Baseline_RVV_DGEMM_FP64_8x8_dgemm_kernel_8x8_zvl256b_lmul8_unroll1_run4.log",NA,NA,NA,NA,NA,NA,NA
2026-09-04T07:39:39,k1-rvv,"GEMM_RVV_FP64_INT8_8x8_Baseline","RVV_DGEMM_FP64_8x8","dgemm_kernel_8x8_zvl256b_lmul8_unroll1",8x8,256b,8,1,FP64_RVV,0-7,8,8,1024,1024,1024,32,5,OK,0,NONE,0.717862502,GFLOPS,2.991497,parallel_tiles_including_required_packing,DISABLED,0,0,"0:cpu0:tiles4;1:cpu1:tiles4;2:cpu2:tiles4;3:cpu3:tiles4;4:cpu4:tiles4;5:cpu5:tiles4;6:cpu6:tiles4;7:cpu7:tiles4","NA",static,0,"NA","NA","/home/bananapi/MAT/kernels riscv rvv 1.0/FINAL/riscv-rvv-ime-gemm-microkernels-updated/HETEROGENEOUS_RVV_IME_OPENMP_GEMM/results/openmp_results_k1-rvv_1024_20260904_054843/raw_logs/GEMM_RVV_FP64_INT8_8x8_Baseline_RVV_DGEMM_FP64_8x8_dgemm_kernel_8x8_zvl256b_lmul8_unroll1_run5.log",NA,NA,NA,NA,NA,NA,NA
2026-09-04T07:39:41,k1-rvv,"GEMM_RVV_FP64_INT8_8x8_Baseline","RVV_DGEMM_FP64_8x8","dgemm_kernel_8x8_zvl256b_lmul8_unroll1",8x8,256b,8,1,FP64_RVV,0-7,8,8,1024,1024,1024,32,6,OK,0,NONE,0.707642335,GFLOPS,3.034702,parallel_tiles_including_required_packing,DISABLED,0,0,"0:cpu0:tiles4;1:cpu1:tiles4;2:cpu2:tiles4;3:cpu3:tiles4;4:cpu4:tiles4;5:cpu5:tiles4;6:cpu6:tiles4;7:cpu7:tiles4","NA",static,0,"NA","NA","/home/bananapi/MAT/kernels riscv rvv 1.0/FINAL/riscv-rvv-ime-gemm-microkernels-updated/HETEROGENEOUS_RVV_IME_OPENMP_GEMM/results/openmp_results_k1-rvv_1024_20260904_054843/raw_logs/GEMM_RVV_FP64_INT8_8x8_Baseline_RVV_DGEMM_FP64_8x8_dgemm_kernel_8x8_zvl256b_lmul8_unroll1_run6.log",NA,NA,NA,NA,NA,NA,NA
2026-09-04T07:41:22,k1-rvv,"GEMM_RVV_FP64_INT8_8x8_Baseline","RVV_DGEMM_FP64_8x8","dgemm_kernel_8x8_zvl256b_lmul8_unroll2",8x8,256b,8,2,FP64_RVV,0-7,8,8,1024,1024,1024,32,1,OK,0,NONE,0.724996626,GFLOPS,2.962060,parallel_tiles_including_required_packing,INDEPENDENT_GEMM_FP_TOLERANCE,0,7.1054273576010019e-14,"0:cpu0:tiles4;1:cpu1:tiles4;2:cpu2:tiles4;3:cpu3:tiles4;4:cpu4:tiles4;5:cpu5:tiles4;6:cpu6:tiles4;7:cpu7:tiles4","NA",static,0,"NA","NA","/home/bananapi/MAT/kernels riscv rvv 1.0/FINAL/riscv-rvv-ime-gemm-microkernels-updated/HETEROGENEOUS_RVV_IME_OPENMP_GEMM/results/openmp_results_k1-rvv_1024_20260904_054843/raw_logs/GEMM_RVV_FP64_INT8_8x8_Baseline_RVV_DGEMM_FP64_8x8_dgemm_kernel_8x8_zvl256b_lmul8_unroll2_run1.log",NA,NA,NA,NA,NA,NA,NA
2026-09-04T07:41:24,k1-rvv,"GEMM_RVV_FP64_INT8_8x8_Baseline","RVV_DGEMM_FP64_8x8","dgemm_kernel_8x8_zvl256b_lmul8_unroll2",8x8,256b,8,2,FP64_RVV,0-7,8,8,1024,1024,1024,32,2,OK,0,NONE,0.727584794,GFLOPS,2.951524,parallel_tiles_including_required_packing,DISABLED,0,0,"0:cpu0:tiles4;1:cpu1:tiles4;2:cpu2:tiles4;3:cpu3:tiles4;4:cpu4:tiles4;5:cpu5:tiles4;6:cpu6:tiles4;7:cpu7:tiles4","NA",static,0,"NA","NA","/home/bananapi/MAT/kernels riscv rvv 1.0/FINAL/riscv-rvv-ime-gemm-microkernels-updated/HETEROGENEOUS_RVV_IME_OPENMP_GEMM/results/openmp_results_k1-rvv_1024_20260904_054843/raw_logs/GEMM_RVV_FP64_INT8_8x8_Baseline_RVV_DGEMM_FP64_8x8_dgemm_kernel_8x8_zvl256b_lmul8_unroll2_run2.log",NA,NA,NA,NA,NA,NA,NA
2026-09-04T07:41:26,k1-rvv,"GEMM_RVV_FP64_INT8_8x8_Baseline","RVV_DGEMM_FP64_8x8","dgemm_kernel_8x8_zvl256b_lmul8_unroll2",8x8,256b,8,2,FP64_RVV,0-7,8,8,1024,1024,1024,32,3,OK,0,NONE,0.720236707,GFLOPS,2.981636,parallel_tiles_including_required_packing,DISABLED,0,0,"0:cpu0:tiles4;1:cpu1:tiles4;2:cpu2:tiles4;3:cpu3:tiles4;4:cpu4:tiles4;5:cpu5:tiles4;6:cpu6:tiles4;7:cpu7:tiles4","NA",static,0,"NA","NA","/home/bananapi/MAT/kernels riscv rvv 1.0/FINAL/riscv-rvv-ime-gemm-microkernels-updated/HETEROGENEOUS_RVV_IME_OPENMP_GEMM/results/openmp_results_k1-rvv_1024_20260904_054843/raw_logs/GEMM_RVV_FP64_INT8_8x8_Baseline_RVV_DGEMM_FP64_8x8_dgemm_kernel_8x8_zvl256b_lmul8_unroll2_run3.log",NA,NA,NA,NA,NA,NA,NA
2026-09-04T07:41:28,k1-rvv,"GEMM_RVV_FP64_INT8_8x8_Baseline","RVV_DGEMM_FP64_8x8","dgemm_kernel_8x8_zvl256b_lmul8_unroll2",8x8,256b,8,2,FP64_RVV,0-7,8,8,1024,1024,1024,32,4,OK,0,NONE,0.719348542,GFLOPS,2.985317,parallel_tiles_including_required_packing,DISABLED,0,0,"0:cpu0:tiles4;1:cpu1:tiles4;2:cpu2:tiles4;3:cpu3:tiles4;4:cpu4:tiles4;5:cpu5:tiles4;6:cpu6:tiles4;7:cpu7:tiles4","NA",static,0,"NA","NA","/home/bananapi/MAT/kernels riscv rvv 1.0/FINAL/riscv-rvv-ime-gemm-microkernels-updated/HETEROGENEOUS_RVV_IME_OPENMP_GEMM/results/openmp_results_k1-rvv_1024_20260904_054843/raw_logs/GEMM_RVV_FP64_INT8_8x8_Baseline_RVV_DGEMM_FP64_8x8_dgemm_kernel_8x8_zvl256b_lmul8_unroll2_run4.log",NA,NA,NA,NA,NA,NA,NA
2026-09-04T07:41:30,k1-rvv,"GEMM_RVV_FP64_INT8_8x8_Baseline","RVV_DGEMM_FP64_8x8","dgemm_kernel_8x8_zvl256b_lmul8_unroll2",8x8,256b,8,2,FP64_RVV,0-7,8,8,1024,1024,1024,32,5,OK,0,NONE,0.728855457,GFLOPS,2.946378,parallel_tiles_including_required_packing,DISABLED,0,0,"0:cpu0:tiles4;1:cpu1:tiles4;2:cpu2:tiles4;3:cpu3:tiles4;4:cpu4:tiles4;5:cpu5:tiles4;6:cpu6:tiles4;7:cpu7:tiles4","NA",static,0,"NA","NA","/home/bananapi/MAT/kernels riscv rvv 1.0/FINAL/riscv-rvv-ime-gemm-microkernels-updated/HETEROGENEOUS_RVV_IME_OPENMP_GEMM/results/openmp_results_k1-rvv_1024_20260904_054843/raw_logs/GEMM_RVV_FP64_INT8_8x8_Baseline_RVV_DGEMM_FP64_8x8_dgemm_kernel_8x8_zvl256b_lmul8_unroll2_run5.log",NA,NA,NA,NA,NA,NA,NA
2026-09-04T07:41:32,k1-rvv,"GEMM_RVV_FP64_INT8_8x8_Baseline","RVV_DGEMM_FP64_8x8","dgemm_kernel_8x8_zvl256b_lmul8_unroll2",8x8,256b,8,2,FP64_RVV,0-7,8,8,1024,1024,1024,32,6,OK,0,NONE,0.724055748,GFLOPS,2.965909,parallel_tiles_including_required_packing,DISABLED,0,0,"0:cpu0:tiles4;1:cpu1:tiles4;2:cpu2:tiles4;3:cpu3:tiles4;4:cpu4:tiles4;5:cpu5:tiles4;6:cpu6:tiles4;7:cpu7:tiles4","NA",static,0,"NA","NA","/home/bananapi/MAT/kernels riscv rvv 1.0/FINAL/riscv-rvv-ime-gemm-microkernels-updated/HETEROGENEOUS_RVV_IME_OPENMP_GEMM/results/openmp_results_k1-rvv_1024_20260904_054843/raw_logs/GEMM_RVV_FP64_INT8_8x8_Baseline_RVV_DGEMM_FP64_8x8_dgemm_kernel_8x8_zvl256b_lmul8_unroll2_run6.log",NA,NA,NA,NA,NA,NA,NA
2026-09-04T07:43:16,k1-rvv,"GEMM_RVV_FP64_INT8_8x8_Baseline","RVV_DGEMM_FP64_8x8","dgemm_kernel_8x8_zvl256b_lmul8_unroll4",8x8,256b,8,4,FP64_RVV,0-7,8,8,1024,1024,1024,32,1,OK,0,NONE,0.812119834,GFLOPS,2.644294,parallel_tiles_including_required_packing,INDEPENDENT_GEMM_FP_TOLERANCE,0,7.1054273576010019e-14,"0:cpu0:tiles4;1:cpu1:tiles4;2:cpu2:tiles4;3:cpu3:tiles4;4:cpu4:tiles4;5:cpu5:tiles4;6:cpu6:tiles4;7:cpu7:tiles4","NA",static,0,"NA","NA","/home/bananapi/MAT/kernels riscv rvv 1.0/FINAL/riscv-rvv-ime-gemm-microkernels-updated/HETEROGENEOUS_RVV_IME_OPENMP_GEMM/results/openmp_results_k1-rvv_1024_20260904_054843/raw_logs/GEMM_RVV_FP64_INT8_8x8_Baseline_RVV_DGEMM_FP64_8x8_dgemm_kernel_8x8_zvl256b_lmul8_unroll4_run1.log",NA,NA,NA,NA,NA,NA,NA
2026-09-04T07:43:18,k1-rvv,"GEMM_RVV_FP64_INT8_8x8_Baseline","RVV_DGEMM_FP64_8x8","dgemm_kernel_8x8_zvl256b_lmul8_unroll4",8x8,256b,8,4,FP64_RVV,0-7,8,8,1024,1024,1024,32,2,OK,0,NONE,0.813059669,GFLOPS,2.641237,parallel_tiles_including_required_packing,DISABLED,0,0,"0:cpu0:tiles4;1:cpu1:tiles4;2:cpu2:tiles4;3:cpu3:tiles4;4:cpu4:tiles4;5:cpu5:tiles4;6:cpu6:tiles4;7:cpu7:tiles4","NA",static,0,"NA","NA","/home/bananapi/MAT/kernels riscv rvv 1.0/FINAL/riscv-rvv-ime-gemm-microkernels-updated/HETEROGENEOUS_RVV_IME_OPENMP_GEMM/results/openmp_results_k1-rvv_1024_20260904_054843/raw_logs/GEMM_RVV_FP64_INT8_8x8_Baseline_RVV_DGEMM_FP64_8x8_dgemm_kernel_8x8_zvl256b_lmul8_unroll4_run2.log",NA,NA,NA,NA,NA,NA,NA
2026-09-04T07:43:20,k1-rvv,"GEMM_RVV_FP64_INT8_8x8_Baseline","RVV_DGEMM_FP64_8x8","dgemm_kernel_8x8_zvl256b_lmul8_unroll4",8x8,256b,8,4,FP64_RVV,0-7,8,8,1024,1024,1024,32,3,OK,0,NONE,0.817028917,GFLOPS,2.628406,parallel_tiles_including_required_packing,DISABLED,0,0,"0:cpu0:tiles4;1:cpu1:tiles4;2:cpu2:tiles4;3:cpu3:tiles4;4:cpu4:tiles4;5:cpu5:tiles4;6:cpu6:tiles4;7:cpu7:tiles4","NA",static,0,"NA","NA","/home/bananapi/MAT/kernels riscv rvv 1.0/FINAL/riscv-rvv-ime-gemm-microkernels-updated/HETEROGENEOUS_RVV_IME_OPENMP_GEMM/results/openmp_results_k1-rvv_1024_20260904_054843/raw_logs/GEMM_RVV_FP64_INT8_8x8_Baseline_RVV_DGEMM_FP64_8x8_dgemm_kernel_8x8_zvl256b_lmul8_unroll4_run3.log",NA,NA,NA,NA,NA,NA,NA
2026-09-04T07:43:22,k1-rvv,"GEMM_RVV_FP64_INT8_8x8_Baseline","RVV_DGEMM_FP64_8x8","dgemm_kernel_8x8_zvl256b_lmul8_unroll4",8x8,256b,8,4,FP64_RVV,0-7,8,8,1024,1024,1024,32,4,OK,0,NONE,0.817752458,GFLOPS,2.626080,parallel_tiles_including_required_packing,DISABLED,0,0,"0:cpu0:tiles4;1:cpu1:tiles4;2:cpu2:tiles4;3:cpu3:tiles4;4:cpu4:tiles4;5:cpu5:tiles4;6:cpu6:tiles4;7:cpu7:tiles4","NA",static,0,"NA","NA","/home/bananapi/MAT/kernels riscv rvv 1.0/FINAL/riscv-rvv-ime-gemm-microkernels-updated/HETEROGENEOUS_RVV_IME_OPENMP_GEMM/results/openmp_results_k1-rvv_1024_20260904_054843/raw_logs/GEMM_RVV_FP64_INT8_8x8_Baseline_RVV_DGEMM_FP64_8x8_dgemm_kernel_8x8_zvl256b_lmul8_unroll4_run4.log",NA,NA,NA,NA,NA,NA,NA
2026-09-04T07:43:24,k1-rvv,"GEMM_RVV_FP64_INT8_8x8_Baseline","RVV_DGEMM_FP64_8x8","dgemm_kernel_8x8_zvl256b_lmul8_unroll4",8x8,256b,8,4,FP64_RVV,0-7,8,8,1024,1024,1024,32,5,OK,0,NONE,0.818262212,GFLOPS,2.624444,parallel_tiles_including_required_packing,DISABLED,0,0,"0:cpu0:tiles4;1:cpu1:tiles4;2:cpu2:tiles4;3:cpu3:tiles4;4:cpu4:tiles4;5:cpu5:tiles4;6:cpu6:tiles4;7:cpu7:tiles4","NA",static,0,"NA","NA","/home/bananapi/MAT/kernels riscv rvv 1.0/FINAL/riscv-rvv-ime-gemm-microkernels-updated/HETEROGENEOUS_RVV_IME_OPENMP_GEMM/results/openmp_results_k1-rvv_1024_20260904_054843/raw_logs/GEMM_RVV_FP64_INT8_8x8_Baseline_RVV_DGEMM_FP64_8x8_dgemm_kernel_8x8_zvl256b_lmul8_unroll4_run5.log",NA,NA,NA,NA,NA,NA,NA
2026-09-04T07:43:26,k1-rvv,"GEMM_RVV_FP64_INT8_8x8_Baseline","RVV_DGEMM_FP64_8x8","dgemm_kernel_8x8_zvl256b_lmul8_unroll4",8x8,256b,8,4,FP64_RVV,0-7,8,8,1024,1024,1024,32,6,OK,0,NONE,0.808562212,GFLOPS,2.655929,parallel_tiles_including_required_packing,DISABLED,0,0,"0:cpu0:tiles4;1:cpu1:tiles4;2:cpu2:tiles4;3:cpu3:tiles4;4:cpu4:tiles4;5:cpu5:tiles4;6:cpu6:tiles4;7:cpu7:tiles4","NA",static,0,"NA","NA","/home/bananapi/MAT/kernels riscv rvv 1.0/FINAL/riscv-rvv-ime-gemm-microkernels-updated/HETEROGENEOUS_RVV_IME_OPENMP_GEMM/results/openmp_results_k1-rvv_1024_20260904_054843/raw_logs/GEMM_RVV_FP64_INT8_8x8_Baseline_RVV_DGEMM_FP64_8x8_dgemm_kernel_8x8_zvl256b_lmul8_unroll4_run6.log",NA,NA,NA,NA,NA,NA,NA
2026-09-04T07:45:10,k1-rvv,"GEMM_RVV_FP64_INT8_8x8_Baseline","RVV_DGEMM_FP64_8x8","dgemm_kernel_8x8_zvl256b_lmul8_unroll8",8x8,256b,8,8,FP64_RVV,0-7,8,8,1024,1024,1024,32,1,OK,0,NONE,0.822204918,GFLOPS,2.611859,parallel_tiles_including_required_packing,INDEPENDENT_GEMM_FP_TOLERANCE,0,7.1054273576010019e-14,"0:cpu0:tiles4;1:cpu1:tiles4;2:cpu2:tiles4;3:cpu3:tiles4;4:cpu4:tiles4;5:cpu5:tiles4;6:cpu6:tiles4;7:cpu7:tiles4","NA",static,0,"NA","NA","/home/bananapi/MAT/kernels riscv rvv 1.0/FINAL/riscv-rvv-ime-gemm-microkernels-updated/HETEROGENEOUS_RVV_IME_OPENMP_GEMM/results/openmp_results_k1-rvv_1024_20260904_054843/raw_logs/GEMM_RVV_FP64_INT8_8x8_Baseline_RVV_DGEMM_FP64_8x8_dgemm_kernel_8x8_zvl256b_lmul8_unroll8_run1.log",NA,NA,NA,NA,NA,NA,NA
2026-09-04T07:45:12,k1-rvv,"GEMM_RVV_FP64_INT8_8x8_Baseline","RVV_DGEMM_FP64_8x8","dgemm_kernel_8x8_zvl256b_lmul8_unroll8",8x8,256b,8,8,FP64_RVV,0-7,8,8,1024,1024,1024,32,2,OK,0,NONE,0.838249210,GFLOPS,2.561868,parallel_tiles_including_required_packing,DISABLED,0,0,"0:cpu0:tiles4;1:cpu1:tiles4;2:cpu2:tiles4;3:cpu3:tiles4;4:cpu4:tiles4;5:cpu5:tiles4;6:cpu6:tiles4;7:cpu7:tiles4","NA",static,0,"NA","NA","/home/bananapi/MAT/kernels riscv rvv 1.0/FINAL/riscv-rvv-ime-gemm-microkernels-updated/HETEROGENEOUS_RVV_IME_OPENMP_GEMM/results/openmp_results_k1-rvv_1024_20260904_054843/raw_logs/GEMM_RVV_FP64_INT8_8x8_Baseline_RVV_DGEMM_FP64_8x8_dgemm_kernel_8x8_zvl256b_lmul8_unroll8_run2.log",NA,NA,NA,NA,NA,NA,NA
2026-09-04T07:45:14,k1-rvv,"GEMM_RVV_FP64_INT8_8x8_Baseline","RVV_DGEMM_FP64_8x8","dgemm_kernel_8x8_zvl256b_lmul8_unroll8",8x8,256b,8,8,FP64_RVV,0-7,8,8,1024,1024,1024,32,3,OK,0,NONE,0.817139126,GFLOPS,2.628051,parallel_tiles_including_required_packing,DISABLED,0,0,"0:cpu0:tiles4;1:cpu1:tiles4;2:cpu2:tiles4;3:cpu3:tiles4;4:cpu4:tiles4;5:cpu5:tiles4;6:cpu6:tiles4;7:cpu7:tiles4","NA",static,0,"NA","NA","/home/bananapi/MAT/kernels riscv rvv 1.0/FINAL/riscv-rvv-ime-gemm-microkernels-updated/HETEROGENEOUS_RVV_IME_OPENMP_GEMM/results/openmp_results_k1-rvv_1024_20260904_054843/raw_logs/GEMM_RVV_FP64_INT8_8x8_Baseline_RVV_DGEMM_FP64_8x8_dgemm_kernel_8x8_zvl256b_lmul8_unroll8_run3.log",NA,NA,NA,NA,NA,NA,NA
2026-09-04T07:45:16,k1-rvv,"GEMM_RVV_FP64_INT8_8x8_Baseline","RVV_DGEMM_FP64_8x8","dgemm_kernel_8x8_zvl256b_lmul8_unroll8",8x8,256b,8,8,FP64_RVV,0-7,8,8,1024,1024,1024,32,4,OK,0,NONE,0.814286832,GFLOPS,2.637257,parallel_tiles_including_required_packing,DISABLED,0,0,"0:cpu0:tiles4;1:cpu1:tiles4;2:cpu2:tiles4;3:cpu3:tiles4;4:cpu4:tiles4;5:cpu5:tiles4;6:cpu6:tiles4;7:cpu7:tiles4","NA",static,0,"NA","NA","/home/bananapi/MAT/kernels riscv rvv 1.0/FINAL/riscv-rvv-ime-gemm-microkernels-updated/HETEROGENEOUS_RVV_IME_OPENMP_GEMM/results/openmp_results_k1-rvv_1024_20260904_054843/raw_logs/GEMM_RVV_FP64_INT8_8x8_Baseline_RVV_DGEMM_FP64_8x8_dgemm_kernel_8x8_zvl256b_lmul8_unroll8_run4.log",NA,NA,NA,NA,NA,NA,NA
2026-09-04T07:45:18,k1-rvv,"GEMM_RVV_FP64_INT8_8x8_Baseline","RVV_DGEMM_FP64_8x8","dgemm_kernel_8x8_zvl256b_lmul8_unroll8",8x8,256b,8,8,FP64_RVV,0-7,8,8,1024,1024,1024,32,5,OK,0,NONE,0.814860459,GFLOPS,2.635400,parallel_tiles_including_required_packing,DISABLED,0,0,"0:cpu0:tiles4;1:cpu1:tiles4;2:cpu2:tiles4;3:cpu3:tiles4;4:cpu4:tiles4;5:cpu5:tiles4;6:cpu6:tiles4;7:cpu7:tiles4","NA",static,0,"NA","NA","/home/bananapi/MAT/kernels riscv rvv 1.0/FINAL/riscv-rvv-ime-gemm-microkernels-updated/HETEROGENEOUS_RVV_IME_OPENMP_GEMM/results/openmp_results_k1-rvv_1024_20260904_054843/raw_logs/GEMM_RVV_FP64_INT8_8x8_Baseline_RVV_DGEMM_FP64_8x8_dgemm_kernel_8x8_zvl256b_lmul8_unroll8_run5.log",NA,NA,NA,NA,NA,NA,NA
2026-09-04T07:45:20,k1-rvv,"GEMM_RVV_FP64_INT8_8x8_Baseline","RVV_DGEMM_FP64_8x8","dgemm_kernel_8x8_zvl256b_lmul8_unroll8",8x8,256b,8,8,FP64_RVV,0-7,8,8,1024,1024,1024,32,6,OK,0,NONE,0.810884334,GFLOPS,2.648323,parallel_tiles_including_required_packing,DISABLED,0,0,"0:cpu0:tiles4;1:cpu1:tiles4;2:cpu2:tiles4;3:cpu3:tiles4;4:cpu4:tiles4;5:cpu5:tiles4;6:cpu6:tiles4;7:cpu7:tiles4","NA",static,0,"NA","NA","/home/bananapi/MAT/kernels riscv rvv 1.0/FINAL/riscv-rvv-ime-gemm-microkernels-updated/HETEROGENEOUS_RVV_IME_OPENMP_GEMM/results/openmp_results_k1-rvv_1024_20260904_054843/raw_logs/GEMM_RVV_FP64_INT8_8x8_Baseline_RVV_DGEMM_FP64_8x8_dgemm_kernel_8x8_zvl256b_lmul8_unroll8_run6.log",NA,NA,NA,NA,NA,NA,NA
2026-09-04T07:46:20,k1-rvv-only,"GEMM_RVV_FP32_INT8_8x4_Baseline","RVV_IGEMM_INT8_I8I32_8x4","igemm_kernel_8x4_zvl256b_lmul1_unroll1_i8i32",8x4,256b,1,1,INT8_RVV,4-7,4,4,1024,1024,1024,32,1,OK,0,NONE,0.594147582,GOPS,3.614394,parallel_tiles_including_required_packing,INDEPENDENT_INT64_REFERENCE_EXACT_INT32,0,0,"0:cpu4:tiles8;1:cpu5:tiles8;2:cpu6:tiles8;3:cpu7:tiles8","NA",static,0,"NA","NA","/home/bananapi/MAT/kernels riscv rvv 1.0/FINAL/riscv-rvv-ime-gemm-microkernels-updated/HETEROGENEOUS_RVV_IME_OPENMP_GEMM/results/openmp_results_k1-rvv-only_1024_20260904_074523/raw_logs/GEMM_RVV_FP32_INT8_8x4_Baseline_RVV_IGEMM_INT8_I8I32_8x4_igemm_kernel_8x4_zvl256b_lmul1_unroll1_i8i32_run1.log",NA,NA,NA,NA,NA,NA,NA
2026-09-04T07:46:22,k1-rvv-only,"GEMM_RVV_FP32_INT8_8x4_Baseline","RVV_IGEMM_INT8_I8I32_8x4","igemm_kernel_8x4_zvl256b_lmul1_unroll1_i8i32",8x4,256b,1,1,INT8_RVV,4-7,4,4,1024,1024,1024,32,2,OK,0,NONE,0.598453417,GOPS,3.588389,parallel_tiles_including_required_packing,DISABLED,0,0,"0:cpu4:tiles8;1:cpu5:tiles8;2:cpu6:tiles8;3:cpu7:tiles8","NA",static,0,"NA","NA","/home/bananapi/MAT/kernels riscv rvv 1.0/FINAL/riscv-rvv-ime-gemm-microkernels-updated/HETEROGENEOUS_RVV_IME_OPENMP_GEMM/results/openmp_results_k1-rvv-only_1024_20260904_074523/raw_logs/GEMM_RVV_FP32_INT8_8x4_Baseline_RVV_IGEMM_INT8_I8I32_8x4_igemm_kernel_8x4_zvl256b_lmul1_unroll1_i8i32_run2.log",NA,NA,NA,NA,NA,NA,NA
2026-09-04T07:46:23,k1-rvv-only,"GEMM_RVV_FP32_INT8_8x4_Baseline","RVV_IGEMM_INT8_I8I32_8x4","igemm_kernel_8x4_zvl256b_lmul1_unroll1_i8i32",8x4,256b,1,1,INT8_RVV,4-7,4,4,1024,1024,1024,32,3,OK,0,NONE,0.593004793,GOPS,3.621360,parallel_tiles_including_required_packing,DISABLED,0,0,"0:cpu4:tiles8;1:cpu5:tiles8;2:cpu6:tiles8;3:cpu7:tiles8","NA",static,0,"NA","NA","/home/bananapi/MAT/kernels riscv rvv 1.0/FINAL/riscv-rvv-ime-gemm-microkernels-updated/HETEROGENEOUS_RVV_IME_OPENMP_GEMM/results/openmp_results_k1-rvv-only_1024_20260904_074523/raw_logs/GEMM_RVV_FP32_INT8_8x4_Baseline_RVV_IGEMM_INT8_I8I32_8x4_igemm_kernel_8x4_zvl256b_lmul1_unroll1_i8i32_run3.log",NA,NA,NA,NA,NA,NA,NA
2026-09-04T07:46:25,k1-rvv-only,"GEMM_RVV_FP32_INT8_8x4_Baseline","RVV_IGEMM_INT8_I8I32_8x4","igemm_kernel_8x4_zvl256b_lmul1_unroll1_i8i32",8x4,256b,1,1,INT8_RVV,4-7,4,4,1024,1024,1024,32,4,OK,0,NONE,0.593323544,GOPS,3.619414,parallel_tiles_including_required_packing,DISABLED,0,0,"0:cpu4:tiles8;1:cpu5:tiles8;2:cpu6:tiles8;3:cpu7:tiles8","NA",static,0,"NA","NA","/home/bananapi/MAT/kernels riscv rvv 1.0/FINAL/riscv-rvv-ime-gemm-microkernels-updated/HETEROGENEOUS_RVV_IME_OPENMP_GEMM/results/openmp_results_k1-rvv-only_1024_20260904_074523/raw_logs/GEMM_RVV_FP32_INT8_8x4_Baseline_RVV_IGEMM_INT8_I8I32_8x4_igemm_kernel_8x4_zvl256b_lmul1_unroll1_i8i32_run4.log",NA,NA,NA,NA,NA,NA,NA
2026-09-04T07:46:26,k1-rvv-only,"GEMM_RVV_FP32_INT8_8x4_Baseline","RVV_IGEMM_INT8_I8I32_8x4","igemm_kernel_8x4_zvl256b_lmul1_unroll1_i8i32",8x4,256b,1,1,INT8_RVV,4-7,4,4,1024,1024,1024,32,5,OK,0,NONE,0.592162333,GOPS,3.626512,parallel_tiles_including_required_packing,DISABLED,0,0,"0:cpu4:tiles8;1:cpu5:tiles8;2:cpu6:tiles8;3:cpu7:tiles8","NA",static,0,"NA","NA","/home/bananapi/MAT/kernels riscv rvv 1.0/FINAL/riscv-rvv-ime-gemm-microkernels-updated/HETEROGENEOUS_RVV_IME_OPENMP_GEMM/results/openmp_results_k1-rvv-only_1024_20260904_074523/raw_logs/GEMM_RVV_FP32_INT8_8x4_Baseline_RVV_IGEMM_INT8_I8I32_8x4_igemm_kernel_8x4_zvl256b_lmul1_unroll1_i8i32_run5.log",NA,NA,NA,NA,NA,NA,NA
2026-09-04T07:46:28,k1-rvv-only,"GEMM_RVV_FP32_INT8_8x4_Baseline","RVV_IGEMM_INT8_I8I32_8x4","igemm_kernel_8x4_zvl256b_lmul1_unroll1_i8i32",8x4,256b,1,1,INT8_RVV,4-7,4,4,1024,1024,1024,32,6,OK,0,NONE,0.589334920,GOPS,3.643910,parallel_tiles_including_required_packing,DISABLED,0,0,"0:cpu4:tiles8;1:cpu5:tiles8;2:cpu6:tiles8;3:cpu7:tiles8","NA",static,0,"NA","NA","/home/bananapi/MAT/kernels riscv rvv 1.0/FINAL/riscv-rvv-ime-gemm-microkernels-updated/HETEROGENEOUS_RVV_IME_OPENMP_GEMM/results/openmp_results_k1-rvv-only_1024_20260904_074523/raw_logs/GEMM_RVV_FP32_INT8_8x4_Baseline_RVV_IGEMM_INT8_I8I32_8x4_igemm_kernel_8x4_zvl256b_lmul1_unroll1_i8i32_run6.log",NA,NA,NA,NA,NA,NA,NA
2026-09-04T07:47:27,k1-rvv-only,"GEMM_RVV_FP32_INT8_8x4_Baseline","RVV_IGEMM_INT8_I8I32_8x4","igemm_kernel_8x4_zvl256b_lmul1_unroll2_i8i32",8x4,256b,1,2,INT8_RVV,4-7,4,4,1024,1024,1024,32,1,OK,0,NONE,0.902445585,GOPS,2.379627,parallel_tiles_including_required_packing,INDEPENDENT_INT64_REFERENCE_EXACT_INT32,0,0,"0:cpu4:tiles8;1:cpu5:tiles8;2:cpu6:tiles8;3:cpu7:tiles8","NA",static,0,"NA","NA","/home/bananapi/MAT/kernels riscv rvv 1.0/FINAL/riscv-rvv-ime-gemm-microkernels-updated/HETEROGENEOUS_RVV_IME_OPENMP_GEMM/results/openmp_results_k1-rvv-only_1024_20260904_074523/raw_logs/GEMM_RVV_FP32_INT8_8x4_Baseline_RVV_IGEMM_INT8_I8I32_8x4_igemm_kernel_8x4_zvl256b_lmul1_unroll2_i8i32_run1.log",NA,NA,NA,NA,NA,NA,NA
2026-09-04T07:47:29,k1-rvv-only,"GEMM_RVV_FP32_INT8_8x4_Baseline","RVV_IGEMM_INT8_I8I32_8x4","igemm_kernel_8x4_zvl256b_lmul1_unroll2_i8i32",8x4,256b,1,2,INT8_RVV,4-7,4,4,1024,1024,1024,32,2,OK,0,NONE,0.900711711,GOPS,2.384208,parallel_tiles_including_required_packing,DISABLED,0,0,"0:cpu4:tiles8;1:cpu5:tiles8;2:cpu6:tiles8;3:cpu7:tiles8","NA",static,0,"NA","NA","/home/bananapi/MAT/kernels riscv rvv 1.0/FINAL/riscv-rvv-ime-gemm-microkernels-updated/HETEROGENEOUS_RVV_IME_OPENMP_GEMM/results/openmp_results_k1-rvv-only_1024_20260904_074523/raw_logs/GEMM_RVV_FP32_INT8_8x4_Baseline_RVV_IGEMM_INT8_I8I32_8x4_igemm_kernel_8x4_zvl256b_lmul1_unroll2_i8i32_run2.log",NA,NA,NA,NA,NA,NA,NA
2026-09-04T07:47:31,k1-rvv-only,"GEMM_RVV_FP32_INT8_8x4_Baseline","RVV_IGEMM_INT8_I8I32_8x4","igemm_kernel_8x4_zvl256b_lmul1_unroll2_i8i32",8x4,256b,1,2,INT8_RVV,4-7,4,4,1024,1024,1024,32,3,OK,0,NONE,0.901541125,GOPS,2.382014,parallel_tiles_including_required_packing,DISABLED,0,0,"0:cpu4:tiles8;1:cpu5:tiles8;2:cpu6:tiles8;3:cpu7:tiles8","NA",static,0,"NA","NA","/home/bananapi/MAT/kernels riscv rvv 1.0/FINAL/riscv-rvv-ime-gemm-microkernels-updated/HETEROGENEOUS_RVV_IME_OPENMP_GEMM/results/openmp_results_k1-rvv-only_1024_20260904_074523/raw_logs/GEMM_RVV_FP32_INT8_8x4_Baseline_RVV_IGEMM_INT8_I8I32_8x4_igemm_kernel_8x4_zvl256b_lmul1_unroll2_i8i32_run3.log",NA,NA,NA,NA,NA,NA,NA
2026-09-04T07:47:33,k1-rvv-only,"GEMM_RVV_FP32_INT8_8x4_Baseline","RVV_IGEMM_INT8_I8I32_8x4","igemm_kernel_8x4_zvl256b_lmul1_unroll2_i8i32",8x4,256b,1,2,INT8_RVV,4-7,4,4,1024,1024,1024,32,4,OK,0,NONE,0.900602501,GOPS,2.384497,parallel_tiles_including_required_packing,DISABLED,0,0,"0:cpu4:tiles8;1:cpu5:tiles8;2:cpu6:tiles8;3:cpu7:tiles8","NA",static,0,"NA","NA","/home/bananapi/MAT/kernels riscv rvv 1.0/FINAL/riscv-rvv-ime-gemm-microkernels-updated/HETEROGENEOUS_RVV_IME_OPENMP_GEMM/results/openmp_results_k1-rvv-only_1024_20260904_074523/raw_logs/GEMM_RVV_FP32_INT8_8x4_Baseline_RVV_IGEMM_INT8_I8I32_8x4_igemm_kernel_8x4_zvl256b_lmul1_unroll2_i8i32_run4.log",NA,NA,NA,NA,NA,NA,NA
2026-09-04T07:47:35,k1-rvv-only,"GEMM_RVV_FP32_INT8_8x4_Baseline","RVV_IGEMM_INT8_I8I32_8x4","igemm_kernel_8x4_zvl256b_lmul1_unroll2_i8i32",8x4,256b,1,2,INT8_RVV,4-7,4,4,1024,1024,1024,32,5,OK,0,NONE,0.898352083,GOPS,2.390470,parallel_tiles_including_required_packing,DISABLED,0,0,"0:cpu4:tiles8;1:cpu5:tiles8;2:cpu6:tiles8;3:cpu7:tiles8","NA",static,0,"NA","NA","/home/bananapi/MAT/kernels riscv rvv 1.0/FINAL/riscv-rvv-ime-gemm-microkernels-updated/HETEROGENEOUS_RVV_IME_OPENMP_GEMM/results/openmp_results_k1-rvv-only_1024_20260904_074523/raw_logs/GEMM_RVV_FP32_INT8_8x4_Baseline_RVV_IGEMM_INT8_I8I32_8x4_igemm_kernel_8x4_zvl256b_lmul1_unroll2_i8i32_run5.log",NA,NA,NA,NA,NA,NA,NA
2026-09-04T07:47:37,k1-rvv-only,"GEMM_RVV_FP32_INT8_8x4_Baseline","RVV_IGEMM_INT8_I8I32_8x4","igemm_kernel_8x4_zvl256b_lmul1_unroll2_i8i32",8x4,256b,1,2,INT8_RVV,4-7,4,4,1024,1024,1024,32,6,OK,0,NONE,0.900492206,GOPS,2.384789,parallel_tiles_including_required_packing,DISABLED,0,0,"0:cpu4:tiles8;1:cpu5:tiles8;2:cpu6:tiles8;3:cpu7:tiles8","NA",static,0,"NA","NA","/home/bananapi/MAT/kernels riscv rvv 1.0/FINAL/riscv-rvv-ime-gemm-microkernels-updated/HETEROGENEOUS_RVV_IME_OPENMP_GEMM/results/openmp_results_k1-rvv-only_1024_20260904_074523/raw_logs/GEMM_RVV_FP32_INT8_8x4_Baseline_RVV_IGEMM_INT8_I8I32_8x4_igemm_kernel_8x4_zvl256b_lmul1_unroll2_i8i32_run6.log",NA,NA,NA,NA,NA,NA,NA
2026-09-04T07:48:35,k1-rvv-only,"GEMM_RVV_FP32_INT8_8x4_Baseline","RVV_IGEMM_INT8_I8I32_8x4","igemm_kernel_8x4_zvl256b_lmul1_unroll4_i8i32",8x4,256b,1,4,INT8_RVV,4-7,4,4,1024,1024,1024,32,1,OK,0,NONE,0.924179625,GOPS,2.323665,parallel_tiles_including_required_packing,INDEPENDENT_INT64_REFERENCE_EXACT_INT32,0,0,"0:cpu4:tiles8;1:cpu5:tiles8;2:cpu6:tiles8;3:cpu7:tiles8","NA",static,0,"NA","NA","/home/bananapi/MAT/kernels riscv rvv 1.0/FINAL/riscv-rvv-ime-gemm-microkernels-updated/HETEROGENEOUS_RVV_IME_OPENMP_GEMM/results/openmp_results_k1-rvv-only_1024_20260904_074523/raw_logs/GEMM_RVV_FP32_INT8_8x4_Baseline_RVV_IGEMM_INT8_I8I32_8x4_igemm_kernel_8x4_zvl256b_lmul1_unroll4_i8i32_run1.log",NA,NA,NA,NA,NA,NA,NA
2026-09-04T07:48:38,k1-rvv-only,"GEMM_RVV_FP32_INT8_8x4_Baseline","RVV_IGEMM_INT8_I8I32_8x4","igemm_kernel_8x4_zvl256b_lmul1_unroll4_i8i32",8x4,256b,1,4,INT8_RVV,4-7,4,4,1024,1024,1024,32,2,OK,0,NONE,0.922497377,GOPS,2.327902,parallel_tiles_including_required_packing,DISABLED,0,0,"0:cpu4:tiles8;1:cpu5:tiles8;2:cpu6:tiles8;3:cpu7:tiles8","NA",static,0,"NA","NA","/home/bananapi/MAT/kernels riscv rvv 1.0/FINAL/riscv-rvv-ime-gemm-microkernels-updated/HETEROGENEOUS_RVV_IME_OPENMP_GEMM/results/openmp_results_k1-rvv-only_1024_20260904_074523/raw_logs/GEMM_RVV_FP32_INT8_8x4_Baseline_RVV_IGEMM_INT8_I8I32_8x4_igemm_kernel_8x4_zvl256b_lmul1_unroll4_i8i32_run2.log",NA,NA,NA,NA,NA,NA,NA
2026-09-04T07:48:40,k1-rvv-only,"GEMM_RVV_FP32_INT8_8x4_Baseline","RVV_IGEMM_INT8_I8I32_8x4","igemm_kernel_8x4_zvl256b_lmul1_unroll4_i8i32",8x4,256b,1,4,INT8_RVV,4-7,4,4,1024,1024,1024,32,3,OK,0,NONE,0.911565125,GOPS,2.355820,parallel_tiles_including_required_packing,DISABLED,0,0,"0:cpu4:tiles8;1:cpu5:tiles8;2:cpu6:tiles8;3:cpu7:tiles8","NA",static,0,"NA","NA","/home/bananapi/MAT/kernels riscv rvv 1.0/FINAL/riscv-rvv-ime-gemm-microkernels-updated/HETEROGENEOUS_RVV_IME_OPENMP_GEMM/results/openmp_results_k1-rvv-only_1024_20260904_074523/raw_logs/GEMM_RVV_FP32_INT8_8x4_Baseline_RVV_IGEMM_INT8_I8I32_8x4_igemm_kernel_8x4_zvl256b_lmul1_unroll4_i8i32_run3.log",NA,NA,NA,NA,NA,NA,NA
2026-09-04T07:48:42,k1-rvv-only,"GEMM_RVV_FP32_INT8_8x4_Baseline","RVV_IGEMM_INT8_I8I32_8x4","igemm_kernel_8x4_zvl256b_lmul1_unroll4_i8i32",8x4,256b,1,4,INT8_RVV,4-7,4,4,1024,1024,1024,32,4,OK,0,NONE,0.915799122,GOPS,2.344929,parallel_tiles_including_required_packing,DISABLED,0,0,"0:cpu4:tiles8;1:cpu5:tiles8;2:cpu6:tiles8;3:cpu7:tiles8","NA",static,0,"NA","NA","/home/bananapi/MAT/kernels riscv rvv 1.0/FINAL/riscv-rvv-ime-gemm-microkernels-updated/HETEROGENEOUS_RVV_IME_OPENMP_GEMM/results/openmp_results_k1-rvv-only_1024_20260904_074523/raw_logs/GEMM_RVV_FP32_INT8_8x4_Baseline_RVV_IGEMM_INT8_I8I32_8x4_igemm_kernel_8x4_zvl256b_lmul1_unroll4_i8i32_run4.log",NA,NA,NA,NA,NA,NA,NA
2026-09-04T07:48:44,k1-rvv-only,"GEMM_RVV_FP32_INT8_8x4_Baseline","RVV_IGEMM_INT8_I8I32_8x4","igemm_kernel_8x4_zvl256b_lmul1_unroll4_i8i32",8x4,256b,1,4,INT8_RVV,4-7,4,4,1024,1024,1024,32,5,OK,0,NONE,0.919361461,GOPS,2.335843,parallel_tiles_including_required_packing,DISABLED,0,0,"0:cpu4:tiles8;1:cpu5:tiles8;2:cpu6:tiles8;3:cpu7:tiles8","NA",static,0,"NA","NA","/home/bananapi/MAT/kernels riscv rvv 1.0/FINAL/riscv-rvv-ime-gemm-microkernels-updated/HETEROGENEOUS_RVV_IME_OPENMP_GEMM/results/openmp_results_k1-rvv-only_1024_20260904_074523/raw_logs/GEMM_RVV_FP32_INT8_8x4_Baseline_RVV_IGEMM_INT8_I8I32_8x4_igemm_kernel_8x4_zvl256b_lmul1_unroll4_i8i32_run5.log",NA,NA,NA,NA,NA,NA,NA
2026-09-04T07:48:46,k1-rvv-only,"GEMM_RVV_FP32_INT8_8x4_Baseline","RVV_IGEMM_INT8_I8I32_8x4","igemm_kernel_8x4_zvl256b_lmul1_unroll4_i8i32",8x4,256b,1,4,INT8_RVV,4-7,4,4,1024,1024,1024,32,6,OK,0,NONE,0.914823040,GOPS,2.347431,parallel_tiles_including_required_packing,DISABLED,0,0,"0:cpu4:tiles8;1:cpu5:tiles8;2:cpu6:tiles8;3:cpu7:tiles8","NA",static,0,"NA","NA","/home/bananapi/MAT/kernels riscv rvv 1.0/FINAL/riscv-rvv-ime-gemm-microkernels-updated/HETEROGENEOUS_RVV_IME_OPENMP_GEMM/results/openmp_results_k1-rvv-only_1024_20260904_074523/raw_logs/GEMM_RVV_FP32_INT8_8x4_Baseline_RVV_IGEMM_INT8_I8I32_8x4_igemm_kernel_8x4_zvl256b_lmul1_unroll4_i8i32_run6.log",NA,NA,NA,NA,NA,NA,NA
2026-09-04T07:49:29,k1-rvv-only,"GEMM_RVV_FP32_INT8_8x4_Baseline","RVV_IGEMM_INT8_I8I32_8x4","igemm_kernel_8x4_zvl256b_lmul1_unroll8_i8i32",8x4,256b,1,8,INT8_RVV,4-7,4,4,1024,1024,1024,32,1,OK,0,NONE,0.856819127,GOPS,2.506344,parallel_tiles_including_required_packing,INDEPENDENT_INT64_REFERENCE_EXACT_INT32,0,0,"0:cpu4:tiles8;1:cpu5:tiles8;2:cpu6:tiles8;3:cpu7:tiles8","NA",static,0,"NA","NA","/home/bananapi/MAT/kernels riscv rvv 1.0/FINAL/riscv-rvv-ime-gemm-microkernels-updated/HETEROGENEOUS_RVV_IME_OPENMP_GEMM/results/openmp_results_k1-rvv-only_1024_20260904_074523/raw_logs/GEMM_RVV_FP32_INT8_8x4_Baseline_RVV_IGEMM_INT8_I8I32_8x4_igemm_kernel_8x4_zvl256b_lmul1_unroll8_i8i32_run1.log",NA,NA,NA,NA,NA,NA,NA
2026-09-04T07:49:31,k1-rvv-only,"GEMM_RVV_FP32_INT8_8x4_Baseline","RVV_IGEMM_INT8_I8I32_8x4","igemm_kernel_8x4_zvl256b_lmul1_unroll8_i8i32",8x4,256b,1,8,INT8_RVV,4-7,4,4,1024,1024,1024,32,2,OK,0,NONE,0.854811419,GOPS,2.512231,parallel_tiles_including_required_packing,DISABLED,0,0,"0:cpu4:tiles8;1:cpu5:tiles8;2:cpu6:tiles8;3:cpu7:tiles8","NA",static,0,"NA","NA","/home/bananapi/MAT/kernels riscv rvv 1.0/FINAL/riscv-rvv-ime-gemm-microkernels-updated/HETEROGENEOUS_RVV_IME_OPENMP_GEMM/results/openmp_results_k1-rvv-only_1024_20260904_074523/raw_logs/GEMM_RVV_FP32_INT8_8x4_Baseline_RVV_IGEMM_INT8_I8I32_8x4_igemm_kernel_8x4_zvl256b_lmul1_unroll8_i8i32_run2.log",NA,NA,NA,NA,NA,NA,NA
2026-09-04T07:49:33,k1-rvv-only,"GEMM_RVV_FP32_INT8_8x4_Baseline","RVV_IGEMM_INT8_I8I32_8x4","igemm_kernel_8x4_zvl256b_lmul1_unroll8_i8i32",8x4,256b,1,8,INT8_RVV,4-7,4,4,1024,1024,1024,32,3,OK,0,NONE,0.853203584,GOPS,2.516965,parallel_tiles_including_required_packing,DISABLED,0,0,"0:cpu4:tiles8;1:cpu5:tiles8;2:cpu6:tiles8;3:cpu7:tiles8","NA",static,0,"NA","NA","/home/bananapi/MAT/kernels riscv rvv 1.0/FINAL/riscv-rvv-ime-gemm-microkernels-updated/HETEROGENEOUS_RVV_IME_OPENMP_GEMM/results/openmp_results_k1-rvv-only_1024_20260904_074523/raw_logs/GEMM_RVV_FP32_INT8_8x4_Baseline_RVV_IGEMM_INT8_I8I32_8x4_igemm_kernel_8x4_zvl256b_lmul1_unroll8_i8i32_run3.log",NA,NA,NA,NA,NA,NA,NA
2026-09-04T07:49:35,k1-rvv-only,"GEMM_RVV_FP32_INT8_8x4_Baseline","RVV_IGEMM_INT8_I8I32_8x4","igemm_kernel_8x4_zvl256b_lmul1_unroll8_i8i32",8x4,256b,1,8,INT8_RVV,4-7,4,4,1024,1024,1024,32,4,OK,0,NONE,0.856615294,GOPS,2.506941,parallel_tiles_including_required_packing,DISABLED,0,0,"0:cpu4:tiles8;1:cpu5:tiles8;2:cpu6:tiles8;3:cpu7:tiles8","NA",static,0,"NA","NA","/home/bananapi/MAT/kernels riscv rvv 1.0/FINAL/riscv-rvv-ime-gemm-microkernels-updated/HETEROGENEOUS_RVV_IME_OPENMP_GEMM/results/openmp_results_k1-rvv-only_1024_20260904_074523/raw_logs/GEMM_RVV_FP32_INT8_8x4_Baseline_RVV_IGEMM_INT8_I8I32_8x4_igemm_kernel_8x4_zvl256b_lmul1_unroll8_i8i32_run4.log",NA,NA,NA,NA,NA,NA,NA
2026-09-04T07:49:37,k1-rvv-only,"GEMM_RVV_FP32_INT8_8x4_Baseline","RVV_IGEMM_INT8_I8I32_8x4","igemm_kernel_8x4_zvl256b_lmul1_unroll8_i8i32",8x4,256b,1,8,INT8_RVV,4-7,4,4,1024,1024,1024,32,5,OK,0,NONE,0.849064335,GOPS,2.529235,parallel_tiles_including_required_packing,DISABLED,0,0,"0:cpu4:tiles8;1:cpu5:tiles8;2:cpu6:tiles8;3:cpu7:tiles8","NA",static,0,"NA","NA","/home/bananapi/MAT/kernels riscv rvv 1.0/FINAL/riscv-rvv-ime-gemm-microkernels-updated/HETEROGENEOUS_RVV_IME_OPENMP_GEMM/results/openmp_results_k1-rvv-only_1024_20260904_074523/raw_logs/GEMM_RVV_FP32_INT8_8x4_Baseline_RVV_IGEMM_INT8_I8I32_8x4_igemm_kernel_8x4_zvl256b_lmul1_unroll8_i8i32_run5.log",NA,NA,NA,NA,NA,NA,NA
2026-09-04T07:49:39,k1-rvv-only,"GEMM_RVV_FP32_INT8_8x4_Baseline","RVV_IGEMM_INT8_I8I32_8x4","igemm_kernel_8x4_zvl256b_lmul1_unroll8_i8i32",8x4,256b,1,8,INT8_RVV,4-7,4,4,1024,1024,1024,32,6,OK,0,NONE,0.852643456,GOPS,2.518619,parallel_tiles_including_required_packing,DISABLED,0,0,"0:cpu4:tiles8;1:cpu5:tiles8;2:cpu6:tiles8;3:cpu7:tiles8","NA",static,0,"NA","NA","/home/bananapi/MAT/kernels riscv rvv 1.0/FINAL/riscv-rvv-ime-gemm-microkernels-updated/HETEROGENEOUS_RVV_IME_OPENMP_GEMM/results/openmp_results_k1-rvv-only_1024_20260904_074523/raw_logs/GEMM_RVV_FP32_INT8_8x4_Baseline_RVV_IGEMM_INT8_I8I32_8x4_igemm_kernel_8x4_zvl256b_lmul1_unroll8_i8i32_run6.log",NA,NA,NA,NA,NA,NA,NA
2026-09-04T07:50:24,k1-rvv-only,"GEMM_RVV_FP32_INT8_8x4_Baseline","RVV_IGEMM_INT8_I8I32_8x4","igemm_kernel_8x4_zvl256b_lmul2_unroll1_i8i32",8x4,256b,2,1,INT8_RVV,4-7,4,4,1024,1024,1024,32,1,OK,0,NONE,2.049821083,GOPS,1.047644,parallel_tiles_including_required_packing,INDEPENDENT_INT64_REFERENCE_EXACT_INT32,0,0,"0:cpu4:tiles8;1:cpu5:tiles8;2:cpu6:tiles8;3:cpu7:tiles8","NA",static,0,"NA","NA","/home/bananapi/MAT/kernels riscv rvv 1.0/FINAL/riscv-rvv-ime-gemm-microkernels-updated/HETEROGENEOUS_RVV_IME_OPENMP_GEMM/results/openmp_results_k1-rvv-only_1024_20260904_074523/raw_logs/GEMM_RVV_FP32_INT8_8x4_Baseline_RVV_IGEMM_INT8_I8I32_8x4_igemm_kernel_8x4_zvl256b_lmul2_unroll1_i8i32_run1.log",NA,NA,NA,NA,NA,NA,NA
2026-09-04T07:50:29,k1-rvv-only,"GEMM_RVV_FP32_INT8_8x4_Baseline","RVV_IGEMM_INT8_I8I32_8x4","igemm_kernel_8x4_zvl256b_lmul2_unroll1_i8i32",8x4,256b,2,1,INT8_RVV,4-7,4,4,1024,1024,1024,32,2,OK,0,NONE,2.048882209,GOPS,1.048125,parallel_tiles_including_required_packing,DISABLED,0,0,"0:cpu4:tiles8;1:cpu5:tiles8;2:cpu6:tiles8;3:cpu7:tiles8","NA",static,0,"NA","NA","/home/bananapi/MAT/kernels riscv rvv 1.0/FINAL/riscv-rvv-ime-gemm-microkernels-updated/HETEROGENEOUS_RVV_IME_OPENMP_GEMM/results/openmp_results_k1-rvv-only_1024_20260904_074523/raw_logs/GEMM_RVV_FP32_INT8_8x4_Baseline_RVV_IGEMM_INT8_I8I32_8x4_igemm_kernel_8x4_zvl256b_lmul2_unroll1_i8i32_run2.log",NA,NA,NA,NA,NA,NA,NA
2026-09-04T07:50:33,k1-rvv-only,"GEMM_RVV_FP32_INT8_8x4_Baseline","RVV_IGEMM_INT8_I8I32_8x4","igemm_kernel_8x4_zvl256b_lmul2_unroll1_i8i32",8x4,256b,2,1,INT8_RVV,4-7,4,4,1024,1024,1024,32,3,OK,0,NONE,2.046856917,GOPS,1.049162,parallel_tiles_including_required_packing,DISABLED,0,0,"0:cpu4:tiles8;1:cpu5:tiles8;2:cpu6:tiles8;3:cpu7:tiles8","NA",static,0,"NA","NA","/home/bananapi/MAT/kernels riscv rvv 1.0/FINAL/riscv-rvv-ime-gemm-microkernels-updated/HETEROGENEOUS_RVV_IME_OPENMP_GEMM/results/openmp_results_k1-rvv-only_1024_20260904_074523/raw_logs/GEMM_RVV_FP32_INT8_8x4_Baseline_RVV_IGEMM_INT8_I8I32_8x4_igemm_kernel_8x4_zvl256b_lmul2_unroll1_i8i32_run3.log",NA,NA,NA,NA,NA,NA,NA
2026-09-04T07:50:38,k1-rvv-only,"GEMM_RVV_FP32_INT8_8x4_Baseline","RVV_IGEMM_INT8_I8I32_8x4","igemm_kernel_8x4_zvl256b_lmul2_unroll1_i8i32",8x4,256b,2,1,INT8_RVV,4-7,4,4,1024,1024,1024,32,4,OK,0,NONE,2.045782417,GOPS,1.049713,parallel_tiles_including_required_packing,DISABLED,0,0,"0:cpu4:tiles8;1:cpu5:tiles8;2:cpu6:tiles8;3:cpu7:tiles8","NA",static,0,"NA","NA","/home/bananapi/MAT/kernels riscv rvv 1.0/FINAL/riscv-rvv-ime-gemm-microkernels-updated/HETEROGENEOUS_RVV_IME_OPENMP_GEMM/results/openmp_results_k1-rvv-only_1024_20260904_074523/raw_logs/GEMM_RVV_FP32_INT8_8x4_Baseline_RVV_IGEMM_INT8_I8I32_8x4_igemm_kernel_8x4_zvl256b_lmul2_unroll1_i8i32_run4.log",NA,NA,NA,NA,NA,NA,NA
2026-09-04T07:50:42,k1-rvv-only,"GEMM_RVV_FP32_INT8_8x4_Baseline","RVV_IGEMM_INT8_I8I32_8x4","igemm_kernel_8x4_zvl256b_lmul2_unroll1_i8i32",8x4,256b,2,1,INT8_RVV,4-7,4,4,1024,1024,1024,32,5,OK,0,NONE,2.046370126,GOPS,1.049411,parallel_tiles_including_required_packing,DISABLED,0,0,"0:cpu4:tiles8;1:cpu5:tiles8;2:cpu6:tiles8;3:cpu7:tiles8","NA",static,0,"NA","NA","/home/bananapi/MAT/kernels riscv rvv 1.0/FINAL/riscv-rvv-ime-gemm-microkernels-updated/HETEROGENEOUS_RVV_IME_OPENMP_GEMM/results/openmp_results_k1-rvv-only_1024_20260904_074523/raw_logs/GEMM_RVV_FP32_INT8_8x4_Baseline_RVV_IGEMM_INT8_I8I32_8x4_igemm_kernel_8x4_zvl256b_lmul2_unroll1_i8i32_run5.log",NA,NA,NA,NA,NA,NA,NA
2026-09-04T07:50:46,k1-rvv-only,"GEMM_RVV_FP32_INT8_8x4_Baseline","RVV_IGEMM_INT8_I8I32_8x4","igemm_kernel_8x4_zvl256b_lmul2_unroll1_i8i32",8x4,256b,2,1,INT8_RVV,4-7,4,4,1024,1024,1024,32,6,OK,0,NONE,2.046767250,GOPS,1.049208,parallel_tiles_including_required_packing,DISABLED,0,0,"0:cpu4:tiles8;1:cpu5:tiles8;2:cpu6:tiles8;3:cpu7:tiles8","NA",static,0,"NA","NA","/home/bananapi/MAT/kernels riscv rvv 1.0/FINAL/riscv-rvv-ime-gemm-microkernels-updated/HETEROGENEOUS_RVV_IME_OPENMP_GEMM/results/openmp_results_k1-rvv-only_1024_20260904_074523/raw_logs/GEMM_RVV_FP32_INT8_8x4_Baseline_RVV_IGEMM_INT8_I8I32_8x4_igemm_kernel_8x4_zvl256b_lmul2_unroll1_i8i32_run6.log",NA,NA,NA,NA,NA,NA,NA
2026-09-04T07:51:31,k1-rvv-only,"GEMM_RVV_FP32_INT8_8x4_Baseline","RVV_IGEMM_INT8_I8I32_8x4","igemm_kernel_8x4_zvl256b_lmul2_unroll2_i8i32",8x4,256b,2,2,INT8_RVV,4-7,4,4,1024,1024,1024,32,1,OK,0,NONE,2.109481543,GOPS,1.018015,parallel_tiles_including_required_packing,INDEPENDENT_INT64_REFERENCE_EXACT_INT32,0,0,"0:cpu4:tiles8;1:cpu5:tiles8;2:cpu6:tiles8;3:cpu7:tiles8","NA",static,0,"NA","NA","/home/bananapi/MAT/kernels riscv rvv 1.0/FINAL/riscv-rvv-ime-gemm-microkernels-updated/HETEROGENEOUS_RVV_IME_OPENMP_GEMM/results/openmp_results_k1-rvv-only_1024_20260904_074523/raw_logs/GEMM_RVV_FP32_INT8_8x4_Baseline_RVV_IGEMM_INT8_I8I32_8x4_igemm_kernel_8x4_zvl256b_lmul2_unroll2_i8i32_run1.log",NA,NA,NA,NA,NA,NA,NA
2026-09-04T07:51:35,k1-rvv-only,"GEMM_RVV_FP32_INT8_8x4_Baseline","RVV_IGEMM_INT8_I8I32_8x4","igemm_kernel_8x4_zvl256b_lmul2_unroll2_i8i32",8x4,256b,2,2,INT8_RVV,4-7,4,4,1024,1024,1024,32,2,OK,0,NONE,2.109875835,GOPS,1.017825,parallel_tiles_including_required_packing,DISABLED,0,0,"0:cpu4:tiles8;1:cpu5:tiles8;2:cpu6:tiles8;3:cpu7:tiles8","NA",static,0,"NA","NA","/home/bananapi/MAT/kernels riscv rvv 1.0/FINAL/riscv-rvv-ime-gemm-microkernels-updated/HETEROGENEOUS_RVV_IME_OPENMP_GEMM/results/openmp_results_k1-rvv-only_1024_20260904_074523/raw_logs/GEMM_RVV_FP32_INT8_8x4_Baseline_RVV_IGEMM_INT8_I8I32_8x4_igemm_kernel_8x4_zvl256b_lmul2_unroll2_i8i32_run2.log",NA,NA,NA,NA,NA,NA,NA
2026-09-04T07:51:40,k1-rvv-only,"GEMM_RVV_FP32_INT8_8x4_Baseline","RVV_IGEMM_INT8_I8I32_8x4","igemm_kernel_8x4_zvl256b_lmul2_unroll2_i8i32",8x4,256b,2,2,INT8_RVV,4-7,4,4,1024,1024,1024,32,3,OK,0,NONE,2.107020292,GOPS,1.019204,parallel_tiles_including_required_packing,DISABLED,0,0,"0:cpu4:tiles8;1:cpu5:tiles8;2:cpu6:tiles8;3:cpu7:tiles8","NA",static,0,"NA","NA","/home/bananapi/MAT/kernels riscv rvv 1.0/FINAL/riscv-rvv-ime-gemm-microkernels-updated/HETEROGENEOUS_RVV_IME_OPENMP_GEMM/results/openmp_results_k1-rvv-only_1024_20260904_074523/raw_logs/GEMM_RVV_FP32_INT8_8x4_Baseline_RVV_IGEMM_INT8_I8I32_8x4_igemm_kernel_8x4_zvl256b_lmul2_unroll2_i8i32_run3.log",NA,NA,NA,NA,NA,NA,NA
2026-09-04T07:51:44,k1-rvv-only,"GEMM_RVV_FP32_INT8_8x4_Baseline","RVV_IGEMM_INT8_I8I32_8x4","igemm_kernel_8x4_zvl256b_lmul2_unroll2_i8i32",8x4,256b,2,2,INT8_RVV,4-7,4,4,1024,1024,1024,32,4,OK,0,NONE,2.111102417,GOPS,1.017233,parallel_tiles_including_required_packing,DISABLED,0,0,"0:cpu4:tiles8;1:cpu5:tiles8;2:cpu6:tiles8;3:cpu7:tiles8","NA",static,0,"NA","NA","/home/bananapi/MAT/kernels riscv rvv 1.0/FINAL/riscv-rvv-ime-gemm-microkernels-updated/HETEROGENEOUS_RVV_IME_OPENMP_GEMM/results/openmp_results_k1-rvv-only_1024_20260904_074523/raw_logs/GEMM_RVV_FP32_INT8_8x4_Baseline_RVV_IGEMM_INT8_I8I32_8x4_igemm_kernel_8x4_zvl256b_lmul2_unroll2_i8i32_run4.log",NA,NA,NA,NA,NA,NA,NA
2026-09-04T07:51:49,k1-rvv-only,"GEMM_RVV_FP32_INT8_8x4_Baseline","RVV_IGEMM_INT8_I8I32_8x4","igemm_kernel_8x4_zvl256b_lmul2_unroll2_i8i32",8x4,256b,2,2,INT8_RVV,4-7,4,4,1024,1024,1024,32,5,OK,0,NONE,2.106707878,GOPS,1.019355,parallel_tiles_including_required_packing,DISABLED,0,0,"0:cpu4:tiles8;1:cpu5:tiles8;2:cpu6:tiles8;3:cpu7:tiles8","NA",static,0,"NA","NA","/home/bananapi/MAT/kernels riscv rvv 1.0/FINAL/riscv-rvv-ime-gemm-microkernels-updated/HETEROGENEOUS_RVV_IME_OPENMP_GEMM/results/openmp_results_k1-rvv-only_1024_20260904_074523/raw_logs/GEMM_RVV_FP32_INT8_8x4_Baseline_RVV_IGEMM_INT8_I8I32_8x4_igemm_kernel_8x4_zvl256b_lmul2_unroll2_i8i32_run5.log",NA,NA,NA,NA,NA,NA,NA
2026-09-04T07:51:53,k1-rvv-only,"GEMM_RVV_FP32_INT8_8x4_Baseline","RVV_IGEMM_INT8_I8I32_8x4","igemm_kernel_8x4_zvl256b_lmul2_unroll2_i8i32",8x4,256b,2,2,INT8_RVV,4-7,4,4,1024,1024,1024,32,6,OK,0,NONE,2.110054128,GOPS,1.017739,parallel_tiles_including_required_packing,DISABLED,0,0,"0:cpu4:tiles8;1:cpu5:tiles8;2:cpu6:tiles8;3:cpu7:tiles8","NA",static,0,"NA","NA","/home/bananapi/MAT/kernels riscv rvv 1.0/FINAL/riscv-rvv-ime-gemm-microkernels-updated/HETEROGENEOUS_RVV_IME_OPENMP_GEMM/results/openmp_results_k1-rvv-only_1024_20260904_074523/raw_logs/GEMM_RVV_FP32_INT8_8x4_Baseline_RVV_IGEMM_INT8_I8I32_8x4_igemm_kernel_8x4_zvl256b_lmul2_unroll2_i8i32_run6.log",NA,NA,NA,NA,NA,NA,NA
2026-09-04T07:52:39,k1-rvv-only,"GEMM_RVV_FP32_INT8_8x4_Baseline","RVV_IGEMM_INT8_I8I32_8x4","igemm_kernel_8x4_zvl256b_lmul2_unroll4_i8i32",8x4,256b,2,4,INT8_RVV,4-7,4,4,1024,1024,1024,32,1,OK,0,NONE,2.454008210,GOPS,0.875092,parallel_tiles_including_required_packing,INDEPENDENT_INT64_REFERENCE_EXACT_INT32,0,0,"0:cpu4:tiles8;1:cpu5:tiles8;2:cpu6:tiles8;3:cpu7:tiles8","NA",static,0,"NA","NA","/home/bananapi/MAT/kernels riscv rvv 1.0/FINAL/riscv-rvv-ime-gemm-microkernels-updated/HETEROGENEOUS_RVV_IME_OPENMP_GEMM/results/openmp_results_k1-rvv-only_1024_20260904_074523/raw_logs/GEMM_RVV_FP32_INT8_8x4_Baseline_RVV_IGEMM_INT8_I8I32_8x4_igemm_kernel_8x4_zvl256b_lmul2_unroll4_i8i32_run1.log",NA,NA,NA,NA,NA,NA,NA
2026-09-04T07:52:44,k1-rvv-only,"GEMM_RVV_FP32_INT8_8x4_Baseline","RVV_IGEMM_INT8_I8I32_8x4","igemm_kernel_8x4_zvl256b_lmul2_unroll4_i8i32",8x4,256b,2,4,INT8_RVV,4-7,4,4,1024,1024,1024,32,2,OK,0,NONE,2.459486876,GOPS,0.873143,parallel_tiles_including_required_packing,DISABLED,0,0,"0:cpu4:tiles8;1:cpu5:tiles8;2:cpu6:tiles8;3:cpu7:tiles8","NA",static,0,"NA","NA","/home/bananapi/MAT/kernels riscv rvv 1.0/FINAL/riscv-rvv-ime-gemm-microkernels-updated/HETEROGENEOUS_RVV_IME_OPENMP_GEMM/results/openmp_results_k1-rvv-only_1024_20260904_074523/raw_logs/GEMM_RVV_FP32_INT8_8x4_Baseline_RVV_IGEMM_INT8_I8I32_8x4_igemm_kernel_8x4_zvl256b_lmul2_unroll4_i8i32_run2.log",NA,NA,NA,NA,NA,NA,NA
2026-09-04T07:52:50,k1-rvv-only,"GEMM_RVV_FP32_INT8_8x4_Baseline","RVV_IGEMM_INT8_I8I32_8x4","igemm_kernel_8x4_zvl256b_lmul2_unroll4_i8i32",8x4,256b,2,4,INT8_RVV,4-7,4,4,1024,1024,1024,32,3,OK,0,NONE,2.461272046,GOPS,0.872510,parallel_tiles_including_required_packing,DISABLED,0,0,"0:cpu4:tiles8;1:cpu5:tiles8;2:cpu6:tiles8;3:cpu7:tiles8","NA",static,0,"NA","NA","/home/bananapi/MAT/kernels riscv rvv 1.0/FINAL/riscv-rvv-ime-gemm-microkernels-updated/HETEROGENEOUS_RVV_IME_OPENMP_GEMM/results/openmp_results_k1-rvv-only_1024_20260904_074523/raw_logs/GEMM_RVV_FP32_INT8_8x4_Baseline_RVV_IGEMM_INT8_I8I32_8x4_igemm_kernel_8x4_zvl256b_lmul2_unroll4_i8i32_run3.log",NA,NA,NA,NA,NA,NA,NA
2026-09-04T07:52:55,k1-rvv-only,"GEMM_RVV_FP32_INT8_8x4_Baseline","RVV_IGEMM_INT8_I8I32_8x4","igemm_kernel_8x4_zvl256b_lmul2_unroll4_i8i32",8x4,256b,2,4,INT8_RVV,4-7,4,4,1024,1024,1024,32,4,OK,0,NONE,2.455953334,GOPS,0.874399,parallel_tiles_including_required_packing,DISABLED,0,0,"0:cpu4:tiles8;1:cpu5:tiles8;2:cpu6:tiles8;3:cpu7:tiles8","NA",static,0,"NA","NA","/home/bananapi/MAT/kernels riscv rvv 1.0/FINAL/riscv-rvv-ime-gemm-microkernels-updated/HETEROGENEOUS_RVV_IME_OPENMP_GEMM/results/openmp_results_k1-rvv-only_1024_20260904_074523/raw_logs/GEMM_RVV_FP32_INT8_8x4_Baseline_RVV_IGEMM_INT8_I8I32_8x4_igemm_kernel_8x4_zvl256b_lmul2_unroll4_i8i32_run4.log",NA,NA,NA,NA,NA,NA,NA
2026-09-04T07:53:00,k1-rvv-only,"GEMM_RVV_FP32_INT8_8x4_Baseline","RVV_IGEMM_INT8_I8I32_8x4","igemm_kernel_8x4_zvl256b_lmul2_unroll4_i8i32",8x4,256b,2,4,INT8_RVV,4-7,4,4,1024,1024,1024,32,5,OK,0,NONE,2.456056628,GOPS,0.874362,parallel_tiles_including_required_packing,DISABLED,0,0,"0:cpu4:tiles8;1:cpu5:tiles8;2:cpu6:tiles8;3:cpu7:tiles8","NA",static,0,"NA","NA","/home/bananapi/MAT/kernels riscv rvv 1.0/FINAL/riscv-rvv-ime-gemm-microkernels-updated/HETEROGENEOUS_RVV_IME_OPENMP_GEMM/results/openmp_results_k1-rvv-only_1024_20260904_074523/raw_logs/GEMM_RVV_FP32_INT8_8x4_Baseline_RVV_IGEMM_INT8_I8I32_8x4_igemm_kernel_8x4_zvl256b_lmul2_unroll4_i8i32_run5.log",NA,NA,NA,NA,NA,NA,NA
2026-09-04T07:53:05,k1-rvv-only,"GEMM_RVV_FP32_INT8_8x4_Baseline","RVV_IGEMM_INT8_I8I32_8x4","igemm_kernel_8x4_zvl256b_lmul2_unroll4_i8i32",8x4,256b,2,4,INT8_RVV,4-7,4,4,1024,1024,1024,32,6,OK,0,NONE,2.457694378,GOPS,0.873780,parallel_tiles_including_required_packing,DISABLED,0,0,"0:cpu4:tiles8;1:cpu5:tiles8;2:cpu6:tiles8;3:cpu7:tiles8","NA",static,0,"NA","NA","/home/bananapi/MAT/kernels riscv rvv 1.0/FINAL/riscv-rvv-ime-gemm-microkernels-updated/HETEROGENEOUS_RVV_IME_OPENMP_GEMM/results/openmp_results_k1-rvv-only_1024_20260904_074523/raw_logs/GEMM_RVV_FP32_INT8_8x4_Baseline_RVV_IGEMM_INT8_I8I32_8x4_igemm_kernel_8x4_zvl256b_lmul2_unroll4_i8i32_run6.log",NA,NA,NA,NA,NA,NA,NA
2026-09-04T07:53:53,k1-rvv-only,"GEMM_RVV_FP32_INT8_8x4_Baseline","RVV_IGEMM_INT8_I8I32_8x4","igemm_kernel_8x4_zvl256b_lmul2_unroll8_i8i32",8x4,256b,2,8,INT8_RVV,4-7,4,4,1024,1024,1024,32,1,OK,0,NONE,2.515615582,GOPS,0.853661,parallel_tiles_including_required_packing,INDEPENDENT_INT64_REFERENCE_EXACT_INT32,0,0,"0:cpu4:tiles8;1:cpu5:tiles8;2:cpu6:tiles8;3:cpu7:tiles8","NA",static,0,"NA","NA","/home/bananapi/MAT/kernels riscv rvv 1.0/FINAL/riscv-rvv-ime-gemm-microkernels-updated/HETEROGENEOUS_RVV_IME_OPENMP_GEMM/results/openmp_results_k1-rvv-only_1024_20260904_074523/raw_logs/GEMM_RVV_FP32_INT8_8x4_Baseline_RVV_IGEMM_INT8_I8I32_8x4_igemm_kernel_8x4_zvl256b_lmul2_unroll8_i8i32_run1.log",NA,NA,NA,NA,NA,NA,NA
2026-09-04T07:53:58,k1-rvv-only,"GEMM_RVV_FP32_INT8_8x4_Baseline","RVV_IGEMM_INT8_I8I32_8x4","igemm_kernel_8x4_zvl256b_lmul2_unroll8_i8i32",8x4,256b,2,8,INT8_RVV,4-7,4,4,1024,1024,1024,32,2,OK,0,NONE,2.511481833,GOPS,0.855066,parallel_tiles_including_required_packing,DISABLED,0,0,"0:cpu4:tiles8;1:cpu5:tiles8;2:cpu6:tiles8;3:cpu7:tiles8","NA",static,0,"NA","NA","/home/bananapi/MAT/kernels riscv rvv 1.0/FINAL/riscv-rvv-ime-gemm-microkernels-updated/HETEROGENEOUS_RVV_IME_OPENMP_GEMM/results/openmp_results_k1-rvv-only_1024_20260904_074523/raw_logs/GEMM_RVV_FP32_INT8_8x4_Baseline_RVV_IGEMM_INT8_I8I32_8x4_igemm_kernel_8x4_zvl256b_lmul2_unroll8_i8i32_run2.log",NA,NA,NA,NA,NA,NA,NA
2026-09-04T07:54:03,k1-rvv-only,"GEMM_RVV_FP32_INT8_8x4_Baseline","RVV_IGEMM_INT8_I8I32_8x4","igemm_kernel_8x4_zvl256b_lmul2_unroll8_i8i32",8x4,256b,2,8,INT8_RVV,4-7,4,4,1024,1024,1024,32,3,OK,0,NONE,2.513743877,GOPS,0.854297,parallel_tiles_including_required_packing,DISABLED,0,0,"0:cpu4:tiles8;1:cpu5:tiles8;2:cpu6:tiles8;3:cpu7:tiles8","NA",static,0,"NA","NA","/home/bananapi/MAT/kernels riscv rvv 1.0/FINAL/riscv-rvv-ime-gemm-microkernels-updated/HETEROGENEOUS_RVV_IME_OPENMP_GEMM/results/openmp_results_k1-rvv-only_1024_20260904_074523/raw_logs/GEMM_RVV_FP32_INT8_8x4_Baseline_RVV_IGEMM_INT8_I8I32_8x4_igemm_kernel_8x4_zvl256b_lmul2_unroll8_i8i32_run3.log",NA,NA,NA,NA,NA,NA,NA
2026-09-04T07:54:09,k1-rvv-only,"GEMM_RVV_FP32_INT8_8x4_Baseline","RVV_IGEMM_INT8_I8I32_8x4","igemm_kernel_8x4_zvl256b_lmul2_unroll8_i8i32",8x4,256b,2,8,INT8_RVV,4-7,4,4,1024,1024,1024,32,4,OK,0,NONE,2.511864834,GOPS,0.854936,parallel_tiles_including_required_packing,DISABLED,0,0,"0:cpu4:tiles8;1:cpu5:tiles8;2:cpu6:tiles8;3:cpu7:tiles8","NA",static,0,"NA","NA","/home/bananapi/MAT/kernels riscv rvv 1.0/FINAL/riscv-rvv-ime-gemm-microkernels-updated/HETEROGENEOUS_RVV_IME_OPENMP_GEMM/results/openmp_results_k1-rvv-only_1024_20260904_074523/raw_logs/GEMM_RVV_FP32_INT8_8x4_Baseline_RVV_IGEMM_INT8_I8I32_8x4_igemm_kernel_8x4_zvl256b_lmul2_unroll8_i8i32_run4.log",NA,NA,NA,NA,NA,NA,NA
2026-09-04T07:54:14,k1-rvv-only,"GEMM_RVV_FP32_INT8_8x4_Baseline","RVV_IGEMM_INT8_I8I32_8x4","igemm_kernel_8x4_zvl256b_lmul2_unroll8_i8i32",8x4,256b,2,8,INT8_RVV,4-7,4,4,1024,1024,1024,32,5,OK,0,NONE,2.513739627,GOPS,0.854298,parallel_tiles_including_required_packing,DISABLED,0,0,"0:cpu4:tiles8;1:cpu5:tiles8;2:cpu6:tiles8;3:cpu7:tiles8","NA",static,0,"NA","NA","/home/bananapi/MAT/kernels riscv rvv 1.0/FINAL/riscv-rvv-ime-gemm-microkernels-updated/HETEROGENEOUS_RVV_IME_OPENMP_GEMM/results/openmp_results_k1-rvv-only_1024_20260904_074523/raw_logs/GEMM_RVV_FP32_INT8_8x4_Baseline_RVV_IGEMM_INT8_I8I32_8x4_igemm_kernel_8x4_zvl256b_lmul2_unroll8_i8i32_run5.log",NA,NA,NA,NA,NA,NA,NA
2026-09-04T07:54:19,k1-rvv-only,"GEMM_RVV_FP32_INT8_8x4_Baseline","RVV_IGEMM_INT8_I8I32_8x4","igemm_kernel_8x4_zvl256b_lmul2_unroll8_i8i32",8x4,256b,2,8,INT8_RVV,4-7,4,4,1024,1024,1024,32,6,OK,0,NONE,2.512842625,GOPS,0.854603,parallel_tiles_including_required_packing,DISABLED,0,0,"0:cpu4:tiles8;1:cpu5:tiles8;2:cpu6:tiles8;3:cpu7:tiles8","NA",static,0,"NA","NA","/home/bananapi/MAT/kernels riscv rvv 1.0/FINAL/riscv-rvv-ime-gemm-microkernels-updated/HETEROGENEOUS_RVV_IME_OPENMP_GEMM/results/openmp_results_k1-rvv-only_1024_20260904_074523/raw_logs/GEMM_RVV_FP32_INT8_8x4_Baseline_RVV_IGEMM_INT8_I8I32_8x4_igemm_kernel_8x4_zvl256b_lmul2_unroll8_i8i32_run6.log",NA,NA,NA,NA,NA,NA,NA
2026-09-04T07:55:15,k1-rvv-only,"GEMM_RVV_FP32_INT8_8x4_Baseline","RVV_IGEMM_INT8_I8I32_8x4","igemm_kernel_8x4_zvl256b_lmulmf2_unroll1_i8i32",8x4,256b,mf2,1,INT8_RVV,4-7,4,4,1024,1024,1024,32,1,OK,0,NONE,0.219206415,GOPS,9.796628,parallel_tiles_including_required_packing,INDEPENDENT_INT64_REFERENCE_EXACT_INT32,0,0,"0:cpu4:tiles8;1:cpu5:tiles8;2:cpu6:tiles8;3:cpu7:tiles8","NA",static,0,"NA","NA","/home/bananapi/MAT/kernels riscv rvv 1.0/FINAL/riscv-rvv-ime-gemm-microkernels-updated/HETEROGENEOUS_RVV_IME_OPENMP_GEMM/results/openmp_results_k1-rvv-only_1024_20260904_074523/raw_logs/GEMM_RVV_FP32_INT8_8x4_Baseline_RVV_IGEMM_INT8_I8I32_8x4_igemm_kernel_8x4_zvl256b_lmulmf2_unroll1_i8i32_run1.log",NA,NA,NA,NA,NA,NA,NA
2026-09-04T07:55:15,k1-rvv-only,"GEMM_RVV_FP32_INT8_8x4_Baseline","RVV_IGEMM_INT8_I8I32_8x4","igemm_kernel_8x4_zvl256b_lmulmf2_unroll1_i8i32",8x4,256b,mf2,1,INT8_RVV,4-7,4,4,1024,1024,1024,32,2,OK,0,NONE,0.220466956,GOPS,9.740615,parallel_tiles_including_required_packing,DISABLED,0,0,"0:cpu4:tiles8;1:cpu5:tiles8;2:cpu6:tiles8;3:cpu7:tiles8","NA",static,0,"NA","NA","/home/bananapi/MAT/kernels riscv rvv 1.0/FINAL/riscv-rvv-ime-gemm-microkernels-updated/HETEROGENEOUS_RVV_IME_OPENMP_GEMM/results/openmp_results_k1-rvv-only_1024_20260904_074523/raw_logs/GEMM_RVV_FP32_INT8_8x4_Baseline_RVV_IGEMM_INT8_I8I32_8x4_igemm_kernel_8x4_zvl256b_lmulmf2_unroll1_i8i32_run2.log",NA,NA,NA,NA,NA,NA,NA
2026-09-04T07:55:16,k1-rvv-only,"GEMM_RVV_FP32_INT8_8x4_Baseline","RVV_IGEMM_INT8_I8I32_8x4","igemm_kernel_8x4_zvl256b_lmulmf2_unroll1_i8i32",8x4,256b,mf2,1,INT8_RVV,4-7,4,4,1024,1024,1024,32,3,OK,0,NONE,0.222810667,GOPS,9.638155,parallel_tiles_including_required_packing,DISABLED,0,0,"0:cpu4:tiles8;1:cpu5:tiles8;2:cpu6:tiles8;3:cpu7:tiles8","NA",static,0,"NA","NA","/home/bananapi/MAT/kernels riscv rvv 1.0/FINAL/riscv-rvv-ime-gemm-microkernels-updated/HETEROGENEOUS_RVV_IME_OPENMP_GEMM/results/openmp_results_k1-rvv-only_1024_20260904_074523/raw_logs/GEMM_RVV_FP32_INT8_8x4_Baseline_RVV_IGEMM_INT8_I8I32_8x4_igemm_kernel_8x4_zvl256b_lmulmf2_unroll1_i8i32_run3.log",NA,NA,NA,NA,NA,NA,NA
2026-09-04T07:55:17,k1-rvv-only,"GEMM_RVV_FP32_INT8_8x4_Baseline","RVV_IGEMM_INT8_I8I32_8x4","igemm_kernel_8x4_zvl256b_lmulmf2_unroll1_i8i32",8x4,256b,mf2,1,INT8_RVV,4-7,4,4,1024,1024,1024,32,4,OK,0,NONE,0.222362082,GOPS,9.657598,parallel_tiles_including_required_packing,DISABLED,0,0,"0:cpu4:tiles8;1:cpu5:tiles8;2:cpu6:tiles8;3:cpu7:tiles8","NA",static,0,"NA","NA","/home/bananapi/MAT/kernels riscv rvv 1.0/FINAL/riscv-rvv-ime-gemm-microkernels-updated/HETEROGENEOUS_RVV_IME_OPENMP_GEMM/results/openmp_results_k1-rvv-only_1024_20260904_074523/raw_logs/GEMM_RVV_FP32_INT8_8x4_Baseline_RVV_IGEMM_INT8_I8I32_8x4_igemm_kernel_8x4_zvl256b_lmulmf2_unroll1_i8i32_run4.log",NA,NA,NA,NA,NA,NA,NA
2026-09-04T07:55:18,k1-rvv-only,"GEMM_RVV_FP32_INT8_8x4_Baseline","RVV_IGEMM_INT8_I8I32_8x4","igemm_kernel_8x4_zvl256b_lmulmf2_unroll1_i8i32",8x4,256b,mf2,1,INT8_RVV,4-7,4,4,1024,1024,1024,32,5,OK,0,NONE,0.216954459,GOPS,9.898315,parallel_tiles_including_required_packing,DISABLED,0,0,"0:cpu4:tiles8;1:cpu5:tiles8;2:cpu6:tiles8;3:cpu7:tiles8","NA",static,0,"NA","NA","/home/bananapi/MAT/kernels riscv rvv 1.0/FINAL/riscv-rvv-ime-gemm-microkernels-updated/HETEROGENEOUS_RVV_IME_OPENMP_GEMM/results/openmp_results_k1-rvv-only_1024_20260904_074523/raw_logs/GEMM_RVV_FP32_INT8_8x4_Baseline_RVV_IGEMM_INT8_I8I32_8x4_igemm_kernel_8x4_zvl256b_lmulmf2_unroll1_i8i32_run5.log",NA,NA,NA,NA,NA,NA,NA
2026-09-04T07:55:18,k1-rvv-only,"GEMM_RVV_FP32_INT8_8x4_Baseline","RVV_IGEMM_INT8_I8I32_8x4","igemm_kernel_8x4_zvl256b_lmulmf2_unroll1_i8i32",8x4,256b,mf2,1,INT8_RVV,4-7,4,4,1024,1024,1024,32,6,OK,0,NONE,0.221050333,GOPS,9.714908,parallel_tiles_including_required_packing,DISABLED,0,0,"0:cpu4:tiles8;1:cpu5:tiles8;2:cpu6:tiles8;3:cpu7:tiles8","NA",static,0,"NA","NA","/home/bananapi/MAT/kernels riscv rvv 1.0/FINAL/riscv-rvv-ime-gemm-microkernels-updated/HETEROGENEOUS_RVV_IME_OPENMP_GEMM/results/openmp_results_k1-rvv-only_1024_20260904_074523/raw_logs/GEMM_RVV_FP32_INT8_8x4_Baseline_RVV_IGEMM_INT8_I8I32_8x4_igemm_kernel_8x4_zvl256b_lmulmf2_unroll1_i8i32_run6.log",NA,NA,NA,NA,NA,NA,NA
2026-09-04T07:55:59,k1-rvv-only,"GEMM_RVV_FP32_INT8_8x4_Baseline","RVV_IGEMM_INT8_I8I32_8x4","igemm_kernel_8x4_zvl256b_lmulmf2_unroll2_i8i32",8x4,256b,mf2,2,INT8_RVV,4-7,4,4,1024,1024,1024,32,1,OK,0,NONE,0.212543376,GOPS,10.103743,parallel_tiles_including_required_packing,INDEPENDENT_INT64_REFERENCE_EXACT_INT32,0,0,"0:cpu4:tiles8;1:cpu5:tiles8;2:cpu6:tiles8;3:cpu7:tiles8","NA",static,0,"NA","NA","/home/bananapi/MAT/kernels riscv rvv 1.0/FINAL/riscv-rvv-ime-gemm-microkernels-updated/HETEROGENEOUS_RVV_IME_OPENMP_GEMM/results/openmp_results_k1-rvv-only_1024_20260904_074523/raw_logs/GEMM_RVV_FP32_INT8_8x4_Baseline_RVV_IGEMM_INT8_I8I32_8x4_igemm_kernel_8x4_zvl256b_lmulmf2_unroll2_i8i32_run1.log",NA,NA,NA,NA,NA,NA,NA
2026-09-04T07:56:00,k1-rvv-only,"GEMM_RVV_FP32_INT8_8x4_Baseline","RVV_IGEMM_INT8_I8I32_8x4","igemm_kernel_8x4_zvl256b_lmulmf2_unroll2_i8i32",8x4,256b,mf2,2,INT8_RVV,4-7,4,4,1024,1024,1024,32,2,OK,0,NONE,0.218058873,GOPS,9.848183,parallel_tiles_including_required_packing,DISABLED,0,0,"0:cpu4:tiles8;1:cpu5:tiles8;2:cpu6:tiles8;3:cpu7:tiles8","NA",static,0,"NA","NA","/home/bananapi/MAT/kernels riscv rvv 1.0/FINAL/riscv-rvv-ime-gemm-microkernels-updated/HETEROGENEOUS_RVV_IME_OPENMP_GEMM/results/openmp_results_k1-rvv-only_1024_20260904_074523/raw_logs/GEMM_RVV_FP32_INT8_8x4_Baseline_RVV_IGEMM_INT8_I8I32_8x4_igemm_kernel_8x4_zvl256b_lmulmf2_unroll2_i8i32_run2.log",NA,NA,NA,NA,NA,NA,NA
2026-09-04T07:56:00,k1-rvv-only,"GEMM_RVV_FP32_INT8_8x4_Baseline","RVV_IGEMM_INT8_I8I32_8x4","igemm_kernel_8x4_zvl256b_lmulmf2_unroll2_i8i32",8x4,256b,mf2,2,INT8_RVV,4-7,4,4,1024,1024,1024,32,3,OK,0,NONE,0.218088251,GOPS,9.846856,parallel_tiles_including_required_packing,DISABLED,0,0,"0:cpu4:tiles8;1:cpu5:tiles8;2:cpu6:tiles8;3:cpu7:tiles8","NA",static,0,"NA","NA","/home/bananapi/MAT/kernels riscv rvv 1.0/FINAL/riscv-rvv-ime-gemm-microkernels-updated/HETEROGENEOUS_RVV_IME_OPENMP_GEMM/results/openmp_results_k1-rvv-only_1024_20260904_074523/raw_logs/GEMM_RVV_FP32_INT8_8x4_Baseline_RVV_IGEMM_INT8_I8I32_8x4_igemm_kernel_8x4_zvl256b_lmulmf2_unroll2_i8i32_run3.log",NA,NA,NA,NA,NA,NA,NA
2026-09-04T07:56:01,k1-rvv-only,"GEMM_RVV_FP32_INT8_8x4_Baseline","RVV_IGEMM_INT8_I8I32_8x4","igemm_kernel_8x4_zvl256b_lmulmf2_unroll2_i8i32",8x4,256b,mf2,2,INT8_RVV,4-7,4,4,1024,1024,1024,32,4,OK,0,NONE,0.208792876,GOPS,10.285234,parallel_tiles_including_required_packing,DISABLED,0,0,"0:cpu4:tiles8;1:cpu5:tiles8;2:cpu6:tiles8;3:cpu7:tiles8","NA",static,0,"NA","NA","/home/bananapi/MAT/kernels riscv rvv 1.0/FINAL/riscv-rvv-ime-gemm-microkernels-updated/HETEROGENEOUS_RVV_IME_OPENMP_GEMM/results/openmp_results_k1-rvv-only_1024_20260904_074523/raw_logs/GEMM_RVV_FP32_INT8_8x4_Baseline_RVV_IGEMM_INT8_I8I32_8x4_igemm_kernel_8x4_zvl256b_lmulmf2_unroll2_i8i32_run4.log",NA,NA,NA,NA,NA,NA,NA
2026-09-04T07:56:02,k1-rvv-only,"GEMM_RVV_FP32_INT8_8x4_Baseline","RVV_IGEMM_INT8_I8I32_8x4","igemm_kernel_8x4_zvl256b_lmulmf2_unroll2_i8i32",8x4,256b,mf2,2,INT8_RVV,4-7,4,4,1024,1024,1024,32,5,OK,0,NONE,0.213160668,GOPS,10.074484,parallel_tiles_including_required_packing,DISABLED,0,0,"0:cpu4:tiles8;1:cpu5:tiles8;2:cpu6:tiles8;3:cpu7:tiles8","NA",static,0,"NA","NA","/home/bananapi/MAT/kernels riscv rvv 1.0/FINAL/riscv-rvv-ime-gemm-microkernels-updated/HETEROGENEOUS_RVV_IME_OPENMP_GEMM/results/openmp_results_k1-rvv-only_1024_20260904_074523/raw_logs/GEMM_RVV_FP32_INT8_8x4_Baseline_RVV_IGEMM_INT8_I8I32_8x4_igemm_kernel_8x4_zvl256b_lmulmf2_unroll2_i8i32_run5.log",NA,NA,NA,NA,NA,NA,NA
2026-09-04T07:56:03,k1-rvv-only,"GEMM_RVV_FP32_INT8_8x4_Baseline","RVV_IGEMM_INT8_I8I32_8x4","igemm_kernel_8x4_zvl256b_lmulmf2_unroll2_i8i32",8x4,256b,mf2,2,INT8_RVV,4-7,4,4,1024,1024,1024,32,6,OK,0,NONE,0.214285541,GOPS,10.021598,parallel_tiles_including_required_packing,DISABLED,0,0,"0:cpu4:tiles8;1:cpu5:tiles8;2:cpu6:tiles8;3:cpu7:tiles8","NA",static,0,"NA","NA","/home/bananapi/MAT/kernels riscv rvv 1.0/FINAL/riscv-rvv-ime-gemm-microkernels-updated/HETEROGENEOUS_RVV_IME_OPENMP_GEMM/results/openmp_results_k1-rvv-only_1024_20260904_074523/raw_logs/GEMM_RVV_FP32_INT8_8x4_Baseline_RVV_IGEMM_INT8_I8I32_8x4_igemm_kernel_8x4_zvl256b_lmulmf2_unroll2_i8i32_run6.log",NA,NA,NA,NA,NA,NA,NA
2026-09-04T07:57:00,k1-rvv-only,"GEMM_RVV_FP32_INT8_8x4_Baseline","RVV_IGEMM_INT8_I8I32_8x4","igemm_kernel_8x4_zvl256b_lmulmf2_unroll4_i8i32",8x4,256b,mf2,4,INT8_RVV,4-7,4,4,1024,1024,1024,32,1,OK,0,NONE,0.214510210,GOPS,10.011102,parallel_tiles_including_required_packing,INDEPENDENT_INT64_REFERENCE_EXACT_INT32,0,0,"0:cpu4:tiles8;1:cpu5:tiles8;2:cpu6:tiles8;3:cpu7:tiles8","NA",static,0,"NA","NA","/home/bananapi/MAT/kernels riscv rvv 1.0/FINAL/riscv-rvv-ime-gemm-microkernels-updated/HETEROGENEOUS_RVV_IME_OPENMP_GEMM/results/openmp_results_k1-rvv-only_1024_20260904_074523/raw_logs/GEMM_RVV_FP32_INT8_8x4_Baseline_RVV_IGEMM_INT8_I8I32_8x4_igemm_kernel_8x4_zvl256b_lmulmf2_unroll4_i8i32_run1.log",NA,NA,NA,NA,NA,NA,NA
2026-09-04T07:57:01,k1-rvv-only,"GEMM_RVV_FP32_INT8_8x4_Baseline","RVV_IGEMM_INT8_I8I32_8x4","igemm_kernel_8x4_zvl256b_lmulmf2_unroll4_i8i32",8x4,256b,mf2,4,INT8_RVV,4-7,4,4,1024,1024,1024,32,2,OK,0,NONE,0.212789584,GOPS,10.092052,parallel_tiles_including_required_packing,DISABLED,0,0,"0:cpu4:tiles8;1:cpu5:tiles8;2:cpu6:tiles8;3:cpu7:tiles8","NA",static,0,"NA","NA","/home/bananapi/MAT/kernels riscv rvv 1.0/FINAL/riscv-rvv-ime-gemm-microkernels-updated/HETEROGENEOUS_RVV_IME_OPENMP_GEMM/results/openmp_results_k1-rvv-only_1024_20260904_074523/raw_logs/GEMM_RVV_FP32_INT8_8x4_Baseline_RVV_IGEMM_INT8_I8I32_8x4_igemm_kernel_8x4_zvl256b_lmulmf2_unroll4_i8i32_run2.log",NA,NA,NA,NA,NA,NA,NA
2026-09-04T07:57:01,k1-rvv-only,"GEMM_RVV_FP32_INT8_8x4_Baseline","RVV_IGEMM_INT8_I8I32_8x4","igemm_kernel_8x4_zvl256b_lmulmf2_unroll4_i8i32",8x4,256b,mf2,4,INT8_RVV,4-7,4,4,1024,1024,1024,32,3,OK,0,NONE,0.216294501,GOPS,9.928517,parallel_tiles_including_required_packing,DISABLED,0,0,"0:cpu4:tiles8;1:cpu5:tiles8;2:cpu6:tiles8;3:cpu7:tiles8","NA",static,0,"NA","NA","/home/bananapi/MAT/kernels riscv rvv 1.0/FINAL/riscv-rvv-ime-gemm-microkernels-updated/HETEROGENEOUS_RVV_IME_OPENMP_GEMM/results/openmp_results_k1-rvv-only_1024_20260904_074523/raw_logs/GEMM_RVV_FP32_INT8_8x4_Baseline_RVV_IGEMM_INT8_I8I32_8x4_igemm_kernel_8x4_zvl256b_lmulmf2_unroll4_i8i32_run3.log",NA,NA,NA,NA,NA,NA,NA
2026-09-04T07:57:02,k1-rvv-only,"GEMM_RVV_FP32_INT8_8x4_Baseline","RVV_IGEMM_INT8_I8I32_8x4","igemm_kernel_8x4_zvl256b_lmulmf2_unroll4_i8i32",8x4,256b,mf2,4,INT8_RVV,4-7,4,4,1024,1024,1024,32,4,OK,0,NONE,0.213907376,GOPS,10.039316,parallel_tiles_including_required_packing,DISABLED,0,0,"0:cpu4:tiles8;1:cpu5:tiles8;2:cpu6:tiles8;3:cpu7:tiles8","NA",static,0,"NA","NA","/home/bananapi/MAT/kernels riscv rvv 1.0/FINAL/riscv-rvv-ime-gemm-microkernels-updated/HETEROGENEOUS_RVV_IME_OPENMP_GEMM/results/openmp_results_k1-rvv-only_1024_20260904_074523/raw_logs/GEMM_RVV_FP32_INT8_8x4_Baseline_RVV_IGEMM_INT8_I8I32_8x4_igemm_kernel_8x4_zvl256b_lmulmf2_unroll4_i8i32_run4.log",NA,NA,NA,NA,NA,NA,NA
2026-09-04T07:57:03,k1-rvv-only,"GEMM_RVV_FP32_INT8_8x4_Baseline","RVV_IGEMM_INT8_I8I32_8x4","igemm_kernel_8x4_zvl256b_lmulmf2_unroll4_i8i32",8x4,256b,mf2,4,INT8_RVV,4-7,4,4,1024,1024,1024,32,5,OK,0,NONE,0.217407919,GOPS,9.877670,parallel_tiles_including_required_packing,DISABLED,0,0,"0:cpu4:tiles8;1:cpu5:tiles8;2:cpu6:tiles8;3:cpu7:tiles8","NA",static,0,"NA","NA","/home/bananapi/MAT/kernels riscv rvv 1.0/FINAL/riscv-rvv-ime-gemm-microkernels-updated/HETEROGENEOUS_RVV_IME_OPENMP_GEMM/results/openmp_results_k1-rvv-only_1024_20260904_074523/raw_logs/GEMM_RVV_FP32_INT8_8x4_Baseline_RVV_IGEMM_INT8_I8I32_8x4_igemm_kernel_8x4_zvl256b_lmulmf2_unroll4_i8i32_run5.log",NA,NA,NA,NA,NA,NA,NA
2026-09-04T07:57:04,k1-rvv-only,"GEMM_RVV_FP32_INT8_8x4_Baseline","RVV_IGEMM_INT8_I8I32_8x4","igemm_kernel_8x4_zvl256b_lmulmf2_unroll4_i8i32",8x4,256b,mf2,4,INT8_RVV,4-7,4,4,1024,1024,1024,32,6,OK,0,NONE,0.218014002,GOPS,9.850210,parallel_tiles_including_required_packing,DISABLED,0,0,"0:cpu4:tiles8;1:cpu5:tiles8;2:cpu6:tiles8;3:cpu7:tiles8","NA",static,0,"NA","NA","/home/bananapi/MAT/kernels riscv rvv 1.0/FINAL/riscv-rvv-ime-gemm-microkernels-updated/HETEROGENEOUS_RVV_IME_OPENMP_GEMM/results/openmp_results_k1-rvv-only_1024_20260904_074523/raw_logs/GEMM_RVV_FP32_INT8_8x4_Baseline_RVV_IGEMM_INT8_I8I32_8x4_igemm_kernel_8x4_zvl256b_lmulmf2_unroll4_i8i32_run6.log",NA,NA,NA,NA,NA,NA,NA
2026-09-04T07:58:01,k1-rvv-only,"GEMM_RVV_FP32_INT8_8x4_Baseline","RVV_IGEMM_INT8_I8I32_8x4","igemm_kernel_8x4_zvl256b_lmulmf2_unroll8_i8i32",8x4,256b,mf2,8,INT8_RVV,4-7,4,4,1024,1024,1024,32,1,OK,0,NONE,0.214340333,GOPS,10.019037,parallel_tiles_including_required_packing,INDEPENDENT_INT64_REFERENCE_EXACT_INT32,0,0,"0:cpu4:tiles8;1:cpu5:tiles8;2:cpu6:tiles8;3:cpu7:tiles8","NA",static,0,"NA","NA","/home/bananapi/MAT/kernels riscv rvv 1.0/FINAL/riscv-rvv-ime-gemm-microkernels-updated/HETEROGENEOUS_RVV_IME_OPENMP_GEMM/results/openmp_results_k1-rvv-only_1024_20260904_074523/raw_logs/GEMM_RVV_FP32_INT8_8x4_Baseline_RVV_IGEMM_INT8_I8I32_8x4_igemm_kernel_8x4_zvl256b_lmulmf2_unroll8_i8i32_run1.log",NA,NA,NA,NA,NA,NA,NA
2026-09-04T07:58:02,k1-rvv-only,"GEMM_RVV_FP32_INT8_8x4_Baseline","RVV_IGEMM_INT8_I8I32_8x4","igemm_kernel_8x4_zvl256b_lmulmf2_unroll8_i8i32",8x4,256b,mf2,8,INT8_RVV,4-7,4,4,1024,1024,1024,32,2,OK,0,NONE,0.216519292,GOPS,9.918209,parallel_tiles_including_required_packing,DISABLED,0,0,"0:cpu4:tiles8;1:cpu5:tiles8;2:cpu6:tiles8;3:cpu7:tiles8","NA",static,0,"NA","NA","/home/bananapi/MAT/kernels riscv rvv 1.0/FINAL/riscv-rvv-ime-gemm-microkernels-updated/HETEROGENEOUS_RVV_IME_OPENMP_GEMM/results/openmp_results_k1-rvv-only_1024_20260904_074523/raw_logs/GEMM_RVV_FP32_INT8_8x4_Baseline_RVV_IGEMM_INT8_I8I32_8x4_igemm_kernel_8x4_zvl256b_lmulmf2_unroll8_i8i32_run2.log",NA,NA,NA,NA,NA,NA,NA
2026-09-04T07:58:02,k1-rvv-only,"GEMM_RVV_FP32_INT8_8x4_Baseline","RVV_IGEMM_INT8_I8I32_8x4","igemm_kernel_8x4_zvl256b_lmulmf2_unroll8_i8i32",8x4,256b,mf2,8,INT8_RVV,4-7,4,4,1024,1024,1024,32,3,OK,0,NONE,0.216039874,GOPS,9.940219,parallel_tiles_including_required_packing,DISABLED,0,0,"0:cpu4:tiles8;1:cpu5:tiles8;2:cpu6:tiles8;3:cpu7:tiles8","NA",static,0,"NA","NA","/home/bananapi/MAT/kernels riscv rvv 1.0/FINAL/riscv-rvv-ime-gemm-microkernels-updated/HETEROGENEOUS_RVV_IME_OPENMP_GEMM/results/openmp_results_k1-rvv-only_1024_20260904_074523/raw_logs/GEMM_RVV_FP32_INT8_8x4_Baseline_RVV_IGEMM_INT8_I8I32_8x4_igemm_kernel_8x4_zvl256b_lmulmf2_unroll8_i8i32_run3.log",NA,NA,NA,NA,NA,NA,NA
2026-09-04T07:58:03,k1-rvv-only,"GEMM_RVV_FP32_INT8_8x4_Baseline","RVV_IGEMM_INT8_I8I32_8x4","igemm_kernel_8x4_zvl256b_lmulmf2_unroll8_i8i32",8x4,256b,mf2,8,INT8_RVV,4-7,4,4,1024,1024,1024,32,4,OK,0,NONE,0.215003502,GOPS,9.988133,parallel_tiles_including_required_packing,DISABLED,0,0,"0:cpu4:tiles8;1:cpu5:tiles8;2:cpu6:tiles8;3:cpu7:tiles8","NA",static,0,"NA","NA","/home/bananapi/MAT/kernels riscv rvv 1.0/FINAL/riscv-rvv-ime-gemm-microkernels-updated/HETEROGENEOUS_RVV_IME_OPENMP_GEMM/results/openmp_results_k1-rvv-only_1024_20260904_074523/raw_logs/GEMM_RVV_FP32_INT8_8x4_Baseline_RVV_IGEMM_INT8_I8I32_8x4_igemm_kernel_8x4_zvl256b_lmulmf2_unroll8_i8i32_run4.log",NA,NA,NA,NA,NA,NA,NA
2026-09-04T07:58:04,k1-rvv-only,"GEMM_RVV_FP32_INT8_8x4_Baseline","RVV_IGEMM_INT8_I8I32_8x4","igemm_kernel_8x4_zvl256b_lmulmf2_unroll8_i8i32",8x4,256b,mf2,8,INT8_RVV,4-7,4,4,1024,1024,1024,32,5,OK,0,NONE,0.215299461,GOPS,9.974403,parallel_tiles_including_required_packing,DISABLED,0,0,"0:cpu4:tiles8;1:cpu5:tiles8;2:cpu6:tiles8;3:cpu7:tiles8","NA",static,0,"NA","NA","/home/bananapi/MAT/kernels riscv rvv 1.0/FINAL/riscv-rvv-ime-gemm-microkernels-updated/HETEROGENEOUS_RVV_IME_OPENMP_GEMM/results/openmp_results_k1-rvv-only_1024_20260904_074523/raw_logs/GEMM_RVV_FP32_INT8_8x4_Baseline_RVV_IGEMM_INT8_I8I32_8x4_igemm_kernel_8x4_zvl256b_lmulmf2_unroll8_i8i32_run5.log",NA,NA,NA,NA,NA,NA,NA
2026-09-04T07:58:05,k1-rvv-only,"GEMM_RVV_FP32_INT8_8x4_Baseline","RVV_IGEMM_INT8_I8I32_8x4","igemm_kernel_8x4_zvl256b_lmulmf2_unroll8_i8i32",8x4,256b,mf2,8,INT8_RVV,4-7,4,4,1024,1024,1024,32,6,OK,0,NONE,0.217075959,GOPS,9.892775,parallel_tiles_including_required_packing,DISABLED,0,0,"0:cpu4:tiles8;1:cpu5:tiles8;2:cpu6:tiles8;3:cpu7:tiles8","NA",static,0,"NA","NA","/home/bananapi/MAT/kernels riscv rvv 1.0/FINAL/riscv-rvv-ime-gemm-microkernels-updated/HETEROGENEOUS_RVV_IME_OPENMP_GEMM/results/openmp_results_k1-rvv-only_1024_20260904_074523/raw_logs/GEMM_RVV_FP32_INT8_8x4_Baseline_RVV_IGEMM_INT8_I8I32_8x4_igemm_kernel_8x4_zvl256b_lmulmf2_unroll8_i8i32_run6.log",NA,NA,NA,NA,NA,NA,NA
2026-09-04T07:58:45,k1-rvv-only,"GEMM_RVV_FP32_INT8_8x4_Baseline","RVV_IGEMM_INT8_I8I32_8x4","igemm_kernel_8x4_zvl256b_lmulmf4_unroll1_i8i32",8x4,256b,mf4,1,INT8_RVV,4-7,4,4,1024,1024,1024,32,1,OK,0,NONE,0.176992793,GOPS,12.133170,parallel_tiles_including_required_packing,INDEPENDENT_INT64_REFERENCE_EXACT_INT32,0,0,"0:cpu4:tiles8;1:cpu5:tiles8;2:cpu6:tiles8;3:cpu7:tiles8","NA",static,0,"NA","NA","/home/bananapi/MAT/kernels riscv rvv 1.0/FINAL/riscv-rvv-ime-gemm-microkernels-updated/HETEROGENEOUS_RVV_IME_OPENMP_GEMM/results/openmp_results_k1-rvv-only_1024_20260904_074523/raw_logs/GEMM_RVV_FP32_INT8_8x4_Baseline_RVV_IGEMM_INT8_I8I32_8x4_igemm_kernel_8x4_zvl256b_lmulmf4_unroll1_i8i32_run1.log",NA,NA,NA,NA,NA,NA,NA
2026-09-04T07:58:46,k1-rvv-only,"GEMM_RVV_FP32_INT8_8x4_Baseline","RVV_IGEMM_INT8_I8I32_8x4","igemm_kernel_8x4_zvl256b_lmulmf4_unroll1_i8i32",8x4,256b,mf4,1,INT8_RVV,4-7,4,4,1024,1024,1024,32,2,OK,0,NONE,0.178942040,GOPS,12.001001,parallel_tiles_including_required_packing,DISABLED,0,0,"0:cpu4:tiles8;1:cpu5:tiles8;2:cpu6:tiles8;3:cpu7:tiles8","NA",static,0,"NA","NA","/home/bananapi/MAT/kernels riscv rvv 1.0/FINAL/riscv-rvv-ime-gemm-microkernels-updated/HETEROGENEOUS_RVV_IME_OPENMP_GEMM/results/openmp_results_k1-rvv-only_1024_20260904_074523/raw_logs/GEMM_RVV_FP32_INT8_8x4_Baseline_RVV_IGEMM_INT8_I8I32_8x4_igemm_kernel_8x4_zvl256b_lmulmf4_unroll1_i8i32_run2.log",NA,NA,NA,NA,NA,NA,NA
2026-09-04T07:58:46,k1-rvv-only,"GEMM_RVV_FP32_INT8_8x4_Baseline","RVV_IGEMM_INT8_I8I32_8x4","igemm_kernel_8x4_zvl256b_lmulmf4_unroll1_i8i32",8x4,256b,mf4,1,INT8_RVV,4-7,4,4,1024,1024,1024,32,3,OK,0,NONE,0.175667834,GOPS,12.224683,parallel_tiles_including_required_packing,DISABLED,0,0,"0:cpu4:tiles8;1:cpu5:tiles8;2:cpu6:tiles8;3:cpu7:tiles8","NA",static,0,"NA","NA","/home/bananapi/MAT/kernels riscv rvv 1.0/FINAL/riscv-rvv-ime-gemm-microkernels-updated/HETEROGENEOUS_RVV_IME_OPENMP_GEMM/results/openmp_results_k1-rvv-only_1024_20260904_074523/raw_logs/GEMM_RVV_FP32_INT8_8x4_Baseline_RVV_IGEMM_INT8_I8I32_8x4_igemm_kernel_8x4_zvl256b_lmulmf4_unroll1_i8i32_run3.log",NA,NA,NA,NA,NA,NA,NA
2026-09-04T07:58:47,k1-rvv-only,"GEMM_RVV_FP32_INT8_8x4_Baseline","RVV_IGEMM_INT8_I8I32_8x4","igemm_kernel_8x4_zvl256b_lmulmf4_unroll1_i8i32",8x4,256b,mf4,1,INT8_RVV,4-7,4,4,1024,1024,1024,32,4,OK,0,NONE,0.177973833,GOPS,12.066289,parallel_tiles_including_required_packing,DISABLED,0,0,"0:cpu4:tiles8;1:cpu5:tiles8;2:cpu6:tiles8;3:cpu7:tiles8","NA",static,0,"NA","NA","/home/bananapi/MAT/kernels riscv rvv 1.0/FINAL/riscv-rvv-ime-gemm-microkernels-updated/HETEROGENEOUS_RVV_IME_OPENMP_GEMM/results/openmp_results_k1-rvv-only_1024_20260904_074523/raw_logs/GEMM_RVV_FP32_INT8_8x4_Baseline_RVV_IGEMM_INT8_I8I32_8x4_igemm_kernel_8x4_zvl256b_lmulmf4_unroll1_i8i32_run4.log",NA,NA,NA,NA,NA,NA,NA
2026-09-04T07:58:48,k1-rvv-only,"GEMM_RVV_FP32_INT8_8x4_Baseline","RVV_IGEMM_INT8_I8I32_8x4","igemm_kernel_8x4_zvl256b_lmulmf4_unroll1_i8i32",8x4,256b,mf4,1,INT8_RVV,4-7,4,4,1024,1024,1024,32,5,OK,0,NONE,0.175728377,GOPS,12.220472,parallel_tiles_including_required_packing,DISABLED,0,0,"0:cpu4:tiles8;1:cpu5:tiles8;2:cpu6:tiles8;3:cpu7:tiles8","NA",static,0,"NA","NA","/home/bananapi/MAT/kernels riscv rvv 1.0/FINAL/riscv-rvv-ime-gemm-microkernels-updated/HETEROGENEOUS_RVV_IME_OPENMP_GEMM/results/openmp_results_k1-rvv-only_1024_20260904_074523/raw_logs/GEMM_RVV_FP32_INT8_8x4_Baseline_RVV_IGEMM_INT8_I8I32_8x4_igemm_kernel_8x4_zvl256b_lmulmf4_unroll1_i8i32_run5.log",NA,NA,NA,NA,NA,NA,NA
2026-09-04T07:58:48,k1-rvv-only,"GEMM_RVV_FP32_INT8_8x4_Baseline","RVV_IGEMM_INT8_I8I32_8x4","igemm_kernel_8x4_zvl256b_lmulmf4_unroll1_i8i32",8x4,256b,mf4,1,INT8_RVV,4-7,4,4,1024,1024,1024,32,6,OK,0,NONE,0.174623251,GOPS,12.297810,parallel_tiles_including_required_packing,DISABLED,0,0,"0:cpu4:tiles8;1:cpu5:tiles8;2:cpu6:tiles8;3:cpu7:tiles8","NA",static,0,"NA","NA","/home/bananapi/MAT/kernels riscv rvv 1.0/FINAL/riscv-rvv-ime-gemm-microkernels-updated/HETEROGENEOUS_RVV_IME_OPENMP_GEMM/results/openmp_results_k1-rvv-only_1024_20260904_074523/raw_logs/GEMM_RVV_FP32_INT8_8x4_Baseline_RVV_IGEMM_INT8_I8I32_8x4_igemm_kernel_8x4_zvl256b_lmulmf4_unroll1_i8i32_run6.log",NA,NA,NA,NA,NA,NA,NA
2026-09-04T07:59:45,k1-rvv-only,"GEMM_RVV_FP32_INT8_8x4_Baseline","RVV_IGEMM_INT8_I8I32_8x4","igemm_kernel_8x4_zvl256b_lmulmf4_unroll2_i8i32",8x4,256b,mf4,2,INT8_RVV,4-7,4,4,1024,1024,1024,32,1,OK,0,NONE,0.166302085,GOPS,12.913149,parallel_tiles_including_required_packing,INDEPENDENT_INT64_REFERENCE_EXACT_INT32,0,0,"0:cpu4:tiles8;1:cpu5:tiles8;2:cpu6:tiles8;3:cpu7:tiles8","NA",static,0,"NA","NA","/home/bananapi/MAT/kernels riscv rvv 1.0/FINAL/riscv-rvv-ime-gemm-microkernels-updated/HETEROGENEOUS_RVV_IME_OPENMP_GEMM/results/openmp_results_k1-rvv-only_1024_20260904_074523/raw_logs/GEMM_RVV_FP32_INT8_8x4_Baseline_RVV_IGEMM_INT8_I8I32_8x4_igemm_kernel_8x4_zvl256b_lmulmf4_unroll2_i8i32_run1.log",NA,NA,NA,NA,NA,NA,NA
2026-09-04T07:59:46,k1-rvv-only,"GEMM_RVV_FP32_INT8_8x4_Baseline","RVV_IGEMM_INT8_I8I32_8x4","igemm_kernel_8x4_zvl256b_lmulmf4_unroll2_i8i32",8x4,256b,mf4,2,INT8_RVV,4-7,4,4,1024,1024,1024,32,2,OK,0,NONE,0.161892336,GOPS,13.264888,parallel_tiles_including_required_packing,DISABLED,0,0,"0:cpu4:tiles8;1:cpu5:tiles8;2:cpu6:tiles8;3:cpu7:tiles8","NA",static,0,"NA","NA","/home/bananapi/MAT/kernels riscv rvv 1.0/FINAL/riscv-rvv-ime-gemm-microkernels-updated/HETEROGENEOUS_RVV_IME_OPENMP_GEMM/results/openmp_results_k1-rvv-only_1024_20260904_074523/raw_logs/GEMM_RVV_FP32_INT8_8x4_Baseline_RVV_IGEMM_INT8_I8I32_8x4_igemm_kernel_8x4_zvl256b_lmulmf4_unroll2_i8i32_run2.log",NA,NA,NA,NA,NA,NA,NA
2026-09-04T07:59:46,k1-rvv-only,"GEMM_RVV_FP32_INT8_8x4_Baseline","RVV_IGEMM_INT8_I8I32_8x4","igemm_kernel_8x4_zvl256b_lmulmf4_unroll2_i8i32",8x4,256b,mf4,2,INT8_RVV,4-7,4,4,1024,1024,1024,32,3,OK,0,NONE,0.165475544,GOPS,12.977650,parallel_tiles_including_required_packing,DISABLED,0,0,"0:cpu4:tiles8;1:cpu5:tiles8;2:cpu6:tiles8;3:cpu7:tiles8","NA",static,0,"NA","NA","/home/bananapi/MAT/kernels riscv rvv 1.0/FINAL/riscv-rvv-ime-gemm-microkernels-updated/HETEROGENEOUS_RVV_IME_OPENMP_GEMM/results/openmp_results_k1-rvv-only_1024_20260904_074523/raw_logs/GEMM_RVV_FP32_INT8_8x4_Baseline_RVV_IGEMM_INT8_I8I32_8x4_igemm_kernel_8x4_zvl256b_lmulmf4_unroll2_i8i32_run3.log",NA,NA,NA,NA,NA,NA,NA
2026-09-04T07:59:47,k1-rvv-only,"GEMM_RVV_FP32_INT8_8x4_Baseline","RVV_IGEMM_INT8_I8I32_8x4","igemm_kernel_8x4_zvl256b_lmulmf4_unroll2_i8i32",8x4,256b,mf4,2,INT8_RVV,4-7,4,4,1024,1024,1024,32,4,OK,0,NONE,0.163955793,GOPS,13.097943,parallel_tiles_including_required_packing,DISABLED,0,0,"0:cpu4:tiles8;1:cpu5:tiles8;2:cpu6:tiles8;3:cpu7:tiles8","NA",static,0,"NA","NA","/home/bananapi/MAT/kernels riscv rvv 1.0/FINAL/riscv-rvv-ime-gemm-microkernels-updated/HETEROGENEOUS_RVV_IME_OPENMP_GEMM/results/openmp_results_k1-rvv-only_1024_20260904_074523/raw_logs/GEMM_RVV_FP32_INT8_8x4_Baseline_RVV_IGEMM_INT8_I8I32_8x4_igemm_kernel_8x4_zvl256b_lmulmf4_unroll2_i8i32_run4.log",NA,NA,NA,NA,NA,NA,NA
2026-09-04T07:59:48,k1-rvv-only,"GEMM_RVV_FP32_INT8_8x4_Baseline","RVV_IGEMM_INT8_I8I32_8x4","igemm_kernel_8x4_zvl256b_lmulmf4_unroll2_i8i32",8x4,256b,mf4,2,INT8_RVV,4-7,4,4,1024,1024,1024,32,5,OK,0,NONE,0.163260538,GOPS,13.153721,parallel_tiles_including_required_packing,DISABLED,0,0,"0:cpu4:tiles8;1:cpu5:tiles8;2:cpu6:tiles8;3:cpu7:tiles8","NA",static,0,"NA","NA","/home/bananapi/MAT/kernels riscv rvv 1.0/FINAL/riscv-rvv-ime-gemm-microkernels-updated/HETEROGENEOUS_RVV_IME_OPENMP_GEMM/results/openmp_results_k1-rvv-only_1024_20260904_074523/raw_logs/GEMM_RVV_FP32_INT8_8x4_Baseline_RVV_IGEMM_INT8_I8I32_8x4_igemm_kernel_8x4_zvl256b_lmulmf4_unroll2_i8i32_run5.log",NA,NA,NA,NA,NA,NA,NA
2026-09-04T07:59:48,k1-rvv-only,"GEMM_RVV_FP32_INT8_8x4_Baseline","RVV_IGEMM_INT8_I8I32_8x4","igemm_kernel_8x4_zvl256b_lmulmf4_unroll2_i8i32",8x4,256b,mf4,2,INT8_RVV,4-7,4,4,1024,1024,1024,32,6,OK,0,NONE,0.164666917,GOPS,13.041379,parallel_tiles_including_required_packing,DISABLED,0,0,"0:cpu4:tiles8;1:cpu5:tiles8;2:cpu6:tiles8;3:cpu7:tiles8","NA",static,0,"NA","NA","/home/bananapi/MAT/kernels riscv rvv 1.0/FINAL/riscv-rvv-ime-gemm-microkernels-updated/HETEROGENEOUS_RVV_IME_OPENMP_GEMM/results/openmp_results_k1-rvv-only_1024_20260904_074523/raw_logs/GEMM_RVV_FP32_INT8_8x4_Baseline_RVV_IGEMM_INT8_I8I32_8x4_igemm_kernel_8x4_zvl256b_lmulmf4_unroll2_i8i32_run6.log",NA,NA,NA,NA,NA,NA,NA
2026-09-04T08:00:46,k1-rvv-only,"GEMM_RVV_FP32_INT8_8x4_Baseline","RVV_IGEMM_INT8_I8I32_8x4","igemm_kernel_8x4_zvl256b_lmulmf4_unroll4_i8i32",8x4,256b,mf4,4,INT8_RVV,4-7,4,4,1024,1024,1024,32,1,OK,0,NONE,0.167485084,GOPS,12.821940,parallel_tiles_including_required_packing,INDEPENDENT_INT64_REFERENCE_EXACT_INT32,0,0,"0:cpu4:tiles8;1:cpu5:tiles8;2:cpu6:tiles8;3:cpu7:tiles8","NA",static,0,"NA","NA","/home/bananapi/MAT/kernels riscv rvv 1.0/FINAL/riscv-rvv-ime-gemm-microkernels-updated/HETEROGENEOUS_RVV_IME_OPENMP_GEMM/results/openmp_results_k1-rvv-only_1024_20260904_074523/raw_logs/GEMM_RVV_FP32_INT8_8x4_Baseline_RVV_IGEMM_INT8_I8I32_8x4_igemm_kernel_8x4_zvl256b_lmulmf4_unroll4_i8i32_run1.log",NA,NA,NA,NA,NA,NA,NA
2026-09-04T08:00:47,k1-rvv-only,"GEMM_RVV_FP32_INT8_8x4_Baseline","RVV_IGEMM_INT8_I8I32_8x4","igemm_kernel_8x4_zvl256b_lmulmf4_unroll4_i8i32",8x4,256b,mf4,4,INT8_RVV,4-7,4,4,1024,1024,1024,32,2,OK,0,NONE,0.170230664,GOPS,12.615140,parallel_tiles_including_required_packing,DISABLED,0,0,"0:cpu4:tiles8;1:cpu5:tiles8;2:cpu6:tiles8;3:cpu7:tiles8","NA",static,0,"NA","NA","/home/bananapi/MAT/kernels riscv rvv 1.0/FINAL/riscv-rvv-ime-gemm-microkernels-updated/HETEROGENEOUS_RVV_IME_OPENMP_GEMM/results/openmp_results_k1-rvv-only_1024_20260904_074523/raw_logs/GEMM_RVV_FP32_INT8_8x4_Baseline_RVV_IGEMM_INT8_I8I32_8x4_igemm_kernel_8x4_zvl256b_lmulmf4_unroll4_i8i32_run2.log",NA,NA,NA,NA,NA,NA,NA
2026-09-04T08:00:47,k1-rvv-only,"GEMM_RVV_FP32_INT8_8x4_Baseline","RVV_IGEMM_INT8_I8I32_8x4","igemm_kernel_8x4_zvl256b_lmulmf4_unroll4_i8i32",8x4,256b,mf4,4,INT8_RVV,4-7,4,4,1024,1024,1024,32,3,OK,0,NONE,0.168750957,GOPS,12.725757,parallel_tiles_including_required_packing,DISABLED,0,0,"0:cpu4:tiles8;1:cpu5:tiles8;2:cpu6:tiles8;3:cpu7:tiles8","NA",static,0,"NA","NA","/home/bananapi/MAT/kernels riscv rvv 1.0/FINAL/riscv-rvv-ime-gemm-microkernels-updated/HETEROGENEOUS_RVV_IME_OPENMP_GEMM/results/openmp_results_k1-rvv-only_1024_20260904_074523/raw_logs/GEMM_RVV_FP32_INT8_8x4_Baseline_RVV_IGEMM_INT8_I8I32_8x4_igemm_kernel_8x4_zvl256b_lmulmf4_unroll4_i8i32_run3.log",NA,NA,NA,NA,NA,NA,NA
2026-09-04T08:00:48,k1-rvv-only,"GEMM_RVV_FP32_INT8_8x4_Baseline","RVV_IGEMM_INT8_I8I32_8x4","igemm_kernel_8x4_zvl256b_lmulmf4_unroll4_i8i32",8x4,256b,mf4,4,INT8_RVV,4-7,4,4,1024,1024,1024,32,4,OK,0,NONE,0.167461291,GOPS,12.823761,parallel_tiles_including_required_packing,DISABLED,0,0,"0:cpu4:tiles8;1:cpu5:tiles8;2:cpu6:tiles8;3:cpu7:tiles8","NA",static,0,"NA","NA","/home/bananapi/MAT/kernels riscv rvv 1.0/FINAL/riscv-rvv-ime-gemm-microkernels-updated/HETEROGENEOUS_RVV_IME_OPENMP_GEMM/results/openmp_results_k1-rvv-only_1024_20260904_074523/raw_logs/GEMM_RVV_FP32_INT8_8x4_Baseline_RVV_IGEMM_INT8_I8I32_8x4_igemm_kernel_8x4_zvl256b_lmulmf4_unroll4_i8i32_run4.log",NA,NA,NA,NA,NA,NA,NA
2026-09-04T08:00:49,k1-rvv-only,"GEMM_RVV_FP32_INT8_8x4_Baseline","RVV_IGEMM_INT8_I8I32_8x4","igemm_kernel_8x4_zvl256b_lmulmf4_unroll4_i8i32",8x4,256b,mf4,4,INT8_RVV,4-7,4,4,1024,1024,1024,32,5,OK,0,NONE,0.170634542,GOPS,12.585281,parallel_tiles_including_required_packing,DISABLED,0,0,"0:cpu4:tiles8;1:cpu5:tiles8;2:cpu6:tiles8;3:cpu7:tiles8","NA",static,0,"NA","NA","/home/bananapi/MAT/kernels riscv rvv 1.0/FINAL/riscv-rvv-ime-gemm-microkernels-updated/HETEROGENEOUS_RVV_IME_OPENMP_GEMM/results/openmp_results_k1-rvv-only_1024_20260904_074523/raw_logs/GEMM_RVV_FP32_INT8_8x4_Baseline_RVV_IGEMM_INT8_I8I32_8x4_igemm_kernel_8x4_zvl256b_lmulmf4_unroll4_i8i32_run5.log",NA,NA,NA,NA,NA,NA,NA
2026-09-04T08:00:49,k1-rvv-only,"GEMM_RVV_FP32_INT8_8x4_Baseline","RVV_IGEMM_INT8_I8I32_8x4","igemm_kernel_8x4_zvl256b_lmulmf4_unroll4_i8i32",8x4,256b,mf4,4,INT8_RVV,4-7,4,4,1024,1024,1024,32,6,OK,0,NONE,0.169509459,GOPS,12.668813,parallel_tiles_including_required_packing,DISABLED,0,0,"0:cpu4:tiles8;1:cpu5:tiles8;2:cpu6:tiles8;3:cpu7:tiles8","NA",static,0,"NA","NA","/home/bananapi/MAT/kernels riscv rvv 1.0/FINAL/riscv-rvv-ime-gemm-microkernels-updated/HETEROGENEOUS_RVV_IME_OPENMP_GEMM/results/openmp_results_k1-rvv-only_1024_20260904_074523/raw_logs/GEMM_RVV_FP32_INT8_8x4_Baseline_RVV_IGEMM_INT8_I8I32_8x4_igemm_kernel_8x4_zvl256b_lmulmf4_unroll4_i8i32_run6.log",NA,NA,NA,NA,NA,NA,NA
2026-09-04T08:01:31,k1-rvv-only,"GEMM_RVV_FP32_INT8_8x4_Baseline","RVV_IGEMM_INT8_I8I32_8x4","igemm_kernel_8x4_zvl256b_lmulmf4_unroll8_i8i32",8x4,256b,mf4,8,INT8_RVV,4-7,4,4,1024,1024,1024,32,1,OK,0,NONE,0.168202832,GOPS,12.767226,parallel_tiles_including_required_packing,INDEPENDENT_INT64_REFERENCE_EXACT_INT32,0,0,"0:cpu4:tiles8;1:cpu5:tiles8;2:cpu6:tiles8;3:cpu7:tiles8","NA",static,0,"NA","NA","/home/bananapi/MAT/kernels riscv rvv 1.0/FINAL/riscv-rvv-ime-gemm-microkernels-updated/HETEROGENEOUS_RVV_IME_OPENMP_GEMM/results/openmp_results_k1-rvv-only_1024_20260904_074523/raw_logs/GEMM_RVV_FP32_INT8_8x4_Baseline_RVV_IGEMM_INT8_I8I32_8x4_igemm_kernel_8x4_zvl256b_lmulmf4_unroll8_i8i32_run1.log",NA,NA,NA,NA,NA,NA,NA
2026-09-04T08:01:32,k1-rvv-only,"GEMM_RVV_FP32_INT8_8x4_Baseline","RVV_IGEMM_INT8_I8I32_8x4","igemm_kernel_8x4_zvl256b_lmulmf4_unroll8_i8i32",8x4,256b,mf4,8,INT8_RVV,4-7,4,4,1024,1024,1024,32,2,OK,0,NONE,0.167737875,GOPS,12.802616,parallel_tiles_including_required_packing,DISABLED,0,0,"0:cpu4:tiles8;1:cpu5:tiles8;2:cpu6:tiles8;3:cpu7:tiles8","NA",static,0,"NA","NA","/home/bananapi/MAT/kernels riscv rvv 1.0/FINAL/riscv-rvv-ime-gemm-microkernels-updated/HETEROGENEOUS_RVV_IME_OPENMP_GEMM/results/openmp_results_k1-rvv-only_1024_20260904_074523/raw_logs/GEMM_RVV_FP32_INT8_8x4_Baseline_RVV_IGEMM_INT8_I8I32_8x4_igemm_kernel_8x4_zvl256b_lmulmf4_unroll8_i8i32_run2.log",NA,NA,NA,NA,NA,NA,NA
2026-09-04T08:01:33,k1-rvv-only,"GEMM_RVV_FP32_INT8_8x4_Baseline","RVV_IGEMM_INT8_I8I32_8x4","igemm_kernel_8x4_zvl256b_lmulmf4_unroll8_i8i32",8x4,256b,mf4,8,INT8_RVV,4-7,4,4,1024,1024,1024,32,3,OK,0,NONE,0.167366002,GOPS,12.831063,parallel_tiles_including_required_packing,DISABLED,0,0,"0:cpu4:tiles8;1:cpu5:tiles8;2:cpu6:tiles8;3:cpu7:tiles8","NA",static,0,"NA","NA","/home/bananapi/MAT/kernels riscv rvv 1.0/FINAL/riscv-rvv-ime-gemm-microkernels-updated/HETEROGENEOUS_RVV_IME_OPENMP_GEMM/results/openmp_results_k1-rvv-only_1024_20260904_074523/raw_logs/GEMM_RVV_FP32_INT8_8x4_Baseline_RVV_IGEMM_INT8_I8I32_8x4_igemm_kernel_8x4_zvl256b_lmulmf4_unroll8_i8i32_run3.log",NA,NA,NA,NA,NA,NA,NA
2026-09-04T08:01:33,k1-rvv-only,"GEMM_RVV_FP32_INT8_8x4_Baseline","RVV_IGEMM_INT8_I8I32_8x4","igemm_kernel_8x4_zvl256b_lmulmf4_unroll8_i8i32",8x4,256b,mf4,8,INT8_RVV,4-7,4,4,1024,1024,1024,32,4,OK,0,NONE,0.168584835,GOPS,12.738297,parallel_tiles_including_required_packing,DISABLED,0,0,"0:cpu4:tiles8;1:cpu5:tiles8;2:cpu6:tiles8;3:cpu7:tiles8","NA",static,0,"NA","NA","/home/bananapi/MAT/kernels riscv rvv 1.0/FINAL/riscv-rvv-ime-gemm-microkernels-updated/HETEROGENEOUS_RVV_IME_OPENMP_GEMM/results/openmp_results_k1-rvv-only_1024_20260904_074523/raw_logs/GEMM_RVV_FP32_INT8_8x4_Baseline_RVV_IGEMM_INT8_I8I32_8x4_igemm_kernel_8x4_zvl256b_lmulmf4_unroll8_i8i32_run4.log",NA,NA,NA,NA,NA,NA,NA
2026-09-04T08:01:34,k1-rvv-only,"GEMM_RVV_FP32_INT8_8x4_Baseline","RVV_IGEMM_INT8_I8I32_8x4","igemm_kernel_8x4_zvl256b_lmulmf4_unroll8_i8i32",8x4,256b,mf4,8,INT8_RVV,4-7,4,4,1024,1024,1024,32,5,OK,0,NONE,0.168325458,GOPS,12.757925,parallel_tiles_including_required_packing,DISABLED,0,0,"0:cpu4:tiles8;1:cpu5:tiles8;2:cpu6:tiles8;3:cpu7:tiles8","NA",static,0,"NA","NA","/home/bananapi/MAT/kernels riscv rvv 1.0/FINAL/riscv-rvv-ime-gemm-microkernels-updated/HETEROGENEOUS_RVV_IME_OPENMP_GEMM/results/openmp_results_k1-rvv-only_1024_20260904_074523/raw_logs/GEMM_RVV_FP32_INT8_8x4_Baseline_RVV_IGEMM_INT8_I8I32_8x4_igemm_kernel_8x4_zvl256b_lmulmf4_unroll8_i8i32_run5.log",NA,NA,NA,NA,NA,NA,NA
2026-09-04T08:01:35,k1-rvv-only,"GEMM_RVV_FP32_INT8_8x4_Baseline","RVV_IGEMM_INT8_I8I32_8x4","igemm_kernel_8x4_zvl256b_lmulmf4_unroll8_i8i32",8x4,256b,mf4,8,INT8_RVV,4-7,4,4,1024,1024,1024,32,6,OK,0,NONE,0.168254040,GOPS,12.763341,parallel_tiles_including_required_packing,DISABLED,0,0,"0:cpu4:tiles8;1:cpu5:tiles8;2:cpu6:tiles8;3:cpu7:tiles8","NA",static,0,"NA","NA","/home/bananapi/MAT/kernels riscv rvv 1.0/FINAL/riscv-rvv-ime-gemm-microkernels-updated/HETEROGENEOUS_RVV_IME_OPENMP_GEMM/results/openmp_results_k1-rvv-only_1024_20260904_074523/raw_logs/GEMM_RVV_FP32_INT8_8x4_Baseline_RVV_IGEMM_INT8_I8I32_8x4_igemm_kernel_8x4_zvl256b_lmulmf4_unroll8_i8i32_run6.log",NA,NA,NA,NA,NA,NA,NA
2026-09-04T08:02:15,k1-rvv-only,"GEMM_RVV_FP32_INT8_8x4_Baseline","RVV_IGEMM_INT8_I8I32_8x4","igemm_kernel_8x4_zvl256b_lmulmf8_unroll1_i8i32",8x4,256b,mf8,1,INT8_RVV,4-7,4,4,1024,1024,1024,32,1,OK,0,NONE,0.170266040,GOPS,12.612519,parallel_tiles_including_required_packing,INDEPENDENT_INT64_REFERENCE_EXACT_INT32,0,0,"0:cpu4:tiles8;1:cpu5:tiles8;2:cpu6:tiles8;3:cpu7:tiles8","NA",static,0,"NA","NA","/home/bananapi/MAT/kernels riscv rvv 1.0/FINAL/riscv-rvv-ime-gemm-microkernels-updated/HETEROGENEOUS_RVV_IME_OPENMP_GEMM/results/openmp_results_k1-rvv-only_1024_20260904_074523/raw_logs/GEMM_RVV_FP32_INT8_8x4_Baseline_RVV_IGEMM_INT8_I8I32_8x4_igemm_kernel_8x4_zvl256b_lmulmf8_unroll1_i8i32_run1.log",NA,NA,NA,NA,NA,NA,NA
2026-09-04T08:02:16,k1-rvv-only,"GEMM_RVV_FP32_INT8_8x4_Baseline","RVV_IGEMM_INT8_I8I32_8x4","igemm_kernel_8x4_zvl256b_lmulmf8_unroll1_i8i32",8x4,256b,mf8,1,INT8_RVV,4-7,4,4,1024,1024,1024,32,2,OK,0,NONE,0.165904041,GOPS,12.944131,parallel_tiles_including_required_packing,DISABLED,0,0,"0:cpu4:tiles8;1:cpu5:tiles8;2:cpu6:tiles8;3:cpu7:tiles8","NA",static,0,"NA","NA","/home/bananapi/MAT/kernels riscv rvv 1.0/FINAL/riscv-rvv-ime-gemm-microkernels-updated/HETEROGENEOUS_RVV_IME_OPENMP_GEMM/results/openmp_results_k1-rvv-only_1024_20260904_074523/raw_logs/GEMM_RVV_FP32_INT8_8x4_Baseline_RVV_IGEMM_INT8_I8I32_8x4_igemm_kernel_8x4_zvl256b_lmulmf8_unroll1_i8i32_run2.log",NA,NA,NA,NA,NA,NA,NA
2026-09-04T08:02:16,k1-rvv-only,"GEMM_RVV_FP32_INT8_8x4_Baseline","RVV_IGEMM_INT8_I8I32_8x4","igemm_kernel_8x4_zvl256b_lmulmf8_unroll1_i8i32",8x4,256b,mf8,1,INT8_RVV,4-7,4,4,1024,1024,1024,32,3,OK,0,NONE,0.166543752,GOPS,12.894411,parallel_tiles_including_required_packing,DISABLED,0,0,"0:cpu4:tiles8;1:cpu5:tiles8;2:cpu6:tiles8;3:cpu7:tiles8","NA",static,0,"NA","NA","/home/bananapi/MAT/kernels riscv rvv 1.0/FINAL/riscv-rvv-ime-gemm-microkernels-updated/HETEROGENEOUS_RVV_IME_OPENMP_GEMM/results/openmp_results_k1-rvv-only_1024_20260904_074523/raw_logs/GEMM_RVV_FP32_INT8_8x4_Baseline_RVV_IGEMM_INT8_I8I32_8x4_igemm_kernel_8x4_zvl256b_lmulmf8_unroll1_i8i32_run3.log",NA,NA,NA,NA,NA,NA,NA
2026-09-04T08:02:17,k1-rvv-only,"GEMM_RVV_FP32_INT8_8x4_Baseline","RVV_IGEMM_INT8_I8I32_8x4","igemm_kernel_8x4_zvl256b_lmulmf8_unroll1_i8i32",8x4,256b,mf8,1,INT8_RVV,4-7,4,4,1024,1024,1024,32,4,OK,0,NONE,0.167435378,GOPS,12.825746,parallel_tiles_including_required_packing,DISABLED,0,0,"0:cpu4:tiles8;1:cpu5:tiles8;2:cpu6:tiles8;3:cpu7:tiles8","NA",static,0,"NA","NA","/home/bananapi/MAT/kernels riscv rvv 1.0/FINAL/riscv-rvv-ime-gemm-microkernels-updated/HETEROGENEOUS_RVV_IME_OPENMP_GEMM/results/openmp_results_k1-rvv-only_1024_20260904_074523/raw_logs/GEMM_RVV_FP32_INT8_8x4_Baseline_RVV_IGEMM_INT8_I8I32_8x4_igemm_kernel_8x4_zvl256b_lmulmf8_unroll1_i8i32_run4.log",NA,NA,NA,NA,NA,NA,NA
2026-09-04T08:02:18,k1-rvv-only,"GEMM_RVV_FP32_INT8_8x4_Baseline","RVV_IGEMM_INT8_I8I32_8x4","igemm_kernel_8x4_zvl256b_lmulmf8_unroll1_i8i32",8x4,256b,mf8,1,INT8_RVV,4-7,4,4,1024,1024,1024,32,5,OK,0,NONE,0.166925125,GOPS,12.864952,parallel_tiles_including_required_packing,DISABLED,0,0,"0:cpu4:tiles8;1:cpu5:tiles8;2:cpu6:tiles8;3:cpu7:tiles8","NA",static,0,"NA","NA","/home/bananapi/MAT/kernels riscv rvv 1.0/FINAL/riscv-rvv-ime-gemm-microkernels-updated/HETEROGENEOUS_RVV_IME_OPENMP_GEMM/results/openmp_results_k1-rvv-only_1024_20260904_074523/raw_logs/GEMM_RVV_FP32_INT8_8x4_Baseline_RVV_IGEMM_INT8_I8I32_8x4_igemm_kernel_8x4_zvl256b_lmulmf8_unroll1_i8i32_run5.log",NA,NA,NA,NA,NA,NA,NA
2026-09-04T08:02:18,k1-rvv-only,"GEMM_RVV_FP32_INT8_8x4_Baseline","RVV_IGEMM_INT8_I8I32_8x4","igemm_kernel_8x4_zvl256b_lmulmf8_unroll1_i8i32",8x4,256b,mf8,1,INT8_RVV,4-7,4,4,1024,1024,1024,32,6,OK,0,NONE,0.165955000,GOPS,12.940156,parallel_tiles_including_required_packing,DISABLED,0,0,"0:cpu4:tiles8;1:cpu5:tiles8;2:cpu6:tiles8;3:cpu7:tiles8","NA",static,0,"NA","NA","/home/bananapi/MAT/kernels riscv rvv 1.0/FINAL/riscv-rvv-ime-gemm-microkernels-updated/HETEROGENEOUS_RVV_IME_OPENMP_GEMM/results/openmp_results_k1-rvv-only_1024_20260904_074523/raw_logs/GEMM_RVV_FP32_INT8_8x4_Baseline_RVV_IGEMM_INT8_I8I32_8x4_igemm_kernel_8x4_zvl256b_lmulmf8_unroll1_i8i32_run6.log",NA,NA,NA,NA,NA,NA,NA
2026-09-04T08:03:14,k1-rvv-only,"GEMM_RVV_FP32_INT8_8x4_Baseline","RVV_IGEMM_INT8_I8I32_8x4","igemm_kernel_8x4_zvl256b_lmulmf8_unroll2_i8i32",8x4,256b,mf8,2,INT8_RVV,4-7,4,4,1024,1024,1024,32,1,OK,0,NONE,0.158496790,GOPS,13.549067,parallel_tiles_including_required_packing,INDEPENDENT_INT64_REFERENCE_EXACT_INT32,0,0,"0:cpu4:tiles8;1:cpu5:tiles8;2:cpu6:tiles8;3:cpu7:tiles8","NA",static,0,"NA","NA","/home/bananapi/MAT/kernels riscv rvv 1.0/FINAL/riscv-rvv-ime-gemm-microkernels-updated/HETEROGENEOUS_RVV_IME_OPENMP_GEMM/results/openmp_results_k1-rvv-only_1024_20260904_074523/raw_logs/GEMM_RVV_FP32_INT8_8x4_Baseline_RVV_IGEMM_INT8_I8I32_8x4_igemm_kernel_8x4_zvl256b_lmulmf8_unroll2_i8i32_run1.log",NA,NA,NA,NA,NA,NA,NA
2026-09-04T08:03:15,k1-rvv-only,"GEMM_RVV_FP32_INT8_8x4_Baseline","RVV_IGEMM_INT8_I8I32_8x4","igemm_kernel_8x4_zvl256b_lmulmf8_unroll2_i8i32",8x4,256b,mf8,2,INT8_RVV,4-7,4,4,1024,1024,1024,32,2,OK,0,NONE,0.161141541,GOPS,13.326692,parallel_tiles_including_required_packing,DISABLED,0,0,"0:cpu4:tiles8;1:cpu5:tiles8;2:cpu6:tiles8;3:cpu7:tiles8","NA",static,0,"NA","NA","/home/bananapi/MAT/kernels riscv rvv 1.0/FINAL/riscv-rvv-ime-gemm-microkernels-updated/HETEROGENEOUS_RVV_IME_OPENMP_GEMM/results/openmp_results_k1-rvv-only_1024_20260904_074523/raw_logs/GEMM_RVV_FP32_INT8_8x4_Baseline_RVV_IGEMM_INT8_I8I32_8x4_igemm_kernel_8x4_zvl256b_lmulmf8_unroll2_i8i32_run2.log",NA,NA,NA,NA,NA,NA,NA
2026-09-04T08:03:15,k1-rvv-only,"GEMM_RVV_FP32_INT8_8x4_Baseline","RVV_IGEMM_INT8_I8I32_8x4","igemm_kernel_8x4_zvl256b_lmulmf8_unroll2_i8i32",8x4,256b,mf8,2,INT8_RVV,4-7,4,4,1024,1024,1024,32,3,OK,0,NONE,0.157540001,GOPS,13.631355,parallel_tiles_including_required_packing,DISABLED,0,0,"0:cpu4:tiles8;1:cpu5:tiles8;2:cpu6:tiles8;3:cpu7:tiles8","NA",static,0,"NA","NA","/home/bananapi/MAT/kernels riscv rvv 1.0/FINAL/riscv-rvv-ime-gemm-microkernels-updated/HETEROGENEOUS_RVV_IME_OPENMP_GEMM/results/openmp_results_k1-rvv-only_1024_20260904_074523/raw_logs/GEMM_RVV_FP32_INT8_8x4_Baseline_RVV_IGEMM_INT8_I8I32_8x4_igemm_kernel_8x4_zvl256b_lmulmf8_unroll2_i8i32_run3.log",NA,NA,NA,NA,NA,NA,NA
2026-09-04T08:03:16,k1-rvv-only,"GEMM_RVV_FP32_INT8_8x4_Baseline","RVV_IGEMM_INT8_I8I32_8x4","igemm_kernel_8x4_zvl256b_lmulmf8_unroll2_i8i32",8x4,256b,mf8,2,INT8_RVV,4-7,4,4,1024,1024,1024,32,4,OK,0,NONE,0.159775626,GOPS,13.440621,parallel_tiles_including_required_packing,DISABLED,0,0,"0:cpu4:tiles8;1:cpu5:tiles8;2:cpu6:tiles8;3:cpu7:tiles8","NA",static,0,"NA","NA","/home/bananapi/MAT/kernels riscv rvv 1.0/FINAL/riscv-rvv-ime-gemm-microkernels-updated/HETEROGENEOUS_RVV_IME_OPENMP_GEMM/results/openmp_results_k1-rvv-only_1024_20260904_074523/raw_logs/GEMM_RVV_FP32_INT8_8x4_Baseline_RVV_IGEMM_INT8_I8I32_8x4_igemm_kernel_8x4_zvl256b_lmulmf8_unroll2_i8i32_run4.log",NA,NA,NA,NA,NA,NA,NA
2026-09-04T08:03:17,k1-rvv-only,"GEMM_RVV_FP32_INT8_8x4_Baseline","RVV_IGEMM_INT8_I8I32_8x4","igemm_kernel_8x4_zvl256b_lmulmf8_unroll2_i8i32",8x4,256b,mf8,2,INT8_RVV,4-7,4,4,1024,1024,1024,32,5,OK,0,NONE,0.160055958,GOPS,13.417080,parallel_tiles_including_required_packing,DISABLED,0,0,"0:cpu4:tiles8;1:cpu5:tiles8;2:cpu6:tiles8;3:cpu7:tiles8","NA",static,0,"NA","NA","/home/bananapi/MAT/kernels riscv rvv 1.0/FINAL/riscv-rvv-ime-gemm-microkernels-updated/HETEROGENEOUS_RVV_IME_OPENMP_GEMM/results/openmp_results_k1-rvv-only_1024_20260904_074523/raw_logs/GEMM_RVV_FP32_INT8_8x4_Baseline_RVV_IGEMM_INT8_I8I32_8x4_igemm_kernel_8x4_zvl256b_lmulmf8_unroll2_i8i32_run5.log",NA,NA,NA,NA,NA,NA,NA
2026-09-04T08:03:17,k1-rvv-only,"GEMM_RVV_FP32_INT8_8x4_Baseline","RVV_IGEMM_INT8_I8I32_8x4","igemm_kernel_8x4_zvl256b_lmulmf8_unroll2_i8i32",8x4,256b,mf8,2,INT8_RVV,4-7,4,4,1024,1024,1024,32,6,OK,0,NONE,0.158014666,GOPS,13.590407,parallel_tiles_including_required_packing,DISABLED,0,0,"0:cpu4:tiles8;1:cpu5:tiles8;2:cpu6:tiles8;3:cpu7:tiles8","NA",static,0,"NA","NA","/home/bananapi/MAT/kernels riscv rvv 1.0/FINAL/riscv-rvv-ime-gemm-microkernels-updated/HETEROGENEOUS_RVV_IME_OPENMP_GEMM/results/openmp_results_k1-rvv-only_1024_20260904_074523/raw_logs/GEMM_RVV_FP32_INT8_8x4_Baseline_RVV_IGEMM_INT8_I8I32_8x4_igemm_kernel_8x4_zvl256b_lmulmf8_unroll2_i8i32_run6.log",NA,NA,NA,NA,NA,NA,NA
2026-09-04T08:03:58,k1-rvv-only,"GEMM_RVV_FP32_INT8_8x4_Baseline","RVV_IGEMM_INT8_I8I32_8x4","igemm_kernel_8x4_zvl256b_lmulmf8_unroll4_i8i32",8x4,256b,mf8,4,INT8_RVV,4-7,4,4,1024,1024,1024,32,1,OK,0,NONE,0.161946502,GOPS,13.260451,parallel_tiles_including_required_packing,INDEPENDENT_INT64_REFERENCE_EXACT_INT32,0,0,"0:cpu4:tiles8;1:cpu5:tiles8;2:cpu6:tiles8;3:cpu7:tiles8","NA",static,0,"NA","NA","/home/bananapi/MAT/kernels riscv rvv 1.0/FINAL/riscv-rvv-ime-gemm-microkernels-updated/HETEROGENEOUS_RVV_IME_OPENMP_GEMM/results/openmp_results_k1-rvv-only_1024_20260904_074523/raw_logs/GEMM_RVV_FP32_INT8_8x4_Baseline_RVV_IGEMM_INT8_I8I32_8x4_igemm_kernel_8x4_zvl256b_lmulmf8_unroll4_i8i32_run1.log",NA,NA,NA,NA,NA,NA,NA
2026-09-04T08:03:59,k1-rvv-only,"GEMM_RVV_FP32_INT8_8x4_Baseline","RVV_IGEMM_INT8_I8I32_8x4","igemm_kernel_8x4_zvl256b_lmulmf8_unroll4_i8i32",8x4,256b,mf8,4,INT8_RVV,4-7,4,4,1024,1024,1024,32,2,OK,0,NONE,0.161327709,GOPS,13.311313,parallel_tiles_including_required_packing,DISABLED,0,0,"0:cpu4:tiles8;1:cpu5:tiles8;2:cpu6:tiles8;3:cpu7:tiles8","NA",static,0,"NA","NA","/home/bananapi/MAT/kernels riscv rvv 1.0/FINAL/riscv-rvv-ime-gemm-microkernels-updated/HETEROGENEOUS_RVV_IME_OPENMP_GEMM/results/openmp_results_k1-rvv-only_1024_20260904_074523/raw_logs/GEMM_RVV_FP32_INT8_8x4_Baseline_RVV_IGEMM_INT8_I8I32_8x4_igemm_kernel_8x4_zvl256b_lmulmf8_unroll4_i8i32_run2.log",NA,NA,NA,NA,NA,NA,NA
2026-09-04T08:03:59,k1-rvv-only,"GEMM_RVV_FP32_INT8_8x4_Baseline","RVV_IGEMM_INT8_I8I32_8x4","igemm_kernel_8x4_zvl256b_lmulmf8_unroll4_i8i32",8x4,256b,mf8,4,INT8_RVV,4-7,4,4,1024,1024,1024,32,3,OK,0,NONE,0.163177624,GOPS,13.160405,parallel_tiles_including_required_packing,DISABLED,0,0,"0:cpu4:tiles8;1:cpu5:tiles8;2:cpu6:tiles8;3:cpu7:tiles8","NA",static,0,"NA","NA","/home/bananapi/MAT/kernels riscv rvv 1.0/FINAL/riscv-rvv-ime-gemm-microkernels-updated/HETEROGENEOUS_RVV_IME_OPENMP_GEMM/results/openmp_results_k1-rvv-only_1024_20260904_074523/raw_logs/GEMM_RVV_FP32_INT8_8x4_Baseline_RVV_IGEMM_INT8_I8I32_8x4_igemm_kernel_8x4_zvl256b_lmulmf8_unroll4_i8i32_run3.log",NA,NA,NA,NA,NA,NA,NA
2026-09-04T08:04:00,k1-rvv-only,"GEMM_RVV_FP32_INT8_8x4_Baseline","RVV_IGEMM_INT8_I8I32_8x4","igemm_kernel_8x4_zvl256b_lmulmf8_unroll4_i8i32",8x4,256b,mf8,4,INT8_RVV,4-7,4,4,1024,1024,1024,32,4,OK,0,NONE,0.164034333,GOPS,13.091672,parallel_tiles_including_required_packing,DISABLED,0,0,"0:cpu4:tiles8;1:cpu5:tiles8;2:cpu6:tiles8;3:cpu7:tiles8","NA",static,0,"NA","NA","/home/bananapi/MAT/kernels riscv rvv 1.0/FINAL/riscv-rvv-ime-gemm-microkernels-updated/HETEROGENEOUS_RVV_IME_OPENMP_GEMM/results/openmp_results_k1-rvv-only_1024_20260904_074523/raw_logs/GEMM_RVV_FP32_INT8_8x4_Baseline_RVV_IGEMM_INT8_I8I32_8x4_igemm_kernel_8x4_zvl256b_lmulmf8_unroll4_i8i32_run4.log",NA,NA,NA,NA,NA,NA,NA
2026-09-04T08:04:01,k1-rvv-only,"GEMM_RVV_FP32_INT8_8x4_Baseline","RVV_IGEMM_INT8_I8I32_8x4","igemm_kernel_8x4_zvl256b_lmulmf8_unroll4_i8i32",8x4,256b,mf8,4,INT8_RVV,4-7,4,4,1024,1024,1024,32,5,OK,0,NONE,0.161365040,GOPS,13.308234,parallel_tiles_including_required_packing,DISABLED,0,0,"0:cpu4:tiles8;1:cpu5:tiles8;2:cpu6:tiles8;3:cpu7:tiles8","NA",static,0,"NA","NA","/home/bananapi/MAT/kernels riscv rvv 1.0/FINAL/riscv-rvv-ime-gemm-microkernels-updated/HETEROGENEOUS_RVV_IME_OPENMP_GEMM/results/openmp_results_k1-rvv-only_1024_20260904_074523/raw_logs/GEMM_RVV_FP32_INT8_8x4_Baseline_RVV_IGEMM_INT8_I8I32_8x4_igemm_kernel_8x4_zvl256b_lmulmf8_unroll4_i8i32_run5.log",NA,NA,NA,NA,NA,NA,NA
2026-09-04T08:04:01,k1-rvv-only,"GEMM_RVV_FP32_INT8_8x4_Baseline","RVV_IGEMM_INT8_I8I32_8x4","igemm_kernel_8x4_zvl256b_lmulmf8_unroll4_i8i32",8x4,256b,mf8,4,INT8_RVV,4-7,4,4,1024,1024,1024,32,6,OK,0,NONE,0.162744876,GOPS,13.195399,parallel_tiles_including_required_packing,DISABLED,0,0,"0:cpu4:tiles8;1:cpu5:tiles8;2:cpu6:tiles8;3:cpu7:tiles8","NA",static,0,"NA","NA","/home/bananapi/MAT/kernels riscv rvv 1.0/FINAL/riscv-rvv-ime-gemm-microkernels-updated/HETEROGENEOUS_RVV_IME_OPENMP_GEMM/results/openmp_results_k1-rvv-only_1024_20260904_074523/raw_logs/GEMM_RVV_FP32_INT8_8x4_Baseline_RVV_IGEMM_INT8_I8I32_8x4_igemm_kernel_8x4_zvl256b_lmulmf8_unroll4_i8i32_run6.log",NA,NA,NA,NA,NA,NA,NA
2026-09-04T08:04:59,k1-rvv-only,"GEMM_RVV_FP32_INT8_8x4_Baseline","RVV_IGEMM_INT8_I8I32_8x4","igemm_kernel_8x4_zvl256b_lmulmf8_unroll8_i8i32",8x4,256b,mf8,8,INT8_RVV,4-7,4,4,1024,1024,1024,32,1,OK,0,NONE,0.161993332,GOPS,13.256618,parallel_tiles_including_required_packing,INDEPENDENT_INT64_REFERENCE_EXACT_INT32,0,0,"0:cpu4:tiles8;1:cpu5:tiles8;2:cpu6:tiles8;3:cpu7:tiles8","NA",static,0,"NA","NA","/home/bananapi/MAT/kernels riscv rvv 1.0/FINAL/riscv-rvv-ime-gemm-microkernels-updated/HETEROGENEOUS_RVV_IME_OPENMP_GEMM/results/openmp_results_k1-rvv-only_1024_20260904_074523/raw_logs/GEMM_RVV_FP32_INT8_8x4_Baseline_RVV_IGEMM_INT8_I8I32_8x4_igemm_kernel_8x4_zvl256b_lmulmf8_unroll8_i8i32_run1.log",NA,NA,NA,NA,NA,NA,NA
2026-09-04T08:05:00,k1-rvv-only,"GEMM_RVV_FP32_INT8_8x4_Baseline","RVV_IGEMM_INT8_I8I32_8x4","igemm_kernel_8x4_zvl256b_lmulmf8_unroll8_i8i32",8x4,256b,mf8,8,INT8_RVV,4-7,4,4,1024,1024,1024,32,2,OK,0,NONE,0.165840957,GOPS,12.949055,parallel_tiles_including_required_packing,DISABLED,0,0,"0:cpu4:tiles8;1:cpu5:tiles8;2:cpu6:tiles8;3:cpu7:tiles8","NA",static,0,"NA","NA","/home/bananapi/MAT/kernels riscv rvv 1.0/FINAL/riscv-rvv-ime-gemm-microkernels-updated/HETEROGENEOUS_RVV_IME_OPENMP_GEMM/results/openmp_results_k1-rvv-only_1024_20260904_074523/raw_logs/GEMM_RVV_FP32_INT8_8x4_Baseline_RVV_IGEMM_INT8_I8I32_8x4_igemm_kernel_8x4_zvl256b_lmulmf8_unroll8_i8i32_run2.log",NA,NA,NA,NA,NA,NA,NA
2026-09-04T08:05:00,k1-rvv-only,"GEMM_RVV_FP32_INT8_8x4_Baseline","RVV_IGEMM_INT8_I8I32_8x4","igemm_kernel_8x4_zvl256b_lmulmf8_unroll8_i8i32",8x4,256b,mf8,8,INT8_RVV,4-7,4,4,1024,1024,1024,32,3,OK,0,NONE,0.163886961,GOPS,13.103444,parallel_tiles_including_required_packing,DISABLED,0,0,"0:cpu4:tiles8;1:cpu5:tiles8;2:cpu6:tiles8;3:cpu7:tiles8","NA",static,0,"NA","NA","/home/bananapi/MAT/kernels riscv rvv 1.0/FINAL/riscv-rvv-ime-gemm-microkernels-updated/HETEROGENEOUS_RVV_IME_OPENMP_GEMM/results/openmp_results_k1-rvv-only_1024_20260904_074523/raw_logs/GEMM_RVV_FP32_INT8_8x4_Baseline_RVV_IGEMM_INT8_I8I32_8x4_igemm_kernel_8x4_zvl256b_lmulmf8_unroll8_i8i32_run3.log",NA,NA,NA,NA,NA,NA,NA
2026-09-04T08:05:01,k1-rvv-only,"GEMM_RVV_FP32_INT8_8x4_Baseline","RVV_IGEMM_INT8_I8I32_8x4","igemm_kernel_8x4_zvl256b_lmulmf8_unroll8_i8i32",8x4,256b,mf8,8,INT8_RVV,4-7,4,4,1024,1024,1024,32,4,OK,0,NONE,0.166386500,GOPS,12.906598,parallel_tiles_including_required_packing,DISABLED,0,0,"0:cpu4:tiles8;1:cpu5:tiles8;2:cpu6:tiles8;3:cpu7:tiles8","NA",static,0,"NA","NA","/home/bananapi/MAT/kernels riscv rvv 1.0/FINAL/riscv-rvv-ime-gemm-microkernels-updated/HETEROGENEOUS_RVV_IME_OPENMP_GEMM/results/openmp_results_k1-rvv-only_1024_20260904_074523/raw_logs/GEMM_RVV_FP32_INT8_8x4_Baseline_RVV_IGEMM_INT8_I8I32_8x4_igemm_kernel_8x4_zvl256b_lmulmf8_unroll8_i8i32_run4.log",NA,NA,NA,NA,NA,NA,NA
2026-09-04T08:05:01,k1-rvv-only,"GEMM_RVV_FP32_INT8_8x4_Baseline","RVV_IGEMM_INT8_I8I32_8x4","igemm_kernel_8x4_zvl256b_lmulmf8_unroll8_i8i32",8x4,256b,mf8,8,INT8_RVV,4-7,4,4,1024,1024,1024,32,5,OK,0,NONE,0.165133212,GOPS,13.004553,parallel_tiles_including_required_packing,DISABLED,0,0,"0:cpu4:tiles8;1:cpu5:tiles8;2:cpu6:tiles8;3:cpu7:tiles8","NA",static,0,"NA","NA","/home/bananapi/MAT/kernels riscv rvv 1.0/FINAL/riscv-rvv-ime-gemm-microkernels-updated/HETEROGENEOUS_RVV_IME_OPENMP_GEMM/results/openmp_results_k1-rvv-only_1024_20260904_074523/raw_logs/GEMM_RVV_FP32_INT8_8x4_Baseline_RVV_IGEMM_INT8_I8I32_8x4_igemm_kernel_8x4_zvl256b_lmulmf8_unroll8_i8i32_run5.log",NA,NA,NA,NA,NA,NA,NA
2026-09-04T08:05:02,k1-rvv-only,"GEMM_RVV_FP32_INT8_8x4_Baseline","RVV_IGEMM_INT8_I8I32_8x4","igemm_kernel_8x4_zvl256b_lmulmf8_unroll8_i8i32",8x4,256b,mf8,8,INT8_RVV,4-7,4,4,1024,1024,1024,32,6,OK,0,NONE,0.162505291,GOPS,13.214854,parallel_tiles_including_required_packing,DISABLED,0,0,"0:cpu4:tiles8;1:cpu5:tiles8;2:cpu6:tiles8;3:cpu7:tiles8","NA",static,0,"NA","NA","/home/bananapi/MAT/kernels riscv rvv 1.0/FINAL/riscv-rvv-ime-gemm-microkernels-updated/HETEROGENEOUS_RVV_IME_OPENMP_GEMM/results/openmp_results_k1-rvv-only_1024_20260904_074523/raw_logs/GEMM_RVV_FP32_INT8_8x4_Baseline_RVV_IGEMM_INT8_I8I32_8x4_igemm_kernel_8x4_zvl256b_lmulmf8_unroll8_i8i32_run6.log",NA,NA,NA,NA,NA,NA,NA
2026-09-04T08:07:04,k1-rvv-only,"GEMM_RVV_FP32_INT8_8x4_Baseline","RVV_SGEMM_FP32_8x4","sgemm_kernel_8x4_zvl256b_lmul1_unroll1",8x4,256b,1,1,FP32_RVV,4-7,4,4,1024,1024,1024,32,1,NUMERICAL_FAILED,0,NUMERICAL_VALIDATION,0.488050044,GFLOPS,0.000000,parallel_tiles_including_required_packing,INDEPENDENT_GEMM_FP_TOLERANCE,1,2.6702880859375e-05,"0:cpu4:tiles8;1:cpu5:tiles8;2:cpu6:tiles8;3:cpu7:tiles8","NA",static,0,"NA","NA","/home/bananapi/MAT/kernels riscv rvv 1.0/FINAL/riscv-rvv-ime-gemm-microkernels-updated/HETEROGENEOUS_RVV_IME_OPENMP_GEMM/results/openmp_results_k1-rvv-only_1024_20260904_074523/raw_logs/GEMM_RVV_FP32_INT8_8x4_Baseline_RVV_SGEMM_FP32_8x4_sgemm_kernel_8x4_zvl256b_lmul1_unroll1_run1.log",NA,NA,NA,NA,NA,NA,NA
2026-09-04T08:09:07,k1-rvv-only,"GEMM_RVV_FP32_INT8_8x4_Baseline","RVV_SGEMM_FP32_8x4","sgemm_kernel_8x4_zvl256b_lmul1_unroll2",8x4,256b,1,2,FP32_RVV,4-7,4,4,1024,1024,1024,32,1,NUMERICAL_FAILED,0,NUMERICAL_VALIDATION,0.490289416,GFLOPS,0.000000,parallel_tiles_including_required_packing,INDEPENDENT_GEMM_FP_TOLERANCE,1,2.6702880859375e-05,"0:cpu4:tiles8;1:cpu5:tiles8;2:cpu6:tiles8;3:cpu7:tiles8","NA",static,0,"NA","NA","/home/bananapi/MAT/kernels riscv rvv 1.0/FINAL/riscv-rvv-ime-gemm-microkernels-updated/HETEROGENEOUS_RVV_IME_OPENMP_GEMM/results/openmp_results_k1-rvv-only_1024_20260904_074523/raw_logs/GEMM_RVV_FP32_INT8_8x4_Baseline_RVV_SGEMM_FP32_8x4_sgemm_kernel_8x4_zvl256b_lmul1_unroll2_run1.log",NA,NA,NA,NA,NA,NA,NA
2026-09-04T08:11:09,k1-rvv-only,"GEMM_RVV_FP32_INT8_8x4_Baseline","RVV_SGEMM_FP32_8x4","sgemm_kernel_8x4_zvl256b_lmul1_unroll4",8x4,256b,1,4,FP32_RVV,4-7,4,4,1024,1024,1024,32,1,NUMERICAL_FAILED,0,NUMERICAL_VALIDATION,0.492965207,GFLOPS,0.000000,parallel_tiles_including_required_packing,INDEPENDENT_GEMM_FP_TOLERANCE,1,2.6702880859375e-05,"0:cpu4:tiles8;1:cpu5:tiles8;2:cpu6:tiles8;3:cpu7:tiles8","NA",static,0,"NA","NA","/home/bananapi/MAT/kernels riscv rvv 1.0/FINAL/riscv-rvv-ime-gemm-microkernels-updated/HETEROGENEOUS_RVV_IME_OPENMP_GEMM/results/openmp_results_k1-rvv-only_1024_20260904_074523/raw_logs/GEMM_RVV_FP32_INT8_8x4_Baseline_RVV_SGEMM_FP32_8x4_sgemm_kernel_8x4_zvl256b_lmul1_unroll4_run1.log",NA,NA,NA,NA,NA,NA,NA
2026-09-04T08:13:12,k1-rvv-only,"GEMM_RVV_FP32_INT8_8x4_Baseline","RVV_SGEMM_FP32_8x4","sgemm_kernel_8x4_zvl256b_lmul1_unroll8",8x4,256b,1,8,FP32_RVV,4-7,4,4,1024,1024,1024,32,1,NUMERICAL_FAILED,0,NUMERICAL_VALIDATION,0.490297128,GFLOPS,0.000000,parallel_tiles_including_required_packing,INDEPENDENT_GEMM_FP_TOLERANCE,1,2.6702880859375e-05,"0:cpu4:tiles8;1:cpu5:tiles8;2:cpu6:tiles8;3:cpu7:tiles8","NA",static,0,"NA","NA","/home/bananapi/MAT/kernels riscv rvv 1.0/FINAL/riscv-rvv-ime-gemm-microkernels-updated/HETEROGENEOUS_RVV_IME_OPENMP_GEMM/results/openmp_results_k1-rvv-only_1024_20260904_074523/raw_logs/GEMM_RVV_FP32_INT8_8x4_Baseline_RVV_SGEMM_FP32_8x4_sgemm_kernel_8x4_zvl256b_lmul1_unroll8_run1.log",NA,NA,NA,NA,NA,NA,NA
2026-09-04T08:15:14,k1-rvv-only,"GEMM_RVV_FP32_INT8_8x4_Baseline","RVV_SGEMM_FP32_8x4","sgemm_kernel_8x4_zvl256b_lmul2_unroll1",8x4,256b,2,1,FP32_RVV,4-7,4,4,1024,1024,1024,32,1,NUMERICAL_FAILED,0,NUMERICAL_VALIDATION,0.514363497,GFLOPS,0.000000,parallel_tiles_including_required_packing,INDEPENDENT_GEMM_FP_TOLERANCE,1,2.6702880859375e-05,"0:cpu4:tiles8;1:cpu5:tiles8;2:cpu6:tiles8;3:cpu7:tiles8","NA",static,0,"NA","NA","/home/bananapi/MAT/kernels riscv rvv 1.0/FINAL/riscv-rvv-ime-gemm-microkernels-updated/HETEROGENEOUS_RVV_IME_OPENMP_GEMM/results/openmp_results_k1-rvv-only_1024_20260904_074523/raw_logs/GEMM_RVV_FP32_INT8_8x4_Baseline_RVV_SGEMM_FP32_8x4_sgemm_kernel_8x4_zvl256b_lmul2_unroll1_run1.log",NA,NA,NA,NA,NA,NA,NA
2026-09-04T08:17:16,k1-rvv-only,"GEMM_RVV_FP32_INT8_8x4_Baseline","RVV_SGEMM_FP32_8x4","sgemm_kernel_8x4_zvl256b_lmul2_unroll2",8x4,256b,2,2,FP32_RVV,4-7,4,4,1024,1024,1024,32,1,NUMERICAL_FAILED,0,NUMERICAL_VALIDATION,0.515092749,GFLOPS,0.000000,parallel_tiles_including_required_packing,INDEPENDENT_GEMM_FP_TOLERANCE,1,2.6702880859375e-05,"0:cpu4:tiles8;1:cpu5:tiles8;2:cpu6:tiles8;3:cpu7:tiles8","NA",static,0,"NA","NA","/home/bananapi/MAT/kernels riscv rvv 1.0/FINAL/riscv-rvv-ime-gemm-microkernels-updated/HETEROGENEOUS_RVV_IME_OPENMP_GEMM/results/openmp_results_k1-rvv-only_1024_20260904_074523/raw_logs/GEMM_RVV_FP32_INT8_8x4_Baseline_RVV_SGEMM_FP32_8x4_sgemm_kernel_8x4_zvl256b_lmul2_unroll2_run1.log",NA,NA,NA,NA,NA,NA,NA
2026-09-04T08:19:19,k1-rvv-only,"GEMM_RVV_FP32_INT8_8x4_Baseline","RVV_SGEMM_FP32_8x4","sgemm_kernel_8x4_zvl256b_lmul2_unroll4",8x4,256b,2,4,FP32_RVV,4-7,4,4,1024,1024,1024,32,1,NUMERICAL_FAILED,0,NUMERICAL_VALIDATION,0.508893877,GFLOPS,0.000000,parallel_tiles_including_required_packing,INDEPENDENT_GEMM_FP_TOLERANCE,1,2.6702880859375e-05,"0:cpu4:tiles8;1:cpu5:tiles8;2:cpu6:tiles8;3:cpu7:tiles8","NA",static,0,"NA","NA","/home/bananapi/MAT/kernels riscv rvv 1.0/FINAL/riscv-rvv-ime-gemm-microkernels-updated/HETEROGENEOUS_RVV_IME_OPENMP_GEMM/results/openmp_results_k1-rvv-only_1024_20260904_074523/raw_logs/GEMM_RVV_FP32_INT8_8x4_Baseline_RVV_SGEMM_FP32_8x4_sgemm_kernel_8x4_zvl256b_lmul2_unroll4_run1.log",NA,NA,NA,NA,NA,NA,NA
2026-09-04T08:21:22,k1-rvv-only,"GEMM_RVV_FP32_INT8_8x4_Baseline","RVV_SGEMM_FP32_8x4","sgemm_kernel_8x4_zvl256b_lmul2_unroll8",8x4,256b,2,8,FP32_RVV,4-7,4,4,1024,1024,1024,32,1,NUMERICAL_FAILED,0,NUMERICAL_VALIDATION,0.512234833,GFLOPS,0.000000,parallel_tiles_including_required_packing,INDEPENDENT_GEMM_FP_TOLERANCE,1,2.6702880859375e-05,"0:cpu4:tiles8;1:cpu5:tiles8;2:cpu6:tiles8;3:cpu7:tiles8","NA",static,0,"NA","NA","/home/bananapi/MAT/kernels riscv rvv 1.0/FINAL/riscv-rvv-ime-gemm-microkernels-updated/HETEROGENEOUS_RVV_IME_OPENMP_GEMM/results/openmp_results_k1-rvv-only_1024_20260904_074523/raw_logs/GEMM_RVV_FP32_INT8_8x4_Baseline_RVV_SGEMM_FP32_8x4_sgemm_kernel_8x4_zvl256b_lmul2_unroll8_run1.log",NA,NA,NA,NA,NA,NA,NA
2026-09-04T08:23:26,k1-rvv-only,"GEMM_RVV_FP32_INT8_8x4_Baseline","RVV_SGEMM_FP32_8x4","sgemm_kernel_8x4_zvl256b_lmul4_unroll1",8x4,256b,4,1,FP32_RVV,4-7,4,4,1024,1024,1024,32,1,NUMERICAL_FAILED,0,NUMERICAL_VALIDATION,1.098734792,GFLOPS,0.000000,parallel_tiles_including_required_packing,INDEPENDENT_GEMM_FP_TOLERANCE,1,2.6702880859375e-05,"0:cpu4:tiles8;1:cpu5:tiles8;2:cpu6:tiles8;3:cpu7:tiles8","NA",static,0,"NA","NA","/home/bananapi/MAT/kernels riscv rvv 1.0/FINAL/riscv-rvv-ime-gemm-microkernels-updated/HETEROGENEOUS_RVV_IME_OPENMP_GEMM/results/openmp_results_k1-rvv-only_1024_20260904_074523/raw_logs/GEMM_RVV_FP32_INT8_8x4_Baseline_RVV_SGEMM_FP32_8x4_sgemm_kernel_8x4_zvl256b_lmul4_unroll1_run1.log",NA,NA,NA,NA,NA,NA,NA
2026-09-04T08:25:30,k1-rvv-only,"GEMM_RVV_FP32_INT8_8x4_Baseline","RVV_SGEMM_FP32_8x4","sgemm_kernel_8x4_zvl256b_lmul4_unroll2",8x4,256b,4,2,FP32_RVV,4-7,4,4,1024,1024,1024,32,1,NUMERICAL_FAILED,0,NUMERICAL_VALIDATION,1.013424419,GFLOPS,0.000000,parallel_tiles_including_required_packing,INDEPENDENT_GEMM_FP_TOLERANCE,1,2.6702880859375e-05,"0:cpu4:tiles8;1:cpu5:tiles8;2:cpu6:tiles8;3:cpu7:tiles8","NA",static,0,"NA","NA","/home/bananapi/MAT/kernels riscv rvv 1.0/FINAL/riscv-rvv-ime-gemm-microkernels-updated/HETEROGENEOUS_RVV_IME_OPENMP_GEMM/results/openmp_results_k1-rvv-only_1024_20260904_074523/raw_logs/GEMM_RVV_FP32_INT8_8x4_Baseline_RVV_SGEMM_FP32_8x4_sgemm_kernel_8x4_zvl256b_lmul4_unroll2_run1.log",NA,NA,NA,NA,NA,NA,NA
2026-09-04T08:27:34,k1-rvv-only,"GEMM_RVV_FP32_INT8_8x4_Baseline","RVV_SGEMM_FP32_8x4","sgemm_kernel_8x4_zvl256b_lmul4_unroll4",8x4,256b,4,4,FP32_RVV,4-7,4,4,1024,1024,1024,32,1,NUMERICAL_FAILED,0,NUMERICAL_VALIDATION,1.227260169,GFLOPS,0.000000,parallel_tiles_including_required_packing,INDEPENDENT_GEMM_FP_TOLERANCE,1,2.6702880859375e-05,"0:cpu4:tiles8;1:cpu5:tiles8;2:cpu6:tiles8;3:cpu7:tiles8","NA",static,0,"NA","NA","/home/bananapi/MAT/kernels riscv rvv 1.0/FINAL/riscv-rvv-ime-gemm-microkernels-updated/HETEROGENEOUS_RVV_IME_OPENMP_GEMM/results/openmp_results_k1-rvv-only_1024_20260904_074523/raw_logs/GEMM_RVV_FP32_INT8_8x4_Baseline_RVV_SGEMM_FP32_8x4_sgemm_kernel_8x4_zvl256b_lmul4_unroll4_run1.log",NA,NA,NA,NA,NA,NA,NA
2026-09-04T08:29:38,k1-rvv-only,"GEMM_RVV_FP32_INT8_8x4_Baseline","RVV_SGEMM_FP32_8x4","sgemm_kernel_8x4_zvl256b_lmul4_unroll8",8x4,256b,4,8,FP32_RVV,4-7,4,4,1024,1024,1024,32,1,NUMERICAL_FAILED,0,NUMERICAL_VALIDATION,1.149914373,GFLOPS,0.000000,parallel_tiles_including_required_packing,INDEPENDENT_GEMM_FP_TOLERANCE,1,2.6702880859375e-05,"0:cpu4:tiles8;1:cpu5:tiles8;2:cpu6:tiles8;3:cpu7:tiles8","NA",static,0,"NA","NA","/home/bananapi/MAT/kernels riscv rvv 1.0/FINAL/riscv-rvv-ime-gemm-microkernels-updated/HETEROGENEOUS_RVV_IME_OPENMP_GEMM/results/openmp_results_k1-rvv-only_1024_20260904_074523/raw_logs/GEMM_RVV_FP32_INT8_8x4_Baseline_RVV_SGEMM_FP32_8x4_sgemm_kernel_8x4_zvl256b_lmul4_unroll8_run1.log",NA,NA,NA,NA,NA,NA,NA
2026-09-04T08:31:44,k1-rvv-only,"GEMM_RVV_FP32_INT8_8x4_Baseline","RVV_SGEMM_FP32_8x4","sgemm_kernel_8x4_zvl256b_lmul8_unroll1",8x4,256b,8,1,FP32_RVV,4-7,4,4,1024,1024,1024,32,1,NUMERICAL_FAILED,0,NUMERICAL_VALIDATION,2.329772543,GFLOPS,0.000000,parallel_tiles_including_required_packing,INDEPENDENT_GEMM_FP_TOLERANCE,1,2.6702880859375e-05,"0:cpu4:tiles8;1:cpu5:tiles8;2:cpu6:tiles8;3:cpu7:tiles8","NA",static,0,"NA","NA","/home/bananapi/MAT/kernels riscv rvv 1.0/FINAL/riscv-rvv-ime-gemm-microkernels-updated/HETEROGENEOUS_RVV_IME_OPENMP_GEMM/results/openmp_results_k1-rvv-only_1024_20260904_074523/raw_logs/GEMM_RVV_FP32_INT8_8x4_Baseline_RVV_SGEMM_FP32_8x4_sgemm_kernel_8x4_zvl256b_lmul8_unroll1_run1.log",NA,NA,NA,NA,NA,NA,NA
2026-09-04T08:33:51,k1-rvv-only,"GEMM_RVV_FP32_INT8_8x4_Baseline","RVV_SGEMM_FP32_8x4","sgemm_kernel_8x4_zvl256b_lmul8_unroll2",8x4,256b,8,2,FP32_RVV,4-7,4,4,1024,1024,1024,32,1,NUMERICAL_FAILED,0,NUMERICAL_VALIDATION,2.354988795,GFLOPS,0.000000,parallel_tiles_including_required_packing,INDEPENDENT_GEMM_FP_TOLERANCE,1,2.6702880859375e-05,"0:cpu4:tiles8;1:cpu5:tiles8;2:cpu6:tiles8;3:cpu7:tiles8","NA",static,0,"NA","NA","/home/bananapi/MAT/kernels riscv rvv 1.0/FINAL/riscv-rvv-ime-gemm-microkernels-updated/HETEROGENEOUS_RVV_IME_OPENMP_GEMM/results/openmp_results_k1-rvv-only_1024_20260904_074523/raw_logs/GEMM_RVV_FP32_INT8_8x4_Baseline_RVV_SGEMM_FP32_8x4_sgemm_kernel_8x4_zvl256b_lmul8_unroll2_run1.log",NA,NA,NA,NA,NA,NA,NA
2026-09-04T08:35:58,k1-rvv-only,"GEMM_RVV_FP32_INT8_8x4_Baseline","RVV_SGEMM_FP32_8x4","sgemm_kernel_8x4_zvl256b_lmul8_unroll4",8x4,256b,8,4,FP32_RVV,4-7,4,4,1024,1024,1024,32,1,NUMERICAL_FAILED,0,NUMERICAL_VALIDATION,2.390640166,GFLOPS,0.000000,parallel_tiles_including_required_packing,INDEPENDENT_GEMM_FP_TOLERANCE,1,2.6702880859375e-05,"0:cpu4:tiles8;1:cpu5:tiles8;2:cpu6:tiles8;3:cpu7:tiles8","NA",static,0,"NA","NA","/home/bananapi/MAT/kernels riscv rvv 1.0/FINAL/riscv-rvv-ime-gemm-microkernels-updated/HETEROGENEOUS_RVV_IME_OPENMP_GEMM/results/openmp_results_k1-rvv-only_1024_20260904_074523/raw_logs/GEMM_RVV_FP32_INT8_8x4_Baseline_RVV_SGEMM_FP32_8x4_sgemm_kernel_8x4_zvl256b_lmul8_unroll4_run1.log",NA,NA,NA,NA,NA,NA,NA
2026-09-04T08:38:06,k1-rvv-only,"GEMM_RVV_FP32_INT8_8x4_Baseline","RVV_SGEMM_FP32_8x4","sgemm_kernel_8x4_zvl256b_lmul8_unroll8",8x4,256b,8,8,FP32_RVV,4-7,4,4,1024,1024,1024,32,1,NUMERICAL_FAILED,0,NUMERICAL_VALIDATION,2.412365962,GFLOPS,0.000000,parallel_tiles_including_required_packing,INDEPENDENT_GEMM_FP_TOLERANCE,1,2.6702880859375e-05,"0:cpu4:tiles8;1:cpu5:tiles8;2:cpu6:tiles8;3:cpu7:tiles8","NA",static,0,"NA","NA","/home/bananapi/MAT/kernels riscv rvv 1.0/FINAL/riscv-rvv-ime-gemm-microkernels-updated/HETEROGENEOUS_RVV_IME_OPENMP_GEMM/results/openmp_results_k1-rvv-only_1024_20260904_074523/raw_logs/GEMM_RVV_FP32_INT8_8x4_Baseline_RVV_SGEMM_FP32_8x4_sgemm_kernel_8x4_zvl256b_lmul8_unroll8_run1.log",NA,NA,NA,NA,NA,NA,NA
2026-09-04T08:40:08,k1-rvv-only,"GEMM_RVV_FP32_INT8_8x4_Baseline","RVV_SGEMM_FP32_8x4","sgemm_kernel_8x4_zvl256b_lmulmf2_unroll1",8x4,256b,mf2,1,FP32_RVV,4-7,4,4,1024,1024,1024,32,1,NUMERICAL_FAILED,0,NUMERICAL_VALIDATION,0.488280877,GFLOPS,0.000000,parallel_tiles_including_required_packing,INDEPENDENT_GEMM_FP_TOLERANCE,1,2.6702880859375e-05,"0:cpu4:tiles8;1:cpu5:tiles8;2:cpu6:tiles8;3:cpu7:tiles8","NA",static,0,"NA","NA","/home/bananapi/MAT/kernels riscv rvv 1.0/FINAL/riscv-rvv-ime-gemm-microkernels-updated/HETEROGENEOUS_RVV_IME_OPENMP_GEMM/results/openmp_results_k1-rvv-only_1024_20260904_074523/raw_logs/GEMM_RVV_FP32_INT8_8x4_Baseline_RVV_SGEMM_FP32_8x4_sgemm_kernel_8x4_zvl256b_lmulmf2_unroll1_run1.log",NA,NA,NA,NA,NA,NA,NA
2026-09-04T08:42:10,k1-rvv-only,"GEMM_RVV_FP32_INT8_8x4_Baseline","RVV_SGEMM_FP32_8x4","sgemm_kernel_8x4_zvl256b_lmulmf2_unroll2",8x4,256b,mf2,2,FP32_RVV,4-7,4,4,1024,1024,1024,32,1,NUMERICAL_FAILED,0,NUMERICAL_VALIDATION,0.492377084,GFLOPS,0.000000,parallel_tiles_including_required_packing,INDEPENDENT_GEMM_FP_TOLERANCE,1,2.6702880859375e-05,"0:cpu4:tiles8;1:cpu5:tiles8;2:cpu6:tiles8;3:cpu7:tiles8","NA",static,0,"NA","NA","/home/bananapi/MAT/kernels riscv rvv 1.0/FINAL/riscv-rvv-ime-gemm-microkernels-updated/HETEROGENEOUS_RVV_IME_OPENMP_GEMM/results/openmp_results_k1-rvv-only_1024_20260904_074523/raw_logs/GEMM_RVV_FP32_INT8_8x4_Baseline_RVV_SGEMM_FP32_8x4_sgemm_kernel_8x4_zvl256b_lmulmf2_unroll2_run1.log",NA,NA,NA,NA,NA,NA,NA
2026-09-04T08:44:13,k1-rvv-only,"GEMM_RVV_FP32_INT8_8x4_Baseline","RVV_SGEMM_FP32_8x4","sgemm_kernel_8x4_zvl256b_lmulmf2_unroll4",8x4,256b,mf2,4,FP32_RVV,4-7,4,4,1024,1024,1024,32,1,NUMERICAL_FAILED,0,NUMERICAL_VALIDATION,0.492635291,GFLOPS,0.000000,parallel_tiles_including_required_packing,INDEPENDENT_GEMM_FP_TOLERANCE,1,2.6702880859375e-05,"0:cpu4:tiles8;1:cpu5:tiles8;2:cpu6:tiles8;3:cpu7:tiles8","NA",static,0,"NA","NA","/home/bananapi/MAT/kernels riscv rvv 1.0/FINAL/riscv-rvv-ime-gemm-microkernels-updated/HETEROGENEOUS_RVV_IME_OPENMP_GEMM/results/openmp_results_k1-rvv-only_1024_20260904_074523/raw_logs/GEMM_RVV_FP32_INT8_8x4_Baseline_RVV_SGEMM_FP32_8x4_sgemm_kernel_8x4_zvl256b_lmulmf2_unroll4_run1.log",NA,NA,NA,NA,NA,NA,NA
2026-09-04T08:46:16,k1-rvv-only,"GEMM_RVV_FP32_INT8_8x4_Baseline","RVV_SGEMM_FP32_8x4","sgemm_kernel_8x4_zvl256b_lmulmf2_unroll8",8x4,256b,mf2,8,FP32_RVV,4-7,4,4,1024,1024,1024,32,1,NUMERICAL_FAILED,0,NUMERICAL_VALIDATION,0.487373333,GFLOPS,0.000000,parallel_tiles_including_required_packing,INDEPENDENT_GEMM_FP_TOLERANCE,1,2.6702880859375e-05,"0:cpu4:tiles8;1:cpu5:tiles8;2:cpu6:tiles8;3:cpu7:tiles8","NA",static,0,"NA","NA","/home/bananapi/MAT/kernels riscv rvv 1.0/FINAL/riscv-rvv-ime-gemm-microkernels-updated/HETEROGENEOUS_RVV_IME_OPENMP_GEMM/results/openmp_results_k1-rvv-only_1024_20260904_074523/raw_logs/GEMM_RVV_FP32_INT8_8x4_Baseline_RVV_SGEMM_FP32_8x4_sgemm_kernel_8x4_zvl256b_lmulmf2_unroll8_run1.log",NA,NA,NA,NA,NA,NA,NA
2026-09-04T08:47:00,k1-rvv-only,"GEMM_RVV_FP32_INT8_8x8_Baseline","RVV_IGEMM_INT8_I8I32_8x8","igemm_kernel_8x8_zvl256b_lmul1_unroll1_i8i32",8x8,256b,1,1,INT8_RVV,4-7,4,4,1024,1024,1024,32,1,OK,0,NONE,0.331954211,GOPS,6.469216,parallel_tiles_including_required_packing,INDEPENDENT_INT64_REFERENCE_EXACT_INT32,0,0,"0:cpu4:tiles8;1:cpu5:tiles8;2:cpu6:tiles8;3:cpu7:tiles8","NA",static,0,"NA","NA","/home/bananapi/MAT/kernels riscv rvv 1.0/FINAL/riscv-rvv-ime-gemm-microkernels-updated/HETEROGENEOUS_RVV_IME_OPENMP_GEMM/results/openmp_results_k1-rvv-only_1024_20260904_074523/raw_logs/GEMM_RVV_FP32_INT8_8x8_Baseline_RVV_IGEMM_INT8_I8I32_8x8_igemm_kernel_8x8_zvl256b_lmul1_unroll1_i8i32_run1.log",NA,NA,NA,NA,NA,NA,NA
2026-09-04T08:47:01,k1-rvv-only,"GEMM_RVV_FP32_INT8_8x8_Baseline","RVV_IGEMM_INT8_I8I32_8x8","igemm_kernel_8x8_zvl256b_lmul1_unroll1_i8i32",8x8,256b,1,1,INT8_RVV,4-7,4,4,1024,1024,1024,32,2,OK,0,NONE,0.329100706,GOPS,6.525309,parallel_tiles_including_required_packing,DISABLED,0,0,"0:cpu4:tiles8;1:cpu5:tiles8;2:cpu6:tiles8;3:cpu7:tiles8","NA",static,0,"NA","NA","/home/bananapi/MAT/kernels riscv rvv 1.0/FINAL/riscv-rvv-ime-gemm-microkernels-updated/HETEROGENEOUS_RVV_IME_OPENMP_GEMM/results/openmp_results_k1-rvv-only_1024_20260904_074523/raw_logs/GEMM_RVV_FP32_INT8_8x8_Baseline_RVV_IGEMM_INT8_I8I32_8x8_igemm_kernel_8x8_zvl256b_lmul1_unroll1_i8i32_run2.log",NA,NA,NA,NA,NA,NA,NA
2026-09-04T08:47:02,k1-rvv-only,"GEMM_RVV_FP32_INT8_8x8_Baseline","RVV_IGEMM_INT8_I8I32_8x8","igemm_kernel_8x8_zvl256b_lmul1_unroll1_i8i32",8x8,256b,1,1,INT8_RVV,4-7,4,4,1024,1024,1024,32,3,OK,0,NONE,0.328492500,GOPS,6.537390,parallel_tiles_including_required_packing,DISABLED,0,0,"0:cpu4:tiles8;1:cpu5:tiles8;2:cpu6:tiles8;3:cpu7:tiles8","NA",static,0,"NA","NA","/home/bananapi/MAT/kernels riscv rvv 1.0/FINAL/riscv-rvv-ime-gemm-microkernels-updated/HETEROGENEOUS_RVV_IME_OPENMP_GEMM/results/openmp_results_k1-rvv-only_1024_20260904_074523/raw_logs/GEMM_RVV_FP32_INT8_8x8_Baseline_RVV_IGEMM_INT8_I8I32_8x8_igemm_kernel_8x8_zvl256b_lmul1_unroll1_i8i32_run3.log",NA,NA,NA,NA,NA,NA,NA
2026-09-04T08:47:03,k1-rvv-only,"GEMM_RVV_FP32_INT8_8x8_Baseline","RVV_IGEMM_INT8_I8I32_8x8","igemm_kernel_8x8_zvl256b_lmul1_unroll1_i8i32",8x8,256b,1,1,INT8_RVV,4-7,4,4,1024,1024,1024,32,4,OK,0,NONE,0.332243498,GOPS,6.463584,parallel_tiles_including_required_packing,DISABLED,0,0,"0:cpu4:tiles8;1:cpu5:tiles8;2:cpu6:tiles8;3:cpu7:tiles8","NA",static,0,"NA","NA","/home/bananapi/MAT/kernels riscv rvv 1.0/FINAL/riscv-rvv-ime-gemm-microkernels-updated/HETEROGENEOUS_RVV_IME_OPENMP_GEMM/results/openmp_results_k1-rvv-only_1024_20260904_074523/raw_logs/GEMM_RVV_FP32_INT8_8x8_Baseline_RVV_IGEMM_INT8_I8I32_8x8_igemm_kernel_8x8_zvl256b_lmul1_unroll1_i8i32_run4.log",NA,NA,NA,NA,NA,NA,NA
2026-09-04T08:47:04,k1-rvv-only,"GEMM_RVV_FP32_INT8_8x8_Baseline","RVV_IGEMM_INT8_I8I32_8x8","igemm_kernel_8x8_zvl256b_lmul1_unroll1_i8i32",8x8,256b,1,1,INT8_RVV,4-7,4,4,1024,1024,1024,32,5,OK,0,NONE,0.331098959,GOPS,6.485927,parallel_tiles_including_required_packing,DISABLED,0,0,"0:cpu4:tiles8;1:cpu5:tiles8;2:cpu6:tiles8;3:cpu7:tiles8","NA",static,0,"NA","NA","/home/bananapi/MAT/kernels riscv rvv 1.0/FINAL/riscv-rvv-ime-gemm-microkernels-updated/HETEROGENEOUS_RVV_IME_OPENMP_GEMM/results/openmp_results_k1-rvv-only_1024_20260904_074523/raw_logs/GEMM_RVV_FP32_INT8_8x8_Baseline_RVV_IGEMM_INT8_I8I32_8x8_igemm_kernel_8x8_zvl256b_lmul1_unroll1_i8i32_run5.log",NA,NA,NA,NA,NA,NA,NA
2026-09-04T08:47:05,k1-rvv-only,"GEMM_RVV_FP32_INT8_8x8_Baseline","RVV_IGEMM_INT8_I8I32_8x8","igemm_kernel_8x8_zvl256b_lmul1_unroll1_i8i32",8x8,256b,1,1,INT8_RVV,4-7,4,4,1024,1024,1024,32,6,OK,0,NONE,0.330255166,GOPS,6.502498,parallel_tiles_including_required_packing,DISABLED,0,0,"0:cpu4:tiles8;1:cpu5:tiles8;2:cpu6:tiles8;3:cpu7:tiles8","NA",static,0,"NA","NA","/home/bananapi/MAT/kernels riscv rvv 1.0/FINAL/riscv-rvv-ime-gemm-microkernels-updated/HETEROGENEOUS_RVV_IME_OPENMP_GEMM/results/openmp_results_k1-rvv-only_1024_20260904_074523/raw_logs/GEMM_RVV_FP32_INT8_8x8_Baseline_RVV_IGEMM_INT8_I8I32_8x8_igemm_kernel_8x8_zvl256b_lmul1_unroll1_i8i32_run6.log",NA,NA,NA,NA,NA,NA,NA
2026-09-04T08:48:05,k1-rvv-only,"GEMM_RVV_FP32_INT8_8x8_Baseline","RVV_IGEMM_INT8_I8I32_8x8","igemm_kernel_8x8_zvl256b_lmul1_unroll2_i8i32",8x8,256b,1,2,INT8_RVV,4-7,4,4,1024,1024,1024,32,1,OK,0,NONE,0.366949249,GOPS,5.852263,parallel_tiles_including_required_packing,INDEPENDENT_INT64_REFERENCE_EXACT_INT32,0,0,"0:cpu4:tiles8;1:cpu5:tiles8;2:cpu6:tiles8;3:cpu7:tiles8","NA",static,0,"NA","NA","/home/bananapi/MAT/kernels riscv rvv 1.0/FINAL/riscv-rvv-ime-gemm-microkernels-updated/HETEROGENEOUS_RVV_IME_OPENMP_GEMM/results/openmp_results_k1-rvv-only_1024_20260904_074523/raw_logs/GEMM_RVV_FP32_INT8_8x8_Baseline_RVV_IGEMM_INT8_I8I32_8x8_igemm_kernel_8x8_zvl256b_lmul1_unroll2_i8i32_run1.log",NA,NA,NA,NA,NA,NA,NA
2026-09-04T08:48:06,k1-rvv-only,"GEMM_RVV_FP32_INT8_8x8_Baseline","RVV_IGEMM_INT8_I8I32_8x8","igemm_kernel_8x8_zvl256b_lmul1_unroll2_i8i32",8x8,256b,1,2,INT8_RVV,4-7,4,4,1024,1024,1024,32,2,OK,0,NONE,0.362526249,GOPS,5.923664,parallel_tiles_including_required_packing,DISABLED,0,0,"0:cpu4:tiles8;1:cpu5:tiles8;2:cpu6:tiles8;3:cpu7:tiles8","NA",static,0,"NA","NA","/home/bananapi/MAT/kernels riscv rvv 1.0/FINAL/riscv-rvv-ime-gemm-microkernels-updated/HETEROGENEOUS_RVV_IME_OPENMP_GEMM/results/openmp_results_k1-rvv-only_1024_20260904_074523/raw_logs/GEMM_RVV_FP32_INT8_8x8_Baseline_RVV_IGEMM_INT8_I8I32_8x8_igemm_kernel_8x8_zvl256b_lmul1_unroll2_i8i32_run2.log",NA,NA,NA,NA,NA,NA,NA
2026-09-04T08:48:07,k1-rvv-only,"GEMM_RVV_FP32_INT8_8x8_Baseline","RVV_IGEMM_INT8_I8I32_8x8","igemm_kernel_8x8_zvl256b_lmul1_unroll2_i8i32",8x8,256b,1,2,INT8_RVV,4-7,4,4,1024,1024,1024,32,3,OK,0,NONE,0.365657628,GOPS,5.872935,parallel_tiles_including_required_packing,DISABLED,0,0,"0:cpu4:tiles8;1:cpu5:tiles8;2:cpu6:tiles8;3:cpu7:tiles8","NA",static,0,"NA","NA","/home/bananapi/MAT/kernels riscv rvv 1.0/FINAL/riscv-rvv-ime-gemm-microkernels-updated/HETEROGENEOUS_RVV_IME_OPENMP_GEMM/results/openmp_results_k1-rvv-only_1024_20260904_074523/raw_logs/GEMM_RVV_FP32_INT8_8x8_Baseline_RVV_IGEMM_INT8_I8I32_8x8_igemm_kernel_8x8_zvl256b_lmul1_unroll2_i8i32_run3.log",NA,NA,NA,NA,NA,NA,NA
2026-09-04T08:48:09,k1-rvv-only,"GEMM_RVV_FP32_INT8_8x8_Baseline","RVV_IGEMM_INT8_I8I32_8x8","igemm_kernel_8x8_zvl256b_lmul1_unroll2_i8i32",8x8,256b,1,2,INT8_RVV,4-7,4,4,1024,1024,1024,32,4,OK,0,NONE,0.364403374,GOPS,5.893150,parallel_tiles_including_required_packing,DISABLED,0,0,"0:cpu4:tiles8;1:cpu5:tiles8;2:cpu6:tiles8;3:cpu7:tiles8","NA",static,0,"NA","NA","/home/bananapi/MAT/kernels riscv rvv 1.0/FINAL/riscv-rvv-ime-gemm-microkernels-updated/HETEROGENEOUS_RVV_IME_OPENMP_GEMM/results/openmp_results_k1-rvv-only_1024_20260904_074523/raw_logs/GEMM_RVV_FP32_INT8_8x8_Baseline_RVV_IGEMM_INT8_I8I32_8x8_igemm_kernel_8x8_zvl256b_lmul1_unroll2_i8i32_run4.log",NA,NA,NA,NA,NA,NA,NA
2026-09-04T08:48:10,k1-rvv-only,"GEMM_RVV_FP32_INT8_8x8_Baseline","RVV_IGEMM_INT8_I8I32_8x8","igemm_kernel_8x8_zvl256b_lmul1_unroll2_i8i32",8x8,256b,1,2,INT8_RVV,4-7,4,4,1024,1024,1024,32,5,OK,0,NONE,0.369356040,GOPS,5.814129,parallel_tiles_including_required_packing,DISABLED,0,0,"0:cpu4:tiles8;1:cpu5:tiles8;2:cpu6:tiles8;3:cpu7:tiles8","NA",static,0,"NA","NA","/home/bananapi/MAT/kernels riscv rvv 1.0/FINAL/riscv-rvv-ime-gemm-microkernels-updated/HETEROGENEOUS_RVV_IME_OPENMP_GEMM/results/openmp_results_k1-rvv-only_1024_20260904_074523/raw_logs/GEMM_RVV_FP32_INT8_8x8_Baseline_RVV_IGEMM_INT8_I8I32_8x8_igemm_kernel_8x8_zvl256b_lmul1_unroll2_i8i32_run5.log",NA,NA,NA,NA,NA,NA,NA
2026-09-04T08:48:11,k1-rvv-only,"GEMM_RVV_FP32_INT8_8x8_Baseline","RVV_IGEMM_INT8_I8I32_8x8","igemm_kernel_8x8_zvl256b_lmul1_unroll2_i8i32",8x8,256b,1,2,INT8_RVV,4-7,4,4,1024,1024,1024,32,6,OK,0,NONE,0.365836415,GOPS,5.870065,parallel_tiles_including_required_packing,DISABLED,0,0,"0:cpu4:tiles8;1:cpu5:tiles8;2:cpu6:tiles8;3:cpu7:tiles8","NA",static,0,"NA","NA","/home/bananapi/MAT/kernels riscv rvv 1.0/FINAL/riscv-rvv-ime-gemm-microkernels-updated/HETEROGENEOUS_RVV_IME_OPENMP_GEMM/results/openmp_results_k1-rvv-only_1024_20260904_074523/raw_logs/GEMM_RVV_FP32_INT8_8x8_Baseline_RVV_IGEMM_INT8_I8I32_8x8_igemm_kernel_8x8_zvl256b_lmul1_unroll2_i8i32_run6.log",NA,NA,NA,NA,NA,NA,NA
2026-09-04T08:49:12,k1-rvv-only,"GEMM_RVV_FP32_INT8_8x8_Baseline","RVV_IGEMM_INT8_I8I32_8x8","igemm_kernel_8x8_zvl256b_lmul1_unroll4_i8i32",8x8,256b,1,4,INT8_RVV,4-7,4,4,1024,1024,1024,32,1,OK,0,NONE,0.366222084,GOPS,5.863884,parallel_tiles_including_required_packing,INDEPENDENT_INT64_REFERENCE_EXACT_INT32,0,0,"0:cpu4:tiles8;1:cpu5:tiles8;2:cpu6:tiles8;3:cpu7:tiles8","NA",static,0,"NA","NA","/home/bananapi/MAT/kernels riscv rvv 1.0/FINAL/riscv-rvv-ime-gemm-microkernels-updated/HETEROGENEOUS_RVV_IME_OPENMP_GEMM/results/openmp_results_k1-rvv-only_1024_20260904_074523/raw_logs/GEMM_RVV_FP32_INT8_8x8_Baseline_RVV_IGEMM_INT8_I8I32_8x8_igemm_kernel_8x8_zvl256b_lmul1_unroll4_i8i32_run1.log",NA,NA,NA,NA,NA,NA,NA
2026-09-04T08:49:13,k1-rvv-only,"GEMM_RVV_FP32_INT8_8x8_Baseline","RVV_IGEMM_INT8_I8I32_8x8","igemm_kernel_8x8_zvl256b_lmul1_unroll4_i8i32",8x8,256b,1,4,INT8_RVV,4-7,4,4,1024,1024,1024,32,2,OK,0,NONE,0.371638916,GOPS,5.778414,parallel_tiles_including_required_packing,DISABLED,0,0,"0:cpu4:tiles8;1:cpu5:tiles8;2:cpu6:tiles8;3:cpu7:tiles8","NA",static,0,"NA","NA","/home/bananapi/MAT/kernels riscv rvv 1.0/FINAL/riscv-rvv-ime-gemm-microkernels-updated/HETEROGENEOUS_RVV_IME_OPENMP_GEMM/results/openmp_results_k1-rvv-only_1024_20260904_074523/raw_logs/GEMM_RVV_FP32_INT8_8x8_Baseline_RVV_IGEMM_INT8_I8I32_8x8_igemm_kernel_8x8_zvl256b_lmul1_unroll4_i8i32_run2.log",NA,NA,NA,NA,NA,NA,NA
2026-09-04T08:49:14,k1-rvv-only,"GEMM_RVV_FP32_INT8_8x8_Baseline","RVV_IGEMM_INT8_I8I32_8x8","igemm_kernel_8x8_zvl256b_lmul1_unroll4_i8i32",8x8,256b,1,4,INT8_RVV,4-7,4,4,1024,1024,1024,32,3,OK,0,NONE,0.373268668,GOPS,5.753185,parallel_tiles_including_required_packing,DISABLED,0,0,"0:cpu4:tiles8;1:cpu5:tiles8;2:cpu6:tiles8;3:cpu7:tiles8","NA",static,0,"NA","NA","/home/bananapi/MAT/kernels riscv rvv 1.0/FINAL/riscv-rvv-ime-gemm-microkernels-updated/HETEROGENEOUS_RVV_IME_OPENMP_GEMM/results/openmp_results_k1-rvv-only_1024_20260904_074523/raw_logs/GEMM_RVV_FP32_INT8_8x8_Baseline_RVV_IGEMM_INT8_I8I32_8x8_igemm_kernel_8x8_zvl256b_lmul1_unroll4_i8i32_run3.log",NA,NA,NA,NA,NA,NA,NA
2026-09-04T08:49:15,k1-rvv-only,"GEMM_RVV_FP32_INT8_8x8_Baseline","RVV_IGEMM_INT8_I8I32_8x8","igemm_kernel_8x8_zvl256b_lmul1_unroll4_i8i32",8x8,256b,1,4,INT8_RVV,4-7,4,4,1024,1024,1024,32,4,OK,0,NONE,0.371091377,GOPS,5.786940,parallel_tiles_including_required_packing,DISABLED,0,0,"0:cpu4:tiles8;1:cpu5:tiles8;2:cpu6:tiles8;3:cpu7:tiles8","NA",static,0,"NA","NA","/home/bananapi/MAT/kernels riscv rvv 1.0/FINAL/riscv-rvv-ime-gemm-microkernels-updated/HETEROGENEOUS_RVV_IME_OPENMP_GEMM/results/openmp_results_k1-rvv-only_1024_20260904_074523/raw_logs/GEMM_RVV_FP32_INT8_8x8_Baseline_RVV_IGEMM_INT8_I8I32_8x8_igemm_kernel_8x8_zvl256b_lmul1_unroll4_i8i32_run4.log",NA,NA,NA,NA,NA,NA,NA
2026-09-04T08:49:16,k1-rvv-only,"GEMM_RVV_FP32_INT8_8x8_Baseline","RVV_IGEMM_INT8_I8I32_8x8","igemm_kernel_8x8_zvl256b_lmul1_unroll4_i8i32",8x8,256b,1,4,INT8_RVV,4-7,4,4,1024,1024,1024,32,5,OK,0,NONE,0.367118374,GOPS,5.849567,parallel_tiles_including_required_packing,DISABLED,0,0,"0:cpu4:tiles8;1:cpu5:tiles8;2:cpu6:tiles8;3:cpu7:tiles8","NA",static,0,"NA","NA","/home/bananapi/MAT/kernels riscv rvv 1.0/FINAL/riscv-rvv-ime-gemm-microkernels-updated/HETEROGENEOUS_RVV_IME_OPENMP_GEMM/results/openmp_results_k1-rvv-only_1024_20260904_074523/raw_logs/GEMM_RVV_FP32_INT8_8x8_Baseline_RVV_IGEMM_INT8_I8I32_8x8_igemm_kernel_8x8_zvl256b_lmul1_unroll4_i8i32_run5.log",NA,NA,NA,NA,NA,NA,NA
2026-09-04T08:49:17,k1-rvv-only,"GEMM_RVV_FP32_INT8_8x8_Baseline","RVV_IGEMM_INT8_I8I32_8x8","igemm_kernel_8x8_zvl256b_lmul1_unroll4_i8i32",8x8,256b,1,4,INT8_RVV,4-7,4,4,1024,1024,1024,32,6,OK,0,NONE,0.366459668,GOPS,5.860082,parallel_tiles_including_required_packing,DISABLED,0,0,"0:cpu4:tiles8;1:cpu5:tiles8;2:cpu6:tiles8;3:cpu7:tiles8","NA",static,0,"NA","NA","/home/bananapi/MAT/kernels riscv rvv 1.0/FINAL/riscv-rvv-ime-gemm-microkernels-updated/HETEROGENEOUS_RVV_IME_OPENMP_GEMM/results/openmp_results_k1-rvv-only_1024_20260904_074523/raw_logs/GEMM_RVV_FP32_INT8_8x8_Baseline_RVV_IGEMM_INT8_I8I32_8x8_igemm_kernel_8x8_zvl256b_lmul1_unroll4_i8i32_run6.log",NA,NA,NA,NA,NA,NA,NA
2026-09-04T08:50:04,k1-rvv-only,"GEMM_RVV_FP32_INT8_8x8_Baseline","RVV_IGEMM_INT8_I8I32_8x8","igemm_kernel_8x8_zvl256b_lmul1_unroll8_i8i32",8x8,256b,1,8,INT8_RVV,4-7,4,4,1024,1024,1024,32,1,OK,0,NONE,0.337982416,GOPS,6.353832,parallel_tiles_including_required_packing,INDEPENDENT_INT64_REFERENCE_EXACT_INT32,0,0,"0:cpu4:tiles8;1:cpu5:tiles8;2:cpu6:tiles8;3:cpu7:tiles8","NA",static,0,"NA","NA","/home/bananapi/MAT/kernels riscv rvv 1.0/FINAL/riscv-rvv-ime-gemm-microkernels-updated/HETEROGENEOUS_RVV_IME_OPENMP_GEMM/results/openmp_results_k1-rvv-only_1024_20260904_074523/raw_logs/GEMM_RVV_FP32_INT8_8x8_Baseline_RVV_IGEMM_INT8_I8I32_8x8_igemm_kernel_8x8_zvl256b_lmul1_unroll8_i8i32_run1.log",NA,NA,NA,NA,NA,NA,NA
2026-09-04T08:50:05,k1-rvv-only,"GEMM_RVV_FP32_INT8_8x8_Baseline","RVV_IGEMM_INT8_I8I32_8x8","igemm_kernel_8x8_zvl256b_lmul1_unroll8_i8i32",8x8,256b,1,8,INT8_RVV,4-7,4,4,1024,1024,1024,32,2,OK,0,NONE,0.342578292,GOPS,6.268592,parallel_tiles_including_required_packing,DISABLED,0,0,"0:cpu4:tiles8;1:cpu5:tiles8;2:cpu6:tiles8;3:cpu7:tiles8","NA",static,0,"NA","NA","/home/bananapi/MAT/kernels riscv rvv 1.0/FINAL/riscv-rvv-ime-gemm-microkernels-updated/HETEROGENEOUS_RVV_IME_OPENMP_GEMM/results/openmp_results_k1-rvv-only_1024_20260904_074523/raw_logs/GEMM_RVV_FP32_INT8_8x8_Baseline_RVV_IGEMM_INT8_I8I32_8x8_igemm_kernel_8x8_zvl256b_lmul1_unroll8_i8i32_run2.log",NA,NA,NA,NA,NA,NA,NA
2026-09-04T08:50:06,k1-rvv-only,"GEMM_RVV_FP32_INT8_8x8_Baseline","RVV_IGEMM_INT8_I8I32_8x8","igemm_kernel_8x8_zvl256b_lmul1_unroll8_i8i32",8x8,256b,1,8,INT8_RVV,4-7,4,4,1024,1024,1024,32,3,OK,0,NONE,0.344975919,GOPS,6.225025,parallel_tiles_including_required_packing,DISABLED,0,0,"0:cpu4:tiles8;1:cpu5:tiles8;2:cpu6:tiles8;3:cpu7:tiles8","NA",static,0,"NA","NA","/home/bananapi/MAT/kernels riscv rvv 1.0/FINAL/riscv-rvv-ime-gemm-microkernels-updated/HETEROGENEOUS_RVV_IME_OPENMP_GEMM/results/openmp_results_k1-rvv-only_1024_20260904_074523/raw_logs/GEMM_RVV_FP32_INT8_8x8_Baseline_RVV_IGEMM_INT8_I8I32_8x8_igemm_kernel_8x8_zvl256b_lmul1_unroll8_i8i32_run3.log",NA,NA,NA,NA,NA,NA,NA
2026-09-04T08:50:07,k1-rvv-only,"GEMM_RVV_FP32_INT8_8x8_Baseline","RVV_IGEMM_INT8_I8I32_8x8","igemm_kernel_8x8_zvl256b_lmul1_unroll8_i8i32",8x8,256b,1,8,INT8_RVV,4-7,4,4,1024,1024,1024,32,4,OK,0,NONE,0.344051000,GOPS,6.241760,parallel_tiles_including_required_packing,DISABLED,0,0,"0:cpu4:tiles8;1:cpu5:tiles8;2:cpu6:tiles8;3:cpu7:tiles8","NA",static,0,"NA","NA","/home/bananapi/MAT/kernels riscv rvv 1.0/FINAL/riscv-rvv-ime-gemm-microkernels-updated/HETEROGENEOUS_RVV_IME_OPENMP_GEMM/results/openmp_results_k1-rvv-only_1024_20260904_074523/raw_logs/GEMM_RVV_FP32_INT8_8x8_Baseline_RVV_IGEMM_INT8_I8I32_8x8_igemm_kernel_8x8_zvl256b_lmul1_unroll8_i8i32_run4.log",NA,NA,NA,NA,NA,NA,NA
2026-09-04T08:50:08,k1-rvv-only,"GEMM_RVV_FP32_INT8_8x8_Baseline","RVV_IGEMM_INT8_I8I32_8x8","igemm_kernel_8x8_zvl256b_lmul1_unroll8_i8i32",8x8,256b,1,8,INT8_RVV,4-7,4,4,1024,1024,1024,32,5,OK,0,NONE,0.344351165,GOPS,6.236319,parallel_tiles_including_required_packing,DISABLED,0,0,"0:cpu4:tiles8;1:cpu5:tiles8;2:cpu6:tiles8;3:cpu7:tiles8","NA",static,0,"NA","NA","/home/bananapi/MAT/kernels riscv rvv 1.0/FINAL/riscv-rvv-ime-gemm-microkernels-updated/HETEROGENEOUS_RVV_IME_OPENMP_GEMM/results/openmp_results_k1-rvv-only_1024_20260904_074523/raw_logs/GEMM_RVV_FP32_INT8_8x8_Baseline_RVV_IGEMM_INT8_I8I32_8x8_igemm_kernel_8x8_zvl256b_lmul1_unroll8_i8i32_run5.log",NA,NA,NA,NA,NA,NA,NA
2026-09-04T08:50:09,k1-rvv-only,"GEMM_RVV_FP32_INT8_8x8_Baseline","RVV_IGEMM_INT8_I8I32_8x8","igemm_kernel_8x8_zvl256b_lmul1_unroll8_i8i32",8x8,256b,1,8,INT8_RVV,4-7,4,4,1024,1024,1024,32,6,OK,0,NONE,0.341958500,GOPS,6.279954,parallel_tiles_including_required_packing,DISABLED,0,0,"0:cpu4:tiles8;1:cpu5:tiles8;2:cpu6:tiles8;3:cpu7:tiles8","NA",static,0,"NA","NA","/home/bananapi/MAT/kernels riscv rvv 1.0/FINAL/riscv-rvv-ime-gemm-microkernels-updated/HETEROGENEOUS_RVV_IME_OPENMP_GEMM/results/openmp_results_k1-rvv-only_1024_20260904_074523/raw_logs/GEMM_RVV_FP32_INT8_8x8_Baseline_RVV_IGEMM_INT8_I8I32_8x8_igemm_kernel_8x8_zvl256b_lmul1_unroll8_i8i32_run6.log",NA,NA,NA,NA,NA,NA,NA
2026-09-04T08:50:55,k1-rvv-only,"GEMM_RVV_FP32_INT8_8x8_Baseline","RVV_IGEMM_INT8_I8I32_8x8","igemm_kernel_8x8_zvl256b_lmul2_unroll1_i8i32",8x8,256b,2,1,INT8_RVV,4-7,4,4,1024,1024,1024,32,1,OK,0,NONE,1.065326292,GOPS,2.015799,parallel_tiles_including_required_packing,INDEPENDENT_INT64_REFERENCE_EXACT_INT32,0,0,"0:cpu4:tiles8;1:cpu5:tiles8;2:cpu6:tiles8;3:cpu7:tiles8","NA",static,0,"NA","NA","/home/bananapi/MAT/kernels riscv rvv 1.0/FINAL/riscv-rvv-ime-gemm-microkernels-updated/HETEROGENEOUS_RVV_IME_OPENMP_GEMM/results/openmp_results_k1-rvv-only_1024_20260904_074523/raw_logs/GEMM_RVV_FP32_INT8_8x8_Baseline_RVV_IGEMM_INT8_I8I32_8x8_igemm_kernel_8x8_zvl256b_lmul2_unroll1_i8i32_run1.log",NA,NA,NA,NA,NA,NA,NA
2026-09-04T08:50:57,k1-rvv-only,"GEMM_RVV_FP32_INT8_8x8_Baseline","RVV_IGEMM_INT8_I8I32_8x8","igemm_kernel_8x8_zvl256b_lmul2_unroll1_i8i32",8x8,256b,2,1,INT8_RVV,4-7,4,4,1024,1024,1024,32,2,OK,0,NONE,1.060895707,GOPS,2.024217,parallel_tiles_including_required_packing,DISABLED,0,0,"0:cpu4:tiles8;1:cpu5:tiles8;2:cpu6:tiles8;3:cpu7:tiles8","NA",static,0,"NA","NA","/home/bananapi/MAT/kernels riscv rvv 1.0/FINAL/riscv-rvv-ime-gemm-microkernels-updated/HETEROGENEOUS_RVV_IME_OPENMP_GEMM/results/openmp_results_k1-rvv-only_1024_20260904_074523/raw_logs/GEMM_RVV_FP32_INT8_8x8_Baseline_RVV_IGEMM_INT8_I8I32_8x8_igemm_kernel_8x8_zvl256b_lmul2_unroll1_i8i32_run2.log",NA,NA,NA,NA,NA,NA,NA
2026-09-04T08:50:59,k1-rvv-only,"GEMM_RVV_FP32_INT8_8x8_Baseline","RVV_IGEMM_INT8_I8I32_8x8","igemm_kernel_8x8_zvl256b_lmul2_unroll1_i8i32",8x8,256b,2,1,INT8_RVV,4-7,4,4,1024,1024,1024,32,3,OK,0,NONE,1.068583708,GOPS,2.009654,parallel_tiles_including_required_packing,DISABLED,0,0,"0:cpu4:tiles8;1:cpu5:tiles8;2:cpu6:tiles8;3:cpu7:tiles8","NA",static,0,"NA","NA","/home/bananapi/MAT/kernels riscv rvv 1.0/FINAL/riscv-rvv-ime-gemm-microkernels-updated/HETEROGENEOUS_RVV_IME_OPENMP_GEMM/results/openmp_results_k1-rvv-only_1024_20260904_074523/raw_logs/GEMM_RVV_FP32_INT8_8x8_Baseline_RVV_IGEMM_INT8_I8I32_8x8_igemm_kernel_8x8_zvl256b_lmul2_unroll1_i8i32_run3.log",NA,NA,NA,NA,NA,NA,NA
2026-09-04T08:51:02,k1-rvv-only,"GEMM_RVV_FP32_INT8_8x8_Baseline","RVV_IGEMM_INT8_I8I32_8x8","igemm_kernel_8x8_zvl256b_lmul2_unroll1_i8i32",8x8,256b,2,1,INT8_RVV,4-7,4,4,1024,1024,1024,32,4,OK,0,NONE,1.065208916,GOPS,2.016021,parallel_tiles_including_required_packing,DISABLED,0,0,"0:cpu4:tiles8;1:cpu5:tiles8;2:cpu6:tiles8;3:cpu7:tiles8","NA",static,0,"NA","NA","/home/bananapi/MAT/kernels riscv rvv 1.0/FINAL/riscv-rvv-ime-gemm-microkernels-updated/HETEROGENEOUS_RVV_IME_OPENMP_GEMM/results/openmp_results_k1-rvv-only_1024_20260904_074523/raw_logs/GEMM_RVV_FP32_INT8_8x8_Baseline_RVV_IGEMM_INT8_I8I32_8x8_igemm_kernel_8x8_zvl256b_lmul2_unroll1_i8i32_run4.log",NA,NA,NA,NA,NA,NA,NA
2026-09-04T08:51:04,k1-rvv-only,"GEMM_RVV_FP32_INT8_8x8_Baseline","RVV_IGEMM_INT8_I8I32_8x8","igemm_kernel_8x8_zvl256b_lmul2_unroll1_i8i32",8x8,256b,2,1,INT8_RVV,4-7,4,4,1024,1024,1024,32,5,OK,0,NONE,1.065791458,GOPS,2.014919,parallel_tiles_including_required_packing,DISABLED,0,0,"0:cpu4:tiles8;1:cpu5:tiles8;2:cpu6:tiles8;3:cpu7:tiles8","NA",static,0,"NA","NA","/home/bananapi/MAT/kernels riscv rvv 1.0/FINAL/riscv-rvv-ime-gemm-microkernels-updated/HETEROGENEOUS_RVV_IME_OPENMP_GEMM/results/openmp_results_k1-rvv-only_1024_20260904_074523/raw_logs/GEMM_RVV_FP32_INT8_8x8_Baseline_RVV_IGEMM_INT8_I8I32_8x8_igemm_kernel_8x8_zvl256b_lmul2_unroll1_i8i32_run5.log",NA,NA,NA,NA,NA,NA,NA
2026-09-04T08:51:07,k1-rvv-only,"GEMM_RVV_FP32_INT8_8x8_Baseline","RVV_IGEMM_INT8_I8I32_8x8","igemm_kernel_8x8_zvl256b_lmul2_unroll1_i8i32",8x8,256b,2,1,INT8_RVV,4-7,4,4,1024,1024,1024,32,6,OK,0,NONE,1.064875916,GOPS,2.016652,parallel_tiles_including_required_packing,DISABLED,0,0,"0:cpu4:tiles8;1:cpu5:tiles8;2:cpu6:tiles8;3:cpu7:tiles8","NA",static,0,"NA","NA","/home/bananapi/MAT/kernels riscv rvv 1.0/FINAL/riscv-rvv-ime-gemm-microkernels-updated/HETEROGENEOUS_RVV_IME_OPENMP_GEMM/results/openmp_results_k1-rvv-only_1024_20260904_074523/raw_logs/GEMM_RVV_FP32_INT8_8x8_Baseline_RVV_IGEMM_INT8_I8I32_8x8_igemm_kernel_8x8_zvl256b_lmul2_unroll1_i8i32_run6.log",NA,NA,NA,NA,NA,NA,NA
2026-09-04T08:52:09,k1-rvv-only,"GEMM_RVV_FP32_INT8_8x8_Baseline","RVV_IGEMM_INT8_I8I32_8x8","igemm_kernel_8x8_zvl256b_lmul2_unroll2_i8i32",8x8,256b,2,2,INT8_RVV,4-7,4,4,1024,1024,1024,32,1,OK,0,NONE,1.065664046,GOPS,2.015160,parallel_tiles_including_required_packing,INDEPENDENT_INT64_REFERENCE_EXACT_INT32,0,0,"0:cpu4:tiles8;1:cpu5:tiles8;2:cpu6:tiles8;3:cpu7:tiles8","NA",static,0,"NA","NA","/home/bananapi/MAT/kernels riscv rvv 1.0/FINAL/riscv-rvv-ime-gemm-microkernels-updated/HETEROGENEOUS_RVV_IME_OPENMP_GEMM/results/openmp_results_k1-rvv-only_1024_20260904_074523/raw_logs/GEMM_RVV_FP32_INT8_8x8_Baseline_RVV_IGEMM_INT8_I8I32_8x8_igemm_kernel_8x8_zvl256b_lmul2_unroll2_i8i32_run1.log",NA,NA,NA,NA,NA,NA,NA
2026-09-04T08:52:11,k1-rvv-only,"GEMM_RVV_FP32_INT8_8x8_Baseline","RVV_IGEMM_INT8_I8I32_8x8","igemm_kernel_8x8_zvl256b_lmul2_unroll2_i8i32",8x8,256b,2,2,INT8_RVV,4-7,4,4,1024,1024,1024,32,2,OK,0,NONE,1.058041666,GOPS,2.029678,parallel_tiles_including_required_packing,DISABLED,0,0,"0:cpu4:tiles8;1:cpu5:tiles8;2:cpu6:tiles8;3:cpu7:tiles8","NA",static,0,"NA","NA","/home/bananapi/MAT/kernels riscv rvv 1.0/FINAL/riscv-rvv-ime-gemm-microkernels-updated/HETEROGENEOUS_RVV_IME_OPENMP_GEMM/results/openmp_results_k1-rvv-only_1024_20260904_074523/raw_logs/GEMM_RVV_FP32_INT8_8x8_Baseline_RVV_IGEMM_INT8_I8I32_8x8_igemm_kernel_8x8_zvl256b_lmul2_unroll2_i8i32_run2.log",NA,NA,NA,NA,NA,NA,NA
2026-09-04T08:52:14,k1-rvv-only,"GEMM_RVV_FP32_INT8_8x8_Baseline","RVV_IGEMM_INT8_I8I32_8x8","igemm_kernel_8x8_zvl256b_lmul2_unroll2_i8i32",8x8,256b,2,2,INT8_RVV,4-7,4,4,1024,1024,1024,32,3,OK,0,NONE,1.061578918,GOPS,2.022915,parallel_tiles_including_required_packing,DISABLED,0,0,"0:cpu4:tiles8;1:cpu5:tiles8;2:cpu6:tiles8;3:cpu7:tiles8","NA",static,0,"NA","NA","/home/bananapi/MAT/kernels riscv rvv 1.0/FINAL/riscv-rvv-ime-gemm-microkernels-updated/HETEROGENEOUS_RVV_IME_OPENMP_GEMM/results/openmp_results_k1-rvv-only_1024_20260904_074523/raw_logs/GEMM_RVV_FP32_INT8_8x8_Baseline_RVV_IGEMM_INT8_I8I32_8x8_igemm_kernel_8x8_zvl256b_lmul2_unroll2_i8i32_run3.log",NA,NA,NA,NA,NA,NA,NA
2026-09-04T08:52:16,k1-rvv-only,"GEMM_RVV_FP32_INT8_8x8_Baseline","RVV_IGEMM_INT8_I8I32_8x8","igemm_kernel_8x8_zvl256b_lmul2_unroll2_i8i32",8x8,256b,2,2,INT8_RVV,4-7,4,4,1024,1024,1024,32,4,OK,0,NONE,1.065106504,GOPS,2.016215,parallel_tiles_including_required_packing,DISABLED,0,0,"0:cpu4:tiles8;1:cpu5:tiles8;2:cpu6:tiles8;3:cpu7:tiles8","NA",static,0,"NA","NA","/home/bananapi/MAT/kernels riscv rvv 1.0/FINAL/riscv-rvv-ime-gemm-microkernels-updated/HETEROGENEOUS_RVV_IME_OPENMP_GEMM/results/openmp_results_k1-rvv-only_1024_20260904_074523/raw_logs/GEMM_RVV_FP32_INT8_8x8_Baseline_RVV_IGEMM_INT8_I8I32_8x8_igemm_kernel_8x8_zvl256b_lmul2_unroll2_i8i32_run4.log",NA,NA,NA,NA,NA,NA,NA
2026-09-04T08:52:19,k1-rvv-only,"GEMM_RVV_FP32_INT8_8x8_Baseline","RVV_IGEMM_INT8_I8I32_8x8","igemm_kernel_8x8_zvl256b_lmul2_unroll2_i8i32",8x8,256b,2,2,INT8_RVV,4-7,4,4,1024,1024,1024,32,5,OK,0,NONE,1.064421456,GOPS,2.017513,parallel_tiles_including_required_packing,DISABLED,0,0,"0:cpu4:tiles8;1:cpu5:tiles8;2:cpu6:tiles8;3:cpu7:tiles8","NA",static,0,"NA","NA","/home/bananapi/MAT/kernels riscv rvv 1.0/FINAL/riscv-rvv-ime-gemm-microkernels-updated/HETEROGENEOUS_RVV_IME_OPENMP_GEMM/results/openmp_results_k1-rvv-only_1024_20260904_074523/raw_logs/GEMM_RVV_FP32_INT8_8x8_Baseline_RVV_IGEMM_INT8_I8I32_8x8_igemm_kernel_8x8_zvl256b_lmul2_unroll2_i8i32_run5.log",NA,NA,NA,NA,NA,NA,NA
2026-09-04T08:52:21,k1-rvv-only,"GEMM_RVV_FP32_INT8_8x8_Baseline","RVV_IGEMM_INT8_I8I32_8x8","igemm_kernel_8x8_zvl256b_lmul2_unroll2_i8i32",8x8,256b,2,2,INT8_RVV,4-7,4,4,1024,1024,1024,32,6,OK,0,NONE,1.068412084,GOPS,2.009977,parallel_tiles_including_required_packing,DISABLED,0,0,"0:cpu4:tiles8;1:cpu5:tiles8;2:cpu6:tiles8;3:cpu7:tiles8","NA",static,0,"NA","NA","/home/bananapi/MAT/kernels riscv rvv 1.0/FINAL/riscv-rvv-ime-gemm-microkernels-updated/HETEROGENEOUS_RVV_IME_OPENMP_GEMM/results/openmp_results_k1-rvv-only_1024_20260904_074523/raw_logs/GEMM_RVV_FP32_INT8_8x8_Baseline_RVV_IGEMM_INT8_I8I32_8x8_igemm_kernel_8x8_zvl256b_lmul2_unroll2_i8i32_run6.log",NA,NA,NA,NA,NA,NA,NA
2026-09-04T08:53:24,k1-rvv-only,"GEMM_RVV_FP32_INT8_8x8_Baseline","RVV_IGEMM_INT8_I8I32_8x8","igemm_kernel_8x8_zvl256b_lmul2_unroll4_i8i32",8x8,256b,2,4,INT8_RVV,4-7,4,4,1024,1024,1024,32,1,OK,0,NONE,1.235855751,GOPS,1.737649,parallel_tiles_including_required_packing,INDEPENDENT_INT64_REFERENCE_EXACT_INT32,0,0,"0:cpu4:tiles8;1:cpu5:tiles8;2:cpu6:tiles8;3:cpu7:tiles8","NA",static,0,"NA","NA","/home/bananapi/MAT/kernels riscv rvv 1.0/FINAL/riscv-rvv-ime-gemm-microkernels-updated/HETEROGENEOUS_RVV_IME_OPENMP_GEMM/results/openmp_results_k1-rvv-only_1024_20260904_074523/raw_logs/GEMM_RVV_FP32_INT8_8x8_Baseline_RVV_IGEMM_INT8_I8I32_8x8_igemm_kernel_8x8_zvl256b_lmul2_unroll4_i8i32_run1.log",NA,NA,NA,NA,NA,NA,NA
2026-09-04T08:53:26,k1-rvv-only,"GEMM_RVV_FP32_INT8_8x8_Baseline","RVV_IGEMM_INT8_I8I32_8x8","igemm_kernel_8x8_zvl256b_lmul2_unroll4_i8i32",8x8,256b,2,4,INT8_RVV,4-7,4,4,1024,1024,1024,32,2,OK,0,NONE,1.233844586,GOPS,1.740481,parallel_tiles_including_required_packing,DISABLED,0,0,"0:cpu4:tiles8;1:cpu5:tiles8;2:cpu6:tiles8;3:cpu7:tiles8","NA",static,0,"NA","NA","/home/bananapi/MAT/kernels riscv rvv 1.0/FINAL/riscv-rvv-ime-gemm-microkernels-updated/HETEROGENEOUS_RVV_IME_OPENMP_GEMM/results/openmp_results_k1-rvv-only_1024_20260904_074523/raw_logs/GEMM_RVV_FP32_INT8_8x8_Baseline_RVV_IGEMM_INT8_I8I32_8x8_igemm_kernel_8x8_zvl256b_lmul2_unroll4_i8i32_run2.log",NA,NA,NA,NA,NA,NA,NA
2026-09-04T08:53:29,k1-rvv-only,"GEMM_RVV_FP32_INT8_8x8_Baseline","RVV_IGEMM_INT8_I8I32_8x8","igemm_kernel_8x8_zvl256b_lmul2_unroll4_i8i32",8x8,256b,2,4,INT8_RVV,4-7,4,4,1024,1024,1024,32,3,OK,0,NONE,1.234317169,GOPS,1.739815,parallel_tiles_including_required_packing,DISABLED,0,0,"0:cpu4:tiles8;1:cpu5:tiles8;2:cpu6:tiles8;3:cpu7:tiles8","NA",static,0,"NA","NA","/home/bananapi/MAT/kernels riscv rvv 1.0/FINAL/riscv-rvv-ime-gemm-microkernels-updated/HETEROGENEOUS_RVV_IME_OPENMP_GEMM/results/openmp_results_k1-rvv-only_1024_20260904_074523/raw_logs/GEMM_RVV_FP32_INT8_8x8_Baseline_RVV_IGEMM_INT8_I8I32_8x8_igemm_kernel_8x8_zvl256b_lmul2_unroll4_i8i32_run3.log",NA,NA,NA,NA,NA,NA,NA
2026-09-04T08:53:32,k1-rvv-only,"GEMM_RVV_FP32_INT8_8x8_Baseline","RVV_IGEMM_INT8_I8I32_8x8","igemm_kernel_8x8_zvl256b_lmul2_unroll4_i8i32",8x8,256b,2,4,INT8_RVV,4-7,4,4,1024,1024,1024,32,4,OK,0,NONE,1.237670917,GOPS,1.735101,parallel_tiles_including_required_packing,DISABLED,0,0,"0:cpu4:tiles8;1:cpu5:tiles8;2:cpu6:tiles8;3:cpu7:tiles8","NA",static,0,"NA","NA","/home/bananapi/MAT/kernels riscv rvv 1.0/FINAL/riscv-rvv-ime-gemm-microkernels-updated/HETEROGENEOUS_RVV_IME_OPENMP_GEMM/results/openmp_results_k1-rvv-only_1024_20260904_074523/raw_logs/GEMM_RVV_FP32_INT8_8x8_Baseline_RVV_IGEMM_INT8_I8I32_8x8_igemm_kernel_8x8_zvl256b_lmul2_unroll4_i8i32_run4.log",NA,NA,NA,NA,NA,NA,NA
2026-09-04T08:53:35,k1-rvv-only,"GEMM_RVV_FP32_INT8_8x8_Baseline","RVV_IGEMM_INT8_I8I32_8x8","igemm_kernel_8x8_zvl256b_lmul2_unroll4_i8i32",8x8,256b,2,4,INT8_RVV,4-7,4,4,1024,1024,1024,32,5,OK,0,NONE,1.236280337,GOPS,1.737052,parallel_tiles_including_required_packing,DISABLED,0,0,"0:cpu4:tiles8;1:cpu5:tiles8;2:cpu6:tiles8;3:cpu7:tiles8","NA",static,0,"NA","NA","/home/bananapi/MAT/kernels riscv rvv 1.0/FINAL/riscv-rvv-ime-gemm-microkernels-updated/HETEROGENEOUS_RVV_IME_OPENMP_GEMM/results/openmp_results_k1-rvv-only_1024_20260904_074523/raw_logs/GEMM_RVV_FP32_INT8_8x8_Baseline_RVV_IGEMM_INT8_I8I32_8x8_igemm_kernel_8x8_zvl256b_lmul2_unroll4_i8i32_run5.log",NA,NA,NA,NA,NA,NA,NA
2026-09-04T08:53:37,k1-rvv-only,"GEMM_RVV_FP32_INT8_8x8_Baseline","RVV_IGEMM_INT8_I8I32_8x8","igemm_kernel_8x8_zvl256b_lmul2_unroll4_i8i32",8x8,256b,2,4,INT8_RVV,4-7,4,4,1024,1024,1024,32,6,OK,0,NONE,1.236057501,GOPS,1.737365,parallel_tiles_including_required_packing,DISABLED,0,0,"0:cpu4:tiles8;1:cpu5:tiles8;2:cpu6:tiles8;3:cpu7:tiles8","NA",static,0,"NA","NA","/home/bananapi/MAT/kernels riscv rvv 1.0/FINAL/riscv-rvv-ime-gemm-microkernels-updated/HETEROGENEOUS_RVV_IME_OPENMP_GEMM/results/openmp_results_k1-rvv-only_1024_20260904_074523/raw_logs/GEMM_RVV_FP32_INT8_8x8_Baseline_RVV_IGEMM_INT8_I8I32_8x8_igemm_kernel_8x8_zvl256b_lmul2_unroll4_i8i32_run6.log",NA,NA,NA,NA,NA,NA,NA
2026-09-04T08:54:26,k1-rvv-only,"GEMM_RVV_FP32_INT8_8x8_Baseline","RVV_IGEMM_INT8_I8I32_8x8","igemm_kernel_8x8_zvl256b_lmul2_unroll8_i8i32",8x8,256b,2,8,INT8_RVV,4-7,4,4,1024,1024,1024,32,1,OK,0,NONE,1.029855836,GOPS,2.085227,parallel_tiles_including_required_packing,INDEPENDENT_INT64_REFERENCE_EXACT_INT32,0,0,"0:cpu4:tiles8;1:cpu5:tiles8;2:cpu6:tiles8;3:cpu7:tiles8","NA",static,0,"NA","NA","/home/bananapi/MAT/kernels riscv rvv 1.0/FINAL/riscv-rvv-ime-gemm-microkernels-updated/HETEROGENEOUS_RVV_IME_OPENMP_GEMM/results/openmp_results_k1-rvv-only_1024_20260904_074523/raw_logs/GEMM_RVV_FP32_INT8_8x8_Baseline_RVV_IGEMM_INT8_I8I32_8x8_igemm_kernel_8x8_zvl256b_lmul2_unroll8_i8i32_run1.log",NA,NA,NA,NA,NA,NA,NA
2026-09-04T08:54:28,k1-rvv-only,"GEMM_RVV_FP32_INT8_8x8_Baseline","RVV_IGEMM_INT8_I8I32_8x8","igemm_kernel_8x8_zvl256b_lmul2_unroll8_i8i32",8x8,256b,2,8,INT8_RVV,4-7,4,4,1024,1024,1024,32,2,OK,0,NONE,1.019853830,GOPS,2.105678,parallel_tiles_including_required_packing,DISABLED,0,0,"0:cpu4:tiles8;1:cpu5:tiles8;2:cpu6:tiles8;3:cpu7:tiles8","NA",static,0,"NA","NA","/home/bananapi/MAT/kernels riscv rvv 1.0/FINAL/riscv-rvv-ime-gemm-microkernels-updated/HETEROGENEOUS_RVV_IME_OPENMP_GEMM/results/openmp_results_k1-rvv-only_1024_20260904_074523/raw_logs/GEMM_RVV_FP32_INT8_8x8_Baseline_RVV_IGEMM_INT8_I8I32_8x8_igemm_kernel_8x8_zvl256b_lmul2_unroll8_i8i32_run2.log",NA,NA,NA,NA,NA,NA,NA
2026-09-04T08:54:31,k1-rvv-only,"GEMM_RVV_FP32_INT8_8x8_Baseline","RVV_IGEMM_INT8_I8I32_8x8","igemm_kernel_8x8_zvl256b_lmul2_unroll8_i8i32",8x8,256b,2,8,INT8_RVV,4-7,4,4,1024,1024,1024,32,3,OK,0,NONE,1.029448420,GOPS,2.086053,parallel_tiles_including_required_packing,DISABLED,0,0,"0:cpu4:tiles8;1:cpu5:tiles8;2:cpu6:tiles8;3:cpu7:tiles8","NA",static,0,"NA","NA","/home/bananapi/MAT/kernels riscv rvv 1.0/FINAL/riscv-rvv-ime-gemm-microkernels-updated/HETEROGENEOUS_RVV_IME_OPENMP_GEMM/results/openmp_results_k1-rvv-only_1024_20260904_074523/raw_logs/GEMM_RVV_FP32_INT8_8x8_Baseline_RVV_IGEMM_INT8_I8I32_8x8_igemm_kernel_8x8_zvl256b_lmul2_unroll8_i8i32_run3.log",NA,NA,NA,NA,NA,NA,NA
2026-09-04T08:54:33,k1-rvv-only,"GEMM_RVV_FP32_INT8_8x8_Baseline","RVV_IGEMM_INT8_I8I32_8x8","igemm_kernel_8x8_zvl256b_lmul2_unroll8_i8i32",8x8,256b,2,8,INT8_RVV,4-7,4,4,1024,1024,1024,32,4,OK,0,NONE,1.023771334,GOPS,2.097620,parallel_tiles_including_required_packing,DISABLED,0,0,"0:cpu4:tiles8;1:cpu5:tiles8;2:cpu6:tiles8;3:cpu7:tiles8","NA",static,0,"NA","NA","/home/bananapi/MAT/kernels riscv rvv 1.0/FINAL/riscv-rvv-ime-gemm-microkernels-updated/HETEROGENEOUS_RVV_IME_OPENMP_GEMM/results/openmp_results_k1-rvv-only_1024_20260904_074523/raw_logs/GEMM_RVV_FP32_INT8_8x8_Baseline_RVV_IGEMM_INT8_I8I32_8x8_igemm_kernel_8x8_zvl256b_lmul2_unroll8_i8i32_run4.log",NA,NA,NA,NA,NA,NA,NA
2026-09-04T08:54:35,k1-rvv-only,"GEMM_RVV_FP32_INT8_8x8_Baseline","RVV_IGEMM_INT8_I8I32_8x8","igemm_kernel_8x8_zvl256b_lmul2_unroll8_i8i32",8x8,256b,2,8,INT8_RVV,4-7,4,4,1024,1024,1024,32,5,OK,0,NONE,1.029817875,GOPS,2.085304,parallel_tiles_including_required_packing,DISABLED,0,0,"0:cpu4:tiles8;1:cpu5:tiles8;2:cpu6:tiles8;3:cpu7:tiles8","NA",static,0,"NA","NA","/home/bananapi/MAT/kernels riscv rvv 1.0/FINAL/riscv-rvv-ime-gemm-microkernels-updated/HETEROGENEOUS_RVV_IME_OPENMP_GEMM/results/openmp_results_k1-rvv-only_1024_20260904_074523/raw_logs/GEMM_RVV_FP32_INT8_8x8_Baseline_RVV_IGEMM_INT8_I8I32_8x8_igemm_kernel_8x8_zvl256b_lmul2_unroll8_i8i32_run5.log",NA,NA,NA,NA,NA,NA,NA
2026-09-04T08:54:38,k1-rvv-only,"GEMM_RVV_FP32_INT8_8x8_Baseline","RVV_IGEMM_INT8_I8I32_8x8","igemm_kernel_8x8_zvl256b_lmul2_unroll8_i8i32",8x8,256b,2,8,INT8_RVV,4-7,4,4,1024,1024,1024,32,6,OK,0,NONE,1.025199626,GOPS,2.094698,parallel_tiles_including_required_packing,DISABLED,0,0,"0:cpu4:tiles8;1:cpu5:tiles8;2:cpu6:tiles8;3:cpu7:tiles8","NA",static,0,"NA","NA","/home/bananapi/MAT/kernels riscv rvv 1.0/FINAL/riscv-rvv-ime-gemm-microkernels-updated/HETEROGENEOUS_RVV_IME_OPENMP_GEMM/results/openmp_results_k1-rvv-only_1024_20260904_074523/raw_logs/GEMM_RVV_FP32_INT8_8x8_Baseline_RVV_IGEMM_INT8_I8I32_8x8_igemm_kernel_8x8_zvl256b_lmul2_unroll8_i8i32_run6.log",NA,NA,NA,NA,NA,NA,NA
2026-09-04T08:55:36,k1-rvv-only,"GEMM_RVV_FP32_INT8_8x8_Baseline","RVV_IGEMM_INT8_I8I32_8x8","igemm_kernel_8x8_zvl256b_lmulmf2_unroll1_i8i32",8x8,256b,mf2,1,INT8_RVV,4-7,4,4,1024,1024,1024,32,1,OK,0,NONE,0.146345627,GOPS,14.674054,parallel_tiles_including_required_packing,INDEPENDENT_INT64_REFERENCE_EXACT_INT32,0,0,"0:cpu4:tiles8;1:cpu5:tiles8;2:cpu6:tiles8;3:cpu7:tiles8","NA",static,0,"NA","NA","/home/bananapi/MAT/kernels riscv rvv 1.0/FINAL/riscv-rvv-ime-gemm-microkernels-updated/HETEROGENEOUS_RVV_IME_OPENMP_GEMM/results/openmp_results_k1-rvv-only_1024_20260904_074523/raw_logs/GEMM_RVV_FP32_INT8_8x8_Baseline_RVV_IGEMM_INT8_I8I32_8x8_igemm_kernel_8x8_zvl256b_lmulmf2_unroll1_i8i32_run1.log",NA,NA,NA,NA,NA,NA,NA
2026-09-04T08:55:37,k1-rvv-only,"GEMM_RVV_FP32_INT8_8x8_Baseline","RVV_IGEMM_INT8_I8I32_8x8","igemm_kernel_8x8_zvl256b_lmulmf2_unroll1_i8i32",8x8,256b,mf2,1,INT8_RVV,4-7,4,4,1024,1024,1024,32,2,OK,0,NONE,0.145574335,GOPS,14.751801,parallel_tiles_including_required_packing,DISABLED,0,0,"0:cpu4:tiles8;1:cpu5:tiles8;2:cpu6:tiles8;3:cpu7:tiles8","NA",static,0,"NA","NA","/home/bananapi/MAT/kernels riscv rvv 1.0/FINAL/riscv-rvv-ime-gemm-microkernels-updated/HETEROGENEOUS_RVV_IME_OPENMP_GEMM/results/openmp_results_k1-rvv-only_1024_20260904_074523/raw_logs/GEMM_RVV_FP32_INT8_8x8_Baseline_RVV_IGEMM_INT8_I8I32_8x8_igemm_kernel_8x8_zvl256b_lmulmf2_unroll1_i8i32_run2.log",NA,NA,NA,NA,NA,NA,NA
2026-09-04T08:55:37,k1-rvv-only,"GEMM_RVV_FP32_INT8_8x8_Baseline","RVV_IGEMM_INT8_I8I32_8x8","igemm_kernel_8x8_zvl256b_lmulmf2_unroll1_i8i32",8x8,256b,mf2,1,INT8_RVV,4-7,4,4,1024,1024,1024,32,3,OK,0,NONE,0.144797415,GOPS,14.830953,parallel_tiles_including_required_packing,DISABLED,0,0,"0:cpu4:tiles8;1:cpu5:tiles8;2:cpu6:tiles8;3:cpu7:tiles8","NA",static,0,"NA","NA","/home/bananapi/MAT/kernels riscv rvv 1.0/FINAL/riscv-rvv-ime-gemm-microkernels-updated/HETEROGENEOUS_RVV_IME_OPENMP_GEMM/results/openmp_results_k1-rvv-only_1024_20260904_074523/raw_logs/GEMM_RVV_FP32_INT8_8x8_Baseline_RVV_IGEMM_INT8_I8I32_8x8_igemm_kernel_8x8_zvl256b_lmulmf2_unroll1_i8i32_run3.log",NA,NA,NA,NA,NA,NA,NA
2026-09-04T08:55:38,k1-rvv-only,"GEMM_RVV_FP32_INT8_8x8_Baseline","RVV_IGEMM_INT8_I8I32_8x8","igemm_kernel_8x8_zvl256b_lmulmf2_unroll1_i8i32",8x8,256b,mf2,1,INT8_RVV,4-7,4,4,1024,1024,1024,32,4,OK,0,NONE,0.143809292,GOPS,14.932857,parallel_tiles_including_required_packing,DISABLED,0,0,"0:cpu4:tiles8;1:cpu5:tiles8;2:cpu6:tiles8;3:cpu7:tiles8","NA",static,0,"NA","NA","/home/bananapi/MAT/kernels riscv rvv 1.0/FINAL/riscv-rvv-ime-gemm-microkernels-updated/HETEROGENEOUS_RVV_IME_OPENMP_GEMM/results/openmp_results_k1-rvv-only_1024_20260904_074523/raw_logs/GEMM_RVV_FP32_INT8_8x8_Baseline_RVV_IGEMM_INT8_I8I32_8x8_igemm_kernel_8x8_zvl256b_lmulmf2_unroll1_i8i32_run4.log",NA,NA,NA,NA,NA,NA,NA
2026-09-04T08:55:38,k1-rvv-only,"GEMM_RVV_FP32_INT8_8x8_Baseline","RVV_IGEMM_INT8_I8I32_8x8","igemm_kernel_8x8_zvl256b_lmulmf2_unroll1_i8i32",8x8,256b,mf2,1,INT8_RVV,4-7,4,4,1024,1024,1024,32,5,OK,0,NONE,0.149488956,GOPS,14.365500,parallel_tiles_including_required_packing,DISABLED,0,0,"0:cpu4:tiles8;1:cpu5:tiles8;2:cpu6:tiles8;3:cpu7:tiles8","NA",static,0,"NA","NA","/home/bananapi/MAT/kernels riscv rvv 1.0/FINAL/riscv-rvv-ime-gemm-microkernels-updated/HETEROGENEOUS_RVV_IME_OPENMP_GEMM/results/openmp_results_k1-rvv-only_1024_20260904_074523/raw_logs/GEMM_RVV_FP32_INT8_8x8_Baseline_RVV_IGEMM_INT8_I8I32_8x8_igemm_kernel_8x8_zvl256b_lmulmf2_unroll1_i8i32_run5.log",NA,NA,NA,NA,NA,NA,NA
2026-09-04T08:55:39,k1-rvv-only,"GEMM_RVV_FP32_INT8_8x8_Baseline","RVV_IGEMM_INT8_I8I32_8x8","igemm_kernel_8x8_zvl256b_lmulmf2_unroll1_i8i32",8x8,256b,mf2,1,INT8_RVV,4-7,4,4,1024,1024,1024,32,6,OK,0,NONE,0.145874210,GOPS,14.721476,parallel_tiles_including_required_packing,DISABLED,0,0,"0:cpu4:tiles8;1:cpu5:tiles8;2:cpu6:tiles8;3:cpu7:tiles8","NA",static,0,"NA","NA","/home/bananapi/MAT/kernels riscv rvv 1.0/FINAL/riscv-rvv-ime-gemm-microkernels-updated/HETEROGENEOUS_RVV_IME_OPENMP_GEMM/results/openmp_results_k1-rvv-only_1024_20260904_074523/raw_logs/GEMM_RVV_FP32_INT8_8x8_Baseline_RVV_IGEMM_INT8_I8I32_8x8_igemm_kernel_8x8_zvl256b_lmulmf2_unroll1_i8i32_run6.log",NA,NA,NA,NA,NA,NA,NA
2026-09-04T08:56:22,k1-rvv-only,"GEMM_RVV_FP32_INT8_8x8_Baseline","RVV_IGEMM_INT8_I8I32_8x8","igemm_kernel_8x8_zvl256b_lmulmf2_unroll2_i8i32",8x8,256b,mf2,2,INT8_RVV,4-7,4,4,1024,1024,1024,32,1,OK,0,NONE,0.135277376,GOPS,15.874670,parallel_tiles_including_required_packing,INDEPENDENT_INT64_REFERENCE_EXACT_INT32,0,0,"0:cpu4:tiles8;1:cpu5:tiles8;2:cpu6:tiles8;3:cpu7:tiles8","NA",static,0,"NA","NA","/home/bananapi/MAT/kernels riscv rvv 1.0/FINAL/riscv-rvv-ime-gemm-microkernels-updated/HETEROGENEOUS_RVV_IME_OPENMP_GEMM/results/openmp_results_k1-rvv-only_1024_20260904_074523/raw_logs/GEMM_RVV_FP32_INT8_8x8_Baseline_RVV_IGEMM_INT8_I8I32_8x8_igemm_kernel_8x8_zvl256b_lmulmf2_unroll2_i8i32_run1.log",NA,NA,NA,NA,NA,NA,NA
2026-09-04T08:56:22,k1-rvv-only,"GEMM_RVV_FP32_INT8_8x8_Baseline","RVV_IGEMM_INT8_I8I32_8x8","igemm_kernel_8x8_zvl256b_lmulmf2_unroll2_i8i32",8x8,256b,mf2,2,INT8_RVV,4-7,4,4,1024,1024,1024,32,2,OK,0,NONE,0.135818083,GOPS,15.811471,parallel_tiles_including_required_packing,DISABLED,0,0,"0:cpu4:tiles8;1:cpu5:tiles8;2:cpu6:tiles8;3:cpu7:tiles8","NA",static,0,"NA","NA","/home/bananapi/MAT/kernels riscv rvv 1.0/FINAL/riscv-rvv-ime-gemm-microkernels-updated/HETEROGENEOUS_RVV_IME_OPENMP_GEMM/results/openmp_results_k1-rvv-only_1024_20260904_074523/raw_logs/GEMM_RVV_FP32_INT8_8x8_Baseline_RVV_IGEMM_INT8_I8I32_8x8_igemm_kernel_8x8_zvl256b_lmulmf2_unroll2_i8i32_run2.log",NA,NA,NA,NA,NA,NA,NA
2026-09-04T08:56:23,k1-rvv-only,"GEMM_RVV_FP32_INT8_8x8_Baseline","RVV_IGEMM_INT8_I8I32_8x8","igemm_kernel_8x8_zvl256b_lmulmf2_unroll2_i8i32",8x8,256b,mf2,2,INT8_RVV,4-7,4,4,1024,1024,1024,32,3,OK,0,NONE,0.135044459,GOPS,15.902049,parallel_tiles_including_required_packing,DISABLED,0,0,"0:cpu4:tiles8;1:cpu5:tiles8;2:cpu6:tiles8;3:cpu7:tiles8","NA",static,0,"NA","NA","/home/bananapi/MAT/kernels riscv rvv 1.0/FINAL/riscv-rvv-ime-gemm-microkernels-updated/HETEROGENEOUS_RVV_IME_OPENMP_GEMM/results/openmp_results_k1-rvv-only_1024_20260904_074523/raw_logs/GEMM_RVV_FP32_INT8_8x8_Baseline_RVV_IGEMM_INT8_I8I32_8x8_igemm_kernel_8x8_zvl256b_lmulmf2_unroll2_i8i32_run3.log",NA,NA,NA,NA,NA,NA,NA
2026-09-04T08:56:23,k1-rvv-only,"GEMM_RVV_FP32_INT8_8x8_Baseline","RVV_IGEMM_INT8_I8I32_8x8","igemm_kernel_8x8_zvl256b_lmulmf2_unroll2_i8i32",8x8,256b,mf2,2,INT8_RVV,4-7,4,4,1024,1024,1024,32,4,OK,0,NONE,0.135349624,GOPS,15.866196,parallel_tiles_including_required_packing,DISABLED,0,0,"0:cpu4:tiles8;1:cpu5:tiles8;2:cpu6:tiles8;3:cpu7:tiles8","NA",static,0,"NA","NA","/home/bananapi/MAT/kernels riscv rvv 1.0/FINAL/riscv-rvv-ime-gemm-microkernels-updated/HETEROGENEOUS_RVV_IME_OPENMP_GEMM/results/openmp_results_k1-rvv-only_1024_20260904_074523/raw_logs/GEMM_RVV_FP32_INT8_8x8_Baseline_RVV_IGEMM_INT8_I8I32_8x8_igemm_kernel_8x8_zvl256b_lmulmf2_unroll2_i8i32_run4.log",NA,NA,NA,NA,NA,NA,NA
2026-09-04T08:56:24,k1-rvv-only,"GEMM_RVV_FP32_INT8_8x8_Baseline","RVV_IGEMM_INT8_I8I32_8x8","igemm_kernel_8x8_zvl256b_lmulmf2_unroll2_i8i32",8x8,256b,mf2,2,INT8_RVV,4-7,4,4,1024,1024,1024,32,5,OK,0,NONE,0.139611918,GOPS,15.381807,parallel_tiles_including_required_packing,DISABLED,0,0,"0:cpu4:tiles8;1:cpu5:tiles8;2:cpu6:tiles8;3:cpu7:tiles8","NA",static,0,"NA","NA","/home/bananapi/MAT/kernels riscv rvv 1.0/FINAL/riscv-rvv-ime-gemm-microkernels-updated/HETEROGENEOUS_RVV_IME_OPENMP_GEMM/results/openmp_results_k1-rvv-only_1024_20260904_074523/raw_logs/GEMM_RVV_FP32_INT8_8x8_Baseline_RVV_IGEMM_INT8_I8I32_8x8_igemm_kernel_8x8_zvl256b_lmulmf2_unroll2_i8i32_run5.log",NA,NA,NA,NA,NA,NA,NA
2026-09-04T08:56:24,k1-rvv-only,"GEMM_RVV_FP32_INT8_8x8_Baseline","RVV_IGEMM_INT8_I8I32_8x8","igemm_kernel_8x8_zvl256b_lmulmf2_unroll2_i8i32",8x8,256b,mf2,2,INT8_RVV,4-7,4,4,1024,1024,1024,32,6,OK,0,NONE,0.133207042,GOPS,16.121397,parallel_tiles_including_required_packing,DISABLED,0,0,"0:cpu4:tiles8;1:cpu5:tiles8;2:cpu6:tiles8;3:cpu7:tiles8","NA",static,0,"NA","NA","/home/bananapi/MAT/kernels riscv rvv 1.0/FINAL/riscv-rvv-ime-gemm-microkernels-updated/HETEROGENEOUS_RVV_IME_OPENMP_GEMM/results/openmp_results_k1-rvv-only_1024_20260904_074523/raw_logs/GEMM_RVV_FP32_INT8_8x8_Baseline_RVV_IGEMM_INT8_I8I32_8x8_igemm_kernel_8x8_zvl256b_lmulmf2_unroll2_i8i32_run6.log",NA,NA,NA,NA,NA,NA,NA
2026-09-04T08:57:24,k1-rvv-only,"GEMM_RVV_FP32_INT8_8x8_Baseline","RVV_IGEMM_INT8_I8I32_8x8","igemm_kernel_8x8_zvl256b_lmulmf2_unroll4_i8i32",8x8,256b,mf2,4,INT8_RVV,4-7,4,4,1024,1024,1024,32,1,OK,0,NONE,0.134233914,GOPS,15.998071,parallel_tiles_including_required_packing,INDEPENDENT_INT64_REFERENCE_EXACT_INT32,0,0,"0:cpu4:tiles8;1:cpu5:tiles8;2:cpu6:tiles8;3:cpu7:tiles8","NA",static,0,"NA","NA","/home/bananapi/MAT/kernels riscv rvv 1.0/FINAL/riscv-rvv-ime-gemm-microkernels-updated/HETEROGENEOUS_RVV_IME_OPENMP_GEMM/results/openmp_results_k1-rvv-only_1024_20260904_074523/raw_logs/GEMM_RVV_FP32_INT8_8x8_Baseline_RVV_IGEMM_INT8_I8I32_8x8_igemm_kernel_8x8_zvl256b_lmulmf2_unroll4_i8i32_run1.log",NA,NA,NA,NA,NA,NA,NA
2026-09-04T08:57:25,k1-rvv-only,"GEMM_RVV_FP32_INT8_8x8_Baseline","RVV_IGEMM_INT8_I8I32_8x8","igemm_kernel_8x8_zvl256b_lmulmf2_unroll4_i8i32",8x8,256b,mf2,4,INT8_RVV,4-7,4,4,1024,1024,1024,32,2,OK,0,NONE,0.131395999,GOPS,16.343600,parallel_tiles_including_required_packing,DISABLED,0,0,"0:cpu4:tiles8;1:cpu5:tiles8;2:cpu6:tiles8;3:cpu7:tiles8","NA",static,0,"NA","NA","/home/bananapi/MAT/kernels riscv rvv 1.0/FINAL/riscv-rvv-ime-gemm-microkernels-updated/HETEROGENEOUS_RVV_IME_OPENMP_GEMM/results/openmp_results_k1-rvv-only_1024_20260904_074523/raw_logs/GEMM_RVV_FP32_INT8_8x8_Baseline_RVV_IGEMM_INT8_I8I32_8x8_igemm_kernel_8x8_zvl256b_lmulmf2_unroll4_i8i32_run2.log",NA,NA,NA,NA,NA,NA,NA
2026-09-04T08:57:25,k1-rvv-only,"GEMM_RVV_FP32_INT8_8x8_Baseline","RVV_IGEMM_INT8_I8I32_8x8","igemm_kernel_8x8_zvl256b_lmulmf2_unroll4_i8i32",8x8,256b,mf2,4,INT8_RVV,4-7,4,4,1024,1024,1024,32,3,OK,0,NONE,0.133082334,GOPS,16.136504,parallel_tiles_including_required_packing,DISABLED,0,0,"0:cpu4:tiles8;1:cpu5:tiles8;2:cpu6:tiles8;3:cpu7:tiles8","NA",static,0,"NA","NA","/home/bananapi/MAT/kernels riscv rvv 1.0/FINAL/riscv-rvv-ime-gemm-microkernels-updated/HETEROGENEOUS_RVV_IME_OPENMP_GEMM/results/openmp_results_k1-rvv-only_1024_20260904_074523/raw_logs/GEMM_RVV_FP32_INT8_8x8_Baseline_RVV_IGEMM_INT8_I8I32_8x8_igemm_kernel_8x8_zvl256b_lmulmf2_unroll4_i8i32_run3.log",NA,NA,NA,NA,NA,NA,NA
2026-09-04T08:57:26,k1-rvv-only,"GEMM_RVV_FP32_INT8_8x8_Baseline","RVV_IGEMM_INT8_I8I32_8x8","igemm_kernel_8x8_zvl256b_lmulmf2_unroll4_i8i32",8x8,256b,mf2,4,INT8_RVV,4-7,4,4,1024,1024,1024,32,4,OK,0,NONE,0.128861960,GOPS,16.664993,parallel_tiles_including_required_packing,DISABLED,0,0,"0:cpu4:tiles8;1:cpu5:tiles8;2:cpu6:tiles8;3:cpu7:tiles8","NA",static,0,"NA","NA","/home/bananapi/MAT/kernels riscv rvv 1.0/FINAL/riscv-rvv-ime-gemm-microkernels-updated/HETEROGENEOUS_RVV_IME_OPENMP_GEMM/results/openmp_results_k1-rvv-only_1024_20260904_074523/raw_logs/GEMM_RVV_FP32_INT8_8x8_Baseline_RVV_IGEMM_INT8_I8I32_8x8_igemm_kernel_8x8_zvl256b_lmulmf2_unroll4_i8i32_run4.log",NA,NA,NA,NA,NA,NA,NA
2026-09-04T08:57:27,k1-rvv-only,"GEMM_RVV_FP32_INT8_8x8_Baseline","RVV_IGEMM_INT8_I8I32_8x8","igemm_kernel_8x8_zvl256b_lmulmf2_unroll4_i8i32",8x8,256b,mf2,4,INT8_RVV,4-7,4,4,1024,1024,1024,32,5,OK,0,NONE,0.133349665,GOPS,16.104155,parallel_tiles_including_required_packing,DISABLED,0,0,"0:cpu4:tiles8;1:cpu5:tiles8;2:cpu6:tiles8;3:cpu7:tiles8","NA",static,0,"NA","NA","/home/bananapi/MAT/kernels riscv rvv 1.0/FINAL/riscv-rvv-ime-gemm-microkernels-updated/HETEROGENEOUS_RVV_IME_OPENMP_GEMM/results/openmp_results_k1-rvv-only_1024_20260904_074523/raw_logs/GEMM_RVV_FP32_INT8_8x8_Baseline_RVV_IGEMM_INT8_I8I32_8x8_igemm_kernel_8x8_zvl256b_lmulmf2_unroll4_i8i32_run5.log",NA,NA,NA,NA,NA,NA,NA
2026-09-04T08:57:27,k1-rvv-only,"GEMM_RVV_FP32_INT8_8x8_Baseline","RVV_IGEMM_INT8_I8I32_8x8","igemm_kernel_8x8_zvl256b_lmulmf2_unroll4_i8i32",8x8,256b,mf2,4,INT8_RVV,4-7,4,4,1024,1024,1024,32,6,OK,0,NONE,0.130364541,GOPS,16.472912,parallel_tiles_including_required_packing,DISABLED,0,0,"0:cpu4:tiles8;1:cpu5:tiles8;2:cpu6:tiles8;3:cpu7:tiles8","NA",static,0,"NA","NA","/home/bananapi/MAT/kernels riscv rvv 1.0/FINAL/riscv-rvv-ime-gemm-microkernels-updated/HETEROGENEOUS_RVV_IME_OPENMP_GEMM/results/openmp_results_k1-rvv-only_1024_20260904_074523/raw_logs/GEMM_RVV_FP32_INT8_8x8_Baseline_RVV_IGEMM_INT8_I8I32_8x8_igemm_kernel_8x8_zvl256b_lmulmf2_unroll4_i8i32_run6.log",NA,NA,NA,NA,NA,NA,NA
2026-09-04T08:58:29,k1-rvv-only,"GEMM_RVV_FP32_INT8_8x8_Baseline","RVV_IGEMM_INT8_I8I32_8x8","igemm_kernel_8x8_zvl256b_lmulmf2_unroll8_i8i32",8x8,256b,mf2,8,INT8_RVV,4-7,4,4,1024,1024,1024,32,1,OK,0,NONE,0.136843834,GOPS,15.692951,parallel_tiles_including_required_packing,INDEPENDENT_INT64_REFERENCE_EXACT_INT32,0,0,"0:cpu4:tiles8;1:cpu5:tiles8;2:cpu6:tiles8;3:cpu7:tiles8","NA",static,0,"NA","NA","/home/bananapi/MAT/kernels riscv rvv 1.0/FINAL/riscv-rvv-ime-gemm-microkernels-updated/HETEROGENEOUS_RVV_IME_OPENMP_GEMM/results/openmp_results_k1-rvv-only_1024_20260904_074523/raw_logs/GEMM_RVV_FP32_INT8_8x8_Baseline_RVV_IGEMM_INT8_I8I32_8x8_igemm_kernel_8x8_zvl256b_lmulmf2_unroll8_i8i32_run1.log",NA,NA,NA,NA,NA,NA,NA
2026-09-04T08:58:29,k1-rvv-only,"GEMM_RVV_FP32_INT8_8x8_Baseline","RVV_IGEMM_INT8_I8I32_8x8","igemm_kernel_8x8_zvl256b_lmulmf2_unroll8_i8i32",8x8,256b,mf2,8,INT8_RVV,4-7,4,4,1024,1024,1024,32,2,OK,0,NONE,0.136981208,GOPS,15.677214,parallel_tiles_including_required_packing,DISABLED,0,0,"0:cpu4:tiles8;1:cpu5:tiles8;2:cpu6:tiles8;3:cpu7:tiles8","NA",static,0,"NA","NA","/home/bananapi/MAT/kernels riscv rvv 1.0/FINAL/riscv-rvv-ime-gemm-microkernels-updated/HETEROGENEOUS_RVV_IME_OPENMP_GEMM/results/openmp_results_k1-rvv-only_1024_20260904_074523/raw_logs/GEMM_RVV_FP32_INT8_8x8_Baseline_RVV_IGEMM_INT8_I8I32_8x8_igemm_kernel_8x8_zvl256b_lmulmf2_unroll8_i8i32_run2.log",NA,NA,NA,NA,NA,NA,NA
2026-09-04T08:58:30,k1-rvv-only,"GEMM_RVV_FP32_INT8_8x8_Baseline","RVV_IGEMM_INT8_I8I32_8x8","igemm_kernel_8x8_zvl256b_lmulmf2_unroll8_i8i32",8x8,256b,mf2,8,INT8_RVV,4-7,4,4,1024,1024,1024,32,3,OK,0,NONE,0.133891586,GOPS,16.038974,parallel_tiles_including_required_packing,DISABLED,0,0,"0:cpu4:tiles8;1:cpu5:tiles8;2:cpu6:tiles8;3:cpu7:tiles8","NA",static,0,"NA","NA","/home/bananapi/MAT/kernels riscv rvv 1.0/FINAL/riscv-rvv-ime-gemm-microkernels-updated/HETEROGENEOUS_RVV_IME_OPENMP_GEMM/results/openmp_results_k1-rvv-only_1024_20260904_074523/raw_logs/GEMM_RVV_FP32_INT8_8x8_Baseline_RVV_IGEMM_INT8_I8I32_8x8_igemm_kernel_8x8_zvl256b_lmulmf2_unroll8_i8i32_run3.log",NA,NA,NA,NA,NA,NA,NA
2026-09-04T08:58:30,k1-rvv-only,"GEMM_RVV_FP32_INT8_8x8_Baseline","RVV_IGEMM_INT8_I8I32_8x8","igemm_kernel_8x8_zvl256b_lmulmf2_unroll8_i8i32",8x8,256b,mf2,8,INT8_RVV,4-7,4,4,1024,1024,1024,32,4,OK,0,NONE,0.134835124,GOPS,15.926738,parallel_tiles_including_required_packing,DISABLED,0,0,"0:cpu4:tiles8;1:cpu5:tiles8;2:cpu6:tiles8;3:cpu7:tiles8","NA",static,0,"NA","NA","/home/bananapi/MAT/kernels riscv rvv 1.0/FINAL/riscv-rvv-ime-gemm-microkernels-updated/HETEROGENEOUS_RVV_IME_OPENMP_GEMM/results/openmp_results_k1-rvv-only_1024_20260904_074523/raw_logs/GEMM_RVV_FP32_INT8_8x8_Baseline_RVV_IGEMM_INT8_I8I32_8x8_igemm_kernel_8x8_zvl256b_lmulmf2_unroll8_i8i32_run4.log",NA,NA,NA,NA,NA,NA,NA
2026-09-04T08:58:31,k1-rvv-only,"GEMM_RVV_FP32_INT8_8x8_Baseline","RVV_IGEMM_INT8_I8I32_8x8","igemm_kernel_8x8_zvl256b_lmulmf2_unroll8_i8i32",8x8,256b,mf2,8,INT8_RVV,4-7,4,4,1024,1024,1024,32,5,OK,0,NONE,0.134526916,GOPS,15.963227,parallel_tiles_including_required_packing,DISABLED,0,0,"0:cpu4:tiles8;1:cpu5:tiles8;2:cpu6:tiles8;3:cpu7:tiles8","NA",static,0,"NA","NA","/home/bananapi/MAT/kernels riscv rvv 1.0/FINAL/riscv-rvv-ime-gemm-microkernels-updated/HETEROGENEOUS_RVV_IME_OPENMP_GEMM/results/openmp_results_k1-rvv-only_1024_20260904_074523/raw_logs/GEMM_RVV_FP32_INT8_8x8_Baseline_RVV_IGEMM_INT8_I8I32_8x8_igemm_kernel_8x8_zvl256b_lmulmf2_unroll8_i8i32_run5.log",NA,NA,NA,NA,NA,NA,NA
2026-09-04T08:58:32,k1-rvv-only,"GEMM_RVV_FP32_INT8_8x8_Baseline","RVV_IGEMM_INT8_I8I32_8x8","igemm_kernel_8x8_zvl256b_lmulmf2_unroll8_i8i32",8x8,256b,mf2,8,INT8_RVV,4-7,4,4,1024,1024,1024,32,6,OK,0,NONE,0.134042334,GOPS,16.020936,parallel_tiles_including_required_packing,DISABLED,0,0,"0:cpu4:tiles8;1:cpu5:tiles8;2:cpu6:tiles8;3:cpu7:tiles8","NA",static,0,"NA","NA","/home/bananapi/MAT/kernels riscv rvv 1.0/FINAL/riscv-rvv-ime-gemm-microkernels-updated/HETEROGENEOUS_RVV_IME_OPENMP_GEMM/results/openmp_results_k1-rvv-only_1024_20260904_074523/raw_logs/GEMM_RVV_FP32_INT8_8x8_Baseline_RVV_IGEMM_INT8_I8I32_8x8_igemm_kernel_8x8_zvl256b_lmulmf2_unroll8_i8i32_run6.log",NA,NA,NA,NA,NA,NA,NA
2026-09-04T08:59:31,k1-rvv-only,"GEMM_RVV_FP32_INT8_8x8_Baseline","RVV_IGEMM_INT8_I8I32_8x8","igemm_kernel_8x8_zvl256b_lmulmf4_unroll1_i8i32",8x8,256b,mf4,1,INT8_RVV,4-7,4,4,1024,1024,1024,32,1,OK,0,NONE,0.127803374,GOPS,16.803028,parallel_tiles_including_required_packing,INDEPENDENT_INT64_REFERENCE_EXACT_INT32,0,0,"0:cpu4:tiles8;1:cpu5:tiles8;2:cpu6:tiles8;3:cpu7:tiles8","NA",static,0,"NA","NA","/home/bananapi/MAT/kernels riscv rvv 1.0/FINAL/riscv-rvv-ime-gemm-microkernels-updated/HETEROGENEOUS_RVV_IME_OPENMP_GEMM/results/openmp_results_k1-rvv-only_1024_20260904_074523/raw_logs/GEMM_RVV_FP32_INT8_8x8_Baseline_RVV_IGEMM_INT8_I8I32_8x8_igemm_kernel_8x8_zvl256b_lmulmf4_unroll1_i8i32_run1.log",NA,NA,NA,NA,NA,NA,NA
2026-09-04T08:59:31,k1-rvv-only,"GEMM_RVV_FP32_INT8_8x8_Baseline","RVV_IGEMM_INT8_I8I32_8x8","igemm_kernel_8x8_zvl256b_lmulmf4_unroll1_i8i32",8x8,256b,mf4,1,INT8_RVV,4-7,4,4,1024,1024,1024,32,2,OK,0,NONE,0.125451334,GOPS,17.118062,parallel_tiles_including_required_packing,DISABLED,0,0,"0:cpu4:tiles8;1:cpu5:tiles8;2:cpu6:tiles8;3:cpu7:tiles8","NA",static,0,"NA","NA","/home/bananapi/MAT/kernels riscv rvv 1.0/FINAL/riscv-rvv-ime-gemm-microkernels-updated/HETEROGENEOUS_RVV_IME_OPENMP_GEMM/results/openmp_results_k1-rvv-only_1024_20260904_074523/raw_logs/GEMM_RVV_FP32_INT8_8x8_Baseline_RVV_IGEMM_INT8_I8I32_8x8_igemm_kernel_8x8_zvl256b_lmulmf4_unroll1_i8i32_run2.log",NA,NA,NA,NA,NA,NA,NA
2026-09-04T08:59:32,k1-rvv-only,"GEMM_RVV_FP32_INT8_8x8_Baseline","RVV_IGEMM_INT8_I8I32_8x8","igemm_kernel_8x8_zvl256b_lmulmf4_unroll1_i8i32",8x8,256b,mf4,1,INT8_RVV,4-7,4,4,1024,1024,1024,32,3,OK,0,NONE,0.125990540,GOPS,17.044801,parallel_tiles_including_required_packing,DISABLED,0,0,"0:cpu4:tiles8;1:cpu5:tiles8;2:cpu6:tiles8;3:cpu7:tiles8","NA",static,0,"NA","NA","/home/bananapi/MAT/kernels riscv rvv 1.0/FINAL/riscv-rvv-ime-gemm-microkernels-updated/HETEROGENEOUS_RVV_IME_OPENMP_GEMM/results/openmp_results_k1-rvv-only_1024_20260904_074523/raw_logs/GEMM_RVV_FP32_INT8_8x8_Baseline_RVV_IGEMM_INT8_I8I32_8x8_igemm_kernel_8x8_zvl256b_lmulmf4_unroll1_i8i32_run3.log",NA,NA,NA,NA,NA,NA,NA
2026-09-04T08:59:32,k1-rvv-only,"GEMM_RVV_FP32_INT8_8x8_Baseline","RVV_IGEMM_INT8_I8I32_8x8","igemm_kernel_8x8_zvl256b_lmulmf4_unroll1_i8i32",8x8,256b,mf4,1,INT8_RVV,4-7,4,4,1024,1024,1024,32,4,OK,0,NONE,0.126844957,GOPS,16.929988,parallel_tiles_including_required_packing,DISABLED,0,0,"0:cpu4:tiles8;1:cpu5:tiles8;2:cpu6:tiles8;3:cpu7:tiles8","NA",static,0,"NA","NA","/home/bananapi/MAT/kernels riscv rvv 1.0/FINAL/riscv-rvv-ime-gemm-microkernels-updated/HETEROGENEOUS_RVV_IME_OPENMP_GEMM/results/openmp_results_k1-rvv-only_1024_20260904_074523/raw_logs/GEMM_RVV_FP32_INT8_8x8_Baseline_RVV_IGEMM_INT8_I8I32_8x8_igemm_kernel_8x8_zvl256b_lmulmf4_unroll1_i8i32_run4.log",NA,NA,NA,NA,NA,NA,NA
2026-09-04T08:59:33,k1-rvv-only,"GEMM_RVV_FP32_INT8_8x8_Baseline","RVV_IGEMM_INT8_I8I32_8x8","igemm_kernel_8x8_zvl256b_lmulmf4_unroll1_i8i32",8x8,256b,mf4,1,INT8_RVV,4-7,4,4,1024,1024,1024,32,5,OK,0,NONE,0.125759501,GOPS,17.076115,parallel_tiles_including_required_packing,DISABLED,0,0,"0:cpu4:tiles8;1:cpu5:tiles8;2:cpu6:tiles8;3:cpu7:tiles8","NA",static,0,"NA","NA","/home/bananapi/MAT/kernels riscv rvv 1.0/FINAL/riscv-rvv-ime-gemm-microkernels-updated/HETEROGENEOUS_RVV_IME_OPENMP_GEMM/results/openmp_results_k1-rvv-only_1024_20260904_074523/raw_logs/GEMM_RVV_FP32_INT8_8x8_Baseline_RVV_IGEMM_INT8_I8I32_8x8_igemm_kernel_8x8_zvl256b_lmulmf4_unroll1_i8i32_run5.log",NA,NA,NA,NA,NA,NA,NA
2026-09-04T08:59:33,k1-rvv-only,"GEMM_RVV_FP32_INT8_8x8_Baseline","RVV_IGEMM_INT8_I8I32_8x8","igemm_kernel_8x8_zvl256b_lmulmf4_unroll1_i8i32",8x8,256b,mf4,1,INT8_RVV,4-7,4,4,1024,1024,1024,32,6,OK,0,NONE,0.127767708,GOPS,16.807718,parallel_tiles_including_required_packing,DISABLED,0,0,"0:cpu4:tiles8;1:cpu5:tiles8;2:cpu6:tiles8;3:cpu7:tiles8","NA",static,0,"NA","NA","/home/bananapi/MAT/kernels riscv rvv 1.0/FINAL/riscv-rvv-ime-gemm-microkernels-updated/HETEROGENEOUS_RVV_IME_OPENMP_GEMM/results/openmp_results_k1-rvv-only_1024_20260904_074523/raw_logs/GEMM_RVV_FP32_INT8_8x8_Baseline_RVV_IGEMM_INT8_I8I32_8x8_igemm_kernel_8x8_zvl256b_lmulmf4_unroll1_i8i32_run6.log",NA,NA,NA,NA,NA,NA,NA
2026-09-04T09:00:33,k1-rvv-only,"GEMM_RVV_FP32_INT8_8x8_Baseline","RVV_IGEMM_INT8_I8I32_8x8","igemm_kernel_8x8_zvl256b_lmulmf4_unroll2_i8i32",8x8,256b,mf4,2,INT8_RVV,4-7,4,4,1024,1024,1024,32,1,OK,0,NONE,0.122535456,GOPS,17.525406,parallel_tiles_including_required_packing,INDEPENDENT_INT64_REFERENCE_EXACT_INT32,0,0,"0:cpu4:tiles8;1:cpu5:tiles8;2:cpu6:tiles8;3:cpu7:tiles8","NA",static,0,"NA","NA","/home/bananapi/MAT/kernels riscv rvv 1.0/FINAL/riscv-rvv-ime-gemm-microkernels-updated/HETEROGENEOUS_RVV_IME_OPENMP_GEMM/results/openmp_results_k1-rvv-only_1024_20260904_074523/raw_logs/GEMM_RVV_FP32_INT8_8x8_Baseline_RVV_IGEMM_INT8_I8I32_8x8_igemm_kernel_8x8_zvl256b_lmulmf4_unroll2_i8i32_run1.log",NA,NA,NA,NA,NA,NA,NA
2026-09-04T09:00:34,k1-rvv-only,"GEMM_RVV_FP32_INT8_8x8_Baseline","RVV_IGEMM_INT8_I8I32_8x8","igemm_kernel_8x8_zvl256b_lmulmf4_unroll2_i8i32",8x8,256b,mf4,2,INT8_RVV,4-7,4,4,1024,1024,1024,32,2,OK,0,NONE,0.122718211,GOPS,17.499307,parallel_tiles_including_required_packing,DISABLED,0,0,"0:cpu4:tiles8;1:cpu5:tiles8;2:cpu6:tiles8;3:cpu7:tiles8","NA",static,0,"NA","NA","/home/bananapi/MAT/kernels riscv rvv 1.0/FINAL/riscv-rvv-ime-gemm-microkernels-updated/HETEROGENEOUS_RVV_IME_OPENMP_GEMM/results/openmp_results_k1-rvv-only_1024_20260904_074523/raw_logs/GEMM_RVV_FP32_INT8_8x8_Baseline_RVV_IGEMM_INT8_I8I32_8x8_igemm_kernel_8x8_zvl256b_lmulmf4_unroll2_i8i32_run2.log",NA,NA,NA,NA,NA,NA,NA
2026-09-04T09:00:34,k1-rvv-only,"GEMM_RVV_FP32_INT8_8x8_Baseline","RVV_IGEMM_INT8_I8I32_8x8","igemm_kernel_8x8_zvl256b_lmulmf4_unroll2_i8i32",8x8,256b,mf4,2,INT8_RVV,4-7,4,4,1024,1024,1024,32,3,OK,0,NONE,0.122649040,GOPS,17.509176,parallel_tiles_including_required_packing,DISABLED,0,0,"0:cpu4:tiles8;1:cpu5:tiles8;2:cpu6:tiles8;3:cpu7:tiles8","NA",static,0,"NA","NA","/home/bananapi/MAT/kernels riscv rvv 1.0/FINAL/riscv-rvv-ime-gemm-microkernels-updated/HETEROGENEOUS_RVV_IME_OPENMP_GEMM/results/openmp_results_k1-rvv-only_1024_20260904_074523/raw_logs/GEMM_RVV_FP32_INT8_8x8_Baseline_RVV_IGEMM_INT8_I8I32_8x8_igemm_kernel_8x8_zvl256b_lmulmf4_unroll2_i8i32_run3.log",NA,NA,NA,NA,NA,NA,NA
2026-09-04T09:00:35,k1-rvv-only,"GEMM_RVV_FP32_INT8_8x8_Baseline","RVV_IGEMM_INT8_I8I32_8x8","igemm_kernel_8x8_zvl256b_lmulmf4_unroll2_i8i32",8x8,256b,mf4,2,INT8_RVV,4-7,4,4,1024,1024,1024,32,4,OK,0,NONE,0.122375000,GOPS,17.548385,parallel_tiles_including_required_packing,DISABLED,0,0,"0:cpu4:tiles8;1:cpu5:tiles8;2:cpu6:tiles8;3:cpu7:tiles8","NA",static,0,"NA","NA","/home/bananapi/MAT/kernels riscv rvv 1.0/FINAL/riscv-rvv-ime-gemm-microkernels-updated/HETEROGENEOUS_RVV_IME_OPENMP_GEMM/results/openmp_results_k1-rvv-only_1024_20260904_074523/raw_logs/GEMM_RVV_FP32_INT8_8x8_Baseline_RVV_IGEMM_INT8_I8I32_8x8_igemm_kernel_8x8_zvl256b_lmulmf4_unroll2_i8i32_run4.log",NA,NA,NA,NA,NA,NA,NA
2026-09-04T09:00:35,k1-rvv-only,"GEMM_RVV_FP32_INT8_8x8_Baseline","RVV_IGEMM_INT8_I8I32_8x8","igemm_kernel_8x8_zvl256b_lmulmf4_unroll2_i8i32",8x8,256b,mf4,2,INT8_RVV,4-7,4,4,1024,1024,1024,32,5,OK,0,NONE,0.120626502,GOPS,17.802752,parallel_tiles_including_required_packing,DISABLED,0,0,"0:cpu4:tiles8;1:cpu5:tiles8;2:cpu6:tiles8;3:cpu7:tiles8","NA",static,0,"NA","NA","/home/bananapi/MAT/kernels riscv rvv 1.0/FINAL/riscv-rvv-ime-gemm-microkernels-updated/HETEROGENEOUS_RVV_IME_OPENMP_GEMM/results/openmp_results_k1-rvv-only_1024_20260904_074523/raw_logs/GEMM_RVV_FP32_INT8_8x8_Baseline_RVV_IGEMM_INT8_I8I32_8x8_igemm_kernel_8x8_zvl256b_lmulmf4_unroll2_i8i32_run5.log",NA,NA,NA,NA,NA,NA,NA
2026-09-04T09:00:36,k1-rvv-only,"GEMM_RVV_FP32_INT8_8x8_Baseline","RVV_IGEMM_INT8_I8I32_8x8","igemm_kernel_8x8_zvl256b_lmulmf4_unroll2_i8i32",8x8,256b,mf4,2,INT8_RVV,4-7,4,4,1024,1024,1024,32,6,OK,0,NONE,0.126651164,GOPS,16.955893,parallel_tiles_including_required_packing,DISABLED,0,0,"0:cpu4:tiles8;1:cpu5:tiles8;2:cpu6:tiles8;3:cpu7:tiles8","NA",static,0,"NA","NA","/home/bananapi/MAT/kernels riscv rvv 1.0/FINAL/riscv-rvv-ime-gemm-microkernels-updated/HETEROGENEOUS_RVV_IME_OPENMP_GEMM/results/openmp_results_k1-rvv-only_1024_20260904_074523/raw_logs/GEMM_RVV_FP32_INT8_8x8_Baseline_RVV_IGEMM_INT8_I8I32_8x8_igemm_kernel_8x8_zvl256b_lmulmf4_unroll2_i8i32_run6.log",NA,NA,NA,NA,NA,NA,NA
2026-09-04T09:01:20,k1-rvv-only,"GEMM_RVV_FP32_INT8_8x8_Baseline","RVV_IGEMM_INT8_I8I32_8x8","igemm_kernel_8x8_zvl256b_lmulmf4_unroll4_i8i32",8x8,256b,mf4,4,INT8_RVV,4-7,4,4,1024,1024,1024,32,1,OK,0,NONE,0.122635625,GOPS,17.511091,parallel_tiles_including_required_packing,INDEPENDENT_INT64_REFERENCE_EXACT_INT32,0,0,"0:cpu4:tiles8;1:cpu5:tiles8;2:cpu6:tiles8;3:cpu7:tiles8","NA",static,0,"NA","NA","/home/bananapi/MAT/kernels riscv rvv 1.0/FINAL/riscv-rvv-ime-gemm-microkernels-updated/HETEROGENEOUS_RVV_IME_OPENMP_GEMM/results/openmp_results_k1-rvv-only_1024_20260904_074523/raw_logs/GEMM_RVV_FP32_INT8_8x8_Baseline_RVV_IGEMM_INT8_I8I32_8x8_igemm_kernel_8x8_zvl256b_lmulmf4_unroll4_i8i32_run1.log",NA,NA,NA,NA,NA,NA,NA
2026-09-04T09:01:20,k1-rvv-only,"GEMM_RVV_FP32_INT8_8x8_Baseline","RVV_IGEMM_INT8_I8I32_8x8","igemm_kernel_8x8_zvl256b_lmulmf4_unroll4_i8i32",8x8,256b,mf4,4,INT8_RVV,4-7,4,4,1024,1024,1024,32,2,OK,0,NONE,0.120463833,GOPS,17.826792,parallel_tiles_including_required_packing,DISABLED,0,0,"0:cpu4:tiles8;1:cpu5:tiles8;2:cpu6:tiles8;3:cpu7:tiles8","NA",static,0,"NA","NA","/home/bananapi/MAT/kernels riscv rvv 1.0/FINAL/riscv-rvv-ime-gemm-microkernels-updated/HETEROGENEOUS_RVV_IME_OPENMP_GEMM/results/openmp_results_k1-rvv-only_1024_20260904_074523/raw_logs/GEMM_RVV_FP32_INT8_8x8_Baseline_RVV_IGEMM_INT8_I8I32_8x8_igemm_kernel_8x8_zvl256b_lmulmf4_unroll4_i8i32_run2.log",NA,NA,NA,NA,NA,NA,NA
2026-09-04T09:01:21,k1-rvv-only,"GEMM_RVV_FP32_INT8_8x8_Baseline","RVV_IGEMM_INT8_I8I32_8x8","igemm_kernel_8x8_zvl256b_lmulmf4_unroll4_i8i32",8x8,256b,mf4,4,INT8_RVV,4-7,4,4,1024,1024,1024,32,3,OK,0,NONE,0.122287542,GOPS,17.560936,parallel_tiles_including_required_packing,DISABLED,0,0,"0:cpu4:tiles8;1:cpu5:tiles8;2:cpu6:tiles8;3:cpu7:tiles8","NA",static,0,"NA","NA","/home/bananapi/MAT/kernels riscv rvv 1.0/FINAL/riscv-rvv-ime-gemm-microkernels-updated/HETEROGENEOUS_RVV_IME_OPENMP_GEMM/results/openmp_results_k1-rvv-only_1024_20260904_074523/raw_logs/GEMM_RVV_FP32_INT8_8x8_Baseline_RVV_IGEMM_INT8_I8I32_8x8_igemm_kernel_8x8_zvl256b_lmulmf4_unroll4_i8i32_run3.log",NA,NA,NA,NA,NA,NA,NA
2026-09-04T09:01:21,k1-rvv-only,"GEMM_RVV_FP32_INT8_8x8_Baseline","RVV_IGEMM_INT8_I8I32_8x8","igemm_kernel_8x8_zvl256b_lmulmf4_unroll4_i8i32",8x8,256b,mf4,4,INT8_RVV,4-7,4,4,1024,1024,1024,32,4,OK,0,NONE,0.121225290,GOPS,17.714816,parallel_tiles_including_required_packing,DISABLED,0,0,"0:cpu4:tiles8;1:cpu5:tiles8;2:cpu6:tiles8;3:cpu7:tiles8","NA",static,0,"NA","NA","/home/bananapi/MAT/kernels riscv rvv 1.0/FINAL/riscv-rvv-ime-gemm-microkernels-updated/HETEROGENEOUS_RVV_IME_OPENMP_GEMM/results/openmp_results_k1-rvv-only_1024_20260904_074523/raw_logs/GEMM_RVV_FP32_INT8_8x8_Baseline_RVV_IGEMM_INT8_I8I32_8x8_igemm_kernel_8x8_zvl256b_lmulmf4_unroll4_i8i32_run4.log",NA,NA,NA,NA,NA,NA,NA
2026-09-04T09:01:22,k1-rvv-only,"GEMM_RVV_FP32_INT8_8x8_Baseline","RVV_IGEMM_INT8_I8I32_8x8","igemm_kernel_8x8_zvl256b_lmulmf4_unroll4_i8i32",8x8,256b,mf4,4,INT8_RVV,4-7,4,4,1024,1024,1024,32,5,OK,0,NONE,0.122519001,GOPS,17.527760,parallel_tiles_including_required_packing,DISABLED,0,0,"0:cpu4:tiles8;1:cpu5:tiles8;2:cpu6:tiles8;3:cpu7:tiles8","NA",static,0,"NA","NA","/home/bananapi/MAT/kernels riscv rvv 1.0/FINAL/riscv-rvv-ime-gemm-microkernels-updated/HETEROGENEOUS_RVV_IME_OPENMP_GEMM/results/openmp_results_k1-rvv-only_1024_20260904_074523/raw_logs/GEMM_RVV_FP32_INT8_8x8_Baseline_RVV_IGEMM_INT8_I8I32_8x8_igemm_kernel_8x8_zvl256b_lmulmf4_unroll4_i8i32_run5.log",NA,NA,NA,NA,NA,NA,NA
2026-09-04T09:01:22,k1-rvv-only,"GEMM_RVV_FP32_INT8_8x8_Baseline","RVV_IGEMM_INT8_I8I32_8x8","igemm_kernel_8x8_zvl256b_lmulmf4_unroll4_i8i32",8x8,256b,mf4,4,INT8_RVV,4-7,4,4,1024,1024,1024,32,6,OK,0,NONE,0.118539210,GOPS,18.116230,parallel_tiles_including_required_packing,DISABLED,0,0,"0:cpu4:tiles8;1:cpu5:tiles8;2:cpu6:tiles8;3:cpu7:tiles8","NA",static,0,"NA","NA","/home/bananapi/MAT/kernels riscv rvv 1.0/FINAL/riscv-rvv-ime-gemm-microkernels-updated/HETEROGENEOUS_RVV_IME_OPENMP_GEMM/results/openmp_results_k1-rvv-only_1024_20260904_074523/raw_logs/GEMM_RVV_FP32_INT8_8x8_Baseline_RVV_IGEMM_INT8_I8I32_8x8_igemm_kernel_8x8_zvl256b_lmulmf4_unroll4_i8i32_run6.log",NA,NA,NA,NA,NA,NA,NA
2026-09-04T09:02:23,k1-rvv-only,"GEMM_RVV_FP32_INT8_8x8_Baseline","RVV_IGEMM_INT8_I8I32_8x8","igemm_kernel_8x8_zvl256b_lmulmf4_unroll8_i8i32",8x8,256b,mf4,8,INT8_RVV,4-7,4,4,1024,1024,1024,32,1,OK,0,NONE,0.123608291,GOPS,17.373298,parallel_tiles_including_required_packing,INDEPENDENT_INT64_REFERENCE_EXACT_INT32,0,0,"0:cpu4:tiles8;1:cpu5:tiles8;2:cpu6:tiles8;3:cpu7:tiles8","NA",static,0,"NA","NA","/home/bananapi/MAT/kernels riscv rvv 1.0/FINAL/riscv-rvv-ime-gemm-microkernels-updated/HETEROGENEOUS_RVV_IME_OPENMP_GEMM/results/openmp_results_k1-rvv-only_1024_20260904_074523/raw_logs/GEMM_RVV_FP32_INT8_8x8_Baseline_RVV_IGEMM_INT8_I8I32_8x8_igemm_kernel_8x8_zvl256b_lmulmf4_unroll8_i8i32_run1.log",NA,NA,NA,NA,NA,NA,NA
2026-09-04T09:02:23,k1-rvv-only,"GEMM_RVV_FP32_INT8_8x8_Baseline","RVV_IGEMM_INT8_I8I32_8x8","igemm_kernel_8x8_zvl256b_lmulmf4_unroll8_i8i32",8x8,256b,mf4,8,INT8_RVV,4-7,4,4,1024,1024,1024,32,2,OK,0,NONE,0.124272417,GOPS,17.280453,parallel_tiles_including_required_packing,DISABLED,0,0,"0:cpu4:tiles8;1:cpu5:tiles8;2:cpu6:tiles8;3:cpu7:tiles8","NA",static,0,"NA","NA","/home/bananapi/MAT/kernels riscv rvv 1.0/FINAL/riscv-rvv-ime-gemm-microkernels-updated/HETEROGENEOUS_RVV_IME_OPENMP_GEMM/results/openmp_results_k1-rvv-only_1024_20260904_074523/raw_logs/GEMM_RVV_FP32_INT8_8x8_Baseline_RVV_IGEMM_INT8_I8I32_8x8_igemm_kernel_8x8_zvl256b_lmulmf4_unroll8_i8i32_run2.log",NA,NA,NA,NA,NA,NA,NA
2026-09-04T09:02:24,k1-rvv-only,"GEMM_RVV_FP32_INT8_8x8_Baseline","RVV_IGEMM_INT8_I8I32_8x8","igemm_kernel_8x8_zvl256b_lmulmf4_unroll8_i8i32",8x8,256b,mf4,8,INT8_RVV,4-7,4,4,1024,1024,1024,32,3,OK,0,NONE,0.122197874,GOPS,17.573822,parallel_tiles_including_required_packing,DISABLED,0,0,"0:cpu4:tiles8;1:cpu5:tiles8;2:cpu6:tiles8;3:cpu7:tiles8","NA",static,0,"NA","NA","/home/bananapi/MAT/kernels riscv rvv 1.0/FINAL/riscv-rvv-ime-gemm-microkernels-updated/HETEROGENEOUS_RVV_IME_OPENMP_GEMM/results/openmp_results_k1-rvv-only_1024_20260904_074523/raw_logs/GEMM_RVV_FP32_INT8_8x8_Baseline_RVV_IGEMM_INT8_I8I32_8x8_igemm_kernel_8x8_zvl256b_lmulmf4_unroll8_i8i32_run3.log",NA,NA,NA,NA,NA,NA,NA
2026-09-04T09:02:24,k1-rvv-only,"GEMM_RVV_FP32_INT8_8x8_Baseline","RVV_IGEMM_INT8_I8I32_8x8","igemm_kernel_8x8_zvl256b_lmulmf4_unroll8_i8i32",8x8,256b,mf4,8,INT8_RVV,4-7,4,4,1024,1024,1024,32,4,OK,0,NONE,0.121035419,GOPS,17.742605,parallel_tiles_including_required_packing,DISABLED,0,0,"0:cpu4:tiles8;1:cpu5:tiles8;2:cpu6:tiles8;3:cpu7:tiles8","NA",static,0,"NA","NA","/home/bananapi/MAT/kernels riscv rvv 1.0/FINAL/riscv-rvv-ime-gemm-microkernels-updated/HETEROGENEOUS_RVV_IME_OPENMP_GEMM/results/openmp_results_k1-rvv-only_1024_20260904_074523/raw_logs/GEMM_RVV_FP32_INT8_8x8_Baseline_RVV_IGEMM_INT8_I8I32_8x8_igemm_kernel_8x8_zvl256b_lmulmf4_unroll8_i8i32_run4.log",NA,NA,NA,NA,NA,NA,NA
2026-09-04T09:02:25,k1-rvv-only,"GEMM_RVV_FP32_INT8_8x8_Baseline","RVV_IGEMM_INT8_I8I32_8x8","igemm_kernel_8x8_zvl256b_lmulmf4_unroll8_i8i32",8x8,256b,mf4,8,INT8_RVV,4-7,4,4,1024,1024,1024,32,5,OK,0,NONE,0.119154792,GOPS,18.022638,parallel_tiles_including_required_packing,DISABLED,0,0,"0:cpu4:tiles8;1:cpu5:tiles8;2:cpu6:tiles8;3:cpu7:tiles8","NA",static,0,"NA","NA","/home/bananapi/MAT/kernels riscv rvv 1.0/FINAL/riscv-rvv-ime-gemm-microkernels-updated/HETEROGENEOUS_RVV_IME_OPENMP_GEMM/results/openmp_results_k1-rvv-only_1024_20260904_074523/raw_logs/GEMM_RVV_FP32_INT8_8x8_Baseline_RVV_IGEMM_INT8_I8I32_8x8_igemm_kernel_8x8_zvl256b_lmulmf4_unroll8_i8i32_run5.log",NA,NA,NA,NA,NA,NA,NA
2026-09-04T09:02:25,k1-rvv-only,"GEMM_RVV_FP32_INT8_8x8_Baseline","RVV_IGEMM_INT8_I8I32_8x8","igemm_kernel_8x8_zvl256b_lmulmf4_unroll8_i8i32",8x8,256b,mf4,8,INT8_RVV,4-7,4,4,1024,1024,1024,32,6,OK,0,NONE,0.121189583,GOPS,17.720035,parallel_tiles_including_required_packing,DISABLED,0,0,"0:cpu4:tiles8;1:cpu5:tiles8;2:cpu6:tiles8;3:cpu7:tiles8","NA",static,0,"NA","NA","/home/bananapi/MAT/kernels riscv rvv 1.0/FINAL/riscv-rvv-ime-gemm-microkernels-updated/HETEROGENEOUS_RVV_IME_OPENMP_GEMM/results/openmp_results_k1-rvv-only_1024_20260904_074523/raw_logs/GEMM_RVV_FP32_INT8_8x8_Baseline_RVV_IGEMM_INT8_I8I32_8x8_igemm_kernel_8x8_zvl256b_lmulmf4_unroll8_i8i32_run6.log",NA,NA,NA,NA,NA,NA,NA
2026-09-04T09:04:29,k1-rvv-only,"GEMM_RVV_FP32_INT8_8x8_Baseline","RVV_SGEMM_FP32_8x8","sgemm_kernel_8x8_zvl256b_lmul1_unroll1",8x8,256b,1,1,FP32_RVV,4-7,4,4,1024,1024,1024,32,1,NUMERICAL_FAILED,0,NUMERICAL_VALIDATION,0.415434543,GFLOPS,0.000000,parallel_tiles_including_required_packing,INDEPENDENT_GEMM_FP_TOLERANCE,1,2.6702880859375e-05,"0:cpu4:tiles8;1:cpu5:tiles8;2:cpu6:tiles8;3:cpu7:tiles8","NA",static,0,"NA","NA","/home/bananapi/MAT/kernels riscv rvv 1.0/FINAL/riscv-rvv-ime-gemm-microkernels-updated/HETEROGENEOUS_RVV_IME_OPENMP_GEMM/results/openmp_results_k1-rvv-only_1024_20260904_074523/raw_logs/GEMM_RVV_FP32_INT8_8x8_Baseline_RVV_SGEMM_FP32_8x8_sgemm_kernel_8x8_zvl256b_lmul1_unroll1_run1.log",NA,NA,NA,NA,NA,NA,NA
2026-09-04T09:06:33,k1-rvv-only,"GEMM_RVV_FP32_INT8_8x8_Baseline","RVV_SGEMM_FP32_8x8","sgemm_kernel_8x8_zvl256b_lmul1_unroll2",8x8,256b,1,2,FP32_RVV,4-7,4,4,1024,1024,1024,32,1,NUMERICAL_FAILED,0,NUMERICAL_VALIDATION,0.415737502,GFLOPS,0.000000,parallel_tiles_including_required_packing,INDEPENDENT_GEMM_FP_TOLERANCE,1,2.6702880859375e-05,"0:cpu4:tiles8;1:cpu5:tiles8;2:cpu6:tiles8;3:cpu7:tiles8","NA",static,0,"NA","NA","/home/bananapi/MAT/kernels riscv rvv 1.0/FINAL/riscv-rvv-ime-gemm-microkernels-updated/HETEROGENEOUS_RVV_IME_OPENMP_GEMM/results/openmp_results_k1-rvv-only_1024_20260904_074523/raw_logs/GEMM_RVV_FP32_INT8_8x8_Baseline_RVV_SGEMM_FP32_8x8_sgemm_kernel_8x8_zvl256b_lmul1_unroll2_run1.log",NA,NA,NA,NA,NA,NA,NA
2026-09-04T09:08:36,k1-rvv-only,"GEMM_RVV_FP32_INT8_8x8_Baseline","RVV_SGEMM_FP32_8x8","sgemm_kernel_8x8_zvl256b_lmul1_unroll4",8x8,256b,1,4,FP32_RVV,4-7,4,4,1024,1024,1024,32,1,NUMERICAL_FAILED,0,NUMERICAL_VALIDATION,0.408652291,GFLOPS,0.000000,parallel_tiles_including_required_packing,INDEPENDENT_GEMM_FP_TOLERANCE,1,2.6702880859375e-05,"0:cpu4:tiles8;1:cpu5:tiles8;2:cpu6:tiles8;3:cpu7:tiles8","NA",static,0,"NA","NA","/home/bananapi/MAT/kernels riscv rvv 1.0/FINAL/riscv-rvv-ime-gemm-microkernels-updated/HETEROGENEOUS_RVV_IME_OPENMP_GEMM/results/openmp_results_k1-rvv-only_1024_20260904_074523/raw_logs/GEMM_RVV_FP32_INT8_8x8_Baseline_RVV_SGEMM_FP32_8x8_sgemm_kernel_8x8_zvl256b_lmul1_unroll4_run1.log",NA,NA,NA,NA,NA,NA,NA
2026-09-04T09:10:42,k1-rvv-only,"GEMM_RVV_FP32_INT8_8x8_Baseline","RVV_SGEMM_FP32_8x8","sgemm_kernel_8x8_zvl256b_lmul1_unroll8",8x8,256b,1,8,FP32_RVV,4-7,4,4,1024,1024,1024,32,1,NUMERICAL_FAILED,0,NUMERICAL_VALIDATION,0.409908917,GFLOPS,0.000000,parallel_tiles_including_required_packing,INDEPENDENT_GEMM_FP_TOLERANCE,1,2.6702880859375e-05,"0:cpu4:tiles8;1:cpu5:tiles8;2:cpu6:tiles8;3:cpu7:tiles8","NA",static,0,"NA","NA","/home/bananapi/MAT/kernels riscv rvv 1.0/FINAL/riscv-rvv-ime-gemm-microkernels-updated/HETEROGENEOUS_RVV_IME_OPENMP_GEMM/results/openmp_results_k1-rvv-only_1024_20260904_074523/raw_logs/GEMM_RVV_FP32_INT8_8x8_Baseline_RVV_SGEMM_FP32_8x8_sgemm_kernel_8x8_zvl256b_lmul1_unroll8_run1.log",NA,NA,NA,NA,NA,NA,NA
2026-09-04T09:12:45,k1-rvv-only,"GEMM_RVV_FP32_INT8_8x8_Baseline","RVV_SGEMM_FP32_8x8","sgemm_kernel_8x8_zvl256b_lmul2_unroll1",8x8,256b,2,1,FP32_RVV,4-7,4,4,1024,1024,1024,32,1,NUMERICAL_FAILED,0,NUMERICAL_VALIDATION,0.417329583,GFLOPS,0.000000,parallel_tiles_including_required_packing,INDEPENDENT_GEMM_FP_TOLERANCE,1,2.6702880859375e-05,"0:cpu4:tiles8;1:cpu5:tiles8;2:cpu6:tiles8;3:cpu7:tiles8","NA",static,0,"NA","NA","/home/bananapi/MAT/kernels riscv rvv 1.0/FINAL/riscv-rvv-ime-gemm-microkernels-updated/HETEROGENEOUS_RVV_IME_OPENMP_GEMM/results/openmp_results_k1-rvv-only_1024_20260904_074523/raw_logs/GEMM_RVV_FP32_INT8_8x8_Baseline_RVV_SGEMM_FP32_8x8_sgemm_kernel_8x8_zvl256b_lmul2_unroll1_run1.log",NA,NA,NA,NA,NA,NA,NA
2026-09-04T09:14:49,k1-rvv-only,"GEMM_RVV_FP32_INT8_8x8_Baseline","RVV_SGEMM_FP32_8x8","sgemm_kernel_8x8_zvl256b_lmul2_unroll2",8x8,256b,2,2,FP32_RVV,4-7,4,4,1024,1024,1024,32,1,NUMERICAL_FAILED,0,NUMERICAL_VALIDATION,0.411913626,GFLOPS,0.000000,parallel_tiles_including_required_packing,INDEPENDENT_GEMM_FP_TOLERANCE,1,2.6702880859375e-05,"0:cpu4:tiles8;1:cpu5:tiles8;2:cpu6:tiles8;3:cpu7:tiles8","NA",static,0,"NA","NA","/home/bananapi/MAT/kernels riscv rvv 1.0/FINAL/riscv-rvv-ime-gemm-microkernels-updated/HETEROGENEOUS_RVV_IME_OPENMP_GEMM/results/openmp_results_k1-rvv-only_1024_20260904_074523/raw_logs/GEMM_RVV_FP32_INT8_8x8_Baseline_RVV_SGEMM_FP32_8x8_sgemm_kernel_8x8_zvl256b_lmul2_unroll2_run1.log",NA,NA,NA,NA,NA,NA,NA
2026-09-04T09:16:53,k1-rvv-only,"GEMM_RVV_FP32_INT8_8x8_Baseline","RVV_SGEMM_FP32_8x8","sgemm_kernel_8x8_zvl256b_lmul2_unroll4",8x8,256b,2,4,FP32_RVV,4-7,4,4,1024,1024,1024,32,1,NUMERICAL_FAILED,0,NUMERICAL_VALIDATION,0.416693833,GFLOPS,0.000000,parallel_tiles_including_required_packing,INDEPENDENT_GEMM_FP_TOLERANCE,1,2.6702880859375e-05,"0:cpu4:tiles8;1:cpu5:tiles8;2:cpu6:tiles8;3:cpu7:tiles8","NA",static,0,"NA","NA","/home/bananapi/MAT/kernels riscv rvv 1.0/FINAL/riscv-rvv-ime-gemm-microkernels-updated/HETEROGENEOUS_RVV_IME_OPENMP_GEMM/results/openmp_results_k1-rvv-only_1024_20260904_074523/raw_logs/GEMM_RVV_FP32_INT8_8x8_Baseline_RVV_SGEMM_FP32_8x8_sgemm_kernel_8x8_zvl256b_lmul2_unroll4_run1.log",NA,NA,NA,NA,NA,NA,NA
2026-09-04T09:18:57,k1-rvv-only,"GEMM_RVV_FP32_INT8_8x8_Baseline","RVV_SGEMM_FP32_8x8","sgemm_kernel_8x8_zvl256b_lmul2_unroll8",8x8,256b,2,8,FP32_RVV,4-7,4,4,1024,1024,1024,32,1,NUMERICAL_FAILED,0,NUMERICAL_VALIDATION,0.424723372,GFLOPS,0.000000,parallel_tiles_including_required_packing,INDEPENDENT_GEMM_FP_TOLERANCE,1,2.6702880859375e-05,"0:cpu4:tiles8;1:cpu5:tiles8;2:cpu6:tiles8;3:cpu7:tiles8","NA",static,0,"NA","NA","/home/bananapi/MAT/kernels riscv rvv 1.0/FINAL/riscv-rvv-ime-gemm-microkernels-updated/HETEROGENEOUS_RVV_IME_OPENMP_GEMM/results/openmp_results_k1-rvv-only_1024_20260904_074523/raw_logs/GEMM_RVV_FP32_INT8_8x8_Baseline_RVV_SGEMM_FP32_8x8_sgemm_kernel_8x8_zvl256b_lmul2_unroll8_run1.log",NA,NA,NA,NA,NA,NA,NA
2026-09-04T09:21:01,k1-rvv-only,"GEMM_RVV_FP32_INT8_8x8_Baseline","RVV_SGEMM_FP32_8x8","sgemm_kernel_8x8_zvl256b_lmul4_unroll1",8x8,256b,4,1,FP32_RVV,4-7,4,4,1024,1024,1024,32,1,NUMERICAL_FAILED,0,NUMERICAL_VALIDATION,0.608195752,GFLOPS,0.000000,parallel_tiles_including_required_packing,INDEPENDENT_GEMM_FP_TOLERANCE,1,2.6702880859375e-05,"0:cpu4:tiles8;1:cpu5:tiles8;2:cpu6:tiles8;3:cpu7:tiles8","NA",static,0,"NA","NA","/home/bananapi/MAT/kernels riscv rvv 1.0/FINAL/riscv-rvv-ime-gemm-microkernels-updated/HETEROGENEOUS_RVV_IME_OPENMP_GEMM/results/openmp_results_k1-rvv-only_1024_20260904_074523/raw_logs/GEMM_RVV_FP32_INT8_8x8_Baseline_RVV_SGEMM_FP32_8x8_sgemm_kernel_8x8_zvl256b_lmul4_unroll1_run1.log",NA,NA,NA,NA,NA,NA,NA
2026-09-04T09:23:06,k1-rvv-only,"GEMM_RVV_FP32_INT8_8x8_Baseline","RVV_SGEMM_FP32_8x8","sgemm_kernel_8x8_zvl256b_lmul4_unroll2",8x8,256b,4,2,FP32_RVV,4-7,4,4,1024,1024,1024,32,1,NUMERICAL_FAILED,0,NUMERICAL_VALIDATION,0.647344876,GFLOPS,0.000000,parallel_tiles_including_required_packing,INDEPENDENT_GEMM_FP_TOLERANCE,1,2.6702880859375e-05,"0:cpu4:tiles8;1:cpu5:tiles8;2:cpu6:tiles8;3:cpu7:tiles8","NA",static,0,"NA","NA","/home/bananapi/MAT/kernels riscv rvv 1.0/FINAL/riscv-rvv-ime-gemm-microkernels-updated/HETEROGENEOUS_RVV_IME_OPENMP_GEMM/results/openmp_results_k1-rvv-only_1024_20260904_074523/raw_logs/GEMM_RVV_FP32_INT8_8x8_Baseline_RVV_SGEMM_FP32_8x8_sgemm_kernel_8x8_zvl256b_lmul4_unroll2_run1.log",NA,NA,NA,NA,NA,NA,NA
2026-09-04T09:25:11,k1-rvv-only,"GEMM_RVV_FP32_INT8_8x8_Baseline","RVV_SGEMM_FP32_8x8","sgemm_kernel_8x8_zvl256b_lmul4_unroll4",8x8,256b,4,4,FP32_RVV,4-7,4,4,1024,1024,1024,32,1,NUMERICAL_FAILED,0,NUMERICAL_VALIDATION,0.662910294,GFLOPS,0.000000,parallel_tiles_including_required_packing,INDEPENDENT_GEMM_FP_TOLERANCE,1,2.6702880859375e-05,"0:cpu4:tiles8;1:cpu5:tiles8;2:cpu6:tiles8;3:cpu7:tiles8","NA",static,0,"NA","NA","/home/bananapi/MAT/kernels riscv rvv 1.0/FINAL/riscv-rvv-ime-gemm-microkernels-updated/HETEROGENEOUS_RVV_IME_OPENMP_GEMM/results/openmp_results_k1-rvv-only_1024_20260904_074523/raw_logs/GEMM_RVV_FP32_INT8_8x8_Baseline_RVV_SGEMM_FP32_8x8_sgemm_kernel_8x8_zvl256b_lmul4_unroll4_run1.log",NA,NA,NA,NA,NA,NA,NA
2026-09-04T09:27:16,k1-rvv-only,"GEMM_RVV_FP32_INT8_8x8_Baseline","RVV_SGEMM_FP32_8x8","sgemm_kernel_8x8_zvl256b_lmul4_unroll8",8x8,256b,4,8,FP32_RVV,4-7,4,4,1024,1024,1024,32,1,NUMERICAL_FAILED,0,NUMERICAL_VALIDATION,0.603037417,GFLOPS,0.000000,parallel_tiles_including_required_packing,INDEPENDENT_GEMM_FP_TOLERANCE,1,2.6702880859375e-05,"0:cpu4:tiles8;1:cpu5:tiles8;2:cpu6:tiles8;3:cpu7:tiles8","NA",static,0,"NA","NA","/home/bananapi/MAT/kernels riscv rvv 1.0/FINAL/riscv-rvv-ime-gemm-microkernels-updated/HETEROGENEOUS_RVV_IME_OPENMP_GEMM/results/openmp_results_k1-rvv-only_1024_20260904_074523/raw_logs/GEMM_RVV_FP32_INT8_8x8_Baseline_RVV_SGEMM_FP32_8x8_sgemm_kernel_8x8_zvl256b_lmul4_unroll8_run1.log",NA,NA,NA,NA,NA,NA,NA
2026-09-04T09:29:22,k1-rvv-only,"GEMM_RVV_FP32_INT8_8x8_Baseline","RVV_SGEMM_FP32_8x8","sgemm_kernel_8x8_zvl256b_lmul8_unroll1",8x8,256b,8,1,FP32_RVV,4-7,4,4,1024,1024,1024,32,1,NUMERICAL_FAILED,0,NUMERICAL_VALIDATION,1.292726085,GFLOPS,0.000000,parallel_tiles_including_required_packing,INDEPENDENT_GEMM_FP_TOLERANCE,1,2.6702880859375e-05,"0:cpu4:tiles8;1:cpu5:tiles8;2:cpu6:tiles8;3:cpu7:tiles8","NA",static,0,"NA","NA","/home/bananapi/MAT/kernels riscv rvv 1.0/FINAL/riscv-rvv-ime-gemm-microkernels-updated/HETEROGENEOUS_RVV_IME_OPENMP_GEMM/results/openmp_results_k1-rvv-only_1024_20260904_074523/raw_logs/GEMM_RVV_FP32_INT8_8x8_Baseline_RVV_SGEMM_FP32_8x8_sgemm_kernel_8x8_zvl256b_lmul8_unroll1_run1.log",NA,NA,NA,NA,NA,NA,NA
2026-09-04T09:31:28,k1-rvv-only,"GEMM_RVV_FP32_INT8_8x8_Baseline","RVV_SGEMM_FP32_8x8","sgemm_kernel_8x8_zvl256b_lmul8_unroll2",8x8,256b,8,2,FP32_RVV,4-7,4,4,1024,1024,1024,32,1,NUMERICAL_FAILED,0,NUMERICAL_VALIDATION,1.310281709,GFLOPS,0.000000,parallel_tiles_including_required_packing,INDEPENDENT_GEMM_FP_TOLERANCE,1,2.6702880859375e-05,"0:cpu4:tiles8;1:cpu5:tiles8;2:cpu6:tiles8;3:cpu7:tiles8","NA",static,0,"NA","NA","/home/bananapi/MAT/kernels riscv rvv 1.0/FINAL/riscv-rvv-ime-gemm-microkernels-updated/HETEROGENEOUS_RVV_IME_OPENMP_GEMM/results/openmp_results_k1-rvv-only_1024_20260904_074523/raw_logs/GEMM_RVV_FP32_INT8_8x8_Baseline_RVV_SGEMM_FP32_8x8_sgemm_kernel_8x8_zvl256b_lmul8_unroll2_run1.log",NA,NA,NA,NA,NA,NA,NA
2026-09-04T09:33:35,k1-rvv-only,"GEMM_RVV_FP32_INT8_8x8_Baseline","RVV_SGEMM_FP32_8x8","sgemm_kernel_8x8_zvl256b_lmul8_unroll4",8x8,256b,8,4,FP32_RVV,4-7,4,4,1024,1024,1024,32,1,NUMERICAL_FAILED,0,NUMERICAL_VALIDATION,1.531254128,GFLOPS,0.000000,parallel_tiles_including_required_packing,INDEPENDENT_GEMM_FP_TOLERANCE,1,2.6702880859375e-05,"0:cpu4:tiles8;1:cpu5:tiles8;2:cpu6:tiles8;3:cpu7:tiles8","NA",static,0,"NA","NA","/home/bananapi/MAT/kernels riscv rvv 1.0/FINAL/riscv-rvv-ime-gemm-microkernels-updated/HETEROGENEOUS_RVV_IME_OPENMP_GEMM/results/openmp_results_k1-rvv-only_1024_20260904_074523/raw_logs/GEMM_RVV_FP32_INT8_8x8_Baseline_RVV_SGEMM_FP32_8x8_sgemm_kernel_8x8_zvl256b_lmul8_unroll4_run1.log",NA,NA,NA,NA,NA,NA,NA
2026-09-04T09:35:43,k1-rvv-only,"GEMM_RVV_FP32_INT8_8x8_Baseline","RVV_SGEMM_FP32_8x8","sgemm_kernel_8x8_zvl256b_lmul8_unroll8",8x8,256b,8,8,FP32_RVV,4-7,4,4,1024,1024,1024,32,1,NUMERICAL_FAILED,0,NUMERICAL_VALIDATION,1.535962835,GFLOPS,0.000000,parallel_tiles_including_required_packing,INDEPENDENT_GEMM_FP_TOLERANCE,1,2.6702880859375e-05,"0:cpu4:tiles8;1:cpu5:tiles8;2:cpu6:tiles8;3:cpu7:tiles8","NA",static,0,"NA","NA","/home/bananapi/MAT/kernels riscv rvv 1.0/FINAL/riscv-rvv-ime-gemm-microkernels-updated/HETEROGENEOUS_RVV_IME_OPENMP_GEMM/results/openmp_results_k1-rvv-only_1024_20260904_074523/raw_logs/GEMM_RVV_FP32_INT8_8x8_Baseline_RVV_SGEMM_FP32_8x8_sgemm_kernel_8x8_zvl256b_lmul8_unroll8_run1.log",NA,NA,NA,NA,NA,NA,NA
2026-09-04T09:38:47,k1-rvv-only,"GEMM_RVV_FP64_INT8_8x4_Baseline","RVV_DGEMM_FP64_8x4","dgemm_kernel_8x4_zvl256b_lmul2_unroll1",8x4,256b,2,1,FP64_RVV,4-7,4,4,1024,1024,1024,32,1,OK,0,NONE,0.721848585,GFLOPS,2.974978,parallel_tiles_including_required_packing,INDEPENDENT_GEMM_FP_TOLERANCE,0,7.1054273576010019e-14,"0:cpu4:tiles8;1:cpu5:tiles8;2:cpu6:tiles8;3:cpu7:tiles8","NA",static,0,"NA","NA","/home/bananapi/MAT/kernels riscv rvv 1.0/FINAL/riscv-rvv-ime-gemm-microkernels-updated/HETEROGENEOUS_RVV_IME_OPENMP_GEMM/results/openmp_results_k1-rvv-only_1024_20260904_074523/raw_logs/GEMM_RVV_FP64_INT8_8x4_Baseline_RVV_DGEMM_FP64_8x4_dgemm_kernel_8x4_zvl256b_lmul2_unroll1_run1.log",NA,NA,NA,NA,NA,NA,NA
2026-09-04T09:38:49,k1-rvv-only,"GEMM_RVV_FP64_INT8_8x4_Baseline","RVV_DGEMM_FP64_8x4","dgemm_kernel_8x4_zvl256b_lmul2_unroll1",8x4,256b,2,1,FP64_RVV,4-7,4,4,1024,1024,1024,32,2,OK,0,NONE,0.710900877,GFLOPS,3.020792,parallel_tiles_including_required_packing,DISABLED,0,0,"0:cpu4:tiles8;1:cpu5:tiles8;2:cpu6:tiles8;3:cpu7:tiles8","NA",static,0,"NA","NA","/home/bananapi/MAT/kernels riscv rvv 1.0/FINAL/riscv-rvv-ime-gemm-microkernels-updated/HETEROGENEOUS_RVV_IME_OPENMP_GEMM/results/openmp_results_k1-rvv-only_1024_20260904_074523/raw_logs/GEMM_RVV_FP64_INT8_8x4_Baseline_RVV_DGEMM_FP64_8x4_dgemm_kernel_8x4_zvl256b_lmul2_unroll1_run2.log",NA,NA,NA,NA,NA,NA,NA
2026-09-04T09:38:51,k1-rvv-only,"GEMM_RVV_FP64_INT8_8x4_Baseline","RVV_DGEMM_FP64_8x4","dgemm_kernel_8x4_zvl256b_lmul2_unroll1",8x4,256b,2,1,FP64_RVV,4-7,4,4,1024,1024,1024,32,3,OK,0,NONE,0.690476708,GFLOPS,3.110146,parallel_tiles_including_required_packing,DISABLED,0,0,"0:cpu4:tiles8;1:cpu5:tiles8;2:cpu6:tiles8;3:cpu7:tiles8","NA",static,0,"NA","NA","/home/bananapi/MAT/kernels riscv rvv 1.0/FINAL/riscv-rvv-ime-gemm-microkernels-updated/HETEROGENEOUS_RVV_IME_OPENMP_GEMM/results/openmp_results_k1-rvv-only_1024_20260904_074523/raw_logs/GEMM_RVV_FP64_INT8_8x4_Baseline_RVV_DGEMM_FP64_8x4_dgemm_kernel_8x4_zvl256b_lmul2_unroll1_run3.log",NA,NA,NA,NA,NA,NA,NA
2026-09-04T09:38:53,k1-rvv-only,"GEMM_RVV_FP64_INT8_8x4_Baseline","RVV_DGEMM_FP64_8x4","dgemm_kernel_8x4_zvl256b_lmul2_unroll1",8x4,256b,2,1,FP64_RVV,4-7,4,4,1024,1024,1024,32,4,OK,0,NONE,0.703097209,GFLOPS,3.054320,parallel_tiles_including_required_packing,DISABLED,0,0,"0:cpu4:tiles8;1:cpu5:tiles8;2:cpu6:tiles8;3:cpu7:tiles8","NA",static,0,"NA","NA","/home/bananapi/MAT/kernels riscv rvv 1.0/FINAL/riscv-rvv-ime-gemm-microkernels-updated/HETEROGENEOUS_RVV_IME_OPENMP_GEMM/results/openmp_results_k1-rvv-only_1024_20260904_074523/raw_logs/GEMM_RVV_FP64_INT8_8x4_Baseline_RVV_DGEMM_FP64_8x4_dgemm_kernel_8x4_zvl256b_lmul2_unroll1_run4.log",NA,NA,NA,NA,NA,NA,NA
2026-09-04T09:38:54,k1-rvv-only,"GEMM_RVV_FP64_INT8_8x4_Baseline","RVV_DGEMM_FP64_8x4","dgemm_kernel_8x4_zvl256b_lmul2_unroll1",8x4,256b,2,1,FP64_RVV,4-7,4,4,1024,1024,1024,32,5,OK,0,NONE,0.684081294,GFLOPS,3.139223,parallel_tiles_including_required_packing,DISABLED,0,0,"0:cpu4:tiles8;1:cpu5:tiles8;2:cpu6:tiles8;3:cpu7:tiles8","NA",static,0,"NA","NA","/home/bananapi/MAT/kernels riscv rvv 1.0/FINAL/riscv-rvv-ime-gemm-microkernels-updated/HETEROGENEOUS_RVV_IME_OPENMP_GEMM/results/openmp_results_k1-rvv-only_1024_20260904_074523/raw_logs/GEMM_RVV_FP64_INT8_8x4_Baseline_RVV_DGEMM_FP64_8x4_dgemm_kernel_8x4_zvl256b_lmul2_unroll1_run5.log",NA,NA,NA,NA,NA,NA,NA
2026-09-04T09:38:56,k1-rvv-only,"GEMM_RVV_FP64_INT8_8x4_Baseline","RVV_DGEMM_FP64_8x4","dgemm_kernel_8x4_zvl256b_lmul2_unroll1",8x4,256b,2,1,FP64_RVV,4-7,4,4,1024,1024,1024,32,6,OK,0,NONE,0.693707835,GFLOPS,3.095660,parallel_tiles_including_required_packing,DISABLED,0,0,"0:cpu4:tiles8;1:cpu5:tiles8;2:cpu6:tiles8;3:cpu7:tiles8","NA",static,0,"NA","NA","/home/bananapi/MAT/kernels riscv rvv 1.0/FINAL/riscv-rvv-ime-gemm-microkernels-updated/HETEROGENEOUS_RVV_IME_OPENMP_GEMM/results/openmp_results_k1-rvv-only_1024_20260904_074523/raw_logs/GEMM_RVV_FP64_INT8_8x4_Baseline_RVV_DGEMM_FP64_8x4_dgemm_kernel_8x4_zvl256b_lmul2_unroll1_run6.log",NA,NA,NA,NA,NA,NA,NA
2026-09-04T09:42:00,k1-rvv-only,"GEMM_RVV_FP64_INT8_8x4_Baseline","RVV_DGEMM_FP64_8x4","dgemm_kernel_8x4_zvl256b_lmul2_unroll2",8x4,256b,2,2,FP64_RVV,4-7,4,4,1024,1024,1024,32,1,OK,0,NONE,0.712714791,GFLOPS,3.013104,parallel_tiles_including_required_packing,INDEPENDENT_GEMM_FP_TOLERANCE,0,7.1054273576010019e-14,"0:cpu4:tiles8;1:cpu5:tiles8;2:cpu6:tiles8;3:cpu7:tiles8","NA",static,0,"NA","NA","/home/bananapi/MAT/kernels riscv rvv 1.0/FINAL/riscv-rvv-ime-gemm-microkernels-updated/HETEROGENEOUS_RVV_IME_OPENMP_GEMM/results/openmp_results_k1-rvv-only_1024_20260904_074523/raw_logs/GEMM_RVV_FP64_INT8_8x4_Baseline_RVV_DGEMM_FP64_8x4_dgemm_kernel_8x4_zvl256b_lmul2_unroll2_run1.log",NA,NA,NA,NA,NA,NA,NA
2026-09-04T09:42:02,k1-rvv-only,"GEMM_RVV_FP64_INT8_8x4_Baseline","RVV_DGEMM_FP64_8x4","dgemm_kernel_8x4_zvl256b_lmul2_unroll2",8x4,256b,2,2,FP64_RVV,4-7,4,4,1024,1024,1024,32,2,OK,0,NONE,0.697138373,GFLOPS,3.080427,parallel_tiles_including_required_packing,DISABLED,0,0,"0:cpu4:tiles8;1:cpu5:tiles8;2:cpu6:tiles8;3:cpu7:tiles8","NA",static,0,"NA","NA","/home/bananapi/MAT/kernels riscv rvv 1.0/FINAL/riscv-rvv-ime-gemm-microkernels-updated/HETEROGENEOUS_RVV_IME_OPENMP_GEMM/results/openmp_results_k1-rvv-only_1024_20260904_074523/raw_logs/GEMM_RVV_FP64_INT8_8x4_Baseline_RVV_DGEMM_FP64_8x4_dgemm_kernel_8x4_zvl256b_lmul2_unroll2_run2.log",NA,NA,NA,NA,NA,NA,NA
2026-09-04T09:42:04,k1-rvv-only,"GEMM_RVV_FP64_INT8_8x4_Baseline","RVV_DGEMM_FP64_8x4","dgemm_kernel_8x4_zvl256b_lmul2_unroll2",8x4,256b,2,2,FP64_RVV,4-7,4,4,1024,1024,1024,32,3,OK,0,NONE,0.706552289,GFLOPS,3.039384,parallel_tiles_including_required_packing,DISABLED,0,0,"0:cpu4:tiles8;1:cpu5:tiles8;2:cpu6:tiles8;3:cpu7:tiles8","NA",static,0,"NA","NA","/home/bananapi/MAT/kernels riscv rvv 1.0/FINAL/riscv-rvv-ime-gemm-microkernels-updated/HETEROGENEOUS_RVV_IME_OPENMP_GEMM/results/openmp_results_k1-rvv-only_1024_20260904_074523/raw_logs/GEMM_RVV_FP64_INT8_8x4_Baseline_RVV_DGEMM_FP64_8x4_dgemm_kernel_8x4_zvl256b_lmul2_unroll2_run3.log",NA,NA,NA,NA,NA,NA,NA
2026-09-04T09:42:06,k1-rvv-only,"GEMM_RVV_FP64_INT8_8x4_Baseline","RVV_DGEMM_FP64_8x4","dgemm_kernel_8x4_zvl256b_lmul2_unroll2",8x4,256b,2,2,FP64_RVV,4-7,4,4,1024,1024,1024,32,4,OK,0,NONE,0.709448542,GFLOPS,3.026976,parallel_tiles_including_required_packing,DISABLED,0,0,"0:cpu4:tiles8;1:cpu5:tiles8;2:cpu6:tiles8;3:cpu7:tiles8","NA",static,0,"NA","NA","/home/bananapi/MAT/kernels riscv rvv 1.0/FINAL/riscv-rvv-ime-gemm-microkernels-updated/HETEROGENEOUS_RVV_IME_OPENMP_GEMM/results/openmp_results_k1-rvv-only_1024_20260904_074523/raw_logs/GEMM_RVV_FP64_INT8_8x4_Baseline_RVV_DGEMM_FP64_8x4_dgemm_kernel_8x4_zvl256b_lmul2_unroll2_run4.log",NA,NA,NA,NA,NA,NA,NA
2026-09-04T09:42:07,k1-rvv-only,"GEMM_RVV_FP64_INT8_8x4_Baseline","RVV_DGEMM_FP64_8x4","dgemm_kernel_8x4_zvl256b_lmul2_unroll2",8x4,256b,2,2,FP64_RVV,4-7,4,4,1024,1024,1024,32,5,OK,0,NONE,0.707034335,GFLOPS,3.037312,parallel_tiles_including_required_packing,DISABLED,0,0,"0:cpu4:tiles8;1:cpu5:tiles8;2:cpu6:tiles8;3:cpu7:tiles8","NA",static,0,"NA","NA","/home/bananapi/MAT/kernels riscv rvv 1.0/FINAL/riscv-rvv-ime-gemm-microkernels-updated/HETEROGENEOUS_RVV_IME_OPENMP_GEMM/results/openmp_results_k1-rvv-only_1024_20260904_074523/raw_logs/GEMM_RVV_FP64_INT8_8x4_Baseline_RVV_DGEMM_FP64_8x4_dgemm_kernel_8x4_zvl256b_lmul2_unroll2_run5.log",NA,NA,NA,NA,NA,NA,NA
2026-09-04T09:42:09,k1-rvv-only,"GEMM_RVV_FP64_INT8_8x4_Baseline","RVV_DGEMM_FP64_8x4","dgemm_kernel_8x4_zvl256b_lmul2_unroll2",8x4,256b,2,2,FP64_RVV,4-7,4,4,1024,1024,1024,32,6,OK,0,NONE,0.692491293,GFLOPS,3.101098,parallel_tiles_including_required_packing,DISABLED,0,0,"0:cpu4:tiles8;1:cpu5:tiles8;2:cpu6:tiles8;3:cpu7:tiles8","NA",static,0,"NA","NA","/home/bananapi/MAT/kernels riscv rvv 1.0/FINAL/riscv-rvv-ime-gemm-microkernels-updated/HETEROGENEOUS_RVV_IME_OPENMP_GEMM/results/openmp_results_k1-rvv-only_1024_20260904_074523/raw_logs/GEMM_RVV_FP64_INT8_8x4_Baseline_RVV_DGEMM_FP64_8x4_dgemm_kernel_8x4_zvl256b_lmul2_unroll2_run6.log",NA,NA,NA,NA,NA,NA,NA
2026-09-04T09:45:14,k1-rvv-only,"GEMM_RVV_FP64_INT8_8x4_Baseline","RVV_DGEMM_FP64_8x4","dgemm_kernel_8x4_zvl256b_lmul2_unroll4",8x4,256b,2,4,FP64_RVV,4-7,4,4,1024,1024,1024,32,1,OK,0,NONE,0.702327460,GFLOPS,3.057667,parallel_tiles_including_required_packing,INDEPENDENT_GEMM_FP_TOLERANCE,0,7.1054273576010019e-14,"0:cpu4:tiles8;1:cpu5:tiles8;2:cpu6:tiles8;3:cpu7:tiles8","NA",static,0,"NA","NA","/home/bananapi/MAT/kernels riscv rvv 1.0/FINAL/riscv-rvv-ime-gemm-microkernels-updated/HETEROGENEOUS_RVV_IME_OPENMP_GEMM/results/openmp_results_k1-rvv-only_1024_20260904_074523/raw_logs/GEMM_RVV_FP64_INT8_8x4_Baseline_RVV_DGEMM_FP64_8x4_dgemm_kernel_8x4_zvl256b_lmul2_unroll4_run1.log",NA,NA,NA,NA,NA,NA,NA
2026-09-04T09:45:15,k1-rvv-only,"GEMM_RVV_FP64_INT8_8x4_Baseline","RVV_DGEMM_FP64_8x4","dgemm_kernel_8x4_zvl256b_lmul2_unroll4",8x4,256b,2,4,FP64_RVV,4-7,4,4,1024,1024,1024,32,2,OK,0,NONE,0.702994961,GFLOPS,3.054764,parallel_tiles_including_required_packing,DISABLED,0,0,"0:cpu4:tiles8;1:cpu5:tiles8;2:cpu6:tiles8;3:cpu7:tiles8","NA",static,0,"NA","NA","/home/bananapi/MAT/kernels riscv rvv 1.0/FINAL/riscv-rvv-ime-gemm-microkernels-updated/HETEROGENEOUS_RVV_IME_OPENMP_GEMM/results/openmp_results_k1-rvv-only_1024_20260904_074523/raw_logs/GEMM_RVV_FP64_INT8_8x4_Baseline_RVV_DGEMM_FP64_8x4_dgemm_kernel_8x4_zvl256b_lmul2_unroll4_run2.log",NA,NA,NA,NA,NA,NA,NA
2026-09-04T09:45:17,k1-rvv-only,"GEMM_RVV_FP64_INT8_8x4_Baseline","RVV_DGEMM_FP64_8x4","dgemm_kernel_8x4_zvl256b_lmul2_unroll4",8x4,256b,2,4,FP64_RVV,4-7,4,4,1024,1024,1024,32,3,OK,0,NONE,0.701823249,GFLOPS,3.059864,parallel_tiles_including_required_packing,DISABLED,0,0,"0:cpu4:tiles8;1:cpu5:tiles8;2:cpu6:tiles8;3:cpu7:tiles8","NA",static,0,"NA","NA","/home/bananapi/MAT/kernels riscv rvv 1.0/FINAL/riscv-rvv-ime-gemm-microkernels-updated/HETEROGENEOUS_RVV_IME_OPENMP_GEMM/results/openmp_results_k1-rvv-only_1024_20260904_074523/raw_logs/GEMM_RVV_FP64_INT8_8x4_Baseline_RVV_DGEMM_FP64_8x4_dgemm_kernel_8x4_zvl256b_lmul2_unroll4_run3.log",NA,NA,NA,NA,NA,NA,NA
2026-09-04T09:45:19,k1-rvv-only,"GEMM_RVV_FP64_INT8_8x4_Baseline","RVV_DGEMM_FP64_8x4","dgemm_kernel_8x4_zvl256b_lmul2_unroll4",8x4,256b,2,4,FP64_RVV,4-7,4,4,1024,1024,1024,32,4,OK,0,NONE,0.696505375,GFLOPS,3.083226,parallel_tiles_including_required_packing,DISABLED,0,0,"0:cpu4:tiles8;1:cpu5:tiles8;2:cpu6:tiles8;3:cpu7:tiles8","NA",static,0,"NA","NA","/home/bananapi/MAT/kernels riscv rvv 1.0/FINAL/riscv-rvv-ime-gemm-microkernels-updated/HETEROGENEOUS_RVV_IME_OPENMP_GEMM/results/openmp_results_k1-rvv-only_1024_20260904_074523/raw_logs/GEMM_RVV_FP64_INT8_8x4_Baseline_RVV_DGEMM_FP64_8x4_dgemm_kernel_8x4_zvl256b_lmul2_unroll4_run4.log",NA,NA,NA,NA,NA,NA,NA
2026-09-04T09:45:21,k1-rvv-only,"GEMM_RVV_FP64_INT8_8x4_Baseline","RVV_DGEMM_FP64_8x4","dgemm_kernel_8x4_zvl256b_lmul2_unroll4",8x4,256b,2,4,FP64_RVV,4-7,4,4,1024,1024,1024,32,5,OK,0,NONE,0.686955001,GFLOPS,3.126091,parallel_tiles_including_required_packing,DISABLED,0,0,"0:cpu4:tiles8;1:cpu5:tiles8;2:cpu6:tiles8;3:cpu7:tiles8","NA",static,0,"NA","NA","/home/bananapi/MAT/kernels riscv rvv 1.0/FINAL/riscv-rvv-ime-gemm-microkernels-updated/HETEROGENEOUS_RVV_IME_OPENMP_GEMM/results/openmp_results_k1-rvv-only_1024_20260904_074523/raw_logs/GEMM_RVV_FP64_INT8_8x4_Baseline_RVV_DGEMM_FP64_8x4_dgemm_kernel_8x4_zvl256b_lmul2_unroll4_run5.log",NA,NA,NA,NA,NA,NA,NA
2026-09-04T09:45:23,k1-rvv-only,"GEMM_RVV_FP64_INT8_8x4_Baseline","RVV_DGEMM_FP64_8x4","dgemm_kernel_8x4_zvl256b_lmul2_unroll4",8x4,256b,2,4,FP64_RVV,4-7,4,4,1024,1024,1024,32,6,OK,0,NONE,0.698936835,GFLOPS,3.072500,parallel_tiles_including_required_packing,DISABLED,0,0,"0:cpu4:tiles8;1:cpu5:tiles8;2:cpu6:tiles8;3:cpu7:tiles8","NA",static,0,"NA","NA","/home/bananapi/MAT/kernels riscv rvv 1.0/FINAL/riscv-rvv-ime-gemm-microkernels-updated/HETEROGENEOUS_RVV_IME_OPENMP_GEMM/results/openmp_results_k1-rvv-only_1024_20260904_074523/raw_logs/GEMM_RVV_FP64_INT8_8x4_Baseline_RVV_DGEMM_FP64_8x4_dgemm_kernel_8x4_zvl256b_lmul2_unroll4_run6.log",NA,NA,NA,NA,NA,NA,NA
2026-09-04T09:48:29,k1-rvv-only,"GEMM_RVV_FP64_INT8_8x4_Baseline","RVV_DGEMM_FP64_8x4","dgemm_kernel_8x4_zvl256b_lmul2_unroll8",8x4,256b,2,8,FP64_RVV,4-7,4,4,1024,1024,1024,32,1,OK,0,NONE,0.731352378,GFLOPS,2.936319,parallel_tiles_including_required_packing,INDEPENDENT_GEMM_FP_TOLERANCE,0,7.1054273576010019e-14,"0:cpu4:tiles8;1:cpu5:tiles8;2:cpu6:tiles8;3:cpu7:tiles8","NA",static,0,"NA","NA","/home/bananapi/MAT/kernels riscv rvv 1.0/FINAL/riscv-rvv-ime-gemm-microkernels-updated/HETEROGENEOUS_RVV_IME_OPENMP_GEMM/results/openmp_results_k1-rvv-only_1024_20260904_074523/raw_logs/GEMM_RVV_FP64_INT8_8x4_Baseline_RVV_DGEMM_FP64_8x4_dgemm_kernel_8x4_zvl256b_lmul2_unroll8_run1.log",NA,NA,NA,NA,NA,NA,NA
2026-09-04T09:48:30,k1-rvv-only,"GEMM_RVV_FP64_INT8_8x4_Baseline","RVV_DGEMM_FP64_8x4","dgemm_kernel_8x4_zvl256b_lmul2_unroll8",8x4,256b,2,8,FP64_RVV,4-7,4,4,1024,1024,1024,32,2,OK,0,NONE,0.680188458,GFLOPS,3.157189,parallel_tiles_including_required_packing,DISABLED,0,0,"0:cpu4:tiles8;1:cpu5:tiles8;2:cpu6:tiles8;3:cpu7:tiles8","NA",static,0,"NA","NA","/home/bananapi/MAT/kernels riscv rvv 1.0/FINAL/riscv-rvv-ime-gemm-microkernels-updated/HETEROGENEOUS_RVV_IME_OPENMP_GEMM/results/openmp_results_k1-rvv-only_1024_20260904_074523/raw_logs/GEMM_RVV_FP64_INT8_8x4_Baseline_RVV_DGEMM_FP64_8x4_dgemm_kernel_8x4_zvl256b_lmul2_unroll8_run2.log",NA,NA,NA,NA,NA,NA,NA
2026-09-04T09:48:32,k1-rvv-only,"GEMM_RVV_FP64_INT8_8x4_Baseline","RVV_DGEMM_FP64_8x4","dgemm_kernel_8x4_zvl256b_lmul2_unroll8",8x4,256b,2,8,FP64_RVV,4-7,4,4,1024,1024,1024,32,3,OK,0,NONE,0.716209166,GFLOPS,2.998403,parallel_tiles_including_required_packing,DISABLED,0,0,"0:cpu4:tiles8;1:cpu5:tiles8;2:cpu6:tiles8;3:cpu7:tiles8","NA",static,0,"NA","NA","/home/bananapi/MAT/kernels riscv rvv 1.0/FINAL/riscv-rvv-ime-gemm-microkernels-updated/HETEROGENEOUS_RVV_IME_OPENMP_GEMM/results/openmp_results_k1-rvv-only_1024_20260904_074523/raw_logs/GEMM_RVV_FP64_INT8_8x4_Baseline_RVV_DGEMM_FP64_8x4_dgemm_kernel_8x4_zvl256b_lmul2_unroll8_run3.log",NA,NA,NA,NA,NA,NA,NA
2026-09-04T09:48:34,k1-rvv-only,"GEMM_RVV_FP64_INT8_8x4_Baseline","RVV_DGEMM_FP64_8x4","dgemm_kernel_8x4_zvl256b_lmul2_unroll8",8x4,256b,2,8,FP64_RVV,4-7,4,4,1024,1024,1024,32,4,OK,0,NONE,0.700655252,GFLOPS,3.064965,parallel_tiles_including_required_packing,DISABLED,0,0,"0:cpu4:tiles8;1:cpu5:tiles8;2:cpu6:tiles8;3:cpu7:tiles8","NA",static,0,"NA","NA","/home/bananapi/MAT/kernels riscv rvv 1.0/FINAL/riscv-rvv-ime-gemm-microkernels-updated/HETEROGENEOUS_RVV_IME_OPENMP_GEMM/results/openmp_results_k1-rvv-only_1024_20260904_074523/raw_logs/GEMM_RVV_FP64_INT8_8x4_Baseline_RVV_DGEMM_FP64_8x4_dgemm_kernel_8x4_zvl256b_lmul2_unroll8_run4.log",NA,NA,NA,NA,NA,NA,NA
2026-09-04T09:48:36,k1-rvv-only,"GEMM_RVV_FP64_INT8_8x4_Baseline","RVV_DGEMM_FP64_8x4","dgemm_kernel_8x4_zvl256b_lmul2_unroll8",8x4,256b,2,8,FP64_RVV,4-7,4,4,1024,1024,1024,32,5,OK,0,NONE,0.728983417,GFLOPS,2.945861,parallel_tiles_including_required_packing,DISABLED,0,0,"0:cpu4:tiles8;1:cpu5:tiles8;2:cpu6:tiles8;3:cpu7:tiles8","NA",static,0,"NA","NA","/home/bananapi/MAT/kernels riscv rvv 1.0/FINAL/riscv-rvv-ime-gemm-microkernels-updated/HETEROGENEOUS_RVV_IME_OPENMP_GEMM/results/openmp_results_k1-rvv-only_1024_20260904_074523/raw_logs/GEMM_RVV_FP64_INT8_8x4_Baseline_RVV_DGEMM_FP64_8x4_dgemm_kernel_8x4_zvl256b_lmul2_unroll8_run5.log",NA,NA,NA,NA,NA,NA,NA
2026-09-04T09:48:37,k1-rvv-only,"GEMM_RVV_FP64_INT8_8x4_Baseline","RVV_DGEMM_FP64_8x4","dgemm_kernel_8x4_zvl256b_lmul2_unroll8",8x4,256b,2,8,FP64_RVV,4-7,4,4,1024,1024,1024,32,6,OK,0,NONE,0.701331500,GFLOPS,3.062009,parallel_tiles_including_required_packing,DISABLED,0,0,"0:cpu4:tiles8;1:cpu5:tiles8;2:cpu6:tiles8;3:cpu7:tiles8","NA",static,0,"NA","NA","/home/bananapi/MAT/kernels riscv rvv 1.0/FINAL/riscv-rvv-ime-gemm-microkernels-updated/HETEROGENEOUS_RVV_IME_OPENMP_GEMM/results/openmp_results_k1-rvv-only_1024_20260904_074523/raw_logs/GEMM_RVV_FP64_INT8_8x4_Baseline_RVV_DGEMM_FP64_8x4_dgemm_kernel_8x4_zvl256b_lmul2_unroll8_run6.log",NA,NA,NA,NA,NA,NA,NA
2026-09-04T09:51:42,k1-rvv-only,"GEMM_RVV_FP64_INT8_8x4_Baseline","RVV_DGEMM_FP64_8x4","dgemm_kernel_8x4_zvl256b_lmul4_unroll1",8x4,256b,4,1,FP64_RVV,4-7,4,4,1024,1024,1024,32,1,OK,0,NONE,0.736644294,GFLOPS,2.915225,parallel_tiles_including_required_packing,INDEPENDENT_GEMM_FP_TOLERANCE,0,7.1054273576010019e-14,"0:cpu4:tiles8;1:cpu5:tiles8;2:cpu6:tiles8;3:cpu7:tiles8","NA",static,0,"NA","NA","/home/bananapi/MAT/kernels riscv rvv 1.0/FINAL/riscv-rvv-ime-gemm-microkernels-updated/HETEROGENEOUS_RVV_IME_OPENMP_GEMM/results/openmp_results_k1-rvv-only_1024_20260904_074523/raw_logs/GEMM_RVV_FP64_INT8_8x4_Baseline_RVV_DGEMM_FP64_8x4_dgemm_kernel_8x4_zvl256b_lmul4_unroll1_run1.log",NA,NA,NA,NA,NA,NA,NA
2026-09-04T09:51:44,k1-rvv-only,"GEMM_RVV_FP64_INT8_8x4_Baseline","RVV_DGEMM_FP64_8x4","dgemm_kernel_8x4_zvl256b_lmul4_unroll1",8x4,256b,4,1,FP64_RVV,4-7,4,4,1024,1024,1024,32,2,OK,0,NONE,0.708898418,GFLOPS,3.029325,parallel_tiles_including_required_packing,DISABLED,0,0,"0:cpu4:tiles8;1:cpu5:tiles8;2:cpu6:tiles8;3:cpu7:tiles8","NA",static,0,"NA","NA","/home/bananapi/MAT/kernels riscv rvv 1.0/FINAL/riscv-rvv-ime-gemm-microkernels-updated/HETEROGENEOUS_RVV_IME_OPENMP_GEMM/results/openmp_results_k1-rvv-only_1024_20260904_074523/raw_logs/GEMM_RVV_FP64_INT8_8x4_Baseline_RVV_DGEMM_FP64_8x4_dgemm_kernel_8x4_zvl256b_lmul4_unroll1_run2.log",NA,NA,NA,NA,NA,NA,NA
2026-09-04T09:51:46,k1-rvv-only,"GEMM_RVV_FP64_INT8_8x4_Baseline","RVV_DGEMM_FP64_8x4","dgemm_kernel_8x4_zvl256b_lmul4_unroll1",8x4,256b,4,1,FP64_RVV,4-7,4,4,1024,1024,1024,32,3,OK,0,NONE,0.718697041,GFLOPS,2.988023,parallel_tiles_including_required_packing,DISABLED,0,0,"0:cpu4:tiles8;1:cpu5:tiles8;2:cpu6:tiles8;3:cpu7:tiles8","NA",static,0,"NA","NA","/home/bananapi/MAT/kernels riscv rvv 1.0/FINAL/riscv-rvv-ime-gemm-microkernels-updated/HETEROGENEOUS_RVV_IME_OPENMP_GEMM/results/openmp_results_k1-rvv-only_1024_20260904_074523/raw_logs/GEMM_RVV_FP64_INT8_8x4_Baseline_RVV_DGEMM_FP64_8x4_dgemm_kernel_8x4_zvl256b_lmul4_unroll1_run3.log",NA,NA,NA,NA,NA,NA,NA
2026-09-04T09:51:48,k1-rvv-only,"GEMM_RVV_FP64_INT8_8x4_Baseline","RVV_DGEMM_FP64_8x4","dgemm_kernel_8x4_zvl256b_lmul4_unroll1",8x4,256b,4,1,FP64_RVV,4-7,4,4,1024,1024,1024,32,4,OK,0,NONE,0.706304498,GFLOPS,3.040450,parallel_tiles_including_required_packing,DISABLED,0,0,"0:cpu4:tiles8;1:cpu5:tiles8;2:cpu6:tiles8;3:cpu7:tiles8","NA",static,0,"NA","NA","/home/bananapi/MAT/kernels riscv rvv 1.0/FINAL/riscv-rvv-ime-gemm-microkernels-updated/HETEROGENEOUS_RVV_IME_OPENMP_GEMM/results/openmp_results_k1-rvv-only_1024_20260904_074523/raw_logs/GEMM_RVV_FP64_INT8_8x4_Baseline_RVV_DGEMM_FP64_8x4_dgemm_kernel_8x4_zvl256b_lmul4_unroll1_run4.log",NA,NA,NA,NA,NA,NA,NA
2026-09-04T09:51:50,k1-rvv-only,"GEMM_RVV_FP64_INT8_8x4_Baseline","RVV_DGEMM_FP64_8x4","dgemm_kernel_8x4_zvl256b_lmul4_unroll1",8x4,256b,4,1,FP64_RVV,4-7,4,4,1024,1024,1024,32,5,OK,0,NONE,0.705869749,GFLOPS,3.042323,parallel_tiles_including_required_packing,DISABLED,0,0,"0:cpu4:tiles8;1:cpu5:tiles8;2:cpu6:tiles8;3:cpu7:tiles8","NA",static,0,"NA","NA","/home/bananapi/MAT/kernels riscv rvv 1.0/FINAL/riscv-rvv-ime-gemm-microkernels-updated/HETEROGENEOUS_RVV_IME_OPENMP_GEMM/results/openmp_results_k1-rvv-only_1024_20260904_074523/raw_logs/GEMM_RVV_FP64_INT8_8x4_Baseline_RVV_DGEMM_FP64_8x4_dgemm_kernel_8x4_zvl256b_lmul4_unroll1_run5.log",NA,NA,NA,NA,NA,NA,NA
2026-09-04T09:51:51,k1-rvv-only,"GEMM_RVV_FP64_INT8_8x4_Baseline","RVV_DGEMM_FP64_8x4","dgemm_kernel_8x4_zvl256b_lmul4_unroll1",8x4,256b,4,1,FP64_RVV,4-7,4,4,1024,1024,1024,32,6,OK,0,NONE,0.735494498,GFLOPS,2.919782,parallel_tiles_including_required_packing,DISABLED,0,0,"0:cpu4:tiles8;1:cpu5:tiles8;2:cpu6:tiles8;3:cpu7:tiles8","NA",static,0,"NA","NA","/home/bananapi/MAT/kernels riscv rvv 1.0/FINAL/riscv-rvv-ime-gemm-microkernels-updated/HETEROGENEOUS_RVV_IME_OPENMP_GEMM/results/openmp_results_k1-rvv-only_1024_20260904_074523/raw_logs/GEMM_RVV_FP64_INT8_8x4_Baseline_RVV_DGEMM_FP64_8x4_dgemm_kernel_8x4_zvl256b_lmul4_unroll1_run6.log",NA,NA,NA,NA,NA,NA,NA
2026-09-04T09:54:57,k1-rvv-only,"GEMM_RVV_FP64_INT8_8x4_Baseline","RVV_DGEMM_FP64_8x4","dgemm_kernel_8x4_zvl256b_lmul4_unroll2",8x4,256b,4,2,FP64_RVV,4-7,4,4,1024,1024,1024,32,1,OK,0,NONE,0.735292960,GFLOPS,2.920582,parallel_tiles_including_required_packing,INDEPENDENT_GEMM_FP_TOLERANCE,0,7.1054273576010019e-14,"0:cpu4:tiles8;1:cpu5:tiles8;2:cpu6:tiles8;3:cpu7:tiles8","NA",static,0,"NA","NA","/home/bananapi/MAT/kernels riscv rvv 1.0/FINAL/riscv-rvv-ime-gemm-microkernels-updated/HETEROGENEOUS_RVV_IME_OPENMP_GEMM/results/openmp_results_k1-rvv-only_1024_20260904_074523/raw_logs/GEMM_RVV_FP64_INT8_8x4_Baseline_RVV_DGEMM_FP64_8x4_dgemm_kernel_8x4_zvl256b_lmul4_unroll2_run1.log",NA,NA,NA,NA,NA,NA,NA
2026-09-04T09:54:58,k1-rvv-only,"GEMM_RVV_FP64_INT8_8x4_Baseline","RVV_DGEMM_FP64_8x4","dgemm_kernel_8x4_zvl256b_lmul4_unroll2",8x4,256b,4,2,FP64_RVV,4-7,4,4,1024,1024,1024,32,2,OK,0,NONE,0.700838082,GFLOPS,3.064165,parallel_tiles_including_required_packing,DISABLED,0,0,"0:cpu4:tiles8;1:cpu5:tiles8;2:cpu6:tiles8;3:cpu7:tiles8","NA",static,0,"NA","NA","/home/bananapi/MAT/kernels riscv rvv 1.0/FINAL/riscv-rvv-ime-gemm-microkernels-updated/HETEROGENEOUS_RVV_IME_OPENMP_GEMM/results/openmp_results_k1-rvv-only_1024_20260904_074523/raw_logs/GEMM_RVV_FP64_INT8_8x4_Baseline_RVV_DGEMM_FP64_8x4_dgemm_kernel_8x4_zvl256b_lmul4_unroll2_run2.log",NA,NA,NA,NA,NA,NA,NA
2026-09-04T09:55:00,k1-rvv-only,"GEMM_RVV_FP64_INT8_8x4_Baseline","RVV_DGEMM_FP64_8x4","dgemm_kernel_8x4_zvl256b_lmul4_unroll2",8x4,256b,4,2,FP64_RVV,4-7,4,4,1024,1024,1024,32,3,OK,0,NONE,0.699646626,GFLOPS,3.069383,parallel_tiles_including_required_packing,DISABLED,0,0,"0:cpu4:tiles8;1:cpu5:tiles8;2:cpu6:tiles8;3:cpu7:tiles8","NA",static,0,"NA","NA","/home/bananapi/MAT/kernels riscv rvv 1.0/FINAL/riscv-rvv-ime-gemm-microkernels-updated/HETEROGENEOUS_RVV_IME_OPENMP_GEMM/results/openmp_results_k1-rvv-only_1024_20260904_074523/raw_logs/GEMM_RVV_FP64_INT8_8x4_Baseline_RVV_DGEMM_FP64_8x4_dgemm_kernel_8x4_zvl256b_lmul4_unroll2_run3.log",NA,NA,NA,NA,NA,NA,NA
2026-09-04T09:55:02,k1-rvv-only,"GEMM_RVV_FP64_INT8_8x4_Baseline","RVV_DGEMM_FP64_8x4","dgemm_kernel_8x4_zvl256b_lmul4_unroll2",8x4,256b,4,2,FP64_RVV,4-7,4,4,1024,1024,1024,32,4,OK,0,NONE,0.691732831,GFLOPS,3.104499,parallel_tiles_including_required_packing,DISABLED,0,0,"0:cpu4:tiles8;1:cpu5:tiles8;2:cpu6:tiles8;3:cpu7:tiles8","NA",static,0,"NA","NA","/home/bananapi/MAT/kernels riscv rvv 1.0/FINAL/riscv-rvv-ime-gemm-microkernels-updated/HETEROGENEOUS_RVV_IME_OPENMP_GEMM/results/openmp_results_k1-rvv-only_1024_20260904_074523/raw_logs/GEMM_RVV_FP64_INT8_8x4_Baseline_RVV_DGEMM_FP64_8x4_dgemm_kernel_8x4_zvl256b_lmul4_unroll2_run4.log",NA,NA,NA,NA,NA,NA,NA
2026-09-04T09:55:04,k1-rvv-only,"GEMM_RVV_FP64_INT8_8x4_Baseline","RVV_DGEMM_FP64_8x4","dgemm_kernel_8x4_zvl256b_lmul4_unroll2",8x4,256b,4,2,FP64_RVV,4-7,4,4,1024,1024,1024,32,5,OK,0,NONE,0.717610333,GFLOPS,2.992548,parallel_tiles_including_required_packing,DISABLED,0,0,"0:cpu4:tiles8;1:cpu5:tiles8;2:cpu6:tiles8;3:cpu7:tiles8","NA",static,0,"NA","NA","/home/bananapi/MAT/kernels riscv rvv 1.0/FINAL/riscv-rvv-ime-gemm-microkernels-updated/HETEROGENEOUS_RVV_IME_OPENMP_GEMM/results/openmp_results_k1-rvv-only_1024_20260904_074523/raw_logs/GEMM_RVV_FP64_INT8_8x4_Baseline_RVV_DGEMM_FP64_8x4_dgemm_kernel_8x4_zvl256b_lmul4_unroll2_run5.log",NA,NA,NA,NA,NA,NA,NA
2026-09-04T09:55:05,k1-rvv-only,"GEMM_RVV_FP64_INT8_8x4_Baseline","RVV_DGEMM_FP64_8x4","dgemm_kernel_8x4_zvl256b_lmul4_unroll2",8x4,256b,4,2,FP64_RVV,4-7,4,4,1024,1024,1024,32,6,OK,0,NONE,0.696028002,GFLOPS,3.085341,parallel_tiles_including_required_packing,DISABLED,0,0,"0:cpu4:tiles8;1:cpu5:tiles8;2:cpu6:tiles8;3:cpu7:tiles8","NA",static,0,"NA","NA","/home/bananapi/MAT/kernels riscv rvv 1.0/FINAL/riscv-rvv-ime-gemm-microkernels-updated/HETEROGENEOUS_RVV_IME_OPENMP_GEMM/results/openmp_results_k1-rvv-only_1024_20260904_074523/raw_logs/GEMM_RVV_FP64_INT8_8x4_Baseline_RVV_DGEMM_FP64_8x4_dgemm_kernel_8x4_zvl256b_lmul4_unroll2_run6.log",NA,NA,NA,NA,NA,NA,NA
2026-09-04T09:58:09,k1-rvv-only,"GEMM_RVV_FP64_INT8_8x4_Baseline","RVV_DGEMM_FP64_8x4","dgemm_kernel_8x4_zvl256b_lmul4_unroll4",8x4,256b,4,4,FP64_RVV,4-7,4,4,1024,1024,1024,32,1,OK,0,NONE,0.715046335,GFLOPS,3.003279,parallel_tiles_including_required_packing,INDEPENDENT_GEMM_FP_TOLERANCE,0,7.1054273576010019e-14,"0:cpu4:tiles8;1:cpu5:tiles8;2:cpu6:tiles8;3:cpu7:tiles8","NA",static,0,"NA","NA","/home/bananapi/MAT/kernels riscv rvv 1.0/FINAL/riscv-rvv-ime-gemm-microkernels-updated/HETEROGENEOUS_RVV_IME_OPENMP_GEMM/results/openmp_results_k1-rvv-only_1024_20260904_074523/raw_logs/GEMM_RVV_FP64_INT8_8x4_Baseline_RVV_DGEMM_FP64_8x4_dgemm_kernel_8x4_zvl256b_lmul4_unroll4_run1.log",NA,NA,NA,NA,NA,NA,NA
2026-09-04T09:58:11,k1-rvv-only,"GEMM_RVV_FP64_INT8_8x4_Baseline","RVV_DGEMM_FP64_8x4","dgemm_kernel_8x4_zvl256b_lmul4_unroll4",8x4,256b,4,4,FP64_RVV,4-7,4,4,1024,1024,1024,32,2,OK,0,NONE,0.708264790,GFLOPS,3.032035,parallel_tiles_including_required_packing,DISABLED,0,0,"0:cpu4:tiles8;1:cpu5:tiles8;2:cpu6:tiles8;3:cpu7:tiles8","NA",static,0,"NA","NA","/home/bananapi/MAT/kernels riscv rvv 1.0/FINAL/riscv-rvv-ime-gemm-microkernels-updated/HETEROGENEOUS_RVV_IME_OPENMP_GEMM/results/openmp_results_k1-rvv-only_1024_20260904_074523/raw_logs/GEMM_RVV_FP64_INT8_8x4_Baseline_RVV_DGEMM_FP64_8x4_dgemm_kernel_8x4_zvl256b_lmul4_unroll4_run2.log",NA,NA,NA,NA,NA,NA,NA
2026-09-04T09:58:13,k1-rvv-only,"GEMM_RVV_FP64_INT8_8x4_Baseline","RVV_DGEMM_FP64_8x4","dgemm_kernel_8x4_zvl256b_lmul4_unroll4",8x4,256b,4,4,FP64_RVV,4-7,4,4,1024,1024,1024,32,3,OK,0,NONE,0.700703334,GFLOPS,3.064754,parallel_tiles_including_required_packing,DISABLED,0,0,"0:cpu4:tiles8;1:cpu5:tiles8;2:cpu6:tiles8;3:cpu7:tiles8","NA",static,0,"NA","NA","/home/bananapi/MAT/kernels riscv rvv 1.0/FINAL/riscv-rvv-ime-gemm-microkernels-updated/HETEROGENEOUS_RVV_IME_OPENMP_GEMM/results/openmp_results_k1-rvv-only_1024_20260904_074523/raw_logs/GEMM_RVV_FP64_INT8_8x4_Baseline_RVV_DGEMM_FP64_8x4_dgemm_kernel_8x4_zvl256b_lmul4_unroll4_run3.log",NA,NA,NA,NA,NA,NA,NA
2026-09-04T09:58:15,k1-rvv-only,"GEMM_RVV_FP64_INT8_8x4_Baseline","RVV_DGEMM_FP64_8x4","dgemm_kernel_8x4_zvl256b_lmul4_unroll4",8x4,256b,4,4,FP64_RVV,4-7,4,4,1024,1024,1024,32,4,OK,0,NONE,0.721641999,GFLOPS,2.975830,parallel_tiles_including_required_packing,DISABLED,0,0,"0:cpu4:tiles8;1:cpu5:tiles8;2:cpu6:tiles8;3:cpu7:tiles8","NA",static,0,"NA","NA","/home/bananapi/MAT/kernels riscv rvv 1.0/FINAL/riscv-rvv-ime-gemm-microkernels-updated/HETEROGENEOUS_RVV_IME_OPENMP_GEMM/results/openmp_results_k1-rvv-only_1024_20260904_074523/raw_logs/GEMM_RVV_FP64_INT8_8x4_Baseline_RVV_DGEMM_FP64_8x4_dgemm_kernel_8x4_zvl256b_lmul4_unroll4_run4.log",NA,NA,NA,NA,NA,NA,NA
2026-09-04T09:58:16,k1-rvv-only,"GEMM_RVV_FP64_INT8_8x4_Baseline","RVV_DGEMM_FP64_8x4","dgemm_kernel_8x4_zvl256b_lmul4_unroll4",8x4,256b,4,4,FP64_RVV,4-7,4,4,1024,1024,1024,32,5,OK,0,NONE,0.710763372,GFLOPS,3.021376,parallel_tiles_including_required_packing,DISABLED,0,0,"0:cpu4:tiles8;1:cpu5:tiles8;2:cpu6:tiles8;3:cpu7:tiles8","NA",static,0,"NA","NA","/home/bananapi/MAT/kernels riscv rvv 1.0/FINAL/riscv-rvv-ime-gemm-microkernels-updated/HETEROGENEOUS_RVV_IME_OPENMP_GEMM/results/openmp_results_k1-rvv-only_1024_20260904_074523/raw_logs/GEMM_RVV_FP64_INT8_8x4_Baseline_RVV_DGEMM_FP64_8x4_dgemm_kernel_8x4_zvl256b_lmul4_unroll4_run5.log",NA,NA,NA,NA,NA,NA,NA
2026-09-04T09:58:18,k1-rvv-only,"GEMM_RVV_FP64_INT8_8x4_Baseline","RVV_DGEMM_FP64_8x4","dgemm_kernel_8x4_zvl256b_lmul4_unroll4",8x4,256b,4,4,FP64_RVV,4-7,4,4,1024,1024,1024,32,6,OK,0,NONE,0.719881374,GFLOPS,2.983108,parallel_tiles_including_required_packing,DISABLED,0,0,"0:cpu4:tiles8;1:cpu5:tiles8;2:cpu6:tiles8;3:cpu7:tiles8","NA",static,0,"NA","NA","/home/bananapi/MAT/kernels riscv rvv 1.0/FINAL/riscv-rvv-ime-gemm-microkernels-updated/HETEROGENEOUS_RVV_IME_OPENMP_GEMM/results/openmp_results_k1-rvv-only_1024_20260904_074523/raw_logs/GEMM_RVV_FP64_INT8_8x4_Baseline_RVV_DGEMM_FP64_8x4_dgemm_kernel_8x4_zvl256b_lmul4_unroll4_run6.log",NA,NA,NA,NA,NA,NA,NA
2026-09-04T10:01:24,k1-rvv-only,"GEMM_RVV_FP64_INT8_8x4_Baseline","RVV_DGEMM_FP64_8x4","dgemm_kernel_8x4_zvl256b_lmul4_unroll8",8x4,256b,4,8,FP64_RVV,4-7,4,4,1024,1024,1024,32,1,OK,0,NONE,0.716778498,GFLOPS,2.996021,parallel_tiles_including_required_packing,INDEPENDENT_GEMM_FP_TOLERANCE,0,7.1054273576010019e-14,"0:cpu4:tiles8;1:cpu5:tiles8;2:cpu6:tiles8;3:cpu7:tiles8","NA",static,0,"NA","NA","/home/bananapi/MAT/kernels riscv rvv 1.0/FINAL/riscv-rvv-ime-gemm-microkernels-updated/HETEROGENEOUS_RVV_IME_OPENMP_GEMM/results/openmp_results_k1-rvv-only_1024_20260904_074523/raw_logs/GEMM_RVV_FP64_INT8_8x4_Baseline_RVV_DGEMM_FP64_8x4_dgemm_kernel_8x4_zvl256b_lmul4_unroll8_run1.log",NA,NA,NA,NA,NA,NA,NA
2026-09-04T10:01:26,k1-rvv-only,"GEMM_RVV_FP64_INT8_8x4_Baseline","RVV_DGEMM_FP64_8x4","dgemm_kernel_8x4_zvl256b_lmul4_unroll8",8x4,256b,4,8,FP64_RVV,4-7,4,4,1024,1024,1024,32,2,OK,0,NONE,0.746776126,GFLOPS,2.875673,parallel_tiles_including_required_packing,DISABLED,0,0,"0:cpu4:tiles8;1:cpu5:tiles8;2:cpu6:tiles8;3:cpu7:tiles8","NA",static,0,"NA","NA","/home/bananapi/MAT/kernels riscv rvv 1.0/FINAL/riscv-rvv-ime-gemm-microkernels-updated/HETEROGENEOUS_RVV_IME_OPENMP_GEMM/results/openmp_results_k1-rvv-only_1024_20260904_074523/raw_logs/GEMM_RVV_FP64_INT8_8x4_Baseline_RVV_DGEMM_FP64_8x4_dgemm_kernel_8x4_zvl256b_lmul4_unroll8_run2.log",NA,NA,NA,NA,NA,NA,NA
2026-09-04T10:01:28,k1-rvv-only,"GEMM_RVV_FP64_INT8_8x4_Baseline","RVV_DGEMM_FP64_8x4","dgemm_kernel_8x4_zvl256b_lmul4_unroll8",8x4,256b,4,8,FP64_RVV,4-7,4,4,1024,1024,1024,32,3,OK,0,NONE,0.716806043,GFLOPS,2.995906,parallel_tiles_including_required_packing,DISABLED,0,0,"0:cpu4:tiles8;1:cpu5:tiles8;2:cpu6:tiles8;3:cpu7:tiles8","NA",static,0,"NA","NA","/home/bananapi/MAT/kernels riscv rvv 1.0/FINAL/riscv-rvv-ime-gemm-microkernels-updated/HETEROGENEOUS_RVV_IME_OPENMP_GEMM/results/openmp_results_k1-rvv-only_1024_20260904_074523/raw_logs/GEMM_RVV_FP64_INT8_8x4_Baseline_RVV_DGEMM_FP64_8x4_dgemm_kernel_8x4_zvl256b_lmul4_unroll8_run3.log",NA,NA,NA,NA,NA,NA,NA
2026-09-04T10:01:30,k1-rvv-only,"GEMM_RVV_FP64_INT8_8x4_Baseline","RVV_DGEMM_FP64_8x4","dgemm_kernel_8x4_zvl256b_lmul4_unroll8",8x4,256b,4,8,FP64_RVV,4-7,4,4,1024,1024,1024,32,4,OK,0,NONE,0.717726585,GFLOPS,2.992064,parallel_tiles_including_required_packing,DISABLED,0,0,"0:cpu4:tiles8;1:cpu5:tiles8;2:cpu6:tiles8;3:cpu7:tiles8","NA",static,0,"NA","NA","/home/bananapi/MAT/kernels riscv rvv 1.0/FINAL/riscv-rvv-ime-gemm-microkernels-updated/HETEROGENEOUS_RVV_IME_OPENMP_GEMM/results/openmp_results_k1-rvv-only_1024_20260904_074523/raw_logs/GEMM_RVV_FP64_INT8_8x4_Baseline_RVV_DGEMM_FP64_8x4_dgemm_kernel_8x4_zvl256b_lmul4_unroll8_run4.log",NA,NA,NA,NA,NA,NA,NA
2026-09-04T10:01:31,k1-rvv-only,"GEMM_RVV_FP64_INT8_8x4_Baseline","RVV_DGEMM_FP64_8x4","dgemm_kernel_8x4_zvl256b_lmul4_unroll8",8x4,256b,4,8,FP64_RVV,4-7,4,4,1024,1024,1024,32,5,OK,0,NONE,0.702730626,GFLOPS,3.055913,parallel_tiles_including_required_packing,DISABLED,0,0,"0:cpu4:tiles8;1:cpu5:tiles8;2:cpu6:tiles8;3:cpu7:tiles8","NA",static,0,"NA","NA","/home/bananapi/MAT/kernels riscv rvv 1.0/FINAL/riscv-rvv-ime-gemm-microkernels-updated/HETEROGENEOUS_RVV_IME_OPENMP_GEMM/results/openmp_results_k1-rvv-only_1024_20260904_074523/raw_logs/GEMM_RVV_FP64_INT8_8x4_Baseline_RVV_DGEMM_FP64_8x4_dgemm_kernel_8x4_zvl256b_lmul4_unroll8_run5.log",NA,NA,NA,NA,NA,NA,NA
2026-09-04T10:01:33,k1-rvv-only,"GEMM_RVV_FP64_INT8_8x4_Baseline","RVV_DGEMM_FP64_8x4","dgemm_kernel_8x4_zvl256b_lmul4_unroll8",8x4,256b,4,8,FP64_RVV,4-7,4,4,1024,1024,1024,32,6,OK,0,NONE,0.706161875,GFLOPS,3.041064,parallel_tiles_including_required_packing,DISABLED,0,0,"0:cpu4:tiles8;1:cpu5:tiles8;2:cpu6:tiles8;3:cpu7:tiles8","NA",static,0,"NA","NA","/home/bananapi/MAT/kernels riscv rvv 1.0/FINAL/riscv-rvv-ime-gemm-microkernels-updated/HETEROGENEOUS_RVV_IME_OPENMP_GEMM/results/openmp_results_k1-rvv-only_1024_20260904_074523/raw_logs/GEMM_RVV_FP64_INT8_8x4_Baseline_RVV_DGEMM_FP64_8x4_dgemm_kernel_8x4_zvl256b_lmul4_unroll8_run6.log",NA,NA,NA,NA,NA,NA,NA
2026-09-04T10:04:38,k1-rvv-only,"GEMM_RVV_FP64_INT8_8x4_Baseline","RVV_DGEMM_FP64_8x4","dgemm_kernel_8x4_zvl256b_lmul8_unroll1",8x4,256b,8,1,FP64_RVV,4-7,4,4,1024,1024,1024,32,1,OK,0,NONE,1.161153793,GFLOPS,1.849439,parallel_tiles_including_required_packing,INDEPENDENT_GEMM_FP_TOLERANCE,0,7.1054273576010019e-14,"0:cpu4:tiles8;1:cpu5:tiles8;2:cpu6:tiles8;3:cpu7:tiles8","NA",static,0,"NA","NA","/home/bananapi/MAT/kernels riscv rvv 1.0/FINAL/riscv-rvv-ime-gemm-microkernels-updated/HETEROGENEOUS_RVV_IME_OPENMP_GEMM/results/openmp_results_k1-rvv-only_1024_20260904_074523/raw_logs/GEMM_RVV_FP64_INT8_8x4_Baseline_RVV_DGEMM_FP64_8x4_dgemm_kernel_8x4_zvl256b_lmul8_unroll1_run1.log",NA,NA,NA,NA,NA,NA,NA
2026-09-04T10:04:40,k1-rvv-only,"GEMM_RVV_FP64_INT8_8x4_Baseline","RVV_DGEMM_FP64_8x4","dgemm_kernel_8x4_zvl256b_lmul8_unroll1",8x4,256b,8,1,FP64_RVV,4-7,4,4,1024,1024,1024,32,2,OK,0,NONE,1.167128667,GFLOPS,1.839972,parallel_tiles_including_required_packing,DISABLED,0,0,"0:cpu4:tiles8;1:cpu5:tiles8;2:cpu6:tiles8;3:cpu7:tiles8","NA",static,0,"NA","NA","/home/bananapi/MAT/kernels riscv rvv 1.0/FINAL/riscv-rvv-ime-gemm-microkernels-updated/HETEROGENEOUS_RVV_IME_OPENMP_GEMM/results/openmp_results_k1-rvv-only_1024_20260904_074523/raw_logs/GEMM_RVV_FP64_INT8_8x4_Baseline_RVV_DGEMM_FP64_8x4_dgemm_kernel_8x4_zvl256b_lmul8_unroll1_run2.log",NA,NA,NA,NA,NA,NA,NA
2026-09-04T10:04:43,k1-rvv-only,"GEMM_RVV_FP64_INT8_8x4_Baseline","RVV_DGEMM_FP64_8x4","dgemm_kernel_8x4_zvl256b_lmul8_unroll1",8x4,256b,8,1,FP64_RVV,4-7,4,4,1024,1024,1024,32,3,OK,0,NONE,1.169475917,GFLOPS,1.836279,parallel_tiles_including_required_packing,DISABLED,0,0,"0:cpu4:tiles8;1:cpu5:tiles8;2:cpu6:tiles8;3:cpu7:tiles8","NA",static,0,"NA","NA","/home/bananapi/MAT/kernels riscv rvv 1.0/FINAL/riscv-rvv-ime-gemm-microkernels-updated/HETEROGENEOUS_RVV_IME_OPENMP_GEMM/results/openmp_results_k1-rvv-only_1024_20260904_074523/raw_logs/GEMM_RVV_FP64_INT8_8x4_Baseline_RVV_DGEMM_FP64_8x4_dgemm_kernel_8x4_zvl256b_lmul8_unroll1_run3.log",NA,NA,NA,NA,NA,NA,NA
2026-09-04T10:04:46,k1-rvv-only,"GEMM_RVV_FP64_INT8_8x4_Baseline","RVV_DGEMM_FP64_8x4","dgemm_kernel_8x4_zvl256b_lmul8_unroll1",8x4,256b,8,1,FP64_RVV,4-7,4,4,1024,1024,1024,32,4,OK,0,NONE,1.156352833,GFLOPS,1.857118,parallel_tiles_including_required_packing,DISABLED,0,0,"0:cpu4:tiles8;1:cpu5:tiles8;2:cpu6:tiles8;3:cpu7:tiles8","NA",static,0,"NA","NA","/home/bananapi/MAT/kernels riscv rvv 1.0/FINAL/riscv-rvv-ime-gemm-microkernels-updated/HETEROGENEOUS_RVV_IME_OPENMP_GEMM/results/openmp_results_k1-rvv-only_1024_20260904_074523/raw_logs/GEMM_RVV_FP64_INT8_8x4_Baseline_RVV_DGEMM_FP64_8x4_dgemm_kernel_8x4_zvl256b_lmul8_unroll1_run4.log",NA,NA,NA,NA,NA,NA,NA
2026-09-04T10:04:48,k1-rvv-only,"GEMM_RVV_FP64_INT8_8x4_Baseline","RVV_DGEMM_FP64_8x4","dgemm_kernel_8x4_zvl256b_lmul8_unroll1",8x4,256b,8,1,FP64_RVV,4-7,4,4,1024,1024,1024,32,5,OK,0,NONE,1.158195917,GFLOPS,1.854163,parallel_tiles_including_required_packing,DISABLED,0,0,"0:cpu4:tiles8;1:cpu5:tiles8;2:cpu6:tiles8;3:cpu7:tiles8","NA",static,0,"NA","NA","/home/bananapi/MAT/kernels riscv rvv 1.0/FINAL/riscv-rvv-ime-gemm-microkernels-updated/HETEROGENEOUS_RVV_IME_OPENMP_GEMM/results/openmp_results_k1-rvv-only_1024_20260904_074523/raw_logs/GEMM_RVV_FP64_INT8_8x4_Baseline_RVV_DGEMM_FP64_8x4_dgemm_kernel_8x4_zvl256b_lmul8_unroll1_run5.log",NA,NA,NA,NA,NA,NA,NA
2026-09-04T10:04:51,k1-rvv-only,"GEMM_RVV_FP64_INT8_8x4_Baseline","RVV_DGEMM_FP64_8x4","dgemm_kernel_8x4_zvl256b_lmul8_unroll1",8x4,256b,8,1,FP64_RVV,4-7,4,4,1024,1024,1024,32,6,OK,0,NONE,1.151520833,GFLOPS,1.864911,parallel_tiles_including_required_packing,DISABLED,0,0,"0:cpu4:tiles8;1:cpu5:tiles8;2:cpu6:tiles8;3:cpu7:tiles8","NA",static,0,"NA","NA","/home/bananapi/MAT/kernels riscv rvv 1.0/FINAL/riscv-rvv-ime-gemm-microkernels-updated/HETEROGENEOUS_RVV_IME_OPENMP_GEMM/results/openmp_results_k1-rvv-only_1024_20260904_074523/raw_logs/GEMM_RVV_FP64_INT8_8x4_Baseline_RVV_DGEMM_FP64_8x4_dgemm_kernel_8x4_zvl256b_lmul8_unroll1_run6.log",NA,NA,NA,NA,NA,NA,NA
2026-09-04T10:07:54,k1-rvv-only,"GEMM_RVV_FP64_INT8_8x4_Baseline","RVV_DGEMM_FP64_8x4","dgemm_kernel_8x4_zvl256b_lmul8_unroll2",8x4,256b,8,2,FP64_RVV,4-7,4,4,1024,1024,1024,32,1,OK,0,NONE,1.298714291,GFLOPS,1.653546,parallel_tiles_including_required_packing,INDEPENDENT_GEMM_FP_TOLERANCE,0,7.1054273576010019e-14,"0:cpu4:tiles8;1:cpu5:tiles8;2:cpu6:tiles8;3:cpu7:tiles8","NA",static,0,"NA","NA","/home/bananapi/MAT/kernels riscv rvv 1.0/FINAL/riscv-rvv-ime-gemm-microkernels-updated/HETEROGENEOUS_RVV_IME_OPENMP_GEMM/results/openmp_results_k1-rvv-only_1024_20260904_074523/raw_logs/GEMM_RVV_FP64_INT8_8x4_Baseline_RVV_DGEMM_FP64_8x4_dgemm_kernel_8x4_zvl256b_lmul8_unroll2_run1.log",NA,NA,NA,NA,NA,NA,NA
2026-09-04T10:07:57,k1-rvv-only,"GEMM_RVV_FP64_INT8_8x4_Baseline","RVV_DGEMM_FP64_8x4","dgemm_kernel_8x4_zvl256b_lmul8_unroll2",8x4,256b,8,2,FP64_RVV,4-7,4,4,1024,1024,1024,32,2,OK,0,NONE,1.289278377,GFLOPS,1.665648,parallel_tiles_including_required_packing,DISABLED,0,0,"0:cpu4:tiles8;1:cpu5:tiles8;2:cpu6:tiles8;3:cpu7:tiles8","NA",static,0,"NA","NA","/home/bananapi/MAT/kernels riscv rvv 1.0/FINAL/riscv-rvv-ime-gemm-microkernels-updated/HETEROGENEOUS_RVV_IME_OPENMP_GEMM/results/openmp_results_k1-rvv-only_1024_20260904_074523/raw_logs/GEMM_RVV_FP64_INT8_8x4_Baseline_RVV_DGEMM_FP64_8x4_dgemm_kernel_8x4_zvl256b_lmul8_unroll2_run2.log",NA,NA,NA,NA,NA,NA,NA
2026-09-04T10:08:00,k1-rvv-only,"GEMM_RVV_FP64_INT8_8x4_Baseline","RVV_DGEMM_FP64_8x4","dgemm_kernel_8x4_zvl256b_lmul8_unroll2",8x4,256b,8,2,FP64_RVV,4-7,4,4,1024,1024,1024,32,3,OK,0,NONE,1.289486211,GFLOPS,1.665379,parallel_tiles_including_required_packing,DISABLED,0,0,"0:cpu4:tiles8;1:cpu5:tiles8;2:cpu6:tiles8;3:cpu7:tiles8","NA",static,0,"NA","NA","/home/bananapi/MAT/kernels riscv rvv 1.0/FINAL/riscv-rvv-ime-gemm-microkernels-updated/HETEROGENEOUS_RVV_IME_OPENMP_GEMM/results/openmp_results_k1-rvv-only_1024_20260904_074523/raw_logs/GEMM_RVV_FP64_INT8_8x4_Baseline_RVV_DGEMM_FP64_8x4_dgemm_kernel_8x4_zvl256b_lmul8_unroll2_run3.log",NA,NA,NA,NA,NA,NA,NA
2026-09-04T10:08:03,k1-rvv-only,"GEMM_RVV_FP64_INT8_8x4_Baseline","RVV_DGEMM_FP64_8x4","dgemm_kernel_8x4_zvl256b_lmul8_unroll2",8x4,256b,8,2,FP64_RVV,4-7,4,4,1024,1024,1024,32,4,OK,0,NONE,1.294108834,GFLOPS,1.659430,parallel_tiles_including_required_packing,DISABLED,0,0,"0:cpu4:tiles8;1:cpu5:tiles8;2:cpu6:tiles8;3:cpu7:tiles8","NA",static,0,"NA","NA","/home/bananapi/MAT/kernels riscv rvv 1.0/FINAL/riscv-rvv-ime-gemm-microkernels-updated/HETEROGENEOUS_RVV_IME_OPENMP_GEMM/results/openmp_results_k1-rvv-only_1024_20260904_074523/raw_logs/GEMM_RVV_FP64_INT8_8x4_Baseline_RVV_DGEMM_FP64_8x4_dgemm_kernel_8x4_zvl256b_lmul8_unroll2_run4.log",NA,NA,NA,NA,NA,NA,NA
2026-09-04T10:08:06,k1-rvv-only,"GEMM_RVV_FP64_INT8_8x4_Baseline","RVV_DGEMM_FP64_8x4","dgemm_kernel_8x4_zvl256b_lmul8_unroll2",8x4,256b,8,2,FP64_RVV,4-7,4,4,1024,1024,1024,32,5,OK,0,NONE,1.283340793,GFLOPS,1.673354,parallel_tiles_including_required_packing,DISABLED,0,0,"0:cpu4:tiles8;1:cpu5:tiles8;2:cpu6:tiles8;3:cpu7:tiles8","NA",static,0,"NA","NA","/home/bananapi/MAT/kernels riscv rvv 1.0/FINAL/riscv-rvv-ime-gemm-microkernels-updated/HETEROGENEOUS_RVV_IME_OPENMP_GEMM/results/openmp_results_k1-rvv-only_1024_20260904_074523/raw_logs/GEMM_RVV_FP64_INT8_8x4_Baseline_RVV_DGEMM_FP64_8x4_dgemm_kernel_8x4_zvl256b_lmul8_unroll2_run5.log",NA,NA,NA,NA,NA,NA,NA
2026-09-04T10:08:09,k1-rvv-only,"GEMM_RVV_FP64_INT8_8x4_Baseline","RVV_DGEMM_FP64_8x4","dgemm_kernel_8x4_zvl256b_lmul8_unroll2",8x4,256b,8,2,FP64_RVV,4-7,4,4,1024,1024,1024,32,6,OK,0,NONE,1.287530459,GFLOPS,1.667909,parallel_tiles_including_required_packing,DISABLED,0,0,"0:cpu4:tiles8;1:cpu5:tiles8;2:cpu6:tiles8;3:cpu7:tiles8","NA",static,0,"NA","NA","/home/bananapi/MAT/kernels riscv rvv 1.0/FINAL/riscv-rvv-ime-gemm-microkernels-updated/HETEROGENEOUS_RVV_IME_OPENMP_GEMM/results/openmp_results_k1-rvv-only_1024_20260904_074523/raw_logs/GEMM_RVV_FP64_INT8_8x4_Baseline_RVV_DGEMM_FP64_8x4_dgemm_kernel_8x4_zvl256b_lmul8_unroll2_run6.log",NA,NA,NA,NA,NA,NA,NA
2026-09-04T10:11:14,k1-rvv-only,"GEMM_RVV_FP64_INT8_8x4_Baseline","RVV_DGEMM_FP64_8x4","dgemm_kernel_8x4_zvl256b_lmul8_unroll4",8x4,256b,8,4,FP64_RVV,4-7,4,4,1024,1024,1024,32,1,OK,0,NONE,1.295121126,GFLOPS,1.658133,parallel_tiles_including_required_packing,INDEPENDENT_GEMM_FP_TOLERANCE,0,7.1054273576010019e-14,"0:cpu4:tiles8;1:cpu5:tiles8;2:cpu6:tiles8;3:cpu7:tiles8","NA",static,0,"NA","NA","/home/bananapi/MAT/kernels riscv rvv 1.0/FINAL/riscv-rvv-ime-gemm-microkernels-updated/HETEROGENEOUS_RVV_IME_OPENMP_GEMM/results/openmp_results_k1-rvv-only_1024_20260904_074523/raw_logs/GEMM_RVV_FP64_INT8_8x4_Baseline_RVV_DGEMM_FP64_8x4_dgemm_kernel_8x4_zvl256b_lmul8_unroll4_run1.log",NA,NA,NA,NA,NA,NA,NA
2026-09-04T10:11:17,k1-rvv-only,"GEMM_RVV_FP64_INT8_8x4_Baseline","RVV_DGEMM_FP64_8x4","dgemm_kernel_8x4_zvl256b_lmul8_unroll4",8x4,256b,8,4,FP64_RVV,4-7,4,4,1024,1024,1024,32,2,OK,0,NONE,1.273901962,GFLOPS,1.685753,parallel_tiles_including_required_packing,DISABLED,0,0,"0:cpu4:tiles8;1:cpu5:tiles8;2:cpu6:tiles8;3:cpu7:tiles8","NA",static,0,"NA","NA","/home/bananapi/MAT/kernels riscv rvv 1.0/FINAL/riscv-rvv-ime-gemm-microkernels-updated/HETEROGENEOUS_RVV_IME_OPENMP_GEMM/results/openmp_results_k1-rvv-only_1024_20260904_074523/raw_logs/GEMM_RVV_FP64_INT8_8x4_Baseline_RVV_DGEMM_FP64_8x4_dgemm_kernel_8x4_zvl256b_lmul8_unroll4_run2.log",NA,NA,NA,NA,NA,NA,NA
2026-09-04T10:11:20,k1-rvv-only,"GEMM_RVV_FP64_INT8_8x4_Baseline","RVV_DGEMM_FP64_8x4","dgemm_kernel_8x4_zvl256b_lmul8_unroll4",8x4,256b,8,4,FP64_RVV,4-7,4,4,1024,1024,1024,32,3,OK,0,NONE,1.275413919,GFLOPS,1.683754,parallel_tiles_including_required_packing,DISABLED,0,0,"0:cpu4:tiles8;1:cpu5:tiles8;2:cpu6:tiles8;3:cpu7:tiles8","NA",static,0,"NA","NA","/home/bananapi/MAT/kernels riscv rvv 1.0/FINAL/riscv-rvv-ime-gemm-microkernels-updated/HETEROGENEOUS_RVV_IME_OPENMP_GEMM/results/openmp_results_k1-rvv-only_1024_20260904_074523/raw_logs/GEMM_RVV_FP64_INT8_8x4_Baseline_RVV_DGEMM_FP64_8x4_dgemm_kernel_8x4_zvl256b_lmul8_unroll4_run3.log",NA,NA,NA,NA,NA,NA,NA
2026-09-04T10:11:23,k1-rvv-only,"GEMM_RVV_FP64_INT8_8x4_Baseline","RVV_DGEMM_FP64_8x4","dgemm_kernel_8x4_zvl256b_lmul8_unroll4",8x4,256b,8,4,FP64_RVV,4-7,4,4,1024,1024,1024,32,4,OK,0,NONE,1.272246961,GFLOPS,1.687946,parallel_tiles_including_required_packing,DISABLED,0,0,"0:cpu4:tiles8;1:cpu5:tiles8;2:cpu6:tiles8;3:cpu7:tiles8","NA",static,0,"NA","NA","/home/bananapi/MAT/kernels riscv rvv 1.0/FINAL/riscv-rvv-ime-gemm-microkernels-updated/HETEROGENEOUS_RVV_IME_OPENMP_GEMM/results/openmp_results_k1-rvv-only_1024_20260904_074523/raw_logs/GEMM_RVV_FP64_INT8_8x4_Baseline_RVV_DGEMM_FP64_8x4_dgemm_kernel_8x4_zvl256b_lmul8_unroll4_run4.log",NA,NA,NA,NA,NA,NA,NA
2026-09-04T10:11:26,k1-rvv-only,"GEMM_RVV_FP64_INT8_8x4_Baseline","RVV_DGEMM_FP64_8x4","dgemm_kernel_8x4_zvl256b_lmul8_unroll4",8x4,256b,8,4,FP64_RVV,4-7,4,4,1024,1024,1024,32,5,OK,0,NONE,1.293614544,GFLOPS,1.660065,parallel_tiles_including_required_packing,DISABLED,0,0,"0:cpu4:tiles8;1:cpu5:tiles8;2:cpu6:tiles8;3:cpu7:tiles8","NA",static,0,"NA","NA","/home/bananapi/MAT/kernels riscv rvv 1.0/FINAL/riscv-rvv-ime-gemm-microkernels-updated/HETEROGENEOUS_RVV_IME_OPENMP_GEMM/results/openmp_results_k1-rvv-only_1024_20260904_074523/raw_logs/GEMM_RVV_FP64_INT8_8x4_Baseline_RVV_DGEMM_FP64_8x4_dgemm_kernel_8x4_zvl256b_lmul8_unroll4_run5.log",NA,NA,NA,NA,NA,NA,NA
2026-09-04T10:11:29,k1-rvv-only,"GEMM_RVV_FP64_INT8_8x4_Baseline","RVV_DGEMM_FP64_8x4","dgemm_kernel_8x4_zvl256b_lmul8_unroll4",8x4,256b,8,4,FP64_RVV,4-7,4,4,1024,1024,1024,32,6,OK,0,NONE,1.292613957,GFLOPS,1.661350,parallel_tiles_including_required_packing,DISABLED,0,0,"0:cpu4:tiles8;1:cpu5:tiles8;2:cpu6:tiles8;3:cpu7:tiles8","NA",static,0,"NA","NA","/home/bananapi/MAT/kernels riscv rvv 1.0/FINAL/riscv-rvv-ime-gemm-microkernels-updated/HETEROGENEOUS_RVV_IME_OPENMP_GEMM/results/openmp_results_k1-rvv-only_1024_20260904_074523/raw_logs/GEMM_RVV_FP64_INT8_8x4_Baseline_RVV_DGEMM_FP64_8x4_dgemm_kernel_8x4_zvl256b_lmul8_unroll4_run6.log",NA,NA,NA,NA,NA,NA,NA
2026-09-04T10:14:33,k1-rvv-only,"GEMM_RVV_FP64_INT8_8x4_Baseline","RVV_DGEMM_FP64_8x4","dgemm_kernel_8x4_zvl256b_lmul8_unroll8",8x4,256b,8,8,FP64_RVV,4-7,4,4,1024,1024,1024,32,1,OK,0,NONE,1.214974042,GFLOPS,1.767514,parallel_tiles_including_required_packing,INDEPENDENT_GEMM_FP_TOLERANCE,0,7.1054273576010019e-14,"0:cpu4:tiles8;1:cpu5:tiles8;2:cpu6:tiles8;3:cpu7:tiles8","NA",static,0,"NA","NA","/home/bananapi/MAT/kernels riscv rvv 1.0/FINAL/riscv-rvv-ime-gemm-microkernels-updated/HETEROGENEOUS_RVV_IME_OPENMP_GEMM/results/openmp_results_k1-rvv-only_1024_20260904_074523/raw_logs/GEMM_RVV_FP64_INT8_8x4_Baseline_RVV_DGEMM_FP64_8x4_dgemm_kernel_8x4_zvl256b_lmul8_unroll8_run1.log",NA,NA,NA,NA,NA,NA,NA
2026-09-04T10:14:36,k1-rvv-only,"GEMM_RVV_FP64_INT8_8x4_Baseline","RVV_DGEMM_FP64_8x4","dgemm_kernel_8x4_zvl256b_lmul8_unroll8",8x4,256b,8,8,FP64_RVV,4-7,4,4,1024,1024,1024,32,2,OK,0,NONE,1.201813001,GFLOPS,1.786870,parallel_tiles_including_required_packing,DISABLED,0,0,"0:cpu4:tiles8;1:cpu5:tiles8;2:cpu6:tiles8;3:cpu7:tiles8","NA",static,0,"NA","NA","/home/bananapi/MAT/kernels riscv rvv 1.0/FINAL/riscv-rvv-ime-gemm-microkernels-updated/HETEROGENEOUS_RVV_IME_OPENMP_GEMM/results/openmp_results_k1-rvv-only_1024_20260904_074523/raw_logs/GEMM_RVV_FP64_INT8_8x4_Baseline_RVV_DGEMM_FP64_8x4_dgemm_kernel_8x4_zvl256b_lmul8_unroll8_run2.log",NA,NA,NA,NA,NA,NA,NA
2026-09-04T10:14:39,k1-rvv-only,"GEMM_RVV_FP64_INT8_8x4_Baseline","RVV_DGEMM_FP64_8x4","dgemm_kernel_8x4_zvl256b_lmul8_unroll8",8x4,256b,8,8,FP64_RVV,4-7,4,4,1024,1024,1024,32,3,OK,0,NONE,1.205699876,GFLOPS,1.781110,parallel_tiles_including_required_packing,DISABLED,0,0,"0:cpu4:tiles8;1:cpu5:tiles8;2:cpu6:tiles8;3:cpu7:tiles8","NA",static,0,"NA","NA","/home/bananapi/MAT/kernels riscv rvv 1.0/FINAL/riscv-rvv-ime-gemm-microkernels-updated/HETEROGENEOUS_RVV_IME_OPENMP_GEMM/results/openmp_results_k1-rvv-only_1024_20260904_074523/raw_logs/GEMM_RVV_FP64_INT8_8x4_Baseline_RVV_DGEMM_FP64_8x4_dgemm_kernel_8x4_zvl256b_lmul8_unroll8_run3.log",NA,NA,NA,NA,NA,NA,NA
2026-09-04T10:14:42,k1-rvv-only,"GEMM_RVV_FP64_INT8_8x4_Baseline","RVV_DGEMM_FP64_8x4","dgemm_kernel_8x4_zvl256b_lmul8_unroll8",8x4,256b,8,8,FP64_RVV,4-7,4,4,1024,1024,1024,32,4,OK,0,NONE,1.207069878,GFLOPS,1.779088,parallel_tiles_including_required_packing,DISABLED,0,0,"0:cpu4:tiles8;1:cpu5:tiles8;2:cpu6:tiles8;3:cpu7:tiles8","NA",static,0,"NA","NA","/home/bananapi/MAT/kernels riscv rvv 1.0/FINAL/riscv-rvv-ime-gemm-microkernels-updated/HETEROGENEOUS_RVV_IME_OPENMP_GEMM/results/openmp_results_k1-rvv-only_1024_20260904_074523/raw_logs/GEMM_RVV_FP64_INT8_8x4_Baseline_RVV_DGEMM_FP64_8x4_dgemm_kernel_8x4_zvl256b_lmul8_unroll8_run4.log",NA,NA,NA,NA,NA,NA,NA
2026-09-04T10:14:45,k1-rvv-only,"GEMM_RVV_FP64_INT8_8x4_Baseline","RVV_DGEMM_FP64_8x4","dgemm_kernel_8x4_zvl256b_lmul8_unroll8",8x4,256b,8,8,FP64_RVV,4-7,4,4,1024,1024,1024,32,5,OK,0,NONE,1.200700793,GFLOPS,1.788525,parallel_tiles_including_required_packing,DISABLED,0,0,"0:cpu4:tiles8;1:cpu5:tiles8;2:cpu6:tiles8;3:cpu7:tiles8","NA",static,0,"NA","NA","/home/bananapi/MAT/kernels riscv rvv 1.0/FINAL/riscv-rvv-ime-gemm-microkernels-updated/HETEROGENEOUS_RVV_IME_OPENMP_GEMM/results/openmp_results_k1-rvv-only_1024_20260904_074523/raw_logs/GEMM_RVV_FP64_INT8_8x4_Baseline_RVV_DGEMM_FP64_8x4_dgemm_kernel_8x4_zvl256b_lmul8_unroll8_run5.log",NA,NA,NA,NA,NA,NA,NA
2026-09-04T10:14:47,k1-rvv-only,"GEMM_RVV_FP64_INT8_8x4_Baseline","RVV_DGEMM_FP64_8x4","dgemm_kernel_8x4_zvl256b_lmul8_unroll8",8x4,256b,8,8,FP64_RVV,4-7,4,4,1024,1024,1024,32,6,OK,0,NONE,1.206961043,GFLOPS,1.779249,parallel_tiles_including_required_packing,DISABLED,0,0,"0:cpu4:tiles8;1:cpu5:tiles8;2:cpu6:tiles8;3:cpu7:tiles8","NA",static,0,"NA","NA","/home/bananapi/MAT/kernels riscv rvv 1.0/FINAL/riscv-rvv-ime-gemm-microkernels-updated/HETEROGENEOUS_RVV_IME_OPENMP_GEMM/results/openmp_results_k1-rvv-only_1024_20260904_074523/raw_logs/GEMM_RVV_FP64_INT8_8x4_Baseline_RVV_DGEMM_FP64_8x4_dgemm_kernel_8x4_zvl256b_lmul8_unroll8_run6.log",NA,NA,NA,NA,NA,NA,NA
2026-09-04T10:17:56,k1-rvv-only,"GEMM_RVV_FP64_INT8_8x8_Baseline","RVV_DGEMM_FP64_8x8","dgemm_kernel_8x8_zvl256b_lmul1_unroll1",8x8,256b,1,1,FP64_RVV,4-7,4,4,1024,1024,1024,32,1,OK,0,NONE,0.646702457,GFLOPS,3.320667,parallel_tiles_including_required_packing,INDEPENDENT_GEMM_FP_TOLERANCE,0,7.1054273576010019e-14,"0:cpu4:tiles8;1:cpu5:tiles8;2:cpu6:tiles8;3:cpu7:tiles8","NA",static,0,"NA","NA","/home/bananapi/MAT/kernels riscv rvv 1.0/FINAL/riscv-rvv-ime-gemm-microkernels-updated/HETEROGENEOUS_RVV_IME_OPENMP_GEMM/results/openmp_results_k1-rvv-only_1024_20260904_074523/raw_logs/GEMM_RVV_FP64_INT8_8x8_Baseline_RVV_DGEMM_FP64_8x8_dgemm_kernel_8x8_zvl256b_lmul1_unroll1_run1.log",NA,NA,NA,NA,NA,NA,NA
2026-09-04T10:17:57,k1-rvv-only,"GEMM_RVV_FP64_INT8_8x8_Baseline","RVV_DGEMM_FP64_8x8","dgemm_kernel_8x8_zvl256b_lmul1_unroll1",8x8,256b,1,1,FP64_RVV,4-7,4,4,1024,1024,1024,32,2,OK,0,NONE,0.645906664,GFLOPS,3.324758,parallel_tiles_including_required_packing,DISABLED,0,0,"0:cpu4:tiles8;1:cpu5:tiles8;2:cpu6:tiles8;3:cpu7:tiles8","NA",static,0,"NA","NA","/home/bananapi/MAT/kernels riscv rvv 1.0/FINAL/riscv-rvv-ime-gemm-microkernels-updated/HETEROGENEOUS_RVV_IME_OPENMP_GEMM/results/openmp_results_k1-rvv-only_1024_20260904_074523/raw_logs/GEMM_RVV_FP64_INT8_8x8_Baseline_RVV_DGEMM_FP64_8x8_dgemm_kernel_8x8_zvl256b_lmul1_unroll1_run2.log",NA,NA,NA,NA,NA,NA,NA
2026-09-04T10:17:59,k1-rvv-only,"GEMM_RVV_FP64_INT8_8x8_Baseline","RVV_DGEMM_FP64_8x8","dgemm_kernel_8x8_zvl256b_lmul1_unroll1",8x8,256b,1,1,FP64_RVV,4-7,4,4,1024,1024,1024,32,3,OK,0,NONE,0.607945003,GFLOPS,3.532365,parallel_tiles_including_required_packing,DISABLED,0,0,"0:cpu4:tiles8;1:cpu5:tiles8;2:cpu6:tiles8;3:cpu7:tiles8","NA",static,0,"NA","NA","/home/bananapi/MAT/kernels riscv rvv 1.0/FINAL/riscv-rvv-ime-gemm-microkernels-updated/HETEROGENEOUS_RVV_IME_OPENMP_GEMM/results/openmp_results_k1-rvv-only_1024_20260904_074523/raw_logs/GEMM_RVV_FP64_INT8_8x8_Baseline_RVV_DGEMM_FP64_8x8_dgemm_kernel_8x8_zvl256b_lmul1_unroll1_run3.log",NA,NA,NA,NA,NA,NA,NA
2026-09-04T10:18:01,k1-rvv-only,"GEMM_RVV_FP64_INT8_8x8_Baseline","RVV_DGEMM_FP64_8x8","dgemm_kernel_8x8_zvl256b_lmul1_unroll1",8x8,256b,1,1,FP64_RVV,4-7,4,4,1024,1024,1024,32,4,OK,0,NONE,0.625542291,GFLOPS,3.432995,parallel_tiles_including_required_packing,DISABLED,0,0,"0:cpu4:tiles8;1:cpu5:tiles8;2:cpu6:tiles8;3:cpu7:tiles8","NA",static,0,"NA","NA","/home/bananapi/MAT/kernels riscv rvv 1.0/FINAL/riscv-rvv-ime-gemm-microkernels-updated/HETEROGENEOUS_RVV_IME_OPENMP_GEMM/results/openmp_results_k1-rvv-only_1024_20260904_074523/raw_logs/GEMM_RVV_FP64_INT8_8x8_Baseline_RVV_DGEMM_FP64_8x8_dgemm_kernel_8x8_zvl256b_lmul1_unroll1_run4.log",NA,NA,NA,NA,NA,NA,NA
2026-09-04T10:18:02,k1-rvv-only,"GEMM_RVV_FP64_INT8_8x8_Baseline","RVV_DGEMM_FP64_8x8","dgemm_kernel_8x8_zvl256b_lmul1_unroll1",8x8,256b,1,1,FP64_RVV,4-7,4,4,1024,1024,1024,32,5,OK,0,NONE,0.607038457,GFLOPS,3.537640,parallel_tiles_including_required_packing,DISABLED,0,0,"0:cpu4:tiles8;1:cpu5:tiles8;2:cpu6:tiles8;3:cpu7:tiles8","NA",static,0,"NA","NA","/home/bananapi/MAT/kernels riscv rvv 1.0/FINAL/riscv-rvv-ime-gemm-microkernels-updated/HETEROGENEOUS_RVV_IME_OPENMP_GEMM/results/openmp_results_k1-rvv-only_1024_20260904_074523/raw_logs/GEMM_RVV_FP64_INT8_8x8_Baseline_RVV_DGEMM_FP64_8x8_dgemm_kernel_8x8_zvl256b_lmul1_unroll1_run5.log",NA,NA,NA,NA,NA,NA,NA
2026-09-04T10:18:04,k1-rvv-only,"GEMM_RVV_FP64_INT8_8x8_Baseline","RVV_DGEMM_FP64_8x8","dgemm_kernel_8x8_zvl256b_lmul1_unroll1",8x8,256b,1,1,FP64_RVV,4-7,4,4,1024,1024,1024,32,6,OK,0,NONE,0.599341914,GFLOPS,3.583069,parallel_tiles_including_required_packing,DISABLED,0,0,"0:cpu4:tiles8;1:cpu5:tiles8;2:cpu6:tiles8;3:cpu7:tiles8","NA",static,0,"NA","NA","/home/bananapi/MAT/kernels riscv rvv 1.0/FINAL/riscv-rvv-ime-gemm-microkernels-updated/HETEROGENEOUS_RVV_IME_OPENMP_GEMM/results/openmp_results_k1-rvv-only_1024_20260904_074523/raw_logs/GEMM_RVV_FP64_INT8_8x8_Baseline_RVV_DGEMM_FP64_8x8_dgemm_kernel_8x8_zvl256b_lmul1_unroll1_run6.log",NA,NA,NA,NA,NA,NA,NA
2026-09-04T10:21:09,k1-rvv-only,"GEMM_RVV_FP64_INT8_8x8_Baseline","RVV_DGEMM_FP64_8x8","dgemm_kernel_8x8_zvl256b_lmul1_unroll2",8x8,256b,1,2,FP64_RVV,4-7,4,4,1024,1024,1024,32,1,OK,0,NONE,0.647625957,GFLOPS,3.315932,parallel_tiles_including_required_packing,INDEPENDENT_GEMM_FP_TOLERANCE,0,7.1054273576010019e-14,"0:cpu4:tiles8;1:cpu5:tiles8;2:cpu6:tiles8;3:cpu7:tiles8","NA",static,0,"NA","NA","/home/bananapi/MAT/kernels riscv rvv 1.0/FINAL/riscv-rvv-ime-gemm-microkernels-updated/HETEROGENEOUS_RVV_IME_OPENMP_GEMM/results/openmp_results_k1-rvv-only_1024_20260904_074523/raw_logs/GEMM_RVV_FP64_INT8_8x8_Baseline_RVV_DGEMM_FP64_8x8_dgemm_kernel_8x8_zvl256b_lmul1_unroll2_run1.log",NA,NA,NA,NA,NA,NA,NA
2026-09-04T10:21:11,k1-rvv-only,"GEMM_RVV_FP64_INT8_8x8_Baseline","RVV_DGEMM_FP64_8x8","dgemm_kernel_8x8_zvl256b_lmul1_unroll2",8x8,256b,1,2,FP64_RVV,4-7,4,4,1024,1024,1024,32,2,OK,0,NONE,0.627538249,GFLOPS,3.422076,parallel_tiles_including_required_packing,DISABLED,0,0,"0:cpu4:tiles8;1:cpu5:tiles8;2:cpu6:tiles8;3:cpu7:tiles8","NA",static,0,"NA","NA","/home/bananapi/MAT/kernels riscv rvv 1.0/FINAL/riscv-rvv-ime-gemm-microkernels-updated/HETEROGENEOUS_RVV_IME_OPENMP_GEMM/results/openmp_results_k1-rvv-only_1024_20260904_074523/raw_logs/GEMM_RVV_FP64_INT8_8x8_Baseline_RVV_DGEMM_FP64_8x8_dgemm_kernel_8x8_zvl256b_lmul1_unroll2_run2.log",NA,NA,NA,NA,NA,NA,NA
2026-09-04T10:21:13,k1-rvv-only,"GEMM_RVV_FP64_INT8_8x8_Baseline","RVV_DGEMM_FP64_8x8","dgemm_kernel_8x8_zvl256b_lmul1_unroll2",8x8,256b,1,2,FP64_RVV,4-7,4,4,1024,1024,1024,32,3,OK,0,NONE,0.594419420,GFLOPS,3.612741,parallel_tiles_including_required_packing,DISABLED,0,0,"0:cpu4:tiles8;1:cpu5:tiles8;2:cpu6:tiles8;3:cpu7:tiles8","NA",static,0,"NA","NA","/home/bananapi/MAT/kernels riscv rvv 1.0/FINAL/riscv-rvv-ime-gemm-microkernels-updated/HETEROGENEOUS_RVV_IME_OPENMP_GEMM/results/openmp_results_k1-rvv-only_1024_20260904_074523/raw_logs/GEMM_RVV_FP64_INT8_8x8_Baseline_RVV_DGEMM_FP64_8x8_dgemm_kernel_8x8_zvl256b_lmul1_unroll2_run3.log",NA,NA,NA,NA,NA,NA,NA
2026-09-04T10:21:14,k1-rvv-only,"GEMM_RVV_FP64_INT8_8x8_Baseline","RVV_DGEMM_FP64_8x8","dgemm_kernel_8x8_zvl256b_lmul1_unroll2",8x8,256b,1,2,FP64_RVV,4-7,4,4,1024,1024,1024,32,4,OK,0,NONE,0.642312791,GFLOPS,3.343361,parallel_tiles_including_required_packing,DISABLED,0,0,"0:cpu4:tiles8;1:cpu5:tiles8;2:cpu6:tiles8;3:cpu7:tiles8","NA",static,0,"NA","NA","/home/bananapi/MAT/kernels riscv rvv 1.0/FINAL/riscv-rvv-ime-gemm-microkernels-updated/HETEROGENEOUS_RVV_IME_OPENMP_GEMM/results/openmp_results_k1-rvv-only_1024_20260904_074523/raw_logs/GEMM_RVV_FP64_INT8_8x8_Baseline_RVV_DGEMM_FP64_8x8_dgemm_kernel_8x8_zvl256b_lmul1_unroll2_run4.log",NA,NA,NA,NA,NA,NA,NA
2026-09-04T10:21:16,k1-rvv-only,"GEMM_RVV_FP64_INT8_8x8_Baseline","RVV_DGEMM_FP64_8x8","dgemm_kernel_8x8_zvl256b_lmul1_unroll2",8x8,256b,1,2,FP64_RVV,4-7,4,4,1024,1024,1024,32,5,OK,0,NONE,0.653072998,GFLOPS,3.288275,parallel_tiles_including_required_packing,DISABLED,0,0,"0:cpu4:tiles8;1:cpu5:tiles8;2:cpu6:tiles8;3:cpu7:tiles8","NA",static,0,"NA","NA","/home/bananapi/MAT/kernels riscv rvv 1.0/FINAL/riscv-rvv-ime-gemm-microkernels-updated/HETEROGENEOUS_RVV_IME_OPENMP_GEMM/results/openmp_results_k1-rvv-only_1024_20260904_074523/raw_logs/GEMM_RVV_FP64_INT8_8x8_Baseline_RVV_DGEMM_FP64_8x8_dgemm_kernel_8x8_zvl256b_lmul1_unroll2_run5.log",NA,NA,NA,NA,NA,NA,NA
2026-09-04T10:21:18,k1-rvv-only,"GEMM_RVV_FP64_INT8_8x8_Baseline","RVV_DGEMM_FP64_8x8","dgemm_kernel_8x8_zvl256b_lmul1_unroll2",8x8,256b,1,2,FP64_RVV,4-7,4,4,1024,1024,1024,32,6,OK,0,NONE,0.636240501,GFLOPS,3.375270,parallel_tiles_including_required_packing,DISABLED,0,0,"0:cpu4:tiles8;1:cpu5:tiles8;2:cpu6:tiles8;3:cpu7:tiles8","NA",static,0,"NA","NA","/home/bananapi/MAT/kernels riscv rvv 1.0/FINAL/riscv-rvv-ime-gemm-microkernels-updated/HETEROGENEOUS_RVV_IME_OPENMP_GEMM/results/openmp_results_k1-rvv-only_1024_20260904_074523/raw_logs/GEMM_RVV_FP64_INT8_8x8_Baseline_RVV_DGEMM_FP64_8x8_dgemm_kernel_8x8_zvl256b_lmul1_unroll2_run6.log",NA,NA,NA,NA,NA,NA,NA
2026-09-04T10:24:24,k1-rvv-only,"GEMM_RVV_FP64_INT8_8x8_Baseline","RVV_DGEMM_FP64_8x8","dgemm_kernel_8x8_zvl256b_lmul1_unroll4",8x8,256b,1,4,FP64_RVV,4-7,4,4,1024,1024,1024,32,1,OK,0,NONE,0.658816960,GFLOPS,3.259606,parallel_tiles_including_required_packing,INDEPENDENT_GEMM_FP_TOLERANCE,0,7.1054273576010019e-14,"0:cpu4:tiles8;1:cpu5:tiles8;2:cpu6:tiles8;3:cpu7:tiles8","NA",static,0,"NA","NA","/home/bananapi/MAT/kernels riscv rvv 1.0/FINAL/riscv-rvv-ime-gemm-microkernels-updated/HETEROGENEOUS_RVV_IME_OPENMP_GEMM/results/openmp_results_k1-rvv-only_1024_20260904_074523/raw_logs/GEMM_RVV_FP64_INT8_8x8_Baseline_RVV_DGEMM_FP64_8x8_dgemm_kernel_8x8_zvl256b_lmul1_unroll4_run1.log",NA,NA,NA,NA,NA,NA,NA
2026-09-04T10:24:25,k1-rvv-only,"GEMM_RVV_FP64_INT8_8x8_Baseline","RVV_DGEMM_FP64_8x8","dgemm_kernel_8x8_zvl256b_lmul1_unroll4",8x8,256b,1,4,FP64_RVV,4-7,4,4,1024,1024,1024,32,2,OK,0,NONE,0.600511543,GFLOPS,3.576091,parallel_tiles_including_required_packing,DISABLED,0,0,"0:cpu4:tiles8;1:cpu5:tiles8;2:cpu6:tiles8;3:cpu7:tiles8","NA",static,0,"NA","NA","/home/bananapi/MAT/kernels riscv rvv 1.0/FINAL/riscv-rvv-ime-gemm-microkernels-updated/HETEROGENEOUS_RVV_IME_OPENMP_GEMM/results/openmp_results_k1-rvv-only_1024_20260904_074523/raw_logs/GEMM_RVV_FP64_INT8_8x8_Baseline_RVV_DGEMM_FP64_8x8_dgemm_kernel_8x8_zvl256b_lmul1_unroll4_run2.log",NA,NA,NA,NA,NA,NA,NA
2026-09-04T10:24:27,k1-rvv-only,"GEMM_RVV_FP64_INT8_8x8_Baseline","RVV_DGEMM_FP64_8x8","dgemm_kernel_8x8_zvl256b_lmul1_unroll4",8x8,256b,1,4,FP64_RVV,4-7,4,4,1024,1024,1024,32,3,OK,0,NONE,0.584954582,GFLOPS,3.671197,parallel_tiles_including_required_packing,DISABLED,0,0,"0:cpu4:tiles8;1:cpu5:tiles8;2:cpu6:tiles8;3:cpu7:tiles8","NA",static,0,"NA","NA","/home/bananapi/MAT/kernels riscv rvv 1.0/FINAL/riscv-rvv-ime-gemm-microkernels-updated/HETEROGENEOUS_RVV_IME_OPENMP_GEMM/results/openmp_results_k1-rvv-only_1024_20260904_074523/raw_logs/GEMM_RVV_FP64_INT8_8x8_Baseline_RVV_DGEMM_FP64_8x8_dgemm_kernel_8x8_zvl256b_lmul1_unroll4_run3.log",NA,NA,NA,NA,NA,NA,NA
2026-09-04T10:24:28,k1-rvv-only,"GEMM_RVV_FP64_INT8_8x8_Baseline","RVV_DGEMM_FP64_8x8","dgemm_kernel_8x8_zvl256b_lmul1_unroll4",8x8,256b,1,4,FP64_RVV,4-7,4,4,1024,1024,1024,32,4,OK,0,NONE,0.586780250,GFLOPS,3.659775,parallel_tiles_including_required_packing,DISABLED,0,0,"0:cpu4:tiles8;1:cpu5:tiles8;2:cpu6:tiles8;3:cpu7:tiles8","NA",static,0,"NA","NA","/home/bananapi/MAT/kernels riscv rvv 1.0/FINAL/riscv-rvv-ime-gemm-microkernels-updated/HETEROGENEOUS_RVV_IME_OPENMP_GEMM/results/openmp_results_k1-rvv-only_1024_20260904_074523/raw_logs/GEMM_RVV_FP64_INT8_8x8_Baseline_RVV_DGEMM_FP64_8x8_dgemm_kernel_8x8_zvl256b_lmul1_unroll4_run4.log",NA,NA,NA,NA,NA,NA,NA
2026-09-04T10:24:30,k1-rvv-only,"GEMM_RVV_FP64_INT8_8x8_Baseline","RVV_DGEMM_FP64_8x8","dgemm_kernel_8x8_zvl256b_lmul1_unroll4",8x8,256b,1,4,FP64_RVV,4-7,4,4,1024,1024,1024,32,5,OK,0,NONE,0.621962667,GFLOPS,3.452753,parallel_tiles_including_required_packing,DISABLED,0,0,"0:cpu4:tiles8;1:cpu5:tiles8;2:cpu6:tiles8;3:cpu7:tiles8","NA",static,0,"NA","NA","/home/bananapi/MAT/kernels riscv rvv 1.0/FINAL/riscv-rvv-ime-gemm-microkernels-updated/HETEROGENEOUS_RVV_IME_OPENMP_GEMM/results/openmp_results_k1-rvv-only_1024_20260904_074523/raw_logs/GEMM_RVV_FP64_INT8_8x8_Baseline_RVV_DGEMM_FP64_8x8_dgemm_kernel_8x8_zvl256b_lmul1_unroll4_run5.log",NA,NA,NA,NA,NA,NA,NA
2026-09-04T10:24:32,k1-rvv-only,"GEMM_RVV_FP64_INT8_8x8_Baseline","RVV_DGEMM_FP64_8x8","dgemm_kernel_8x8_zvl256b_lmul1_unroll4",8x8,256b,1,4,FP64_RVV,4-7,4,4,1024,1024,1024,32,6,OK,0,NONE,0.642117999,GFLOPS,3.344375,parallel_tiles_including_required_packing,DISABLED,0,0,"0:cpu4:tiles8;1:cpu5:tiles8;2:cpu6:tiles8;3:cpu7:tiles8","NA",static,0,"NA","NA","/home/bananapi/MAT/kernels riscv rvv 1.0/FINAL/riscv-rvv-ime-gemm-microkernels-updated/HETEROGENEOUS_RVV_IME_OPENMP_GEMM/results/openmp_results_k1-rvv-only_1024_20260904_074523/raw_logs/GEMM_RVV_FP64_INT8_8x8_Baseline_RVV_DGEMM_FP64_8x8_dgemm_kernel_8x8_zvl256b_lmul1_unroll4_run6.log",NA,NA,NA,NA,NA,NA,NA
2026-09-04T10:27:37,k1-rvv-only,"GEMM_RVV_FP64_INT8_8x8_Baseline","RVV_DGEMM_FP64_8x8","dgemm_kernel_8x8_zvl256b_lmul1_unroll8",8x8,256b,1,8,FP64_RVV,4-7,4,4,1024,1024,1024,32,1,OK,0,NONE,0.642689336,GFLOPS,3.341402,parallel_tiles_including_required_packing,INDEPENDENT_GEMM_FP_TOLERANCE,0,7.1054273576010019e-14,"0:cpu4:tiles8;1:cpu5:tiles8;2:cpu6:tiles8;3:cpu7:tiles8","NA",static,0,"NA","NA","/home/bananapi/MAT/kernels riscv rvv 1.0/FINAL/riscv-rvv-ime-gemm-microkernels-updated/HETEROGENEOUS_RVV_IME_OPENMP_GEMM/results/openmp_results_k1-rvv-only_1024_20260904_074523/raw_logs/GEMM_RVV_FP64_INT8_8x8_Baseline_RVV_DGEMM_FP64_8x8_dgemm_kernel_8x8_zvl256b_lmul1_unroll8_run1.log",NA,NA,NA,NA,NA,NA,NA
2026-09-04T10:27:39,k1-rvv-only,"GEMM_RVV_FP64_INT8_8x8_Baseline","RVV_DGEMM_FP64_8x8","dgemm_kernel_8x8_zvl256b_lmul1_unroll8",8x8,256b,1,8,FP64_RVV,4-7,4,4,1024,1024,1024,32,2,OK,0,NONE,0.611260459,GFLOPS,3.513206,parallel_tiles_including_required_packing,DISABLED,0,0,"0:cpu4:tiles8;1:cpu5:tiles8;2:cpu6:tiles8;3:cpu7:tiles8","NA",static,0,"NA","NA","/home/bananapi/MAT/kernels riscv rvv 1.0/FINAL/riscv-rvv-ime-gemm-microkernels-updated/HETEROGENEOUS_RVV_IME_OPENMP_GEMM/results/openmp_results_k1-rvv-only_1024_20260904_074523/raw_logs/GEMM_RVV_FP64_INT8_8x8_Baseline_RVV_DGEMM_FP64_8x8_dgemm_kernel_8x8_zvl256b_lmul1_unroll8_run2.log",NA,NA,NA,NA,NA,NA,NA
2026-09-04T10:27:41,k1-rvv-only,"GEMM_RVV_FP64_INT8_8x8_Baseline","RVV_DGEMM_FP64_8x8","dgemm_kernel_8x8_zvl256b_lmul1_unroll8",8x8,256b,1,8,FP64_RVV,4-7,4,4,1024,1024,1024,32,3,OK,0,NONE,0.584021043,GFLOPS,3.677066,parallel_tiles_including_required_packing,DISABLED,0,0,"0:cpu4:tiles8;1:cpu5:tiles8;2:cpu6:tiles8;3:cpu7:tiles8","NA",static,0,"NA","NA","/home/bananapi/MAT/kernels riscv rvv 1.0/FINAL/riscv-rvv-ime-gemm-microkernels-updated/HETEROGENEOUS_RVV_IME_OPENMP_GEMM/results/openmp_results_k1-rvv-only_1024_20260904_074523/raw_logs/GEMM_RVV_FP64_INT8_8x8_Baseline_RVV_DGEMM_FP64_8x8_dgemm_kernel_8x8_zvl256b_lmul1_unroll8_run3.log",NA,NA,NA,NA,NA,NA,NA
2026-09-04T10:27:42,k1-rvv-only,"GEMM_RVV_FP64_INT8_8x8_Baseline","RVV_DGEMM_FP64_8x8","dgemm_kernel_8x8_zvl256b_lmul1_unroll8",8x8,256b,1,8,FP64_RVV,4-7,4,4,1024,1024,1024,32,4,OK,0,NONE,0.589946125,GFLOPS,3.640135,parallel_tiles_including_required_packing,DISABLED,0,0,"0:cpu4:tiles8;1:cpu5:tiles8;2:cpu6:tiles8;3:cpu7:tiles8","NA",static,0,"NA","NA","/home/bananapi/MAT/kernels riscv rvv 1.0/FINAL/riscv-rvv-ime-gemm-microkernels-updated/HETEROGENEOUS_RVV_IME_OPENMP_GEMM/results/openmp_results_k1-rvv-only_1024_20260904_074523/raw_logs/GEMM_RVV_FP64_INT8_8x8_Baseline_RVV_DGEMM_FP64_8x8_dgemm_kernel_8x8_zvl256b_lmul1_unroll8_run4.log",NA,NA,NA,NA,NA,NA,NA
2026-09-04T10:27:44,k1-rvv-only,"GEMM_RVV_FP64_INT8_8x8_Baseline","RVV_DGEMM_FP64_8x8","dgemm_kernel_8x8_zvl256b_lmul1_unroll8",8x8,256b,1,8,FP64_RVV,4-7,4,4,1024,1024,1024,32,5,OK,0,NONE,0.606349416,GFLOPS,3.541660,parallel_tiles_including_required_packing,DISABLED,0,0,"0:cpu4:tiles8;1:cpu5:tiles8;2:cpu6:tiles8;3:cpu7:tiles8","NA",static,0,"NA","NA","/home/bananapi/MAT/kernels riscv rvv 1.0/FINAL/riscv-rvv-ime-gemm-microkernels-updated/HETEROGENEOUS_RVV_IME_OPENMP_GEMM/results/openmp_results_k1-rvv-only_1024_20260904_074523/raw_logs/GEMM_RVV_FP64_INT8_8x8_Baseline_RVV_DGEMM_FP64_8x8_dgemm_kernel_8x8_zvl256b_lmul1_unroll8_run5.log",NA,NA,NA,NA,NA,NA,NA
2026-09-04T10:27:45,k1-rvv-only,"GEMM_RVV_FP64_INT8_8x8_Baseline","RVV_DGEMM_FP64_8x8","dgemm_kernel_8x8_zvl256b_lmul1_unroll8",8x8,256b,1,8,FP64_RVV,4-7,4,4,1024,1024,1024,32,6,OK,0,NONE,0.599074874,GFLOPS,3.584667,parallel_tiles_including_required_packing,DISABLED,0,0,"0:cpu4:tiles8;1:cpu5:tiles8;2:cpu6:tiles8;3:cpu7:tiles8","NA",static,0,"NA","NA","/home/bananapi/MAT/kernels riscv rvv 1.0/FINAL/riscv-rvv-ime-gemm-microkernels-updated/HETEROGENEOUS_RVV_IME_OPENMP_GEMM/results/openmp_results_k1-rvv-only_1024_20260904_074523/raw_logs/GEMM_RVV_FP64_INT8_8x8_Baseline_RVV_DGEMM_FP64_8x8_dgemm_kernel_8x8_zvl256b_lmul1_unroll8_run6.log",NA,NA,NA,NA,NA,NA,NA
2026-09-04T10:30:52,k1-rvv-only,"GEMM_RVV_FP64_INT8_8x8_Baseline","RVV_DGEMM_FP64_8x8","dgemm_kernel_8x8_zvl256b_lmul2_unroll1",8x8,256b,2,1,FP64_RVV,4-7,4,4,1024,1024,1024,32,1,OK,0,NONE,0.618264459,GFLOPS,3.473406,parallel_tiles_including_required_packing,INDEPENDENT_GEMM_FP_TOLERANCE,0,7.1054273576010019e-14,"0:cpu4:tiles8;1:cpu5:tiles8;2:cpu6:tiles8;3:cpu7:tiles8","NA",static,0,"NA","NA","/home/bananapi/MAT/kernels riscv rvv 1.0/FINAL/riscv-rvv-ime-gemm-microkernels-updated/HETEROGENEOUS_RVV_IME_OPENMP_GEMM/results/openmp_results_k1-rvv-only_1024_20260904_074523/raw_logs/GEMM_RVV_FP64_INT8_8x8_Baseline_RVV_DGEMM_FP64_8x8_dgemm_kernel_8x8_zvl256b_lmul2_unroll1_run1.log",NA,NA,NA,NA,NA,NA,NA
2026-09-04T10:30:54,k1-rvv-only,"GEMM_RVV_FP64_INT8_8x8_Baseline","RVV_DGEMM_FP64_8x8","dgemm_kernel_8x8_zvl256b_lmul2_unroll1",8x8,256b,2,1,FP64_RVV,4-7,4,4,1024,1024,1024,32,2,OK,0,NONE,0.599223875,GFLOPS,3.583775,parallel_tiles_including_required_packing,DISABLED,0,0,"0:cpu4:tiles8;1:cpu5:tiles8;2:cpu6:tiles8;3:cpu7:tiles8","NA",static,0,"NA","NA","/home/bananapi/MAT/kernels riscv rvv 1.0/FINAL/riscv-rvv-ime-gemm-microkernels-updated/HETEROGENEOUS_RVV_IME_OPENMP_GEMM/results/openmp_results_k1-rvv-only_1024_20260904_074523/raw_logs/GEMM_RVV_FP64_INT8_8x8_Baseline_RVV_DGEMM_FP64_8x8_dgemm_kernel_8x8_zvl256b_lmul2_unroll1_run2.log",NA,NA,NA,NA,NA,NA,NA
2026-09-04T10:30:55,k1-rvv-only,"GEMM_RVV_FP64_INT8_8x8_Baseline","RVV_DGEMM_FP64_8x8","dgemm_kernel_8x8_zvl256b_lmul2_unroll1",8x8,256b,2,1,FP64_RVV,4-7,4,4,1024,1024,1024,32,3,OK,0,NONE,0.604527377,GFLOPS,3.552335,parallel_tiles_including_required_packing,DISABLED,0,0,"0:cpu4:tiles8;1:cpu5:tiles8;2:cpu6:tiles8;3:cpu7:tiles8","NA",static,0,"NA","NA","/home/bananapi/MAT/kernels riscv rvv 1.0/FINAL/riscv-rvv-ime-gemm-microkernels-updated/HETEROGENEOUS_RVV_IME_OPENMP_GEMM/results/openmp_results_k1-rvv-only_1024_20260904_074523/raw_logs/GEMM_RVV_FP64_INT8_8x8_Baseline_RVV_DGEMM_FP64_8x8_dgemm_kernel_8x8_zvl256b_lmul2_unroll1_run3.log",NA,NA,NA,NA,NA,NA,NA
2026-09-04T10:30:57,k1-rvv-only,"GEMM_RVV_FP64_INT8_8x8_Baseline","RVV_DGEMM_FP64_8x8","dgemm_kernel_8x8_zvl256b_lmul2_unroll1",8x8,256b,2,1,FP64_RVV,4-7,4,4,1024,1024,1024,32,4,OK,0,NONE,0.593601290,GFLOPS,3.617721,parallel_tiles_including_required_packing,DISABLED,0,0,"0:cpu4:tiles8;1:cpu5:tiles8;2:cpu6:tiles8;3:cpu7:tiles8","NA",static,0,"NA","NA","/home/bananapi/MAT/kernels riscv rvv 1.0/FINAL/riscv-rvv-ime-gemm-microkernels-updated/HETEROGENEOUS_RVV_IME_OPENMP_GEMM/results/openmp_results_k1-rvv-only_1024_20260904_074523/raw_logs/GEMM_RVV_FP64_INT8_8x8_Baseline_RVV_DGEMM_FP64_8x8_dgemm_kernel_8x8_zvl256b_lmul2_unroll1_run4.log",NA,NA,NA,NA,NA,NA,NA
2026-09-04T10:30:58,k1-rvv-only,"GEMM_RVV_FP64_INT8_8x8_Baseline","RVV_DGEMM_FP64_8x8","dgemm_kernel_8x8_zvl256b_lmul2_unroll1",8x8,256b,2,1,FP64_RVV,4-7,4,4,1024,1024,1024,32,5,OK,0,NONE,0.611709416,GFLOPS,3.510627,parallel_tiles_including_required_packing,DISABLED,0,0,"0:cpu4:tiles8;1:cpu5:tiles8;2:cpu6:tiles8;3:cpu7:tiles8","NA",static,0,"NA","NA","/home/bananapi/MAT/kernels riscv rvv 1.0/FINAL/riscv-rvv-ime-gemm-microkernels-updated/HETEROGENEOUS_RVV_IME_OPENMP_GEMM/results/openmp_results_k1-rvv-only_1024_20260904_074523/raw_logs/GEMM_RVV_FP64_INT8_8x8_Baseline_RVV_DGEMM_FP64_8x8_dgemm_kernel_8x8_zvl256b_lmul2_unroll1_run5.log",NA,NA,NA,NA,NA,NA,NA
2026-09-04T10:31:00,k1-rvv-only,"GEMM_RVV_FP64_INT8_8x8_Baseline","RVV_DGEMM_FP64_8x8","dgemm_kernel_8x8_zvl256b_lmul2_unroll1",8x8,256b,2,1,FP64_RVV,4-7,4,4,1024,1024,1024,32,6,OK,0,NONE,0.605235711,GFLOPS,3.548177,parallel_tiles_including_required_packing,DISABLED,0,0,"0:cpu4:tiles8;1:cpu5:tiles8;2:cpu6:tiles8;3:cpu7:tiles8","NA",static,0,"NA","NA","/home/bananapi/MAT/kernels riscv rvv 1.0/FINAL/riscv-rvv-ime-gemm-microkernels-updated/HETEROGENEOUS_RVV_IME_OPENMP_GEMM/results/openmp_results_k1-rvv-only_1024_20260904_074523/raw_logs/GEMM_RVV_FP64_INT8_8x8_Baseline_RVV_DGEMM_FP64_8x8_dgemm_kernel_8x8_zvl256b_lmul2_unroll1_run6.log",NA,NA,NA,NA,NA,NA,NA
2026-09-04T10:34:05,k1-rvv-only,"GEMM_RVV_FP64_INT8_8x8_Baseline","RVV_DGEMM_FP64_8x8","dgemm_kernel_8x8_zvl256b_lmul2_unroll2",8x8,256b,2,2,FP64_RVV,4-7,4,4,1024,1024,1024,32,1,OK,0,NONE,0.644138500,GFLOPS,3.333885,parallel_tiles_including_required_packing,INDEPENDENT_GEMM_FP_TOLERANCE,0,7.1054273576010019e-14,"0:cpu4:tiles8;1:cpu5:tiles8;2:cpu6:tiles8;3:cpu7:tiles8","NA",static,0,"NA","NA","/home/bananapi/MAT/kernels riscv rvv 1.0/FINAL/riscv-rvv-ime-gemm-microkernels-updated/HETEROGENEOUS_RVV_IME_OPENMP_GEMM/results/openmp_results_k1-rvv-only_1024_20260904_074523/raw_logs/GEMM_RVV_FP64_INT8_8x8_Baseline_RVV_DGEMM_FP64_8x8_dgemm_kernel_8x8_zvl256b_lmul2_unroll2_run1.log",NA,NA,NA,NA,NA,NA,NA
2026-09-04T10:34:06,k1-rvv-only,"GEMM_RVV_FP64_INT8_8x8_Baseline","RVV_DGEMM_FP64_8x8","dgemm_kernel_8x8_zvl256b_lmul2_unroll2",8x8,256b,2,2,FP64_RVV,4-7,4,4,1024,1024,1024,32,2,OK,0,NONE,0.623460792,GFLOPS,3.444457,parallel_tiles_including_required_packing,DISABLED,0,0,"0:cpu4:tiles8;1:cpu5:tiles8;2:cpu6:tiles8;3:cpu7:tiles8","NA",static,0,"NA","NA","/home/bananapi/MAT/kernels riscv rvv 1.0/FINAL/riscv-rvv-ime-gemm-microkernels-updated/HETEROGENEOUS_RVV_IME_OPENMP_GEMM/results/openmp_results_k1-rvv-only_1024_20260904_074523/raw_logs/GEMM_RVV_FP64_INT8_8x8_Baseline_RVV_DGEMM_FP64_8x8_dgemm_kernel_8x8_zvl256b_lmul2_unroll2_run2.log",NA,NA,NA,NA,NA,NA,NA
2026-09-04T10:34:08,k1-rvv-only,"GEMM_RVV_FP64_INT8_8x8_Baseline","RVV_DGEMM_FP64_8x8","dgemm_kernel_8x8_zvl256b_lmul2_unroll2",8x8,256b,2,2,FP64_RVV,4-7,4,4,1024,1024,1024,32,3,OK,0,NONE,0.645635754,GFLOPS,3.326154,parallel_tiles_including_required_packing,DISABLED,0,0,"0:cpu4:tiles8;1:cpu5:tiles8;2:cpu6:tiles8;3:cpu7:tiles8","NA",static,0,"NA","NA","/home/bananapi/MAT/kernels riscv rvv 1.0/FINAL/riscv-rvv-ime-gemm-microkernels-updated/HETEROGENEOUS_RVV_IME_OPENMP_GEMM/results/openmp_results_k1-rvv-only_1024_20260904_074523/raw_logs/GEMM_RVV_FP64_INT8_8x8_Baseline_RVV_DGEMM_FP64_8x8_dgemm_kernel_8x8_zvl256b_lmul2_unroll2_run3.log",NA,NA,NA,NA,NA,NA,NA
2026-09-04T10:34:10,k1-rvv-only,"GEMM_RVV_FP64_INT8_8x8_Baseline","RVV_DGEMM_FP64_8x8","dgemm_kernel_8x8_zvl256b_lmul2_unroll2",8x8,256b,2,2,FP64_RVV,4-7,4,4,1024,1024,1024,32,4,OK,0,NONE,0.642484918,GFLOPS,3.342465,parallel_tiles_including_required_packing,DISABLED,0,0,"0:cpu4:tiles8;1:cpu5:tiles8;2:cpu6:tiles8;3:cpu7:tiles8","NA",static,0,"NA","NA","/home/bananapi/MAT/kernels riscv rvv 1.0/FINAL/riscv-rvv-ime-gemm-microkernels-updated/HETEROGENEOUS_RVV_IME_OPENMP_GEMM/results/openmp_results_k1-rvv-only_1024_20260904_074523/raw_logs/GEMM_RVV_FP64_INT8_8x8_Baseline_RVV_DGEMM_FP64_8x8_dgemm_kernel_8x8_zvl256b_lmul2_unroll2_run4.log",NA,NA,NA,NA,NA,NA,NA
2026-09-04T10:34:11,k1-rvv-only,"GEMM_RVV_FP64_INT8_8x8_Baseline","RVV_DGEMM_FP64_8x8","dgemm_kernel_8x8_zvl256b_lmul2_unroll2",8x8,256b,2,2,FP64_RVV,4-7,4,4,1024,1024,1024,32,5,OK,0,NONE,0.633457709,GFLOPS,3.390098,parallel_tiles_including_required_packing,DISABLED,0,0,"0:cpu4:tiles8;1:cpu5:tiles8;2:cpu6:tiles8;3:cpu7:tiles8","NA",static,0,"NA","NA","/home/bananapi/MAT/kernels riscv rvv 1.0/FINAL/riscv-rvv-ime-gemm-microkernels-updated/HETEROGENEOUS_RVV_IME_OPENMP_GEMM/results/openmp_results_k1-rvv-only_1024_20260904_074523/raw_logs/GEMM_RVV_FP64_INT8_8x8_Baseline_RVV_DGEMM_FP64_8x8_dgemm_kernel_8x8_zvl256b_lmul2_unroll2_run5.log",NA,NA,NA,NA,NA,NA,NA
2026-09-04T10:34:13,k1-rvv-only,"GEMM_RVV_FP64_INT8_8x8_Baseline","RVV_DGEMM_FP64_8x8","dgemm_kernel_8x8_zvl256b_lmul2_unroll2",8x8,256b,2,2,FP64_RVV,4-7,4,4,1024,1024,1024,32,6,OK,0,NONE,0.642770540,GFLOPS,3.340980,parallel_tiles_including_required_packing,DISABLED,0,0,"0:cpu4:tiles8;1:cpu5:tiles8;2:cpu6:tiles8;3:cpu7:tiles8","NA",static,0,"NA","NA","/home/bananapi/MAT/kernels riscv rvv 1.0/FINAL/riscv-rvv-ime-gemm-microkernels-updated/HETEROGENEOUS_RVV_IME_OPENMP_GEMM/results/openmp_results_k1-rvv-only_1024_20260904_074523/raw_logs/GEMM_RVV_FP64_INT8_8x8_Baseline_RVV_DGEMM_FP64_8x8_dgemm_kernel_8x8_zvl256b_lmul2_unroll2_run6.log",NA,NA,NA,NA,NA,NA,NA
2026-09-04T10:37:19,k1-rvv-only,"GEMM_RVV_FP64_INT8_8x8_Baseline","RVV_DGEMM_FP64_8x8","dgemm_kernel_8x8_zvl256b_lmul2_unroll4",8x8,256b,2,4,FP64_RVV,4-7,4,4,1024,1024,1024,32,1,OK,0,NONE,0.633232918,GFLOPS,3.391301,parallel_tiles_including_required_packing,INDEPENDENT_GEMM_FP_TOLERANCE,0,7.1054273576010019e-14,"0:cpu4:tiles8;1:cpu5:tiles8;2:cpu6:tiles8;3:cpu7:tiles8","NA",static,0,"NA","NA","/home/bananapi/MAT/kernels riscv rvv 1.0/FINAL/riscv-rvv-ime-gemm-microkernels-updated/HETEROGENEOUS_RVV_IME_OPENMP_GEMM/results/openmp_results_k1-rvv-only_1024_20260904_074523/raw_logs/GEMM_RVV_FP64_INT8_8x8_Baseline_RVV_DGEMM_FP64_8x8_dgemm_kernel_8x8_zvl256b_lmul2_unroll4_run1.log",NA,NA,NA,NA,NA,NA,NA
2026-09-04T10:37:20,k1-rvv-only,"GEMM_RVV_FP64_INT8_8x8_Baseline","RVV_DGEMM_FP64_8x8","dgemm_kernel_8x8_zvl256b_lmul2_unroll4",8x8,256b,2,4,FP64_RVV,4-7,4,4,1024,1024,1024,32,2,OK,0,NONE,0.601937585,GFLOPS,3.567618,parallel_tiles_including_required_packing,DISABLED,0,0,"0:cpu4:tiles8;1:cpu5:tiles8;2:cpu6:tiles8;3:cpu7:tiles8","NA",static,0,"NA","NA","/home/bananapi/MAT/kernels riscv rvv 1.0/FINAL/riscv-rvv-ime-gemm-microkernels-updated/HETEROGENEOUS_RVV_IME_OPENMP_GEMM/results/openmp_results_k1-rvv-only_1024_20260904_074523/raw_logs/GEMM_RVV_FP64_INT8_8x8_Baseline_RVV_DGEMM_FP64_8x8_dgemm_kernel_8x8_zvl256b_lmul2_unroll4_run2.log",NA,NA,NA,NA,NA,NA,NA
2026-09-04T10:37:22,k1-rvv-only,"GEMM_RVV_FP64_INT8_8x8_Baseline","RVV_DGEMM_FP64_8x8","dgemm_kernel_8x8_zvl256b_lmul2_unroll4",8x8,256b,2,4,FP64_RVV,4-7,4,4,1024,1024,1024,32,3,OK,0,NONE,0.599000540,GFLOPS,3.585111,parallel_tiles_including_required_packing,DISABLED,0,0,"0:cpu4:tiles8;1:cpu5:tiles8;2:cpu6:tiles8;3:cpu7:tiles8","NA",static,0,"NA","NA","/home/bananapi/MAT/kernels riscv rvv 1.0/FINAL/riscv-rvv-ime-gemm-microkernels-updated/HETEROGENEOUS_RVV_IME_OPENMP_GEMM/results/openmp_results_k1-rvv-only_1024_20260904_074523/raw_logs/GEMM_RVV_FP64_INT8_8x8_Baseline_RVV_DGEMM_FP64_8x8_dgemm_kernel_8x8_zvl256b_lmul2_unroll4_run3.log",NA,NA,NA,NA,NA,NA,NA
2026-09-04T10:37:24,k1-rvv-only,"GEMM_RVV_FP64_INT8_8x8_Baseline","RVV_DGEMM_FP64_8x8","dgemm_kernel_8x8_zvl256b_lmul2_unroll4",8x8,256b,2,4,FP64_RVV,4-7,4,4,1024,1024,1024,32,4,OK,0,NONE,0.595872499,GFLOPS,3.603931,parallel_tiles_including_required_packing,DISABLED,0,0,"0:cpu4:tiles8;1:cpu5:tiles8;2:cpu6:tiles8;3:cpu7:tiles8","NA",static,0,"NA","NA","/home/bananapi/MAT/kernels riscv rvv 1.0/FINAL/riscv-rvv-ime-gemm-microkernels-updated/HETEROGENEOUS_RVV_IME_OPENMP_GEMM/results/openmp_results_k1-rvv-only_1024_20260904_074523/raw_logs/GEMM_RVV_FP64_INT8_8x8_Baseline_RVV_DGEMM_FP64_8x8_dgemm_kernel_8x8_zvl256b_lmul2_unroll4_run4.log",NA,NA,NA,NA,NA,NA,NA
2026-09-04T10:37:25,k1-rvv-only,"GEMM_RVV_FP64_INT8_8x8_Baseline","RVV_DGEMM_FP64_8x8","dgemm_kernel_8x8_zvl256b_lmul2_unroll4",8x8,256b,2,4,FP64_RVV,4-7,4,4,1024,1024,1024,32,5,OK,0,NONE,0.608744584,GFLOPS,3.527725,parallel_tiles_including_required_packing,DISABLED,0,0,"0:cpu4:tiles8;1:cpu5:tiles8;2:cpu6:tiles8;3:cpu7:tiles8","NA",static,0,"NA","NA","/home/bananapi/MAT/kernels riscv rvv 1.0/FINAL/riscv-rvv-ime-gemm-microkernels-updated/HETEROGENEOUS_RVV_IME_OPENMP_GEMM/results/openmp_results_k1-rvv-only_1024_20260904_074523/raw_logs/GEMM_RVV_FP64_INT8_8x8_Baseline_RVV_DGEMM_FP64_8x8_dgemm_kernel_8x8_zvl256b_lmul2_unroll4_run5.log",NA,NA,NA,NA,NA,NA,NA
2026-09-04T10:37:27,k1-rvv-only,"GEMM_RVV_FP64_INT8_8x8_Baseline","RVV_DGEMM_FP64_8x8","dgemm_kernel_8x8_zvl256b_lmul2_unroll4",8x8,256b,2,4,FP64_RVV,4-7,4,4,1024,1024,1024,32,6,OK,0,NONE,0.593347333,GFLOPS,3.619269,parallel_tiles_including_required_packing,DISABLED,0,0,"0:cpu4:tiles8;1:cpu5:tiles8;2:cpu6:tiles8;3:cpu7:tiles8","NA",static,0,"NA","NA","/home/bananapi/MAT/kernels riscv rvv 1.0/FINAL/riscv-rvv-ime-gemm-microkernels-updated/HETEROGENEOUS_RVV_IME_OPENMP_GEMM/results/openmp_results_k1-rvv-only_1024_20260904_074523/raw_logs/GEMM_RVV_FP64_INT8_8x8_Baseline_RVV_DGEMM_FP64_8x8_dgemm_kernel_8x8_zvl256b_lmul2_unroll4_run6.log",NA,NA,NA,NA,NA,NA,NA
2026-09-04T10:40:35,k1-rvv-only,"GEMM_RVV_FP64_INT8_8x8_Baseline","RVV_DGEMM_FP64_8x8","dgemm_kernel_8x8_zvl256b_lmul2_unroll8",8x8,256b,2,8,FP64_RVV,4-7,4,4,1024,1024,1024,32,1,OK,0,NONE,0.614218500,GFLOPS,3.496286,parallel_tiles_including_required_packing,INDEPENDENT_GEMM_FP_TOLERANCE,0,7.1054273576010019e-14,"0:cpu4:tiles8;1:cpu5:tiles8;2:cpu6:tiles8;3:cpu7:tiles8","NA",static,0,"NA","NA","/home/bananapi/MAT/kernels riscv rvv 1.0/FINAL/riscv-rvv-ime-gemm-microkernels-updated/HETEROGENEOUS_RVV_IME_OPENMP_GEMM/results/openmp_results_k1-rvv-only_1024_20260904_074523/raw_logs/GEMM_RVV_FP64_INT8_8x8_Baseline_RVV_DGEMM_FP64_8x8_dgemm_kernel_8x8_zvl256b_lmul2_unroll8_run1.log",NA,NA,NA,NA,NA,NA,NA
2026-09-04T10:40:36,k1-rvv-only,"GEMM_RVV_FP64_INT8_8x8_Baseline","RVV_DGEMM_FP64_8x8","dgemm_kernel_8x8_zvl256b_lmul2_unroll8",8x8,256b,2,8,FP64_RVV,4-7,4,4,1024,1024,1024,32,2,OK,0,NONE,0.591030292,GFLOPS,3.633458,parallel_tiles_including_required_packing,DISABLED,0,0,"0:cpu4:tiles8;1:cpu5:tiles8;2:cpu6:tiles8;3:cpu7:tiles8","NA",static,0,"NA","NA","/home/bananapi/MAT/kernels riscv rvv 1.0/FINAL/riscv-rvv-ime-gemm-microkernels-updated/HETEROGENEOUS_RVV_IME_OPENMP_GEMM/results/openmp_results_k1-rvv-only_1024_20260904_074523/raw_logs/GEMM_RVV_FP64_INT8_8x8_Baseline_RVV_DGEMM_FP64_8x8_dgemm_kernel_8x8_zvl256b_lmul2_unroll8_run2.log",NA,NA,NA,NA,NA,NA,NA
2026-09-04T10:40:38,k1-rvv-only,"GEMM_RVV_FP64_INT8_8x8_Baseline","RVV_DGEMM_FP64_8x8","dgemm_kernel_8x8_zvl256b_lmul2_unroll8",8x8,256b,2,8,FP64_RVV,4-7,4,4,1024,1024,1024,32,3,OK,0,NONE,0.590343207,GFLOPS,3.637687,parallel_tiles_including_required_packing,DISABLED,0,0,"0:cpu4:tiles8;1:cpu5:tiles8;2:cpu6:tiles8;3:cpu7:tiles8","NA",static,0,"NA","NA","/home/bananapi/MAT/kernels riscv rvv 1.0/FINAL/riscv-rvv-ime-gemm-microkernels-updated/HETEROGENEOUS_RVV_IME_OPENMP_GEMM/results/openmp_results_k1-rvv-only_1024_20260904_074523/raw_logs/GEMM_RVV_FP64_INT8_8x8_Baseline_RVV_DGEMM_FP64_8x8_dgemm_kernel_8x8_zvl256b_lmul2_unroll8_run3.log",NA,NA,NA,NA,NA,NA,NA
2026-09-04T10:40:39,k1-rvv-only,"GEMM_RVV_FP64_INT8_8x8_Baseline","RVV_DGEMM_FP64_8x8","dgemm_kernel_8x8_zvl256b_lmul2_unroll8",8x8,256b,2,8,FP64_RVV,4-7,4,4,1024,1024,1024,32,4,OK,0,NONE,0.591399334,GFLOPS,3.631191,parallel_tiles_including_required_packing,DISABLED,0,0,"0:cpu4:tiles8;1:cpu5:tiles8;2:cpu6:tiles8;3:cpu7:tiles8","NA",static,0,"NA","NA","/home/bananapi/MAT/kernels riscv rvv 1.0/FINAL/riscv-rvv-ime-gemm-microkernels-updated/HETEROGENEOUS_RVV_IME_OPENMP_GEMM/results/openmp_results_k1-rvv-only_1024_20260904_074523/raw_logs/GEMM_RVV_FP64_INT8_8x8_Baseline_RVV_DGEMM_FP64_8x8_dgemm_kernel_8x8_zvl256b_lmul2_unroll8_run4.log",NA,NA,NA,NA,NA,NA,NA
2026-09-04T10:40:41,k1-rvv-only,"GEMM_RVV_FP64_INT8_8x8_Baseline","RVV_DGEMM_FP64_8x8","dgemm_kernel_8x8_zvl256b_lmul2_unroll8",8x8,256b,2,8,FP64_RVV,4-7,4,4,1024,1024,1024,32,5,OK,0,NONE,0.597049918,GFLOPS,3.596824,parallel_tiles_including_required_packing,DISABLED,0,0,"0:cpu4:tiles8;1:cpu5:tiles8;2:cpu6:tiles8;3:cpu7:tiles8","NA",static,0,"NA","NA","/home/bananapi/MAT/kernels riscv rvv 1.0/FINAL/riscv-rvv-ime-gemm-microkernels-updated/HETEROGENEOUS_RVV_IME_OPENMP_GEMM/results/openmp_results_k1-rvv-only_1024_20260904_074523/raw_logs/GEMM_RVV_FP64_INT8_8x8_Baseline_RVV_DGEMM_FP64_8x8_dgemm_kernel_8x8_zvl256b_lmul2_unroll8_run5.log",NA,NA,NA,NA,NA,NA,NA
2026-09-04T10:40:42,k1-rvv-only,"GEMM_RVV_FP64_INT8_8x8_Baseline","RVV_DGEMM_FP64_8x8","dgemm_kernel_8x8_zvl256b_lmul2_unroll8",8x8,256b,2,8,FP64_RVV,4-7,4,4,1024,1024,1024,32,6,OK,0,NONE,0.597459249,GFLOPS,3.594360,parallel_tiles_including_required_packing,DISABLED,0,0,"0:cpu4:tiles8;1:cpu5:tiles8;2:cpu6:tiles8;3:cpu7:tiles8","NA",static,0,"NA","NA","/home/bananapi/MAT/kernels riscv rvv 1.0/FINAL/riscv-rvv-ime-gemm-microkernels-updated/HETEROGENEOUS_RVV_IME_OPENMP_GEMM/results/openmp_results_k1-rvv-only_1024_20260904_074523/raw_logs/GEMM_RVV_FP64_INT8_8x8_Baseline_RVV_DGEMM_FP64_8x8_dgemm_kernel_8x8_zvl256b_lmul2_unroll8_run6.log",NA,NA,NA,NA,NA,NA,NA
2026-09-04T10:43:47,k1-rvv-only,"GEMM_RVV_FP64_INT8_8x8_Baseline","RVV_DGEMM_FP64_8x8","dgemm_kernel_8x8_zvl256b_lmul4_unroll1",8x8,256b,4,1,FP64_RVV,4-7,4,4,1024,1024,1024,32,1,OK,0,NONE,0.705478165,GFLOPS,3.044011,parallel_tiles_including_required_packing,INDEPENDENT_GEMM_FP_TOLERANCE,0,7.1054273576010019e-14,"0:cpu4:tiles8;1:cpu5:tiles8;2:cpu6:tiles8;3:cpu7:tiles8","NA",static,0,"NA","NA","/home/bananapi/MAT/kernels riscv rvv 1.0/FINAL/riscv-rvv-ime-gemm-microkernels-updated/HETEROGENEOUS_RVV_IME_OPENMP_GEMM/results/openmp_results_k1-rvv-only_1024_20260904_074523/raw_logs/GEMM_RVV_FP64_INT8_8x8_Baseline_RVV_DGEMM_FP64_8x8_dgemm_kernel_8x8_zvl256b_lmul4_unroll1_run1.log",NA,NA,NA,NA,NA,NA,NA
2026-09-04T10:43:49,k1-rvv-only,"GEMM_RVV_FP64_INT8_8x8_Baseline","RVV_DGEMM_FP64_8x8","dgemm_kernel_8x8_zvl256b_lmul4_unroll1",8x8,256b,4,1,FP64_RVV,4-7,4,4,1024,1024,1024,32,2,OK,0,NONE,0.648694333,GFLOPS,3.310471,parallel_tiles_including_required_packing,DISABLED,0,0,"0:cpu4:tiles8;1:cpu5:tiles8;2:cpu6:tiles8;3:cpu7:tiles8","NA",static,0,"NA","NA","/home/bananapi/MAT/kernels riscv rvv 1.0/FINAL/riscv-rvv-ime-gemm-microkernels-updated/HETEROGENEOUS_RVV_IME_OPENMP_GEMM/results/openmp_results_k1-rvv-only_1024_20260904_074523/raw_logs/GEMM_RVV_FP64_INT8_8x8_Baseline_RVV_DGEMM_FP64_8x8_dgemm_kernel_8x8_zvl256b_lmul4_unroll1_run2.log",NA,NA,NA,NA,NA,NA,NA
2026-09-04T10:43:50,k1-rvv-only,"GEMM_RVV_FP64_INT8_8x8_Baseline","RVV_DGEMM_FP64_8x8","dgemm_kernel_8x8_zvl256b_lmul4_unroll1",8x8,256b,4,1,FP64_RVV,4-7,4,4,1024,1024,1024,32,3,OK,0,NONE,0.646990586,GFLOPS,3.319188,parallel_tiles_including_required_packing,DISABLED,0,0,"0:cpu4:tiles8;1:cpu5:tiles8;2:cpu6:tiles8;3:cpu7:tiles8","NA",static,0,"NA","NA","/home/bananapi/MAT/kernels riscv rvv 1.0/FINAL/riscv-rvv-ime-gemm-microkernels-updated/HETEROGENEOUS_RVV_IME_OPENMP_GEMM/results/openmp_results_k1-rvv-only_1024_20260904_074523/raw_logs/GEMM_RVV_FP64_INT8_8x8_Baseline_RVV_DGEMM_FP64_8x8_dgemm_kernel_8x8_zvl256b_lmul4_unroll1_run3.log",NA,NA,NA,NA,NA,NA,NA
2026-09-04T10:43:52,k1-rvv-only,"GEMM_RVV_FP64_INT8_8x8_Baseline","RVV_DGEMM_FP64_8x8","dgemm_kernel_8x8_zvl256b_lmul4_unroll1",8x8,256b,4,1,FP64_RVV,4-7,4,4,1024,1024,1024,32,4,OK,0,NONE,0.636401337,GFLOPS,3.374417,parallel_tiles_including_required_packing,DISABLED,0,0,"0:cpu4:tiles8;1:cpu5:tiles8;2:cpu6:tiles8;3:cpu7:tiles8","NA",static,0,"NA","NA","/home/bananapi/MAT/kernels riscv rvv 1.0/FINAL/riscv-rvv-ime-gemm-microkernels-updated/HETEROGENEOUS_RVV_IME_OPENMP_GEMM/results/openmp_results_k1-rvv-only_1024_20260904_074523/raw_logs/GEMM_RVV_FP64_INT8_8x8_Baseline_RVV_DGEMM_FP64_8x8_dgemm_kernel_8x8_zvl256b_lmul4_unroll1_run4.log",NA,NA,NA,NA,NA,NA,NA
2026-09-04T10:43:54,k1-rvv-only,"GEMM_RVV_FP64_INT8_8x8_Baseline","RVV_DGEMM_FP64_8x8","dgemm_kernel_8x8_zvl256b_lmul4_unroll1",8x8,256b,4,1,FP64_RVV,4-7,4,4,1024,1024,1024,32,5,OK,0,NONE,0.650512751,GFLOPS,3.301217,parallel_tiles_including_required_packing,DISABLED,0,0,"0:cpu4:tiles8;1:cpu5:tiles8;2:cpu6:tiles8;3:cpu7:tiles8","NA",static,0,"NA","NA","/home/bananapi/MAT/kernels riscv rvv 1.0/FINAL/riscv-rvv-ime-gemm-microkernels-updated/HETEROGENEOUS_RVV_IME_OPENMP_GEMM/results/openmp_results_k1-rvv-only_1024_20260904_074523/raw_logs/GEMM_RVV_FP64_INT8_8x8_Baseline_RVV_DGEMM_FP64_8x8_dgemm_kernel_8x8_zvl256b_lmul4_unroll1_run5.log",NA,NA,NA,NA,NA,NA,NA
2026-09-04T10:43:55,k1-rvv-only,"GEMM_RVV_FP64_INT8_8x8_Baseline","RVV_DGEMM_FP64_8x8","dgemm_kernel_8x8_zvl256b_lmul4_unroll1",8x8,256b,4,1,FP64_RVV,4-7,4,4,1024,1024,1024,32,6,OK,0,NONE,0.684749875,GFLOPS,3.136158,parallel_tiles_including_required_packing,DISABLED,0,0,"0:cpu4:tiles8;1:cpu5:tiles8;2:cpu6:tiles8;3:cpu7:tiles8","NA",static,0,"NA","NA","/home/bananapi/MAT/kernels riscv rvv 1.0/FINAL/riscv-rvv-ime-gemm-microkernels-updated/HETEROGENEOUS_RVV_IME_OPENMP_GEMM/results/openmp_results_k1-rvv-only_1024_20260904_074523/raw_logs/GEMM_RVV_FP64_INT8_8x8_Baseline_RVV_DGEMM_FP64_8x8_dgemm_kernel_8x8_zvl256b_lmul4_unroll1_run6.log",NA,NA,NA,NA,NA,NA,NA
2026-09-04T10:47:01,k1-rvv-only,"GEMM_RVV_FP64_INT8_8x8_Baseline","RVV_DGEMM_FP64_8x8","dgemm_kernel_8x8_zvl256b_lmul4_unroll2",8x8,256b,4,2,FP64_RVV,4-7,4,4,1024,1024,1024,32,1,OK,0,NONE,0.704902999,GFLOPS,3.046495,parallel_tiles_including_required_packing,INDEPENDENT_GEMM_FP_TOLERANCE,0,7.1054273576010019e-14,"0:cpu4:tiles8;1:cpu5:tiles8;2:cpu6:tiles8;3:cpu7:tiles8","NA",static,0,"NA","NA","/home/bananapi/MAT/kernels riscv rvv 1.0/FINAL/riscv-rvv-ime-gemm-microkernels-updated/HETEROGENEOUS_RVV_IME_OPENMP_GEMM/results/openmp_results_k1-rvv-only_1024_20260904_074523/raw_logs/GEMM_RVV_FP64_INT8_8x8_Baseline_RVV_DGEMM_FP64_8x8_dgemm_kernel_8x8_zvl256b_lmul4_unroll2_run1.log",NA,NA,NA,NA,NA,NA,NA
2026-09-04T10:47:03,k1-rvv-only,"GEMM_RVV_FP64_INT8_8x8_Baseline","RVV_DGEMM_FP64_8x8","dgemm_kernel_8x8_zvl256b_lmul4_unroll2",8x8,256b,4,2,FP64_RVV,4-7,4,4,1024,1024,1024,32,2,OK,0,NONE,0.713468164,GFLOPS,3.009922,parallel_tiles_including_required_packing,DISABLED,0,0,"0:cpu4:tiles8;1:cpu5:tiles8;2:cpu6:tiles8;3:cpu7:tiles8","NA",static,0,"NA","NA","/home/bananapi/MAT/kernels riscv rvv 1.0/FINAL/riscv-rvv-ime-gemm-microkernels-updated/HETEROGENEOUS_RVV_IME_OPENMP_GEMM/results/openmp_results_k1-rvv-only_1024_20260904_074523/raw_logs/GEMM_RVV_FP64_INT8_8x8_Baseline_RVV_DGEMM_FP64_8x8_dgemm_kernel_8x8_zvl256b_lmul4_unroll2_run2.log",NA,NA,NA,NA,NA,NA,NA
2026-09-04T10:47:05,k1-rvv-only,"GEMM_RVV_FP64_INT8_8x8_Baseline","RVV_DGEMM_FP64_8x8","dgemm_kernel_8x8_zvl256b_lmul4_unroll2",8x8,256b,4,2,FP64_RVV,4-7,4,4,1024,1024,1024,32,3,OK,0,NONE,0.733311042,GFLOPS,2.928476,parallel_tiles_including_required_packing,DISABLED,0,0,"0:cpu4:tiles8;1:cpu5:tiles8;2:cpu6:tiles8;3:cpu7:tiles8","NA",static,0,"NA","NA","/home/bananapi/MAT/kernels riscv rvv 1.0/FINAL/riscv-rvv-ime-gemm-microkernels-updated/HETEROGENEOUS_RVV_IME_OPENMP_GEMM/results/openmp_results_k1-rvv-only_1024_20260904_074523/raw_logs/GEMM_RVV_FP64_INT8_8x8_Baseline_RVV_DGEMM_FP64_8x8_dgemm_kernel_8x8_zvl256b_lmul4_unroll2_run3.log",NA,NA,NA,NA,NA,NA,NA
2026-09-04T10:47:07,k1-rvv-only,"GEMM_RVV_FP64_INT8_8x8_Baseline","RVV_DGEMM_FP64_8x8","dgemm_kernel_8x8_zvl256b_lmul4_unroll2",8x8,256b,4,2,FP64_RVV,4-7,4,4,1024,1024,1024,32,4,OK,0,NONE,0.719043419,GFLOPS,2.986584,parallel_tiles_including_required_packing,DISABLED,0,0,"0:cpu4:tiles8;1:cpu5:tiles8;2:cpu6:tiles8;3:cpu7:tiles8","NA",static,0,"NA","NA","/home/bananapi/MAT/kernels riscv rvv 1.0/FINAL/riscv-rvv-ime-gemm-microkernels-updated/HETEROGENEOUS_RVV_IME_OPENMP_GEMM/results/openmp_results_k1-rvv-only_1024_20260904_074523/raw_logs/GEMM_RVV_FP64_INT8_8x8_Baseline_RVV_DGEMM_FP64_8x8_dgemm_kernel_8x8_zvl256b_lmul4_unroll2_run4.log",NA,NA,NA,NA,NA,NA,NA
2026-09-04T10:47:08,k1-rvv-only,"GEMM_RVV_FP64_INT8_8x8_Baseline","RVV_DGEMM_FP64_8x8","dgemm_kernel_8x8_zvl256b_lmul4_unroll2",8x8,256b,4,2,FP64_RVV,4-7,4,4,1024,1024,1024,32,5,OK,0,NONE,0.672562417,GFLOPS,3.192988,parallel_tiles_including_required_packing,DISABLED,0,0,"0:cpu4:tiles8;1:cpu5:tiles8;2:cpu6:tiles8;3:cpu7:tiles8","NA",static,0,"NA","NA","/home/bananapi/MAT/kernels riscv rvv 1.0/FINAL/riscv-rvv-ime-gemm-microkernels-updated/HETEROGENEOUS_RVV_IME_OPENMP_GEMM/results/openmp_results_k1-rvv-only_1024_20260904_074523/raw_logs/GEMM_RVV_FP64_INT8_8x8_Baseline_RVV_DGEMM_FP64_8x8_dgemm_kernel_8x8_zvl256b_lmul4_unroll2_run5.log",NA,NA,NA,NA,NA,NA,NA
2026-09-04T10:47:10,k1-rvv-only,"GEMM_RVV_FP64_INT8_8x8_Baseline","RVV_DGEMM_FP64_8x8","dgemm_kernel_8x8_zvl256b_lmul4_unroll2",8x8,256b,4,2,FP64_RVV,4-7,4,4,1024,1024,1024,32,6,OK,0,NONE,0.683350168,GFLOPS,3.142582,parallel_tiles_including_required_packing,DISABLED,0,0,"0:cpu4:tiles8;1:cpu5:tiles8;2:cpu6:tiles8;3:cpu7:tiles8","NA",static,0,"NA","NA","/home/bananapi/MAT/kernels riscv rvv 1.0/FINAL/riscv-rvv-ime-gemm-microkernels-updated/HETEROGENEOUS_RVV_IME_OPENMP_GEMM/results/openmp_results_k1-rvv-only_1024_20260904_074523/raw_logs/GEMM_RVV_FP64_INT8_8x8_Baseline_RVV_DGEMM_FP64_8x8_dgemm_kernel_8x8_zvl256b_lmul4_unroll2_run6.log",NA,NA,NA,NA,NA,NA,NA
2026-09-04T10:50:19,k1-rvv-only,"GEMM_RVV_FP64_INT8_8x8_Baseline","RVV_DGEMM_FP64_8x8","dgemm_kernel_8x8_zvl256b_lmul4_unroll4",8x8,256b,4,4,FP64_RVV,4-7,4,4,1024,1024,1024,32,1,OK,0,NONE,0.734540001,GFLOPS,2.923576,parallel_tiles_including_required_packing,INDEPENDENT_GEMM_FP_TOLERANCE,0,7.1054273576010019e-14,"0:cpu4:tiles8;1:cpu5:tiles8;2:cpu6:tiles8;3:cpu7:tiles8","NA",static,0,"NA","NA","/home/bananapi/MAT/kernels riscv rvv 1.0/FINAL/riscv-rvv-ime-gemm-microkernels-updated/HETEROGENEOUS_RVV_IME_OPENMP_GEMM/results/openmp_results_k1-rvv-only_1024_20260904_074523/raw_logs/GEMM_RVV_FP64_INT8_8x8_Baseline_RVV_DGEMM_FP64_8x8_dgemm_kernel_8x8_zvl256b_lmul4_unroll4_run1.log",NA,NA,NA,NA,NA,NA,NA
2026-09-04T10:50:20,k1-rvv-only,"GEMM_RVV_FP64_INT8_8x8_Baseline","RVV_DGEMM_FP64_8x8","dgemm_kernel_8x8_zvl256b_lmul4_unroll4",8x8,256b,4,4,FP64_RVV,4-7,4,4,1024,1024,1024,32,2,OK,0,NONE,0.657940499,GFLOPS,3.263948,parallel_tiles_including_required_packing,DISABLED,0,0,"0:cpu4:tiles8;1:cpu5:tiles8;2:cpu6:tiles8;3:cpu7:tiles8","NA",static,0,"NA","NA","/home/bananapi/MAT/kernels riscv rvv 1.0/FINAL/riscv-rvv-ime-gemm-microkernels-updated/HETEROGENEOUS_RVV_IME_OPENMP_GEMM/results/openmp_results_k1-rvv-only_1024_20260904_074523/raw_logs/GEMM_RVV_FP64_INT8_8x8_Baseline_RVV_DGEMM_FP64_8x8_dgemm_kernel_8x8_zvl256b_lmul4_unroll4_run2.log",NA,NA,NA,NA,NA,NA,NA
2026-09-04T10:50:22,k1-rvv-only,"GEMM_RVV_FP64_INT8_8x8_Baseline","RVV_DGEMM_FP64_8x8","dgemm_kernel_8x8_zvl256b_lmul4_unroll4",8x8,256b,4,4,FP64_RVV,4-7,4,4,1024,1024,1024,32,3,OK,0,NONE,0.714047667,GFLOPS,3.007479,parallel_tiles_including_required_packing,DISABLED,0,0,"0:cpu4:tiles8;1:cpu5:tiles8;2:cpu6:tiles8;3:cpu7:tiles8","NA",static,0,"NA","NA","/home/bananapi/MAT/kernels riscv rvv 1.0/FINAL/riscv-rvv-ime-gemm-microkernels-updated/HETEROGENEOUS_RVV_IME_OPENMP_GEMM/results/openmp_results_k1-rvv-only_1024_20260904_074523/raw_logs/GEMM_RVV_FP64_INT8_8x8_Baseline_RVV_DGEMM_FP64_8x8_dgemm_kernel_8x8_zvl256b_lmul4_unroll4_run3.log",NA,NA,NA,NA,NA,NA,NA
2026-09-04T10:50:24,k1-rvv-only,"GEMM_RVV_FP64_INT8_8x8_Baseline","RVV_DGEMM_FP64_8x8","dgemm_kernel_8x8_zvl256b_lmul4_unroll4",8x8,256b,4,4,FP64_RVV,4-7,4,4,1024,1024,1024,32,4,OK,0,NONE,0.699044708,GFLOPS,3.072026,parallel_tiles_including_required_packing,DISABLED,0,0,"0:cpu4:tiles8;1:cpu5:tiles8;2:cpu6:tiles8;3:cpu7:tiles8","NA",static,0,"NA","NA","/home/bananapi/MAT/kernels riscv rvv 1.0/FINAL/riscv-rvv-ime-gemm-microkernels-updated/HETEROGENEOUS_RVV_IME_OPENMP_GEMM/results/openmp_results_k1-rvv-only_1024_20260904_074523/raw_logs/GEMM_RVV_FP64_INT8_8x8_Baseline_RVV_DGEMM_FP64_8x8_dgemm_kernel_8x8_zvl256b_lmul4_unroll4_run4.log",NA,NA,NA,NA,NA,NA,NA
2026-09-04T10:50:26,k1-rvv-only,"GEMM_RVV_FP64_INT8_8x8_Baseline","RVV_DGEMM_FP64_8x8","dgemm_kernel_8x8_zvl256b_lmul4_unroll4",8x8,256b,4,4,FP64_RVV,4-7,4,4,1024,1024,1024,32,5,OK,0,NONE,0.695093751,GFLOPS,3.089488,parallel_tiles_including_required_packing,DISABLED,0,0,"0:cpu4:tiles8;1:cpu5:tiles8;2:cpu6:tiles8;3:cpu7:tiles8","NA",static,0,"NA","NA","/home/bananapi/MAT/kernels riscv rvv 1.0/FINAL/riscv-rvv-ime-gemm-microkernels-updated/HETEROGENEOUS_RVV_IME_OPENMP_GEMM/results/openmp_results_k1-rvv-only_1024_20260904_074523/raw_logs/GEMM_RVV_FP64_INT8_8x8_Baseline_RVV_DGEMM_FP64_8x8_dgemm_kernel_8x8_zvl256b_lmul4_unroll4_run5.log",NA,NA,NA,NA,NA,NA,NA
2026-09-04T10:50:27,k1-rvv-only,"GEMM_RVV_FP64_INT8_8x8_Baseline","RVV_DGEMM_FP64_8x8","dgemm_kernel_8x8_zvl256b_lmul4_unroll4",8x8,256b,4,4,FP64_RVV,4-7,4,4,1024,1024,1024,32,6,OK,0,NONE,0.698198333,GFLOPS,3.075750,parallel_tiles_including_required_packing,DISABLED,0,0,"0:cpu4:tiles8;1:cpu5:tiles8;2:cpu6:tiles8;3:cpu7:tiles8","NA",static,0,"NA","NA","/home/bananapi/MAT/kernels riscv rvv 1.0/FINAL/riscv-rvv-ime-gemm-microkernels-updated/HETEROGENEOUS_RVV_IME_OPENMP_GEMM/results/openmp_results_k1-rvv-only_1024_20260904_074523/raw_logs/GEMM_RVV_FP64_INT8_8x8_Baseline_RVV_DGEMM_FP64_8x8_dgemm_kernel_8x8_zvl256b_lmul4_unroll4_run6.log",NA,NA,NA,NA,NA,NA,NA
2026-09-04T10:53:36,k1-rvv-only,"GEMM_RVV_FP64_INT8_8x8_Baseline","RVV_DGEMM_FP64_8x8","dgemm_kernel_8x8_zvl256b_lmul4_unroll8",8x8,256b,4,8,FP64_RVV,4-7,4,4,1024,1024,1024,32,1,OK,0,NONE,0.724228710,GFLOPS,2.965201,parallel_tiles_including_required_packing,INDEPENDENT_GEMM_FP_TOLERANCE,0,7.1054273576010019e-14,"0:cpu4:tiles8;1:cpu5:tiles8;2:cpu6:tiles8;3:cpu7:tiles8","NA",static,0,"NA","NA","/home/bananapi/MAT/kernels riscv rvv 1.0/FINAL/riscv-rvv-ime-gemm-microkernels-updated/HETEROGENEOUS_RVV_IME_OPENMP_GEMM/results/openmp_results_k1-rvv-only_1024_20260904_074523/raw_logs/GEMM_RVV_FP64_INT8_8x8_Baseline_RVV_DGEMM_FP64_8x8_dgemm_kernel_8x8_zvl256b_lmul4_unroll8_run1.log",NA,NA,NA,NA,NA,NA,NA
2026-09-04T10:53:38,k1-rvv-only,"GEMM_RVV_FP64_INT8_8x8_Baseline","RVV_DGEMM_FP64_8x8","dgemm_kernel_8x8_zvl256b_lmul4_unroll8",8x8,256b,4,8,FP64_RVV,4-7,4,4,1024,1024,1024,32,2,OK,0,NONE,0.708640791,GFLOPS,3.030426,parallel_tiles_including_required_packing,DISABLED,0,0,"0:cpu4:tiles8;1:cpu5:tiles8;2:cpu6:tiles8;3:cpu7:tiles8","NA",static,0,"NA","NA","/home/bananapi/MAT/kernels riscv rvv 1.0/FINAL/riscv-rvv-ime-gemm-microkernels-updated/HETEROGENEOUS_RVV_IME_OPENMP_GEMM/results/openmp_results_k1-rvv-only_1024_20260904_074523/raw_logs/GEMM_RVV_FP64_INT8_8x8_Baseline_RVV_DGEMM_FP64_8x8_dgemm_kernel_8x8_zvl256b_lmul4_unroll8_run2.log",NA,NA,NA,NA,NA,NA,NA
2026-09-04T10:53:39,k1-rvv-only,"GEMM_RVV_FP64_INT8_8x8_Baseline","RVV_DGEMM_FP64_8x8","dgemm_kernel_8x8_zvl256b_lmul4_unroll8",8x8,256b,4,8,FP64_RVV,4-7,4,4,1024,1024,1024,32,3,OK,0,NONE,0.715307835,GFLOPS,3.002181,parallel_tiles_including_required_packing,DISABLED,0,0,"0:cpu4:tiles8;1:cpu5:tiles8;2:cpu6:tiles8;3:cpu7:tiles8","NA",static,0,"NA","NA","/home/bananapi/MAT/kernels riscv rvv 1.0/FINAL/riscv-rvv-ime-gemm-microkernels-updated/HETEROGENEOUS_RVV_IME_OPENMP_GEMM/results/openmp_results_k1-rvv-only_1024_20260904_074523/raw_logs/GEMM_RVV_FP64_INT8_8x8_Baseline_RVV_DGEMM_FP64_8x8_dgemm_kernel_8x8_zvl256b_lmul4_unroll8_run3.log",NA,NA,NA,NA,NA,NA,NA
2026-09-04T10:53:41,k1-rvv-only,"GEMM_RVV_FP64_INT8_8x8_Baseline","RVV_DGEMM_FP64_8x8","dgemm_kernel_8x8_zvl256b_lmul4_unroll8",8x8,256b,4,8,FP64_RVV,4-7,4,4,1024,1024,1024,32,4,OK,0,NONE,0.706241831,GFLOPS,3.040720,parallel_tiles_including_required_packing,DISABLED,0,0,"0:cpu4:tiles8;1:cpu5:tiles8;2:cpu6:tiles8;3:cpu7:tiles8","NA",static,0,"NA","NA","/home/bananapi/MAT/kernels riscv rvv 1.0/FINAL/riscv-rvv-ime-gemm-microkernels-updated/HETEROGENEOUS_RVV_IME_OPENMP_GEMM/results/openmp_results_k1-rvv-only_1024_20260904_074523/raw_logs/GEMM_RVV_FP64_INT8_8x8_Baseline_RVV_DGEMM_FP64_8x8_dgemm_kernel_8x8_zvl256b_lmul4_unroll8_run4.log",NA,NA,NA,NA,NA,NA,NA
2026-09-04T10:53:43,k1-rvv-only,"GEMM_RVV_FP64_INT8_8x8_Baseline","RVV_DGEMM_FP64_8x8","dgemm_kernel_8x8_zvl256b_lmul4_unroll8",8x8,256b,4,8,FP64_RVV,4-7,4,4,1024,1024,1024,32,5,OK,0,NONE,0.710741747,GFLOPS,3.021468,parallel_tiles_including_required_packing,DISABLED,0,0,"0:cpu4:tiles8;1:cpu5:tiles8;2:cpu6:tiles8;3:cpu7:tiles8","NA",static,0,"NA","NA","/home/bananapi/MAT/kernels riscv rvv 1.0/FINAL/riscv-rvv-ime-gemm-microkernels-updated/HETEROGENEOUS_RVV_IME_OPENMP_GEMM/results/openmp_results_k1-rvv-only_1024_20260904_074523/raw_logs/GEMM_RVV_FP64_INT8_8x8_Baseline_RVV_DGEMM_FP64_8x8_dgemm_kernel_8x8_zvl256b_lmul4_unroll8_run5.log",NA,NA,NA,NA,NA,NA,NA
2026-09-04T10:53:45,k1-rvv-only,"GEMM_RVV_FP64_INT8_8x8_Baseline","RVV_DGEMM_FP64_8x8","dgemm_kernel_8x8_zvl256b_lmul4_unroll8",8x8,256b,4,8,FP64_RVV,4-7,4,4,1024,1024,1024,32,6,OK,0,NONE,0.659696914,GFLOPS,3.255258,parallel_tiles_including_required_packing,DISABLED,0,0,"0:cpu4:tiles8;1:cpu5:tiles8;2:cpu6:tiles8;3:cpu7:tiles8","NA",static,0,"NA","NA","/home/bananapi/MAT/kernels riscv rvv 1.0/FINAL/riscv-rvv-ime-gemm-microkernels-updated/HETEROGENEOUS_RVV_IME_OPENMP_GEMM/results/openmp_results_k1-rvv-only_1024_20260904_074523/raw_logs/GEMM_RVV_FP64_INT8_8x8_Baseline_RVV_DGEMM_FP64_8x8_dgemm_kernel_8x8_zvl256b_lmul4_unroll8_run6.log",NA,NA,NA,NA,NA,NA,NA
2026-09-04T10:56:50,k1-rvv-only,"GEMM_RVV_FP64_INT8_8x8_Baseline","RVV_DGEMM_FP64_8x8","dgemm_kernel_8x8_zvl256b_lmul8_unroll1",8x8,256b,8,1,FP64_RVV,4-7,4,4,1024,1024,1024,32,1,OK,0,NONE,1.324920375,GFLOPS,1.620840,parallel_tiles_including_required_packing,INDEPENDENT_GEMM_FP_TOLERANCE,0,7.1054273576010019e-14,"0:cpu4:tiles8;1:cpu5:tiles8;2:cpu6:tiles8;3:cpu7:tiles8","NA",static,0,"NA","NA","/home/bananapi/MAT/kernels riscv rvv 1.0/FINAL/riscv-rvv-ime-gemm-microkernels-updated/HETEROGENEOUS_RVV_IME_OPENMP_GEMM/results/openmp_results_k1-rvv-only_1024_20260904_074523/raw_logs/GEMM_RVV_FP64_INT8_8x8_Baseline_RVV_DGEMM_FP64_8x8_dgemm_kernel_8x8_zvl256b_lmul8_unroll1_run1.log",NA,NA,NA,NA,NA,NA,NA
2026-09-04T10:56:53,k1-rvv-only,"GEMM_RVV_FP64_INT8_8x8_Baseline","RVV_DGEMM_FP64_8x8","dgemm_kernel_8x8_zvl256b_lmul8_unroll1",8x8,256b,8,1,FP64_RVV,4-7,4,4,1024,1024,1024,32,2,OK,0,NONE,1.327104792,GFLOPS,1.618172,parallel_tiles_including_required_packing,DISABLED,0,0,"0:cpu4:tiles8;1:cpu5:tiles8;2:cpu6:tiles8;3:cpu7:tiles8","NA",static,0,"NA","NA","/home/bananapi/MAT/kernels riscv rvv 1.0/FINAL/riscv-rvv-ime-gemm-microkernels-updated/HETEROGENEOUS_RVV_IME_OPENMP_GEMM/results/openmp_results_k1-rvv-only_1024_20260904_074523/raw_logs/GEMM_RVV_FP64_INT8_8x8_Baseline_RVV_DGEMM_FP64_8x8_dgemm_kernel_8x8_zvl256b_lmul8_unroll1_run2.log",NA,NA,NA,NA,NA,NA,NA
2026-09-04T10:56:56,k1-rvv-only,"GEMM_RVV_FP64_INT8_8x8_Baseline","RVV_DGEMM_FP64_8x8","dgemm_kernel_8x8_zvl256b_lmul8_unroll1",8x8,256b,8,1,FP64_RVV,4-7,4,4,1024,1024,1024,32,3,OK,0,NONE,1.330001626,GFLOPS,1.614647,parallel_tiles_including_required_packing,DISABLED,0,0,"0:cpu4:tiles8;1:cpu5:tiles8;2:cpu6:tiles8;3:cpu7:tiles8","NA",static,0,"NA","NA","/home/bananapi/MAT/kernels riscv rvv 1.0/FINAL/riscv-rvv-ime-gemm-microkernels-updated/HETEROGENEOUS_RVV_IME_OPENMP_GEMM/results/openmp_results_k1-rvv-only_1024_20260904_074523/raw_logs/GEMM_RVV_FP64_INT8_8x8_Baseline_RVV_DGEMM_FP64_8x8_dgemm_kernel_8x8_zvl256b_lmul8_unroll1_run3.log",NA,NA,NA,NA,NA,NA,NA
2026-09-04T10:57:00,k1-rvv-only,"GEMM_RVV_FP64_INT8_8x8_Baseline","RVV_DGEMM_FP64_8x8","dgemm_kernel_8x8_zvl256b_lmul8_unroll1",8x8,256b,8,1,FP64_RVV,4-7,4,4,1024,1024,1024,32,4,OK,0,NONE,1.325632293,GFLOPS,1.619969,parallel_tiles_including_required_packing,DISABLED,0,0,"0:cpu4:tiles8;1:cpu5:tiles8;2:cpu6:tiles8;3:cpu7:tiles8","NA",static,0,"NA","NA","/home/bananapi/MAT/kernels riscv rvv 1.0/FINAL/riscv-rvv-ime-gemm-microkernels-updated/HETEROGENEOUS_RVV_IME_OPENMP_GEMM/results/openmp_results_k1-rvv-only_1024_20260904_074523/raw_logs/GEMM_RVV_FP64_INT8_8x8_Baseline_RVV_DGEMM_FP64_8x8_dgemm_kernel_8x8_zvl256b_lmul8_unroll1_run4.log",NA,NA,NA,NA,NA,NA,NA
2026-09-04T10:57:03,k1-rvv-only,"GEMM_RVV_FP64_INT8_8x8_Baseline","RVV_DGEMM_FP64_8x8","dgemm_kernel_8x8_zvl256b_lmul8_unroll1",8x8,256b,8,1,FP64_RVV,4-7,4,4,1024,1024,1024,32,5,OK,0,NONE,1.328135002,GFLOPS,1.616917,parallel_tiles_including_required_packing,DISABLED,0,0,"0:cpu4:tiles8;1:cpu5:tiles8;2:cpu6:tiles8;3:cpu7:tiles8","NA",static,0,"NA","NA","/home/bananapi/MAT/kernels riscv rvv 1.0/FINAL/riscv-rvv-ime-gemm-microkernels-updated/HETEROGENEOUS_RVV_IME_OPENMP_GEMM/results/openmp_results_k1-rvv-only_1024_20260904_074523/raw_logs/GEMM_RVV_FP64_INT8_8x8_Baseline_RVV_DGEMM_FP64_8x8_dgemm_kernel_8x8_zvl256b_lmul8_unroll1_run5.log",NA,NA,NA,NA,NA,NA,NA
2026-09-04T10:57:06,k1-rvv-only,"GEMM_RVV_FP64_INT8_8x8_Baseline","RVV_DGEMM_FP64_8x8","dgemm_kernel_8x8_zvl256b_lmul8_unroll1",8x8,256b,8,1,FP64_RVV,4-7,4,4,1024,1024,1024,32,6,OK,0,NONE,1.321049001,GFLOPS,1.625590,parallel_tiles_including_required_packing,DISABLED,0,0,"0:cpu4:tiles8;1:cpu5:tiles8;2:cpu6:tiles8;3:cpu7:tiles8","NA",static,0,"NA","NA","/home/bananapi/MAT/kernels riscv rvv 1.0/FINAL/riscv-rvv-ime-gemm-microkernels-updated/HETEROGENEOUS_RVV_IME_OPENMP_GEMM/results/openmp_results_k1-rvv-only_1024_20260904_074523/raw_logs/GEMM_RVV_FP64_INT8_8x8_Baseline_RVV_DGEMM_FP64_8x8_dgemm_kernel_8x8_zvl256b_lmul8_unroll1_run6.log",NA,NA,NA,NA,NA,NA,NA
2026-09-04T11:00:12,k1-rvv-only,"GEMM_RVV_FP64_INT8_8x8_Baseline","RVV_DGEMM_FP64_8x8","dgemm_kernel_8x8_zvl256b_lmul8_unroll2",8x8,256b,8,2,FP64_RVV,4-7,4,4,1024,1024,1024,32,1,OK,0,NONE,1.364104420,GFLOPS,1.574281,parallel_tiles_including_required_packing,INDEPENDENT_GEMM_FP_TOLERANCE,0,7.1054273576010019e-14,"0:cpu4:tiles8;1:cpu5:tiles8;2:cpu6:tiles8;3:cpu7:tiles8","NA",static,0,"NA","NA","/home/bananapi/MAT/kernels riscv rvv 1.0/FINAL/riscv-rvv-ime-gemm-microkernels-updated/HETEROGENEOUS_RVV_IME_OPENMP_GEMM/results/openmp_results_k1-rvv-only_1024_20260904_074523/raw_logs/GEMM_RVV_FP64_INT8_8x8_Baseline_RVV_DGEMM_FP64_8x8_dgemm_kernel_8x8_zvl256b_lmul8_unroll2_run1.log",NA,NA,NA,NA,NA,NA,NA
2026-09-04T11:00:15,k1-rvv-only,"GEMM_RVV_FP64_INT8_8x8_Baseline","RVV_DGEMM_FP64_8x8","dgemm_kernel_8x8_zvl256b_lmul8_unroll2",8x8,256b,8,2,FP64_RVV,4-7,4,4,1024,1024,1024,32,2,OK,0,NONE,1.352441292,GFLOPS,1.587857,parallel_tiles_including_required_packing,DISABLED,0,0,"0:cpu4:tiles8;1:cpu5:tiles8;2:cpu6:tiles8;3:cpu7:tiles8","NA",static,0,"NA","NA","/home/bananapi/MAT/kernels riscv rvv 1.0/FINAL/riscv-rvv-ime-gemm-microkernels-updated/HETEROGENEOUS_RVV_IME_OPENMP_GEMM/results/openmp_results_k1-rvv-only_1024_20260904_074523/raw_logs/GEMM_RVV_FP64_INT8_8x8_Baseline_RVV_DGEMM_FP64_8x8_dgemm_kernel_8x8_zvl256b_lmul8_unroll2_run2.log",NA,NA,NA,NA,NA,NA,NA
2026-09-04T11:00:18,k1-rvv-only,"GEMM_RVV_FP64_INT8_8x8_Baseline","RVV_DGEMM_FP64_8x8","dgemm_kernel_8x8_zvl256b_lmul8_unroll2",8x8,256b,8,2,FP64_RVV,4-7,4,4,1024,1024,1024,32,3,OK,0,NONE,1.359301377,GFLOPS,1.579844,parallel_tiles_including_required_packing,DISABLED,0,0,"0:cpu4:tiles8;1:cpu5:tiles8;2:cpu6:tiles8;3:cpu7:tiles8","NA",static,0,"NA","NA","/home/bananapi/MAT/kernels riscv rvv 1.0/FINAL/riscv-rvv-ime-gemm-microkernels-updated/HETEROGENEOUS_RVV_IME_OPENMP_GEMM/results/openmp_results_k1-rvv-only_1024_20260904_074523/raw_logs/GEMM_RVV_FP64_INT8_8x8_Baseline_RVV_DGEMM_FP64_8x8_dgemm_kernel_8x8_zvl256b_lmul8_unroll2_run3.log",NA,NA,NA,NA,NA,NA,NA
2026-09-04T11:00:21,k1-rvv-only,"GEMM_RVV_FP64_INT8_8x8_Baseline","RVV_DGEMM_FP64_8x8","dgemm_kernel_8x8_zvl256b_lmul8_unroll2",8x8,256b,8,2,FP64_RVV,4-7,4,4,1024,1024,1024,32,4,OK,0,NONE,1.357832085,GFLOPS,1.581553,parallel_tiles_including_required_packing,DISABLED,0,0,"0:cpu4:tiles8;1:cpu5:tiles8;2:cpu6:tiles8;3:cpu7:tiles8","NA",static,0,"NA","NA","/home/bananapi/MAT/kernels riscv rvv 1.0/FINAL/riscv-rvv-ime-gemm-microkernels-updated/HETEROGENEOUS_RVV_IME_OPENMP_GEMM/results/openmp_results_k1-rvv-only_1024_20260904_074523/raw_logs/GEMM_RVV_FP64_INT8_8x8_Baseline_RVV_DGEMM_FP64_8x8_dgemm_kernel_8x8_zvl256b_lmul8_unroll2_run4.log",NA,NA,NA,NA,NA,NA,NA
2026-09-04T11:00:24,k1-rvv-only,"GEMM_RVV_FP64_INT8_8x8_Baseline","RVV_DGEMM_FP64_8x8","dgemm_kernel_8x8_zvl256b_lmul8_unroll2",8x8,256b,8,2,FP64_RVV,4-7,4,4,1024,1024,1024,32,5,OK,0,NONE,1.353088833,GFLOPS,1.587097,parallel_tiles_including_required_packing,DISABLED,0,0,"0:cpu4:tiles8;1:cpu5:tiles8;2:cpu6:tiles8;3:cpu7:tiles8","NA",static,0,"NA","NA","/home/bananapi/MAT/kernels riscv rvv 1.0/FINAL/riscv-rvv-ime-gemm-microkernels-updated/HETEROGENEOUS_RVV_IME_OPENMP_GEMM/results/openmp_results_k1-rvv-only_1024_20260904_074523/raw_logs/GEMM_RVV_FP64_INT8_8x8_Baseline_RVV_DGEMM_FP64_8x8_dgemm_kernel_8x8_zvl256b_lmul8_unroll2_run5.log",NA,NA,NA,NA,NA,NA,NA
2026-09-04T11:00:27,k1-rvv-only,"GEMM_RVV_FP64_INT8_8x8_Baseline","RVV_DGEMM_FP64_8x8","dgemm_kernel_8x8_zvl256b_lmul8_unroll2",8x8,256b,8,2,FP64_RVV,4-7,4,4,1024,1024,1024,32,6,OK,0,NONE,1.358208250,GFLOPS,1.581115,parallel_tiles_including_required_packing,DISABLED,0,0,"0:cpu4:tiles8;1:cpu5:tiles8;2:cpu6:tiles8;3:cpu7:tiles8","NA",static,0,"NA","NA","/home/bananapi/MAT/kernels riscv rvv 1.0/FINAL/riscv-rvv-ime-gemm-microkernels-updated/HETEROGENEOUS_RVV_IME_OPENMP_GEMM/results/openmp_results_k1-rvv-only_1024_20260904_074523/raw_logs/GEMM_RVV_FP64_INT8_8x8_Baseline_RVV_DGEMM_FP64_8x8_dgemm_kernel_8x8_zvl256b_lmul8_unroll2_run6.log",NA,NA,NA,NA,NA,NA,NA
2026-09-04T11:03:37,k1-rvv-only,"GEMM_RVV_FP64_INT8_8x8_Baseline","RVV_DGEMM_FP64_8x8","dgemm_kernel_8x8_zvl256b_lmul8_unroll4",8x8,256b,8,4,FP64_RVV,4-7,4,4,1024,1024,1024,32,1,OK,0,NONE,1.546507295,GFLOPS,1.388602,parallel_tiles_including_required_packing,INDEPENDENT_GEMM_FP_TOLERANCE,0,7.1054273576010019e-14,"0:cpu4:tiles8;1:cpu5:tiles8;2:cpu6:tiles8;3:cpu7:tiles8","NA",static,0,"NA","NA","/home/bananapi/MAT/kernels riscv rvv 1.0/FINAL/riscv-rvv-ime-gemm-microkernels-updated/HETEROGENEOUS_RVV_IME_OPENMP_GEMM/results/openmp_results_k1-rvv-only_1024_20260904_074523/raw_logs/GEMM_RVV_FP64_INT8_8x8_Baseline_RVV_DGEMM_FP64_8x8_dgemm_kernel_8x8_zvl256b_lmul8_unroll4_run1.log",NA,NA,NA,NA,NA,NA,NA
2026-09-04T11:03:40,k1-rvv-only,"GEMM_RVV_FP64_INT8_8x8_Baseline","RVV_DGEMM_FP64_8x8","dgemm_kernel_8x8_zvl256b_lmul8_unroll4",8x8,256b,8,4,FP64_RVV,4-7,4,4,1024,1024,1024,32,2,OK,0,NONE,1.545731418,GFLOPS,1.389299,parallel_tiles_including_required_packing,DISABLED,0,0,"0:cpu4:tiles8;1:cpu5:tiles8;2:cpu6:tiles8;3:cpu7:tiles8","NA",static,0,"NA","NA","/home/bananapi/MAT/kernels riscv rvv 1.0/FINAL/riscv-rvv-ime-gemm-microkernels-updated/HETEROGENEOUS_RVV_IME_OPENMP_GEMM/results/openmp_results_k1-rvv-only_1024_20260904_074523/raw_logs/GEMM_RVV_FP64_INT8_8x8_Baseline_RVV_DGEMM_FP64_8x8_dgemm_kernel_8x8_zvl256b_lmul8_unroll4_run2.log",NA,NA,NA,NA,NA,NA,NA
2026-09-04T11:03:44,k1-rvv-only,"GEMM_RVV_FP64_INT8_8x8_Baseline","RVV_DGEMM_FP64_8x8","dgemm_kernel_8x8_zvl256b_lmul8_unroll4",8x8,256b,8,4,FP64_RVV,4-7,4,4,1024,1024,1024,32,3,OK,0,NONE,1.551324002,GFLOPS,1.384291,parallel_tiles_including_required_packing,DISABLED,0,0,"0:cpu4:tiles8;1:cpu5:tiles8;2:cpu6:tiles8;3:cpu7:tiles8","NA",static,0,"NA","NA","/home/bananapi/MAT/kernels riscv rvv 1.0/FINAL/riscv-rvv-ime-gemm-microkernels-updated/HETEROGENEOUS_RVV_IME_OPENMP_GEMM/results/openmp_results_k1-rvv-only_1024_20260904_074523/raw_logs/GEMM_RVV_FP64_INT8_8x8_Baseline_RVV_DGEMM_FP64_8x8_dgemm_kernel_8x8_zvl256b_lmul8_unroll4_run3.log",NA,NA,NA,NA,NA,NA,NA
2026-09-04T11:03:47,k1-rvv-only,"GEMM_RVV_FP64_INT8_8x8_Baseline","RVV_DGEMM_FP64_8x8","dgemm_kernel_8x8_zvl256b_lmul8_unroll4",8x8,256b,8,4,FP64_RVV,4-7,4,4,1024,1024,1024,32,4,OK,0,NONE,1.552013751,GFLOPS,1.383676,parallel_tiles_including_required_packing,DISABLED,0,0,"0:cpu4:tiles8;1:cpu5:tiles8;2:cpu6:tiles8;3:cpu7:tiles8","NA",static,0,"NA","NA","/home/bananapi/MAT/kernels riscv rvv 1.0/FINAL/riscv-rvv-ime-gemm-microkernels-updated/HETEROGENEOUS_RVV_IME_OPENMP_GEMM/results/openmp_results_k1-rvv-only_1024_20260904_074523/raw_logs/GEMM_RVV_FP64_INT8_8x8_Baseline_RVV_DGEMM_FP64_8x8_dgemm_kernel_8x8_zvl256b_lmul8_unroll4_run4.log",NA,NA,NA,NA,NA,NA,NA
2026-09-04T11:03:51,k1-rvv-only,"GEMM_RVV_FP64_INT8_8x8_Baseline","RVV_DGEMM_FP64_8x8","dgemm_kernel_8x8_zvl256b_lmul8_unroll4",8x8,256b,8,4,FP64_RVV,4-7,4,4,1024,1024,1024,32,5,OK,0,NONE,1.551019546,GFLOPS,1.384563,parallel_tiles_including_required_packing,DISABLED,0,0,"0:cpu4:tiles8;1:cpu5:tiles8;2:cpu6:tiles8;3:cpu7:tiles8","NA",static,0,"NA","NA","/home/bananapi/MAT/kernels riscv rvv 1.0/FINAL/riscv-rvv-ime-gemm-microkernels-updated/HETEROGENEOUS_RVV_IME_OPENMP_GEMM/results/openmp_results_k1-rvv-only_1024_20260904_074523/raw_logs/GEMM_RVV_FP64_INT8_8x8_Baseline_RVV_DGEMM_FP64_8x8_dgemm_kernel_8x8_zvl256b_lmul8_unroll4_run5.log",NA,NA,NA,NA,NA,NA,NA
2026-09-04T11:03:54,k1-rvv-only,"GEMM_RVV_FP64_INT8_8x8_Baseline","RVV_DGEMM_FP64_8x8","dgemm_kernel_8x8_zvl256b_lmul8_unroll4",8x8,256b,8,4,FP64_RVV,4-7,4,4,1024,1024,1024,32,6,OK,0,NONE,1.551950585,GFLOPS,1.383732,parallel_tiles_including_required_packing,DISABLED,0,0,"0:cpu4:tiles8;1:cpu5:tiles8;2:cpu6:tiles8;3:cpu7:tiles8","NA",static,0,"NA","NA","/home/bananapi/MAT/kernels riscv rvv 1.0/FINAL/riscv-rvv-ime-gemm-microkernels-updated/HETEROGENEOUS_RVV_IME_OPENMP_GEMM/results/openmp_results_k1-rvv-only_1024_20260904_074523/raw_logs/GEMM_RVV_FP64_INT8_8x8_Baseline_RVV_DGEMM_FP64_8x8_dgemm_kernel_8x8_zvl256b_lmul8_unroll4_run6.log",NA,NA,NA,NA,NA,NA,NA
2026-09-04T11:07:06,k1-rvv-only,"GEMM_RVV_FP64_INT8_8x8_Baseline","RVV_DGEMM_FP64_8x8","dgemm_kernel_8x8_zvl256b_lmul8_unroll8",8x8,256b,8,8,FP64_RVV,4-7,4,4,1024,1024,1024,32,1,OK,0,NONE,1.543566082,GFLOPS,1.391248,parallel_tiles_including_required_packing,INDEPENDENT_GEMM_FP_TOLERANCE,0,7.1054273576010019e-14,"0:cpu4:tiles8;1:cpu5:tiles8;2:cpu6:tiles8;3:cpu7:tiles8","NA",static,0,"NA","NA","/home/bananapi/MAT/kernels riscv rvv 1.0/FINAL/riscv-rvv-ime-gemm-microkernels-updated/HETEROGENEOUS_RVV_IME_OPENMP_GEMM/results/openmp_results_k1-rvv-only_1024_20260904_074523/raw_logs/GEMM_RVV_FP64_INT8_8x8_Baseline_RVV_DGEMM_FP64_8x8_dgemm_kernel_8x8_zvl256b_lmul8_unroll8_run1.log",NA,NA,NA,NA,NA,NA,NA
2026-09-04T11:07:09,k1-rvv-only,"GEMM_RVV_FP64_INT8_8x8_Baseline","RVV_DGEMM_FP64_8x8","dgemm_kernel_8x8_zvl256b_lmul8_unroll8",8x8,256b,8,8,FP64_RVV,4-7,4,4,1024,1024,1024,32,2,OK,0,NONE,1.553861212,GFLOPS,1.382031,parallel_tiles_including_required_packing,DISABLED,0,0,"0:cpu4:tiles8;1:cpu5:tiles8;2:cpu6:tiles8;3:cpu7:tiles8","NA",static,0,"NA","NA","/home/bananapi/MAT/kernels riscv rvv 1.0/FINAL/riscv-rvv-ime-gemm-microkernels-updated/HETEROGENEOUS_RVV_IME_OPENMP_GEMM/results/openmp_results_k1-rvv-only_1024_20260904_074523/raw_logs/GEMM_RVV_FP64_INT8_8x8_Baseline_RVV_DGEMM_FP64_8x8_dgemm_kernel_8x8_zvl256b_lmul8_unroll8_run2.log",NA,NA,NA,NA,NA,NA,NA
2026-09-04T11:07:13,k1-rvv-only,"GEMM_RVV_FP64_INT8_8x8_Baseline","RVV_DGEMM_FP64_8x8","dgemm_kernel_8x8_zvl256b_lmul8_unroll8",8x8,256b,8,8,FP64_RVV,4-7,4,4,1024,1024,1024,32,3,OK,0,NONE,1.552924417,GFLOPS,1.382864,parallel_tiles_including_required_packing,DISABLED,0,0,"0:cpu4:tiles8;1:cpu5:tiles8;2:cpu6:tiles8;3:cpu7:tiles8","NA",static,0,"NA","NA","/home/bananapi/MAT/kernels riscv rvv 1.0/FINAL/riscv-rvv-ime-gemm-microkernels-updated/HETEROGENEOUS_RVV_IME_OPENMP_GEMM/results/openmp_results_k1-rvv-only_1024_20260904_074523/raw_logs/GEMM_RVV_FP64_INT8_8x8_Baseline_RVV_DGEMM_FP64_8x8_dgemm_kernel_8x8_zvl256b_lmul8_unroll8_run3.log",NA,NA,NA,NA,NA,NA,NA
2026-09-04T11:07:16,k1-rvv-only,"GEMM_RVV_FP64_INT8_8x8_Baseline","RVV_DGEMM_FP64_8x8","dgemm_kernel_8x8_zvl256b_lmul8_unroll8",8x8,256b,8,8,FP64_RVV,4-7,4,4,1024,1024,1024,32,4,OK,0,NONE,1.543498583,GFLOPS,1.391309,parallel_tiles_including_required_packing,DISABLED,0,0,"0:cpu4:tiles8;1:cpu5:tiles8;2:cpu6:tiles8;3:cpu7:tiles8","NA",static,0,"NA","NA","/home/bananapi/MAT/kernels riscv rvv 1.0/FINAL/riscv-rvv-ime-gemm-microkernels-updated/HETEROGENEOUS_RVV_IME_OPENMP_GEMM/results/openmp_results_k1-rvv-only_1024_20260904_074523/raw_logs/GEMM_RVV_FP64_INT8_8x8_Baseline_RVV_DGEMM_FP64_8x8_dgemm_kernel_8x8_zvl256b_lmul8_unroll8_run4.log",NA,NA,NA,NA,NA,NA,NA
2026-09-04T11:07:20,k1-rvv-only,"GEMM_RVV_FP64_INT8_8x8_Baseline","RVV_DGEMM_FP64_8x8","dgemm_kernel_8x8_zvl256b_lmul8_unroll8",8x8,256b,8,8,FP64_RVV,4-7,4,4,1024,1024,1024,32,5,OK,0,NONE,1.550502252,GFLOPS,1.385025,parallel_tiles_including_required_packing,DISABLED,0,0,"0:cpu4:tiles8;1:cpu5:tiles8;2:cpu6:tiles8;3:cpu7:tiles8","NA",static,0,"NA","NA","/home/bananapi/MAT/kernels riscv rvv 1.0/FINAL/riscv-rvv-ime-gemm-microkernels-updated/HETEROGENEOUS_RVV_IME_OPENMP_GEMM/results/openmp_results_k1-rvv-only_1024_20260904_074523/raw_logs/GEMM_RVV_FP64_INT8_8x8_Baseline_RVV_DGEMM_FP64_8x8_dgemm_kernel_8x8_zvl256b_lmul8_unroll8_run5.log",NA,NA,NA,NA,NA,NA,NA
2026-09-04T11:07:23,k1-rvv-only,"GEMM_RVV_FP64_INT8_8x8_Baseline","RVV_DGEMM_FP64_8x8","dgemm_kernel_8x8_zvl256b_lmul8_unroll8",8x8,256b,8,8,FP64_RVV,4-7,4,4,1024,1024,1024,32,6,OK,0,NONE,1.548113417,GFLOPS,1.387162,parallel_tiles_including_required_packing,DISABLED,0,0,"0:cpu4:tiles8;1:cpu5:tiles8;2:cpu6:tiles8;3:cpu7:tiles8","NA",static,0,"NA","NA","/home/bananapi/MAT/kernels riscv rvv 1.0/FINAL/riscv-rvv-ime-gemm-microkernels-updated/HETEROGENEOUS_RVV_IME_OPENMP_GEMM/results/openmp_results_k1-rvv-only_1024_20260904_074523/raw_logs/GEMM_RVV_FP64_INT8_8x8_Baseline_RVV_DGEMM_FP64_8x8_dgemm_kernel_8x8_zvl256b_lmul8_unroll8_run6.log",NA,NA,NA,NA,NA,NA,NA
2026-09-04T11:08:23,k1-ime,"IME_NATIVE_KERNELS","IME_GEMM_INT8_I8I32_8x4_NATIVE","ime_kernel_8x4_zvl256b_lmul1_unroll1",8x4,256b,1,1,INT8_IME,0-3,4,4,1024,1024,1024,32,1,OK,0,NONE,0.125297081,GOPS,17.139136,parallel_tiles_including_required_packing,INDEPENDENT_INT64_REFERENCE_EXACT_INT32,0,0,"0:cpu0:tiles8;1:cpu1:tiles8;2:cpu2:tiles8;3:cpu3:tiles8","NA",static,0,"NA","NA","/home/bananapi/MAT/kernels riscv rvv 1.0/FINAL/riscv-rvv-ime-gemm-microkernels-updated/HETEROGENEOUS_RVV_IME_OPENMP_GEMM/results/openmp_results_k1-ime_1024_20260904_110726/raw_logs/IME_NATIVE_KERNELS_IME_GEMM_INT8_I8I32_8x4_NATIVE_ime_kernel_8x4_zvl256b_lmul1_unroll1_run1.log",NA,NA,NA,NA,NA,NA,NA
2026-09-04T11:08:24,k1-ime,"IME_NATIVE_KERNELS","IME_GEMM_INT8_I8I32_8x4_NATIVE","ime_kernel_8x4_zvl256b_lmul1_unroll1",8x4,256b,1,1,INT8_IME,0-3,4,4,1024,1024,1024,32,2,OK,0,NONE,0.130114540,GOPS,16.504563,parallel_tiles_including_required_packing,DISABLED,0,0,"0:cpu0:tiles8;1:cpu1:tiles8;2:cpu2:tiles8;3:cpu3:tiles8","NA",static,0,"NA","NA","/home/bananapi/MAT/kernels riscv rvv 1.0/FINAL/riscv-rvv-ime-gemm-microkernels-updated/HETEROGENEOUS_RVV_IME_OPENMP_GEMM/results/openmp_results_k1-ime_1024_20260904_110726/raw_logs/IME_NATIVE_KERNELS_IME_GEMM_INT8_I8I32_8x4_NATIVE_ime_kernel_8x4_zvl256b_lmul1_unroll1_run2.log",NA,NA,NA,NA,NA,NA,NA
2026-09-04T11:08:24,k1-ime,"IME_NATIVE_KERNELS","IME_GEMM_INT8_I8I32_8x4_NATIVE","ime_kernel_8x4_zvl256b_lmul1_unroll1",8x4,256b,1,1,INT8_IME,0-3,4,4,1024,1024,1024,32,3,OK,0,NONE,0.139414497,GOPS,15.403589,parallel_tiles_including_required_packing,DISABLED,0,0,"0:cpu0:tiles8;1:cpu1:tiles8;2:cpu2:tiles8;3:cpu3:tiles8","NA",static,0,"NA","NA","/home/bananapi/MAT/kernels riscv rvv 1.0/FINAL/riscv-rvv-ime-gemm-microkernels-updated/HETEROGENEOUS_RVV_IME_OPENMP_GEMM/results/openmp_results_k1-ime_1024_20260904_110726/raw_logs/IME_NATIVE_KERNELS_IME_GEMM_INT8_I8I32_8x4_NATIVE_ime_kernel_8x4_zvl256b_lmul1_unroll1_run3.log",NA,NA,NA,NA,NA,NA,NA
2026-09-04T11:08:25,k1-ime,"IME_NATIVE_KERNELS","IME_GEMM_INT8_I8I32_8x4_NATIVE","ime_kernel_8x4_zvl256b_lmul1_unroll1",8x4,256b,1,1,INT8_IME,0-3,4,4,1024,1024,1024,32,4,OK,0,NONE,0.141469955,GOPS,15.179786,parallel_tiles_including_required_packing,DISABLED,0,0,"0:cpu0:tiles8;1:cpu1:tiles8;2:cpu2:tiles8;3:cpu3:tiles8","NA",static,0,"NA","NA","/home/bananapi/MAT/kernels riscv rvv 1.0/FINAL/riscv-rvv-ime-gemm-microkernels-updated/HETEROGENEOUS_RVV_IME_OPENMP_GEMM/results/openmp_results_k1-ime_1024_20260904_110726/raw_logs/IME_NATIVE_KERNELS_IME_GEMM_INT8_I8I32_8x4_NATIVE_ime_kernel_8x4_zvl256b_lmul1_unroll1_run4.log",NA,NA,NA,NA,NA,NA,NA
2026-09-04T11:08:25,k1-ime,"IME_NATIVE_KERNELS","IME_GEMM_INT8_I8I32_8x4_NATIVE","ime_kernel_8x4_zvl256b_lmul1_unroll1",8x4,256b,1,1,INT8_IME,0-3,4,4,1024,1024,1024,32,5,OK,0,NONE,0.145821419,GOPS,14.726805,parallel_tiles_including_required_packing,DISABLED,0,0,"0:cpu0:tiles8;1:cpu1:tiles8;2:cpu2:tiles8;3:cpu3:tiles8","NA",static,0,"NA","NA","/home/bananapi/MAT/kernels riscv rvv 1.0/FINAL/riscv-rvv-ime-gemm-microkernels-updated/HETEROGENEOUS_RVV_IME_OPENMP_GEMM/results/openmp_results_k1-ime_1024_20260904_110726/raw_logs/IME_NATIVE_KERNELS_IME_GEMM_INT8_I8I32_8x4_NATIVE_ime_kernel_8x4_zvl256b_lmul1_unroll1_run5.log",NA,NA,NA,NA,NA,NA,NA
2026-09-04T11:08:26,k1-ime,"IME_NATIVE_KERNELS","IME_GEMM_INT8_I8I32_8x4_NATIVE","ime_kernel_8x4_zvl256b_lmul1_unroll1",8x4,256b,1,1,INT8_IME,0-3,4,4,1024,1024,1024,32,6,OK,0,NONE,0.132112458,GOPS,16.254967,parallel_tiles_including_required_packing,DISABLED,0,0,"0:cpu0:tiles8;1:cpu1:tiles8;2:cpu2:tiles8;3:cpu3:tiles8","NA",static,0,"NA","NA","/home/bananapi/MAT/kernels riscv rvv 1.0/FINAL/riscv-rvv-ime-gemm-microkernels-updated/HETEROGENEOUS_RVV_IME_OPENMP_GEMM/results/openmp_results_k1-ime_1024_20260904_110726/raw_logs/IME_NATIVE_KERNELS_IME_GEMM_INT8_I8I32_8x4_NATIVE_ime_kernel_8x4_zvl256b_lmul1_unroll1_run6.log",NA,NA,NA,NA,NA,NA,NA
2026-09-04T11:09:19,k1-ime,"IME_NATIVE_KERNELS","IME_GEMM_INT8_I8I32_8x4_NATIVE","ime_kernel_8x4_zvl256b_lmul1_unroll2",8x4,256b,1,2,INT8_IME,0-3,4,4,1024,1024,1024,32,1,OK,0,NONE,0.129396085,GOPS,16.596203,parallel_tiles_including_required_packing,INDEPENDENT_INT64_REFERENCE_EXACT_INT32,0,0,"0:cpu0:tiles8;1:cpu1:tiles8;2:cpu2:tiles8;3:cpu3:tiles8","NA",static,0,"NA","NA","/home/bananapi/MAT/kernels riscv rvv 1.0/FINAL/riscv-rvv-ime-gemm-microkernels-updated/HETEROGENEOUS_RVV_IME_OPENMP_GEMM/results/openmp_results_k1-ime_1024_20260904_110726/raw_logs/IME_NATIVE_KERNELS_IME_GEMM_INT8_I8I32_8x4_NATIVE_ime_kernel_8x4_zvl256b_lmul1_unroll2_run1.log",NA,NA,NA,NA,NA,NA,NA
2026-09-04T11:09:20,k1-ime,"IME_NATIVE_KERNELS","IME_GEMM_INT8_I8I32_8x4_NATIVE","ime_kernel_8x4_zvl256b_lmul1_unroll2",8x4,256b,1,2,INT8_IME,0-3,4,4,1024,1024,1024,32,2,OK,0,NONE,0.129115414,GOPS,16.632279,parallel_tiles_including_required_packing,DISABLED,0,0,"0:cpu0:tiles8;1:cpu1:tiles8;2:cpu2:tiles8;3:cpu3:tiles8","NA",static,0,"NA","NA","/home/bananapi/MAT/kernels riscv rvv 1.0/FINAL/riscv-rvv-ime-gemm-microkernels-updated/HETEROGENEOUS_RVV_IME_OPENMP_GEMM/results/openmp_results_k1-ime_1024_20260904_110726/raw_logs/IME_NATIVE_KERNELS_IME_GEMM_INT8_I8I32_8x4_NATIVE_ime_kernel_8x4_zvl256b_lmul1_unroll2_run2.log",NA,NA,NA,NA,NA,NA,NA
2026-09-04T11:09:21,k1-ime,"IME_NATIVE_KERNELS","IME_GEMM_INT8_I8I32_8x4_NATIVE","ime_kernel_8x4_zvl256b_lmul1_unroll2",8x4,256b,1,2,INT8_IME,0-3,4,4,1024,1024,1024,32,3,OK,0,NONE,0.146507375,GOPS,14.657854,parallel_tiles_including_required_packing,DISABLED,0,0,"0:cpu0:tiles8;1:cpu1:tiles8;2:cpu2:tiles8;3:cpu3:tiles8","NA",static,0,"NA","NA","/home/bananapi/MAT/kernels riscv rvv 1.0/FINAL/riscv-rvv-ime-gemm-microkernels-updated/HETEROGENEOUS_RVV_IME_OPENMP_GEMM/results/openmp_results_k1-ime_1024_20260904_110726/raw_logs/IME_NATIVE_KERNELS_IME_GEMM_INT8_I8I32_8x4_NATIVE_ime_kernel_8x4_zvl256b_lmul1_unroll2_run3.log",NA,NA,NA,NA,NA,NA,NA
2026-09-04T11:09:21,k1-ime,"IME_NATIVE_KERNELS","IME_GEMM_INT8_I8I32_8x4_NATIVE","ime_kernel_8x4_zvl256b_lmul1_unroll2",8x4,256b,1,2,INT8_IME,0-3,4,4,1024,1024,1024,32,4,OK,0,NONE,0.142324124,GOPS,15.088683,parallel_tiles_including_required_packing,DISABLED,0,0,"0:cpu0:tiles8;1:cpu1:tiles8;2:cpu2:tiles8;3:cpu3:tiles8","NA",static,0,"NA","NA","/home/bananapi/MAT/kernels riscv rvv 1.0/FINAL/riscv-rvv-ime-gemm-microkernels-updated/HETEROGENEOUS_RVV_IME_OPENMP_GEMM/results/openmp_results_k1-ime_1024_20260904_110726/raw_logs/IME_NATIVE_KERNELS_IME_GEMM_INT8_I8I32_8x4_NATIVE_ime_kernel_8x4_zvl256b_lmul1_unroll2_run4.log",NA,NA,NA,NA,NA,NA,NA
2026-09-04T11:09:22,k1-ime,"IME_NATIVE_KERNELS","IME_GEMM_INT8_I8I32_8x4_NATIVE","ime_kernel_8x4_zvl256b_lmul1_unroll2",8x4,256b,1,2,INT8_IME,0-3,4,4,1024,1024,1024,32,5,OK,0,NONE,0.137496084,GOPS,15.618508,parallel_tiles_including_required_packing,DISABLED,0,0,"0:cpu0:tiles8;1:cpu1:tiles8;2:cpu2:tiles8;3:cpu3:tiles8","NA",static,0,"NA","NA","/home/bananapi/MAT/kernels riscv rvv 1.0/FINAL/riscv-rvv-ime-gemm-microkernels-updated/HETEROGENEOUS_RVV_IME_OPENMP_GEMM/results/openmp_results_k1-ime_1024_20260904_110726/raw_logs/IME_NATIVE_KERNELS_IME_GEMM_INT8_I8I32_8x4_NATIVE_ime_kernel_8x4_zvl256b_lmul1_unroll2_run5.log",NA,NA,NA,NA,NA,NA,NA
2026-09-04T11:09:22,k1-ime,"IME_NATIVE_KERNELS","IME_GEMM_INT8_I8I32_8x4_NATIVE","ime_kernel_8x4_zvl256b_lmul1_unroll2",8x4,256b,1,2,INT8_IME,0-3,4,4,1024,1024,1024,32,6,OK,0,NONE,0.129483998,GOPS,16.584935,parallel_tiles_including_required_packing,DISABLED,0,0,"0:cpu0:tiles8;1:cpu1:tiles8;2:cpu2:tiles8;3:cpu3:tiles8","NA",static,0,"NA","NA","/home/bananapi/MAT/kernels riscv rvv 1.0/FINAL/riscv-rvv-ime-gemm-microkernels-updated/HETEROGENEOUS_RVV_IME_OPENMP_GEMM/results/openmp_results_k1-ime_1024_20260904_110726/raw_logs/IME_NATIVE_KERNELS_IME_GEMM_INT8_I8I32_8x4_NATIVE_ime_kernel_8x4_zvl256b_lmul1_unroll2_run6.log",NA,NA,NA,NA,NA,NA,NA
2026-09-04T11:10:01,k1-ime,"IME_NATIVE_KERNELS","IME_GEMM_INT8_I8I32_8x4_NATIVE","ime_kernel_8x4_zvl256b_lmul1_unroll4",8x4,256b,1,4,INT8_IME,0-3,4,4,1024,1024,1024,32,1,OK,0,NONE,0.132606167,GOPS,16.194448,parallel_tiles_including_required_packing,INDEPENDENT_INT64_REFERENCE_EXACT_INT32,0,0,"0:cpu0:tiles8;1:cpu1:tiles8;2:cpu2:tiles8;3:cpu3:tiles8","NA",static,0,"NA","NA","/home/bananapi/MAT/kernels riscv rvv 1.0/FINAL/riscv-rvv-ime-gemm-microkernels-updated/HETEROGENEOUS_RVV_IME_OPENMP_GEMM/results/openmp_results_k1-ime_1024_20260904_110726/raw_logs/IME_NATIVE_KERNELS_IME_GEMM_INT8_I8I32_8x4_NATIVE_ime_kernel_8x4_zvl256b_lmul1_unroll4_run1.log",NA,NA,NA,NA,NA,NA,NA
2026-09-04T11:10:02,k1-ime,"IME_NATIVE_KERNELS","IME_GEMM_INT8_I8I32_8x4_NATIVE","ime_kernel_8x4_zvl256b_lmul1_unroll4",8x4,256b,1,4,INT8_IME,0-3,4,4,1024,1024,1024,32,2,OK,0,NONE,0.127845332,GOPS,16.797513,parallel_tiles_including_required_packing,DISABLED,0,0,"0:cpu0:tiles8;1:cpu1:tiles8;2:cpu2:tiles8;3:cpu3:tiles8","NA",static,0,"NA","NA","/home/bananapi/MAT/kernels riscv rvv 1.0/FINAL/riscv-rvv-ime-gemm-microkernels-updated/HETEROGENEOUS_RVV_IME_OPENMP_GEMM/results/openmp_results_k1-ime_1024_20260904_110726/raw_logs/IME_NATIVE_KERNELS_IME_GEMM_INT8_I8I32_8x4_NATIVE_ime_kernel_8x4_zvl256b_lmul1_unroll4_run2.log",NA,NA,NA,NA,NA,NA,NA
2026-09-04T11:10:02,k1-ime,"IME_NATIVE_KERNELS","IME_GEMM_INT8_I8I32_8x4_NATIVE","ime_kernel_8x4_zvl256b_lmul1_unroll4",8x4,256b,1,4,INT8_IME,0-3,4,4,1024,1024,1024,32,3,OK,0,NONE,0.127523877,GOPS,16.839855,parallel_tiles_including_required_packing,DISABLED,0,0,"0:cpu0:tiles8;1:cpu1:tiles8;2:cpu2:tiles8;3:cpu3:tiles8","NA",static,0,"NA","NA","/home/bananapi/MAT/kernels riscv rvv 1.0/FINAL/riscv-rvv-ime-gemm-microkernels-updated/HETEROGENEOUS_RVV_IME_OPENMP_GEMM/results/openmp_results_k1-ime_1024_20260904_110726/raw_logs/IME_NATIVE_KERNELS_IME_GEMM_INT8_I8I32_8x4_NATIVE_ime_kernel_8x4_zvl256b_lmul1_unroll4_run3.log",NA,NA,NA,NA,NA,NA,NA
2026-09-04T11:10:03,k1-ime,"IME_NATIVE_KERNELS","IME_GEMM_INT8_I8I32_8x4_NATIVE","ime_kernel_8x4_zvl256b_lmul1_unroll4",8x4,256b,1,4,INT8_IME,0-3,4,4,1024,1024,1024,32,4,OK,0,NONE,0.145529460,GOPS,14.756350,parallel_tiles_including_required_packing,DISABLED,0,0,"0:cpu0:tiles8;1:cpu1:tiles8;2:cpu2:tiles8;3:cpu3:tiles8","NA",static,0,"NA","NA","/home/bananapi/MAT/kernels riscv rvv 1.0/FINAL/riscv-rvv-ime-gemm-microkernels-updated/HETEROGENEOUS_RVV_IME_OPENMP_GEMM/results/openmp_results_k1-ime_1024_20260904_110726/raw_logs/IME_NATIVE_KERNELS_IME_GEMM_INT8_I8I32_8x4_NATIVE_ime_kernel_8x4_zvl256b_lmul1_unroll4_run4.log",NA,NA,NA,NA,NA,NA,NA
2026-09-04T11:10:03,k1-ime,"IME_NATIVE_KERNELS","IME_GEMM_INT8_I8I32_8x4_NATIVE","ime_kernel_8x4_zvl256b_lmul1_unroll4",8x4,256b,1,4,INT8_IME,0-3,4,4,1024,1024,1024,32,5,OK,0,NONE,0.143392749,GOPS,14.976236,parallel_tiles_including_required_packing,DISABLED,0,0,"0:cpu0:tiles8;1:cpu1:tiles8;2:cpu2:tiles8;3:cpu3:tiles8","NA",static,0,"NA","NA","/home/bananapi/MAT/kernels riscv rvv 1.0/FINAL/riscv-rvv-ime-gemm-microkernels-updated/HETEROGENEOUS_RVV_IME_OPENMP_GEMM/results/openmp_results_k1-ime_1024_20260904_110726/raw_logs/IME_NATIVE_KERNELS_IME_GEMM_INT8_I8I32_8x4_NATIVE_ime_kernel_8x4_zvl256b_lmul1_unroll4_run5.log",NA,NA,NA,NA,NA,NA,NA
2026-09-04T11:10:04,k1-ime,"IME_NATIVE_KERNELS","IME_GEMM_INT8_I8I32_8x4_NATIVE","ime_kernel_8x4_zvl256b_lmul1_unroll4",8x4,256b,1,4,INT8_IME,0-3,4,4,1024,1024,1024,32,6,OK,0,NONE,0.127383627,GOPS,16.858396,parallel_tiles_including_required_packing,DISABLED,0,0,"0:cpu0:tiles8;1:cpu1:tiles8;2:cpu2:tiles8;3:cpu3:tiles8","NA",static,0,"NA","NA","/home/bananapi/MAT/kernels riscv rvv 1.0/FINAL/riscv-rvv-ime-gemm-microkernels-updated/HETEROGENEOUS_RVV_IME_OPENMP_GEMM/results/openmp_results_k1-ime_1024_20260904_110726/raw_logs/IME_NATIVE_KERNELS_IME_GEMM_INT8_I8I32_8x4_NATIVE_ime_kernel_8x4_zvl256b_lmul1_unroll4_run6.log",NA,NA,NA,NA,NA,NA,NA
2026-09-04T11:10:58,k1-ime,"IME_NATIVE_KERNELS","IME_GEMM_INT8_I8I32_8x4_NATIVE","ime_kernel_8x4_zvl256b_lmul1_unroll8",8x4,256b,1,8,INT8_IME,0-3,4,4,1024,1024,1024,32,1,OK,0,NONE,0.129365832,GOPS,16.600084,parallel_tiles_including_required_packing,INDEPENDENT_INT64_REFERENCE_EXACT_INT32,0,0,"0:cpu0:tiles8;1:cpu1:tiles8;2:cpu2:tiles8;3:cpu3:tiles8","NA",static,0,"NA","NA","/home/bananapi/MAT/kernels riscv rvv 1.0/FINAL/riscv-rvv-ime-gemm-microkernels-updated/HETEROGENEOUS_RVV_IME_OPENMP_GEMM/results/openmp_results_k1-ime_1024_20260904_110726/raw_logs/IME_NATIVE_KERNELS_IME_GEMM_INT8_I8I32_8x4_NATIVE_ime_kernel_8x4_zvl256b_lmul1_unroll8_run1.log",NA,NA,NA,NA,NA,NA,NA
2026-09-04T11:10:58,k1-ime,"IME_NATIVE_KERNELS","IME_GEMM_INT8_I8I32_8x4_NATIVE","ime_kernel_8x4_zvl256b_lmul1_unroll8",8x4,256b,1,8,INT8_IME,0-3,4,4,1024,1024,1024,32,2,OK,0,NONE,0.129764747,GOPS,16.549053,parallel_tiles_including_required_packing,DISABLED,0,0,"0:cpu0:tiles8;1:cpu1:tiles8;2:cpu2:tiles8;3:cpu3:tiles8","NA",static,0,"NA","NA","/home/bananapi/MAT/kernels riscv rvv 1.0/FINAL/riscv-rvv-ime-gemm-microkernels-updated/HETEROGENEOUS_RVV_IME_OPENMP_GEMM/results/openmp_results_k1-ime_1024_20260904_110726/raw_logs/IME_NATIVE_KERNELS_IME_GEMM_INT8_I8I32_8x4_NATIVE_ime_kernel_8x4_zvl256b_lmul1_unroll8_run2.log",NA,NA,NA,NA,NA,NA,NA
2026-09-04T11:10:59,k1-ime,"IME_NATIVE_KERNELS","IME_GEMM_INT8_I8I32_8x4_NATIVE","ime_kernel_8x4_zvl256b_lmul1_unroll8",8x4,256b,1,8,INT8_IME,0-3,4,4,1024,1024,1024,32,3,OK,0,NONE,0.127530750,GOPS,16.838948,parallel_tiles_including_required_packing,DISABLED,0,0,"0:cpu0:tiles8;1:cpu1:tiles8;2:cpu2:tiles8;3:cpu3:tiles8","NA",static,0,"NA","NA","/home/bananapi/MAT/kernels riscv rvv 1.0/FINAL/riscv-rvv-ime-gemm-microkernels-updated/HETEROGENEOUS_RVV_IME_OPENMP_GEMM/results/openmp_results_k1-ime_1024_20260904_110726/raw_logs/IME_NATIVE_KERNELS_IME_GEMM_INT8_I8I32_8x4_NATIVE_ime_kernel_8x4_zvl256b_lmul1_unroll8_run3.log",NA,NA,NA,NA,NA,NA,NA
2026-09-04T11:11:00,k1-ime,"IME_NATIVE_KERNELS","IME_GEMM_INT8_I8I32_8x4_NATIVE","ime_kernel_8x4_zvl256b_lmul1_unroll8",8x4,256b,1,8,INT8_IME,0-3,4,4,1024,1024,1024,32,4,OK,0,NONE,0.140081916,GOPS,15.330199,parallel_tiles_including_required_packing,DISABLED,0,0,"0:cpu0:tiles8;1:cpu1:tiles8;2:cpu2:tiles8;3:cpu3:tiles8","NA",static,0,"NA","NA","/home/bananapi/MAT/kernels riscv rvv 1.0/FINAL/riscv-rvv-ime-gemm-microkernels-updated/HETEROGENEOUS_RVV_IME_OPENMP_GEMM/results/openmp_results_k1-ime_1024_20260904_110726/raw_logs/IME_NATIVE_KERNELS_IME_GEMM_INT8_I8I32_8x4_NATIVE_ime_kernel_8x4_zvl256b_lmul1_unroll8_run4.log",NA,NA,NA,NA,NA,NA,NA
2026-09-04T11:11:00,k1-ime,"IME_NATIVE_KERNELS","IME_GEMM_INT8_I8I32_8x4_NATIVE","ime_kernel_8x4_zvl256b_lmul1_unroll8",8x4,256b,1,8,INT8_IME,0-3,4,4,1024,1024,1024,32,5,OK,0,NONE,0.129701082,GOPS,16.557176,parallel_tiles_including_required_packing,DISABLED,0,0,"0:cpu0:tiles8;1:cpu1:tiles8;2:cpu2:tiles8;3:cpu3:tiles8","NA",static,0,"NA","NA","/home/bananapi/MAT/kernels riscv rvv 1.0/FINAL/riscv-rvv-ime-gemm-microkernels-updated/HETEROGENEOUS_RVV_IME_OPENMP_GEMM/results/openmp_results_k1-ime_1024_20260904_110726/raw_logs/IME_NATIVE_KERNELS_IME_GEMM_INT8_I8I32_8x4_NATIVE_ime_kernel_8x4_zvl256b_lmul1_unroll8_run5.log",NA,NA,NA,NA,NA,NA,NA
2026-09-04T11:11:01,k1-ime,"IME_NATIVE_KERNELS","IME_GEMM_INT8_I8I32_8x4_NATIVE","ime_kernel_8x4_zvl256b_lmul1_unroll8",8x4,256b,1,8,INT8_IME,0-3,4,4,1024,1024,1024,32,6,OK,0,NONE,0.128674209,GOPS,16.689309,parallel_tiles_including_required_packing,DISABLED,0,0,"0:cpu0:tiles8;1:cpu1:tiles8;2:cpu2:tiles8;3:cpu3:tiles8","NA",static,0,"NA","NA","/home/bananapi/MAT/kernels riscv rvv 1.0/FINAL/riscv-rvv-ime-gemm-microkernels-updated/HETEROGENEOUS_RVV_IME_OPENMP_GEMM/results/openmp_results_k1-ime_1024_20260904_110726/raw_logs/IME_NATIVE_KERNELS_IME_GEMM_INT8_I8I32_8x4_NATIVE_ime_kernel_8x4_zvl256b_lmul1_unroll8_run6.log",NA,NA,NA,NA,NA,NA,NA
2026-09-04T11:11:39,k1-ime,"IME_NATIVE_KERNELS","IME_GEMM_INT8_I8I32_8x8_NATIVE","ime_kernel_8x8_zvl256b_lmul1_unroll1",8x8,256b,1,1,INT8_IME,0-3,4,4,1024,1024,1024,32,1,OK,0,NONE,0.132761542,GOPS,16.175495,parallel_tiles_including_required_packing,INDEPENDENT_INT64_REFERENCE_EXACT_INT32,0,0,"0:cpu0:tiles8;1:cpu1:tiles8;2:cpu2:tiles8;3:cpu3:tiles8","NA",static,0,"NA","NA","/home/bananapi/MAT/kernels riscv rvv 1.0/FINAL/riscv-rvv-ime-gemm-microkernels-updated/HETEROGENEOUS_RVV_IME_OPENMP_GEMM/results/openmp_results_k1-ime_1024_20260904_110726/raw_logs/IME_NATIVE_KERNELS_IME_GEMM_INT8_I8I32_8x8_NATIVE_ime_kernel_8x8_zvl256b_lmul1_unroll1_run1.log",NA,NA,NA,NA,NA,NA,NA
2026-09-04T11:11:40,k1-ime,"IME_NATIVE_KERNELS","IME_GEMM_INT8_I8I32_8x8_NATIVE","ime_kernel_8x8_zvl256b_lmul1_unroll1",8x8,256b,1,1,INT8_IME,0-3,4,4,1024,1024,1024,32,2,OK,0,NONE,0.112851501,GOPS,19.029287,parallel_tiles_including_required_packing,DISABLED,0,0,"0:cpu0:tiles8;1:cpu1:tiles8;2:cpu2:tiles8;3:cpu3:tiles8","NA",static,0,"NA","NA","/home/bananapi/MAT/kernels riscv rvv 1.0/FINAL/riscv-rvv-ime-gemm-microkernels-updated/HETEROGENEOUS_RVV_IME_OPENMP_GEMM/results/openmp_results_k1-ime_1024_20260904_110726/raw_logs/IME_NATIVE_KERNELS_IME_GEMM_INT8_I8I32_8x8_NATIVE_ime_kernel_8x8_zvl256b_lmul1_unroll1_run2.log",NA,NA,NA,NA,NA,NA,NA
2026-09-04T11:11:40,k1-ime,"IME_NATIVE_KERNELS","IME_GEMM_INT8_I8I32_8x8_NATIVE","ime_kernel_8x8_zvl256b_lmul1_unroll1",8x8,256b,1,1,INT8_IME,0-3,4,4,1024,1024,1024,32,3,OK,0,NONE,0.105517875,GOPS,20.351847,parallel_tiles_including_required_packing,DISABLED,0,0,"0:cpu0:tiles8;1:cpu1:tiles8;2:cpu2:tiles8;3:cpu3:tiles8","NA",static,0,"NA","NA","/home/bananapi/MAT/kernels riscv rvv 1.0/FINAL/riscv-rvv-ime-gemm-microkernels-updated/HETEROGENEOUS_RVV_IME_OPENMP_GEMM/results/openmp_results_k1-ime_1024_20260904_110726/raw_logs/IME_NATIVE_KERNELS_IME_GEMM_INT8_I8I32_8x8_NATIVE_ime_kernel_8x8_zvl256b_lmul1_unroll1_run3.log",NA,NA,NA,NA,NA,NA,NA
2026-09-04T11:11:41,k1-ime,"IME_NATIVE_KERNELS","IME_GEMM_INT8_I8I32_8x8_NATIVE","ime_kernel_8x8_zvl256b_lmul1_unroll1",8x8,256b,1,1,INT8_IME,0-3,4,4,1024,1024,1024,32,4,OK,0,NONE,0.108624626,GOPS,19.769768,parallel_tiles_including_required_packing,DISABLED,0,0,"0:cpu0:tiles8;1:cpu1:tiles8;2:cpu2:tiles8;3:cpu3:tiles8","NA",static,0,"NA","NA","/home/bananapi/MAT/kernels riscv rvv 1.0/FINAL/riscv-rvv-ime-gemm-microkernels-updated/HETEROGENEOUS_RVV_IME_OPENMP_GEMM/results/openmp_results_k1-ime_1024_20260904_110726/raw_logs/IME_NATIVE_KERNELS_IME_GEMM_INT8_I8I32_8x8_NATIVE_ime_kernel_8x8_zvl256b_lmul1_unroll1_run4.log",NA,NA,NA,NA,NA,NA,NA
2026-09-04T11:11:41,k1-ime,"IME_NATIVE_KERNELS","IME_GEMM_INT8_I8I32_8x8_NATIVE","ime_kernel_8x8_zvl256b_lmul1_unroll1",8x8,256b,1,1,INT8_IME,0-3,4,4,1024,1024,1024,32,5,OK,0,NONE,0.138355833,GOPS,15.521454,parallel_tiles_including_required_packing,DISABLED,0,0,"0:cpu0:tiles8;1:cpu1:tiles8;2:cpu2:tiles8;3:cpu3:tiles8","NA",static,0,"NA","NA","/home/bananapi/MAT/kernels riscv rvv 1.0/FINAL/riscv-rvv-ime-gemm-microkernels-updated/HETEROGENEOUS_RVV_IME_OPENMP_GEMM/results/openmp_results_k1-ime_1024_20260904_110726/raw_logs/IME_NATIVE_KERNELS_IME_GEMM_INT8_I8I32_8x8_NATIVE_ime_kernel_8x8_zvl256b_lmul1_unroll1_run5.log",NA,NA,NA,NA,NA,NA,NA
2026-09-04T11:11:42,k1-ime,"IME_NATIVE_KERNELS","IME_GEMM_INT8_I8I32_8x8_NATIVE","ime_kernel_8x8_zvl256b_lmul1_unroll1",8x8,256b,1,1,INT8_IME,0-3,4,4,1024,1024,1024,32,6,OK,0,NONE,0.105752040,GOPS,20.306782,parallel_tiles_including_required_packing,DISABLED,0,0,"0:cpu0:tiles8;1:cpu1:tiles8;2:cpu2:tiles8;3:cpu3:tiles8","NA",static,0,"NA","NA","/home/bananapi/MAT/kernels riscv rvv 1.0/FINAL/riscv-rvv-ime-gemm-microkernels-updated/HETEROGENEOUS_RVV_IME_OPENMP_GEMM/results/openmp_results_k1-ime_1024_20260904_110726/raw_logs/IME_NATIVE_KERNELS_IME_GEMM_INT8_I8I32_8x8_NATIVE_ime_kernel_8x8_zvl256b_lmul1_unroll1_run6.log",NA,NA,NA,NA,NA,NA,NA
2026-09-04T11:12:21,k1-ime,"IME_NATIVE_KERNELS","IME_GEMM_INT8_I8I32_8x8_NATIVE","ime_kernel_8x8_zvl256b_lmul1_unroll2",8x8,256b,1,2,INT8_IME,0-3,4,4,1024,1024,1024,32,1,OK,0,NONE,0.132574208,GOPS,16.198352,parallel_tiles_including_required_packing,INDEPENDENT_INT64_REFERENCE_EXACT_INT32,0,0,"0:cpu0:tiles8;1:cpu1:tiles8;2:cpu2:tiles8;3:cpu3:tiles8","NA",static,0,"NA","NA","/home/bananapi/MAT/kernels riscv rvv 1.0/FINAL/riscv-rvv-ime-gemm-microkernels-updated/HETEROGENEOUS_RVV_IME_OPENMP_GEMM/results/openmp_results_k1-ime_1024_20260904_110726/raw_logs/IME_NATIVE_KERNELS_IME_GEMM_INT8_I8I32_8x8_NATIVE_ime_kernel_8x8_zvl256b_lmul1_unroll2_run1.log",NA,NA,NA,NA,NA,NA,NA
2026-09-04T11:12:21,k1-ime,"IME_NATIVE_KERNELS","IME_GEMM_INT8_I8I32_8x8_NATIVE","ime_kernel_8x8_zvl256b_lmul1_unroll2",8x8,256b,1,2,INT8_IME,0-3,4,4,1024,1024,1024,32,2,OK,0,NONE,0.139234874,GOPS,15.423461,parallel_tiles_including_required_packing,DISABLED,0,0,"0:cpu0:tiles8;1:cpu1:tiles8;2:cpu2:tiles8;3:cpu3:tiles8","NA",static,0,"NA","NA","/home/bananapi/MAT/kernels riscv rvv 1.0/FINAL/riscv-rvv-ime-gemm-microkernels-updated/HETEROGENEOUS_RVV_IME_OPENMP_GEMM/results/openmp_results_k1-ime_1024_20260904_110726/raw_logs/IME_NATIVE_KERNELS_IME_GEMM_INT8_I8I32_8x8_NATIVE_ime_kernel_8x8_zvl256b_lmul1_unroll2_run2.log",NA,NA,NA,NA,NA,NA,NA
2026-09-04T11:12:22,k1-ime,"IME_NATIVE_KERNELS","IME_GEMM_INT8_I8I32_8x8_NATIVE","ime_kernel_8x8_zvl256b_lmul1_unroll2",8x8,256b,1,2,INT8_IME,0-3,4,4,1024,1024,1024,32,3,OK,0,NONE,0.140213747,GOPS,15.315785,parallel_tiles_including_required_packing,DISABLED,0,0,"0:cpu0:tiles8;1:cpu1:tiles8;2:cpu2:tiles8;3:cpu3:tiles8","NA",static,0,"NA","NA","/home/bananapi/MAT/kernels riscv rvv 1.0/FINAL/riscv-rvv-ime-gemm-microkernels-updated/HETEROGENEOUS_RVV_IME_OPENMP_GEMM/results/openmp_results_k1-ime_1024_20260904_110726/raw_logs/IME_NATIVE_KERNELS_IME_GEMM_INT8_I8I32_8x8_NATIVE_ime_kernel_8x8_zvl256b_lmul1_unroll2_run3.log",NA,NA,NA,NA,NA,NA,NA
2026-09-04T11:12:22,k1-ime,"IME_NATIVE_KERNELS","IME_GEMM_INT8_I8I32_8x8_NATIVE","ime_kernel_8x8_zvl256b_lmul1_unroll2",8x8,256b,1,2,INT8_IME,0-3,4,4,1024,1024,1024,32,4,OK,0,NONE,0.139099587,GOPS,15.438462,parallel_tiles_including_required_packing,DISABLED,0,0,"0:cpu0:tiles8;1:cpu1:tiles8;2:cpu2:tiles8;3:cpu3:tiles8","NA",static,0,"NA","NA","/home/bananapi/MAT/kernels riscv rvv 1.0/FINAL/riscv-rvv-ime-gemm-microkernels-updated/HETEROGENEOUS_RVV_IME_OPENMP_GEMM/results/openmp_results_k1-ime_1024_20260904_110726/raw_logs/IME_NATIVE_KERNELS_IME_GEMM_INT8_I8I32_8x8_NATIVE_ime_kernel_8x8_zvl256b_lmul1_unroll2_run4.log",NA,NA,NA,NA,NA,NA,NA
2026-09-04T11:12:23,k1-ime,"IME_NATIVE_KERNELS","IME_GEMM_INT8_I8I32_8x8_NATIVE","ime_kernel_8x8_zvl256b_lmul1_unroll2",8x8,256b,1,2,INT8_IME,0-3,4,4,1024,1024,1024,32,5,OK,0,NONE,0.106658749,GOPS,20.134154,parallel_tiles_including_required_packing,DISABLED,0,0,"0:cpu0:tiles8;1:cpu1:tiles8;2:cpu2:tiles8;3:cpu3:tiles8","NA",static,0,"NA","NA","/home/bananapi/MAT/kernels riscv rvv 1.0/FINAL/riscv-rvv-ime-gemm-microkernels-updated/HETEROGENEOUS_RVV_IME_OPENMP_GEMM/results/openmp_results_k1-ime_1024_20260904_110726/raw_logs/IME_NATIVE_KERNELS_IME_GEMM_INT8_I8I32_8x8_NATIVE_ime_kernel_8x8_zvl256b_lmul1_unroll2_run5.log",NA,NA,NA,NA,NA,NA,NA
2026-09-04T11:12:23,k1-ime,"IME_NATIVE_KERNELS","IME_GEMM_INT8_I8I32_8x8_NATIVE","ime_kernel_8x8_zvl256b_lmul1_unroll2",8x8,256b,1,2,INT8_IME,0-3,4,4,1024,1024,1024,32,6,OK,0,NONE,0.107099622,GOPS,20.051272,parallel_tiles_including_required_packing,DISABLED,0,0,"0:cpu0:tiles8;1:cpu1:tiles8;2:cpu2:tiles8;3:cpu3:tiles8","NA",static,0,"NA","NA","/home/bananapi/MAT/kernels riscv rvv 1.0/FINAL/riscv-rvv-ime-gemm-microkernels-updated/HETEROGENEOUS_RVV_IME_OPENMP_GEMM/results/openmp_results_k1-ime_1024_20260904_110726/raw_logs/IME_NATIVE_KERNELS_IME_GEMM_INT8_I8I32_8x8_NATIVE_ime_kernel_8x8_zvl256b_lmul1_unroll2_run6.log",NA,NA,NA,NA,NA,NA,NA
2026-09-04T11:13:02,k1-ime,"IME_NATIVE_KERNELS","IME_GEMM_INT8_I8I32_8x8_NATIVE","ime_kernel_8x8_zvl256b_lmul1_unroll4",8x8,256b,1,4,INT8_IME,0-3,4,4,1024,1024,1024,32,1,OK,0,NONE,0.142735872,GOPS,15.045157,parallel_tiles_including_required_packing,INDEPENDENT_INT64_REFERENCE_EXACT_INT32,0,0,"0:cpu0:tiles8;1:cpu1:tiles8;2:cpu2:tiles8;3:cpu3:tiles8","NA",static,0,"NA","NA","/home/bananapi/MAT/kernels riscv rvv 1.0/FINAL/riscv-rvv-ime-gemm-microkernels-updated/HETEROGENEOUS_RVV_IME_OPENMP_GEMM/results/openmp_results_k1-ime_1024_20260904_110726/raw_logs/IME_NATIVE_KERNELS_IME_GEMM_INT8_I8I32_8x8_NATIVE_ime_kernel_8x8_zvl256b_lmul1_unroll4_run1.log",NA,NA,NA,NA,NA,NA,NA
2026-09-04T11:13:03,k1-ime,"IME_NATIVE_KERNELS","IME_GEMM_INT8_I8I32_8x8_NATIVE","ime_kernel_8x8_zvl256b_lmul1_unroll4",8x8,256b,1,4,INT8_IME,0-3,4,4,1024,1024,1024,32,2,OK,0,NONE,0.103305209,GOPS,20.787758,parallel_tiles_including_required_packing,DISABLED,0,0,"0:cpu0:tiles8;1:cpu1:tiles8;2:cpu2:tiles8;3:cpu3:tiles8","NA",static,0,"NA","NA","/home/bananapi/MAT/kernels riscv rvv 1.0/FINAL/riscv-rvv-ime-gemm-microkernels-updated/HETEROGENEOUS_RVV_IME_OPENMP_GEMM/results/openmp_results_k1-ime_1024_20260904_110726/raw_logs/IME_NATIVE_KERNELS_IME_GEMM_INT8_I8I32_8x8_NATIVE_ime_kernel_8x8_zvl256b_lmul1_unroll4_run2.log",NA,NA,NA,NA,NA,NA,NA
2026-09-04T11:13:03,k1-ime,"IME_NATIVE_KERNELS","IME_GEMM_INT8_I8I32_8x8_NATIVE","ime_kernel_8x8_zvl256b_lmul1_unroll4",8x8,256b,1,4,INT8_IME,0-3,4,4,1024,1024,1024,32,3,OK,0,NONE,0.116289169,GOPS,18.466756,parallel_tiles_including_required_packing,DISABLED,0,0,"0:cpu0:tiles8;1:cpu1:tiles8;2:cpu2:tiles8;3:cpu3:tiles8","NA",static,0,"NA","NA","/home/bananapi/MAT/kernels riscv rvv 1.0/FINAL/riscv-rvv-ime-gemm-microkernels-updated/HETEROGENEOUS_RVV_IME_OPENMP_GEMM/results/openmp_results_k1-ime_1024_20260904_110726/raw_logs/IME_NATIVE_KERNELS_IME_GEMM_INT8_I8I32_8x8_NATIVE_ime_kernel_8x8_zvl256b_lmul1_unroll4_run3.log",NA,NA,NA,NA,NA,NA,NA
2026-09-04T11:13:04,k1-ime,"IME_NATIVE_KERNELS","IME_GEMM_INT8_I8I32_8x8_NATIVE","ime_kernel_8x8_zvl256b_lmul1_unroll4",8x8,256b,1,4,INT8_IME,0-3,4,4,1024,1024,1024,32,4,OK,0,NONE,0.101159669,GOPS,21.228654,parallel_tiles_including_required_packing,DISABLED,0,0,"0:cpu0:tiles8;1:cpu1:tiles8;2:cpu2:tiles8;3:cpu3:tiles8","NA",static,0,"NA","NA","/home/bananapi/MAT/kernels riscv rvv 1.0/FINAL/riscv-rvv-ime-gemm-microkernels-updated/HETEROGENEOUS_RVV_IME_OPENMP_GEMM/results/openmp_results_k1-ime_1024_20260904_110726/raw_logs/IME_NATIVE_KERNELS_IME_GEMM_INT8_I8I32_8x8_NATIVE_ime_kernel_8x8_zvl256b_lmul1_unroll4_run4.log",NA,NA,NA,NA,NA,NA,NA
2026-09-04T11:13:04,k1-ime,"IME_NATIVE_KERNELS","IME_GEMM_INT8_I8I32_8x8_NATIVE","ime_kernel_8x8_zvl256b_lmul1_unroll4",8x8,256b,1,4,INT8_IME,0-3,4,4,1024,1024,1024,32,5,OK,0,NONE,0.104053292,GOPS,20.638306,parallel_tiles_including_required_packing,DISABLED,0,0,"0:cpu0:tiles8;1:cpu1:tiles8;2:cpu2:tiles8;3:cpu3:tiles8","NA",static,0,"NA","NA","/home/bananapi/MAT/kernels riscv rvv 1.0/FINAL/riscv-rvv-ime-gemm-microkernels-updated/HETEROGENEOUS_RVV_IME_OPENMP_GEMM/results/openmp_results_k1-ime_1024_20260904_110726/raw_logs/IME_NATIVE_KERNELS_IME_GEMM_INT8_I8I32_8x8_NATIVE_ime_kernel_8x8_zvl256b_lmul1_unroll4_run5.log",NA,NA,NA,NA,NA,NA,NA
2026-09-04T11:13:05,k1-ime,"IME_NATIVE_KERNELS","IME_GEMM_INT8_I8I32_8x8_NATIVE","ime_kernel_8x8_zvl256b_lmul1_unroll4",8x8,256b,1,4,INT8_IME,0-3,4,4,1024,1024,1024,32,6,OK,0,NONE,0.131739791,GOPS,16.300949,parallel_tiles_including_required_packing,DISABLED,0,0,"0:cpu0:tiles8;1:cpu1:tiles8;2:cpu2:tiles8;3:cpu3:tiles8","NA",static,0,"NA","NA","/home/bananapi/MAT/kernels riscv rvv 1.0/FINAL/riscv-rvv-ime-gemm-microkernels-updated/HETEROGENEOUS_RVV_IME_OPENMP_GEMM/results/openmp_results_k1-ime_1024_20260904_110726/raw_logs/IME_NATIVE_KERNELS_IME_GEMM_INT8_I8I32_8x8_NATIVE_ime_kernel_8x8_zvl256b_lmul1_unroll4_run6.log",NA,NA,NA,NA,NA,NA,NA
2026-09-04T11:13:58,k1-ime,"IME_NATIVE_KERNELS","IME_GEMM_INT8_I8I32_8x8_NATIVE","ime_kernel_8x8_zvl256b_lmul1_unroll8",8x8,256b,1,8,INT8_IME,0-3,4,4,1024,1024,1024,32,1,OK,0,NONE,0.109059330,GOPS,19.690967,parallel_tiles_including_required_packing,INDEPENDENT_INT64_REFERENCE_EXACT_INT32,0,0,"0:cpu0:tiles8;1:cpu1:tiles8;2:cpu2:tiles8;3:cpu3:tiles8","NA",static,0,"NA","NA","/home/bananapi/MAT/kernels riscv rvv 1.0/FINAL/riscv-rvv-ime-gemm-microkernels-updated/HETEROGENEOUS_RVV_IME_OPENMP_GEMM/results/openmp_results_k1-ime_1024_20260904_110726/raw_logs/IME_NATIVE_KERNELS_IME_GEMM_INT8_I8I32_8x8_NATIVE_ime_kernel_8x8_zvl256b_lmul1_unroll8_run1.log",NA,NA,NA,NA,NA,NA,NA
2026-09-04T11:13:58,k1-ime,"IME_NATIVE_KERNELS","IME_GEMM_INT8_I8I32_8x8_NATIVE","ime_kernel_8x8_zvl256b_lmul1_unroll8",8x8,256b,1,8,INT8_IME,0-3,4,4,1024,1024,1024,32,2,OK,0,NONE,0.133461416,GOPS,16.090670,parallel_tiles_including_required_packing,DISABLED,0,0,"0:cpu0:tiles8;1:cpu1:tiles8;2:cpu2:tiles8;3:cpu3:tiles8","NA",static,0,"NA","NA","/home/bananapi/MAT/kernels riscv rvv 1.0/FINAL/riscv-rvv-ime-gemm-microkernels-updated/HETEROGENEOUS_RVV_IME_OPENMP_GEMM/results/openmp_results_k1-ime_1024_20260904_110726/raw_logs/IME_NATIVE_KERNELS_IME_GEMM_INT8_I8I32_8x8_NATIVE_ime_kernel_8x8_zvl256b_lmul1_unroll8_run2.log",NA,NA,NA,NA,NA,NA,NA
2026-09-04T11:13:59,k1-ime,"IME_NATIVE_KERNELS","IME_GEMM_INT8_I8I32_8x8_NATIVE","ime_kernel_8x8_zvl256b_lmul1_unroll8",8x8,256b,1,8,INT8_IME,0-3,4,4,1024,1024,1024,32,3,OK,0,NONE,0.130097669,GOPS,16.506704,parallel_tiles_including_required_packing,DISABLED,0,0,"0:cpu0:tiles8;1:cpu1:tiles8;2:cpu2:tiles8;3:cpu3:tiles8","NA",static,0,"NA","NA","/home/bananapi/MAT/kernels riscv rvv 1.0/FINAL/riscv-rvv-ime-gemm-microkernels-updated/HETEROGENEOUS_RVV_IME_OPENMP_GEMM/results/openmp_results_k1-ime_1024_20260904_110726/raw_logs/IME_NATIVE_KERNELS_IME_GEMM_INT8_I8I32_8x8_NATIVE_ime_kernel_8x8_zvl256b_lmul1_unroll8_run3.log",NA,NA,NA,NA,NA,NA,NA
2026-09-04T11:13:59,k1-ime,"IME_NATIVE_KERNELS","IME_GEMM_INT8_I8I32_8x8_NATIVE","ime_kernel_8x8_zvl256b_lmul1_unroll8",8x8,256b,1,8,INT8_IME,0-3,4,4,1024,1024,1024,32,4,OK,0,NONE,0.142331753,GOPS,15.087875,parallel_tiles_including_required_packing,DISABLED,0,0,"0:cpu0:tiles8;1:cpu1:tiles8;2:cpu2:tiles8;3:cpu3:tiles8","NA",static,0,"NA","NA","/home/bananapi/MAT/kernels riscv rvv 1.0/FINAL/riscv-rvv-ime-gemm-microkernels-updated/HETEROGENEOUS_RVV_IME_OPENMP_GEMM/results/openmp_results_k1-ime_1024_20260904_110726/raw_logs/IME_NATIVE_KERNELS_IME_GEMM_INT8_I8I32_8x8_NATIVE_ime_kernel_8x8_zvl256b_lmul1_unroll8_run4.log",NA,NA,NA,NA,NA,NA,NA
2026-09-04T11:14:00,k1-ime,"IME_NATIVE_KERNELS","IME_GEMM_INT8_I8I32_8x8_NATIVE","ime_kernel_8x8_zvl256b_lmul1_unroll8",8x8,256b,1,8,INT8_IME,0-3,4,4,1024,1024,1024,32,5,OK,0,NONE,0.110380750,GOPS,19.455237,parallel_tiles_including_required_packing,DISABLED,0,0,"0:cpu0:tiles8;1:cpu1:tiles8;2:cpu2:tiles8;3:cpu3:tiles8","NA",static,0,"NA","NA","/home/bananapi/MAT/kernels riscv rvv 1.0/FINAL/riscv-rvv-ime-gemm-microkernels-updated/HETEROGENEOUS_RVV_IME_OPENMP_GEMM/results/openmp_results_k1-ime_1024_20260904_110726/raw_logs/IME_NATIVE_KERNELS_IME_GEMM_INT8_I8I32_8x8_NATIVE_ime_kernel_8x8_zvl256b_lmul1_unroll8_run5.log",NA,NA,NA,NA,NA,NA,NA
2026-09-04T11:14:00,k1-ime,"IME_NATIVE_KERNELS","IME_GEMM_INT8_I8I32_8x8_NATIVE","ime_kernel_8x8_zvl256b_lmul1_unroll8",8x8,256b,1,8,INT8_IME,0-3,4,4,1024,1024,1024,32,6,OK,0,NONE,0.134031169,GOPS,16.022271,parallel_tiles_including_required_packing,DISABLED,0,0,"0:cpu0:tiles8;1:cpu1:tiles8;2:cpu2:tiles8;3:cpu3:tiles8","NA",static,0,"NA","NA","/home/bananapi/MAT/kernels riscv rvv 1.0/FINAL/riscv-rvv-ime-gemm-microkernels-updated/HETEROGENEOUS_RVV_IME_OPENMP_GEMM/results/openmp_results_k1-ime_1024_20260904_110726/raw_logs/IME_NATIVE_KERNELS_IME_GEMM_INT8_I8I32_8x8_NATIVE_ime_kernel_8x8_zvl256b_lmul1_unroll8_run6.log",NA,NA,NA,NA,NA,NA,NA
2026-09-04T11:14:18,k1-mixed-rvv-ime,"IME_NATIVE_KERNELS","IME_GEMM_INT8_I8I32_8x4_NATIVE","ime_kernel_8x4_zvl256b_lmul1_unroll1",8x4,256b,1,1,INT8_MIXED,0-7-mixed-rvv-ime,8,NA,1024,1024,1024,32,0,BUILD_FAILED,NA,BUILD,NA,NA,NA,NA,NA,NA,NA,NA,NA,static,0,NA,"igemm_kernel_8x4_zvl256b_lmul1_unroll1","/home/bananapi/MAT/kernels riscv rvv 1.0/FINAL/riscv-rvv-ime-gemm-microkernels-updated/HETEROGENEOUS_RVV_IME_OPENMP_GEMM/results/openmp_results_k1-mixed-rvv-ime-static_1024_20260904_111401/raw_logs/IME_NATIVE_KERNELS_IME_GEMM_INT8_I8I32_8x4_NATIVE_ime_kernel_8x4_zvl256b_lmul1_unroll1_build.log",NA,NA,NA,NA,NA,NA,NA
2026-09-04T11:14:32,k1-mixed-rvv-ime,"IME_NATIVE_KERNELS","IME_GEMM_INT8_I8I32_8x4_NATIVE","ime_kernel_8x4_zvl256b_lmul1_unroll2",8x4,256b,1,2,INT8_MIXED,0-7-mixed-rvv-ime,8,NA,1024,1024,1024,32,0,BUILD_FAILED,NA,BUILD,NA,NA,NA,NA,NA,NA,NA,NA,NA,static,0,NA,"igemm_kernel_8x4_zvl256b_lmul1_unroll2","/home/bananapi/MAT/kernels riscv rvv 1.0/FINAL/riscv-rvv-ime-gemm-microkernels-updated/HETEROGENEOUS_RVV_IME_OPENMP_GEMM/results/openmp_results_k1-mixed-rvv-ime-static_1024_20260904_111401/raw_logs/IME_NATIVE_KERNELS_IME_GEMM_INT8_I8I32_8x4_NATIVE_ime_kernel_8x4_zvl256b_lmul1_unroll2_build.log",NA,NA,NA,NA,NA,NA,NA
2026-09-04T11:14:46,k1-mixed-rvv-ime,"IME_NATIVE_KERNELS","IME_GEMM_INT8_I8I32_8x4_NATIVE","ime_kernel_8x4_zvl256b_lmul1_unroll4",8x4,256b,1,4,INT8_MIXED,0-7-mixed-rvv-ime,8,NA,1024,1024,1024,32,0,BUILD_FAILED,NA,BUILD,NA,NA,NA,NA,NA,NA,NA,NA,NA,static,0,NA,"igemm_kernel_8x4_zvl256b_lmul1_unroll4","/home/bananapi/MAT/kernels riscv rvv 1.0/FINAL/riscv-rvv-ime-gemm-microkernels-updated/HETEROGENEOUS_RVV_IME_OPENMP_GEMM/results/openmp_results_k1-mixed-rvv-ime-static_1024_20260904_111401/raw_logs/IME_NATIVE_KERNELS_IME_GEMM_INT8_I8I32_8x4_NATIVE_ime_kernel_8x4_zvl256b_lmul1_unroll4_build.log",NA,NA,NA,NA,NA,NA,NA
2026-09-04T11:15:01,k1-mixed-rvv-ime,"IME_NATIVE_KERNELS","IME_GEMM_INT8_I8I32_8x4_NATIVE","ime_kernel_8x4_zvl256b_lmul1_unroll8",8x4,256b,1,8,INT8_MIXED,0-7-mixed-rvv-ime,8,NA,1024,1024,1024,32,0,BUILD_FAILED,NA,BUILD,NA,NA,NA,NA,NA,NA,NA,NA,NA,static,0,NA,"igemm_kernel_8x4_zvl256b_lmul1_unroll8","/home/bananapi/MAT/kernels riscv rvv 1.0/FINAL/riscv-rvv-ime-gemm-microkernels-updated/HETEROGENEOUS_RVV_IME_OPENMP_GEMM/results/openmp_results_k1-mixed-rvv-ime-static_1024_20260904_111401/raw_logs/IME_NATIVE_KERNELS_IME_GEMM_INT8_I8I32_8x4_NATIVE_ime_kernel_8x4_zvl256b_lmul1_unroll8_build.log",NA,NA,NA,NA,NA,NA,NA
2026-09-04T11:15:37,k1-mixed-rvv-ime,"IME_NATIVE_KERNELS","IME_GEMM_INT8_I8I32_8x8_NATIVE","ime_kernel_8x8_zvl256b_lmul1_unroll1",8x8,256b,1,1,INT8_MIXED,0-7-mixed-rvv-ime,8,8,1024,1024,1024,32,1,OK,0,NONE,0.108716875,GOPS,19.752993,parallel_tiles_including_required_packing,INDEPENDENT_INT64_REFERENCE_EXACT_INT32,0,0,"0:cpu0:IME:tiles7;1:cpu1:IME:tiles7;2:cpu2:IME:tiles6;3:cpu3:IME:tiles6;4:cpu4:RVV:tiles2;5:cpu5:RVV:tiles2;6:cpu6:RVV:tiles1;7:cpu7:RVV:tiles1","IME:26;RVV:6",static,0,"IME:26;RVV:6","igemm_kernel_8x8_zvl256b_lmul1_unroll1","/home/bananapi/MAT/kernels riscv rvv 1.0/FINAL/riscv-rvv-ime-gemm-microkernels-updated/HETEROGENEOUS_RVV_IME_OPENMP_GEMM/results/openmp_results_k1-mixed-rvv-ime-static_1024_20260904_111401/raw_logs/IME_NATIVE_KERNELS_IME_GEMM_INT8_I8I32_8x8_NATIVE_ime_kernel_8x8_zvl256b_lmul1_unroll1_run1.log",NA,NA,NA,NA,NA,NA,NA
2026-09-04T11:15:38,k1-mixed-rvv-ime,"IME_NATIVE_KERNELS","IME_GEMM_INT8_I8I32_8x8_NATIVE","ime_kernel_8x8_zvl256b_lmul1_unroll1",8x8,256b,1,1,INT8_MIXED,0-7-mixed-rvv-ime,8,8,1024,1024,1024,32,2,OK,0,NONE,0.097881585,GOPS,21.939608,parallel_tiles_including_required_packing,DISABLED,0,0,"0:cpu0:IME:tiles7;1:cpu1:IME:tiles7;2:cpu2:IME:tiles6;3:cpu3:IME:tiles6;4:cpu4:RVV:tiles2;5:cpu5:RVV:tiles2;6:cpu6:RVV:tiles1;7:cpu7:RVV:tiles1","IME:26;RVV:6",static,0,"IME:26;RVV:6","igemm_kernel_8x8_zvl256b_lmul1_unroll1","/home/bananapi/MAT/kernels riscv rvv 1.0/FINAL/riscv-rvv-ime-gemm-microkernels-updated/HETEROGENEOUS_RVV_IME_OPENMP_GEMM/results/openmp_results_k1-mixed-rvv-ime-static_1024_20260904_111401/raw_logs/IME_NATIVE_KERNELS_IME_GEMM_INT8_I8I32_8x8_NATIVE_ime_kernel_8x8_zvl256b_lmul1_unroll1_run2.log",NA,NA,NA,NA,NA,NA,NA
2026-09-04T11:15:38,k1-mixed-rvv-ime,"IME_NATIVE_KERNELS","IME_GEMM_INT8_I8I32_8x8_NATIVE","ime_kernel_8x8_zvl256b_lmul1_unroll1",8x8,256b,1,1,INT8_MIXED,0-7-mixed-rvv-ime,8,8,1024,1024,1024,32,3,OK,0,NONE,0.100470208,GOPS,21.374333,parallel_tiles_including_required_packing,DISABLED,0,0,"0:cpu0:IME:tiles7;1:cpu1:IME:tiles7;2:cpu2:IME:tiles6;3:cpu3:IME:tiles6;4:cpu4:RVV:tiles2;5:cpu5:RVV:tiles2;6:cpu6:RVV:tiles1;7:cpu7:RVV:tiles1","IME:26;RVV:6",static,0,"IME:26;RVV:6","igemm_kernel_8x8_zvl256b_lmul1_unroll1","/home/bananapi/MAT/kernels riscv rvv 1.0/FINAL/riscv-rvv-ime-gemm-microkernels-updated/HETEROGENEOUS_RVV_IME_OPENMP_GEMM/results/openmp_results_k1-mixed-rvv-ime-static_1024_20260904_111401/raw_logs/IME_NATIVE_KERNELS_IME_GEMM_INT8_I8I32_8x8_NATIVE_ime_kernel_8x8_zvl256b_lmul1_unroll1_run3.log",NA,NA,NA,NA,NA,NA,NA
2026-09-04T11:15:39,k1-mixed-rvv-ime,"IME_NATIVE_KERNELS","IME_GEMM_INT8_I8I32_8x8_NATIVE","ime_kernel_8x8_zvl256b_lmul1_unroll1",8x8,256b,1,1,INT8_MIXED,0-7-mixed-rvv-ime,8,8,1024,1024,1024,32,4,OK,0,NONE,0.100678500,GOPS,21.330112,parallel_tiles_including_required_packing,DISABLED,0,0,"0:cpu0:IME:tiles7;1:cpu1:IME:tiles7;2:cpu2:IME:tiles6;3:cpu3:IME:tiles6;4:cpu4:RVV:tiles2;5:cpu5:RVV:tiles2;6:cpu6:RVV:tiles1;7:cpu7:RVV:tiles1","IME:26;RVV:6",static,0,"IME:26;RVV:6","igemm_kernel_8x8_zvl256b_lmul1_unroll1","/home/bananapi/MAT/kernels riscv rvv 1.0/FINAL/riscv-rvv-ime-gemm-microkernels-updated/HETEROGENEOUS_RVV_IME_OPENMP_GEMM/results/openmp_results_k1-mixed-rvv-ime-static_1024_20260904_111401/raw_logs/IME_NATIVE_KERNELS_IME_GEMM_INT8_I8I32_8x8_NATIVE_ime_kernel_8x8_zvl256b_lmul1_unroll1_run4.log",NA,NA,NA,NA,NA,NA,NA
2026-09-04T11:15:39,k1-mixed-rvv-ime,"IME_NATIVE_KERNELS","IME_GEMM_INT8_I8I32_8x8_NATIVE","ime_kernel_8x8_zvl256b_lmul1_unroll1",8x8,256b,1,1,INT8_MIXED,0-7-mixed-rvv-ime,8,8,1024,1024,1024,32,5,OK,0,NONE,0.110501748,GOPS,19.433934,parallel_tiles_including_required_packing,DISABLED,0,0,"0:cpu0:IME:tiles7;1:cpu1:IME:tiles7;2:cpu2:IME:tiles6;3:cpu3:IME:tiles6;4:cpu4:RVV:tiles2;5:cpu5:RVV:tiles2;6:cpu6:RVV:tiles1;7:cpu7:RVV:tiles1","IME:26;RVV:6",static,0,"IME:26;RVV:6","igemm_kernel_8x8_zvl256b_lmul1_unroll1","/home/bananapi/MAT/kernels riscv rvv 1.0/FINAL/riscv-rvv-ime-gemm-microkernels-updated/HETEROGENEOUS_RVV_IME_OPENMP_GEMM/results/openmp_results_k1-mixed-rvv-ime-static_1024_20260904_111401/raw_logs/IME_NATIVE_KERNELS_IME_GEMM_INT8_I8I32_8x8_NATIVE_ime_kernel_8x8_zvl256b_lmul1_unroll1_run5.log",NA,NA,NA,NA,NA,NA,NA
2026-09-04T11:15:40,k1-mixed-rvv-ime,"IME_NATIVE_KERNELS","IME_GEMM_INT8_I8I32_8x8_NATIVE","ime_kernel_8x8_zvl256b_lmul1_unroll1",8x8,256b,1,1,INT8_MIXED,0-7-mixed-rvv-ime,8,8,1024,1024,1024,32,6,OK,0,NONE,0.104548126,GOPS,20.540623,parallel_tiles_including_required_packing,DISABLED,0,0,"0:cpu0:IME:tiles7;1:cpu1:IME:tiles7;2:cpu2:IME:tiles6;3:cpu3:IME:tiles6;4:cpu4:RVV:tiles2;5:cpu5:RVV:tiles2;6:cpu6:RVV:tiles1;7:cpu7:RVV:tiles1","IME:26;RVV:6",static,0,"IME:26;RVV:6","igemm_kernel_8x8_zvl256b_lmul1_unroll1","/home/bananapi/MAT/kernels riscv rvv 1.0/FINAL/riscv-rvv-ime-gemm-microkernels-updated/HETEROGENEOUS_RVV_IME_OPENMP_GEMM/results/openmp_results_k1-mixed-rvv-ime-static_1024_20260904_111401/raw_logs/IME_NATIVE_KERNELS_IME_GEMM_INT8_I8I32_8x8_NATIVE_ime_kernel_8x8_zvl256b_lmul1_unroll1_run6.log",NA,NA,NA,NA,NA,NA,NA
2026-09-04T11:16:16,k1-mixed-rvv-ime,"IME_NATIVE_KERNELS","IME_GEMM_INT8_I8I32_8x8_NATIVE","ime_kernel_8x8_zvl256b_lmul1_unroll2",8x8,256b,1,2,INT8_MIXED,0-7-mixed-rvv-ime,8,8,1024,1024,1024,32,1,OK,0,NONE,0.108511958,GOPS,19.790295,parallel_tiles_including_required_packing,INDEPENDENT_INT64_REFERENCE_EXACT_INT32,0,0,"0:cpu0:IME:tiles7;1:cpu1:IME:tiles7;2:cpu2:IME:tiles6;3:cpu3:IME:tiles6;4:cpu4:RVV:tiles2;5:cpu5:RVV:tiles2;6:cpu6:RVV:tiles1;7:cpu7:RVV:tiles1","IME:26;RVV:6",static,0,"IME:26;RVV:6","igemm_kernel_8x8_zvl256b_lmul1_unroll2","/home/bananapi/MAT/kernels riscv rvv 1.0/FINAL/riscv-rvv-ime-gemm-microkernels-updated/HETEROGENEOUS_RVV_IME_OPENMP_GEMM/results/openmp_results_k1-mixed-rvv-ime-static_1024_20260904_111401/raw_logs/IME_NATIVE_KERNELS_IME_GEMM_INT8_I8I32_8x8_NATIVE_ime_kernel_8x8_zvl256b_lmul1_unroll2_run1.log",NA,NA,NA,NA,NA,NA,NA
2026-09-04T11:16:16,k1-mixed-rvv-ime,"IME_NATIVE_KERNELS","IME_GEMM_INT8_I8I32_8x8_NATIVE","ime_kernel_8x8_zvl256b_lmul1_unroll2",8x8,256b,1,2,INT8_MIXED,0-7-mixed-rvv-ime,8,8,1024,1024,1024,32,2,OK,0,NONE,0.104813084,GOPS,20.488698,parallel_tiles_including_required_packing,DISABLED,0,0,"0:cpu0:IME:tiles7;1:cpu1:IME:tiles7;2:cpu2:IME:tiles6;3:cpu3:IME:tiles6;4:cpu4:RVV:tiles2;5:cpu5:RVV:tiles2;6:cpu6:RVV:tiles1;7:cpu7:RVV:tiles1","IME:26;RVV:6",static,0,"IME:26;RVV:6","igemm_kernel_8x8_zvl256b_lmul1_unroll2","/home/bananapi/MAT/kernels riscv rvv 1.0/FINAL/riscv-rvv-ime-gemm-microkernels-updated/HETEROGENEOUS_RVV_IME_OPENMP_GEMM/results/openmp_results_k1-mixed-rvv-ime-static_1024_20260904_111401/raw_logs/IME_NATIVE_KERNELS_IME_GEMM_INT8_I8I32_8x8_NATIVE_ime_kernel_8x8_zvl256b_lmul1_unroll2_run2.log",NA,NA,NA,NA,NA,NA,NA
2026-09-04T11:16:17,k1-mixed-rvv-ime,"IME_NATIVE_KERNELS","IME_GEMM_INT8_I8I32_8x8_NATIVE","ime_kernel_8x8_zvl256b_lmul1_unroll2",8x8,256b,1,2,INT8_MIXED,0-7-mixed-rvv-ime,8,8,1024,1024,1024,32,3,OK,0,NONE,0.104478836,GOPS,20.554246,parallel_tiles_including_required_packing,DISABLED,0,0,"0:cpu0:IME:tiles7;1:cpu1:IME:tiles7;2:cpu2:IME:tiles6;3:cpu3:IME:tiles6;4:cpu4:RVV:tiles2;5:cpu5:RVV:tiles2;6:cpu6:RVV:tiles1;7:cpu7:RVV:tiles1","IME:26;RVV:6",static,0,"IME:26;RVV:6","igemm_kernel_8x8_zvl256b_lmul1_unroll2","/home/bananapi/MAT/kernels riscv rvv 1.0/FINAL/riscv-rvv-ime-gemm-microkernels-updated/HETEROGENEOUS_RVV_IME_OPENMP_GEMM/results/openmp_results_k1-mixed-rvv-ime-static_1024_20260904_111401/raw_logs/IME_NATIVE_KERNELS_IME_GEMM_INT8_I8I32_8x8_NATIVE_ime_kernel_8x8_zvl256b_lmul1_unroll2_run3.log",NA,NA,NA,NA,NA,NA,NA
2026-09-04T11:16:18,k1-mixed-rvv-ime,"IME_NATIVE_KERNELS","IME_GEMM_INT8_I8I32_8x8_NATIVE","ime_kernel_8x8_zvl256b_lmul1_unroll2",8x8,256b,1,2,INT8_MIXED,0-7-mixed-rvv-ime,8,8,1024,1024,1024,32,4,OK,0,NONE,0.109086461,GOPS,19.686069,parallel_tiles_including_required_packing,DISABLED,0,0,"0:cpu0:IME:tiles7;1:cpu1:IME:tiles7;2:cpu2:IME:tiles6;3:cpu3:IME:tiles6;4:cpu4:RVV:tiles2;5:cpu5:RVV:tiles2;6:cpu6:RVV:tiles1;7:cpu7:RVV:tiles1","IME:26;RVV:6",static,0,"IME:26;RVV:6","igemm_kernel_8x8_zvl256b_lmul1_unroll2","/home/bananapi/MAT/kernels riscv rvv 1.0/FINAL/riscv-rvv-ime-gemm-microkernels-updated/HETEROGENEOUS_RVV_IME_OPENMP_GEMM/results/openmp_results_k1-mixed-rvv-ime-static_1024_20260904_111401/raw_logs/IME_NATIVE_KERNELS_IME_GEMM_INT8_I8I32_8x8_NATIVE_ime_kernel_8x8_zvl256b_lmul1_unroll2_run4.log",NA,NA,NA,NA,NA,NA,NA
2026-09-04T11:16:18,k1-mixed-rvv-ime,"IME_NATIVE_KERNELS","IME_GEMM_INT8_I8I32_8x8_NATIVE","ime_kernel_8x8_zvl256b_lmul1_unroll2",8x8,256b,1,2,INT8_MIXED,0-7-mixed-rvv-ime,8,8,1024,1024,1024,32,5,OK,0,NONE,0.098424248,GOPS,21.818644,parallel_tiles_including_required_packing,DISABLED,0,0,"0:cpu0:IME:tiles7;1:cpu1:IME:tiles7;2:cpu2:IME:tiles6;3:cpu3:IME:tiles6;4:cpu4:RVV:tiles2;5:cpu5:RVV:tiles2;6:cpu6:RVV:tiles1;7:cpu7:RVV:tiles1","IME:26;RVV:6",static,0,"IME:26;RVV:6","igemm_kernel_8x8_zvl256b_lmul1_unroll2","/home/bananapi/MAT/kernels riscv rvv 1.0/FINAL/riscv-rvv-ime-gemm-microkernels-updated/HETEROGENEOUS_RVV_IME_OPENMP_GEMM/results/openmp_results_k1-mixed-rvv-ime-static_1024_20260904_111401/raw_logs/IME_NATIVE_KERNELS_IME_GEMM_INT8_I8I32_8x8_NATIVE_ime_kernel_8x8_zvl256b_lmul1_unroll2_run5.log",NA,NA,NA,NA,NA,NA,NA
2026-09-04T11:16:19,k1-mixed-rvv-ime,"IME_NATIVE_KERNELS","IME_GEMM_INT8_I8I32_8x8_NATIVE","ime_kernel_8x8_zvl256b_lmul1_unroll2",8x8,256b,1,2,INT8_MIXED,0-7-mixed-rvv-ime,8,8,1024,1024,1024,32,6,OK,0,NONE,0.101624627,GOPS,21.131528,parallel_tiles_including_required_packing,DISABLED,0,0,"0:cpu0:IME:tiles7;1:cpu1:IME:tiles7;2:cpu2:IME:tiles6;3:cpu3:IME:tiles6;4:cpu4:RVV:tiles2;5:cpu5:RVV:tiles2;6:cpu6:RVV:tiles1;7:cpu7:RVV:tiles1","IME:26;RVV:6",static,0,"IME:26;RVV:6","igemm_kernel_8x8_zvl256b_lmul1_unroll2","/home/bananapi/MAT/kernels riscv rvv 1.0/FINAL/riscv-rvv-ime-gemm-microkernels-updated/HETEROGENEOUS_RVV_IME_OPENMP_GEMM/results/openmp_results_k1-mixed-rvv-ime-static_1024_20260904_111401/raw_logs/IME_NATIVE_KERNELS_IME_GEMM_INT8_I8I32_8x8_NATIVE_ime_kernel_8x8_zvl256b_lmul1_unroll2_run6.log",NA,NA,NA,NA,NA,NA,NA
2026-09-04T11:17:02,k1-mixed-rvv-ime,"IME_NATIVE_KERNELS","IME_GEMM_INT8_I8I32_8x8_NATIVE","ime_kernel_8x8_zvl256b_lmul1_unroll4",8x8,256b,1,4,INT8_MIXED,0-7-mixed-rvv-ime,8,8,1024,1024,1024,32,1,OK,0,NONE,0.103741292,GOPS,20.700375,parallel_tiles_including_required_packing,INDEPENDENT_INT64_REFERENCE_EXACT_INT32,0,0,"0:cpu0:IME:tiles7;1:cpu1:IME:tiles7;2:cpu2:IME:tiles6;3:cpu3:IME:tiles6;4:cpu4:RVV:tiles2;5:cpu5:RVV:tiles2;6:cpu6:RVV:tiles1;7:cpu7:RVV:tiles1","IME:26;RVV:6",static,0,"IME:26;RVV:6","igemm_kernel_8x8_zvl256b_lmul1_unroll4","/home/bananapi/MAT/kernels riscv rvv 1.0/FINAL/riscv-rvv-ime-gemm-microkernels-updated/HETEROGENEOUS_RVV_IME_OPENMP_GEMM/results/openmp_results_k1-mixed-rvv-ime-static_1024_20260904_111401/raw_logs/IME_NATIVE_KERNELS_IME_GEMM_INT8_I8I32_8x8_NATIVE_ime_kernel_8x8_zvl256b_lmul1_unroll4_run1.log",NA,NA,NA,NA,NA,NA,NA
2026-09-04T11:17:03,k1-mixed-rvv-ime,"IME_NATIVE_KERNELS","IME_GEMM_INT8_I8I32_8x8_NATIVE","ime_kernel_8x8_zvl256b_lmul1_unroll4",8x8,256b,1,4,INT8_MIXED,0-7-mixed-rvv-ime,8,8,1024,1024,1024,32,2,OK,0,NONE,0.106946625,GOPS,20.079957,parallel_tiles_including_required_packing,DISABLED,0,0,"0:cpu0:IME:tiles7;1:cpu1:IME:tiles7;2:cpu2:IME:tiles6;3:cpu3:IME:tiles6;4:cpu4:RVV:tiles2;5:cpu5:RVV:tiles2;6:cpu6:RVV:tiles1;7:cpu7:RVV:tiles1","IME:26;RVV:6",static,0,"IME:26;RVV:6","igemm_kernel_8x8_zvl256b_lmul1_unroll4","/home/bananapi/MAT/kernels riscv rvv 1.0/FINAL/riscv-rvv-ime-gemm-microkernels-updated/HETEROGENEOUS_RVV_IME_OPENMP_GEMM/results/openmp_results_k1-mixed-rvv-ime-static_1024_20260904_111401/raw_logs/IME_NATIVE_KERNELS_IME_GEMM_INT8_I8I32_8x8_NATIVE_ime_kernel_8x8_zvl256b_lmul1_unroll4_run2.log",NA,NA,NA,NA,NA,NA,NA
2026-09-04T11:17:03,k1-mixed-rvv-ime,"IME_NATIVE_KERNELS","IME_GEMM_INT8_I8I32_8x8_NATIVE","ime_kernel_8x8_zvl256b_lmul1_unroll4",8x8,256b,1,4,INT8_MIXED,0-7-mixed-rvv-ime,8,8,1024,1024,1024,32,3,OK,0,NONE,0.103470542,GOPS,20.754541,parallel_tiles_including_required_packing,DISABLED,0,0,"0:cpu0:IME:tiles7;1:cpu1:IME:tiles7;2:cpu2:IME:tiles6;3:cpu3:IME:tiles6;4:cpu4:RVV:tiles2;5:cpu5:RVV:tiles2;6:cpu6:RVV:tiles1;7:cpu7:RVV:tiles1","IME:26;RVV:6",static,0,"IME:26;RVV:6","igemm_kernel_8x8_zvl256b_lmul1_unroll4","/home/bananapi/MAT/kernels riscv rvv 1.0/FINAL/riscv-rvv-ime-gemm-microkernels-updated/HETEROGENEOUS_RVV_IME_OPENMP_GEMM/results/openmp_results_k1-mixed-rvv-ime-static_1024_20260904_111401/raw_logs/IME_NATIVE_KERNELS_IME_GEMM_INT8_I8I32_8x8_NATIVE_ime_kernel_8x8_zvl256b_lmul1_unroll4_run3.log",NA,NA,NA,NA,NA,NA,NA
2026-09-04T11:17:04,k1-mixed-rvv-ime,"IME_NATIVE_KERNELS","IME_GEMM_INT8_I8I32_8x8_NATIVE","ime_kernel_8x8_zvl256b_lmul1_unroll4",8x8,256b,1,4,INT8_MIXED,0-7-mixed-rvv-ime,8,8,1024,1024,1024,32,4,OK,0,NONE,0.116934918,GOPS,18.364777,parallel_tiles_including_required_packing,DISABLED,0,0,"0:cpu0:IME:tiles7;1:cpu1:IME:tiles7;2:cpu2:IME:tiles6;3:cpu3:IME:tiles6;4:cpu4:RVV:tiles2;5:cpu5:RVV:tiles2;6:cpu6:RVV:tiles1;7:cpu7:RVV:tiles1","IME:26;RVV:6",static,0,"IME:26;RVV:6","igemm_kernel_8x8_zvl256b_lmul1_unroll4","/home/bananapi/MAT/kernels riscv rvv 1.0/FINAL/riscv-rvv-ime-gemm-microkernels-updated/HETEROGENEOUS_RVV_IME_OPENMP_GEMM/results/openmp_results_k1-mixed-rvv-ime-static_1024_20260904_111401/raw_logs/IME_NATIVE_KERNELS_IME_GEMM_INT8_I8I32_8x8_NATIVE_ime_kernel_8x8_zvl256b_lmul1_unroll4_run4.log",NA,NA,NA,NA,NA,NA,NA
2026-09-04T11:17:04,k1-mixed-rvv-ime,"IME_NATIVE_KERNELS","IME_GEMM_INT8_I8I32_8x8_NATIVE","ime_kernel_8x8_zvl256b_lmul1_unroll4",8x8,256b,1,4,INT8_MIXED,0-7-mixed-rvv-ime,8,8,1024,1024,1024,32,5,OK,0,NONE,0.112772208,GOPS,19.042667,parallel_tiles_including_required_packing,DISABLED,0,0,"0:cpu0:IME:tiles7;1:cpu1:IME:tiles7;2:cpu2:IME:tiles6;3:cpu3:IME:tiles6;4:cpu4:RVV:tiles2;5:cpu5:RVV:tiles2;6:cpu6:RVV:tiles1;7:cpu7:RVV:tiles1","IME:26;RVV:6",static,0,"IME:26;RVV:6","igemm_kernel_8x8_zvl256b_lmul1_unroll4","/home/bananapi/MAT/kernels riscv rvv 1.0/FINAL/riscv-rvv-ime-gemm-microkernels-updated/HETEROGENEOUS_RVV_IME_OPENMP_GEMM/results/openmp_results_k1-mixed-rvv-ime-static_1024_20260904_111401/raw_logs/IME_NATIVE_KERNELS_IME_GEMM_INT8_I8I32_8x8_NATIVE_ime_kernel_8x8_zvl256b_lmul1_unroll4_run5.log",NA,NA,NA,NA,NA,NA,NA
2026-09-04T11:17:05,k1-mixed-rvv-ime,"IME_NATIVE_KERNELS","IME_GEMM_INT8_I8I32_8x8_NATIVE","ime_kernel_8x8_zvl256b_lmul1_unroll4",8x8,256b,1,4,INT8_MIXED,0-7-mixed-rvv-ime,8,8,1024,1024,1024,32,6,OK,0,NONE,0.111394875,GOPS,19.278119,parallel_tiles_including_required_packing,DISABLED,0,0,"0:cpu0:IME:tiles7;1:cpu1:IME:tiles7;2:cpu2:IME:tiles6;3:cpu3:IME:tiles6;4:cpu4:RVV:tiles2;5:cpu5:RVV:tiles2;6:cpu6:RVV:tiles1;7:cpu7:RVV:tiles1","IME:26;RVV:6",static,0,"IME:26;RVV:6","igemm_kernel_8x8_zvl256b_lmul1_unroll4","/home/bananapi/MAT/kernels riscv rvv 1.0/FINAL/riscv-rvv-ime-gemm-microkernels-updated/HETEROGENEOUS_RVV_IME_OPENMP_GEMM/results/openmp_results_k1-mixed-rvv-ime-static_1024_20260904_111401/raw_logs/IME_NATIVE_KERNELS_IME_GEMM_INT8_I8I32_8x8_NATIVE_ime_kernel_8x8_zvl256b_lmul1_unroll4_run6.log",NA,NA,NA,NA,NA,NA,NA
2026-09-04T11:17:42,k1-mixed-rvv-ime,"IME_NATIVE_KERNELS","IME_GEMM_INT8_I8I32_8x8_NATIVE","ime_kernel_8x8_zvl256b_lmul1_unroll8",8x8,256b,1,8,INT8_MIXED,0-7-mixed-rvv-ime,8,8,1024,1024,1024,32,1,OK,0,NONE,0.109892461,GOPS,19.541683,parallel_tiles_including_required_packing,INDEPENDENT_INT64_REFERENCE_EXACT_INT32,0,0,"0:cpu0:IME:tiles7;1:cpu1:IME:tiles7;2:cpu2:IME:tiles6;3:cpu3:IME:tiles6;4:cpu4:RVV:tiles2;5:cpu5:RVV:tiles2;6:cpu6:RVV:tiles1;7:cpu7:RVV:tiles1","IME:26;RVV:6",static,0,"IME:26;RVV:6","igemm_kernel_8x8_zvl256b_lmul1_unroll8","/home/bananapi/MAT/kernels riscv rvv 1.0/FINAL/riscv-rvv-ime-gemm-microkernels-updated/HETEROGENEOUS_RVV_IME_OPENMP_GEMM/results/openmp_results_k1-mixed-rvv-ime-static_1024_20260904_111401/raw_logs/IME_NATIVE_KERNELS_IME_GEMM_INT8_I8I32_8x8_NATIVE_ime_kernel_8x8_zvl256b_lmul1_unroll8_run1.log",NA,NA,NA,NA,NA,NA,NA
2026-09-04T11:17:42,k1-mixed-rvv-ime,"IME_NATIVE_KERNELS","IME_GEMM_INT8_I8I32_8x8_NATIVE","ime_kernel_8x8_zvl256b_lmul1_unroll8",8x8,256b,1,8,INT8_MIXED,0-7-mixed-rvv-ime,8,8,1024,1024,1024,32,2,OK,0,NONE,0.113101289,GOPS,18.987261,parallel_tiles_including_required_packing,DISABLED,0,0,"0:cpu0:IME:tiles7;1:cpu1:IME:tiles7;2:cpu2:IME:tiles6;3:cpu3:IME:tiles6;4:cpu4:RVV:tiles2;5:cpu5:RVV:tiles2;6:cpu6:RVV:tiles1;7:cpu7:RVV:tiles1","IME:26;RVV:6",static,0,"IME:26;RVV:6","igemm_kernel_8x8_zvl256b_lmul1_unroll8","/home/bananapi/MAT/kernels riscv rvv 1.0/FINAL/riscv-rvv-ime-gemm-microkernels-updated/HETEROGENEOUS_RVV_IME_OPENMP_GEMM/results/openmp_results_k1-mixed-rvv-ime-static_1024_20260904_111401/raw_logs/IME_NATIVE_KERNELS_IME_GEMM_INT8_I8I32_8x8_NATIVE_ime_kernel_8x8_zvl256b_lmul1_unroll8_run2.log",NA,NA,NA,NA,NA,NA,NA
2026-09-04T11:17:43,k1-mixed-rvv-ime,"IME_NATIVE_KERNELS","IME_GEMM_INT8_I8I32_8x8_NATIVE","ime_kernel_8x8_zvl256b_lmul1_unroll8",8x8,256b,1,8,INT8_MIXED,0-7-mixed-rvv-ime,8,8,1024,1024,1024,32,3,OK,0,NONE,0.109972998,GOPS,19.527372,parallel_tiles_including_required_packing,DISABLED,0,0,"0:cpu0:IME:tiles7;1:cpu1:IME:tiles7;2:cpu2:IME:tiles6;3:cpu3:IME:tiles6;4:cpu4:RVV:tiles2;5:cpu5:RVV:tiles2;6:cpu6:RVV:tiles1;7:cpu7:RVV:tiles1","IME:26;RVV:6",static,0,"IME:26;RVV:6","igemm_kernel_8x8_zvl256b_lmul1_unroll8","/home/bananapi/MAT/kernels riscv rvv 1.0/FINAL/riscv-rvv-ime-gemm-microkernels-updated/HETEROGENEOUS_RVV_IME_OPENMP_GEMM/results/openmp_results_k1-mixed-rvv-ime-static_1024_20260904_111401/raw_logs/IME_NATIVE_KERNELS_IME_GEMM_INT8_I8I32_8x8_NATIVE_ime_kernel_8x8_zvl256b_lmul1_unroll8_run3.log",NA,NA,NA,NA,NA,NA,NA
2026-09-04T11:17:44,k1-mixed-rvv-ime,"IME_NATIVE_KERNELS","IME_GEMM_INT8_I8I32_8x8_NATIVE","ime_kernel_8x8_zvl256b_lmul1_unroll8",8x8,256b,1,8,INT8_MIXED,0-7-mixed-rvv-ime,8,8,1024,1024,1024,32,4,OK,0,NONE,0.106017165,GOPS,20.256000,parallel_tiles_including_required_packing,DISABLED,0,0,"0:cpu0:IME:tiles7;1:cpu1:IME:tiles7;2:cpu2:IME:tiles6;3:cpu3:IME:tiles6;4:cpu4:RVV:tiles2;5:cpu5:RVV:tiles2;6:cpu6:RVV:tiles1;7:cpu7:RVV:tiles1","IME:26;RVV:6",static,0,"IME:26;RVV:6","igemm_kernel_8x8_zvl256b_lmul1_unroll8","/home/bananapi/MAT/kernels riscv rvv 1.0/FINAL/riscv-rvv-ime-gemm-microkernels-updated/HETEROGENEOUS_RVV_IME_OPENMP_GEMM/results/openmp_results_k1-mixed-rvv-ime-static_1024_20260904_111401/raw_logs/IME_NATIVE_KERNELS_IME_GEMM_INT8_I8I32_8x8_NATIVE_ime_kernel_8x8_zvl256b_lmul1_unroll8_run4.log",NA,NA,NA,NA,NA,NA,NA
2026-09-04T11:17:44,k1-mixed-rvv-ime,"IME_NATIVE_KERNELS","IME_GEMM_INT8_I8I32_8x8_NATIVE","ime_kernel_8x8_zvl256b_lmul1_unroll8",8x8,256b,1,8,INT8_MIXED,0-7-mixed-rvv-ime,8,8,1024,1024,1024,32,5,OK,0,NONE,0.096667957,GOPS,22.215052,parallel_tiles_including_required_packing,DISABLED,0,0,"0:cpu0:IME:tiles7;1:cpu1:IME:tiles7;2:cpu2:IME:tiles6;3:cpu3:IME:tiles6;4:cpu4:RVV:tiles2;5:cpu5:RVV:tiles2;6:cpu6:RVV:tiles1;7:cpu7:RVV:tiles1","IME:26;RVV:6",static,0,"IME:26;RVV:6","igemm_kernel_8x8_zvl256b_lmul1_unroll8","/home/bananapi/MAT/kernels riscv rvv 1.0/FINAL/riscv-rvv-ime-gemm-microkernels-updated/HETEROGENEOUS_RVV_IME_OPENMP_GEMM/results/openmp_results_k1-mixed-rvv-ime-static_1024_20260904_111401/raw_logs/IME_NATIVE_KERNELS_IME_GEMM_INT8_I8I32_8x8_NATIVE_ime_kernel_8x8_zvl256b_lmul1_unroll8_run5.log",NA,NA,NA,NA,NA,NA,NA
2026-09-04T11:17:45,k1-mixed-rvv-ime,"IME_NATIVE_KERNELS","IME_GEMM_INT8_I8I32_8x8_NATIVE","ime_kernel_8x8_zvl256b_lmul1_unroll8",8x8,256b,1,8,INT8_MIXED,0-7-mixed-rvv-ime,8,8,1024,1024,1024,32,6,OK,0,NONE,0.110445086,GOPS,19.443904,parallel_tiles_including_required_packing,DISABLED,0,0,"0:cpu0:IME:tiles7;1:cpu1:IME:tiles7;2:cpu2:IME:tiles6;3:cpu3:IME:tiles6;4:cpu4:RVV:tiles2;5:cpu5:RVV:tiles2;6:cpu6:RVV:tiles1;7:cpu7:RVV:tiles1","IME:26;RVV:6",static,0,"IME:26;RVV:6","igemm_kernel_8x8_zvl256b_lmul1_unroll8","/home/bananapi/MAT/kernels riscv rvv 1.0/FINAL/riscv-rvv-ime-gemm-microkernels-updated/HETEROGENEOUS_RVV_IME_OPENMP_GEMM/results/openmp_results_k1-mixed-rvv-ime-static_1024_20260904_111401/raw_logs/IME_NATIVE_KERNELS_IME_GEMM_INT8_I8I32_8x8_NATIVE_ime_kernel_8x8_zvl256b_lmul1_unroll8_run6.log",NA,NA,NA,NA,NA,NA,NA
2026-09-04T11:18:02,k1-mixed-rvv-ime,"IME_NATIVE_KERNELS","IME_GEMM_INT8_I8I32_8x4_NATIVE","ime_kernel_8x4_zvl256b_lmul1_unroll1",8x4,256b,1,1,INT8_MIXED,0-7-mixed-rvv-ime,8,NA,1024,1024,1024,32,0,BUILD_FAILED,NA,BUILD,NA,NA,NA,NA,NA,NA,NA,NA,NA,dynamic,1,NA,"igemm_kernel_8x4_zvl256b_lmul1_unroll1","/home/bananapi/MAT/kernels riscv rvv 1.0/FINAL/riscv-rvv-ime-gemm-microkernels-updated/HETEROGENEOUS_RVV_IME_OPENMP_GEMM/results/openmp_results_k1-mixed-rvv-ime-dynamic_1024_20260904_111745/raw_logs/IME_NATIVE_KERNELS_IME_GEMM_INT8_I8I32_8x4_NATIVE_ime_kernel_8x4_zvl256b_lmul1_unroll1_build.log",NA,NA,NA,NA,NA,NA,NA
2026-09-04T11:18:16,k1-mixed-rvv-ime,"IME_NATIVE_KERNELS","IME_GEMM_INT8_I8I32_8x4_NATIVE","ime_kernel_8x4_zvl256b_lmul1_unroll2",8x4,256b,1,2,INT8_MIXED,0-7-mixed-rvv-ime,8,NA,1024,1024,1024,32,0,BUILD_FAILED,NA,BUILD,NA,NA,NA,NA,NA,NA,NA,NA,NA,dynamic,1,NA,"igemm_kernel_8x4_zvl256b_lmul1_unroll2","/home/bananapi/MAT/kernels riscv rvv 1.0/FINAL/riscv-rvv-ime-gemm-microkernels-updated/HETEROGENEOUS_RVV_IME_OPENMP_GEMM/results/openmp_results_k1-mixed-rvv-ime-dynamic_1024_20260904_111745/raw_logs/IME_NATIVE_KERNELS_IME_GEMM_INT8_I8I32_8x4_NATIVE_ime_kernel_8x4_zvl256b_lmul1_unroll2_build.log",NA,NA,NA,NA,NA,NA,NA
2026-09-04T11:18:30,k1-mixed-rvv-ime,"IME_NATIVE_KERNELS","IME_GEMM_INT8_I8I32_8x4_NATIVE","ime_kernel_8x4_zvl256b_lmul1_unroll4",8x4,256b,1,4,INT8_MIXED,0-7-mixed-rvv-ime,8,NA,1024,1024,1024,32,0,BUILD_FAILED,NA,BUILD,NA,NA,NA,NA,NA,NA,NA,NA,NA,dynamic,1,NA,"igemm_kernel_8x4_zvl256b_lmul1_unroll4","/home/bananapi/MAT/kernels riscv rvv 1.0/FINAL/riscv-rvv-ime-gemm-microkernels-updated/HETEROGENEOUS_RVV_IME_OPENMP_GEMM/results/openmp_results_k1-mixed-rvv-ime-dynamic_1024_20260904_111745/raw_logs/IME_NATIVE_KERNELS_IME_GEMM_INT8_I8I32_8x4_NATIVE_ime_kernel_8x4_zvl256b_lmul1_unroll4_build.log",NA,NA,NA,NA,NA,NA,NA
2026-09-04T11:18:45,k1-mixed-rvv-ime,"IME_NATIVE_KERNELS","IME_GEMM_INT8_I8I32_8x4_NATIVE","ime_kernel_8x4_zvl256b_lmul1_unroll8",8x4,256b,1,8,INT8_MIXED,0-7-mixed-rvv-ime,8,NA,1024,1024,1024,32,0,BUILD_FAILED,NA,BUILD,NA,NA,NA,NA,NA,NA,NA,NA,NA,dynamic,1,NA,"igemm_kernel_8x4_zvl256b_lmul1_unroll8","/home/bananapi/MAT/kernels riscv rvv 1.0/FINAL/riscv-rvv-ime-gemm-microkernels-updated/HETEROGENEOUS_RVV_IME_OPENMP_GEMM/results/openmp_results_k1-mixed-rvv-ime-dynamic_1024_20260904_111745/raw_logs/IME_NATIVE_KERNELS_IME_GEMM_INT8_I8I32_8x4_NATIVE_ime_kernel_8x4_zvl256b_lmul1_unroll8_build.log",NA,NA,NA,NA,NA,NA,NA
2026-09-04T11:19:28,k1-mixed-rvv-ime,"IME_NATIVE_KERNELS","IME_GEMM_INT8_I8I32_8x8_NATIVE","ime_kernel_8x8_zvl256b_lmul1_unroll1",8x8,256b,1,1,INT8_MIXED,0-7-mixed-rvv-ime,8,8,1024,1024,1024,32,1,OK,0,NONE,0.090873290,GOPS,23.631627,parallel_tiles_including_required_packing,INDEPENDENT_INT64_REFERENCE_EXACT_INT32,0,0,"0:cpu0:IME:tiles6;1:cpu1:IME:tiles6;2:cpu2:IME:tiles6;3:cpu3:IME:tiles6;4:cpu4:RVV:tiles2;5:cpu5:RVV:tiles2;6:cpu6:RVV:tiles2;7:cpu7:RVV:tiles2","NA",dynamic,1,"IME:24;RVV:8","igemm_kernel_8x8_zvl256b_lmul1_unroll1","/home/bananapi/MAT/kernels riscv rvv 1.0/FINAL/riscv-rvv-ime-gemm-microkernels-updated/HETEROGENEOUS_RVV_IME_OPENMP_GEMM/results/openmp_results_k1-mixed-rvv-ime-dynamic_1024_20260904_111745/raw_logs/IME_NATIVE_KERNELS_IME_GEMM_INT8_I8I32_8x8_NATIVE_ime_kernel_8x8_zvl256b_lmul1_unroll1_run1.log",NA,NA,NA,NA,NA,NA,NA
2026-09-04T11:19:29,k1-mixed-rvv-ime,"IME_NATIVE_KERNELS","IME_GEMM_INT8_I8I32_8x8_NATIVE","ime_kernel_8x8_zvl256b_lmul1_unroll1",8x8,256b,1,1,INT8_MIXED,0-7-mixed-rvv-ime,8,8,1024,1024,1024,32,2,OK,0,NONE,0.091459710,GOPS,23.480106,parallel_tiles_including_required_packing,DISABLED,0,0,"0:cpu0:IME:tiles6;1:cpu1:IME:tiles6;2:cpu2:IME:tiles6;3:cpu3:IME:tiles6;4:cpu4:RVV:tiles2;5:cpu5:RVV:tiles2;6:cpu6:RVV:tiles2;7:cpu7:RVV:tiles2","NA",dynamic,1,"IME:24;RVV:8","igemm_kernel_8x8_zvl256b_lmul1_unroll1","/home/bananapi/MAT/kernels riscv rvv 1.0/FINAL/riscv-rvv-ime-gemm-microkernels-updated/HETEROGENEOUS_RVV_IME_OPENMP_GEMM/results/openmp_results_k1-mixed-rvv-ime-dynamic_1024_20260904_111745/raw_logs/IME_NATIVE_KERNELS_IME_GEMM_INT8_I8I32_8x8_NATIVE_ime_kernel_8x8_zvl256b_lmul1_unroll1_run2.log",NA,NA,NA,NA,NA,NA,NA
2026-09-04T11:19:29,k1-mixed-rvv-ime,"IME_NATIVE_KERNELS","IME_GEMM_INT8_I8I32_8x8_NATIVE","ime_kernel_8x8_zvl256b_lmul1_unroll1",8x8,256b,1,1,INT8_MIXED,0-7-mixed-rvv-ime,8,8,1024,1024,1024,32,3,OK,0,NONE,0.093676541,GOPS,22.924455,parallel_tiles_including_required_packing,DISABLED,0,0,"0:cpu0:IME:tiles6;1:cpu1:IME:tiles6;2:cpu2:IME:tiles6;3:cpu3:IME:tiles6;4:cpu4:RVV:tiles2;5:cpu5:RVV:tiles2;6:cpu6:RVV:tiles2;7:cpu7:RVV:tiles2","NA",dynamic,1,"IME:24;RVV:8","igemm_kernel_8x8_zvl256b_lmul1_unroll1","/home/bananapi/MAT/kernels riscv rvv 1.0/FINAL/riscv-rvv-ime-gemm-microkernels-updated/HETEROGENEOUS_RVV_IME_OPENMP_GEMM/results/openmp_results_k1-mixed-rvv-ime-dynamic_1024_20260904_111745/raw_logs/IME_NATIVE_KERNELS_IME_GEMM_INT8_I8I32_8x8_NATIVE_ime_kernel_8x8_zvl256b_lmul1_unroll1_run3.log",NA,NA,NA,NA,NA,NA,NA
2026-09-04T11:19:30,k1-mixed-rvv-ime,"IME_NATIVE_KERNELS","IME_GEMM_INT8_I8I32_8x8_NATIVE","ime_kernel_8x8_zvl256b_lmul1_unroll1",8x8,256b,1,1,INT8_MIXED,0-7-mixed-rvv-ime,8,8,1024,1024,1024,32,4,OK,0,NONE,0.090907499,GOPS,23.622734,parallel_tiles_including_required_packing,DISABLED,0,0,"0:cpu0:IME:tiles6;1:cpu1:IME:tiles6;2:cpu2:IME:tiles6;3:cpu3:IME:tiles6;4:cpu4:RVV:tiles2;5:cpu5:RVV:tiles2;6:cpu6:RVV:tiles2;7:cpu7:RVV:tiles2","NA",dynamic,1,"IME:24;RVV:8","igemm_kernel_8x8_zvl256b_lmul1_unroll1","/home/bananapi/MAT/kernels riscv rvv 1.0/FINAL/riscv-rvv-ime-gemm-microkernels-updated/HETEROGENEOUS_RVV_IME_OPENMP_GEMM/results/openmp_results_k1-mixed-rvv-ime-dynamic_1024_20260904_111745/raw_logs/IME_NATIVE_KERNELS_IME_GEMM_INT8_I8I32_8x8_NATIVE_ime_kernel_8x8_zvl256b_lmul1_unroll1_run4.log",NA,NA,NA,NA,NA,NA,NA
2026-09-04T11:19:30,k1-mixed-rvv-ime,"IME_NATIVE_KERNELS","IME_GEMM_INT8_I8I32_8x8_NATIVE","ime_kernel_8x8_zvl256b_lmul1_unroll1",8x8,256b,1,1,INT8_MIXED,0-7-mixed-rvv-ime,8,8,1024,1024,1024,32,5,OK,0,NONE,0.093280211,GOPS,23.021857,parallel_tiles_including_required_packing,DISABLED,0,0,"0:cpu0:IME:tiles6;1:cpu1:IME:tiles6;2:cpu2:IME:tiles6;3:cpu3:IME:tiles6;4:cpu4:RVV:tiles2;5:cpu5:RVV:tiles2;6:cpu6:RVV:tiles2;7:cpu7:RVV:tiles2","NA",dynamic,1,"IME:24;RVV:8","igemm_kernel_8x8_zvl256b_lmul1_unroll1","/home/bananapi/MAT/kernels riscv rvv 1.0/FINAL/riscv-rvv-ime-gemm-microkernels-updated/HETEROGENEOUS_RVV_IME_OPENMP_GEMM/results/openmp_results_k1-mixed-rvv-ime-dynamic_1024_20260904_111745/raw_logs/IME_NATIVE_KERNELS_IME_GEMM_INT8_I8I32_8x8_NATIVE_ime_kernel_8x8_zvl256b_lmul1_unroll1_run5.log",NA,NA,NA,NA,NA,NA,NA
2026-09-04T11:19:31,k1-mixed-rvv-ime,"IME_NATIVE_KERNELS","IME_GEMM_INT8_I8I32_8x8_NATIVE","ime_kernel_8x8_zvl256b_lmul1_unroll1",8x8,256b,1,1,INT8_MIXED,0-7-mixed-rvv-ime,8,8,1024,1024,1024,32,6,OK,0,NONE,0.090977415,GOPS,23.604580,parallel_tiles_including_required_packing,DISABLED,0,0,"0:cpu0:IME:tiles6;1:cpu1:IME:tiles6;2:cpu2:IME:tiles6;3:cpu3:IME:tiles6;4:cpu4:RVV:tiles2;5:cpu5:RVV:tiles2;6:cpu6:RVV:tiles2;7:cpu7:RVV:tiles2","NA",dynamic,1,"IME:24;RVV:8","igemm_kernel_8x8_zvl256b_lmul1_unroll1","/home/bananapi/MAT/kernels riscv rvv 1.0/FINAL/riscv-rvv-ime-gemm-microkernels-updated/HETEROGENEOUS_RVV_IME_OPENMP_GEMM/results/openmp_results_k1-mixed-rvv-ime-dynamic_1024_20260904_111745/raw_logs/IME_NATIVE_KERNELS_IME_GEMM_INT8_I8I32_8x8_NATIVE_ime_kernel_8x8_zvl256b_lmul1_unroll1_run6.log",NA,NA,NA,NA,NA,NA,NA
2026-09-04T11:20:13,k1-mixed-rvv-ime,"IME_NATIVE_KERNELS","IME_GEMM_INT8_I8I32_8x8_NATIVE","ime_kernel_8x8_zvl256b_lmul1_unroll2",8x8,256b,1,2,INT8_MIXED,0-7-mixed-rvv-ime,8,8,1024,1024,1024,32,1,OK,0,NONE,0.101625416,GOPS,21.131364,parallel_tiles_including_required_packing,INDEPENDENT_INT64_REFERENCE_EXACT_INT32,0,0,"0:cpu0:IME:tiles6;1:cpu1:IME:tiles6;2:cpu2:IME:tiles6;3:cpu3:IME:tiles6;4:cpu4:RVV:tiles2;5:cpu5:RVV:tiles2;6:cpu6:RVV:tiles2;7:cpu7:RVV:tiles2","NA",dynamic,1,"IME:24;RVV:8","igemm_kernel_8x8_zvl256b_lmul1_unroll2","/home/bananapi/MAT/kernels riscv rvv 1.0/FINAL/riscv-rvv-ime-gemm-microkernels-updated/HETEROGENEOUS_RVV_IME_OPENMP_GEMM/results/openmp_results_k1-mixed-rvv-ime-dynamic_1024_20260904_111745/raw_logs/IME_NATIVE_KERNELS_IME_GEMM_INT8_I8I32_8x8_NATIVE_ime_kernel_8x8_zvl256b_lmul1_unroll2_run1.log",NA,NA,NA,NA,NA,NA,NA
2026-09-04T11:20:14,k1-mixed-rvv-ime,"IME_NATIVE_KERNELS","IME_GEMM_INT8_I8I32_8x8_NATIVE","ime_kernel_8x8_zvl256b_lmul1_unroll2",8x8,256b,1,2,INT8_MIXED,0-7-mixed-rvv-ime,8,8,1024,1024,1024,32,2,OK,0,NONE,0.100754749,GOPS,21.313970,parallel_tiles_including_required_packing,DISABLED,0,0,"0:cpu0:IME:tiles6;1:cpu1:IME:tiles6;2:cpu2:IME:tiles6;3:cpu3:IME:tiles6;4:cpu4:RVV:tiles2;5:cpu5:RVV:tiles2;6:cpu6:RVV:tiles2;7:cpu7:RVV:tiles2","NA",dynamic,1,"IME:24;RVV:8","igemm_kernel_8x8_zvl256b_lmul1_unroll2","/home/bananapi/MAT/kernels riscv rvv 1.0/FINAL/riscv-rvv-ime-gemm-microkernels-updated/HETEROGENEOUS_RVV_IME_OPENMP_GEMM/results/openmp_results_k1-mixed-rvv-ime-dynamic_1024_20260904_111745/raw_logs/IME_NATIVE_KERNELS_IME_GEMM_INT8_I8I32_8x8_NATIVE_ime_kernel_8x8_zvl256b_lmul1_unroll2_run2.log",NA,NA,NA,NA,NA,NA,NA
2026-09-04T11:20:14,k1-mixed-rvv-ime,"IME_NATIVE_KERNELS","IME_GEMM_INT8_I8I32_8x8_NATIVE","ime_kernel_8x8_zvl256b_lmul1_unroll2",8x8,256b,1,2,INT8_MIXED,0-7-mixed-rvv-ime,8,8,1024,1024,1024,32,3,OK,0,NONE,0.106594712,GOPS,20.146249,parallel_tiles_including_required_packing,DISABLED,0,0,"0:cpu0:IME:tiles6;1:cpu1:IME:tiles6;2:cpu2:IME:tiles7;3:cpu3:IME:tiles5;4:cpu4:RVV:tiles2;5:cpu5:RVV:tiles2;6:cpu6:RVV:tiles2;7:cpu7:RVV:tiles2","NA",dynamic,1,"IME:24;RVV:8","igemm_kernel_8x8_zvl256b_lmul1_unroll2","/home/bananapi/MAT/kernels riscv rvv 1.0/FINAL/riscv-rvv-ime-gemm-microkernels-updated/HETEROGENEOUS_RVV_IME_OPENMP_GEMM/results/openmp_results_k1-mixed-rvv-ime-dynamic_1024_20260904_111745/raw_logs/IME_NATIVE_KERNELS_IME_GEMM_INT8_I8I32_8x8_NATIVE_ime_kernel_8x8_zvl256b_lmul1_unroll2_run3.log",NA,NA,NA,NA,NA,NA,NA
2026-09-04T11:20:15,k1-mixed-rvv-ime,"IME_NATIVE_KERNELS","IME_GEMM_INT8_I8I32_8x8_NATIVE","ime_kernel_8x8_zvl256b_lmul1_unroll2",8x8,256b,1,2,INT8_MIXED,0-7-mixed-rvv-ime,8,8,1024,1024,1024,32,4,OK,0,NONE,0.100749373,GOPS,21.315107,parallel_tiles_including_required_packing,DISABLED,0,0,"0:cpu0:IME:tiles6;1:cpu1:IME:tiles6;2:cpu2:IME:tiles5;3:cpu3:IME:tiles7;4:cpu4:RVV:tiles2;5:cpu5:RVV:tiles2;6:cpu6:RVV:tiles2;7:cpu7:RVV:tiles2","NA",dynamic,1,"IME:24;RVV:8","igemm_kernel_8x8_zvl256b_lmul1_unroll2","/home/bananapi/MAT/kernels riscv rvv 1.0/FINAL/riscv-rvv-ime-gemm-microkernels-updated/HETEROGENEOUS_RVV_IME_OPENMP_GEMM/results/openmp_results_k1-mixed-rvv-ime-dynamic_1024_20260904_111745/raw_logs/IME_NATIVE_KERNELS_IME_GEMM_INT8_I8I32_8x8_NATIVE_ime_kernel_8x8_zvl256b_lmul1_unroll2_run4.log",NA,NA,NA,NA,NA,NA,NA
2026-09-04T11:20:15,k1-mixed-rvv-ime,"IME_NATIVE_KERNELS","IME_GEMM_INT8_I8I32_8x8_NATIVE","ime_kernel_8x8_zvl256b_lmul1_unroll2",8x8,256b,1,2,INT8_MIXED,0-7-mixed-rvv-ime,8,8,1024,1024,1024,32,5,OK,0,NONE,0.108669750,GOPS,19.761559,parallel_tiles_including_required_packing,DISABLED,0,0,"0:cpu0:IME:tiles5;1:cpu1:IME:tiles5;2:cpu2:IME:tiles8;3:cpu3:IME:tiles6;4:cpu4:RVV:tiles2;5:cpu5:RVV:tiles2;6:cpu6:RVV:tiles2;7:cpu7:RVV:tiles2","NA",dynamic,1,"IME:24;RVV:8","igemm_kernel_8x8_zvl256b_lmul1_unroll2","/home/bananapi/MAT/kernels riscv rvv 1.0/FINAL/riscv-rvv-ime-gemm-microkernels-updated/HETEROGENEOUS_RVV_IME_OPENMP_GEMM/results/openmp_results_k1-mixed-rvv-ime-dynamic_1024_20260904_111745/raw_logs/IME_NATIVE_KERNELS_IME_GEMM_INT8_I8I32_8x8_NATIVE_ime_kernel_8x8_zvl256b_lmul1_unroll2_run5.log",NA,NA,NA,NA,NA,NA,NA
2026-09-04T11:20:16,k1-mixed-rvv-ime,"IME_NATIVE_KERNELS","IME_GEMM_INT8_I8I32_8x8_NATIVE","ime_kernel_8x8_zvl256b_lmul1_unroll2",8x8,256b,1,2,INT8_MIXED,0-7-mixed-rvv-ime,8,8,1024,1024,1024,32,6,OK,0,NONE,0.107176997,GOPS,20.036796,parallel_tiles_including_required_packing,DISABLED,0,0,"0:cpu0:IME:tiles6;1:cpu1:IME:tiles6;2:cpu2:IME:tiles6;3:cpu3:IME:tiles6;4:cpu4:RVV:tiles2;5:cpu5:RVV:tiles2;6:cpu6:RVV:tiles2;7:cpu7:RVV:tiles2","NA",dynamic,1,"IME:24;RVV:8","igemm_kernel_8x8_zvl256b_lmul1_unroll2","/home/bananapi/MAT/kernels riscv rvv 1.0/FINAL/riscv-rvv-ime-gemm-microkernels-updated/HETEROGENEOUS_RVV_IME_OPENMP_GEMM/results/openmp_results_k1-mixed-rvv-ime-dynamic_1024_20260904_111745/raw_logs/IME_NATIVE_KERNELS_IME_GEMM_INT8_I8I32_8x8_NATIVE_ime_kernel_8x8_zvl256b_lmul1_unroll2_run6.log",NA,NA,NA,NA,NA,NA,NA
2026-09-04T11:20:52,k1-mixed-rvv-ime,"IME_NATIVE_KERNELS","IME_GEMM_INT8_I8I32_8x8_NATIVE","ime_kernel_8x8_zvl256b_lmul1_unroll4",8x8,256b,1,4,INT8_MIXED,0-7-mixed-rvv-ime,8,8,1024,1024,1024,32,1,OK,0,NONE,0.101951707,GOPS,21.063734,parallel_tiles_including_required_packing,INDEPENDENT_INT64_REFERENCE_EXACT_INT32,0,0,"0:cpu0:IME:tiles5;1:cpu1:IME:tiles6;2:cpu2:IME:tiles8;3:cpu3:IME:tiles5;4:cpu4:RVV:tiles2;5:cpu5:RVV:tiles2;6:cpu6:RVV:tiles2;7:cpu7:RVV:tiles2","NA",dynamic,1,"IME:24;RVV:8","igemm_kernel_8x8_zvl256b_lmul1_unroll4","/home/bananapi/MAT/kernels riscv rvv 1.0/FINAL/riscv-rvv-ime-gemm-microkernels-updated/HETEROGENEOUS_RVV_IME_OPENMP_GEMM/results/openmp_results_k1-mixed-rvv-ime-dynamic_1024_20260904_111745/raw_logs/IME_NATIVE_KERNELS_IME_GEMM_INT8_I8I32_8x8_NATIVE_ime_kernel_8x8_zvl256b_lmul1_unroll4_run1.log",NA,NA,NA,NA,NA,NA,NA
2026-09-04T11:20:53,k1-mixed-rvv-ime,"IME_NATIVE_KERNELS","IME_GEMM_INT8_I8I32_8x8_NATIVE","ime_kernel_8x8_zvl256b_lmul1_unroll4",8x8,256b,1,4,INT8_MIXED,0-7-mixed-rvv-ime,8,8,1024,1024,1024,32,2,OK,0,NONE,0.104822248,GOPS,20.486907,parallel_tiles_including_required_packing,DISABLED,0,0,"0:cpu0:IME:tiles6;1:cpu1:IME:tiles6;2:cpu2:IME:tiles6;3:cpu3:IME:tiles6;4:cpu4:RVV:tiles2;5:cpu5:RVV:tiles2;6:cpu6:RVV:tiles2;7:cpu7:RVV:tiles2","NA",dynamic,1,"IME:24;RVV:8","igemm_kernel_8x8_zvl256b_lmul1_unroll4","/home/bananapi/MAT/kernels riscv rvv 1.0/FINAL/riscv-rvv-ime-gemm-microkernels-updated/HETEROGENEOUS_RVV_IME_OPENMP_GEMM/results/openmp_results_k1-mixed-rvv-ime-dynamic_1024_20260904_111745/raw_logs/IME_NATIVE_KERNELS_IME_GEMM_INT8_I8I32_8x8_NATIVE_ime_kernel_8x8_zvl256b_lmul1_unroll4_run2.log",NA,NA,NA,NA,NA,NA,NA
2026-09-04T11:20:53,k1-mixed-rvv-ime,"IME_NATIVE_KERNELS","IME_GEMM_INT8_I8I32_8x8_NATIVE","ime_kernel_8x8_zvl256b_lmul1_unroll4",8x8,256b,1,4,INT8_MIXED,0-7-mixed-rvv-ime,8,8,1024,1024,1024,32,3,OK,0,NONE,0.100334749,GOPS,21.403190,parallel_tiles_including_required_packing,DISABLED,0,0,"0:cpu0:IME:tiles4;1:cpu1:IME:tiles7;2:cpu2:IME:tiles8;3:cpu3:IME:tiles5;4:cpu4:RVV:tiles2;5:cpu5:RVV:tiles2;6:cpu6:RVV:tiles2;7:cpu7:RVV:tiles2","NA",dynamic,1,"IME:24;RVV:8","igemm_kernel_8x8_zvl256b_lmul1_unroll4","/home/bananapi/MAT/kernels riscv rvv 1.0/FINAL/riscv-rvv-ime-gemm-microkernels-updated/HETEROGENEOUS_RVV_IME_OPENMP_GEMM/results/openmp_results_k1-mixed-rvv-ime-dynamic_1024_20260904_111745/raw_logs/IME_NATIVE_KERNELS_IME_GEMM_INT8_I8I32_8x8_NATIVE_ime_kernel_8x8_zvl256b_lmul1_unroll4_run3.log",NA,NA,NA,NA,NA,NA,NA
2026-09-04T11:20:54,k1-mixed-rvv-ime,"IME_NATIVE_KERNELS","IME_GEMM_INT8_I8I32_8x8_NATIVE","ime_kernel_8x8_zvl256b_lmul1_unroll4",8x8,256b,1,4,INT8_MIXED,0-7-mixed-rvv-ime,8,8,1024,1024,1024,32,4,OK,0,NONE,0.102646127,GOPS,20.921234,parallel_tiles_including_required_packing,DISABLED,0,0,"0:cpu0:IME:tiles6;1:cpu1:IME:tiles6;2:cpu2:IME:tiles6;3:cpu3:IME:tiles6;4:cpu4:RVV:tiles2;5:cpu5:RVV:tiles2;6:cpu6:RVV:tiles2;7:cpu7:RVV:tiles2","NA",dynamic,1,"IME:24;RVV:8","igemm_kernel_8x8_zvl256b_lmul1_unroll4","/home/bananapi/MAT/kernels riscv rvv 1.0/FINAL/riscv-rvv-ime-gemm-microkernels-updated/HETEROGENEOUS_RVV_IME_OPENMP_GEMM/results/openmp_results_k1-mixed-rvv-ime-dynamic_1024_20260904_111745/raw_logs/IME_NATIVE_KERNELS_IME_GEMM_INT8_I8I32_8x8_NATIVE_ime_kernel_8x8_zvl256b_lmul1_unroll4_run4.log",NA,NA,NA,NA,NA,NA,NA
2026-09-04T11:20:55,k1-mixed-rvv-ime,"IME_NATIVE_KERNELS","IME_GEMM_INT8_I8I32_8x8_NATIVE","ime_kernel_8x8_zvl256b_lmul1_unroll4",8x8,256b,1,4,INT8_MIXED,0-7-mixed-rvv-ime,8,8,1024,1024,1024,32,5,OK,0,NONE,0.101305749,GOPS,21.198043,parallel_tiles_including_required_packing,DISABLED,0,0,"0:cpu0:IME:tiles5;1:cpu1:IME:tiles5;2:cpu2:IME:tiles6;3:cpu3:IME:tiles8;4:cpu4:RVV:tiles2;5:cpu5:RVV:tiles2;6:cpu6:RVV:tiles2;7:cpu7:RVV:tiles2","NA",dynamic,1,"IME:24;RVV:8","igemm_kernel_8x8_zvl256b_lmul1_unroll4","/home/bananapi/MAT/kernels riscv rvv 1.0/FINAL/riscv-rvv-ime-gemm-microkernels-updated/HETEROGENEOUS_RVV_IME_OPENMP_GEMM/results/openmp_results_k1-mixed-rvv-ime-dynamic_1024_20260904_111745/raw_logs/IME_NATIVE_KERNELS_IME_GEMM_INT8_I8I32_8x8_NATIVE_ime_kernel_8x8_zvl256b_lmul1_unroll4_run5.log",NA,NA,NA,NA,NA,NA,NA
2026-09-04T11:20:55,k1-mixed-rvv-ime,"IME_NATIVE_KERNELS","IME_GEMM_INT8_I8I32_8x8_NATIVE","ime_kernel_8x8_zvl256b_lmul1_unroll4",8x8,256b,1,4,INT8_MIXED,0-7-mixed-rvv-ime,8,8,1024,1024,1024,32,6,OK,0,NONE,0.101092543,GOPS,21.242750,parallel_tiles_including_required_packing,DISABLED,0,0,"0:cpu0:IME:tiles6;1:cpu1:IME:tiles5;2:cpu2:IME:tiles8;3:cpu3:IME:tiles5;4:cpu4:RVV:tiles2;5:cpu5:RVV:tiles2;6:cpu6:RVV:tiles2;7:cpu7:RVV:tiles2","NA",dynamic,1,"IME:24;RVV:8","igemm_kernel_8x8_zvl256b_lmul1_unroll4","/home/bananapi/MAT/kernels riscv rvv 1.0/FINAL/riscv-rvv-ime-gemm-microkernels-updated/HETEROGENEOUS_RVV_IME_OPENMP_GEMM/results/openmp_results_k1-mixed-rvv-ime-dynamic_1024_20260904_111745/raw_logs/IME_NATIVE_KERNELS_IME_GEMM_INT8_I8I32_8x8_NATIVE_ime_kernel_8x8_zvl256b_lmul1_unroll4_run6.log",NA,NA,NA,NA,NA,NA,NA
2026-09-04T11:21:39,k1-mixed-rvv-ime,"IME_NATIVE_KERNELS","IME_GEMM_INT8_I8I32_8x8_NATIVE","ime_kernel_8x8_zvl256b_lmul1_unroll8",8x8,256b,1,8,INT8_MIXED,0-7-mixed-rvv-ime,8,8,1024,1024,1024,32,1,OK,0,NONE,0.096453458,GOPS,22.264455,parallel_tiles_including_required_packing,INDEPENDENT_INT64_REFERENCE_EXACT_INT32,0,0,"0:cpu0:IME:tiles6;1:cpu1:IME:tiles6;2:cpu2:IME:tiles6;3:cpu3:IME:tiles6;4:cpu4:RVV:tiles2;5:cpu5:RVV:tiles2;6:cpu6:RVV:tiles2;7:cpu7:RVV:tiles2","NA",dynamic,1,"IME:24;RVV:8","igemm_kernel_8x8_zvl256b_lmul1_unroll8","/home/bananapi/MAT/kernels riscv rvv 1.0/FINAL/riscv-rvv-ime-gemm-microkernels-updated/HETEROGENEOUS_RVV_IME_OPENMP_GEMM/results/openmp_results_k1-mixed-rvv-ime-dynamic_1024_20260904_111745/raw_logs/IME_NATIVE_KERNELS_IME_GEMM_INT8_I8I32_8x8_NATIVE_ime_kernel_8x8_zvl256b_lmul1_unroll8_run1.log",NA,NA,NA,NA,NA,NA,NA
2026-09-04T11:21:40,k1-mixed-rvv-ime,"IME_NATIVE_KERNELS","IME_GEMM_INT8_I8I32_8x8_NATIVE","ime_kernel_8x8_zvl256b_lmul1_unroll8",8x8,256b,1,8,INT8_MIXED,0-7-mixed-rvv-ime,8,8,1024,1024,1024,32,2,OK,0,NONE,0.102319960,GOPS,20.987925,parallel_tiles_including_required_packing,DISABLED,0,0,"0:cpu0:IME:tiles7;1:cpu1:IME:tiles7;2:cpu2:IME:tiles5;3:cpu3:IME:tiles5;4:cpu4:RVV:tiles2;5:cpu5:RVV:tiles2;6:cpu6:RVV:tiles2;7:cpu7:RVV:tiles2","NA",dynamic,1,"IME:24;RVV:8","igemm_kernel_8x8_zvl256b_lmul1_unroll8","/home/bananapi/MAT/kernels riscv rvv 1.0/FINAL/riscv-rvv-ime-gemm-microkernels-updated/HETEROGENEOUS_RVV_IME_OPENMP_GEMM/results/openmp_results_k1-mixed-rvv-ime-dynamic_1024_20260904_111745/raw_logs/IME_NATIVE_KERNELS_IME_GEMM_INT8_I8I32_8x8_NATIVE_ime_kernel_8x8_zvl256b_lmul1_unroll8_run2.log",NA,NA,NA,NA,NA,NA,NA
2026-09-04T11:21:40,k1-mixed-rvv-ime,"IME_NATIVE_KERNELS","IME_GEMM_INT8_I8I32_8x8_NATIVE","ime_kernel_8x8_zvl256b_lmul1_unroll8",8x8,256b,1,8,INT8_MIXED,0-7-mixed-rvv-ime,8,8,1024,1024,1024,32,3,OK,0,NONE,0.095810167,GOPS,22.413943,parallel_tiles_including_required_packing,DISABLED,0,0,"0:cpu0:IME:tiles5;1:cpu1:IME:tiles7;2:cpu2:IME:tiles5;3:cpu3:IME:tiles7;4:cpu4:RVV:tiles2;5:cpu5:RVV:tiles2;6:cpu6:RVV:tiles2;7:cpu7:RVV:tiles2","NA",dynamic,1,"IME:24;RVV:8","igemm_kernel_8x8_zvl256b_lmul1_unroll8","/home/bananapi/MAT/kernels riscv rvv 1.0/FINAL/riscv-rvv-ime-gemm-microkernels-updated/HETEROGENEOUS_RVV_IME_OPENMP_GEMM/results/openmp_results_k1-mixed-rvv-ime-dynamic_1024_20260904_111745/raw_logs/IME_NATIVE_KERNELS_IME_GEMM_INT8_I8I32_8x8_NATIVE_ime_kernel_8x8_zvl256b_lmul1_unroll8_run3.log",NA,NA,NA,NA,NA,NA,NA
2026-09-04T11:21:41,k1-mixed-rvv-ime,"IME_NATIVE_KERNELS","IME_GEMM_INT8_I8I32_8x8_NATIVE","ime_kernel_8x8_zvl256b_lmul1_unroll8",8x8,256b,1,8,INT8_MIXED,0-7-mixed-rvv-ime,8,8,1024,1024,1024,32,4,OK,0,NONE,0.093782250,GOPS,22.898615,parallel_tiles_including_required_packing,DISABLED,0,0,"0:cpu0:IME:tiles6;1:cpu1:IME:tiles6;2:cpu2:IME:tiles6;3:cpu3:IME:tiles6;4:cpu4:RVV:tiles2;5:cpu5:RVV:tiles2;6:cpu6:RVV:tiles2;7:cpu7:RVV:tiles2","NA",dynamic,1,"IME:24;RVV:8","igemm_kernel_8x8_zvl256b_lmul1_unroll8","/home/bananapi/MAT/kernels riscv rvv 1.0/FINAL/riscv-rvv-ime-gemm-microkernels-updated/HETEROGENEOUS_RVV_IME_OPENMP_GEMM/results/openmp_results_k1-mixed-rvv-ime-dynamic_1024_20260904_111745/raw_logs/IME_NATIVE_KERNELS_IME_GEMM_INT8_I8I32_8x8_NATIVE_ime_kernel_8x8_zvl256b_lmul1_unroll8_run4.log",NA,NA,NA,NA,NA,NA,NA
2026-09-04T11:21:41,k1-mixed-rvv-ime,"IME_NATIVE_KERNELS","IME_GEMM_INT8_I8I32_8x8_NATIVE","ime_kernel_8x8_zvl256b_lmul1_unroll8",8x8,256b,1,8,INT8_MIXED,0-7-mixed-rvv-ime,8,8,1024,1024,1024,32,5,OK,0,NONE,0.102579374,GOPS,20.934848,parallel_tiles_including_required_packing,DISABLED,0,0,"0:cpu0:IME:tiles6;1:cpu1:IME:tiles7;2:cpu2:IME:tiles6;3:cpu3:IME:tiles5;4:cpu4:RVV:tiles2;5:cpu5:RVV:tiles2;6:cpu6:RVV:tiles2;7:cpu7:RVV:tiles2","NA",dynamic,1,"IME:24;RVV:8","igemm_kernel_8x8_zvl256b_lmul1_unroll8","/home/bananapi/MAT/kernels riscv rvv 1.0/FINAL/riscv-rvv-ime-gemm-microkernels-updated/HETEROGENEOUS_RVV_IME_OPENMP_GEMM/results/openmp_results_k1-mixed-rvv-ime-dynamic_1024_20260904_111745/raw_logs/IME_NATIVE_KERNELS_IME_GEMM_INT8_I8I32_8x8_NATIVE_ime_kernel_8x8_zvl256b_lmul1_unroll8_run5.log",NA,NA,NA,NA,NA,NA,NA
2026-09-04T11:21:42,k1-mixed-rvv-ime,"IME_NATIVE_KERNELS","IME_GEMM_INT8_I8I32_8x8_NATIVE","ime_kernel_8x8_zvl256b_lmul1_unroll8",8x8,256b,1,8,INT8_MIXED,0-7-mixed-rvv-ime,8,8,1024,1024,1024,32,6,OK,0,NONE,0.098133456,GOPS,21.883298,parallel_tiles_including_required_packing,DISABLED,0,0,"0:cpu0:IME:tiles5;1:cpu1:IME:tiles6;2:cpu2:IME:tiles5;3:cpu3:IME:tiles8;4:cpu4:RVV:tiles2;5:cpu5:RVV:tiles2;6:cpu6:RVV:tiles2;7:cpu7:RVV:tiles2","NA",dynamic,1,"IME:24;RVV:8","igemm_kernel_8x8_zvl256b_lmul1_unroll8","/home/bananapi/MAT/kernels riscv rvv 1.0/FINAL/riscv-rvv-ime-gemm-microkernels-updated/HETEROGENEOUS_RVV_IME_OPENMP_GEMM/results/openmp_results_k1-mixed-rvv-ime-dynamic_1024_20260904_111745/raw_logs/IME_NATIVE_KERNELS_IME_GEMM_INT8_I8I32_8x8_NATIVE_ime_kernel_8x8_zvl256b_lmul1_unroll8_run6.log",NA,NA,NA,NA,NA,NA,NA
