baseline,family,kernel,campaign,core,domain,metric,ok_runs,avg_value,min_value,max_value,avg_time_sec,ok_count,failed_count,kernel_return_count,build_failed_count,no_bench_count,validation_failed_count
GEMM_RVV_FP32_INT8_8x4_Baseline,FP32_SGEMM,sgemm_kernel_8x4_zvl256b_lmul1_unroll1,RVV,0,RVV_IME,GFLOPS,6,4.72723,4.6035,4.9373,0.454694,6,0,0,0,0,0
GEMM_RVV_FP32_INT8_8x4_Baseline,FP32_SGEMM,sgemm_kernel_8x4_zvl256b_lmul1_unroll1,RVV,1,RVV_IME,GFLOPS,6,4.86747,4.6737,4.9793,0.441546,6,0,0,0,0,0
GEMM_RVV_FP32_INT8_8x4_Baseline,FP32_SGEMM,sgemm_kernel_8x4_zvl256b_lmul1_unroll1,RVV,2,RVV_IME,GFLOPS,6,4.79777,4.5939,4.9799,0.448069,6,0,0,0,0,0
GEMM_RVV_FP32_INT8_8x4_Baseline,FP32_SGEMM,sgemm_kernel_8x4_zvl256b_lmul1_unroll1,RVV,3,RVV_IME,GFLOPS,6,4.8629,4.6564,4.977,0.44199,6,0,0,0,0,0
GEMM_RVV_FP32_INT8_8x4_Baseline,FP32_SGEMM,sgemm_kernel_8x4_zvl256b_lmul1_unroll1,RVV,4,RVV,GFLOPS,6,4.61213,4.4808,4.809,0.465994,6,0,0,0,0,0
GEMM_RVV_FP32_INT8_8x4_Baseline,FP32_SGEMM,sgemm_kernel_8x4_zvl256b_lmul1_unroll1,RVV,5,RVV,GFLOPS,6,4.74685,4.4961,4.8086,0.452667,6,0,0,0,0,0
GEMM_RVV_FP32_INT8_8x4_Baseline,FP32_SGEMM,sgemm_kernel_8x4_zvl256b_lmul1_unroll1,RVV,6,RVV,GFLOPS,6,4.66572,4.5151,4.805,0.460655,6,0,0,0,0,0
GEMM_RVV_FP32_INT8_8x4_Baseline,FP32_SGEMM,sgemm_kernel_8x4_zvl256b_lmul1_unroll1,RVV,7,RVV,GFLOPS,6,4.70227,4.5137,4.8001,0.457041,6,0,0,0,0,0
GEMM_RVV_FP32_INT8_8x4_Baseline,FP32_SGEMM,sgemm_kernel_8x4_zvl256b_lmul1_unroll2,RVV,0,RVV_IME,GFLOPS,6,4.63178,4.4842,4.7736,0.464056,6,0,0,0,0,0
GEMM_RVV_FP32_INT8_8x4_Baseline,FP32_SGEMM,sgemm_kernel_8x4_zvl256b_lmul1_unroll2,RVV,1,RVV_IME,GFLOPS,6,4.65112,4.5195,4.7876,0.462073,6,0,0,0,0,0
GEMM_RVV_FP32_INT8_8x4_Baseline,FP32_SGEMM,sgemm_kernel_8x4_zvl256b_lmul1_unroll2,RVV,2,RVV_IME,GFLOPS,6,4.73045,4.4894,4.7929,0.454218,6,0,0,0,0,0
GEMM_RVV_FP32_INT8_8x4_Baseline,FP32_SGEMM,sgemm_kernel_8x4_zvl256b_lmul1_unroll2,RVV,3,RVV_IME,GFLOPS,6,4.69138,4.5076,4.7905,0.458078,6,0,0,0,0,0
GEMM_RVV_FP32_INT8_8x4_Baseline,FP32_SGEMM,sgemm_kernel_8x4_zvl256b_lmul1_unroll2,RVV,4,RVV,GFLOPS,6,4.72728,4.5358,4.833,0.454656,6,0,0,0,0,0
GEMM_RVV_FP32_INT8_8x4_Baseline,FP32_SGEMM,sgemm_kernel_8x4_zvl256b_lmul1_unroll2,RVV,5,RVV,GFLOPS,6,4.66828,4.519,4.8148,0.460443,6,0,0,0,0,0
GEMM_RVV_FP32_INT8_8x4_Baseline,FP32_SGEMM,sgemm_kernel_8x4_zvl256b_lmul1_unroll2,RVV,6,RVV,GFLOPS,6,4.67337,4.5311,4.8248,0.459931,6,0,0,0,0,0
GEMM_RVV_FP32_INT8_8x4_Baseline,FP32_SGEMM,sgemm_kernel_8x4_zvl256b_lmul1_unroll2,RVV,7,RVV,GFLOPS,6,4.68672,4.5311,4.8369,0.458665,6,0,0,0,0,0
GEMM_RVV_FP32_INT8_8x4_Baseline,FP32_SGEMM,sgemm_kernel_8x4_zvl256b_lmul1_unroll4,RVV,0,RVV_IME,GFLOPS,6,4.53125,4.4359,4.6826,0.474179,6,0,0,0,0,0
GEMM_RVV_FP32_INT8_8x4_Baseline,FP32_SGEMM,sgemm_kernel_8x4_zvl256b_lmul1_unroll4,RVV,1,RVV_IME,GFLOPS,6,4.65132,4.4807,4.7453,0.461987,6,0,0,0,0,0
GEMM_RVV_FP32_INT8_8x4_Baseline,FP32_SGEMM,sgemm_kernel_8x4_zvl256b_lmul1_unroll4,RVV,2,RVV_IME,GFLOPS,6,4.61503,4.4845,4.7485,0.465679,6,0,0,0,0,0
GEMM_RVV_FP32_INT8_8x4_Baseline,FP32_SGEMM,sgemm_kernel_8x4_zvl256b_lmul1_unroll4,RVV,3,RVV_IME,GFLOPS,6,4.6025,4.4781,4.7363,0.466882,6,0,0,0,0,0
GEMM_RVV_FP32_INT8_8x4_Baseline,FP32_SGEMM,sgemm_kernel_8x4_zvl256b_lmul1_unroll4,RVV,4,RVV,GFLOPS,6,4.52477,4.4735,4.7387,0.47481,6,0,0,0,0,0
GEMM_RVV_FP32_INT8_8x4_Baseline,FP32_SGEMM,sgemm_kernel_8x4_zvl256b_lmul1_unroll4,RVV,5,RVV,GFLOPS,6,4.59025,4.452,4.728,0.468236,6,0,0,0,0,0
GEMM_RVV_FP32_INT8_8x4_Baseline,FP32_SGEMM,sgemm_kernel_8x4_zvl256b_lmul1_unroll4,RVV,6,RVV,GFLOPS,6,4.55888,4.4664,4.7411,0.471406,6,0,0,0,0,0
GEMM_RVV_FP32_INT8_8x4_Baseline,FP32_SGEMM,sgemm_kernel_8x4_zvl256b_lmul1_unroll4,RVV,7,RVV,GFLOPS,6,4.5353,4.3966,4.735,0.473941,6,0,0,0,0,0
GEMM_RVV_FP32_INT8_8x4_Baseline,FP32_SGEMM,sgemm_kernel_8x4_zvl256b_lmul1_unroll8,RVV,0,RVV_IME,GFLOPS,6,4.68505,4.4988,4.8,0.458721,6,0,0,0,0,0
GEMM_RVV_FP32_INT8_8x4_Baseline,FP32_SGEMM,sgemm_kernel_8x4_zvl256b_lmul1_unroll8,RVV,1,RVV_IME,GFLOPS,6,4.74187,4.528,4.8134,0.453077,6,0,0,0,0,0
GEMM_RVV_FP32_INT8_8x4_Baseline,FP32_SGEMM,sgemm_kernel_8x4_zvl256b_lmul1_unroll8,RVV,2,RVV_IME,GFLOPS,6,4.77412,4.5389,4.835,0.450046,6,0,0,0,0,0
GEMM_RVV_FP32_INT8_8x4_Baseline,FP32_SGEMM,sgemm_kernel_8x4_zvl256b_lmul1_unroll8,RVV,3,RVV_IME,GFLOPS,6,4.6343,4.5445,4.8119,0.463715,6,0,0,0,0,0
GEMM_RVV_FP32_INT8_8x4_Baseline,FP32_SGEMM,sgemm_kernel_8x4_zvl256b_lmul1_unroll8,RVV,4,RVV,GFLOPS,6,4.65138,4.4618,4.768,0.462008,6,0,0,0,0,0
GEMM_RVV_FP32_INT8_8x4_Baseline,FP32_SGEMM,sgemm_kernel_8x4_zvl256b_lmul1_unroll8,RVV,5,RVV,GFLOPS,6,4.64227,4.4161,4.7466,0.463016,6,0,0,0,0,0
GEMM_RVV_FP32_INT8_8x4_Baseline,FP32_SGEMM,sgemm_kernel_8x4_zvl256b_lmul1_unroll8,RVV,6,RVV,GFLOPS,6,4.62193,4.4809,4.7626,0.465038,6,0,0,0,0,0
GEMM_RVV_FP32_INT8_8x4_Baseline,FP32_SGEMM,sgemm_kernel_8x4_zvl256b_lmul1_unroll8,RVV,7,RVV,GFLOPS,6,4.71773,4.5029,4.7675,0.45539,6,0,0,0,0,0
GEMM_RVV_FP32_INT8_8x4_Baseline,FP32_SGEMM,sgemm_kernel_8x4_zvl256b_lmul2_unroll1,RVV,0,RVV_IME,GFLOPS,6,2.8062,2.7207,2.8526,0.765572,6,0,0,0,0,0
GEMM_RVV_FP32_INT8_8x4_Baseline,FP32_SGEMM,sgemm_kernel_8x4_zvl256b_lmul2_unroll1,RVV,1,RVV_IME,GFLOPS,6,2.81792,2.7341,2.865,0.762423,6,0,0,0,0,0
GEMM_RVV_FP32_INT8_8x4_Baseline,FP32_SGEMM,sgemm_kernel_8x4_zvl256b_lmul2_unroll1,RVV,2,RVV_IME,GFLOPS,6,2.84577,2.7482,2.8677,0.754808,6,0,0,0,0,0
GEMM_RVV_FP32_INT8_8x4_Baseline,FP32_SGEMM,sgemm_kernel_8x4_zvl256b_lmul2_unroll1,RVV,3,RVV_IME,GFLOPS,6,2.78103,2.7272,2.8668,0.772535,6,0,0,0,0,0
GEMM_RVV_FP32_INT8_8x4_Baseline,FP32_SGEMM,sgemm_kernel_8x4_zvl256b_lmul2_unroll1,RVV,4,RVV,GFLOPS,6,2.8133,2.7403,2.8571,0.763582,6,0,0,0,0,0
GEMM_RVV_FP32_INT8_8x4_Baseline,FP32_SGEMM,sgemm_kernel_8x4_zvl256b_lmul2_unroll1,RVV,5,RVV,GFLOPS,6,2.8099,2.7335,2.8523,0.764535,6,0,0,0,0,0
GEMM_RVV_FP32_INT8_8x4_Baseline,FP32_SGEMM,sgemm_kernel_8x4_zvl256b_lmul2_unroll1,RVV,6,RVV,GFLOPS,6,2.77222,2.7357,2.8588,0.774866,6,0,0,0,0,0
GEMM_RVV_FP32_INT8_8x4_Baseline,FP32_SGEMM,sgemm_kernel_8x4_zvl256b_lmul2_unroll1,RVV,7,RVV,GFLOPS,6,2.77757,2.7348,2.859,0.773479,6,0,0,0,0,0
GEMM_RVV_FP32_INT8_8x4_Baseline,FP32_SGEMM,sgemm_kernel_8x4_zvl256b_lmul2_unroll2,RVV,0,RVV_IME,GFLOPS,6,2.86953,2.7764,2.9248,0.748766,6,0,0,0,0,0
GEMM_RVV_FP32_INT8_8x4_Baseline,FP32_SGEMM,sgemm_kernel_8x4_zvl256b_lmul2_unroll2,RVV,1,RVV_IME,GFLOPS,6,2.87263,2.7987,2.9464,0.748035,6,0,0,0,0,0
GEMM_RVV_FP32_INT8_8x4_Baseline,FP32_SGEMM,sgemm_kernel_8x4_zvl256b_lmul2_unroll2,RVV,2,RVV_IME,GFLOPS,6,2.8687,2.7827,2.9442,0.749102,6,0,0,0,0,0
GEMM_RVV_FP32_INT8_8x4_Baseline,FP32_SGEMM,sgemm_kernel_8x4_zvl256b_lmul2_unroll2,RVV,3,RVV_IME,GFLOPS,6,2.86845,2.7984,2.9431,0.749091,6,0,0,0,0,0
GEMM_RVV_FP32_INT8_8x4_Baseline,FP32_SGEMM,sgemm_kernel_8x4_zvl256b_lmul2_unroll2,RVV,4,RVV,GFLOPS,6,2.763,2.741,2.8531,0.777393,6,0,0,0,0,0
GEMM_RVV_FP32_INT8_8x4_Baseline,FP32_SGEMM,sgemm_kernel_8x4_zvl256b_lmul2_unroll2,RVV,5,RVV,GFLOPS,6,2.75522,2.7353,2.8442,0.779581,6,0,0,0,0,0
GEMM_RVV_FP32_INT8_8x4_Baseline,FP32_SGEMM,sgemm_kernel_8x4_zvl256b_lmul2_unroll2,RVV,6,RVV,GFLOPS,6,2.80133,2.7454,2.8571,0.766886,6,0,0,0,0,0
GEMM_RVV_FP32_INT8_8x4_Baseline,FP32_SGEMM,sgemm_kernel_8x4_zvl256b_lmul2_unroll2,RVV,7,RVV,GFLOPS,6,2.81693,2.7408,2.8584,0.762608,6,0,0,0,0,0
GEMM_RVV_FP32_INT8_8x4_Baseline,FP32_SGEMM,sgemm_kernel_8x4_zvl256b_lmul2_unroll4,RVV,0,RVV_IME,GFLOPS,6,2.76992,2.7097,2.8657,0.775662,6,0,0,0,0,0
GEMM_RVV_FP32_INT8_8x4_Baseline,FP32_SGEMM,sgemm_kernel_8x4_zvl256b_lmul2_unroll4,RVV,1,RVV_IME,GFLOPS,6,2.79427,2.7463,2.8857,0.768925,6,0,0,0,0,0
GEMM_RVV_FP32_INT8_8x4_Baseline,FP32_SGEMM,sgemm_kernel_8x4_zvl256b_lmul2_unroll4,RVV,2,RVV_IME,GFLOPS,6,2.79405,2.7471,2.8817,0.768937,6,0,0,0,0,0
GEMM_RVV_FP32_INT8_8x4_Baseline,FP32_SGEMM,sgemm_kernel_8x4_zvl256b_lmul2_unroll4,RVV,3,RVV_IME,GFLOPS,6,2.7931,2.7459,2.8869,0.769226,6,0,0,0,0,0
GEMM_RVV_FP32_INT8_8x4_Baseline,FP32_SGEMM,sgemm_kernel_8x4_zvl256b_lmul2_unroll4,RVV,4,RVV,GFLOPS,6,2.86617,2.8217,2.9126,0.749429,6,0,0,0,0,0
GEMM_RVV_FP32_INT8_8x4_Baseline,FP32_SGEMM,sgemm_kernel_8x4_zvl256b_lmul2_unroll4,RVV,5,RVV,GFLOPS,6,2.8333,2.7598,2.9056,0.758205,6,0,0,0,0,0
GEMM_RVV_FP32_INT8_8x4_Baseline,FP32_SGEMM,sgemm_kernel_8x4_zvl256b_lmul2_unroll4,RVV,6,RVV,GFLOPS,6,2.867,2.819,2.9169,0.74924,6,0,0,0,0,0
GEMM_RVV_FP32_INT8_8x4_Baseline,FP32_SGEMM,sgemm_kernel_8x4_zvl256b_lmul2_unroll4,RVV,7,RVV,GFLOPS,6,2.83668,2.7758,2.9048,0.757269,6,0,0,0,0,0
GEMM_RVV_FP32_INT8_8x4_Baseline,FP32_SGEMM,sgemm_kernel_8x4_zvl256b_lmul2_unroll8,RVV,0,RVV_IME,GFLOPS,6,2.8079,2.7445,2.8707,0.765081,6,0,0,0,0,0
GEMM_RVV_FP32_INT8_8x4_Baseline,FP32_SGEMM,sgemm_kernel_8x4_zvl256b_lmul2_unroll8,RVV,1,RVV_IME,GFLOPS,6,2.86888,2.7874,2.8868,0.748669,6,0,0,0,0,0
GEMM_RVV_FP32_INT8_8x4_Baseline,FP32_SGEMM,sgemm_kernel_8x4_zvl256b_lmul2_unroll8,RVV,2,RVV_IME,GFLOPS,6,2.85443,2.7845,2.893,0.752545,6,0,0,0,0,0
GEMM_RVV_FP32_INT8_8x4_Baseline,FP32_SGEMM,sgemm_kernel_8x4_zvl256b_lmul2_unroll8,RVV,3,RVV_IME,GFLOPS,6,2.83585,2.785,2.8866,0.757486,6,0,0,0,0,0
GEMM_RVV_FP32_INT8_8x4_Baseline,FP32_SGEMM,sgemm_kernel_8x4_zvl256b_lmul2_unroll8,RVV,4,RVV,GFLOPS,6,2.88002,2.819,2.9137,0.745815,6,0,0,0,0,0
GEMM_RVV_FP32_INT8_8x4_Baseline,FP32_SGEMM,sgemm_kernel_8x4_zvl256b_lmul2_unroll8,RVV,5,RVV,GFLOPS,6,2.8394,2.8059,2.9062,0.756504,6,0,0,0,0,0
GEMM_RVV_FP32_INT8_8x4_Baseline,FP32_SGEMM,sgemm_kernel_8x4_zvl256b_lmul2_unroll8,RVV,6,RVV,GFLOPS,6,2.87893,2.8134,2.9138,0.746108,6,0,0,0,0,0
GEMM_RVV_FP32_INT8_8x4_Baseline,FP32_SGEMM,sgemm_kernel_8x4_zvl256b_lmul2_unroll8,RVV,7,RVV,GFLOPS,6,2.8779,2.8103,2.9126,0.746394,6,0,0,0,0,0
GEMM_RVV_FP32_INT8_8x4_Baseline,FP32_SGEMM,sgemm_kernel_8x4_zvl256b_lmul4_unroll1,RVV,0,RVV_IME,GFLOPS,6,0.6492,0.6456,0.6611,3.30814,6,0,0,0,0,0
GEMM_RVV_FP32_INT8_8x4_Baseline,FP32_SGEMM,sgemm_kernel_8x4_zvl256b_lmul4_unroll1,RVV,1,RVV_IME,GFLOPS,6,0.654867,0.649,0.6647,3.27961,6,0,0,0,0,0
GEMM_RVV_FP32_INT8_8x4_Baseline,FP32_SGEMM,sgemm_kernel_8x4_zvl256b_lmul4_unroll1,RVV,2,RVV_IME,GFLOPS,6,0.651017,0.6503,0.6521,3.29869,6,0,0,0,0,0
GEMM_RVV_FP32_INT8_8x4_Baseline,FP32_SGEMM,sgemm_kernel_8x4_zvl256b_lmul4_unroll1,RVV,3,RVV_IME,GFLOPS,6,0.656883,0.6491,0.6645,3.26958,6,0,0,0,0,0
GEMM_RVV_FP32_INT8_8x4_Baseline,FP32_SGEMM,sgemm_kernel_8x4_zvl256b_lmul4_unroll1,RVV,4,RVV,GFLOPS,6,0.667133,0.6598,0.6743,3.21934,6,0,0,0,0,0
GEMM_RVV_FP32_INT8_8x4_Baseline,FP32_SGEMM,sgemm_kernel_8x4_zvl256b_lmul4_unroll1,RVV,5,RVV,GFLOPS,6,0.664533,0.6566,0.6722,3.23192,6,0,0,0,0,0
GEMM_RVV_FP32_INT8_8x4_Baseline,FP32_SGEMM,sgemm_kernel_8x4_zvl256b_lmul4_unroll1,RVV,6,RVV,GFLOPS,6,0.666317,0.6589,0.6742,3.22327,6,0,0,0,0,0
GEMM_RVV_FP32_INT8_8x4_Baseline,FP32_SGEMM,sgemm_kernel_8x4_zvl256b_lmul4_unroll1,RVV,7,RVV,GFLOPS,6,0.666833,0.6592,0.6741,3.22071,6,0,0,0,0,0
GEMM_RVV_FP32_INT8_8x4_Baseline,FP32_SGEMM,sgemm_kernel_8x4_zvl256b_lmul4_unroll2,RVV,0,RVV_IME,GFLOPS,6,0.7419,0.7177,0.7536,2.89531,6,0,0,0,0,0
GEMM_RVV_FP32_INT8_8x4_Baseline,FP32_SGEMM,sgemm_kernel_8x4_zvl256b_lmul4_unroll2,RVV,1,RVV_IME,GFLOPS,6,0.75915,0.7569,0.7658,2.82887,6,0,0,0,0,0
GEMM_RVV_FP32_INT8_8x4_Baseline,FP32_SGEMM,sgemm_kernel_8x4_zvl256b_lmul4_unroll2,RVV,2,RVV_IME,GFLOPS,6,0.7592,0.7548,0.7678,2.82875,6,0,0,0,0,0
GEMM_RVV_FP32_INT8_8x4_Baseline,FP32_SGEMM,sgemm_kernel_8x4_zvl256b_lmul4_unroll2,RVV,3,RVV_IME,GFLOPS,6,0.761933,0.7564,0.7672,2.81863,6,0,0,0,0,0
GEMM_RVV_FP32_INT8_8x4_Baseline,FP32_SGEMM,sgemm_kernel_8x4_zvl256b_lmul4_unroll2,RVV,4,RVV,GFLOPS,6,0.754467,0.7489,0.7599,2.8466,6,0,0,0,0,0
GEMM_RVV_FP32_INT8_8x4_Baseline,FP32_SGEMM,sgemm_kernel_8x4_zvl256b_lmul4_unroll2,RVV,5,RVV,GFLOPS,6,0.751883,0.747,0.757,2.8563,6,0,0,0,0,0
GEMM_RVV_FP32_INT8_8x4_Baseline,FP32_SGEMM,sgemm_kernel_8x4_zvl256b_lmul4_unroll2,RVV,6,RVV,GFLOPS,6,0.756933,0.7506,0.7602,2.83717,6,0,0,0,0,0
GEMM_RVV_FP32_INT8_8x4_Baseline,FP32_SGEMM,sgemm_kernel_8x4_zvl256b_lmul4_unroll2,RVV,7,RVV,GFLOPS,6,0.755317,0.7503,0.7602,2.84322,6,0,0,0,0,0
GEMM_RVV_FP32_INT8_8x4_Baseline,FP32_SGEMM,sgemm_kernel_8x4_zvl256b_lmul4_unroll4,RVV,0,RVV_IME,GFLOPS,6,0.59805,0.5878,0.6106,3.59169,6,0,0,0,0,0
GEMM_RVV_FP32_INT8_8x4_Baseline,FP32_SGEMM,sgemm_kernel_8x4_zvl256b_lmul4_unroll4,RVV,1,RVV_IME,GFLOPS,6,0.607467,0.5927,0.615,3.53622,6,0,0,0,0,0
GEMM_RVV_FP32_INT8_8x4_Baseline,FP32_SGEMM,sgemm_kernel_8x4_zvl256b_lmul4_unroll4,RVV,2,RVV_IME,GFLOPS,6,0.615467,0.6152,0.6157,3.48929,6,0,0,0,0,0
GEMM_RVV_FP32_INT8_8x4_Baseline,FP32_SGEMM,sgemm_kernel_8x4_zvl256b_lmul4_unroll4,RVV,3,RVV_IME,GFLOPS,6,0.600617,0.5931,0.6152,3.57643,6,0,0,0,0,0
GEMM_RVV_FP32_INT8_8x4_Baseline,FP32_SGEMM,sgemm_kernel_8x4_zvl256b_lmul4_unroll4,RVV,4,RVV,GFLOPS,6,0.596967,0.5824,0.6042,3.5983,6,0,0,0,0,0
GEMM_RVV_FP32_INT8_8x4_Baseline,FP32_SGEMM,sgemm_kernel_8x4_zvl256b_lmul4_unroll4,RVV,5,RVV,GFLOPS,6,0.5878,0.5794,0.6023,3.65434,6,0,0,0,0,0
GEMM_RVV_FP32_INT8_8x4_Baseline,FP32_SGEMM,sgemm_kernel_8x4_zvl256b_lmul4_unroll4,RVV,6,RVV,GFLOPS,6,0.593517,0.5826,0.6043,3.6194,6,0,0,0,0,0
GEMM_RVV_FP32_INT8_8x4_Baseline,FP32_SGEMM,sgemm_kernel_8x4_zvl256b_lmul4_unroll4,RVV,7,RVV,GFLOPS,6,0.597167,0.5825,0.6046,3.59709,6,0,0,0,0,0
GEMM_RVV_FP32_INT8_8x4_Baseline,FP32_SGEMM,sgemm_kernel_8x4_zvl256b_lmul4_unroll8,RVV,0,RVV_IME,GFLOPS,6,0.624783,0.6117,0.638,3.43869,6,0,0,0,0,0
GEMM_RVV_FP32_INT8_8x4_Baseline,FP32_SGEMM,sgemm_kernel_8x4_zvl256b_lmul4_unroll8,RVV,1,RVV_IME,GFLOPS,6,0.62825,0.6146,0.642,3.41976,6,0,0,0,0,0
GEMM_RVV_FP32_INT8_8x4_Baseline,FP32_SGEMM,sgemm_kernel_8x4_zvl256b_lmul4_unroll8,RVV,2,RVV_IME,GFLOPS,6,0.633333,0.6143,0.6427,3.39233,6,0,0,0,0,0
GEMM_RVV_FP32_INT8_8x4_Baseline,FP32_SGEMM,sgemm_kernel_8x4_zvl256b_lmul4_unroll8,RVV,3,RVV_IME,GFLOPS,6,0.623783,0.6139,0.6421,3.44424,6,0,0,0,0,0
GEMM_RVV_FP32_INT8_8x4_Baseline,FP32_SGEMM,sgemm_kernel_8x4_zvl256b_lmul4_unroll8,RVV,4,RVV,GFLOPS,6,0.632133,0.6134,0.6416,3.39856,6,0,0,0,0,0
GEMM_RVV_FP32_INT8_8x4_Baseline,FP32_SGEMM,sgemm_kernel_8x4_zvl256b_lmul4_unroll8,RVV,5,RVV,GFLOPS,6,0.63035,0.6124,0.6398,3.40815,6,0,0,0,0,0
GEMM_RVV_FP32_INT8_8x4_Baseline,FP32_SGEMM,sgemm_kernel_8x4_zvl256b_lmul4_unroll8,RVV,6,RVV,GFLOPS,6,0.623433,0.614,0.6412,3.44595,6,0,0,0,0,0
GEMM_RVV_FP32_INT8_8x4_Baseline,FP32_SGEMM,sgemm_kernel_8x4_zvl256b_lmul4_unroll8,RVV,7,RVV,GFLOPS,6,0.62315,0.6133,0.6414,3.44756,6,0,0,0,0,0
GEMM_RVV_FP32_INT8_8x4_Baseline,FP32_SGEMM,sgemm_kernel_8x4_zvl256b_lmul8_unroll1,RVV,0,RVV_IME,GFLOPS,6,0.271317,0.271,0.2716,7.91542,6,0,0,0,0,0
GEMM_RVV_FP32_INT8_8x4_Baseline,FP32_SGEMM,sgemm_kernel_8x4_zvl256b_lmul8_unroll1,RVV,1,RVV_IME,GFLOPS,6,0.272817,0.2727,0.2729,7.87165,6,0,0,0,0,0
GEMM_RVV_FP32_INT8_8x4_Baseline,FP32_SGEMM,sgemm_kernel_8x4_zvl256b_lmul8_unroll1,RVV,2,RVV_IME,GFLOPS,6,0.273067,0.2729,0.2733,7.86378,6,0,0,0,0,0
GEMM_RVV_FP32_INT8_8x4_Baseline,FP32_SGEMM,sgemm_kernel_8x4_zvl256b_lmul8_unroll1,RVV,3,RVV_IME,GFLOPS,6,0.272717,0.2726,0.273,7.8741,6,0,0,0,0,0
GEMM_RVV_FP32_INT8_8x4_Baseline,FP32_SGEMM,sgemm_kernel_8x4_zvl256b_lmul8_unroll1,RVV,4,RVV,GFLOPS,6,0.272817,0.2727,0.273,7.87179,6,0,0,0,0,0
GEMM_RVV_FP32_INT8_8x4_Baseline,FP32_SGEMM,sgemm_kernel_8x4_zvl256b_lmul8_unroll1,RVV,5,RVV,GFLOPS,6,0.271983,0.2717,0.2722,7.89617,6,0,0,0,0,0
GEMM_RVV_FP32_INT8_8x4_Baseline,FP32_SGEMM,sgemm_kernel_8x4_zvl256b_lmul8_unroll1,RVV,6,RVV,GFLOPS,6,0.2728,0.2726,0.2731,7.8719,6,0,0,0,0,0
GEMM_RVV_FP32_INT8_8x4_Baseline,FP32_SGEMM,sgemm_kernel_8x4_zvl256b_lmul8_unroll1,RVV,7,RVV,GFLOPS,6,0.27285,0.2726,0.273,7.87075,6,0,0,0,0,0
GEMM_RVV_FP32_INT8_8x4_Baseline,FP32_SGEMM,sgemm_kernel_8x4_zvl256b_lmul8_unroll2,RVV,0,RVV_IME,GFLOPS,6,0.27245,0.272,0.2729,7.88197,6,0,0,0,0,0
GEMM_RVV_FP32_INT8_8x4_Baseline,FP32_SGEMM,sgemm_kernel_8x4_zvl256b_lmul8_unroll2,RVV,1,RVV_IME,GFLOPS,6,0.2754,0.2751,0.2758,7.79795,6,0,0,0,0,0
GEMM_RVV_FP32_INT8_8x4_Baseline,FP32_SGEMM,sgemm_kernel_8x4_zvl256b_lmul8_unroll2,RVV,2,RVV_IME,GFLOPS,6,0.275967,0.2756,0.2762,7.78229,6,0,0,0,0,0
GEMM_RVV_FP32_INT8_8x4_Baseline,FP32_SGEMM,sgemm_kernel_8x4_zvl256b_lmul8_unroll2,RVV,3,RVV_IME,GFLOPS,6,0.2757,0.2755,0.2759,7.78927,6,0,0,0,0,0
GEMM_RVV_FP32_INT8_8x4_Baseline,FP32_SGEMM,sgemm_kernel_8x4_zvl256b_lmul8_unroll2,RVV,4,RVV,GFLOPS,6,0.269333,0.269,0.2696,7.97382,6,0,0,0,0,0
GEMM_RVV_FP32_INT8_8x4_Baseline,FP32_SGEMM,sgemm_kernel_8x4_zvl256b_lmul8_unroll2,RVV,5,RVV,GFLOPS,6,0.268567,0.2684,0.2688,7.99583,6,0,0,0,0,0
GEMM_RVV_FP32_INT8_8x4_Baseline,FP32_SGEMM,sgemm_kernel_8x4_zvl256b_lmul8_unroll2,RVV,6,RVV,GFLOPS,6,0.269483,0.2693,0.2697,7.96873,6,0,0,0,0,0
GEMM_RVV_FP32_INT8_8x4_Baseline,FP32_SGEMM,sgemm_kernel_8x4_zvl256b_lmul8_unroll2,RVV,7,RVV,GFLOPS,6,0.269667,0.2696,0.2697,7.96331,6,0,0,0,0,0
GEMM_RVV_FP32_INT8_8x4_Baseline,FP32_SGEMM,sgemm_kernel_8x4_zvl256b_lmul8_unroll4,RVV,0,RVV_IME,GFLOPS,6,0.263483,0.2599,0.2645,8.15065,6,0,0,0,0,0
GEMM_RVV_FP32_INT8_8x4_Baseline,FP32_SGEMM,sgemm_kernel_8x4_zvl256b_lmul8_unroll4,RVV,1,RVV_IME,GFLOPS,6,0.266317,0.2659,0.2666,8.06347,6,0,0,0,0,0
GEMM_RVV_FP32_INT8_8x4_Baseline,FP32_SGEMM,sgemm_kernel_8x4_zvl256b_lmul8_unroll4,RVV,2,RVV_IME,GFLOPS,6,0.26655,0.2661,0.2668,8.05692,6,0,0,0,0,0
GEMM_RVV_FP32_INT8_8x4_Baseline,FP32_SGEMM,sgemm_kernel_8x4_zvl256b_lmul8_unroll4,RVV,3,RVV_IME,GFLOPS,6,0.26645,0.2661,0.2666,8.05984,6,0,0,0,0,0
GEMM_RVV_FP32_INT8_8x4_Baseline,FP32_SGEMM,sgemm_kernel_8x4_zvl256b_lmul8_unroll4,RVV,4,RVV,GFLOPS,6,0.262967,0.2628,0.2632,8.16645,6,0,0,0,0,0
GEMM_RVV_FP32_INT8_8x4_Baseline,FP32_SGEMM,sgemm_kernel_8x4_zvl256b_lmul8_unroll4,RVV,5,RVV,GFLOPS,6,0.262117,0.2616,0.2624,8.19307,6,0,0,0,0,0
GEMM_RVV_FP32_INT8_8x4_Baseline,FP32_SGEMM,sgemm_kernel_8x4_zvl256b_lmul8_unroll4,RVV,6,RVV,GFLOPS,6,0.262917,0.2627,0.2631,8.16781,6,0,0,0,0,0
GEMM_RVV_FP32_INT8_8x4_Baseline,FP32_SGEMM,sgemm_kernel_8x4_zvl256b_lmul8_unroll4,RVV,7,RVV,GFLOPS,6,0.263117,0.263,0.2632,8.16181,6,0,0,0,0,0
GEMM_RVV_FP32_INT8_8x4_Baseline,FP32_SGEMM,sgemm_kernel_8x4_zvl256b_lmul8_unroll8,RVV,0,RVV_IME,GFLOPS,6,0.271217,0.2675,0.2721,7.91816,6,0,0,0,0,0
GEMM_RVV_FP32_INT8_8x4_Baseline,FP32_SGEMM,sgemm_kernel_8x4_zvl256b_lmul8_unroll8,RVV,1,RVV_IME,GFLOPS,6,0.273567,0.2733,0.2737,7.84996,6,0,0,0,0,0
GEMM_RVV_FP32_INT8_8x4_Baseline,FP32_SGEMM,sgemm_kernel_8x4_zvl256b_lmul8_unroll8,RVV,2,RVV_IME,GFLOPS,6,0.27375,0.2737,0.2738,7.84479,6,0,0,0,0,0
GEMM_RVV_FP32_INT8_8x4_Baseline,FP32_SGEMM,sgemm_kernel_8x4_zvl256b_lmul8_unroll8,RVV,3,RVV_IME,GFLOPS,6,0.27335,0.2731,0.2734,7.85592,6,0,0,0,0,0
GEMM_RVV_FP32_INT8_8x4_Baseline,FP32_SGEMM,sgemm_kernel_8x4_zvl256b_lmul8_unroll8,RVV,4,RVV,GFLOPS,6,0.262783,0.2627,0.2628,8.17222,6,0,0,0,0,0
GEMM_RVV_FP32_INT8_8x4_Baseline,FP32_SGEMM,sgemm_kernel_8x4_zvl256b_lmul8_unroll8,RVV,5,RVV,GFLOPS,6,0.261933,0.2612,0.2622,8.19873,6,0,0,0,0,0
GEMM_RVV_FP32_INT8_8x4_Baseline,FP32_SGEMM,sgemm_kernel_8x4_zvl256b_lmul8_unroll8,RVV,6,RVV,GFLOPS,6,0.26255,0.2621,0.2629,8.1797,6,0,0,0,0,0
GEMM_RVV_FP32_INT8_8x4_Baseline,FP32_SGEMM,sgemm_kernel_8x4_zvl256b_lmul8_unroll8,RVV,7,RVV,GFLOPS,6,0.262783,0.2627,0.2629,8.17234,6,0,0,0,0,0
GEMM_RVV_FP32_INT8_8x4_Baseline,FP32_SGEMM,sgemm_kernel_8x4_zvl256b_lmulmf2_unroll1,RVV,0,RVV_IME,GFLOPS,6,5.4465,5.2655,5.5598,0.394493,6,0,0,0,0,0
GEMM_RVV_FP32_INT8_8x4_Baseline,FP32_SGEMM,sgemm_kernel_8x4_zvl256b_lmulmf2_unroll1,RVV,1,RVV_IME,GFLOPS,6,5.40223,5.2958,5.5858,0.397732,6,0,0,0,0,0
GEMM_RVV_FP32_INT8_8x4_Baseline,FP32_SGEMM,sgemm_kernel_8x4_zvl256b_lmulmf2_unroll1,RVV,2,RVV_IME,GFLOPS,6,5.46253,5.3277,5.6021,0.393359,6,0,0,0,0,0
GEMM_RVV_FP32_INT8_8x4_Baseline,FP32_SGEMM,sgemm_kernel_8x4_zvl256b_lmulmf2_unroll1,RVV,3,RVV_IME,GFLOPS,6,5.43437,5.271,5.5797,0.395447,6,0,0,0,0,0
GEMM_RVV_FP32_INT8_8x4_Baseline,FP32_SGEMM,sgemm_kernel_8x4_zvl256b_lmulmf2_unroll1,RVV,4,RVV,GFLOPS,6,5.37407,5.1731,5.4765,0.399868,6,0,0,0,0,0
GEMM_RVV_FP32_INT8_8x4_Baseline,FP32_SGEMM,sgemm_kernel_8x4_zvl256b_lmulmf2_unroll1,RVV,5,RVV,GFLOPS,6,5.30963,5.1545,5.4576,0.404752,6,0,0,0,0,0
GEMM_RVV_FP32_INT8_8x4_Baseline,FP32_SGEMM,sgemm_kernel_8x4_zvl256b_lmulmf2_unroll1,RVV,6,RVV,GFLOPS,6,5.35448,5.049,5.4788,0.401502,6,0,0,0,0,0
GEMM_RVV_FP32_INT8_8x4_Baseline,FP32_SGEMM,sgemm_kernel_8x4_zvl256b_lmulmf2_unroll1,RVV,7,RVV,GFLOPS,6,5.28218,5.177,5.4777,0.406814,6,0,0,0,0,0
GEMM_RVV_FP32_INT8_8x4_Baseline,FP32_SGEMM,sgemm_kernel_8x4_zvl256b_lmulmf2_unroll2,RVV,0,RVV_IME,GFLOPS,6,5.3496,5.1772,5.4423,0.401619,6,0,0,0,0,0
GEMM_RVV_FP32_INT8_8x4_Baseline,FP32_SGEMM,sgemm_kernel_8x4_zvl256b_lmulmf2_unroll2,RVV,1,RVV_IME,GFLOPS,6,5.34282,5.2046,5.478,0.402191,6,0,0,0,0,0
GEMM_RVV_FP32_INT8_8x4_Baseline,FP32_SGEMM,sgemm_kernel_8x4_zvl256b_lmulmf2_unroll2,RVV,2,RVV_IME,GFLOPS,6,5.2906,5.1812,5.4738,0.406133,6,0,0,0,0,0
GEMM_RVV_FP32_INT8_8x4_Baseline,FP32_SGEMM,sgemm_kernel_8x4_zvl256b_lmulmf2_unroll2,RVV,3,RVV_IME,GFLOPS,6,5.29593,5.1739,5.4745,0.405725,6,0,0,0,0,0
GEMM_RVV_FP32_INT8_8x4_Baseline,FP32_SGEMM,sgemm_kernel_8x4_zvl256b_lmulmf2_unroll2,RVV,4,RVV,GFLOPS,6,5.30167,5.1536,5.444,0.405331,6,0,0,0,0,0
GEMM_RVV_FP32_INT8_8x4_Baseline,FP32_SGEMM,sgemm_kernel_8x4_zvl256b_lmulmf2_unroll2,RVV,5,RVV,GFLOPS,6,5.37932,5.1448,5.4295,0.39937,6,0,0,0,0,0
GEMM_RVV_FP32_INT8_8x4_Baseline,FP32_SGEMM,sgemm_kernel_8x4_zvl256b_lmulmf2_unroll2,RVV,6,RVV,GFLOPS,6,5.26135,5.1661,5.4438,0.408399,6,0,0,0,0,0
GEMM_RVV_FP32_INT8_8x4_Baseline,FP32_SGEMM,sgemm_kernel_8x4_zvl256b_lmulmf2_unroll2,RVV,7,RVV,GFLOPS,6,5.30848,5.1729,5.4456,0.404796,6,0,0,0,0,0
GEMM_RVV_FP32_INT8_8x4_Baseline,FP32_SGEMM,sgemm_kernel_8x4_zvl256b_lmulmf2_unroll4,RVV,0,RVV_IME,GFLOPS,6,5.39133,5.1718,5.4485,0.398464,6,0,0,0,0,0
GEMM_RVV_FP32_INT8_8x4_Baseline,FP32_SGEMM,sgemm_kernel_8x4_zvl256b_lmulmf2_unroll4,RVV,1,RVV_IME,GFLOPS,6,5.34062,5.2,5.4743,0.402346,6,0,0,0,0,0
GEMM_RVV_FP32_INT8_8x4_Baseline,FP32_SGEMM,sgemm_kernel_8x4_zvl256b_lmulmf2_unroll4,RVV,2,RVV_IME,GFLOPS,6,5.2472,5.1697,5.4655,0.409405,6,0,0,0,0,0
GEMM_RVV_FP32_INT8_8x4_Baseline,FP32_SGEMM,sgemm_kernel_8x4_zvl256b_lmulmf2_unroll4,RVV,3,RVV_IME,GFLOPS,6,5.37408,5.2024,5.4683,0.399803,6,0,0,0,0,0
GEMM_RVV_FP32_INT8_8x4_Baseline,FP32_SGEMM,sgemm_kernel_8x4_zvl256b_lmulmf2_unroll4,RVV,4,RVV,GFLOPS,6,5.3028,5.107,5.4063,0.405238,6,0,0,0,0,0
GEMM_RVV_FP32_INT8_8x4_Baseline,FP32_SGEMM,sgemm_kernel_8x4_zvl256b_lmulmf2_unroll4,RVV,5,RVV,GFLOPS,6,5.2278,5.063,5.3892,0.411111,6,0,0,0,0,0
GEMM_RVV_FP32_INT8_8x4_Baseline,FP32_SGEMM,sgemm_kernel_8x4_zvl256b_lmulmf2_unroll4,RVV,6,RVV,GFLOPS,6,5.15968,5.1023,5.4004,0.41638,6,0,0,0,0,0
GEMM_RVV_FP32_INT8_8x4_Baseline,FP32_SGEMM,sgemm_kernel_8x4_zvl256b_lmulmf2_unroll4,RVV,7,RVV,GFLOPS,6,5.20498,5.0946,5.4071,0.412878,6,0,0,0,0,0
GEMM_RVV_FP32_INT8_8x4_Baseline,FP32_SGEMM,sgemm_kernel_8x4_zvl256b_lmulmf2_unroll8,RVV,0,RVV_IME,GFLOPS,6,5.27888,5.1258,5.5085,0.407126,6,0,0,0,0,0
GEMM_RVV_FP32_INT8_8x4_Baseline,FP32_SGEMM,sgemm_kernel_8x4_zvl256b_lmulmf2_unroll8,RVV,1,RVV_IME,GFLOPS,6,5.32507,5.2221,5.5197,0.403535,6,0,0,0,0,0
GEMM_RVV_FP32_INT8_8x4_Baseline,FP32_SGEMM,sgemm_kernel_8x4_zvl256b_lmulmf2_unroll8,RVV,2,RVV_IME,GFLOPS,6,5.42463,5.2415,5.5284,0.396104,6,0,0,0,0,0
GEMM_RVV_FP32_INT8_8x4_Baseline,FP32_SGEMM,sgemm_kernel_8x4_zvl256b_lmulmf2_unroll8,RVV,3,RVV_IME,GFLOPS,6,5.3574,5.2048,5.5085,0.401136,6,0,0,0,0,0
GEMM_RVV_FP32_INT8_8x4_Baseline,FP32_SGEMM,sgemm_kernel_8x4_zvl256b_lmulmf2_unroll8,RVV,4,RVV,GFLOPS,6,5.22527,5.1224,5.415,0.411245,6,0,0,0,0,0
GEMM_RVV_FP32_INT8_8x4_Baseline,FP32_SGEMM,sgemm_kernel_8x4_zvl256b_lmulmf2_unroll8,RVV,5,RVV,GFLOPS,6,5.22628,5.0222,5.4002,0.41131,6,0,0,0,0,0
GEMM_RVV_FP32_INT8_8x4_Baseline,FP32_SGEMM,sgemm_kernel_8x4_zvl256b_lmulmf2_unroll8,RVV,6,RVV,GFLOPS,6,5.27005,5.1175,5.4187,0.407794,6,0,0,0,0,0
GEMM_RVV_FP32_INT8_8x4_Baseline,FP32_SGEMM,sgemm_kernel_8x4_zvl256b_lmulmf2_unroll8,RVV,7,RVV,GFLOPS,6,5.27503,5.1212,5.42,0.407398,6,0,0,0,0,0
GEMM_RVV_FP32_INT8_8x4_Baseline,INT8_RVV,igemm_kernel_8x4_zvl256b_lmul1_unroll1,RVV,0,RVV_IME,GOPS,6,1.01267,1.0089,1.0162,2.12061,6,0,0,0,0,0
GEMM_RVV_FP32_INT8_8x4_Baseline,INT8_RVV,igemm_kernel_8x4_zvl256b_lmul1_unroll1,RVV,1,RVV_IME,GOPS,6,1.02522,1.0238,1.0278,2.09466,6,0,0,0,0,0
GEMM_RVV_FP32_INT8_8x4_Baseline,INT8_RVV,igemm_kernel_8x4_zvl256b_lmul1_unroll1,RVV,2,RVV_IME,GOPS,6,1.02618,1.0254,1.0287,2.09268,6,0,0,0,0,0
GEMM_RVV_FP32_INT8_8x4_Baseline,INT8_RVV,igemm_kernel_8x4_zvl256b_lmul1_unroll1,RVV,3,RVV_IME,GOPS,6,1.02588,1.025,1.0276,2.09332,6,0,0,0,0,0
GEMM_RVV_FP32_INT8_8x4_Baseline,INT8_RVV,igemm_kernel_8x4_zvl256b_lmul1_unroll1,RVV,4,RVV,GOPS,6,1.02583,1.0234,1.0283,2.09341,6,0,0,0,0,0
GEMM_RVV_FP32_INT8_8x4_Baseline,INT8_RVV,igemm_kernel_8x4_zvl256b_lmul1_unroll1,RVV,5,RVV,GOPS,6,1.02367,1.0229,1.0259,2.09779,6,0,0,0,0,0
GEMM_RVV_FP32_INT8_8x4_Baseline,INT8_RVV,igemm_kernel_8x4_zvl256b_lmul1_unroll1,RVV,6,RVV,GOPS,6,1.02673,1.0256,1.0287,2.09154,6,0,0,0,0,0
GEMM_RVV_FP32_INT8_8x4_Baseline,INT8_RVV,igemm_kernel_8x4_zvl256b_lmul1_unroll1,RVV,7,RVV,GOPS,6,1.02823,1.0277,1.0285,2.08851,6,0,0,0,0,0
GEMM_RVV_FP32_INT8_8x4_Baseline,INT8_RVV,igemm_kernel_8x4_zvl256b_lmul1_unroll2,RVV,0,RVV_IME,GOPS,6,0.647417,0.6456,0.6485,3.317,6,0,0,0,0,0
GEMM_RVV_FP32_INT8_8x4_Baseline,INT8_RVV,igemm_kernel_8x4_zvl256b_lmul1_unroll2,RVV,1,RVV_IME,GOPS,6,0.651017,0.6501,0.652,3.29876,6,0,0,0,0,0
GEMM_RVV_FP32_INT8_8x4_Baseline,INT8_RVV,igemm_kernel_8x4_zvl256b_lmul1_unroll2,RVV,2,RVV_IME,GOPS,6,0.651583,0.6503,0.6524,3.29584,6,0,0,0,0,0
GEMM_RVV_FP32_INT8_8x4_Baseline,INT8_RVV,igemm_kernel_8x4_zvl256b_lmul1_unroll2,RVV,3,RVV_IME,GOPS,6,0.651833,0.651,0.6523,3.29457,6,0,0,0,0,0
GEMM_RVV_FP32_INT8_8x4_Baseline,INT8_RVV,igemm_kernel_8x4_zvl256b_lmul1_unroll2,RVV,4,RVV,GOPS,6,0.644917,0.6442,0.6456,3.32981,6,0,0,0,0,0
GEMM_RVV_FP32_INT8_8x4_Baseline,INT8_RVV,igemm_kernel_8x4_zvl256b_lmul1_unroll2,RVV,5,RVV,GOPS,6,0.6436,0.643,0.6438,3.33672,6,0,0,0,0,0
GEMM_RVV_FP32_INT8_8x4_Baseline,INT8_RVV,igemm_kernel_8x4_zvl256b_lmul1_unroll2,RVV,6,RVV,GOPS,6,0.64515,0.6448,0.6456,3.32864,6,0,0,0,0,0
GEMM_RVV_FP32_INT8_8x4_Baseline,INT8_RVV,igemm_kernel_8x4_zvl256b_lmul1_unroll2,RVV,7,RVV,GOPS,6,0.645117,0.6445,0.6458,3.32878,6,0,0,0,0,0
GEMM_RVV_FP32_INT8_8x4_Baseline,INT8_RVV,igemm_kernel_8x4_zvl256b_lmul1_unroll4,RVV,0,RVV_IME,GOPS,6,0.630183,0.6289,0.6311,3.40783,6,0,0,0,0,0
GEMM_RVV_FP32_INT8_8x4_Baseline,INT8_RVV,igemm_kernel_8x4_zvl256b_lmul1_unroll4,RVV,1,RVV_IME,GOPS,6,0.632767,0.6318,0.6336,3.39377,6,0,0,0,0,0
GEMM_RVV_FP32_INT8_8x4_Baseline,INT8_RVV,igemm_kernel_8x4_zvl256b_lmul1_unroll4,RVV,2,RVV_IME,GOPS,6,0.633317,0.6328,0.634,3.39079,6,0,0,0,0,0
GEMM_RVV_FP32_INT8_8x4_Baseline,INT8_RVV,igemm_kernel_8x4_zvl256b_lmul1_unroll4,RVV,3,RVV_IME,GOPS,6,0.6333,0.633,0.6336,3.39087,6,0,0,0,0,0
GEMM_RVV_FP32_INT8_8x4_Baseline,INT8_RVV,igemm_kernel_8x4_zvl256b_lmul1_unroll4,RVV,4,RVV,GOPS,6,0.632917,0.6325,0.6332,3.39302,6,0,0,0,0,0
GEMM_RVV_FP32_INT8_8x4_Baseline,INT8_RVV,igemm_kernel_8x4_zvl256b_lmul1_unroll4,RVV,5,RVV,GOPS,6,0.631667,0.6314,0.6321,3.39962,6,0,0,0,0,0
GEMM_RVV_FP32_INT8_8x4_Baseline,INT8_RVV,igemm_kernel_8x4_zvl256b_lmul1_unroll4,RVV,6,RVV,GOPS,6,0.63305,0.6325,0.6336,3.39223,6,0,0,0,0,0
GEMM_RVV_FP32_INT8_8x4_Baseline,INT8_RVV,igemm_kernel_8x4_zvl256b_lmul1_unroll4,RVV,7,RVV,GOPS,6,0.633367,0.6331,0.6338,3.39058,6,0,0,0,0,0
GEMM_RVV_FP32_INT8_8x4_Baseline,INT8_RVV,igemm_kernel_8x4_zvl256b_lmul1_unroll8,RVV,0,RVV_IME,GOPS,6,0.689717,0.6852,0.6915,3.11361,6,0,0,0,0,0
GEMM_RVV_FP32_INT8_8x4_Baseline,INT8_RVV,igemm_kernel_8x4_zvl256b_lmul1_unroll8,RVV,1,RVV_IME,GOPS,6,0.694667,0.6942,0.6949,3.09135,6,0,0,0,0,0
GEMM_RVV_FP32_INT8_8x4_Baseline,INT8_RVV,igemm_kernel_8x4_zvl256b_lmul1_unroll8,RVV,2,RVV_IME,GOPS,6,0.694483,0.6924,0.6954,3.0921,6,0,0,0,0,0
GEMM_RVV_FP32_INT8_8x4_Baseline,INT8_RVV,igemm_kernel_8x4_zvl256b_lmul1_unroll8,RVV,3,RVV_IME,GOPS,6,0.694567,0.6936,0.6952,3.09192,6,0,0,0,0,0
GEMM_RVV_FP32_INT8_8x4_Baseline,INT8_RVV,igemm_kernel_8x4_zvl256b_lmul1_unroll8,RVV,4,RVV,GOPS,6,0.685533,0.6848,0.6859,3.13262,6,0,0,0,0,0
GEMM_RVV_FP32_INT8_8x4_Baseline,INT8_RVV,igemm_kernel_8x4_zvl256b_lmul1_unroll8,RVV,5,RVV,GOPS,6,0.683,0.6801,0.6841,3.14429,6,0,0,0,0,0
GEMM_RVV_FP32_INT8_8x4_Baseline,INT8_RVV,igemm_kernel_8x4_zvl256b_lmul1_unroll8,RVV,6,RVV,GOPS,6,0.685233,0.6847,0.6858,3.13392,6,0,0,0,0,0
GEMM_RVV_FP32_INT8_8x4_Baseline,INT8_RVV,igemm_kernel_8x4_zvl256b_lmul1_unroll8,RVV,7,RVV,GOPS,6,0.685333,0.6851,0.6858,3.13348,6,0,0,0,0,0
GEMM_RVV_FP32_INT8_8x4_Baseline,INT8_RVV,igemm_kernel_8x4_zvl256b_lmul2_unroll1,RVV,0,RVV_IME,GOPS,6,0.2708,0.2673,0.2724,7.93058,6,0,0,0,0,0
GEMM_RVV_FP32_INT8_8x4_Baseline,INT8_RVV,igemm_kernel_8x4_zvl256b_lmul2_unroll1,RVV,1,RVV_IME,GOPS,6,0.273367,0.2731,0.2735,7.85571,6,0,0,0,0,0
GEMM_RVV_FP32_INT8_8x4_Baseline,INT8_RVV,igemm_kernel_8x4_zvl256b_lmul2_unroll1,RVV,2,RVV_IME,GOPS,6,0.273517,0.2735,0.2736,7.85142,6,0,0,0,0,0
GEMM_RVV_FP32_INT8_8x4_Baseline,INT8_RVV,igemm_kernel_8x4_zvl256b_lmul2_unroll1,RVV,3,RVV_IME,GOPS,6,0.273467,0.2732,0.2736,7.85267,6,0,0,0,0,0
GEMM_RVV_FP32_INT8_8x4_Baseline,INT8_RVV,igemm_kernel_8x4_zvl256b_lmul2_unroll1,RVV,4,RVV,GOPS,6,0.274333,0.2742,0.2745,7.8281,6,0,0,0,0,0
GEMM_RVV_FP32_INT8_8x4_Baseline,INT8_RVV,igemm_kernel_8x4_zvl256b_lmul2_unroll1,RVV,5,RVV,GOPS,6,0.2735,0.2726,0.2738,7.85173,6,0,0,0,0,0
GEMM_RVV_FP32_INT8_8x4_Baseline,INT8_RVV,igemm_kernel_8x4_zvl256b_lmul2_unroll1,RVV,6,RVV,GOPS,6,0.274383,0.2742,0.2746,7.82644,6,0,0,0,0,0
GEMM_RVV_FP32_INT8_8x4_Baseline,INT8_RVV,igemm_kernel_8x4_zvl256b_lmul2_unroll1,RVV,7,RVV,GOPS,6,0.2744,0.2743,0.2745,7.8264,6,0,0,0,0,0
GEMM_RVV_FP32_INT8_8x4_Baseline,INT8_RVV,igemm_kernel_8x4_zvl256b_lmul2_unroll2,RVV,0,RVV_IME,GOPS,6,0.260533,0.26,0.261,8.24263,6,0,0,0,0,0
GEMM_RVV_FP32_INT8_8x4_Baseline,INT8_RVV,igemm_kernel_8x4_zvl256b_lmul2_unroll2,RVV,1,RVV_IME,GOPS,6,0.26195,0.2617,0.2621,8.19814,6,0,0,0,0,0
GEMM_RVV_FP32_INT8_8x4_Baseline,INT8_RVV,igemm_kernel_8x4_zvl256b_lmul2_unroll2,RVV,2,RVV_IME,GOPS,6,0.2622,0.2621,0.2623,8.1906,6,0,0,0,0,0
GEMM_RVV_FP32_INT8_8x4_Baseline,INT8_RVV,igemm_kernel_8x4_zvl256b_lmul2_unroll2,RVV,3,RVV_IME,GOPS,6,0.262,0.2619,0.2621,8.19711,6,0,0,0,0,0
GEMM_RVV_FP32_INT8_8x4_Baseline,INT8_RVV,igemm_kernel_8x4_zvl256b_lmul2_unroll2,RVV,4,RVV,GOPS,6,0.268533,0.2685,0.2686,7.9977,6,0,0,0,0,0
GEMM_RVV_FP32_INT8_8x4_Baseline,INT8_RVV,igemm_kernel_8x4_zvl256b_lmul2_unroll2,RVV,5,RVV,GOPS,6,0.2679,0.2678,0.268,8.01557,6,0,0,0,0,0
GEMM_RVV_FP32_INT8_8x4_Baseline,INT8_RVV,igemm_kernel_8x4_zvl256b_lmul2_unroll2,RVV,6,RVV,GOPS,6,0.268517,0.2684,0.2686,7.99758,6,0,0,0,0,0
GEMM_RVV_FP32_INT8_8x4_Baseline,INT8_RVV,igemm_kernel_8x4_zvl256b_lmul2_unroll2,RVV,7,RVV,GOPS,6,0.26845,0.2683,0.2687,7.99991,6,0,0,0,0,0
GEMM_RVV_FP32_INT8_8x4_Baseline,INT8_RVV,igemm_kernel_8x4_zvl256b_lmul2_unroll4,RVV,0,RVV_IME,GOPS,6,0.235867,0.235,0.2361,9.10447,6,0,0,0,0,0
GEMM_RVV_FP32_INT8_8x4_Baseline,INT8_RVV,igemm_kernel_8x4_zvl256b_lmul2_unroll4,RVV,1,RVV_IME,GOPS,6,0.23685,0.2366,0.237,9.06656,6,0,0,0,0,0
GEMM_RVV_FP32_INT8_8x4_Baseline,INT8_RVV,igemm_kernel_8x4_zvl256b_lmul2_unroll4,RVV,2,RVV_IME,GOPS,6,0.237167,0.237,0.2373,9.05579,6,0,0,0,0,0
GEMM_RVV_FP32_INT8_8x4_Baseline,INT8_RVV,igemm_kernel_8x4_zvl256b_lmul2_unroll4,RVV,3,RVV_IME,GOPS,6,0.236883,0.2364,0.2371,9.06607,6,0,0,0,0,0
GEMM_RVV_FP32_INT8_8x4_Baseline,INT8_RVV,igemm_kernel_8x4_zvl256b_lmul2_unroll4,RVV,4,RVV,GOPS,6,0.22975,0.2295,0.2299,9.34656,6,0,0,0,0,0
GEMM_RVV_FP32_INT8_8x4_Baseline,INT8_RVV,igemm_kernel_8x4_zvl256b_lmul2_unroll4,RVV,5,RVV,GOPS,6,0.229067,0.2285,0.2293,9.37485,6,0,0,0,0,0
GEMM_RVV_FP32_INT8_8x4_Baseline,INT8_RVV,igemm_kernel_8x4_zvl256b_lmul2_unroll4,RVV,6,RVV,GOPS,6,0.229817,0.2297,0.2299,9.34328,6,0,0,0,0,0
GEMM_RVV_FP32_INT8_8x4_Baseline,INT8_RVV,igemm_kernel_8x4_zvl256b_lmul2_unroll4,RVV,7,RVV,GOPS,6,0.22975,0.2295,0.2299,9.34647,6,0,0,0,0,0
GEMM_RVV_FP32_INT8_8x4_Baseline,INT8_RVV,igemm_kernel_8x4_zvl256b_lmul2_unroll8,RVV,0,RVV_IME,GOPS,6,0.2225,0.2213,0.2234,9.65146,6,0,0,0,0,0
GEMM_RVV_FP32_INT8_8x4_Baseline,INT8_RVV,igemm_kernel_8x4_zvl256b_lmul2_unroll8,RVV,1,RVV_IME,GOPS,6,0.224217,0.224,0.2243,9.57723,6,0,0,0,0,0
GEMM_RVV_FP32_INT8_8x4_Baseline,INT8_RVV,igemm_kernel_8x4_zvl256b_lmul2_unroll8,RVV,2,RVV_IME,GOPS,6,0.22435,0.2241,0.2245,9.57287,6,0,0,0,0,0
GEMM_RVV_FP32_INT8_8x4_Baseline,INT8_RVV,igemm_kernel_8x4_zvl256b_lmul2_unroll8,RVV,3,RVV_IME,GOPS,6,0.224283,0.2242,0.2244,9.57539,6,0,0,0,0,0
GEMM_RVV_FP32_INT8_8x4_Baseline,INT8_RVV,igemm_kernel_8x4_zvl256b_lmul2_unroll8,RVV,4,RVV,GOPS,6,0.224083,0.224,0.2242,9.58319,6,0,0,0,0,0
GEMM_RVV_FP32_INT8_8x4_Baseline,INT8_RVV,igemm_kernel_8x4_zvl256b_lmul2_unroll8,RVV,5,RVV,GOPS,6,0.22345,0.2229,0.2236,9.61045,6,0,0,0,0,0
GEMM_RVV_FP32_INT8_8x4_Baseline,INT8_RVV,igemm_kernel_8x4_zvl256b_lmul2_unroll8,RVV,6,RVV,GOPS,6,0.224117,0.2241,0.2242,9.58221,6,0,0,0,0,0
GEMM_RVV_FP32_INT8_8x4_Baseline,INT8_RVV,igemm_kernel_8x4_zvl256b_lmul2_unroll8,RVV,7,RVV,GOPS,6,0.22405,0.224,0.2242,9.58482,6,0,0,0,0,0
GEMM_RVV_FP32_INT8_8x4_Baseline,INT8_RVV,igemm_kernel_8x4_zvl256b_lmulmf2_unroll1,RVV,0,RVV_IME,GOPS,6,3.46125,3.4355,3.4865,0.620461,6,0,0,0,0,0
GEMM_RVV_FP32_INT8_8x4_Baseline,INT8_RVV,igemm_kernel_8x4_zvl256b_lmulmf2_unroll1,RVV,1,RVV_IME,GOPS,6,3.4992,3.4721,3.5137,0.613724,6,0,0,0,0,0
GEMM_RVV_FP32_INT8_8x4_Baseline,INT8_RVV,igemm_kernel_8x4_zvl256b_lmulmf2_unroll1,RVV,2,RVV_IME,GOPS,6,3.49813,3.4696,3.5183,0.613911,6,0,0,0,0,0
GEMM_RVV_FP32_INT8_8x4_Baseline,INT8_RVV,igemm_kernel_8x4_zvl256b_lmulmf2_unroll1,RVV,3,RVV_IME,GOPS,6,3.4827,3.4721,3.5112,0.616622,6,0,0,0,0,0
GEMM_RVV_FP32_INT8_8x4_Baseline,INT8_RVV,igemm_kernel_8x4_zvl256b_lmulmf2_unroll1,RVV,4,RVV,GOPS,6,3.61605,3.5911,3.6283,0.593886,6,0,0,0,0,0
GEMM_RVV_FP32_INT8_8x4_Baseline,INT8_RVV,igemm_kernel_8x4_zvl256b_lmulmf2_unroll1,RVV,5,RVV,GOPS,6,3.59548,3.5784,3.6119,0.597279,6,0,0,0,0,0
GEMM_RVV_FP32_INT8_8x4_Baseline,INT8_RVV,igemm_kernel_8x4_zvl256b_lmulmf2_unroll1,RVV,6,RVV,GOPS,6,3.6182,3.591,3.6255,0.593532,6,0,0,0,0,0
GEMM_RVV_FP32_INT8_8x4_Baseline,INT8_RVV,igemm_kernel_8x4_zvl256b_lmulmf2_unroll1,RVV,7,RVV,GOPS,6,3.61487,3.5901,3.632,0.594083,6,0,0,0,0,0
GEMM_RVV_FP32_INT8_8x4_Baseline,INT8_RVV,igemm_kernel_8x4_zvl256b_lmulmf2_unroll2,RVV,0,RVV_IME,GOPS,6,3.74405,3.6993,3.7831,0.573605,6,0,0,0,0,0
GEMM_RVV_FP32_INT8_8x4_Baseline,INT8_RVV,igemm_kernel_8x4_zvl256b_lmulmf2_unroll2,RVV,1,RVV_IME,GOPS,6,3.79688,3.7523,3.8122,0.565608,6,0,0,0,0,0
GEMM_RVV_FP32_INT8_8x4_Baseline,INT8_RVV,igemm_kernel_8x4_zvl256b_lmulmf2_unroll2,RVV,2,RVV_IME,GOPS,6,3.76757,3.7318,3.8156,0.570032,6,0,0,0,0,0
GEMM_RVV_FP32_INT8_8x4_Baseline,INT8_RVV,igemm_kernel_8x4_zvl256b_lmulmf2_unroll2,RVV,3,RVV_IME,GOPS,6,3.77855,3.7391,3.8128,0.568365,6,0,0,0,0,0
GEMM_RVV_FP32_INT8_8x4_Baseline,INT8_RVV,igemm_kernel_8x4_zvl256b_lmulmf2_unroll2,RVV,4,RVV,GOPS,6,3.84197,3.8155,3.8565,0.558969,6,0,0,0,0,0
GEMM_RVV_FP32_INT8_8x4_Baseline,INT8_RVV,igemm_kernel_8x4_zvl256b_lmulmf2_unroll2,RVV,5,RVV,GOPS,6,3.82147,3.7975,3.844,0.56197,6,0,0,0,0,0
GEMM_RVV_FP32_INT8_8x4_Baseline,INT8_RVV,igemm_kernel_8x4_zvl256b_lmulmf2_unroll2,RVV,6,RVV,GOPS,6,3.8341,3.7983,3.8604,0.560123,6,0,0,0,0,0
GEMM_RVV_FP32_INT8_8x4_Baseline,INT8_RVV,igemm_kernel_8x4_zvl256b_lmulmf2_unroll2,RVV,7,RVV,GOPS,6,3.80497,3.7671,3.8204,0.564404,6,0,0,0,0,0
GEMM_RVV_FP32_INT8_8x4_Baseline,INT8_RVV,igemm_kernel_8x4_zvl256b_lmulmf2_unroll4,RVV,0,RVV_IME,GOPS,6,3.73265,3.7085,3.7707,0.575341,6,0,0,0,0,0
GEMM_RVV_FP32_INT8_8x4_Baseline,INT8_RVV,igemm_kernel_8x4_zvl256b_lmulmf2_unroll4,RVV,1,RVV_IME,GOPS,6,3.75258,3.7375,3.7795,0.572279,6,0,0,0,0,0
GEMM_RVV_FP32_INT8_8x4_Baseline,INT8_RVV,igemm_kernel_8x4_zvl256b_lmulmf2_unroll4,RVV,2,RVV_IME,GOPS,6,3.77137,3.743,3.7884,0.569433,6,0,0,0,0,0
GEMM_RVV_FP32_INT8_8x4_Baseline,INT8_RVV,igemm_kernel_8x4_zvl256b_lmulmf2_unroll4,RVV,3,RVV_IME,GOPS,6,3.74288,3.7259,3.7568,0.573755,6,0,0,0,0,0
GEMM_RVV_FP32_INT8_8x4_Baseline,INT8_RVV,igemm_kernel_8x4_zvl256b_lmulmf2_unroll4,RVV,4,RVV,GOPS,6,3.77878,3.7444,3.7881,0.568311,6,0,0,0,0,0
GEMM_RVV_FP32_INT8_8x4_Baseline,INT8_RVV,igemm_kernel_8x4_zvl256b_lmulmf2_unroll4,RVV,5,RVV,GOPS,6,3.75122,3.7262,3.7746,0.572496,6,0,0,0,0,0
GEMM_RVV_FP32_INT8_8x4_Baseline,INT8_RVV,igemm_kernel_8x4_zvl256b_lmulmf2_unroll4,RVV,6,RVV,GOPS,6,3.76247,3.7409,3.7847,0.570776,6,0,0,0,0,0
GEMM_RVV_FP32_INT8_8x4_Baseline,INT8_RVV,igemm_kernel_8x4_zvl256b_lmulmf2_unroll4,RVV,7,RVV,GOPS,6,3.77943,3.7428,3.7894,0.568211,6,0,0,0,0,0
GEMM_RVV_FP32_INT8_8x4_Baseline,INT8_RVV,igemm_kernel_8x4_zvl256b_lmulmf2_unroll8,RVV,0,RVV_IME,GOPS,6,3.69103,3.6673,3.7116,0.581821,6,0,0,0,0,0
GEMM_RVV_FP32_INT8_8x4_Baseline,INT8_RVV,igemm_kernel_8x4_zvl256b_lmulmf2_unroll8,RVV,1,RVV_IME,GOPS,6,3.69662,3.6878,3.7259,0.580943,6,0,0,0,0,0
GEMM_RVV_FP32_INT8_8x4_Baseline,INT8_RVV,igemm_kernel_8x4_zvl256b_lmulmf2_unroll8,RVV,2,RVV_IME,GOPS,6,3.71853,3.6946,3.7321,0.57752,6,0,0,0,0,0
GEMM_RVV_FP32_INT8_8x4_Baseline,INT8_RVV,igemm_kernel_8x4_zvl256b_lmulmf2_unroll8,RVV,3,RVV_IME,GOPS,6,3.7104,3.6931,3.7292,0.578786,6,0,0,0,0,0
GEMM_RVV_FP32_INT8_8x4_Baseline,INT8_RVV,igemm_kernel_8x4_zvl256b_lmulmf2_unroll8,RVV,4,RVV,GOPS,6,3.73883,3.7142,3.7532,0.574385,6,0,0,0,0,0
GEMM_RVV_FP32_INT8_8x4_Baseline,INT8_RVV,igemm_kernel_8x4_zvl256b_lmulmf2_unroll8,RVV,5,RVV,GOPS,6,3.70877,3.7009,3.734,0.579035,6,0,0,0,0,0
GEMM_RVV_FP32_INT8_8x4_Baseline,INT8_RVV,igemm_kernel_8x4_zvl256b_lmulmf2_unroll8,RVV,6,RVV,GOPS,6,3.72385,3.6908,3.7502,0.576703,6,0,0,0,0,0
GEMM_RVV_FP32_INT8_8x4_Baseline,INT8_RVV,igemm_kernel_8x4_zvl256b_lmulmf2_unroll8,RVV,7,RVV,GOPS,6,3.72812,3.705,3.7515,0.576041,6,0,0,0,0,0
GEMM_RVV_FP32_INT8_8x4_Baseline,INT8_RVV,igemm_kernel_8x4_zvl256b_lmulmf4_unroll1,RVV,0,RVV_IME,GOPS,6,5.30472,5.2725,5.3619,0.404847,6,0,0,0,0,0
GEMM_RVV_FP32_INT8_8x4_Baseline,INT8_RVV,igemm_kernel_8x4_zvl256b_lmulmf4_unroll1,RVV,1,RVV_IME,GOPS,6,5.33385,5.2689,5.3965,0.402637,6,0,0,0,0,0
GEMM_RVV_FP32_INT8_8x4_Baseline,INT8_RVV,igemm_kernel_8x4_zvl256b_lmulmf4_unroll1,RVV,2,RVV_IME,GOPS,6,5.37288,5.3148,5.403,0.399709,6,0,0,0,0,0
GEMM_RVV_FP32_INT8_8x4_Baseline,INT8_RVV,igemm_kernel_8x4_zvl256b_lmulmf4_unroll1,RVV,3,RVV_IME,GOPS,6,5.38365,5.3182,5.4005,0.398904,6,0,0,0,0,0
GEMM_RVV_FP32_INT8_8x4_Baseline,INT8_RVV,igemm_kernel_8x4_zvl256b_lmulmf4_unroll1,RVV,4,RVV,GOPS,6,5.36722,5.3105,5.4022,0.400129,6,0,0,0,0,0
GEMM_RVV_FP32_INT8_8x4_Baseline,INT8_RVV,igemm_kernel_8x4_zvl256b_lmulmf4_unroll1,RVV,5,RVV,GOPS,6,5.3571,5.3042,5.3855,0.400882,6,0,0,0,0,0
GEMM_RVV_FP32_INT8_8x4_Baseline,INT8_RVV,igemm_kernel_8x4_zvl256b_lmulmf4_unroll1,RVV,6,RVV,GOPS,6,5.31853,5.3124,5.3231,0.403773,6,0,0,0,0,0
GEMM_RVV_FP32_INT8_8x4_Baseline,INT8_RVV,igemm_kernel_8x4_zvl256b_lmulmf4_unroll1,RVV,7,RVV,GOPS,6,5.36047,5.2852,5.3969,0.400649,6,0,0,0,0,0
GEMM_RVV_FP32_INT8_8x4_Baseline,INT8_RVV,igemm_kernel_8x4_zvl256b_lmulmf4_unroll2,RVV,0,RVV_IME,GOPS,6,5.85837,5.8044,5.92,0.366587,6,0,0,0,0,0
GEMM_RVV_FP32_INT8_8x4_Baseline,INT8_RVV,igemm_kernel_8x4_zvl256b_lmulmf4_unroll2,RVV,1,RVV_IME,GOPS,6,5.85918,5.8244,5.8964,0.366522,6,0,0,0,0,0
GEMM_RVV_FP32_INT8_8x4_Baseline,INT8_RVV,igemm_kernel_8x4_zvl256b_lmulmf4_unroll2,RVV,2,RVV_IME,GOPS,6,5.9159,5.8621,5.9667,0.363026,6,0,0,0,0,0
GEMM_RVV_FP32_INT8_8x4_Baseline,INT8_RVV,igemm_kernel_8x4_zvl256b_lmulmf4_unroll2,RVV,3,RVV_IME,GOPS,6,5.89737,5.8566,5.9615,0.364165,6,0,0,0,0,0
GEMM_RVV_FP32_INT8_8x4_Baseline,INT8_RVV,igemm_kernel_8x4_zvl256b_lmulmf4_unroll2,RVV,4,RVV,GOPS,6,6.02423,5.9748,6.0726,0.356494,6,0,0,0,0,0
GEMM_RVV_FP32_INT8_8x4_Baseline,INT8_RVV,igemm_kernel_8x4_zvl256b_lmulmf4_unroll2,RVV,5,RVV,GOPS,6,6.00667,5.9559,6.0651,0.357543,6,0,0,0,0,0
GEMM_RVV_FP32_INT8_8x4_Baseline,INT8_RVV,igemm_kernel_8x4_zvl256b_lmulmf4_unroll2,RVV,6,RVV,GOPS,6,5.99092,5.9687,6.0752,0.358471,6,0,0,0,0,0
GEMM_RVV_FP32_INT8_8x4_Baseline,INT8_RVV,igemm_kernel_8x4_zvl256b_lmulmf4_unroll2,RVV,7,RVV,GOPS,6,5.97658,5.931,6.075,0.359339,6,0,0,0,0,0
GEMM_RVV_FP32_INT8_8x4_Baseline,INT8_RVV,igemm_kernel_8x4_zvl256b_lmulmf4_unroll4,RVV,0,RVV_IME,GOPS,6,5.73118,5.6181,5.8014,0.374753,6,0,0,0,0,0
GEMM_RVV_FP32_INT8_8x4_Baseline,INT8_RVV,igemm_kernel_8x4_zvl256b_lmulmf4_unroll4,RVV,1,RVV_IME,GOPS,6,5.85322,5.8025,5.9064,0.366915,6,0,0,0,0,0
GEMM_RVV_FP32_INT8_8x4_Baseline,INT8_RVV,igemm_kernel_8x4_zvl256b_lmulmf4_unroll4,RVV,2,RVV_IME,GOPS,6,5.81863,5.7494,5.9168,0.369097,6,0,0,0,0,0
GEMM_RVV_FP32_INT8_8x4_Baseline,INT8_RVV,igemm_kernel_8x4_zvl256b_lmulmf4_unroll4,RVV,3,RVV_IME,GOPS,6,5.85693,5.8022,5.9113,0.366679,6,0,0,0,0,0
GEMM_RVV_FP32_INT8_8x4_Baseline,INT8_RVV,igemm_kernel_8x4_zvl256b_lmulmf4_unroll4,RVV,4,RVV,GOPS,6,5.75577,5.7289,5.7731,0.373104,6,0,0,0,0,0
GEMM_RVV_FP32_INT8_8x4_Baseline,INT8_RVV,igemm_kernel_8x4_zvl256b_lmulmf4_unroll4,RVV,5,RVV,GOPS,6,5.78415,5.7482,5.8525,0.371291,6,0,0,0,0,0
GEMM_RVV_FP32_INT8_8x4_Baseline,INT8_RVV,igemm_kernel_8x4_zvl256b_lmulmf4_unroll4,RVV,6,RVV,GOPS,6,5.78543,5.7643,5.8634,0.371202,6,0,0,0,0,0
GEMM_RVV_FP32_INT8_8x4_Baseline,INT8_RVV,igemm_kernel_8x4_zvl256b_lmulmf4_unroll4,RVV,7,RVV,GOPS,6,5.78547,5.7679,5.8559,0.371197,6,0,0,0,0,0
GEMM_RVV_FP32_INT8_8x4_Baseline,INT8_RVV,igemm_kernel_8x4_zvl256b_lmulmf4_unroll8,RVV,0,RVV_IME,GOPS,6,5.80737,5.7797,5.8721,0.369797,6,0,0,0,0,0
GEMM_RVV_FP32_INT8_8x4_Baseline,INT8_RVV,igemm_kernel_8x4_zvl256b_lmulmf4_unroll8,RVV,1,RVV_IME,GOPS,6,5.86278,5.8082,5.9037,0.36631,6,0,0,0,0,0
GEMM_RVV_FP32_INT8_8x4_Baseline,INT8_RVV,igemm_kernel_8x4_zvl256b_lmulmf4_unroll8,RVV,2,RVV_IME,GOPS,6,5.88493,5.8182,5.917,0.364931,6,0,0,0,0,0
GEMM_RVV_FP32_INT8_8x4_Baseline,INT8_RVV,igemm_kernel_8x4_zvl256b_lmulmf4_unroll8,RVV,3,RVV_IME,GOPS,6,5.82292,5.7841,5.9043,0.368814,6,0,0,0,0,0
GEMM_RVV_FP32_INT8_8x4_Baseline,INT8_RVV,igemm_kernel_8x4_zvl256b_lmulmf4_unroll8,RVV,4,RVV,GOPS,6,5.80317,5.764,5.9046,0.37008,6,0,0,0,0,0
GEMM_RVV_FP32_INT8_8x4_Baseline,INT8_RVV,igemm_kernel_8x4_zvl256b_lmulmf4_unroll8,RVV,5,RVV,GOPS,6,5.81738,5.7773,5.8842,0.369171,6,0,0,0,0,0
GEMM_RVV_FP32_INT8_8x4_Baseline,INT8_RVV,igemm_kernel_8x4_zvl256b_lmulmf4_unroll8,RVV,6,RVV,GOPS,6,5.85733,5.7956,5.9056,0.366653,6,0,0,0,0,0
GEMM_RVV_FP32_INT8_8x4_Baseline,INT8_RVV,igemm_kernel_8x4_zvl256b_lmulmf4_unroll8,RVV,7,RVV,GOPS,6,5.8471,5.7427,5.9047,0.367311,6,0,0,0,0,0
GEMM_RVV_FP32_INT8_8x4_Baseline,INT8_RVV,igemm_kernel_8x4_zvl256b_lmulmf8_unroll1,RVV,0,RVV_IME,GOPS,6,5.71655,5.6935,5.7992,0.375677,6,0,0,0,0,0
GEMM_RVV_FP32_INT8_8x4_Baseline,INT8_RVV,igemm_kernel_8x4_zvl256b_lmulmf8_unroll1,RVV,1,RVV_IME,GOPS,6,5.80913,5.7202,5.8341,0.369693,6,0,0,0,0,0
GEMM_RVV_FP32_INT8_8x4_Baseline,INT8_RVV,igemm_kernel_8x4_zvl256b_lmulmf8_unroll1,RVV,2,RVV_IME,GOPS,6,5.7663,5.7319,5.83,0.372439,6,0,0,0,0,0
GEMM_RVV_FP32_INT8_8x4_Baseline,INT8_RVV,igemm_kernel_8x4_zvl256b_lmulmf8_unroll1,RVV,3,RVV_IME,GOPS,6,5.7634,5.7024,5.8389,0.372635,6,0,0,0,0,0
GEMM_RVV_FP32_INT8_8x4_Baseline,INT8_RVV,igemm_kernel_8x4_zvl256b_lmulmf8_unroll1,RVV,4,RVV,GOPS,6,5.75785,5.6989,5.8015,0.372987,6,0,0,0,0,0
GEMM_RVV_FP32_INT8_8x4_Baseline,INT8_RVV,igemm_kernel_8x4_zvl256b_lmulmf8_unroll1,RVV,5,RVV,GOPS,6,5.73003,5.6801,5.7869,0.374799,6,0,0,0,0,0
GEMM_RVV_FP32_INT8_8x4_Baseline,INT8_RVV,igemm_kernel_8x4_zvl256b_lmulmf8_unroll1,RVV,6,RVV,GOPS,6,5.74707,5.6934,5.8093,0.373693,6,0,0,0,0,0
GEMM_RVV_FP32_INT8_8x4_Baseline,INT8_RVV,igemm_kernel_8x4_zvl256b_lmulmf8_unroll1,RVV,7,RVV,GOPS,6,5.7797,5.7082,5.8016,0.371568,6,0,0,0,0,0
GEMM_RVV_FP32_INT8_8x4_Baseline,INT8_RVV,igemm_kernel_8x4_zvl256b_lmulmf8_unroll2,RVV,0,RVV_IME,GOPS,6,6.61208,6.5191,6.6714,0.324806,6,0,0,0,0,0
GEMM_RVV_FP32_INT8_8x4_Baseline,INT8_RVV,igemm_kernel_8x4_zvl256b_lmulmf8_unroll2,RVV,1,RVV_IME,GOPS,6,6.647,6.5841,6.7083,0.323099,6,0,0,0,0,0
GEMM_RVV_FP32_INT8_8x4_Baseline,INT8_RVV,igemm_kernel_8x4_zvl256b_lmulmf8_unroll2,RVV,2,RVV_IME,GOPS,6,6.64715,6.5785,6.7246,0.3231,6,0,0,0,0,0
GEMM_RVV_FP32_INT8_8x4_Baseline,INT8_RVV,igemm_kernel_8x4_zvl256b_lmulmf8_unroll2,RVV,3,RVV_IME,GOPS,6,6.60455,6.5388,6.6975,0.325185,6,0,0,0,0,0
GEMM_RVV_FP32_INT8_8x4_Baseline,INT8_RVV,igemm_kernel_8x4_zvl256b_lmulmf8_unroll2,RVV,4,RVV,GOPS,6,6.47352,6.4389,6.5814,0.331753,6,0,0,0,0,0
GEMM_RVV_FP32_INT8_8x4_Baseline,INT8_RVV,igemm_kernel_8x4_zvl256b_lmulmf8_unroll2,RVV,5,RVV,GOPS,6,6.5149,6.4343,6.5564,0.32965,6,0,0,0,0,0
GEMM_RVV_FP32_INT8_8x4_Baseline,INT8_RVV,igemm_kernel_8x4_zvl256b_lmulmf8_unroll2,RVV,6,RVV,GOPS,6,6.51307,6.45,6.5784,0.329745,6,0,0,0,0,0
GEMM_RVV_FP32_INT8_8x4_Baseline,INT8_RVV,igemm_kernel_8x4_zvl256b_lmulmf8_unroll2,RVV,7,RVV,GOPS,6,6.5294,6.4461,6.5765,0.32892,6,0,0,0,0,0
GEMM_RVV_FP32_INT8_8x4_Baseline,INT8_RVV,igemm_kernel_8x4_zvl256b_lmulmf8_unroll4,RVV,0,RVV_IME,GOPS,6,6.21182,6.1455,6.2772,0.345736,6,0,0,0,0,0
GEMM_RVV_FP32_INT8_8x4_Baseline,INT8_RVV,igemm_kernel_8x4_zvl256b_lmulmf8_unroll4,RVV,1,RVV_IME,GOPS,6,6.24188,6.2058,6.311,0.344064,6,0,0,0,0,0
GEMM_RVV_FP32_INT8_8x4_Baseline,INT8_RVV,igemm_kernel_8x4_zvl256b_lmulmf8_unroll4,RVV,2,RVV_IME,GOPS,6,6.2837,6.2172,6.3223,0.341774,6,0,0,0,0,0
GEMM_RVV_FP32_INT8_8x4_Baseline,INT8_RVV,igemm_kernel_8x4_zvl256b_lmulmf8_unroll4,RVV,3,RVV_IME,GOPS,6,6.24053,6.199,6.3131,0.344139,6,0,0,0,0,0
GEMM_RVV_FP32_INT8_8x4_Baseline,INT8_RVV,igemm_kernel_8x4_zvl256b_lmulmf8_unroll4,RVV,4,RVV,GOPS,6,6.17282,6.1322,6.2064,0.3479,6,0,0,0,0,0
GEMM_RVV_FP32_INT8_8x4_Baseline,INT8_RVV,igemm_kernel_8x4_zvl256b_lmulmf8_unroll4,RVV,5,RVV,GOPS,6,6.2569,6.1807,6.2969,0.343241,6,0,0,0,0,0
GEMM_RVV_FP32_INT8_8x4_Baseline,INT8_RVV,igemm_kernel_8x4_zvl256b_lmulmf8_unroll4,RVV,6,RVV,GOPS,6,6.22567,6.2083,6.3043,0.344951,6,0,0,0,0,0
GEMM_RVV_FP32_INT8_8x4_Baseline,INT8_RVV,igemm_kernel_8x4_zvl256b_lmulmf8_unroll4,RVV,7,RVV,GOPS,6,6.25542,6.189,6.316,0.343328,6,0,0,0,0,0
GEMM_RVV_FP32_INT8_8x4_Baseline,INT8_RVV,igemm_kernel_8x4_zvl256b_lmulmf8_unroll8,RVV,0,RVV_IME,GOPS,6,6.1308,6.0705,6.1804,0.350296,6,0,0,0,0,0
GEMM_RVV_FP32_INT8_8x4_Baseline,INT8_RVV,igemm_kernel_8x4_zvl256b_lmulmf8_unroll8,RVV,1,RVV_IME,GOPS,6,6.21232,6.1721,6.2286,0.345686,6,0,0,0,0,0
GEMM_RVV_FP32_INT8_8x4_Baseline,INT8_RVV,igemm_kernel_8x4_zvl256b_lmulmf8_unroll8,RVV,2,RVV_IME,GOPS,6,6.16967,6.1202,6.2327,0.348091,6,0,0,0,0,0
GEMM_RVV_FP32_INT8_8x4_Baseline,INT8_RVV,igemm_kernel_8x4_zvl256b_lmulmf8_unroll8,RVV,3,RVV_IME,GOPS,6,6.13353,6.0622,6.1998,0.350149,6,0,0,0,0,0
GEMM_RVV_FP32_INT8_8x4_Baseline,INT8_RVV,igemm_kernel_8x4_zvl256b_lmulmf8_unroll8,RVV,4,RVV,GOPS,6,6.07957,5.9388,6.1881,0.35329,6,0,0,0,0,0
GEMM_RVV_FP32_INT8_8x4_Baseline,INT8_RVV,igemm_kernel_8x4_zvl256b_lmulmf8_unroll8,RVV,5,RVV,GOPS,6,6.09547,5.9627,6.1683,0.352362,6,0,0,0,0,0
GEMM_RVV_FP32_INT8_8x4_Baseline,INT8_RVV,igemm_kernel_8x4_zvl256b_lmulmf8_unroll8,RVV,6,RVV,GOPS,6,6.11178,6.0724,6.1812,0.35139,6,0,0,0,0,0
GEMM_RVV_FP32_INT8_8x4_Baseline,INT8_RVV,igemm_kernel_8x4_zvl256b_lmulmf8_unroll8,RVV,7,RVV,GOPS,6,6.13392,6.0813,6.1854,0.350122,6,0,0,0,0,0
GEMM_RVV_FP32_INT8_8x8_Baseline,FP32_SGEMM,sgemm_kernel_8x8_zvl256b_lmul1_unroll1,RVV,0,RVV_IME,GFLOPS,6,6.98885,6.9596,7.0287,0.307277,6,0,0,0,0,0
GEMM_RVV_FP32_INT8_8x8_Baseline,FP32_SGEMM,sgemm_kernel_8x8_zvl256b_lmul1_unroll1,RVV,1,RVV_IME,GFLOPS,6,7.006,6.9615,7.0887,0.306532,6,0,0,0,0,0
GEMM_RVV_FP32_INT8_8x8_Baseline,FP32_SGEMM,sgemm_kernel_8x8_zvl256b_lmul1_unroll1,RVV,2,RVV_IME,GFLOPS,6,7.02513,6.97,7.0785,0.305694,6,0,0,0,0,0
GEMM_RVV_FP32_INT8_8x8_Baseline,FP32_SGEMM,sgemm_kernel_8x8_zvl256b_lmul1_unroll1,RVV,3,RVV_IME,GFLOPS,6,7.0403,7.0077,7.1108,0.305035,6,0,0,0,0,0
GEMM_RVV_FP32_INT8_8x8_Baseline,FP32_SGEMM,sgemm_kernel_8x8_zvl256b_lmul1_unroll1,RVV,4,RVV,GFLOPS,6,6.98237,6.9126,7.0311,0.307573,6,0,0,0,0,0
GEMM_RVV_FP32_INT8_8x8_Baseline,FP32_SGEMM,sgemm_kernel_8x8_zvl256b_lmul1_unroll1,RVV,5,RVV,GFLOPS,6,6.98423,6.9445,7.0098,0.307478,6,0,0,0,0,0
GEMM_RVV_FP32_INT8_8x8_Baseline,FP32_SGEMM,sgemm_kernel_8x8_zvl256b_lmul1_unroll1,RVV,6,RVV,GFLOPS,6,6.93098,6.8914,6.9984,0.309845,6,0,0,0,0,0
GEMM_RVV_FP32_INT8_8x8_Baseline,FP32_SGEMM,sgemm_kernel_8x8_zvl256b_lmul1_unroll1,RVV,7,RVV,GFLOPS,6,6.97333,6.9198,7.0225,0.307966,6,0,0,0,0,0
GEMM_RVV_FP32_INT8_8x8_Baseline,FP32_SGEMM,sgemm_kernel_8x8_zvl256b_lmul1_unroll2,RVV,0,RVV_IME,GFLOPS,6,7.45157,7.3207,7.5286,0.288215,6,0,0,0,0,0
GEMM_RVV_FP32_INT8_8x8_Baseline,FP32_SGEMM,sgemm_kernel_8x8_zvl256b_lmul1_unroll2,RVV,1,RVV_IME,GFLOPS,6,7.53198,7.4376,7.5925,0.28513,6,0,0,0,0,0
GEMM_RVV_FP32_INT8_8x8_Baseline,FP32_SGEMM,sgemm_kernel_8x8_zvl256b_lmul1_unroll2,RVV,2,RVV_IME,GFLOPS,6,7.51912,7.4451,7.5873,0.285616,6,0,0,0,0,0
GEMM_RVV_FP32_INT8_8x8_Baseline,FP32_SGEMM,sgemm_kernel_8x8_zvl256b_lmul1_unroll2,RVV,3,RVV_IME,GFLOPS,6,7.48585,7.4557,7.541,0.286876,6,0,0,0,0,0
GEMM_RVV_FP32_INT8_8x8_Baseline,FP32_SGEMM,sgemm_kernel_8x8_zvl256b_lmul1_unroll2,RVV,4,RVV,GFLOPS,6,7.41107,7.3093,7.4399,0.289779,6,0,0,0,0,0
GEMM_RVV_FP32_INT8_8x8_Baseline,FP32_SGEMM,sgemm_kernel_8x8_zvl256b_lmul1_unroll2,RVV,5,RVV,GFLOPS,6,7.3355,7.2794,7.4274,0.292775,6,0,0,0,0,0
GEMM_RVV_FP32_INT8_8x8_Baseline,FP32_SGEMM,sgemm_kernel_8x8_zvl256b_lmul1_unroll2,RVV,6,RVV,GFLOPS,6,7.42782,7.3191,7.4547,0.289127,6,0,0,0,0,0
GEMM_RVV_FP32_INT8_8x8_Baseline,FP32_SGEMM,sgemm_kernel_8x8_zvl256b_lmul1_unroll2,RVV,7,RVV,GFLOPS,6,7.37412,7.2731,7.4522,0.291248,6,0,0,0,0,0
GEMM_RVV_FP32_INT8_8x8_Baseline,FP32_SGEMM,sgemm_kernel_8x8_zvl256b_lmul1_unroll4,RVV,0,RVV_IME,GFLOPS,6,7.78457,7.6042,7.8386,0.275897,6,0,0,0,0,0
GEMM_RVV_FP32_INT8_8x8_Baseline,FP32_SGEMM,sgemm_kernel_8x8_zvl256b_lmul1_unroll4,RVV,1,RVV_IME,GFLOPS,6,7.86658,7.8085,7.9313,0.272997,6,0,0,0,0,0
GEMM_RVV_FP32_INT8_8x8_Baseline,FP32_SGEMM,sgemm_kernel_8x8_zvl256b_lmul1_unroll4,RVV,2,RVV_IME,GFLOPS,6,7.90448,7.8042,7.9593,0.271695,6,0,0,0,0,0
GEMM_RVV_FP32_INT8_8x8_Baseline,FP32_SGEMM,sgemm_kernel_8x8_zvl256b_lmul1_unroll4,RVV,3,RVV_IME,GFLOPS,6,7.87632,7.8077,7.9446,0.272664,6,0,0,0,0,0
GEMM_RVV_FP32_INT8_8x8_Baseline,FP32_SGEMM,sgemm_kernel_8x8_zvl256b_lmul1_unroll4,RVV,4,RVV,GFLOPS,6,7.87062,7.7983,7.9569,0.272863,6,0,0,0,0,0
GEMM_RVV_FP32_INT8_8x8_Baseline,FP32_SGEMM,sgemm_kernel_8x8_zvl256b_lmul1_unroll4,RVV,5,RVV,GFLOPS,6,7.8726,7.7926,7.9572,0.272801,6,0,0,0,0,0
GEMM_RVV_FP32_INT8_8x8_Baseline,FP32_SGEMM,sgemm_kernel_8x8_zvl256b_lmul1_unroll4,RVV,6,RVV,GFLOPS,6,7.91747,7.8432,7.9501,0.27124,6,0,0,0,0,0
GEMM_RVV_FP32_INT8_8x8_Baseline,FP32_SGEMM,sgemm_kernel_8x8_zvl256b_lmul1_unroll4,RVV,7,RVV,GFLOPS,6,7.89482,7.8316,7.9663,0.272026,6,0,0,0,0,0
GEMM_RVV_FP32_INT8_8x8_Baseline,FP32_SGEMM,sgemm_kernel_8x8_zvl256b_lmul1_unroll8,RVV,0,RVV_IME,GFLOPS,6,7.68032,7.6374,7.7709,0.27962,6,0,0,0,0,0
GEMM_RVV_FP32_INT8_8x8_Baseline,FP32_SGEMM,sgemm_kernel_8x8_zvl256b_lmul1_unroll8,RVV,1,RVV_IME,GFLOPS,6,7.82312,7.7689,7.8944,0.274517,6,0,0,0,0,0
GEMM_RVV_FP32_INT8_8x8_Baseline,FP32_SGEMM,sgemm_kernel_8x8_zvl256b_lmul1_unroll8,RVV,2,RVV_IME,GFLOPS,6,7.82222,7.7567,7.8929,0.27455,6,0,0,0,0,0
GEMM_RVV_FP32_INT8_8x8_Baseline,FP32_SGEMM,sgemm_kernel_8x8_zvl256b_lmul1_unroll8,RVV,3,RVV_IME,GFLOPS,6,7.83043,7.7721,7.891,0.274261,6,0,0,0,0,0
GEMM_RVV_FP32_INT8_8x8_Baseline,FP32_SGEMM,sgemm_kernel_8x8_zvl256b_lmul1_unroll8,RVV,4,RVV,GFLOPS,6,7.82167,7.7558,7.8935,0.27457,6,0,0,0,0,0
GEMM_RVV_FP32_INT8_8x8_Baseline,FP32_SGEMM,sgemm_kernel_8x8_zvl256b_lmul1_unroll8,RVV,5,RVV,GFLOPS,6,7.81683,7.6996,7.8761,0.274744,6,0,0,0,0,0
GEMM_RVV_FP32_INT8_8x8_Baseline,FP32_SGEMM,sgemm_kernel_8x8_zvl256b_lmul1_unroll8,RVV,6,RVV,GFLOPS,6,7.80815,7.7354,7.8941,0.275048,6,0,0,0,0,0
GEMM_RVV_FP32_INT8_8x8_Baseline,FP32_SGEMM,sgemm_kernel_8x8_zvl256b_lmul1_unroll8,RVV,7,RVV,GFLOPS,6,7.78782,7.734,7.8584,0.275756,6,0,0,0,0,0
GEMM_RVV_FP32_INT8_8x8_Baseline,FP32_SGEMM,sgemm_kernel_8x8_zvl256b_lmul2_unroll1,RVV,0,RVV_IME,GFLOPS,6,5.58483,5.5467,5.6241,0.384532,6,0,0,0,0,0
GEMM_RVV_FP32_INT8_8x8_Baseline,FP32_SGEMM,sgemm_kernel_8x8_zvl256b_lmul2_unroll1,RVV,1,RVV_IME,GFLOPS,6,5.65275,5.5978,5.6717,0.37991,6,0,0,0,0,0
GEMM_RVV_FP32_INT8_8x8_Baseline,FP32_SGEMM,sgemm_kernel_8x8_zvl256b_lmul2_unroll1,RVV,2,RVV_IME,GFLOPS,6,5.65802,5.6093,5.6776,0.379552,6,0,0,0,0,0
GEMM_RVV_FP32_INT8_8x8_Baseline,FP32_SGEMM,sgemm_kernel_8x8_zvl256b_lmul2_unroll1,RVV,3,RVV_IME,GFLOPS,6,5.64527,5.6064,5.6704,0.380412,6,0,0,0,0,0
GEMM_RVV_FP32_INT8_8x8_Baseline,FP32_SGEMM,sgemm_kernel_8x8_zvl256b_lmul2_unroll1,RVV,4,RVV,GFLOPS,6,4.97638,4.9402,4.9973,0.431545,6,0,0,0,0,0
GEMM_RVV_FP32_INT8_8x8_Baseline,FP32_SGEMM,sgemm_kernel_8x8_zvl256b_lmul2_unroll1,RVV,5,RVV,GFLOPS,6,4.94365,4.9215,4.9746,0.434398,6,0,0,0,0,0
GEMM_RVV_FP32_INT8_8x8_Baseline,FP32_SGEMM,sgemm_kernel_8x8_zvl256b_lmul2_unroll1,RVV,6,RVV,GFLOPS,6,4.95363,4.9318,4.9918,0.433524,6,0,0,0,0,0
GEMM_RVV_FP32_INT8_8x8_Baseline,FP32_SGEMM,sgemm_kernel_8x8_zvl256b_lmul2_unroll1,RVV,7,RVV,GFLOPS,6,4.95183,4.9356,4.9965,0.433682,6,0,0,0,0,0
GEMM_RVV_FP32_INT8_8x8_Baseline,FP32_SGEMM,sgemm_kernel_8x8_zvl256b_lmul2_unroll2,RVV,0,RVV_IME,GFLOPS,6,5.56845,5.4591,5.6265,0.385703,6,0,0,0,0,0
GEMM_RVV_FP32_INT8_8x8_Baseline,FP32_SGEMM,sgemm_kernel_8x8_zvl256b_lmul2_unroll2,RVV,1,RVV_IME,GFLOPS,6,5.6139,5.5782,5.676,0.382542,6,0,0,0,0,0
GEMM_RVV_FP32_INT8_8x8_Baseline,FP32_SGEMM,sgemm_kernel_8x8_zvl256b_lmul2_unroll2,RVV,2,RVV_IME,GFLOPS,6,5.65017,5.6103,5.6786,0.380082,6,0,0,0,0,0
GEMM_RVV_FP32_INT8_8x8_Baseline,FP32_SGEMM,sgemm_kernel_8x8_zvl256b_lmul2_unroll2,RVV,3,RVV_IME,GFLOPS,6,5.61853,5.6057,5.6534,0.382217,6,0,0,0,0,0
GEMM_RVV_FP32_INT8_8x8_Baseline,FP32_SGEMM,sgemm_kernel_8x8_zvl256b_lmul2_unroll2,RVV,4,RVV,GFLOPS,6,5.2423,5.2039,5.2724,0.409657,6,0,0,0,0,0
GEMM_RVV_FP32_INT8_8x8_Baseline,FP32_SGEMM,sgemm_kernel_8x8_zvl256b_lmul2_unroll2,RVV,5,RVV,GFLOPS,6,5.18705,5.1648,5.2137,0.414013,6,0,0,0,0,0
GEMM_RVV_FP32_INT8_8x8_Baseline,FP32_SGEMM,sgemm_kernel_8x8_zvl256b_lmul2_unroll2,RVV,6,RVV,GFLOPS,6,5.1858,5.1452,5.209,0.414118,6,0,0,0,0,0
GEMM_RVV_FP32_INT8_8x8_Baseline,FP32_SGEMM,sgemm_kernel_8x8_zvl256b_lmul2_unroll2,RVV,7,RVV,GFLOPS,6,5.22207,5.1999,5.2629,0.411243,6,0,0,0,0,0
GEMM_RVV_FP32_INT8_8x8_Baseline,FP32_SGEMM,sgemm_kernel_8x8_zvl256b_lmul2_unroll4,RVV,0,RVV_IME,GFLOPS,6,5.5857,5.5357,5.6372,0.384473,6,0,0,0,0,0
GEMM_RVV_FP32_INT8_8x8_Baseline,FP32_SGEMM,sgemm_kernel_8x8_zvl256b_lmul2_unroll4,RVV,1,RVV_IME,GFLOPS,6,5.66553,5.5944,5.7088,0.379068,6,0,0,0,0,0
GEMM_RVV_FP32_INT8_8x8_Baseline,FP32_SGEMM,sgemm_kernel_8x8_zvl256b_lmul2_unroll4,RVV,2,RVV_IME,GFLOPS,6,5.68393,5.6423,5.727,0.377831,6,0,0,0,0,0
GEMM_RVV_FP32_INT8_8x8_Baseline,FP32_SGEMM,sgemm_kernel_8x8_zvl256b_lmul2_unroll4,RVV,3,RVV_IME,GFLOPS,6,5.67442,5.6468,5.7205,0.378463,6,0,0,0,0,0
GEMM_RVV_FP32_INT8_8x8_Baseline,FP32_SGEMM,sgemm_kernel_8x8_zvl256b_lmul2_unroll4,RVV,4,RVV,GFLOPS,6,5.66743,5.6292,5.7202,0.378932,6,0,0,0,0,0
GEMM_RVV_FP32_INT8_8x8_Baseline,FP32_SGEMM,sgemm_kernel_8x8_zvl256b_lmul2_unroll4,RVV,5,RVV,GFLOPS,6,5.67708,5.6142,5.7127,0.378289,6,0,0,0,0,0
GEMM_RVV_FP32_INT8_8x8_Baseline,FP32_SGEMM,sgemm_kernel_8x8_zvl256b_lmul2_unroll4,RVV,6,RVV,GFLOPS,6,5.6927,5.6454,5.7255,0.377245,6,0,0,0,0,0
GEMM_RVV_FP32_INT8_8x8_Baseline,FP32_SGEMM,sgemm_kernel_8x8_zvl256b_lmul2_unroll4,RVV,7,RVV,GFLOPS,6,5.67605,5.6268,5.7214,0.378353,6,0,0,0,0,0
GEMM_RVV_FP32_INT8_8x8_Baseline,FP32_SGEMM,sgemm_kernel_8x8_zvl256b_lmul2_unroll8,RVV,0,RVV_IME,GFLOPS,6,5.47375,5.4354,5.5338,0.392336,6,0,0,0,0,0
GEMM_RVV_FP32_INT8_8x8_Baseline,FP32_SGEMM,sgemm_kernel_8x8_zvl256b_lmul2_unroll8,RVV,1,RVV_IME,GFLOPS,6,5.54742,5.5286,5.5827,0.387118,6,0,0,0,0,0
GEMM_RVV_FP32_INT8_8x8_Baseline,FP32_SGEMM,sgemm_kernel_8x8_zvl256b_lmul2_unroll8,RVV,2,RVV_IME,GFLOPS,6,5.56003,5.517,5.591,0.386248,6,0,0,0,0,0
GEMM_RVV_FP32_INT8_8x8_Baseline,FP32_SGEMM,sgemm_kernel_8x8_zvl256b_lmul2_unroll8,RVV,3,RVV_IME,GFLOPS,6,5.54518,5.526,5.5824,0.387278,6,0,0,0,0,0
GEMM_RVV_FP32_INT8_8x8_Baseline,FP32_SGEMM,sgemm_kernel_8x8_zvl256b_lmul2_unroll8,RVV,4,RVV,GFLOPS,6,5.55097,5.5127,5.5749,0.386874,6,0,0,0,0,0
GEMM_RVV_FP32_INT8_8x8_Baseline,FP32_SGEMM,sgemm_kernel_8x8_zvl256b_lmul2_unroll8,RVV,5,RVV,GFLOPS,6,5.47717,5.3778,5.5443,0.392123,6,0,0,0,0,0
GEMM_RVV_FP32_INT8_8x8_Baseline,FP32_SGEMM,sgemm_kernel_8x8_zvl256b_lmul2_unroll8,RVV,6,RVV,GFLOPS,6,5.51938,5.5093,5.5392,0.389083,6,0,0,0,0,0
GEMM_RVV_FP32_INT8_8x8_Baseline,FP32_SGEMM,sgemm_kernel_8x8_zvl256b_lmul2_unroll8,RVV,7,RVV,GFLOPS,6,5.55922,5.5437,5.5727,0.386294,6,0,0,0,0,0
GEMM_RVV_FP32_INT8_8x8_Baseline,FP32_SGEMM,sgemm_kernel_8x8_zvl256b_lmul4_unroll1,RVV,0,RVV_IME,GFLOPS,6,1.79482,1.7883,1.8022,1.19651,6,0,0,0,0,0
GEMM_RVV_FP32_INT8_8x8_Baseline,FP32_SGEMM,sgemm_kernel_8x8_zvl256b_lmul4_unroll1,RVV,1,RVV_IME,GFLOPS,6,1.8068,1.805,1.8086,1.18855,6,0,0,0,0,0
GEMM_RVV_FP32_INT8_8x8_Baseline,FP32_SGEMM,sgemm_kernel_8x8_zvl256b_lmul4_unroll1,RVV,2,RVV_IME,GFLOPS,6,1.80873,1.8074,1.8094,1.1873,6,0,0,0,0,0
GEMM_RVV_FP32_INT8_8x8_Baseline,FP32_SGEMM,sgemm_kernel_8x8_zvl256b_lmul4_unroll1,RVV,3,RVV_IME,GFLOPS,6,1.80648,1.8042,1.8085,1.18877,6,0,0,0,0,0
GEMM_RVV_FP32_INT8_8x8_Baseline,FP32_SGEMM,sgemm_kernel_8x8_zvl256b_lmul4_unroll1,RVV,4,RVV,GFLOPS,6,1.78923,1.7841,1.7949,1.20022,6,0,0,0,0,0
GEMM_RVV_FP32_INT8_8x8_Baseline,FP32_SGEMM,sgemm_kernel_8x8_zvl256b_lmul4_unroll1,RVV,5,RVV,GFLOPS,6,1.78752,1.7862,1.7893,1.20138,6,0,0,0,0,0
GEMM_RVV_FP32_INT8_8x8_Baseline,FP32_SGEMM,sgemm_kernel_8x8_zvl256b_lmul4_unroll1,RVV,6,RVV,GFLOPS,6,1.79183,1.7911,1.7937,1.19847,6,0,0,0,0,0
GEMM_RVV_FP32_INT8_8x8_Baseline,FP32_SGEMM,sgemm_kernel_8x8_zvl256b_lmul4_unroll1,RVV,7,RVV,GFLOPS,6,1.79185,1.7906,1.7936,1.19847,6,0,0,0,0,0
GEMM_RVV_FP32_INT8_8x8_Baseline,FP32_SGEMM,sgemm_kernel_8x8_zvl256b_lmul4_unroll2,RVV,0,RVV_IME,GFLOPS,6,1.52805,1.5044,1.5545,1.40563,6,0,0,0,0,0
GEMM_RVV_FP32_INT8_8x8_Baseline,FP32_SGEMM,sgemm_kernel_8x8_zvl256b_lmul4_unroll2,RVV,1,RVV_IME,GFLOPS,6,1.56243,1.5591,1.5646,1.37443,6,0,0,0,0,0
GEMM_RVV_FP32_INT8_8x8_Baseline,FP32_SGEMM,sgemm_kernel_8x8_zvl256b_lmul4_unroll2,RVV,2,RVV_IME,GFLOPS,6,1.567,1.5653,1.5677,1.37045,6,0,0,0,0,0
GEMM_RVV_FP32_INT8_8x8_Baseline,FP32_SGEMM,sgemm_kernel_8x8_zvl256b_lmul4_unroll2,RVV,3,RVV_IME,GFLOPS,6,1.56525,1.564,1.5671,1.37199,6,0,0,0,0,0
GEMM_RVV_FP32_INT8_8x8_Baseline,FP32_SGEMM,sgemm_kernel_8x8_zvl256b_lmul4_unroll2,RVV,4,RVV,GFLOPS,6,1.56028,1.5562,1.5621,1.37634,6,0,0,0,0,0
GEMM_RVV_FP32_INT8_8x8_Baseline,FP32_SGEMM,sgemm_kernel_8x8_zvl256b_lmul4_unroll2,RVV,5,RVV,GFLOPS,6,1.5559,1.5546,1.557,1.38022,6,0,0,0,0,0
GEMM_RVV_FP32_INT8_8x8_Baseline,FP32_SGEMM,sgemm_kernel_8x8_zvl256b_lmul4_unroll2,RVV,6,RVV,GFLOPS,6,1.561,1.5597,1.5619,1.37573,6,0,0,0,0,0
GEMM_RVV_FP32_INT8_8x8_Baseline,FP32_SGEMM,sgemm_kernel_8x8_zvl256b_lmul4_unroll2,RVV,7,RVV,GFLOPS,6,1.56092,1.5592,1.562,1.37577,6,0,0,0,0,0
GEMM_RVV_FP32_INT8_8x8_Baseline,FP32_SGEMM,sgemm_kernel_8x8_zvl256b_lmul4_unroll4,RVV,0,RVV_IME,GFLOPS,6,1.55665,1.5549,1.5588,1.37956,6,0,0,0,0,0
GEMM_RVV_FP32_INT8_8x8_Baseline,FP32_SGEMM,sgemm_kernel_8x8_zvl256b_lmul4_unroll4,RVV,1,RVV_IME,GFLOPS,6,1.56438,1.563,1.5663,1.37275,6,0,0,0,0,0
GEMM_RVV_FP32_INT8_8x8_Baseline,FP32_SGEMM,sgemm_kernel_8x8_zvl256b_lmul4_unroll4,RVV,2,RVV_IME,GFLOPS,6,1.56732,1.5646,1.5686,1.37018,6,0,0,0,0,0
GEMM_RVV_FP32_INT8_8x8_Baseline,FP32_SGEMM,sgemm_kernel_8x8_zvl256b_lmul4_unroll4,RVV,3,RVV_IME,GFLOPS,6,1.5634,1.5625,1.5643,1.37359,6,0,0,0,0,0
GEMM_RVV_FP32_INT8_8x8_Baseline,FP32_SGEMM,sgemm_kernel_8x8_zvl256b_lmul4_unroll4,RVV,4,RVV,GFLOPS,6,1.54402,1.5428,1.545,1.39085,6,0,0,0,0,0
GEMM_RVV_FP32_INT8_8x8_Baseline,FP32_SGEMM,sgemm_kernel_8x8_zvl256b_lmul4_unroll4,RVV,5,RVV,GFLOPS,6,1.53213,1.5087,1.5398,1.4017,6,0,0,0,0,0
GEMM_RVV_FP32_INT8_8x8_Baseline,FP32_SGEMM,sgemm_kernel_8x8_zvl256b_lmul4_unroll4,RVV,6,RVV,GFLOPS,6,1.5432,1.542,1.5445,1.39157,6,0,0,0,0,0
GEMM_RVV_FP32_INT8_8x8_Baseline,FP32_SGEMM,sgemm_kernel_8x8_zvl256b_lmul4_unroll4,RVV,7,RVV,GFLOPS,6,1.54435,1.5438,1.5454,1.39055,6,0,0,0,0,0
GEMM_RVV_FP32_INT8_8x8_Baseline,FP32_SGEMM,sgemm_kernel_8x8_zvl256b_lmul4_unroll8,RVV,0,RVV_IME,GFLOPS,6,1.77625,1.768,1.7829,1.20901,6,0,0,0,0,0
GEMM_RVV_FP32_INT8_8x8_Baseline,FP32_SGEMM,sgemm_kernel_8x8_zvl256b_lmul4_unroll8,RVV,1,RVV_IME,GFLOPS,6,1.79288,1.7918,1.7936,1.19777,6,0,0,0,0,0
GEMM_RVV_FP32_INT8_8x8_Baseline,FP32_SGEMM,sgemm_kernel_8x8_zvl256b_lmul4_unroll8,RVV,2,RVV_IME,GFLOPS,6,1.79337,1.7926,1.7942,1.19746,6,0,0,0,0,0
GEMM_RVV_FP32_INT8_8x8_Baseline,FP32_SGEMM,sgemm_kernel_8x8_zvl256b_lmul4_unroll8,RVV,3,RVV_IME,GFLOPS,6,1.79153,1.7894,1.7927,1.19868,6,0,0,0,0,0
GEMM_RVV_FP32_INT8_8x8_Baseline,FP32_SGEMM,sgemm_kernel_8x8_zvl256b_lmul4_unroll8,RVV,4,RVV,GFLOPS,6,1.801,1.7999,1.802,1.19237,6,0,0,0,0,0
GEMM_RVV_FP32_INT8_8x8_Baseline,FP32_SGEMM,sgemm_kernel_8x8_zvl256b_lmul4_unroll8,RVV,5,RVV,GFLOPS,6,1.79587,1.7947,1.7966,1.19578,6,0,0,0,0,0
GEMM_RVV_FP32_INT8_8x8_Baseline,FP32_SGEMM,sgemm_kernel_8x8_zvl256b_lmul4_unroll8,RVV,6,RVV,GFLOPS,6,1.80045,1.7998,1.8015,1.19275,6,0,0,0,0,0
GEMM_RVV_FP32_INT8_8x8_Baseline,FP32_SGEMM,sgemm_kernel_8x8_zvl256b_lmul4_unroll8,RVV,7,RVV,GFLOPS,6,1.79883,1.7948,1.8019,1.19382,6,0,0,0,0,0
GEMM_RVV_FP32_INT8_8x8_Baseline,FP32_SGEMM,sgemm_kernel_8x8_zvl256b_lmul8_unroll1,RVV,0,RVV_IME,GFLOPS,6,0.5401,0.5301,0.5435,3.97634,6,0,0,0,0,0
GEMM_RVV_FP32_INT8_8x8_Baseline,FP32_SGEMM,sgemm_kernel_8x8_zvl256b_lmul8_unroll1,RVV,1,RVV_IME,GFLOPS,6,0.5458,0.5456,0.546,3.93444,6,0,0,0,0,0
GEMM_RVV_FP32_INT8_8x8_Baseline,FP32_SGEMM,sgemm_kernel_8x8_zvl256b_lmul8_unroll1,RVV,2,RVV_IME,GFLOPS,6,0.546083,0.5457,0.5465,3.93238,6,0,0,0,0,0
GEMM_RVV_FP32_INT8_8x8_Baseline,FP32_SGEMM,sgemm_kernel_8x8_zvl256b_lmul8_unroll1,RVV,3,RVV_IME,GFLOPS,6,0.54525,0.545,0.5459,3.93857,6,0,0,0,0,0
GEMM_RVV_FP32_INT8_8x8_Baseline,FP32_SGEMM,sgemm_kernel_8x8_zvl256b_lmul8_unroll1,RVV,4,RVV,GFLOPS,6,0.54365,0.5434,0.5438,3.95016,6,0,0,0,0,0
GEMM_RVV_FP32_INT8_8x8_Baseline,FP32_SGEMM,sgemm_kernel_8x8_zvl256b_lmul8_unroll1,RVV,5,RVV,GFLOPS,6,0.541167,0.5392,0.5423,3.96823,6,0,0,0,0,0
GEMM_RVV_FP32_INT8_8x8_Baseline,FP32_SGEMM,sgemm_kernel_8x8_zvl256b_lmul8_unroll1,RVV,6,RVV,GFLOPS,6,0.543633,0.5435,0.5438,3.95014,6,0,0,0,0,0
GEMM_RVV_FP32_INT8_8x8_Baseline,FP32_SGEMM,sgemm_kernel_8x8_zvl256b_lmul8_unroll1,RVV,7,RVV,GFLOPS,6,0.543667,0.5432,0.5439,3.94988,6,0,0,0,0,0
GEMM_RVV_FP32_INT8_8x8_Baseline,FP32_SGEMM,sgemm_kernel_8x8_zvl256b_lmul8_unroll2,RVV,0,RVV_IME,GFLOPS,6,0.55295,0.5511,0.5537,3.88362,6,0,0,0,0,0
GEMM_RVV_FP32_INT8_8x8_Baseline,FP32_SGEMM,sgemm_kernel_8x8_zvl256b_lmul8_unroll2,RVV,1,RVV_IME,GFLOPS,6,0.5595,0.5592,0.5598,3.83831,6,0,0,0,0,0
GEMM_RVV_FP32_INT8_8x8_Baseline,FP32_SGEMM,sgemm_kernel_8x8_zvl256b_lmul8_unroll2,RVV,2,RVV_IME,GFLOPS,6,0.559633,0.5586,0.5602,3.8372,6,0,0,0,0,0
GEMM_RVV_FP32_INT8_8x8_Baseline,FP32_SGEMM,sgemm_kernel_8x8_zvl256b_lmul8_unroll2,RVV,3,RVV_IME,GFLOPS,6,0.559117,0.5585,0.5597,3.84084,6,0,0,0,0,0
GEMM_RVV_FP32_INT8_8x8_Baseline,FP32_SGEMM,sgemm_kernel_8x8_zvl256b_lmul8_unroll2,RVV,4,RVV,GFLOPS,6,0.5413,0.5392,0.542,3.96714,6,0,0,0,0,0
GEMM_RVV_FP32_INT8_8x8_Baseline,FP32_SGEMM,sgemm_kernel_8x8_zvl256b_lmul8_unroll2,RVV,5,RVV,GFLOPS,6,0.539833,0.5379,0.5404,3.97808,6,0,0,0,0,0
GEMM_RVV_FP32_INT8_8x8_Baseline,FP32_SGEMM,sgemm_kernel_8x8_zvl256b_lmul8_unroll2,RVV,6,RVV,GFLOPS,6,0.54145,0.5409,0.5418,3.96627,6,0,0,0,0,0
GEMM_RVV_FP32_INT8_8x8_Baseline,FP32_SGEMM,sgemm_kernel_8x8_zvl256b_lmul8_unroll2,RVV,7,RVV,GFLOPS,6,0.541283,0.5405,0.542,3.96733,6,0,0,0,0,0
GEMM_RVV_FP32_INT8_8x8_Baseline,FP32_SGEMM,sgemm_kernel_8x8_zvl256b_lmul8_unroll4,RVV,0,RVV_IME,GFLOPS,6,0.43425,0.4331,0.4364,4.94544,6,0,0,0,0,0
GEMM_RVV_FP32_INT8_8x8_Baseline,FP32_SGEMM,sgemm_kernel_8x8_zvl256b_lmul8_unroll4,RVV,1,RVV_IME,GFLOPS,6,0.439,0.4384,0.4394,4.8919,6,0,0,0,0,0
GEMM_RVV_FP32_INT8_8x8_Baseline,FP32_SGEMM,sgemm_kernel_8x8_zvl256b_lmul8_unroll4,RVV,2,RVV_IME,GFLOPS,6,0.4395,0.4394,0.4396,4.88618,6,0,0,0,0,0
GEMM_RVV_FP32_INT8_8x8_Baseline,FP32_SGEMM,sgemm_kernel_8x8_zvl256b_lmul8_unroll4,RVV,3,RVV_IME,GFLOPS,6,0.439283,0.439,0.4394,4.88892,6,0,0,0,0,0
GEMM_RVV_FP32_INT8_8x8_Baseline,FP32_SGEMM,sgemm_kernel_8x8_zvl256b_lmul8_unroll4,RVV,4,RVV,GFLOPS,6,0.4391,0.4386,0.4396,4.89072,6,0,0,0,0,0
GEMM_RVV_FP32_INT8_8x8_Baseline,FP32_SGEMM,sgemm_kernel_8x8_zvl256b_lmul8_unroll4,RVV,5,RVV,GFLOPS,6,0.438467,0.4382,0.4386,4.89789,6,0,0,0,0,0
GEMM_RVV_FP32_INT8_8x8_Baseline,FP32_SGEMM,sgemm_kernel_8x8_zvl256b_lmul8_unroll4,RVV,6,RVV,GFLOPS,6,0.4394,0.4394,0.4394,4.88694,6,0,0,0,0,0
GEMM_RVV_FP32_INT8_8x8_Baseline,FP32_SGEMM,sgemm_kernel_8x8_zvl256b_lmul8_unroll4,RVV,7,RVV,GFLOPS,6,0.439567,0.4394,0.4397,4.88532,6,0,0,0,0,0
GEMM_RVV_FP32_INT8_8x8_Baseline,FP32_SGEMM,sgemm_kernel_8x8_zvl256b_lmul8_unroll8,RVV,0,RVV_IME,GFLOPS,6,0.43835,0.4381,0.4387,4.89881,6,0,0,0,0,0
GEMM_RVV_FP32_INT8_8x8_Baseline,FP32_SGEMM,sgemm_kernel_8x8_zvl256b_lmul8_unroll8,RVV,1,RVV_IME,GFLOPS,6,0.440317,0.4401,0.4405,4.87697,6,0,0,0,0,0
GEMM_RVV_FP32_INT8_8x8_Baseline,FP32_SGEMM,sgemm_kernel_8x8_zvl256b_lmul8_unroll8,RVV,2,RVV_IME,GFLOPS,6,0.440367,0.4397,0.4409,4.87646,6,0,0,0,0,0
GEMM_RVV_FP32_INT8_8x8_Baseline,FP32_SGEMM,sgemm_kernel_8x8_zvl256b_lmul8_unroll8,RVV,3,RVV_IME,GFLOPS,6,0.4401,0.4388,0.4406,4.87952,6,0,0,0,0,0
GEMM_RVV_FP32_INT8_8x8_Baseline,FP32_SGEMM,sgemm_kernel_8x8_zvl256b_lmul8_unroll8,RVV,4,RVV,GFLOPS,6,0.440367,0.4399,0.4406,4.87659,6,0,0,0,0,0
GEMM_RVV_FP32_INT8_8x8_Baseline,FP32_SGEMM,sgemm_kernel_8x8_zvl256b_lmul8_unroll8,RVV,5,RVV,GFLOPS,6,0.439167,0.4389,0.4394,4.89016,6,0,0,0,0,0
GEMM_RVV_FP32_INT8_8x8_Baseline,FP32_SGEMM,sgemm_kernel_8x8_zvl256b_lmul8_unroll8,RVV,6,RVV,GFLOPS,6,0.4402,0.44,0.4405,4.8782,6,0,0,0,0,0
GEMM_RVV_FP32_INT8_8x8_Baseline,FP32_SGEMM,sgemm_kernel_8x8_zvl256b_lmul8_unroll8,RVV,7,RVV,GFLOPS,6,0.439983,0.4394,0.4405,4.88081,6,0,0,0,0,0
GEMM_RVV_FP32_INT8_8x8_Baseline,INT8_RVV,igemm_kernel_8x8_zvl256b_lmul1_unroll1,RVV,0,RVV_IME,GOPS,6,2.1763,2.1739,2.1784,0.98675,6,0,0,0,0,0
GEMM_RVV_FP32_INT8_8x8_Baseline,INT8_RVV,igemm_kernel_8x8_zvl256b_lmul1_unroll1,RVV,1,RVV_IME,GOPS,6,2.18495,2.1822,2.187,0.982851,6,0,0,0,0,0
GEMM_RVV_FP32_INT8_8x8_Baseline,INT8_RVV,igemm_kernel_8x8_zvl256b_lmul1_unroll1,RVV,2,RVV_IME,GOPS,6,2.18653,2.186,2.1874,0.98214,6,0,0,0,0,0
GEMM_RVV_FP32_INT8_8x8_Baseline,INT8_RVV,igemm_kernel_8x8_zvl256b_lmul1_unroll1,RVV,3,RVV_IME,GOPS,6,2.18465,2.1821,2.1861,0.982988,6,0,0,0,0,0
GEMM_RVV_FP32_INT8_8x8_Baseline,INT8_RVV,igemm_kernel_8x8_zvl256b_lmul1_unroll1,RVV,4,RVV,GOPS,6,2.05573,2.0553,2.0563,1.04463,6,0,0,0,0,0
GEMM_RVV_FP32_INT8_8x8_Baseline,INT8_RVV,igemm_kernel_8x8_zvl256b_lmul1_unroll1,RVV,5,RVV,GOPS,6,2.05097,2.0498,2.0524,1.04705,6,0,0,0,0,0
GEMM_RVV_FP32_INT8_8x8_Baseline,INT8_RVV,igemm_kernel_8x8_zvl256b_lmul1_unroll1,RVV,6,RVV,GOPS,6,2.05377,2.0507,2.056,1.04563,6,0,0,0,0,0
GEMM_RVV_FP32_INT8_8x8_Baseline,INT8_RVV,igemm_kernel_8x8_zvl256b_lmul1_unroll1,RVV,7,RVV,GOPS,6,2.05425,2.0485,2.0582,1.04539,6,0,0,0,0,0
GEMM_RVV_FP32_INT8_8x8_Baseline,INT8_RVV,igemm_kernel_8x8_zvl256b_lmul1_unroll2,RVV,0,RVV_IME,GOPS,6,1.81458,1.8083,1.8195,1.18348,6,0,0,0,0,0
GEMM_RVV_FP32_INT8_8x8_Baseline,INT8_RVV,igemm_kernel_8x8_zvl256b_lmul1_unroll2,RVV,1,RVV_IME,GOPS,6,1.82237,1.8187,1.8251,1.1784,6,0,0,0,0,0
GEMM_RVV_FP32_INT8_8x8_Baseline,INT8_RVV,igemm_kernel_8x8_zvl256b_lmul1_unroll2,RVV,2,RVV_IME,GOPS,6,1.82362,1.8215,1.8265,1.17759,6,0,0,0,0,0
GEMM_RVV_FP32_INT8_8x8_Baseline,INT8_RVV,igemm_kernel_8x8_zvl256b_lmul1_unroll2,RVV,3,RVV_IME,GOPS,6,1.82325,1.8213,1.8254,1.17785,6,0,0,0,0,0
GEMM_RVV_FP32_INT8_8x8_Baseline,INT8_RVV,igemm_kernel_8x8_zvl256b_lmul1_unroll2,RVV,4,RVV,GOPS,6,1.80828,1.8073,1.8098,1.18758,6,0,0,0,0,0
GEMM_RVV_FP32_INT8_8x8_Baseline,INT8_RVV,igemm_kernel_8x8_zvl256b_lmul1_unroll2,RVV,5,RVV,GOPS,6,1.8037,1.7979,1.806,1.1906,6,0,0,0,0,0
GEMM_RVV_FP32_INT8_8x8_Baseline,INT8_RVV,igemm_kernel_8x8_zvl256b_lmul1_unroll2,RVV,6,RVV,GOPS,6,1.80887,1.807,1.81,1.1872,6,0,0,0,0,0
GEMM_RVV_FP32_INT8_8x8_Baseline,INT8_RVV,igemm_kernel_8x8_zvl256b_lmul1_unroll2,RVV,7,RVV,GOPS,6,1.80777,1.8046,1.8098,1.18793,6,0,0,0,0,0
GEMM_RVV_FP32_INT8_8x8_Baseline,INT8_RVV,igemm_kernel_8x8_zvl256b_lmul1_unroll4,RVV,0,RVV_IME,GOPS,6,1.8167,1.8133,1.8193,1.18208,6,0,0,0,0,0
GEMM_RVV_FP32_INT8_8x8_Baseline,INT8_RVV,igemm_kernel_8x8_zvl256b_lmul1_unroll4,RVV,1,RVV_IME,GOPS,6,1.82422,1.8228,1.8257,1.17721,6,0,0,0,0,0
GEMM_RVV_FP32_INT8_8x8_Baseline,INT8_RVV,igemm_kernel_8x8_zvl256b_lmul1_unroll4,RVV,2,RVV_IME,GOPS,6,1.8266,1.8261,1.8271,1.17568,6,0,0,0,0,0
GEMM_RVV_FP32_INT8_8x8_Baseline,INT8_RVV,igemm_kernel_8x8_zvl256b_lmul1_unroll4,RVV,3,RVV_IME,GOPS,6,1.82635,1.825,1.827,1.17582,6,0,0,0,0,0
GEMM_RVV_FP32_INT8_8x8_Baseline,INT8_RVV,igemm_kernel_8x8_zvl256b_lmul1_unroll4,RVV,4,RVV,GOPS,6,1.78807,1.7821,1.7912,1.20102,6,0,0,0,0,0
GEMM_RVV_FP32_INT8_8x8_Baseline,INT8_RVV,igemm_kernel_8x8_zvl256b_lmul1_unroll4,RVV,5,RVV,GOPS,6,1.78607,1.7853,1.7869,1.20237,6,0,0,0,0,0
GEMM_RVV_FP32_INT8_8x8_Baseline,INT8_RVV,igemm_kernel_8x8_zvl256b_lmul1_unroll4,RVV,6,RVV,GOPS,6,1.78995,1.7893,1.7904,1.19975,6,0,0,0,0,0
GEMM_RVV_FP32_INT8_8x8_Baseline,INT8_RVV,igemm_kernel_8x8_zvl256b_lmul1_unroll4,RVV,7,RVV,GOPS,6,1.79072,1.79,1.7913,1.19923,6,0,0,0,0,0
GEMM_RVV_FP32_INT8_8x8_Baseline,INT8_RVV,igemm_kernel_8x8_zvl256b_lmul1_unroll8,RVV,0,RVV_IME,GOPS,6,1.9736,1.9677,1.9773,1.08811,6,0,0,0,0,0
GEMM_RVV_FP32_INT8_8x8_Baseline,INT8_RVV,igemm_kernel_8x8_zvl256b_lmul1_unroll8,RVV,1,RVV_IME,GOPS,6,1.98533,1.983,1.9889,1.08168,6,0,0,0,0,0
GEMM_RVV_FP32_INT8_8x8_Baseline,INT8_RVV,igemm_kernel_8x8_zvl256b_lmul1_unroll8,RVV,2,RVV_IME,GOPS,6,1.9874,1.9852,1.9895,1.08054,6,0,0,0,0,0
GEMM_RVV_FP32_INT8_8x8_Baseline,INT8_RVV,igemm_kernel_8x8_zvl256b_lmul1_unroll8,RVV,3,RVV_IME,GOPS,6,1.98692,1.9861,1.9879,1.08081,6,0,0,0,0,0
GEMM_RVV_FP32_INT8_8x8_Baseline,INT8_RVV,igemm_kernel_8x8_zvl256b_lmul1_unroll8,RVV,4,RVV,GOPS,6,1.95612,1.9542,1.9568,1.09783,6,0,0,0,0,0
GEMM_RVV_FP32_INT8_8x8_Baseline,INT8_RVV,igemm_kernel_8x8_zvl256b_lmul1_unroll8,RVV,5,RVV,GOPS,6,1.94708,1.9384,1.9509,1.10293,6,0,0,0,0,0
GEMM_RVV_FP32_INT8_8x8_Baseline,INT8_RVV,igemm_kernel_8x8_zvl256b_lmul1_unroll8,RVV,6,RVV,GOPS,6,1.95625,1.9554,1.9572,1.09776,6,0,0,0,0,0
GEMM_RVV_FP32_INT8_8x8_Baseline,INT8_RVV,igemm_kernel_8x8_zvl256b_lmul1_unroll8,RVV,7,RVV,GOPS,6,1.9564,1.9549,1.9578,1.09767,6,0,0,0,0,0
GEMM_RVV_FP32_INT8_8x8_Baseline,INT8_RVV,igemm_kernel_8x8_zvl256b_lmul2_unroll1,RVV,0,RVV_IME,GOPS,6,0.522367,0.518,0.5246,4.11115,6,0,0,0,0,0
GEMM_RVV_FP32_INT8_8x8_Baseline,INT8_RVV,igemm_kernel_8x8_zvl256b_lmul2_unroll1,RVV,1,RVV_IME,GOPS,6,0.52585,0.5251,0.5264,4.0837,6,0,0,0,0,0
GEMM_RVV_FP32_INT8_8x8_Baseline,INT8_RVV,igemm_kernel_8x8_zvl256b_lmul2_unroll1,RVV,2,RVV_IME,GOPS,6,0.526567,0.5258,0.5269,4.07833,6,0,0,0,0,0
GEMM_RVV_FP32_INT8_8x8_Baseline,INT8_RVV,igemm_kernel_8x8_zvl256b_lmul2_unroll1,RVV,3,RVV_IME,GOPS,6,0.52655,0.5264,0.5267,4.07858,6,0,0,0,0,0
GEMM_RVV_FP32_INT8_8x8_Baseline,INT8_RVV,igemm_kernel_8x8_zvl256b_lmul2_unroll1,RVV,4,RVV,GOPS,6,0.53665,0.536,0.537,4.00172,6,0,0,0,0,0
GEMM_RVV_FP32_INT8_8x8_Baseline,INT8_RVV,igemm_kernel_8x8_zvl256b_lmul2_unroll1,RVV,5,RVV,GOPS,6,0.5349,0.5332,0.5357,4.0147,6,0,0,0,0,0
GEMM_RVV_FP32_INT8_8x8_Baseline,INT8_RVV,igemm_kernel_8x8_zvl256b_lmul2_unroll1,RVV,6,RVV,GOPS,6,0.53695,0.5368,0.5371,3.99943,6,0,0,0,0,0
GEMM_RVV_FP32_INT8_8x8_Baseline,INT8_RVV,igemm_kernel_8x8_zvl256b_lmul2_unroll1,RVV,7,RVV,GOPS,6,0.536817,0.5366,0.537,4.00042,6,0,0,0,0,0
GEMM_RVV_FP32_INT8_8x8_Baseline,INT8_RVV,igemm_kernel_8x8_zvl256b_lmul2_unroll2,RVV,0,RVV_IME,GOPS,6,0.540933,0.5405,0.5413,3.97001,6,0,0,0,0,0
GEMM_RVV_FP32_INT8_8x8_Baseline,INT8_RVV,igemm_kernel_8x8_zvl256b_lmul2_unroll2,RVV,1,RVV_IME,GOPS,6,0.54255,0.5416,0.5434,3.95821,6,0,0,0,0,0
GEMM_RVV_FP32_INT8_8x8_Baseline,INT8_RVV,igemm_kernel_8x8_zvl256b_lmul2_unroll2,RVV,2,RVV_IME,GOPS,6,0.54345,0.5427,0.5439,3.95154,6,0,0,0,0,0
GEMM_RVV_FP32_INT8_8x8_Baseline,INT8_RVV,igemm_kernel_8x8_zvl256b_lmul2_unroll2,RVV,3,RVV_IME,GOPS,6,0.543383,0.5428,0.5437,3.95199,6,0,0,0,0,0
GEMM_RVV_FP32_INT8_8x8_Baseline,INT8_RVV,igemm_kernel_8x8_zvl256b_lmul2_unroll2,RVV,4,RVV,GOPS,6,0.545667,0.5452,0.5459,3.93556,6,0,0,0,0,0
GEMM_RVV_FP32_INT8_8x8_Baseline,INT8_RVV,igemm_kernel_8x8_zvl256b_lmul2_unroll2,RVV,5,RVV,GOPS,6,0.544383,0.5443,0.5445,3.94486,6,0,0,0,0,0
GEMM_RVV_FP32_INT8_8x8_Baseline,INT8_RVV,igemm_kernel_8x8_zvl256b_lmul2_unroll2,RVV,6,RVV,GOPS,6,0.5458,0.5455,0.546,3.93468,6,0,0,0,0,0
GEMM_RVV_FP32_INT8_8x8_Baseline,INT8_RVV,igemm_kernel_8x8_zvl256b_lmul2_unroll2,RVV,7,RVV,GOPS,6,0.545633,0.545,0.5459,3.93576,6,0,0,0,0,0
GEMM_RVV_FP32_INT8_8x8_Baseline,INT8_RVV,igemm_kernel_8x8_zvl256b_lmul2_unroll4,RVV,0,RVV_IME,GOPS,6,0.462017,0.4611,0.4626,4.64802,6,0,0,0,0,0
GEMM_RVV_FP32_INT8_8x8_Baseline,INT8_RVV,igemm_kernel_8x8_zvl256b_lmul2_unroll4,RVV,1,RVV_IME,GOPS,6,0.465167,0.4645,0.4654,4.61649,6,0,0,0,0,0
GEMM_RVV_FP32_INT8_8x8_Baseline,INT8_RVV,igemm_kernel_8x8_zvl256b_lmul2_unroll4,RVV,2,RVV_IME,GOPS,6,0.4655,0.4652,0.4657,4.61318,6,0,0,0,0,0
GEMM_RVV_FP32_INT8_8x8_Baseline,INT8_RVV,igemm_kernel_8x8_zvl256b_lmul2_unroll4,RVV,3,RVV_IME,GOPS,6,0.4652,0.4649,0.4654,4.61627,6,0,0,0,0,0
GEMM_RVV_FP32_INT8_8x8_Baseline,INT8_RVV,igemm_kernel_8x8_zvl256b_lmul2_unroll4,RVV,4,RVV,GOPS,6,0.46205,0.4616,0.4623,4.64787,6,0,0,0,0,0
GEMM_RVV_FP32_INT8_8x8_Baseline,INT8_RVV,igemm_kernel_8x8_zvl256b_lmul2_unroll4,RVV,5,RVV,GOPS,6,0.46,0.4582,0.4614,4.6685,6,0,0,0,0,0
GEMM_RVV_FP32_INT8_8x8_Baseline,INT8_RVV,igemm_kernel_8x8_zvl256b_lmul2_unroll4,RVV,6,RVV,GOPS,6,0.461383,0.4598,0.4623,4.65436,6,0,0,0,0,0
GEMM_RVV_FP32_INT8_8x8_Baseline,INT8_RVV,igemm_kernel_8x8_zvl256b_lmul2_unroll4,RVV,7,RVV,GOPS,6,0.461467,0.4607,0.4623,4.65354,6,0,0,0,0,0
GEMM_RVV_FP32_INT8_8x8_Baseline,INT8_RVV,igemm_kernel_8x8_zvl256b_lmul2_unroll8,RVV,0,RVV_IME,GOPS,6,0.563217,0.5623,0.5638,3.81283,6,0,0,0,0,0
GEMM_RVV_FP32_INT8_8x8_Baseline,INT8_RVV,igemm_kernel_8x8_zvl256b_lmul2_unroll8,RVV,1,RVV_IME,GOPS,6,0.565833,0.5653,0.5663,3.79528,6,0,0,0,0,0
GEMM_RVV_FP32_INT8_8x8_Baseline,INT8_RVV,igemm_kernel_8x8_zvl256b_lmul2_unroll8,RVV,2,RVV_IME,GOPS,6,0.56535,0.5633,0.5663,3.79845,6,0,0,0,0,0
GEMM_RVV_FP32_INT8_8x8_Baseline,INT8_RVV,igemm_kernel_8x8_zvl256b_lmul2_unroll8,RVV,3,RVV_IME,GOPS,6,0.565433,0.564,0.5661,3.79796,6,0,0,0,0,0
GEMM_RVV_FP32_INT8_8x8_Baseline,INT8_RVV,igemm_kernel_8x8_zvl256b_lmul2_unroll8,RVV,4,RVV,GOPS,6,0.5671,0.5669,0.5673,3.78671,6,0,0,0,0,0
GEMM_RVV_FP32_INT8_8x8_Baseline,INT8_RVV,igemm_kernel_8x8_zvl256b_lmul2_unroll8,RVV,5,RVV,GOPS,6,0.565883,0.5657,0.566,3.79497,6,0,0,0,0,0
GEMM_RVV_FP32_INT8_8x8_Baseline,INT8_RVV,igemm_kernel_8x8_zvl256b_lmul2_unroll8,RVV,6,RVV,GOPS,6,0.56715,0.5665,0.5674,3.78646,6,0,0,0,0,0
GEMM_RVV_FP32_INT8_8x8_Baseline,INT8_RVV,igemm_kernel_8x8_zvl256b_lmul2_unroll8,RVV,7,RVV,GOPS,6,0.566867,0.5663,0.5673,3.78838,6,0,0,0,0,0
GEMM_RVV_FP32_INT8_8x8_Baseline,INT8_RVV,igemm_kernel_8x8_zvl256b_lmulmf2_unroll1,RVV,0,RVV_IME,GOPS,6,7.23172,7.1962,7.2966,0.296959,6,0,0,0,0,0
GEMM_RVV_FP32_INT8_8x8_Baseline,INT8_RVV,igemm_kernel_8x8_zvl256b_lmulmf2_unroll1,RVV,1,RVV_IME,GOPS,6,7.31725,7.2791,7.3335,0.293484,6,0,0,0,0,0
GEMM_RVV_FP32_INT8_8x8_Baseline,INT8_RVV,igemm_kernel_8x8_zvl256b_lmulmf2_unroll1,RVV,2,RVV_IME,GOPS,6,7.35097,7.3461,7.3556,0.292136,6,0,0,0,0,0
GEMM_RVV_FP32_INT8_8x8_Baseline,INT8_RVV,igemm_kernel_8x8_zvl256b_lmulmf2_unroll1,RVV,3,RVV_IME,GOPS,6,7.35337,7.3434,7.3703,0.292041,6,0,0,0,0,0
GEMM_RVV_FP32_INT8_8x8_Baseline,INT8_RVV,igemm_kernel_8x8_zvl256b_lmulmf2_unroll1,RVV,4,RVV,GOPS,6,7.21205,7.1339,7.2448,0.297772,6,0,0,0,0,0
GEMM_RVV_FP32_INT8_8x8_Baseline,INT8_RVV,igemm_kernel_8x8_zvl256b_lmulmf2_unroll1,RVV,5,RVV,GOPS,6,7.19063,7.1835,7.1964,0.29865,6,0,0,0,0,0
GEMM_RVV_FP32_INT8_8x8_Baseline,INT8_RVV,igemm_kernel_8x8_zvl256b_lmulmf2_unroll1,RVV,6,RVV,GOPS,6,7.23668,7.2231,7.2471,0.29675,6,0,0,0,0,0
GEMM_RVV_FP32_INT8_8x8_Baseline,INT8_RVV,igemm_kernel_8x8_zvl256b_lmulmf2_unroll1,RVV,7,RVV,GOPS,6,7.21915,7.2004,7.2344,0.297471,6,0,0,0,0,0
GEMM_RVV_FP32_INT8_8x8_Baseline,INT8_RVV,igemm_kernel_8x8_zvl256b_lmulmf2_unroll2,RVV,0,RVV_IME,GOPS,6,8.7112,8.6599,8.7626,0.246522,6,0,0,0,0,0
GEMM_RVV_FP32_INT8_8x8_Baseline,INT8_RVV,igemm_kernel_8x8_zvl256b_lmulmf2_unroll2,RVV,1,RVV_IME,GOPS,6,8.76805,8.7561,8.7811,0.244921,6,0,0,0,0,0
GEMM_RVV_FP32_INT8_8x8_Baseline,INT8_RVV,igemm_kernel_8x8_zvl256b_lmulmf2_unroll2,RVV,2,RVV_IME,GOPS,6,8.77008,8.6896,8.7987,0.244869,6,0,0,0,0,0
GEMM_RVV_FP32_INT8_8x8_Baseline,INT8_RVV,igemm_kernel_8x8_zvl256b_lmulmf2_unroll2,RVV,3,RVV_IME,GOPS,6,8.67337,8.5235,8.7577,0.247615,6,0,0,0,0,0
GEMM_RVV_FP32_INT8_8x8_Baseline,INT8_RVV,igemm_kernel_8x8_zvl256b_lmulmf2_unroll2,RVV,4,RVV,GOPS,6,8.34482,8.332,8.36,0.257344,6,0,0,0,0,0
GEMM_RVV_FP32_INT8_8x8_Baseline,INT8_RVV,igemm_kernel_8x8_zvl256b_lmulmf2_unroll2,RVV,5,RVV,GOPS,6,8.3109,8.2961,8.3422,0.258394,6,0,0,0,0,0
GEMM_RVV_FP32_INT8_8x8_Baseline,INT8_RVV,igemm_kernel_8x8_zvl256b_lmulmf2_unroll2,RVV,6,RVV,GOPS,6,8.35448,8.3309,8.3735,0.257047,6,0,0,0,0,0
GEMM_RVV_FP32_INT8_8x8_Baseline,INT8_RVV,igemm_kernel_8x8_zvl256b_lmulmf2_unroll2,RVV,7,RVV,GOPS,6,8.34662,8.3314,8.363,0.257289,6,0,0,0,0,0
GEMM_RVV_FP32_INT8_8x8_Baseline,INT8_RVV,igemm_kernel_8x8_zvl256b_lmulmf2_unroll4,RVV,0,RVV_IME,GOPS,6,8.90263,8.8243,8.9474,0.241223,6,0,0,0,0,0
GEMM_RVV_FP32_INT8_8x8_Baseline,INT8_RVV,igemm_kernel_8x8_zvl256b_lmulmf2_unroll4,RVV,1,RVV_IME,GOPS,6,8.96233,8.9311,8.9849,0.239613,6,0,0,0,0,0
GEMM_RVV_FP32_INT8_8x8_Baseline,INT8_RVV,igemm_kernel_8x8_zvl256b_lmulmf2_unroll4,RVV,2,RVV_IME,GOPS,6,8.99503,8.9659,9.0155,0.238742,6,0,0,0,0,0
GEMM_RVV_FP32_INT8_8x8_Baseline,INT8_RVV,igemm_kernel_8x8_zvl256b_lmulmf2_unroll4,RVV,3,RVV_IME,GOPS,6,8.95202,8.8331,8.9983,0.239898,6,0,0,0,0,0
GEMM_RVV_FP32_INT8_8x8_Baseline,INT8_RVV,igemm_kernel_8x8_zvl256b_lmulmf2_unroll4,RVV,4,RVV,GOPS,6,8.9823,8.9703,8.9891,0.239079,6,0,0,0,0,0
GEMM_RVV_FP32_INT8_8x8_Baseline,INT8_RVV,igemm_kernel_8x8_zvl256b_lmulmf2_unroll4,RVV,5,RVV,GOPS,6,8.93417,8.9265,8.9457,0.240367,6,0,0,0,0,0
GEMM_RVV_FP32_INT8_8x8_Baseline,INT8_RVV,igemm_kernel_8x8_zvl256b_lmulmf2_unroll4,RVV,6,RVV,GOPS,6,8.96588,8.9476,8.994,0.239518,6,0,0,0,0,0
GEMM_RVV_FP32_INT8_8x8_Baseline,INT8_RVV,igemm_kernel_8x8_zvl256b_lmulmf2_unroll4,RVV,7,RVV,GOPS,6,8.96935,8.9453,8.9877,0.239425,6,0,0,0,0,0
GEMM_RVV_FP32_INT8_8x8_Baseline,INT8_RVV,igemm_kernel_8x8_zvl256b_lmulmf2_unroll8,RVV,0,RVV_IME,GOPS,6,8.5734,8.508,8.6262,0.250487,6,0,0,0,0,0
GEMM_RVV_FP32_INT8_8x8_Baseline,INT8_RVV,igemm_kernel_8x8_zvl256b_lmulmf2_unroll8,RVV,1,RVV_IME,GOPS,6,8.69807,8.6606,8.7113,0.246893,6,0,0,0,0,0
GEMM_RVV_FP32_INT8_8x8_Baseline,INT8_RVV,igemm_kernel_8x8_zvl256b_lmulmf2_unroll8,RVV,2,RVV_IME,GOPS,6,8.7038,8.6901,8.7172,0.24673,6,0,0,0,0,0
GEMM_RVV_FP32_INT8_8x8_Baseline,INT8_RVV,igemm_kernel_8x8_zvl256b_lmulmf2_unroll8,RVV,3,RVV_IME,GOPS,6,8.7004,8.6794,8.7237,0.246827,6,0,0,0,0,0
GEMM_RVV_FP32_INT8_8x8_Baseline,INT8_RVV,igemm_kernel_8x8_zvl256b_lmulmf2_unroll8,RVV,4,RVV,GOPS,6,8.48138,8.4627,8.5119,0.2532,6,0,0,0,0,0
GEMM_RVV_FP32_INT8_8x8_Baseline,INT8_RVV,igemm_kernel_8x8_zvl256b_lmulmf2_unroll8,RVV,5,RVV,GOPS,6,8.48957,8.4627,8.5149,0.252956,6,0,0,0,0,0
GEMM_RVV_FP32_INT8_8x8_Baseline,INT8_RVV,igemm_kernel_8x8_zvl256b_lmulmf2_unroll8,RVV,6,RVV,GOPS,6,8.51322,8.4963,8.5327,0.252254,6,0,0,0,0,0
GEMM_RVV_FP32_INT8_8x8_Baseline,INT8_RVV,igemm_kernel_8x8_zvl256b_lmulmf2_unroll8,RVV,7,RVV,GOPS,6,8.51492,8.4915,8.5276,0.252203,6,0,0,0,0,0
GEMM_RVV_FP32_INT8_8x8_Baseline,INT8_RVV,igemm_kernel_8x8_zvl256b_lmulmf4_unroll1,RVV,0,RVV_IME,GOPS,6,10.4808,10.3243,10.5223,0.204906,6,0,0,0,0,0
GEMM_RVV_FP32_INT8_8x8_Baseline,INT8_RVV,igemm_kernel_8x8_zvl256b_lmulmf4_unroll1,RVV,1,RVV_IME,GOPS,6,10.5807,10.5101,10.6087,0.202965,6,0,0,0,0,0
GEMM_RVV_FP32_INT8_8x8_Baseline,INT8_RVV,igemm_kernel_8x8_zvl256b_lmulmf4_unroll1,RVV,2,RVV_IME,GOPS,6,10.5736,10.534,10.618,0.203101,6,0,0,0,0,0
GEMM_RVV_FP32_INT8_8x8_Baseline,INT8_RVV,igemm_kernel_8x8_zvl256b_lmulmf4_unroll1,RVV,3,RVV_IME,GOPS,6,10.5532,10.5217,10.5706,0.203492,6,0,0,0,0,0
GEMM_RVV_FP32_INT8_8x8_Baseline,INT8_RVV,igemm_kernel_8x8_zvl256b_lmulmf4_unroll1,RVV,4,RVV,GOPS,6,10.1044,10.0027,10.1727,0.212538,6,0,0,0,0,0
GEMM_RVV_FP32_INT8_8x8_Baseline,INT8_RVV,igemm_kernel_8x8_zvl256b_lmulmf4_unroll1,RVV,5,RVV,GOPS,6,10.0177,9.9593,10.0564,0.214371,6,0,0,0,0,0
GEMM_RVV_FP32_INT8_8x8_Baseline,INT8_RVV,igemm_kernel_8x8_zvl256b_lmulmf4_unroll1,RVV,6,RVV,GOPS,6,10.1168,9.9659,10.1892,0.212279,6,0,0,0,0,0
GEMM_RVV_FP32_INT8_8x8_Baseline,INT8_RVV,igemm_kernel_8x8_zvl256b_lmulmf4_unroll1,RVV,7,RVV,GOPS,6,10.1566,10.1313,10.1822,0.211439,6,0,0,0,0,0
GEMM_RVV_FP32_INT8_8x8_Baseline,INT8_RVV,igemm_kernel_8x8_zvl256b_lmulmf4_unroll2,RVV,0,RVV_IME,GOPS,6,11.4216,11.3033,11.5061,0.188024,6,0,0,0,0,0
GEMM_RVV_FP32_INT8_8x8_Baseline,INT8_RVV,igemm_kernel_8x8_zvl256b_lmulmf4_unroll2,RVV,1,RVV_IME,GOPS,6,11.3311,11.1544,11.4987,0.189547,6,0,0,0,0,0
GEMM_RVV_FP32_INT8_8x8_Baseline,INT8_RVV,igemm_kernel_8x8_zvl256b_lmulmf4_unroll2,RVV,2,RVV_IME,GOPS,6,11.5576,11.5391,11.5904,0.185808,6,0,0,0,0,0
GEMM_RVV_FP32_INT8_8x8_Baseline,INT8_RVV,igemm_kernel_8x8_zvl256b_lmulmf4_unroll2,RVV,3,RVV_IME,GOPS,6,11.4945,11.4705,11.5197,0.186828,6,0,0,0,0,0
GEMM_RVV_FP32_INT8_8x8_Baseline,INT8_RVV,igemm_kernel_8x8_zvl256b_lmulmf4_unroll2,RVV,4,RVV,GOPS,6,11.0657,11.0332,11.0941,0.194068,6,0,0,0,0,0
GEMM_RVV_FP32_INT8_8x8_Baseline,INT8_RVV,igemm_kernel_8x8_zvl256b_lmulmf4_unroll2,RVV,5,RVV,GOPS,6,11.0151,10.9973,11.0272,0.194958,6,0,0,0,0,0
GEMM_RVV_FP32_INT8_8x8_Baseline,INT8_RVV,igemm_kernel_8x8_zvl256b_lmulmf4_unroll2,RVV,6,RVV,GOPS,6,11.0761,11.0504,11.0998,0.193885,6,0,0,0,0,0
GEMM_RVV_FP32_INT8_8x8_Baseline,INT8_RVV,igemm_kernel_8x8_zvl256b_lmulmf4_unroll2,RVV,7,RVV,GOPS,6,11.0699,11.0327,11.099,0.193994,6,0,0,0,0,0
GEMM_RVV_FP32_INT8_8x8_Baseline,INT8_RVV,igemm_kernel_8x8_zvl256b_lmulmf4_unroll4,RVV,0,RVV_IME,GOPS,6,11.9038,11.8745,11.9486,0.180403,6,0,0,0,0,0
GEMM_RVV_FP32_INT8_8x8_Baseline,INT8_RVV,igemm_kernel_8x8_zvl256b_lmulmf4_unroll4,RVV,1,RVV_IME,GOPS,6,11.9707,11.914,12.005,0.179397,6,0,0,0,0,0
GEMM_RVV_FP32_INT8_8x8_Baseline,INT8_RVV,igemm_kernel_8x8_zvl256b_lmulmf4_unroll4,RVV,2,RVV_IME,GOPS,6,11.9654,11.9384,12.0271,0.179477,6,0,0,0,0,0
GEMM_RVV_FP32_INT8_8x8_Baseline,INT8_RVV,igemm_kernel_8x8_zvl256b_lmulmf4_unroll4,RVV,3,RVV_IME,GOPS,6,11.9812,11.9444,12.008,0.179239,6,0,0,0,0,0
GEMM_RVV_FP32_INT8_8x8_Baseline,INT8_RVV,igemm_kernel_8x8_zvl256b_lmulmf4_unroll4,RVV,4,RVV,GOPS,6,11.4463,11.4016,11.4813,0.187614,6,0,0,0,0,0
GEMM_RVV_FP32_INT8_8x8_Baseline,INT8_RVV,igemm_kernel_8x8_zvl256b_lmulmf4_unroll4,RVV,5,RVV,GOPS,6,11.4304,11.3767,11.4646,0.187876,6,0,0,0,0,0
GEMM_RVV_FP32_INT8_8x8_Baseline,INT8_RVV,igemm_kernel_8x8_zvl256b_lmulmf4_unroll4,RVV,6,RVV,GOPS,6,11.4152,11.3665,11.4511,0.188127,6,0,0,0,0,0
GEMM_RVV_FP32_INT8_8x8_Baseline,INT8_RVV,igemm_kernel_8x8_zvl256b_lmulmf4_unroll4,RVV,7,RVV,GOPS,6,11.4459,11.4213,11.4749,0.187621,6,0,0,0,0,0
GEMM_RVV_FP32_INT8_8x8_Baseline,INT8_RVV,igemm_kernel_8x8_zvl256b_lmulmf4_unroll8,RVV,0,RVV_IME,GOPS,6,11.9358,11.7992,12.0121,0.179925,6,0,0,0,0,0
GEMM_RVV_FP32_INT8_8x8_Baseline,INT8_RVV,igemm_kernel_8x8_zvl256b_lmulmf4_unroll8,RVV,1,RVV_IME,GOPS,6,11.9838,11.8096,12.0542,0.179208,6,0,0,0,0,0
GEMM_RVV_FP32_INT8_8x8_Baseline,INT8_RVV,igemm_kernel_8x8_zvl256b_lmulmf4_unroll8,RVV,2,RVV_IME,GOPS,6,12.0249,11.9965,12.0528,0.178587,6,0,0,0,0,0
GEMM_RVV_FP32_INT8_8x8_Baseline,INT8_RVV,igemm_kernel_8x8_zvl256b_lmulmf4_unroll8,RVV,3,RVV_IME,GOPS,6,12.0023,11.8933,12.06,0.178928,6,0,0,0,0,0
GEMM_RVV_FP32_INT8_8x8_Baseline,INT8_RVV,igemm_kernel_8x8_zvl256b_lmulmf4_unroll8,RVV,4,RVV,GOPS,6,11.3135,11.2777,11.362,0.189816,6,0,0,0,0,0
GEMM_RVV_FP32_INT8_8x8_Baseline,INT8_RVV,igemm_kernel_8x8_zvl256b_lmulmf4_unroll8,RVV,5,RVV,GOPS,6,11.2725,11.2401,11.3016,0.190506,6,0,0,0,0,0
GEMM_RVV_FP32_INT8_8x8_Baseline,INT8_RVV,igemm_kernel_8x8_zvl256b_lmulmf4_unroll8,RVV,6,RVV,GOPS,6,11.0948,10.8229,11.2992,0.193601,6,0,0,0,0,0
GEMM_RVV_FP32_INT8_8x8_Baseline,INT8_RVV,igemm_kernel_8x8_zvl256b_lmulmf4_unroll8,RVV,7,RVV,GOPS,6,11.3275,11.2906,11.3436,0.189582,6,0,0,0,0,0
GEMM_RVV_FP64_INT8_8x4_Baseline,FP64_DGEMM,dgemm_kernel_8x4_zvl256b_lmul2_unroll1,RVV,0,RVV_IME,GFLOPS,6,3.77182,3.2046,3.9284,0.572333,6,0,0,0,0,0
GEMM_RVV_FP64_INT8_8x4_Baseline,FP64_DGEMM,dgemm_kernel_8x4_zvl256b_lmul2_unroll1,RVV,1,RVV_IME,GFLOPS,6,3.58618,3.1578,3.9635,0.605263,6,0,0,0,0,0
GEMM_RVV_FP64_INT8_8x4_Baseline,FP64_DGEMM,dgemm_kernel_8x4_zvl256b_lmul2_unroll1,RVV,2,RVV_IME,GFLOPS,6,3.69588,3.1296,3.9663,0.587313,6,0,0,0,0,0
GEMM_RVV_FP64_INT8_8x4_Baseline,FP64_DGEMM,dgemm_kernel_8x4_zvl256b_lmul2_unroll1,RVV,3,RVV_IME,GFLOPS,6,3.71608,3.2348,3.9641,0.583115,6,0,0,0,0,0
GEMM_RVV_FP64_INT8_8x4_Baseline,FP64_DGEMM,dgemm_kernel_8x4_zvl256b_lmul2_unroll1,RVV,4,RVV,GFLOPS,6,3.70742,3.2157,3.9528,0.584646,6,0,0,0,0,0
GEMM_RVV_FP64_INT8_8x4_Baseline,FP64_DGEMM,dgemm_kernel_8x4_zvl256b_lmul2_unroll1,RVV,5,RVV,GFLOPS,6,3.4574,3.2126,3.9288,0.626553,6,0,0,0,0,0
GEMM_RVV_FP64_INT8_8x4_Baseline,FP64_DGEMM,dgemm_kernel_8x4_zvl256b_lmul2_unroll1,RVV,6,RVV,GFLOPS,6,3.57273,3.1739,3.9482,0.607648,6,0,0,0,0,0
GEMM_RVV_FP64_INT8_8x4_Baseline,FP64_DGEMM,dgemm_kernel_8x4_zvl256b_lmul2_unroll1,RVV,7,RVV,GFLOPS,6,3.45998,3.1848,3.9443,0.626346,6,0,0,0,0,0
GEMM_RVV_FP64_INT8_8x4_Baseline,FP64_DGEMM,dgemm_kernel_8x4_zvl256b_lmul2_unroll2,RVV,0,RVV_IME,GFLOPS,6,3.51378,3.0692,3.9213,0.618525,6,0,0,0,0,0
GEMM_RVV_FP64_INT8_8x4_Baseline,FP64_DGEMM,dgemm_kernel_8x4_zvl256b_lmul2_unroll2,RVV,1,RVV_IME,GFLOPS,6,3.67988,3.1824,3.9388,0.588877,6,0,0,0,0,0
GEMM_RVV_FP64_INT8_8x4_Baseline,FP64_DGEMM,dgemm_kernel_8x4_zvl256b_lmul2_unroll2,RVV,2,RVV_IME,GFLOPS,6,3.27195,3.0186,3.9384,0.661296,6,0,0,0,0,0
GEMM_RVV_FP64_INT8_8x4_Baseline,FP64_DGEMM,dgemm_kernel_8x4_zvl256b_lmul2_unroll2,RVV,3,RVV_IME,GFLOPS,6,3.66892,3.1303,3.9402,0.591585,6,0,0,0,0,0
GEMM_RVV_FP64_INT8_8x4_Baseline,FP64_DGEMM,dgemm_kernel_8x4_zvl256b_lmul2_unroll2,RVV,4,RVV,GFLOPS,6,3.51248,3.0978,3.908,0.61889,6,0,0,0,0,0
GEMM_RVV_FP64_INT8_8x4_Baseline,FP64_DGEMM,dgemm_kernel_8x4_zvl256b_lmul2_unroll2,RVV,5,RVV,GFLOPS,6,3.76207,3.1026,3.8973,0.574935,6,0,0,0,0,0
GEMM_RVV_FP64_INT8_8x4_Baseline,FP64_DGEMM,dgemm_kernel_8x4_zvl256b_lmul2_unroll2,RVV,6,RVV,GFLOPS,6,3.53952,3.1583,3.9156,0.613458,6,0,0,0,0,0
GEMM_RVV_FP64_INT8_8x4_Baseline,FP64_DGEMM,dgemm_kernel_8x4_zvl256b_lmul2_unroll2,RVV,7,RVV,GFLOPS,6,3.2457,3.0609,3.9192,0.666646,6,0,0,0,0,0
GEMM_RVV_FP64_INT8_8x4_Baseline,FP64_DGEMM,dgemm_kernel_8x4_zvl256b_lmul2_unroll4,RVV,0,RVV_IME,GFLOPS,6,3.54115,3.119,3.9255,0.613333,6,0,0,0,0,0
GEMM_RVV_FP64_INT8_8x4_Baseline,FP64_DGEMM,dgemm_kernel_8x4_zvl256b_lmul2_unroll4,RVV,1,RVV_IME,GFLOPS,6,3.40493,3.0831,3.9438,0.638163,6,0,0,0,0,0
GEMM_RVV_FP64_INT8_8x4_Baseline,FP64_DGEMM,dgemm_kernel_8x4_zvl256b_lmul2_unroll4,RVV,2,RVV_IME,GFLOPS,6,3.822,3.1904,3.9555,0.565434,6,0,0,0,0,0
GEMM_RVV_FP64_INT8_8x4_Baseline,FP64_DGEMM,dgemm_kernel_8x4_zvl256b_lmul2_unroll4,RVV,3,RVV_IME,GFLOPS,6,3.43008,3.0638,3.9507,0.632951,6,0,0,0,0,0
GEMM_RVV_FP64_INT8_8x4_Baseline,FP64_DGEMM,dgemm_kernel_8x4_zvl256b_lmul2_unroll4,RVV,4,RVV,GFLOPS,6,3.80118,3.1491,3.9395,0.568831,6,0,0,0,0,0
GEMM_RVV_FP64_INT8_8x4_Baseline,FP64_DGEMM,dgemm_kernel_8x4_zvl256b_lmul2_unroll4,RVV,5,RVV,GFLOPS,6,3.65598,3.1085,3.9254,0.593786,6,0,0,0,0,0
GEMM_RVV_FP64_INT8_8x4_Baseline,FP64_DGEMM,dgemm_kernel_8x4_zvl256b_lmul2_unroll4,RVV,6,RVV,GFLOPS,6,3.92657,3.915,3.9326,0.546912,6,0,0,0,0,0
GEMM_RVV_FP64_INT8_8x4_Baseline,FP64_DGEMM,dgemm_kernel_8x4_zvl256b_lmul2_unroll4,RVV,7,RVV,GFLOPS,6,3.66085,3.0445,3.934,0.593722,6,0,0,0,0,0
GEMM_RVV_FP64_INT8_8x4_Baseline,FP64_DGEMM,dgemm_kernel_8x4_zvl256b_lmul2_unroll8,RVV,0,RVV_IME,GFLOPS,6,3.56225,3.1585,3.9414,0.609523,6,0,0,0,0,0
GEMM_RVV_FP64_INT8_8x4_Baseline,FP64_DGEMM,dgemm_kernel_8x4_zvl256b_lmul2_unroll8,RVV,1,RVV_IME,GFLOPS,6,3.59463,3.1648,3.9907,0.604186,6,0,0,0,0,0
GEMM_RVV_FP64_INT8_8x4_Baseline,FP64_DGEMM,dgemm_kernel_8x4_zvl256b_lmul2_unroll8,RVV,2,RVV_IME,GFLOPS,6,3.70462,3.0515,3.9973,0.587304,6,0,0,0,0,0
GEMM_RVV_FP64_INT8_8x4_Baseline,FP64_DGEMM,dgemm_kernel_8x4_zvl256b_lmul2_unroll8,RVV,3,RVV_IME,GFLOPS,6,3.73023,3.1939,3.9886,0.581415,6,0,0,0,0,0
GEMM_RVV_FP64_INT8_8x4_Baseline,FP64_DGEMM,dgemm_kernel_8x4_zvl256b_lmul2_unroll8,RVV,4,RVV,GFLOPS,6,3.42623,3.0661,3.9818,0.634596,6,0,0,0,0,0
GEMM_RVV_FP64_INT8_8x4_Baseline,FP64_DGEMM,dgemm_kernel_8x4_zvl256b_lmul2_unroll8,RVV,5,RVV,GFLOPS,6,3.46253,3.1769,3.9809,0.626648,6,0,0,0,0,0
GEMM_RVV_FP64_INT8_8x4_Baseline,FP64_DGEMM,dgemm_kernel_8x4_zvl256b_lmul2_unroll8,RVV,6,RVV,GFLOPS,6,3.70538,3.0975,3.9896,0.58683,6,0,0,0,0,0
GEMM_RVV_FP64_INT8_8x4_Baseline,FP64_DGEMM,dgemm_kernel_8x4_zvl256b_lmul2_unroll8,RVV,7,RVV,GFLOPS,6,3.46353,3.1589,3.9943,0.626892,6,0,0,0,0,0
GEMM_RVV_FP64_INT8_8x4_Baseline,FP64_DGEMM,dgemm_kernel_8x4_zvl256b_lmul4_unroll1,RVV,0,RVV_IME,GFLOPS,6,2.61905,2.4018,2.8288,0.825119,6,0,0,0,0,0
GEMM_RVV_FP64_INT8_8x4_Baseline,FP64_DGEMM,dgemm_kernel_8x4_zvl256b_lmul4_unroll1,RVV,1,RVV_IME,GFLOPS,6,2.77253,2.4248,2.8475,0.777278,6,0,0,0,0,0
GEMM_RVV_FP64_INT8_8x4_Baseline,FP64_DGEMM,dgemm_kernel_8x4_zvl256b_lmul4_unroll1,RVV,2,RVV_IME,GFLOPS,6,2.63493,2.3936,2.8532,0.820236,6,0,0,0,0,0
GEMM_RVV_FP64_INT8_8x4_Baseline,FP64_DGEMM,dgemm_kernel_8x4_zvl256b_lmul4_unroll1,RVV,3,RVV_IME,GFLOPS,6,2.64523,2.4353,2.8498,0.816566,6,0,0,0,0,0
GEMM_RVV_FP64_INT8_8x4_Baseline,FP64_DGEMM,dgemm_kernel_8x4_zvl256b_lmul4_unroll1,RVV,4,RVV,GFLOPS,6,2.6527,2.3448,2.7967,0.814494,6,0,0,0,0,0
GEMM_RVV_FP64_INT8_8x4_Baseline,FP64_DGEMM,dgemm_kernel_8x4_zvl256b_lmul4_unroll1,RVV,5,RVV,GFLOPS,6,2.50338,2.3481,2.7649,0.862305,6,0,0,0,0,0
GEMM_RVV_FP64_INT8_8x4_Baseline,FP64_DGEMM,dgemm_kernel_8x4_zvl256b_lmul4_unroll1,RVV,6,RVV,GFLOPS,6,2.4657,2.3739,2.7969,0.873818,6,0,0,0,0,0
GEMM_RVV_FP64_INT8_8x4_Baseline,FP64_DGEMM,dgemm_kernel_8x4_zvl256b_lmul4_unroll1,RVV,7,RVV,GFLOPS,6,2.54868,2.3825,2.8066,0.846696,6,0,0,0,0,0
GEMM_RVV_FP64_INT8_8x4_Baseline,FP64_DGEMM,dgemm_kernel_8x4_zvl256b_lmul4_unroll2,RVV,0,RVV_IME,GFLOPS,6,2.70043,2.4295,2.838,0.79933,6,0,0,0,0,0
GEMM_RVV_FP64_INT8_8x4_Baseline,FP64_DGEMM,dgemm_kernel_8x4_zvl256b_lmul4_unroll2,RVV,1,RVV_IME,GFLOPS,6,2.63607,2.3378,2.8594,0.820657,6,0,0,0,0,0
GEMM_RVV_FP64_INT8_8x4_Baseline,FP64_DGEMM,dgemm_kernel_8x4_zvl256b_lmul4_unroll2,RVV,2,RVV_IME,GFLOPS,6,2.64512,2.3697,2.865,0.817481,6,0,0,0,0,0
GEMM_RVV_FP64_INT8_8x4_Baseline,FP64_DGEMM,dgemm_kernel_8x4_zvl256b_lmul4_unroll2,RVV,3,RVV_IME,GFLOPS,6,2.5136,2.4172,2.846,0.857114,6,0,0,0,0,0
GEMM_RVV_FP64_INT8_8x4_Baseline,FP64_DGEMM,dgemm_kernel_8x4_zvl256b_lmul4_unroll2,RVV,4,RVV,GFLOPS,6,2.81505,2.7951,2.8269,0.762873,6,0,0,0,0,0
GEMM_RVV_FP64_INT8_8x4_Baseline,FP64_DGEMM,dgemm_kernel_8x4_zvl256b_lmul4_unroll2,RVV,5,RVV,GFLOPS,6,2.68708,2.4191,2.8209,0.803075,6,0,0,0,0,0
GEMM_RVV_FP64_INT8_8x4_Baseline,FP64_DGEMM,dgemm_kernel_8x4_zvl256b_lmul4_unroll2,RVV,6,RVV,GFLOPS,6,2.75888,2.4277,2.8335,0.78088,6,0,0,0,0,0
GEMM_RVV_FP64_INT8_8x4_Baseline,FP64_DGEMM,dgemm_kernel_8x4_zvl256b_lmul4_unroll2,RVV,7,RVV,GFLOPS,6,2.6148,2.3578,2.8318,0.826908,6,0,0,0,0,0
GEMM_RVV_FP64_INT8_8x4_Baseline,FP64_DGEMM,dgemm_kernel_8x4_zvl256b_lmul4_unroll4,RVV,0,RVV_IME,GFLOPS,6,2.62343,2.42,2.8177,0.82307,6,0,0,0,0,0
GEMM_RVV_FP64_INT8_8x4_Baseline,FP64_DGEMM,dgemm_kernel_8x4_zvl256b_lmul4_unroll4,RVV,1,RVV_IME,GFLOPS,6,2.78103,2.4491,2.8498,0.77463,6,0,0,0,0,0
GEMM_RVV_FP64_INT8_8x4_Baseline,FP64_DGEMM,dgemm_kernel_8x4_zvl256b_lmul4_unroll4,RVV,2,RVV_IME,GFLOPS,6,2.64787,2.4249,2.8588,0.815885,6,0,0,0,0,0
GEMM_RVV_FP64_INT8_8x4_Baseline,FP64_DGEMM,dgemm_kernel_8x4_zvl256b_lmul4_unroll4,RVV,3,RVV_IME,GFLOPS,6,2.58697,2.4395,2.8575,0.834364,6,0,0,0,0,0
GEMM_RVV_FP64_INT8_8x4_Baseline,FP64_DGEMM,dgemm_kernel_8x4_zvl256b_lmul4_unroll4,RVV,4,RVV,GFLOPS,6,2.56277,2.3957,2.8534,0.842843,6,0,0,0,0,0
GEMM_RVV_FP64_INT8_8x4_Baseline,FP64_DGEMM,dgemm_kernel_8x4_zvl256b_lmul4_unroll4,RVV,5,RVV,GFLOPS,6,2.6357,2.4027,2.8462,0.819615,6,0,0,0,0,0
GEMM_RVV_FP64_INT8_8x4_Baseline,FP64_DGEMM,dgemm_kernel_8x4_zvl256b_lmul4_unroll4,RVV,6,RVV,GFLOPS,6,2.4153,2.3828,2.441,0.889202,6,0,0,0,0,0
GEMM_RVV_FP64_INT8_8x4_Baseline,FP64_DGEMM,dgemm_kernel_8x4_zvl256b_lmul4_unroll4,RVV,7,RVV,GFLOPS,6,2.70233,2.363,2.8605,0.799955,6,0,0,0,0,0
GEMM_RVV_FP64_INT8_8x4_Baseline,FP64_DGEMM,dgemm_kernel_8x4_zvl256b_lmul4_unroll8,RVV,0,RVV_IME,GFLOPS,6,2.54497,2.3562,2.8437,0.849236,6,0,0,0,0,0
GEMM_RVV_FP64_INT8_8x4_Baseline,FP64_DGEMM,dgemm_kernel_8x4_zvl256b_lmul4_unroll8,RVV,1,RVV_IME,GFLOPS,6,2.72648,2.4418,2.8739,0.792097,6,0,0,0,0,0
GEMM_RVV_FP64_INT8_8x4_Baseline,FP64_DGEMM,dgemm_kernel_8x4_zvl256b_lmul4_unroll8,RVV,2,RVV_IME,GFLOPS,6,2.52432,2.4462,2.8681,0.853583,6,0,0,0,0,0
GEMM_RVV_FP64_INT8_8x4_Baseline,FP64_DGEMM,dgemm_kernel_8x4_zvl256b_lmul4_unroll8,RVV,3,RVV_IME,GFLOPS,6,2.66113,2.4454,2.8731,0.811592,6,0,0,0,0,0
GEMM_RVV_FP64_INT8_8x4_Baseline,FP64_DGEMM,dgemm_kernel_8x4_zvl256b_lmul4_unroll8,RVV,4,RVV,GFLOPS,6,2.73175,2.4128,2.8814,0.790694,6,0,0,0,0,0
GEMM_RVV_FP64_INT8_8x4_Baseline,FP64_DGEMM,dgemm_kernel_8x4_zvl256b_lmul4_unroll8,RVV,5,RVV,GFLOPS,6,2.64685,2.3907,2.8735,0.817025,6,0,0,0,0,0
GEMM_RVV_FP64_INT8_8x4_Baseline,FP64_DGEMM,dgemm_kernel_8x4_zvl256b_lmul4_unroll8,RVV,6,RVV,GFLOPS,6,2.58393,2.4153,2.8769,0.836137,6,0,0,0,0,0
GEMM_RVV_FP64_INT8_8x4_Baseline,FP64_DGEMM,dgemm_kernel_8x4_zvl256b_lmul4_unroll8,RVV,7,RVV,GFLOPS,6,2.73125,2.4391,2.8785,0.790798,6,0,0,0,0,0
GEMM_RVV_FP64_INT8_8x4_Baseline,FP64_DGEMM,dgemm_kernel_8x4_zvl256b_lmul8_unroll1,RVV,0,RVV_IME,GFLOPS,6,0.642767,0.6419,0.6434,3.34096,6,0,0,0,0,0
GEMM_RVV_FP64_INT8_8x4_Baseline,FP64_DGEMM,dgemm_kernel_8x4_zvl256b_lmul8_unroll1,RVV,1,RVV_IME,GFLOPS,6,0.64735,0.6441,0.6484,3.31728,6,0,0,0,0,0
GEMM_RVV_FP64_INT8_8x4_Baseline,FP64_DGEMM,dgemm_kernel_8x4_zvl256b_lmul8_unroll1,RVV,2,RVV_IME,GFLOPS,6,0.648683,0.6483,0.6491,3.31058,6,0,0,0,0,0
GEMM_RVV_FP64_INT8_8x4_Baseline,FP64_DGEMM,dgemm_kernel_8x4_zvl256b_lmul8_unroll1,RVV,3,RVV_IME,GFLOPS,6,0.648017,0.6475,0.6485,3.31391,6,0,0,0,0,0
GEMM_RVV_FP64_INT8_8x4_Baseline,FP64_DGEMM,dgemm_kernel_8x4_zvl256b_lmul8_unroll1,RVV,4,RVV,GFLOPS,6,0.648883,0.6488,0.6491,3.30948,6,0,0,0,0,0
GEMM_RVV_FP64_INT8_8x4_Baseline,FP64_DGEMM,dgemm_kernel_8x4_zvl256b_lmul8_unroll1,RVV,5,RVV,GFLOPS,6,0.647,0.6465,0.6474,3.31907,6,0,0,0,0,0
GEMM_RVV_FP64_INT8_8x4_Baseline,FP64_DGEMM,dgemm_kernel_8x4_zvl256b_lmul8_unroll1,RVV,6,RVV,GFLOPS,6,0.6489,0.6486,0.6491,3.30933,6,0,0,0,0,0
GEMM_RVV_FP64_INT8_8x4_Baseline,FP64_DGEMM,dgemm_kernel_8x4_zvl256b_lmul8_unroll1,RVV,7,RVV,GFLOPS,6,0.648967,0.6488,0.6491,3.30909,6,0,0,0,0,0
GEMM_RVV_FP64_INT8_8x4_Baseline,FP64_DGEMM,dgemm_kernel_8x4_zvl256b_lmul8_unroll2,RVV,0,RVV_IME,GFLOPS,6,0.550583,0.5375,0.5563,3.90094,6,0,0,0,0,0
GEMM_RVV_FP64_INT8_8x4_Baseline,FP64_DGEMM,dgemm_kernel_8x4_zvl256b_lmul8_unroll2,RVV,1,RVV_IME,GFLOPS,6,0.559567,0.5575,0.5601,3.83796,6,0,0,0,0,0
GEMM_RVV_FP64_INT8_8x4_Baseline,FP64_DGEMM,dgemm_kernel_8x4_zvl256b_lmul8_unroll2,RVV,2,RVV_IME,GFLOPS,6,0.560367,0.5596,0.5607,3.83237,6,0,0,0,0,0
GEMM_RVV_FP64_INT8_8x4_Baseline,FP64_DGEMM,dgemm_kernel_8x4_zvl256b_lmul8_unroll2,RVV,3,RVV_IME,GFLOPS,6,0.55995,0.5594,0.5603,3.83517,6,0,0,0,0,0
GEMM_RVV_FP64_INT8_8x4_Baseline,FP64_DGEMM,dgemm_kernel_8x4_zvl256b_lmul8_unroll2,RVV,4,RVV,GFLOPS,6,0.558867,0.5585,0.559,3.84255,6,0,0,0,0,0
GEMM_RVV_FP64_INT8_8x4_Baseline,FP64_DGEMM,dgemm_kernel_8x4_zvl256b_lmul8_unroll2,RVV,5,RVV,GFLOPS,6,0.556917,0.5557,0.5576,3.85604,6,0,0,0,0,0
GEMM_RVV_FP64_INT8_8x4_Baseline,FP64_DGEMM,dgemm_kernel_8x4_zvl256b_lmul8_unroll2,RVV,6,RVV,GFLOPS,6,0.558883,0.5586,0.5591,3.84242,6,0,0,0,0,0
GEMM_RVV_FP64_INT8_8x4_Baseline,FP64_DGEMM,dgemm_kernel_8x4_zvl256b_lmul8_unroll2,RVV,7,RVV,GFLOPS,6,0.558883,0.5583,0.5593,3.84248,6,0,0,0,0,0
GEMM_RVV_FP64_INT8_8x4_Baseline,FP64_DGEMM,dgemm_kernel_8x4_zvl256b_lmul8_unroll4,RVV,0,RVV_IME,GFLOPS,6,0.547767,0.5466,0.5484,3.92042,6,0,0,0,0,0
GEMM_RVV_FP64_INT8_8x4_Baseline,FP64_DGEMM,dgemm_kernel_8x4_zvl256b_lmul8_unroll4,RVV,1,RVV_IME,GFLOPS,6,0.551067,0.5501,0.5514,3.89699,6,0,0,0,0,0
GEMM_RVV_FP64_INT8_8x4_Baseline,FP64_DGEMM,dgemm_kernel_8x4_zvl256b_lmul8_unroll4,RVV,2,RVV_IME,GFLOPS,6,0.551567,0.551,0.5518,3.89343,6,0,0,0,0,0
GEMM_RVV_FP64_INT8_8x4_Baseline,FP64_DGEMM,dgemm_kernel_8x4_zvl256b_lmul8_unroll4,RVV,3,RVV_IME,GFLOPS,6,0.55135,0.5512,0.5515,3.89501,6,0,0,0,0,0
GEMM_RVV_FP64_INT8_8x4_Baseline,FP64_DGEMM,dgemm_kernel_8x4_zvl256b_lmul8_unroll4,RVV,4,RVV,GFLOPS,6,0.5609,0.5607,0.561,3.82877,6,0,0,0,0,0
GEMM_RVV_FP64_INT8_8x4_Baseline,FP64_DGEMM,dgemm_kernel_8x4_zvl256b_lmul8_unroll4,RVV,5,RVV,GFLOPS,6,0.559167,0.5576,0.5596,3.84065,6,0,0,0,0,0
GEMM_RVV_FP64_INT8_8x4_Baseline,FP64_DGEMM,dgemm_kernel_8x4_zvl256b_lmul8_unroll4,RVV,6,RVV,GFLOPS,6,0.560983,0.5606,0.5613,3.82792,6,0,0,0,0,0
GEMM_RVV_FP64_INT8_8x4_Baseline,FP64_DGEMM,dgemm_kernel_8x4_zvl256b_lmul8_unroll4,RVV,7,RVV,GFLOPS,6,0.56085,0.5606,0.561,3.82901,6,0,0,0,0,0
GEMM_RVV_FP64_INT8_8x4_Baseline,FP64_DGEMM,dgemm_kernel_8x4_zvl256b_lmul8_unroll8,RVV,0,RVV_IME,GFLOPS,6,0.615283,0.6149,0.6156,3.49022,6,0,0,0,0,0
GEMM_RVV_FP64_INT8_8x4_Baseline,FP64_DGEMM,dgemm_kernel_8x4_zvl256b_lmul8_unroll8,RVV,1,RVV_IME,GFLOPS,6,0.618167,0.6155,0.6191,3.47406,6,0,0,0,0,0
GEMM_RVV_FP64_INT8_8x4_Baseline,FP64_DGEMM,dgemm_kernel_8x4_zvl256b_lmul8_unroll8,RVV,2,RVV_IME,GFLOPS,6,0.618983,0.6184,0.6197,3.4693,6,0,0,0,0,0
GEMM_RVV_FP64_INT8_8x4_Baseline,FP64_DGEMM,dgemm_kernel_8x4_zvl256b_lmul8_unroll8,RVV,3,RVV_IME,GFLOPS,6,0.6186,0.6176,0.6191,3.47149,6,0,0,0,0,0
GEMM_RVV_FP64_INT8_8x4_Baseline,FP64_DGEMM,dgemm_kernel_8x4_zvl256b_lmul8_unroll8,RVV,4,RVV,GFLOPS,6,0.612717,0.6121,0.613,3.50478,6,0,0,0,0,0
GEMM_RVV_FP64_INT8_8x4_Baseline,FP64_DGEMM,dgemm_kernel_8x4_zvl256b_lmul8_unroll8,RVV,5,RVV,GFLOPS,6,0.6117,0.6112,0.612,3.51076,6,0,0,0,0,0
GEMM_RVV_FP64_INT8_8x4_Baseline,FP64_DGEMM,dgemm_kernel_8x4_zvl256b_lmul8_unroll8,RVV,6,RVV,GFLOPS,6,0.613617,0.6133,0.6138,3.49986,6,0,0,0,0,0
GEMM_RVV_FP64_INT8_8x4_Baseline,FP64_DGEMM,dgemm_kernel_8x4_zvl256b_lmul8_unroll8,RVV,7,RVV,GFLOPS,6,0.613467,0.613,0.6138,3.50068,6,0,0,0,0,0
GEMM_RVV_FP64_INT8_8x8_Baseline,FP64_DGEMM,dgemm_kernel_8x8_zvl256b_lmul1_unroll1,RVV,0,RVV_IME,GFLOPS,6,4.93502,4.9135,4.9518,0.435156,6,0,0,0,0,0
GEMM_RVV_FP64_INT8_8x8_Baseline,FP64_DGEMM,dgemm_kernel_8x8_zvl256b_lmul1_unroll1,RVV,1,RVV_IME,GFLOPS,6,4.97358,4.9564,4.9854,0.43178,6,0,0,0,0,0
GEMM_RVV_FP64_INT8_8x8_Baseline,FP64_DGEMM,dgemm_kernel_8x8_zvl256b_lmul1_unroll1,RVV,2,RVV_IME,GFLOPS,6,4.9888,4.884,5.112,0.430536,6,0,0,0,0,0
GEMM_RVV_FP64_INT8_8x8_Baseline,FP64_DGEMM,dgemm_kernel_8x8_zvl256b_lmul1_unroll1,RVV,3,RVV_IME,GFLOPS,6,5.03007,5.0115,5.0726,0.426938,6,0,0,0,0,0
GEMM_RVV_FP64_INT8_8x8_Baseline,FP64_DGEMM,dgemm_kernel_8x8_zvl256b_lmul1_unroll1,RVV,4,RVV,GFLOPS,6,5.00087,4.9653,5.0343,0.42943,6,0,0,0,0,0
GEMM_RVV_FP64_INT8_8x8_Baseline,FP64_DGEMM,dgemm_kernel_8x8_zvl256b_lmul1_unroll1,RVV,5,RVV,GFLOPS,6,5.01915,4.9871,5.0833,0.427877,6,0,0,0,0,0
GEMM_RVV_FP64_INT8_8x8_Baseline,FP64_DGEMM,dgemm_kernel_8x8_zvl256b_lmul1_unroll1,RVV,6,RVV,GFLOPS,6,5.02305,4.9639,5.0911,0.427554,6,0,0,0,0,0
GEMM_RVV_FP64_INT8_8x8_Baseline,FP64_DGEMM,dgemm_kernel_8x8_zvl256b_lmul1_unroll1,RVV,7,RVV,GFLOPS,6,5.03338,5.0139,5.075,0.426655,6,0,0,0,0,0
GEMM_RVV_FP64_INT8_8x8_Baseline,FP64_DGEMM,dgemm_kernel_8x8_zvl256b_lmul1_unroll2,RVV,0,RVV_IME,GFLOPS,6,4.91533,4.8251,4.9677,0.436936,6,0,0,0,0,0
GEMM_RVV_FP64_INT8_8x8_Baseline,FP64_DGEMM,dgemm_kernel_8x8_zvl256b_lmul1_unroll2,RVV,1,RVV_IME,GFLOPS,6,4.87863,4.8144,4.9278,0.440208,6,0,0,0,0,0
GEMM_RVV_FP64_INT8_8x8_Baseline,FP64_DGEMM,dgemm_kernel_8x8_zvl256b_lmul1_unroll2,RVV,2,RVV_IME,GFLOPS,6,4.95848,4.9039,4.992,0.433111,6,0,0,0,0,0
GEMM_RVV_FP64_INT8_8x8_Baseline,FP64_DGEMM,dgemm_kernel_8x8_zvl256b_lmul1_unroll2,RVV,3,RVV_IME,GFLOPS,6,4.97558,4.9454,4.9967,0.431611,6,0,0,0,0,0
GEMM_RVV_FP64_INT8_8x8_Baseline,FP64_DGEMM,dgemm_kernel_8x8_zvl256b_lmul1_unroll2,RVV,4,RVV,GFLOPS,6,5.03268,4.9892,5.0923,0.426725,6,0,0,0,0,0
GEMM_RVV_FP64_INT8_8x8_Baseline,FP64_DGEMM,dgemm_kernel_8x8_zvl256b_lmul1_unroll2,RVV,5,RVV,GFLOPS,6,5.04,5.005,5.0888,0.426104,6,0,0,0,0,0
GEMM_RVV_FP64_INT8_8x8_Baseline,FP64_DGEMM,dgemm_kernel_8x8_zvl256b_lmul1_unroll2,RVV,6,RVV,GFLOPS,6,5.00067,4.9839,5.0344,0.429444,6,0,0,0,0,0
GEMM_RVV_FP64_INT8_8x8_Baseline,FP64_DGEMM,dgemm_kernel_8x8_zvl256b_lmul1_unroll2,RVV,7,RVV,GFLOPS,6,5.03567,4.9833,5.0777,0.426471,6,0,0,0,0,0
GEMM_RVV_FP64_INT8_8x8_Baseline,FP64_DGEMM,dgemm_kernel_8x8_zvl256b_lmul1_unroll4,RVV,0,RVV_IME,GFLOPS,6,4.87268,4.8201,4.9109,0.440734,6,0,0,0,0,0
GEMM_RVV_FP64_INT8_8x8_Baseline,FP64_DGEMM,dgemm_kernel_8x8_zvl256b_lmul1_unroll4,RVV,1,RVV_IME,GFLOPS,6,4.93632,4.8895,5.0651,0.435099,6,0,0,0,0,0
GEMM_RVV_FP64_INT8_8x8_Baseline,FP64_DGEMM,dgemm_kernel_8x8_zvl256b_lmul1_unroll4,RVV,2,RVV_IME,GFLOPS,6,4.90988,4.8881,4.9293,0.437383,6,0,0,0,0,0
GEMM_RVV_FP64_INT8_8x8_Baseline,FP64_DGEMM,dgemm_kernel_8x8_zvl256b_lmul1_unroll4,RVV,3,RVV_IME,GFLOPS,6,4.9173,4.8326,5.0595,0.436808,6,0,0,0,0,0
GEMM_RVV_FP64_INT8_8x8_Baseline,FP64_DGEMM,dgemm_kernel_8x8_zvl256b_lmul1_unroll4,RVV,4,RVV,GFLOPS,6,4.96553,4.9276,5.0246,0.4325,6,0,0,0,0,0
GEMM_RVV_FP64_INT8_8x8_Baseline,FP64_DGEMM,dgemm_kernel_8x8_zvl256b_lmul1_unroll4,RVV,5,RVV,GFLOPS,6,4.94113,4.8996,5.0175,0.434641,6,0,0,0,0,0
GEMM_RVV_FP64_INT8_8x8_Baseline,FP64_DGEMM,dgemm_kernel_8x8_zvl256b_lmul1_unroll4,RVV,6,RVV,GFLOPS,6,4.90422,4.8867,4.9355,0.437889,6,0,0,0,0,0
GEMM_RVV_FP64_INT8_8x8_Baseline,FP64_DGEMM,dgemm_kernel_8x8_zvl256b_lmul1_unroll4,RVV,7,RVV,GFLOPS,6,4.92007,4.9092,4.9392,0.436477,6,0,0,0,0,0
GEMM_RVV_FP64_INT8_8x8_Baseline,FP64_DGEMM,dgemm_kernel_8x8_zvl256b_lmul1_unroll8,RVV,0,RVV_IME,GFLOPS,6,4.86962,4.8008,5.0425,0.441115,6,0,0,0,0,0
GEMM_RVV_FP64_INT8_8x8_Baseline,FP64_DGEMM,dgemm_kernel_8x8_zvl256b_lmul1_unroll8,RVV,1,RVV_IME,GFLOPS,6,4.90695,4.862,5.0114,0.437686,6,0,0,0,0,0
GEMM_RVV_FP64_INT8_8x8_Baseline,FP64_DGEMM,dgemm_kernel_8x8_zvl256b_lmul1_unroll8,RVV,2,RVV_IME,GFLOPS,6,4.94332,4.9178,4.9566,0.434426,6,0,0,0,0,0
GEMM_RVV_FP64_INT8_8x8_Baseline,FP64_DGEMM,dgemm_kernel_8x8_zvl256b_lmul1_unroll8,RVV,3,RVV_IME,GFLOPS,6,4.98205,4.9355,5.0418,0.431062,6,0,0,0,0,0
GEMM_RVV_FP64_INT8_8x8_Baseline,FP64_DGEMM,dgemm_kernel_8x8_zvl256b_lmul1_unroll8,RVV,4,RVV,GFLOPS,6,4.97915,4.9486,5.004,0.431303,6,0,0,0,0,0
GEMM_RVV_FP64_INT8_8x8_Baseline,FP64_DGEMM,dgemm_kernel_8x8_zvl256b_lmul1_unroll8,RVV,5,RVV,GFLOPS,6,4.99168,4.9387,5.0736,0.430266,6,0,0,0,0,0
GEMM_RVV_FP64_INT8_8x8_Baseline,FP64_DGEMM,dgemm_kernel_8x8_zvl256b_lmul1_unroll8,RVV,6,RVV,GFLOPS,6,5.03908,5.0066,5.0749,0.426178,6,0,0,0,0,0
GEMM_RVV_FP64_INT8_8x8_Baseline,FP64_DGEMM,dgemm_kernel_8x8_zvl256b_lmul1_unroll8,RVV,7,RVV,GFLOPS,6,5.03355,5.0069,5.095,0.426646,6,0,0,0,0,0
GEMM_RVV_FP64_INT8_8x8_Baseline,FP64_DGEMM,dgemm_kernel_8x8_zvl256b_lmul2_unroll1,RVV,0,RVV_IME,NA,0,,,,,0,0,0,0,0,1
GEMM_RVV_FP64_INT8_8x8_Baseline,FP64_DGEMM,dgemm_kernel_8x8_zvl256b_lmul2_unroll2,RVV,0,RVV_IME,GFLOPS,6,4.9892,4.9375,5.1167,0.430489,6,0,0,0,0,0
GEMM_RVV_FP64_INT8_8x8_Baseline,FP64_DGEMM,dgemm_kernel_8x8_zvl256b_lmul2_unroll2,RVV,1,RVV_IME,GFLOPS,6,4.98925,4.9344,5.0242,0.430438,6,0,0,0,0,0
GEMM_RVV_FP64_INT8_8x8_Baseline,FP64_DGEMM,dgemm_kernel_8x8_zvl256b_lmul2_unroll2,RVV,2,RVV_IME,GFLOPS,6,4.91127,4.8416,4.9819,0.437302,6,0,0,0,0,0
GEMM_RVV_FP64_INT8_8x8_Baseline,FP64_DGEMM,dgemm_kernel_8x8_zvl256b_lmul2_unroll2,RVV,3,RVV_IME,GFLOPS,6,4.95175,4.8603,5.0178,0.433741,6,0,0,0,0,0
GEMM_RVV_FP64_INT8_8x8_Baseline,FP64_DGEMM,dgemm_kernel_8x8_zvl256b_lmul2_unroll2,RVV,4,RVV,GFLOPS,6,4.98367,4.9531,4.9979,0.430907,6,0,0,0,0,0
GEMM_RVV_FP64_INT8_8x8_Baseline,FP64_DGEMM,dgemm_kernel_8x8_zvl256b_lmul2_unroll2,RVV,5,RVV,GFLOPS,6,4.98527,4.898,5.1014,0.43083,6,0,0,0,0,0
GEMM_RVV_FP64_INT8_8x8_Baseline,FP64_DGEMM,dgemm_kernel_8x8_zvl256b_lmul2_unroll2,RVV,6,RVV,GFLOPS,6,5.06255,4.9848,5.1104,0.42422,6,0,0,0,0,0
GEMM_RVV_FP64_INT8_8x8_Baseline,FP64_DGEMM,dgemm_kernel_8x8_zvl256b_lmul2_unroll2,RVV,7,RVV,GFLOPS,6,5.05693,5.0125,5.0774,0.42467,6,0,0,0,0,0
GEMM_RVV_FP64_INT8_8x8_Baseline,FP64_DGEMM,dgemm_kernel_8x8_zvl256b_lmul2_unroll4,RVV,0,RVV_IME,GFLOPS,6,4.9197,4.8809,4.9474,0.436516,6,0,0,0,0,0
GEMM_RVV_FP64_INT8_8x8_Baseline,FP64_DGEMM,dgemm_kernel_8x8_zvl256b_lmul2_unroll4,RVV,1,RVV_IME,GFLOPS,6,4.97868,4.9296,5.0909,0.431383,6,0,0,0,0,0
GEMM_RVV_FP64_INT8_8x8_Baseline,FP64_DGEMM,dgemm_kernel_8x8_zvl256b_lmul2_unroll4,RVV,2,RVV_IME,GFLOPS,6,5.04408,4.9836,5.1185,0.425779,6,0,0,0,0,0
GEMM_RVV_FP64_INT8_8x8_Baseline,FP64_DGEMM,dgemm_kernel_8x8_zvl256b_lmul2_unroll4,RVV,3,RVV_IME,GFLOPS,6,4.99438,4.954,5.1376,0.43005,6,0,0,0,0,0
GEMM_RVV_FP64_INT8_8x8_Baseline,FP64_DGEMM,dgemm_kernel_8x8_zvl256b_lmul2_unroll4,RVV,4,RVV,GFLOPS,6,5.0274,5.0068,5.0533,0.42716,6,0,0,0,0,0
GEMM_RVV_FP64_INT8_8x8_Baseline,FP64_DGEMM,dgemm_kernel_8x8_zvl256b_lmul2_unroll4,RVV,5,RVV,GFLOPS,6,5.01428,4.952,5.0734,0.428294,6,0,0,0,0,0
GEMM_RVV_FP64_INT8_8x8_Baseline,FP64_DGEMM,dgemm_kernel_8x8_zvl256b_lmul2_unroll4,RVV,6,RVV,GFLOPS,6,5.05672,5.0057,5.0965,0.424705,6,0,0,0,0,0
GEMM_RVV_FP64_INT8_8x8_Baseline,FP64_DGEMM,dgemm_kernel_8x8_zvl256b_lmul2_unroll4,RVV,7,RVV,GFLOPS,6,5.01745,4.961,5.1072,0.428035,6,0,0,0,0,0
GEMM_RVV_FP64_INT8_8x8_Baseline,FP64_DGEMM,dgemm_kernel_8x8_zvl256b_lmul2_unroll8,RVV,0,RVV_IME,GFLOPS,6,4.99512,4.9344,5.0801,0.429965,6,0,0,0,0,0
GEMM_RVV_FP64_INT8_8x8_Baseline,FP64_DGEMM,dgemm_kernel_8x8_zvl256b_lmul2_unroll8,RVV,1,RVV_IME,GFLOPS,6,5.0003,4.9939,5.0077,0.429472,6,0,0,0,0,0
GEMM_RVV_FP64_INT8_8x8_Baseline,FP64_DGEMM,dgemm_kernel_8x8_zvl256b_lmul2_unroll8,RVV,2,RVV_IME,GFLOPS,6,5.02748,5.0045,5.1068,0.42717,6,0,0,0,0,0
GEMM_RVV_FP64_INT8_8x8_Baseline,FP64_DGEMM,dgemm_kernel_8x8_zvl256b_lmul2_unroll8,RVV,3,RVV_IME,GFLOPS,6,5.02825,4.9728,5.088,0.427102,6,0,0,0,0,0
GEMM_RVV_FP64_INT8_8x8_Baseline,FP64_DGEMM,dgemm_kernel_8x8_zvl256b_lmul2_unroll8,RVV,4,RVV,GFLOPS,6,5.04097,5.0033,5.1294,0.426044,6,0,0,0,0,0
GEMM_RVV_FP64_INT8_8x8_Baseline,FP64_DGEMM,dgemm_kernel_8x8_zvl256b_lmul2_unroll8,RVV,5,RVV,GFLOPS,6,5.03307,5.0069,5.0466,0.426677,6,0,0,0,0,0
GEMM_RVV_FP64_INT8_8x8_Baseline,FP64_DGEMM,dgemm_kernel_8x8_zvl256b_lmul2_unroll8,RVV,6,RVV,GFLOPS,6,5.059,5.0275,5.0881,0.424493,6,0,0,0,0,0
GEMM_RVV_FP64_INT8_8x8_Baseline,FP64_DGEMM,dgemm_kernel_8x8_zvl256b_lmul2_unroll8,RVV,7,RVV,GFLOPS,6,5.04243,4.9963,5.0843,0.425894,6,0,0,0,0,0
GEMM_RVV_FP64_INT8_8x8_Baseline,FP64_DGEMM,dgemm_kernel_8x8_zvl256b_lmul4_unroll1,RVV,0,RVV_IME,NA,0,,,,,0,0,0,0,0,1
GEMM_RVV_FP64_INT8_8x8_Baseline,FP64_DGEMM,dgemm_kernel_8x8_zvl256b_lmul4_unroll2,RVV,0,RVV_IME,GFLOPS,6,1.51732,1.5144,1.5189,1.41532,6,0,0,0,0,0
GEMM_RVV_FP64_INT8_8x8_Baseline,FP64_DGEMM,dgemm_kernel_8x8_zvl256b_lmul4_unroll2,RVV,1,RVV_IME,GFLOPS,6,1.52273,1.5132,1.5285,1.41028,6,0,0,0,0,0
GEMM_RVV_FP64_INT8_8x8_Baseline,FP64_DGEMM,dgemm_kernel_8x8_zvl256b_lmul4_unroll2,RVV,2,RVV_IME,GFLOPS,6,1.52988,1.5259,1.5322,1.4037,6,0,0,0,0,0
GEMM_RVV_FP64_INT8_8x8_Baseline,FP64_DGEMM,dgemm_kernel_8x8_zvl256b_lmul4_unroll2,RVV,3,RVV_IME,GFLOPS,6,1.52798,1.526,1.529,1.40543,6,0,0,0,0,0
GEMM_RVV_FP64_INT8_8x8_Baseline,FP64_DGEMM,dgemm_kernel_8x8_zvl256b_lmul4_unroll2,RVV,4,RVV,GFLOPS,6,1.52533,1.5239,1.5268,1.40788,6,0,0,0,0,0
GEMM_RVV_FP64_INT8_8x8_Baseline,FP64_DGEMM,dgemm_kernel_8x8_zvl256b_lmul4_unroll2,RVV,5,RVV,GFLOPS,6,1.51817,1.5163,1.5198,1.41453,6,0,0,0,0,0
GEMM_RVV_FP64_INT8_8x8_Baseline,FP64_DGEMM,dgemm_kernel_8x8_zvl256b_lmul4_unroll2,RVV,6,RVV,GFLOPS,6,1.5269,1.5263,1.5276,1.40643,6,0,0,0,0,0
GEMM_RVV_FP64_INT8_8x8_Baseline,FP64_DGEMM,dgemm_kernel_8x8_zvl256b_lmul4_unroll2,RVV,7,RVV,GFLOPS,6,1.52272,1.5218,1.5234,1.41028,6,0,0,0,0,0
GEMM_RVV_FP64_INT8_8x8_Baseline,FP64_DGEMM,dgemm_kernel_8x8_zvl256b_lmul4_unroll4,RVV,0,RVV_IME,GFLOPS,6,1.66227,1.6591,1.6655,1.29192,6,0,0,0,0,0
GEMM_RVV_FP64_INT8_8x8_Baseline,FP64_DGEMM,dgemm_kernel_8x8_zvl256b_lmul4_unroll4,RVV,1,RVV_IME,GFLOPS,6,1.67523,1.6742,1.6763,1.28189,6,0,0,0,0,0
GEMM_RVV_FP64_INT8_8x8_Baseline,FP64_DGEMM,dgemm_kernel_8x8_zvl256b_lmul4_unroll4,RVV,2,RVV_IME,GFLOPS,6,1.67675,1.6747,1.6781,1.28072,6,0,0,0,0,0
GEMM_RVV_FP64_INT8_8x8_Baseline,FP64_DGEMM,dgemm_kernel_8x8_zvl256b_lmul4_unroll4,RVV,3,RVV_IME,GFLOPS,6,1.67565,1.6744,1.6765,1.28159,6,0,0,0,0,0
GEMM_RVV_FP64_INT8_8x8_Baseline,FP64_DGEMM,dgemm_kernel_8x8_zvl256b_lmul4_unroll4,RVV,4,RVV,GFLOPS,6,1.6544,1.6527,1.6555,1.29806,6,0,0,0,0,0
GEMM_RVV_FP64_INT8_8x8_Baseline,FP64_DGEMM,dgemm_kernel_8x8_zvl256b_lmul4_unroll4,RVV,5,RVV,GFLOPS,6,1.64888,1.6446,1.6516,1.30238,6,0,0,0,0,0
GEMM_RVV_FP64_INT8_8x8_Baseline,FP64_DGEMM,dgemm_kernel_8x8_zvl256b_lmul4_unroll4,RVV,6,RVV,GFLOPS,6,1.65447,1.6528,1.6563,1.29797,6,0,0,0,0,0
GEMM_RVV_FP64_INT8_8x8_Baseline,FP64_DGEMM,dgemm_kernel_8x8_zvl256b_lmul4_unroll4,RVV,7,RVV,GFLOPS,6,1.65265,1.6499,1.6545,1.29942,6,0,0,0,0,0
GEMM_RVV_FP64_INT8_8x8_Baseline,FP64_DGEMM,dgemm_kernel_8x8_zvl256b_lmul4_unroll8,RVV,0,RVV_IME,GFLOPS,6,1.65725,1.6468,1.6633,1.2958,6,0,0,0,0,0
GEMM_RVV_FP64_INT8_8x8_Baseline,FP64_DGEMM,dgemm_kernel_8x8_zvl256b_lmul4_unroll8,RVV,1,RVV_IME,GFLOPS,6,1.6786,1.6767,1.6806,1.27933,6,0,0,0,0,0
GEMM_RVV_FP64_INT8_8x8_Baseline,FP64_DGEMM,dgemm_kernel_8x8_zvl256b_lmul4_unroll8,RVV,2,RVV_IME,GFLOPS,6,1.67975,1.6772,1.6814,1.27846,6,0,0,0,0,0
GEMM_RVV_FP64_INT8_8x8_Baseline,FP64_DGEMM,dgemm_kernel_8x8_zvl256b_lmul4_unroll8,RVV,3,RVV_IME,GFLOPS,6,1.67917,1.6777,1.6805,1.27889,6,0,0,0,0,0
GEMM_RVV_FP64_INT8_8x8_Baseline,FP64_DGEMM,dgemm_kernel_8x8_zvl256b_lmul4_unroll8,RVV,4,RVV,GFLOPS,6,1.6694,1.661,1.6756,1.28641,6,0,0,0,0,0
GEMM_RVV_FP64_INT8_8x8_Baseline,FP64_DGEMM,dgemm_kernel_8x8_zvl256b_lmul4_unroll8,RVV,5,RVV,GFLOPS,6,1.66862,1.6656,1.6718,1.287,6,0,0,0,0,0
GEMM_RVV_FP64_INT8_8x8_Baseline,FP64_DGEMM,dgemm_kernel_8x8_zvl256b_lmul4_unroll8,RVV,6,RVV,GFLOPS,6,1.67462,1.6728,1.6762,1.28237,6,0,0,0,0,0
GEMM_RVV_FP64_INT8_8x8_Baseline,FP64_DGEMM,dgemm_kernel_8x8_zvl256b_lmul4_unroll8,RVV,7,RVV,GFLOPS,6,1.67392,1.6686,1.678,1.28291,6,0,0,0,0,0
GEMM_RVV_FP64_INT8_8x8_Baseline,FP64_DGEMM,dgemm_kernel_8x8_zvl256b_lmul8_unroll1,RVV,0,RVV_IME,NA,0,,,,,0,0,0,0,0,1
GEMM_RVV_FP64_INT8_8x8_Baseline,FP64_DGEMM,dgemm_kernel_8x8_zvl256b_lmul8_unroll2,RVV,0,RVV_IME,GFLOPS,6,0.539067,0.5276,0.5425,3.98397,6,0,0,0,0,0
GEMM_RVV_FP64_INT8_8x8_Baseline,FP64_DGEMM,dgemm_kernel_8x8_zvl256b_lmul8_unroll2,RVV,1,RVV_IME,GFLOPS,6,0.545533,0.545,0.5458,3.93639,6,0,0,0,0,0
GEMM_RVV_FP64_INT8_8x8_Baseline,FP64_DGEMM,dgemm_kernel_8x8_zvl256b_lmul8_unroll2,RVV,2,RVV_IME,GFLOPS,6,0.5459,0.545,0.5463,3.93395,6,0,0,0,0,0
GEMM_RVV_FP64_INT8_8x8_Baseline,FP64_DGEMM,dgemm_kernel_8x8_zvl256b_lmul8_unroll2,RVV,3,RVV_IME,GFLOPS,6,0.5453,0.5441,0.5459,3.93817,6,0,0,0,0,0
GEMM_RVV_FP64_INT8_8x8_Baseline,FP64_DGEMM,dgemm_kernel_8x8_zvl256b_lmul8_unroll2,RVV,4,RVV,GFLOPS,6,0.514283,0.5136,0.5146,4.17572,6,0,0,0,0,0
GEMM_RVV_FP64_INT8_8x8_Baseline,FP64_DGEMM,dgemm_kernel_8x8_zvl256b_lmul8_unroll2,RVV,5,RVV,GFLOPS,6,0.5122,0.5099,0.5133,4.19267,6,0,0,0,0,0
GEMM_RVV_FP64_INT8_8x8_Baseline,FP64_DGEMM,dgemm_kernel_8x8_zvl256b_lmul8_unroll2,RVV,6,RVV,GFLOPS,6,0.514467,0.5143,0.515,4.17416,6,0,0,0,0,0
GEMM_RVV_FP64_INT8_8x8_Baseline,FP64_DGEMM,dgemm_kernel_8x8_zvl256b_lmul8_unroll2,RVV,7,RVV,GFLOPS,6,0.514383,0.5141,0.5146,4.17475,6,0,0,0,0,0
GEMM_RVV_FP64_INT8_8x8_Baseline,FP64_DGEMM,dgemm_kernel_8x8_zvl256b_lmul8_unroll4,RVV,0,RVV_IME,GFLOPS,6,0.435167,0.4333,0.4364,4.93502,6,0,0,0,0,0
GEMM_RVV_FP64_INT8_8x8_Baseline,FP64_DGEMM,dgemm_kernel_8x8_zvl256b_lmul8_unroll4,RVV,1,RVV_IME,GFLOPS,6,0.438417,0.4379,0.4387,4.89844,6,0,0,0,0,0
GEMM_RVV_FP64_INT8_8x8_Baseline,FP64_DGEMM,dgemm_kernel_8x8_zvl256b_lmul8_unroll4,RVV,2,RVV_IME,GFLOPS,6,0.438833,0.4382,0.4392,4.89368,6,0,0,0,0,0
GEMM_RVV_FP64_INT8_8x8_Baseline,FP64_DGEMM,dgemm_kernel_8x8_zvl256b_lmul8_unroll4,RVV,3,RVV_IME,GFLOPS,6,0.438717,0.4386,0.4388,4.89491,6,0,0,0,0,0
GEMM_RVV_FP64_INT8_8x8_Baseline,FP64_DGEMM,dgemm_kernel_8x8_zvl256b_lmul8_unroll4,RVV,4,RVV,GFLOPS,6,0.4361,0.4358,0.4362,4.9244,6,0,0,0,0,0
GEMM_RVV_FP64_INT8_8x8_Baseline,FP64_DGEMM,dgemm_kernel_8x8_zvl256b_lmul8_unroll4,RVV,5,RVV,GFLOPS,6,0.434517,0.4327,0.4353,4.94248,6,0,0,0,0,0
GEMM_RVV_FP64_INT8_8x8_Baseline,FP64_DGEMM,dgemm_kernel_8x8_zvl256b_lmul8_unroll4,RVV,6,RVV,GFLOPS,6,0.4363,0.4362,0.4365,4.92206,6,0,0,0,0,0
GEMM_RVV_FP64_INT8_8x8_Baseline,FP64_DGEMM,dgemm_kernel_8x8_zvl256b_lmul8_unroll4,RVV,7,RVV,GFLOPS,6,0.436183,0.4357,0.4365,4.92309,6,0,0,0,0,0
GEMM_RVV_FP64_INT8_8x8_Baseline,FP64_DGEMM,dgemm_kernel_8x8_zvl256b_lmul8_unroll8,RVV,0,RVV_IME,NA,0,,,,,0,0,0,0,0,1
IME_NATIVE_KERNELS,IME_INT8,ime_kernel_8x4_zvl256b_lmul1_unroll1,IME,0,RVV_IME,NA,0,,,,,0,0,0,0,0,1
IME_NATIVE_KERNELS,IME_INT8,ime_kernel_8x4_zvl256b_lmul1_unroll2,IME,0,RVV_IME,NA,0,,,,,0,0,0,0,0,1
IME_NATIVE_KERNELS,IME_INT8,ime_kernel_8x4_zvl256b_lmul1_unroll4,IME,0,RVV_IME,NA,0,,,,,0,0,0,0,0,1
IME_NATIVE_KERNELS,IME_INT8,ime_kernel_8x4_zvl256b_lmul1_unroll8,IME,0,RVV_IME,NA,0,,,,,0,0,0,0,0,1
IME_NATIVE_KERNELS,IME_INT8,ime_kernel_8x8_zvl256b_lmul1_unroll1,IME,0,RVV_IME,NA,0,,,,,0,0,0,0,0,1
IME_NATIVE_KERNELS,IME_INT8,ime_kernel_8x8_zvl256b_lmul1_unroll2,IME,0,RVV_IME,NA,0,,,,,0,0,0,0,0,1
IME_NATIVE_KERNELS,IME_INT8,ime_kernel_8x8_zvl256b_lmul1_unroll4,IME,0,RVV_IME,NA,0,,,,,0,0,0,0,0,1
IME_NATIVE_KERNELS,IME_INT8,ime_kernel_8x8_zvl256b_lmul1_unroll8,IME,0,RVV_IME,NA,0,,,,,0,0,0,0,0,1
