K1 OpenMP heterogeneous-versus-baseline GEMM campaign
Matrix: M=1024 N=1024 K=1024 runs=6
Comparison modes: RVV all-core, RVV-cluster, IME-cluster, mixed static, mixed dynamic
Common OpenMP tile width: tile_N=32
Static mixed split: IME weight=4, RVV weight=1
Dynamic mixed chunk: 1; enabled=1
Kernel filter: ZVL=256b
Output folder: /home/bananapi/MAT/kernels riscv rvv 1.0/FINAL/riscv-rvv-ime-gemm-microkernels-updated/HETEROGENEOUS_RVV_IME_OPENMP_GEMM/results/k1_openmp_heterogeneous_campaign_1024_20260904_054843
============================================================
All-core RVV OpenMP baseline: cores 0-7 execute RVV kernels
MODE=k1-rvv schedule=static chunk=1 M=1024 N=1024 K=1024 tile_N=32 runs=6
============================================================
OpenMP all-kernel tiled GEMM campaign
MODE=k1-rvv (K1 all-core RVV OpenMP baseline) M=1024 N=1024 K=1024 tile_N=32 RUNS=6
CORE_PLAN=cores 0-7 execute RVV kernels
PROJECT_ROOT=/home/bananapi/MAT/kernels riscv rvv 1.0/FINAL/riscv-rvv-ime-gemm-microkernels-updated
RESULT_DIR=/home/bananapi/MAT/kernels riscv rvv 1.0/FINAL/riscv-rvv-ime-gemm-microkernels-updated/HETEROGENEOUS_RVV_IME_OPENMP_GEMM/results/openmp_results_k1-rvv_1024_20260904_054843
COMPILER=gcc (Bianbu 14.2.0-4ubuntu2~24.04bb1) 14.2.0
BUILD_FLAGS=-O3 -std=c11 -Wall -Wextra -Wno-unknown-pragmas -fopenmp -march=rv64gcv_zvl256b -mabi=lp64d
OMP_NUM_THREADS=8 OMP_PROC_BIND=close OMP_PLACES=cores OMP_DYNAMIC=false OMP_MAX_ACTIVE_LEVELS=2
TILE_SCHEDULE=static DYNAMIC_CHUNK=1
GEMM_VALIDATE=1 VALIDATE_EACH_RUN=0 GEMM_WARMUP=1 ENABLE_MF2=0 BUILD_ONLY=0 ZVL_FILTER=256b KERNEL_FILTER=* KIND_FILTER=* PERF_STAT=0 STATIC_IME_WEIGHT=4 STATIC_RVV_WEIGHT=1
Cpus_allowed_list:	0-7
MEMORY_NODES_ONLINE=not_exposed
CLUSTER_PLACEMENT=exact_core_affinity; contiguous_output_ownership
============================================================
KERNEL: igemm_kernel_8x4_zvl256b_lmul1_unroll1_i8i32
  MODE: K1 all-core RVV OpenMP baseline
  BASELINE: GEMM_RVV_FP32_INT8_8x4_Baseline
  FAMILY: RVV_IGEMM_INT8_I8I32_8x4
  PATH: INT8 RVV widening GEMM (INT8 x INT8 -> INT32)
  TILE: 8x4 ZVL=256b LMUL=1 UNROLL=1
  WORK: M=1024 N=1024 K=1024 tile_N=32 runs=6
  CORES: cores 0-7 execute RVV kernels
  INPUT_CONTRACT: CANONICAL_FULL_MATRIX
PRIMARY_SOURCE=/home/bananapi/MAT/kernels riscv rvv 1.0/FINAL/riscv-rvv-ime-gemm-microkernels-updated/GEMM_RVV_FP32_INT8_8x4_Baseline/RVV_IGEMM_INT8_I8I32_8x4/igemm_kernel_8x4_zvl256b_lmul1_unroll1/igemm_kernel_8x4_zvl256b_lmul1_unroll1_i8i32.c
    run 1: OK GOPS=6.940713 time=0.309403878 threads=8 validation=1
      schedule: static chunk=0
      workers: 0:cpu0:tiles4;1:cpu1:tiles4;2:cpu2:tiles4;3:cpu3:tiles4;4:cpu4:tiles4;5:cpu5:tiles4;6:cpu6:tiles4;7:cpu7:tiles4
    run 2: OK GOPS=6.973818 time=0.307935126 threads=8 validation=0
      schedule: static chunk=0
      workers: 0:cpu0:tiles4;1:cpu1:tiles4;2:cpu2:tiles4;3:cpu3:tiles4;4:cpu4:tiles4;5:cpu5:tiles4;6:cpu6:tiles4;7:cpu7:tiles4
    run 3: OK GOPS=6.982541 time=0.307550460 threads=8 validation=0
      schedule: static chunk=0
      workers: 0:cpu0:tiles4;1:cpu1:tiles4;2:cpu2:tiles4;3:cpu3:tiles4;4:cpu4:tiles4;5:cpu5:tiles4;6:cpu6:tiles4;7:cpu7:tiles4
    run 4: OK GOPS=6.945398 time=0.309195209 threads=8 validation=0
      schedule: static chunk=0
      workers: 0:cpu0:tiles4;1:cpu1:tiles4;2:cpu2:tiles4;3:cpu3:tiles4;4:cpu4:tiles4;5:cpu5:tiles4;6:cpu6:tiles4;7:cpu7:tiles4
    run 5: OK GOPS=6.956286 time=0.308711249 threads=8 validation=0
      schedule: static chunk=0
      workers: 0:cpu0:tiles4;1:cpu1:tiles4;2:cpu2:tiles4;3:cpu3:tiles4;4:cpu4:tiles4;5:cpu5:tiles4;6:cpu6:tiles4;7:cpu7:tiles4
    run 6: OK GOPS=6.959227 time=0.308580790 threads=8 validation=0
      schedule: static chunk=0
      workers: 0:cpu0:tiles4;1:cpu1:tiles4;2:cpu2:tiles4;3:cpu3:tiles4;4:cpu4:tiles4;5:cpu5:tiles4;6:cpu6:tiles4;7:cpu7:tiles4
============================================================
KERNEL: igemm_kernel_8x4_zvl256b_lmul1_unroll2_i8i32
  MODE: K1 all-core RVV OpenMP baseline
  BASELINE: GEMM_RVV_FP32_INT8_8x4_Baseline
  FAMILY: RVV_IGEMM_INT8_I8I32_8x4
  PATH: INT8 RVV widening GEMM (INT8 x INT8 -> INT32)
  TILE: 8x4 ZVL=256b LMUL=1 UNROLL=2
  WORK: M=1024 N=1024 K=1024 tile_N=32 runs=6
  CORES: cores 0-7 execute RVV kernels
  INPUT_CONTRACT: CANONICAL_FULL_MATRIX
PRIMARY_SOURCE=/home/bananapi/MAT/kernels riscv rvv 1.0/FINAL/riscv-rvv-ime-gemm-microkernels-updated/GEMM_RVV_FP32_INT8_8x4_Baseline/RVV_IGEMM_INT8_I8I32_8x4/igemm_kernel_8x4_zvl256b_lmul1_unroll2/igemm_kernel_8x4_zvl256b_lmul1_unroll2_i8i32.c
    run 1: OK GOPS=4.604303 time=0.466407958 threads=8 validation=1
      schedule: static chunk=0
      workers: 0:cpu0:tiles4;1:cpu1:tiles4;2:cpu2:tiles4;3:cpu3:tiles4;4:cpu4:tiles4;5:cpu5:tiles4;6:cpu6:tiles4;7:cpu7:tiles4
    run 2: OK GOPS=4.627406 time=0.464079376 threads=8 validation=0
      schedule: static chunk=0
      workers: 0:cpu0:tiles4;1:cpu1:tiles4;2:cpu2:tiles4;3:cpu3:tiles4;4:cpu4:tiles4;5:cpu5:tiles4;6:cpu6:tiles4;7:cpu7:tiles4
    run 3: OK GOPS=4.610662 time=0.465764750 threads=8 validation=0
      schedule: static chunk=0
      workers: 0:cpu0:tiles4;1:cpu1:tiles4;2:cpu2:tiles4;3:cpu3:tiles4;4:cpu4:tiles4;5:cpu5:tiles4;6:cpu6:tiles4;7:cpu7:tiles4
    run 4: OK GOPS=4.624359 time=0.464385167 threads=8 validation=0
      schedule: static chunk=0
      workers: 0:cpu0:tiles4;1:cpu1:tiles4;2:cpu2:tiles4;3:cpu3:tiles4;4:cpu4:tiles4;5:cpu5:tiles4;6:cpu6:tiles4;7:cpu7:tiles4
    run 5: OK GOPS=4.606110 time=0.466225002 threads=8 validation=0
      schedule: static chunk=0
      workers: 0:cpu0:tiles4;1:cpu1:tiles4;2:cpu2:tiles4;3:cpu3:tiles4;4:cpu4:tiles4;5:cpu5:tiles4;6:cpu6:tiles4;7:cpu7:tiles4
    run 6: OK GOPS=4.627916 time=0.464028250 threads=8 validation=0
      schedule: static chunk=0
      workers: 0:cpu0:tiles4;1:cpu1:tiles4;2:cpu2:tiles4;3:cpu3:tiles4;4:cpu4:tiles4;5:cpu5:tiles4;6:cpu6:tiles4;7:cpu7:tiles4
============================================================
KERNEL: igemm_kernel_8x4_zvl256b_lmul1_unroll4_i8i32
  MODE: K1 all-core RVV OpenMP baseline
  BASELINE: GEMM_RVV_FP32_INT8_8x4_Baseline
  FAMILY: RVV_IGEMM_INT8_I8I32_8x4
  PATH: INT8 RVV widening GEMM (INT8 x INT8 -> INT32)
  TILE: 8x4 ZVL=256b LMUL=1 UNROLL=4
  WORK: M=1024 N=1024 K=1024 tile_N=32 runs=6
  CORES: cores 0-7 execute RVV kernels
  INPUT_CONTRACT: CANONICAL_FULL_MATRIX
PRIMARY_SOURCE=/home/bananapi/MAT/kernels riscv rvv 1.0/FINAL/riscv-rvv-ime-gemm-microkernels-updated/GEMM_RVV_FP32_INT8_8x4_Baseline/RVV_IGEMM_INT8_I8I32_8x4/igemm_kernel_8x4_zvl256b_lmul1_unroll4/igemm_kernel_8x4_zvl256b_lmul1_unroll4_i8i32.c
    run 1: OK GOPS=4.540927 time=0.472917501 threads=8 validation=1
      schedule: static chunk=0
      workers: 0:cpu0:tiles4;1:cpu1:tiles4;2:cpu2:tiles4;3:cpu3:tiles4;4:cpu4:tiles4;5:cpu5:tiles4;6:cpu6:tiles4;7:cpu7:tiles4
    run 2: OK GOPS=4.545949 time=0.472395044 threads=8 validation=0
      schedule: static chunk=0
      workers: 0:cpu0:tiles4;1:cpu1:tiles4;2:cpu2:tiles4;3:cpu3:tiles4;4:cpu4:tiles4;5:cpu5:tiles4;6:cpu6:tiles4;7:cpu7:tiles4
    run 3: OK GOPS=4.549793 time=0.471995916 threads=8 validation=0
      schedule: static chunk=0
      workers: 0:cpu0:tiles4;1:cpu1:tiles4;2:cpu2:tiles4;3:cpu3:tiles4;4:cpu4:tiles4;5:cpu5:tiles4;6:cpu6:tiles4;7:cpu7:tiles4
    run 4: OK GOPS=4.545066 time=0.472486749 threads=8 validation=0
      schedule: static chunk=0
      workers: 0:cpu0:tiles4;1:cpu1:tiles4;2:cpu2:tiles4;3:cpu3:tiles4;4:cpu4:tiles4;5:cpu5:tiles4;6:cpu6:tiles4;7:cpu7:tiles4
    run 5: OK GOPS=4.564076 time=0.470518831 threads=8 validation=0
      schedule: static chunk=0
      workers: 0:cpu0:tiles4;1:cpu1:tiles4;2:cpu2:tiles4;3:cpu3:tiles4;4:cpu4:tiles4;5:cpu5:tiles4;6:cpu6:tiles4;7:cpu7:tiles4
    run 6: OK GOPS=4.494109 time=0.477844123 threads=8 validation=0
      schedule: static chunk=0
      workers: 0:cpu0:tiles4;1:cpu1:tiles4;2:cpu2:tiles4;3:cpu3:tiles4;4:cpu4:tiles4;5:cpu5:tiles4;6:cpu6:tiles4;7:cpu7:tiles4
============================================================
KERNEL: igemm_kernel_8x4_zvl256b_lmul1_unroll8_i8i32
  MODE: K1 all-core RVV OpenMP baseline
  BASELINE: GEMM_RVV_FP32_INT8_8x4_Baseline
  FAMILY: RVV_IGEMM_INT8_I8I32_8x4
  PATH: INT8 RVV widening GEMM (INT8 x INT8 -> INT32)
  TILE: 8x4 ZVL=256b LMUL=1 UNROLL=8
  WORK: M=1024 N=1024 K=1024 tile_N=32 runs=6
  CORES: cores 0-7 execute RVV kernels
  INPUT_CONTRACT: CANONICAL_FULL_MATRIX
PRIMARY_SOURCE=/home/bananapi/MAT/kernels riscv rvv 1.0/FINAL/riscv-rvv-ime-gemm-microkernels-updated/GEMM_RVV_FP32_INT8_8x4_Baseline/RVV_IGEMM_INT8_I8I32_8x4/igemm_kernel_8x4_zvl256b_lmul1_unroll8/igemm_kernel_8x4_zvl256b_lmul1_unroll8_i8i32.c
    run 1: OK GOPS=4.913530 time=0.437055126 threads=8 validation=1
      schedule: static chunk=0
      workers: 0:cpu0:tiles4;1:cpu1:tiles4;2:cpu2:tiles4;3:cpu3:tiles4;4:cpu4:tiles4;5:cpu5:tiles4;6:cpu6:tiles4;7:cpu7:tiles4
    run 2: OK GOPS=4.850536 time=0.442731168 threads=8 validation=0
      schedule: static chunk=0
      workers: 0:cpu0:tiles4;1:cpu1:tiles4;2:cpu2:tiles4;3:cpu3:tiles4;4:cpu4:tiles4;5:cpu5:tiles4;6:cpu6:tiles4;7:cpu7:tiles4
    run 3: OK GOPS=4.826986 time=0.444891166 threads=8 validation=0
      schedule: static chunk=0
      workers: 0:cpu0:tiles4;1:cpu1:tiles4;2:cpu2:tiles4;3:cpu3:tiles4;4:cpu4:tiles4;5:cpu5:tiles4;6:cpu6:tiles4;7:cpu7:tiles4
    run 4: OK GOPS=4.901480 time=0.438129663 threads=8 validation=0
      schedule: static chunk=0
      workers: 0:cpu0:tiles4;1:cpu1:tiles4;2:cpu2:tiles4;3:cpu3:tiles4;4:cpu4:tiles4;5:cpu5:tiles4;6:cpu6:tiles4;7:cpu7:tiles4
    run 5: OK GOPS=4.870144 time=0.440948706 threads=8 validation=0
      schedule: static chunk=0
      workers: 0:cpu0:tiles4;1:cpu1:tiles4;2:cpu2:tiles4;3:cpu3:tiles4;4:cpu4:tiles4;5:cpu5:tiles4;6:cpu6:tiles4;7:cpu7:tiles4
    run 6: OK GOPS=4.938106 time=0.434880000 threads=8 validation=0
      schedule: static chunk=0
      workers: 0:cpu0:tiles4;1:cpu1:tiles4;2:cpu2:tiles4;3:cpu3:tiles4;4:cpu4:tiles4;5:cpu5:tiles4;6:cpu6:tiles4;7:cpu7:tiles4
============================================================
KERNEL: igemm_kernel_8x4_zvl256b_lmul2_unroll1_i8i32
  MODE: K1 all-core RVV OpenMP baseline
  BASELINE: GEMM_RVV_FP32_INT8_8x4_Baseline
  FAMILY: RVV_IGEMM_INT8_I8I32_8x4
  PATH: INT8 RVV widening GEMM (INT8 x INT8 -> INT32)
  TILE: 8x4 ZVL=256b LMUL=2 UNROLL=1
  WORK: M=1024 N=1024 K=1024 tile_N=32 runs=6
  CORES: cores 0-7 execute RVV kernels
  INPUT_CONTRACT: CANONICAL_FULL_MATRIX
PRIMARY_SOURCE=/home/bananapi/MAT/kernels riscv rvv 1.0/FINAL/riscv-rvv-ime-gemm-microkernels-updated/GEMM_RVV_FP32_INT8_8x4_Baseline/RVV_IGEMM_INT8_I8I32_8x4/igemm_kernel_8x4_zvl256b_lmul2_unroll1/igemm_kernel_8x4_zvl256b_lmul2_unroll1_i8i32.c
    run 1: OK GOPS=2.039934 time=1.052722000 threads=8 validation=1
      schedule: static chunk=0
      workers: 0:cpu0:tiles4;1:cpu1:tiles4;2:cpu2:tiles4;3:cpu3:tiles4;4:cpu4:tiles4;5:cpu5:tiles4;6:cpu6:tiles4;7:cpu7:tiles4
    run 2: OK GOPS=2.033495 time=1.056055583 threads=8 validation=0
      schedule: static chunk=0
      workers: 0:cpu0:tiles4;1:cpu1:tiles4;2:cpu2:tiles4;3:cpu3:tiles4;4:cpu4:tiles4;5:cpu5:tiles4;6:cpu6:tiles4;7:cpu7:tiles4
    run 3: OK GOPS=2.026310 time=1.059799999 threads=8 validation=0
      schedule: static chunk=0
      workers: 0:cpu0:tiles4;1:cpu1:tiles4;2:cpu2:tiles4;3:cpu3:tiles4;4:cpu4:tiles4;5:cpu5:tiles4;6:cpu6:tiles4;7:cpu7:tiles4
    run 4: OK GOPS=2.059308 time=1.042818211 threads=8 validation=0
      schedule: static chunk=0
      workers: 0:cpu0:tiles4;1:cpu1:tiles4;2:cpu2:tiles4;3:cpu3:tiles4;4:cpu4:tiles4;5:cpu5:tiles4;6:cpu6:tiles4;7:cpu7:tiles4
    run 5: OK GOPS=2.060569 time=1.042179711 threads=8 validation=0
      schedule: static chunk=0
      workers: 0:cpu0:tiles4;1:cpu1:tiles4;2:cpu2:tiles4;3:cpu3:tiles4;4:cpu4:tiles4;5:cpu5:tiles4;6:cpu6:tiles4;7:cpu7:tiles4
    run 6: OK GOPS=2.061819 time=1.041547958 threads=8 validation=0
      schedule: static chunk=0
      workers: 0:cpu0:tiles4;1:cpu1:tiles4;2:cpu2:tiles4;3:cpu3:tiles4;4:cpu4:tiles4;5:cpu5:tiles4;6:cpu6:tiles4;7:cpu7:tiles4
============================================================
KERNEL: igemm_kernel_8x4_zvl256b_lmul2_unroll2_i8i32
  MODE: K1 all-core RVV OpenMP baseline
  BASELINE: GEMM_RVV_FP32_INT8_8x4_Baseline
  FAMILY: RVV_IGEMM_INT8_I8I32_8x4
  PATH: INT8 RVV widening GEMM (INT8 x INT8 -> INT32)
  TILE: 8x4 ZVL=256b LMUL=2 UNROLL=2
  WORK: M=1024 N=1024 K=1024 tile_N=32 runs=6
  CORES: cores 0-7 execute RVV kernels
  INPUT_CONTRACT: CANONICAL_FULL_MATRIX
PRIMARY_SOURCE=/home/bananapi/MAT/kernels riscv rvv 1.0/FINAL/riscv-rvv-ime-gemm-microkernels-updated/GEMM_RVV_FP32_INT8_8x4_Baseline/RVV_IGEMM_INT8_I8I32_8x4/igemm_kernel_8x4_zvl256b_lmul2_unroll2/igemm_kernel_8x4_zvl256b_lmul2_unroll2_i8i32.c
    run 1: OK GOPS=1.992148 time=1.077973876 threads=8 validation=1
      schedule: static chunk=0
      workers: 0:cpu0:tiles4;1:cpu1:tiles4;2:cpu2:tiles4;3:cpu3:tiles4;4:cpu4:tiles4;5:cpu5:tiles4;6:cpu6:tiles4;7:cpu7:tiles4
    run 2: OK GOPS=1.991372 time=1.078394040 threads=8 validation=0
      schedule: static chunk=0
      workers: 0:cpu0:tiles4;1:cpu1:tiles4;2:cpu2:tiles4;3:cpu3:tiles4;4:cpu4:tiles4;5:cpu5:tiles4;6:cpu6:tiles4;7:cpu7:tiles4
    run 3: OK GOPS=1.988334 time=1.080041543 threads=8 validation=0
      schedule: static chunk=0
      workers: 0:cpu0:tiles4;1:cpu1:tiles4;2:cpu2:tiles4;3:cpu3:tiles4;4:cpu4:tiles4;5:cpu5:tiles4;6:cpu6:tiles4;7:cpu7:tiles4
    run 4: OK GOPS=1.988877 time=1.079746835 threads=8 validation=0
      schedule: static chunk=0
      workers: 0:cpu0:tiles4;1:cpu1:tiles4;2:cpu2:tiles4;3:cpu3:tiles4;4:cpu4:tiles4;5:cpu5:tiles4;6:cpu6:tiles4;7:cpu7:tiles4
    run 5: OK GOPS=1.956432 time=1.097653002 threads=8 validation=0
      schedule: static chunk=0
      workers: 0:cpu0:tiles4;1:cpu1:tiles4;2:cpu2:tiles4;3:cpu3:tiles4;4:cpu4:tiles4;5:cpu5:tiles4;6:cpu6:tiles4;7:cpu7:tiles4
    run 6: OK GOPS=1.991463 time=1.078344502 threads=8 validation=0
      schedule: static chunk=0
      workers: 0:cpu0:tiles4;1:cpu1:tiles4;2:cpu2:tiles4;3:cpu3:tiles4;4:cpu4:tiles4;5:cpu5:tiles4;6:cpu6:tiles4;7:cpu7:tiles4
============================================================
KERNEL: igemm_kernel_8x4_zvl256b_lmul2_unroll4_i8i32
  MODE: K1 all-core RVV OpenMP baseline
  BASELINE: GEMM_RVV_FP32_INT8_8x4_Baseline
  FAMILY: RVV_IGEMM_INT8_I8I32_8x4
  PATH: INT8 RVV widening GEMM (INT8 x INT8 -> INT32)
  TILE: 8x4 ZVL=256b LMUL=2 UNROLL=4
  WORK: M=1024 N=1024 K=1024 tile_N=32 runs=6
  CORES: cores 0-7 execute RVV kernels
  INPUT_CONTRACT: CANONICAL_FULL_MATRIX
PRIMARY_SOURCE=/home/bananapi/MAT/kernels riscv rvv 1.0/FINAL/riscv-rvv-ime-gemm-microkernels-updated/GEMM_RVV_FP32_INT8_8x4_Baseline/RVV_IGEMM_INT8_I8I32_8x4/igemm_kernel_8x4_zvl256b_lmul2_unroll4/igemm_kernel_8x4_zvl256b_lmul2_unroll4_i8i32.c
    run 1: OK GOPS=1.608433 time=1.335140377 threads=8 validation=1
      schedule: static chunk=0
      workers: 0:cpu0:tiles4;1:cpu1:tiles4;2:cpu2:tiles4;3:cpu3:tiles4;4:cpu4:tiles4;5:cpu5:tiles4;6:cpu6:tiles4;7:cpu7:tiles4
    run 2: OK GOPS=1.720047 time=1.248502877 threads=8 validation=0
      schedule: static chunk=0
      workers: 0:cpu0:tiles4;1:cpu1:tiles4;2:cpu2:tiles4;3:cpu3:tiles4;4:cpu4:tiles4;5:cpu5:tiles4;6:cpu6:tiles4;7:cpu7:tiles4
    run 3: OK GOPS=1.729574 time=1.241625667 threads=8 validation=0
      schedule: static chunk=0
      workers: 0:cpu0:tiles4;1:cpu1:tiles4;2:cpu2:tiles4;3:cpu3:tiles4;4:cpu4:tiles4;5:cpu5:tiles4;6:cpu6:tiles4;7:cpu7:tiles4
    run 4: OK GOPS=1.717331 time=1.250477206 threads=8 validation=0
      schedule: static chunk=0
      workers: 0:cpu0:tiles4;1:cpu1:tiles4;2:cpu2:tiles4;3:cpu3:tiles4;4:cpu4:tiles4;5:cpu5:tiles4;6:cpu6:tiles4;7:cpu7:tiles4
    run 5: OK GOPS=1.719418 time=1.248959668 threads=8 validation=0
      schedule: static chunk=0
      workers: 0:cpu0:tiles4;1:cpu1:tiles4;2:cpu2:tiles4;3:cpu3:tiles4;4:cpu4:tiles4;5:cpu5:tiles4;6:cpu6:tiles4;7:cpu7:tiles4
    run 6: OK GOPS=1.722056 time=1.247046500 threads=8 validation=0
      schedule: static chunk=0
      workers: 0:cpu0:tiles4;1:cpu1:tiles4;2:cpu2:tiles4;3:cpu3:tiles4;4:cpu4:tiles4;5:cpu5:tiles4;6:cpu6:tiles4;7:cpu7:tiles4
============================================================
KERNEL: igemm_kernel_8x4_zvl256b_lmul2_unroll8_i8i32
  MODE: K1 all-core RVV OpenMP baseline
  BASELINE: GEMM_RVV_FP32_INT8_8x4_Baseline
  FAMILY: RVV_IGEMM_INT8_I8I32_8x4
  PATH: INT8 RVV widening GEMM (INT8 x INT8 -> INT32)
  TILE: 8x4 ZVL=256b LMUL=2 UNROLL=8
  WORK: M=1024 N=1024 K=1024 tile_N=32 runs=6
  CORES: cores 0-7 execute RVV kernels
  INPUT_CONTRACT: CANONICAL_FULL_MATRIX
PRIMARY_SOURCE=/home/bananapi/MAT/kernels riscv rvv 1.0/FINAL/riscv-rvv-ime-gemm-microkernels-updated/GEMM_RVV_FP32_INT8_8x4_Baseline/RVV_IGEMM_INT8_I8I32_8x4/igemm_kernel_8x4_zvl256b_lmul2_unroll8/igemm_kernel_8x4_zvl256b_lmul2_unroll8_i8i32.c
    run 1: OK GOPS=1.688619 time=1.271739293 threads=8 validation=1
      schedule: static chunk=0
      workers: 0:cpu0:tiles4;1:cpu1:tiles4;2:cpu2:tiles4;3:cpu3:tiles4;4:cpu4:tiles4;5:cpu5:tiles4;6:cpu6:tiles4;7:cpu7:tiles4
    run 2: OK GOPS=1.677727 time=1.279995583 threads=8 validation=0
      schedule: static chunk=0
      workers: 0:cpu0:tiles4;1:cpu1:tiles4;2:cpu2:tiles4;3:cpu3:tiles4;4:cpu4:tiles4;5:cpu5:tiles4;6:cpu6:tiles4;7:cpu7:tiles4
    run 3: OK GOPS=1.683263 time=1.275786337 threads=8 validation=0
      schedule: static chunk=0
      workers: 0:cpu0:tiles4;1:cpu1:tiles4;2:cpu2:tiles4;3:cpu3:tiles4;4:cpu4:tiles4;5:cpu5:tiles4;6:cpu6:tiles4;7:cpu7:tiles4
    run 4: OK GOPS=1.688919 time=1.271513335 threads=8 validation=0
      schedule: static chunk=0
      workers: 0:cpu0:tiles4;1:cpu1:tiles4;2:cpu2:tiles4;3:cpu3:tiles4;4:cpu4:tiles4;5:cpu5:tiles4;6:cpu6:tiles4;7:cpu7:tiles4
    run 5: OK GOPS=1.669203 time=1.286532667 threads=8 validation=0
      schedule: static chunk=0
      workers: 0:cpu0:tiles4;1:cpu1:tiles4;2:cpu2:tiles4;3:cpu3:tiles4;4:cpu4:tiles4;5:cpu5:tiles4;6:cpu6:tiles4;7:cpu7:tiles4
    run 6: OK GOPS=1.690198 time=1.270551417 threads=8 validation=0
      schedule: static chunk=0
      workers: 0:cpu0:tiles4;1:cpu1:tiles4;2:cpu2:tiles4;3:cpu3:tiles4;4:cpu4:tiles4;5:cpu5:tiles4;6:cpu6:tiles4;7:cpu7:tiles4
============================================================
KERNEL: igemm_kernel_8x4_zvl256b_lmulmf2_unroll1_i8i32
  MODE: K1 all-core RVV OpenMP baseline
  BASELINE: GEMM_RVV_FP32_INT8_8x4_Baseline
  FAMILY: RVV_IGEMM_INT8_I8I32_8x4
  PATH: INT8 RVV widening GEMM (INT8 x INT8 -> INT32)
  TILE: 8x4 ZVL=256b LMUL=mf2 UNROLL=1
  WORK: M=1024 N=1024 K=1024 tile_N=32 runs=6
  CORES: cores 0-7 execute RVV kernels
  INPUT_CONTRACT: CANONICAL_FULL_MATRIX
PRIMARY_SOURCE=/home/bananapi/MAT/kernels riscv rvv 1.0/FINAL/riscv-rvv-ime-gemm-microkernels-updated/GEMM_RVV_FP32_INT8_8x4_Baseline/RVV_IGEMM_INT8_I8I32_8x4/igemm_kernel_8x4_zvl256b_lmulmf2_unroll1/igemm_kernel_8x4_zvl256b_lmulmf2_unroll1_i8i32.c
    run 1: OK GOPS=17.230412 time=0.124633335 threads=8 validation=1
      schedule: static chunk=0
      workers: 0:cpu0:tiles4;1:cpu1:tiles4;2:cpu2:tiles4;3:cpu3:tiles4;4:cpu4:tiles4;5:cpu5:tiles4;6:cpu6:tiles4;7:cpu7:tiles4
    run 2: OK GOPS=17.256627 time=0.124444000 threads=8 validation=0
      schedule: static chunk=0
      workers: 0:cpu0:tiles4;1:cpu1:tiles4;2:cpu2:tiles4;3:cpu3:tiles4;4:cpu4:tiles4;5:cpu5:tiles4;6:cpu6:tiles4;7:cpu7:tiles4
    run 3: OK GOPS=17.324255 time=0.123958208 threads=8 validation=0
      schedule: static chunk=0
      workers: 0:cpu0:tiles4;1:cpu1:tiles4;2:cpu2:tiles4;3:cpu3:tiles4;4:cpu4:tiles4;5:cpu5:tiles4;6:cpu6:tiles4;7:cpu7:tiles4
    run 4: OK GOPS=15.684451 time=0.136918001 threads=8 validation=0
      schedule: static chunk=0
      workers: 0:cpu0:tiles4;1:cpu1:tiles4;2:cpu2:tiles4;3:cpu3:tiles4;4:cpu4:tiles4;5:cpu5:tiles4;6:cpu6:tiles4;7:cpu7:tiles4
    run 5: OK GOPS=17.463003 time=0.122973334 threads=8 validation=0
      schedule: static chunk=0
      workers: 0:cpu0:tiles4;1:cpu1:tiles4;2:cpu2:tiles4;3:cpu3:tiles4;4:cpu4:tiles4;5:cpu5:tiles4;6:cpu6:tiles4;7:cpu7:tiles4
    run 6: OK GOPS=17.628352 time=0.121819876 threads=8 validation=0
      schedule: static chunk=0
      workers: 0:cpu0:tiles4;1:cpu1:tiles4;2:cpu2:tiles4;3:cpu3:tiles4;4:cpu4:tiles4;5:cpu5:tiles4;6:cpu6:tiles4;7:cpu7:tiles4
============================================================
KERNEL: igemm_kernel_8x4_zvl256b_lmulmf2_unroll2_i8i32
  MODE: K1 all-core RVV OpenMP baseline
  BASELINE: GEMM_RVV_FP32_INT8_8x4_Baseline
  FAMILY: RVV_IGEMM_INT8_I8I32_8x4
  PATH: INT8 RVV widening GEMM (INT8 x INT8 -> INT32)
  TILE: 8x4 ZVL=256b LMUL=mf2 UNROLL=2
  WORK: M=1024 N=1024 K=1024 tile_N=32 runs=6
  CORES: cores 0-7 execute RVV kernels
  INPUT_CONTRACT: CANONICAL_FULL_MATRIX
PRIMARY_SOURCE=/home/bananapi/MAT/kernels riscv rvv 1.0/FINAL/riscv-rvv-ime-gemm-microkernels-updated/GEMM_RVV_FP32_INT8_8x4_Baseline/RVV_IGEMM_INT8_I8I32_8x4/igemm_kernel_8x4_zvl256b_lmulmf2_unroll2/igemm_kernel_8x4_zvl256b_lmulmf2_unroll2_i8i32.c
    run 1: OK GOPS=17.618053 time=0.121891085 threads=8 validation=1
      schedule: static chunk=0
      workers: 0:cpu0:tiles4;1:cpu1:tiles4;2:cpu2:tiles4;3:cpu3:tiles4;4:cpu4:tiles4;5:cpu5:tiles4;6:cpu6:tiles4;7:cpu7:tiles4
    run 2: OK GOPS=18.041091 time=0.119032916 threads=8 validation=0
      schedule: static chunk=0
      workers: 0:cpu0:tiles4;1:cpu1:tiles4;2:cpu2:tiles4;3:cpu3:tiles4;4:cpu4:tiles4;5:cpu5:tiles4;6:cpu6:tiles4;7:cpu7:tiles4
    run 3: OK GOPS=17.920419 time=0.119834457 threads=8 validation=0
      schedule: static chunk=0
      workers: 0:cpu0:tiles4;1:cpu1:tiles4;2:cpu2:tiles4;3:cpu3:tiles4;4:cpu4:tiles4;5:cpu5:tiles4;6:cpu6:tiles4;7:cpu7:tiles4
    run 4: OK GOPS=18.100954 time=0.118639249 threads=8 validation=0
      schedule: static chunk=0
      workers: 0:cpu0:tiles4;1:cpu1:tiles4;2:cpu2:tiles4;3:cpu3:tiles4;4:cpu4:tiles4;5:cpu5:tiles4;6:cpu6:tiles4;7:cpu7:tiles4
    run 5: OK GOPS=17.896846 time=0.119992293 threads=8 validation=0
      schedule: static chunk=0
      workers: 0:cpu0:tiles4;1:cpu1:tiles4;2:cpu2:tiles4;3:cpu3:tiles4;4:cpu4:tiles4;5:cpu5:tiles4;6:cpu6:tiles4;7:cpu7:tiles4
    run 6: OK GOPS=17.977470 time=0.119454164 threads=8 validation=0
      schedule: static chunk=0
      workers: 0:cpu0:tiles4;1:cpu1:tiles4;2:cpu2:tiles4;3:cpu3:tiles4;4:cpu4:tiles4;5:cpu5:tiles4;6:cpu6:tiles4;7:cpu7:tiles4
============================================================
KERNEL: igemm_kernel_8x4_zvl256b_lmulmf2_unroll4_i8i32
  MODE: K1 all-core RVV OpenMP baseline
  BASELINE: GEMM_RVV_FP32_INT8_8x4_Baseline
  FAMILY: RVV_IGEMM_INT8_I8I32_8x4
  PATH: INT8 RVV widening GEMM (INT8 x INT8 -> INT32)
  TILE: 8x4 ZVL=256b LMUL=mf2 UNROLL=4
  WORK: M=1024 N=1024 K=1024 tile_N=32 runs=6
  CORES: cores 0-7 execute RVV kernels
  INPUT_CONTRACT: CANONICAL_FULL_MATRIX
PRIMARY_SOURCE=/home/bananapi/MAT/kernels riscv rvv 1.0/FINAL/riscv-rvv-ime-gemm-microkernels-updated/GEMM_RVV_FP32_INT8_8x4_Baseline/RVV_IGEMM_INT8_I8I32_8x4/igemm_kernel_8x4_zvl256b_lmulmf2_unroll4/igemm_kernel_8x4_zvl256b_lmulmf2_unroll4_i8i32.c
    run 1: OK GOPS=17.804837 time=0.120612375 threads=8 validation=1
      schedule: static chunk=0
      workers: 0:cpu0:tiles4;1:cpu1:tiles4;2:cpu2:tiles4;3:cpu3:tiles4;4:cpu4:tiles4;5:cpu5:tiles4;6:cpu6:tiles4;7:cpu7:tiles4
    run 2: OK GOPS=17.984477 time=0.119407624 threads=8 validation=0
      schedule: static chunk=0
      workers: 0:cpu0:tiles4;1:cpu1:tiles4;2:cpu2:tiles4;3:cpu3:tiles4;4:cpu4:tiles4;5:cpu5:tiles4;6:cpu6:tiles4;7:cpu7:tiles4
    run 3: OK GOPS=17.828765 time=0.120450500 threads=8 validation=0
      schedule: static chunk=0
      workers: 0:cpu0:tiles4;1:cpu1:tiles4;2:cpu2:tiles4;3:cpu3:tiles4;4:cpu4:tiles4;5:cpu5:tiles4;6:cpu6:tiles4;7:cpu7:tiles4
    run 4: OK GOPS=17.567814 time=0.122239664 threads=8 validation=0
      schedule: static chunk=0
      workers: 0:cpu0:tiles4;1:cpu1:tiles4;2:cpu2:tiles4;3:cpu3:tiles4;4:cpu4:tiles4;5:cpu5:tiles4;6:cpu6:tiles4;7:cpu7:tiles4
    run 5: OK GOPS=18.038136 time=0.119052418 threads=8 validation=0
      schedule: static chunk=0
      workers: 0:cpu0:tiles4;1:cpu1:tiles4;2:cpu2:tiles4;3:cpu3:tiles4;4:cpu4:tiles4;5:cpu5:tiles4;6:cpu6:tiles4;7:cpu7:tiles4
    run 6: OK GOPS=17.845952 time=0.120334499 threads=8 validation=0
      schedule: static chunk=0
      workers: 0:cpu0:tiles4;1:cpu1:tiles4;2:cpu2:tiles4;3:cpu3:tiles4;4:cpu4:tiles4;5:cpu5:tiles4;6:cpu6:tiles4;7:cpu7:tiles4
============================================================
KERNEL: igemm_kernel_8x4_zvl256b_lmulmf2_unroll8_i8i32
  MODE: K1 all-core RVV OpenMP baseline
  BASELINE: GEMM_RVV_FP32_INT8_8x4_Baseline
  FAMILY: RVV_IGEMM_INT8_I8I32_8x4
  PATH: INT8 RVV widening GEMM (INT8 x INT8 -> INT32)
  TILE: 8x4 ZVL=256b LMUL=mf2 UNROLL=8
  WORK: M=1024 N=1024 K=1024 tile_N=32 runs=6
  CORES: cores 0-7 execute RVV kernels
  INPUT_CONTRACT: CANONICAL_FULL_MATRIX
PRIMARY_SOURCE=/home/bananapi/MAT/kernels riscv rvv 1.0/FINAL/riscv-rvv-ime-gemm-microkernels-updated/GEMM_RVV_FP32_INT8_8x4_Baseline/RVV_IGEMM_INT8_I8I32_8x4/igemm_kernel_8x4_zvl256b_lmulmf2_unroll8/igemm_kernel_8x4_zvl256b_lmulmf2_unroll8_i8i32.c
    run 1: OK GOPS=17.309727 time=0.124062248 threads=8 validation=1
      schedule: static chunk=0
      workers: 0:cpu0:tiles4;1:cpu1:tiles4;2:cpu2:tiles4;3:cpu3:tiles4;4:cpu4:tiles4;5:cpu5:tiles4;6:cpu6:tiles4;7:cpu7:tiles4
    run 2: OK GOPS=18.208954 time=0.117935583 threads=8 validation=0
      schedule: static chunk=0
      workers: 0:cpu0:tiles4;1:cpu1:tiles4;2:cpu2:tiles4;3:cpu3:tiles4;4:cpu4:tiles4;5:cpu5:tiles4;6:cpu6:tiles4;7:cpu7:tiles4
    run 3: OK GOPS=17.819008 time=0.120516457 threads=8 validation=0
      schedule: static chunk=0
      workers: 0:cpu0:tiles4;1:cpu1:tiles4;2:cpu2:tiles4;3:cpu3:tiles4;4:cpu4:tiles4;5:cpu5:tiles4;6:cpu6:tiles4;7:cpu7:tiles4
    run 4: OK GOPS=17.296528 time=0.124156918 threads=8 validation=0
      schedule: static chunk=0
      workers: 0:cpu0:tiles4;1:cpu1:tiles4;2:cpu2:tiles4;3:cpu3:tiles4;4:cpu4:tiles4;5:cpu5:tiles4;6:cpu6:tiles4;7:cpu7:tiles4
    run 5: OK GOPS=17.461654 time=0.122982834 threads=8 validation=0
      schedule: static chunk=0
      workers: 0:cpu0:tiles4;1:cpu1:tiles4;2:cpu2:tiles4;3:cpu3:tiles4;4:cpu4:tiles4;5:cpu5:tiles4;6:cpu6:tiles4;7:cpu7:tiles4
    run 6: OK GOPS=17.827322 time=0.120460249 threads=8 validation=0
      schedule: static chunk=0
      workers: 0:cpu0:tiles4;1:cpu1:tiles4;2:cpu2:tiles4;3:cpu3:tiles4;4:cpu4:tiles4;5:cpu5:tiles4;6:cpu6:tiles4;7:cpu7:tiles4
============================================================
KERNEL: igemm_kernel_8x4_zvl256b_lmulmf4_unroll1_i8i32
  MODE: K1 all-core RVV OpenMP baseline
  BASELINE: GEMM_RVV_FP32_INT8_8x4_Baseline
  FAMILY: RVV_IGEMM_INT8_I8I32_8x4
  PATH: INT8 RVV widening GEMM (INT8 x INT8 -> INT32)
  TILE: 8x4 ZVL=256b LMUL=mf4 UNROLL=1
  WORK: M=1024 N=1024 K=1024 tile_N=32 runs=6
  CORES: cores 0-7 execute RVV kernels
  INPUT_CONTRACT: CANONICAL_FULL_MATRIX
PRIMARY_SOURCE=/home/bananapi/MAT/kernels riscv rvv 1.0/FINAL/riscv-rvv-ime-gemm-microkernels-updated/GEMM_RVV_FP32_INT8_8x4_Baseline/RVV_IGEMM_INT8_I8I32_8x4/igemm_kernel_8x4_zvl256b_lmulmf4_unroll1/igemm_kernel_8x4_zvl256b_lmulmf4_unroll1_i8i32.c
    run 1: OK GOPS=21.117753 time=0.101690918 threads=8 validation=1
      schedule: static chunk=0
      workers: 0:cpu0:tiles4;1:cpu1:tiles4;2:cpu2:tiles4;3:cpu3:tiles4;4:cpu4:tiles4;5:cpu5:tiles4;6:cpu6:tiles4;7:cpu7:tiles4
    run 2: OK GOPS=21.771951 time=0.098635335 threads=8 validation=0
      schedule: static chunk=0
      workers: 0:cpu0:tiles4;1:cpu1:tiles4;2:cpu2:tiles4;3:cpu3:tiles4;4:cpu4:tiles4;5:cpu5:tiles4;6:cpu6:tiles4;7:cpu7:tiles4
    run 3: OK GOPS=20.589406 time=0.104300417 threads=8 validation=0
      schedule: static chunk=0
      workers: 0:cpu0:tiles4;1:cpu1:tiles4;2:cpu2:tiles4;3:cpu3:tiles4;4:cpu4:tiles4;5:cpu5:tiles4;6:cpu6:tiles4;7:cpu7:tiles4
    run 4: OK GOPS=21.425762 time=0.100229044 threads=8 validation=0
      schedule: static chunk=0
      workers: 0:cpu0:tiles4;1:cpu1:tiles4;2:cpu2:tiles4;3:cpu3:tiles4;4:cpu4:tiles4;5:cpu5:tiles4;6:cpu6:tiles4;7:cpu7:tiles4
    run 5: OK GOPS=21.041762 time=0.102058165 threads=8 validation=0
      schedule: static chunk=0
      workers: 0:cpu0:tiles4;1:cpu1:tiles4;2:cpu2:tiles4;3:cpu3:tiles4;4:cpu4:tiles4;5:cpu5:tiles4;6:cpu6:tiles4;7:cpu7:tiles4
    run 6: OK GOPS=21.514441 time=0.099815916 threads=8 validation=0
      schedule: static chunk=0
      workers: 0:cpu0:tiles4;1:cpu1:tiles4;2:cpu2:tiles4;3:cpu3:tiles4;4:cpu4:tiles4;5:cpu5:tiles4;6:cpu6:tiles4;7:cpu7:tiles4
============================================================
KERNEL: igemm_kernel_8x4_zvl256b_lmulmf4_unroll2_i8i32
  MODE: K1 all-core RVV OpenMP baseline
  BASELINE: GEMM_RVV_FP32_INT8_8x4_Baseline
  FAMILY: RVV_IGEMM_INT8_I8I32_8x4
  PATH: INT8 RVV widening GEMM (INT8 x INT8 -> INT32)
  TILE: 8x4 ZVL=256b LMUL=mf4 UNROLL=2
  WORK: M=1024 N=1024 K=1024 tile_N=32 runs=6
  CORES: cores 0-7 execute RVV kernels
  INPUT_CONTRACT: CANONICAL_FULL_MATRIX
PRIMARY_SOURCE=/home/bananapi/MAT/kernels riscv rvv 1.0/FINAL/riscv-rvv-ime-gemm-microkernels-updated/GEMM_RVV_FP32_INT8_8x4_Baseline/RVV_IGEMM_INT8_I8I32_8x4/igemm_kernel_8x4_zvl256b_lmulmf4_unroll2/igemm_kernel_8x4_zvl256b_lmulmf4_unroll2_i8i32.c
    run 1: OK GOPS=22.087252 time=0.097227290 threads=8 validation=1
      schedule: static chunk=0
      workers: 0:cpu0:tiles4;1:cpu1:tiles4;2:cpu2:tiles4;3:cpu3:tiles4;4:cpu4:tiles4;5:cpu5:tiles4;6:cpu6:tiles4;7:cpu7:tiles4
    run 2: OK GOPS=22.514775 time=0.095381085 threads=8 validation=0
      schedule: static chunk=0
      workers: 0:cpu0:tiles4;1:cpu1:tiles4;2:cpu2:tiles4;3:cpu3:tiles4;4:cpu4:tiles4;5:cpu5:tiles4;6:cpu6:tiles4;7:cpu7:tiles4
    run 3: OK GOPS=22.150644 time=0.096949041 threads=8 validation=0
      schedule: static chunk=0
      workers: 0:cpu0:tiles4;1:cpu1:tiles4;2:cpu2:tiles4;3:cpu3:tiles4;4:cpu4:tiles4;5:cpu5:tiles4;6:cpu6:tiles4;7:cpu7:tiles4
    run 4: OK GOPS=21.969611 time=0.097747914 threads=8 validation=0
      schedule: static chunk=0
      workers: 0:cpu0:tiles4;1:cpu1:tiles4;2:cpu2:tiles4;3:cpu3:tiles4;4:cpu4:tiles4;5:cpu5:tiles4;6:cpu6:tiles4;7:cpu7:tiles4
    run 5: OK GOPS=21.879015 time=0.098152667 threads=8 validation=0
      schedule: static chunk=0
      workers: 0:cpu0:tiles4;1:cpu1:tiles4;2:cpu2:tiles4;3:cpu3:tiles4;4:cpu4:tiles4;5:cpu5:tiles4;6:cpu6:tiles4;7:cpu7:tiles4
    run 6: OK GOPS=22.931095 time=0.093649417 threads=8 validation=0
      schedule: static chunk=0
      workers: 0:cpu0:tiles4;1:cpu1:tiles4;2:cpu2:tiles4;3:cpu3:tiles4;4:cpu4:tiles4;5:cpu5:tiles4;6:cpu6:tiles4;7:cpu7:tiles4
============================================================
KERNEL: igemm_kernel_8x4_zvl256b_lmulmf4_unroll4_i8i32
  MODE: K1 all-core RVV OpenMP baseline
  BASELINE: GEMM_RVV_FP32_INT8_8x4_Baseline
  FAMILY: RVV_IGEMM_INT8_I8I32_8x4
  PATH: INT8 RVV widening GEMM (INT8 x INT8 -> INT32)
  TILE: 8x4 ZVL=256b LMUL=mf4 UNROLL=4
  WORK: M=1024 N=1024 K=1024 tile_N=32 runs=6
  CORES: cores 0-7 execute RVV kernels
  INPUT_CONTRACT: CANONICAL_FULL_MATRIX
PRIMARY_SOURCE=/home/bananapi/MAT/kernels riscv rvv 1.0/FINAL/riscv-rvv-ime-gemm-microkernels-updated/GEMM_RVV_FP32_INT8_8x4_Baseline/RVV_IGEMM_INT8_I8I32_8x4/igemm_kernel_8x4_zvl256b_lmulmf4_unroll4/igemm_kernel_8x4_zvl256b_lmulmf4_unroll4_i8i32.c
    run 1: OK GOPS=22.012313 time=0.097558293 threads=8 validation=1
      schedule: static chunk=0
      workers: 0:cpu0:tiles4;1:cpu1:tiles4;2:cpu2:tiles4;3:cpu3:tiles4;4:cpu4:tiles4;5:cpu5:tiles4;6:cpu6:tiles4;7:cpu7:tiles4
    run 2: OK GOPS=22.161168 time=0.096903000 threads=8 validation=0
      schedule: static chunk=0
      workers: 0:cpu0:tiles4;1:cpu1:tiles4;2:cpu2:tiles4;3:cpu3:tiles4;4:cpu4:tiles4;5:cpu5:tiles4;6:cpu6:tiles4;7:cpu7:tiles4
    run 3: OK GOPS=22.170787 time=0.096860956 threads=8 validation=0
      schedule: static chunk=0
      workers: 0:cpu0:tiles4;1:cpu1:tiles4;2:cpu2:tiles4;3:cpu3:tiles4;4:cpu4:tiles4;5:cpu5:tiles4;6:cpu6:tiles4;7:cpu7:tiles4
    run 4: OK GOPS=22.110229 time=0.097126249 threads=8 validation=0
      schedule: static chunk=0
      workers: 0:cpu0:tiles4;1:cpu1:tiles4;2:cpu2:tiles4;3:cpu3:tiles4;4:cpu4:tiles4;5:cpu5:tiles4;6:cpu6:tiles4;7:cpu7:tiles4
    run 5: OK GOPS=22.384428 time=0.095936500 threads=8 validation=0
      schedule: static chunk=0
      workers: 0:cpu0:tiles4;1:cpu1:tiles4;2:cpu2:tiles4;3:cpu3:tiles4;4:cpu4:tiles4;5:cpu5:tiles4;6:cpu6:tiles4;7:cpu7:tiles4
    run 6: OK GOPS=22.259531 time=0.096474793 threads=8 validation=0
      schedule: static chunk=0
      workers: 0:cpu0:tiles4;1:cpu1:tiles4;2:cpu2:tiles4;3:cpu3:tiles4;4:cpu4:tiles4;5:cpu5:tiles4;6:cpu6:tiles4;7:cpu7:tiles4
============================================================
KERNEL: igemm_kernel_8x4_zvl256b_lmulmf4_unroll8_i8i32
  MODE: K1 all-core RVV OpenMP baseline
  BASELINE: GEMM_RVV_FP32_INT8_8x4_Baseline
  FAMILY: RVV_IGEMM_INT8_I8I32_8x4
  PATH: INT8 RVV widening GEMM (INT8 x INT8 -> INT32)
  TILE: 8x4 ZVL=256b LMUL=mf4 UNROLL=8
  WORK: M=1024 N=1024 K=1024 tile_N=32 runs=6
  CORES: cores 0-7 execute RVV kernels
  INPUT_CONTRACT: CANONICAL_FULL_MATRIX
PRIMARY_SOURCE=/home/bananapi/MAT/kernels riscv rvv 1.0/FINAL/riscv-rvv-ime-gemm-microkernels-updated/GEMM_RVV_FP32_INT8_8x4_Baseline/RVV_IGEMM_INT8_I8I32_8x4/igemm_kernel_8x4_zvl256b_lmulmf4_unroll8/igemm_kernel_8x4_zvl256b_lmulmf4_unroll8_i8i32.c
    run 1: OK GOPS=21.289212 time=0.100871917 threads=8 validation=1
      schedule: static chunk=0
      workers: 0:cpu0:tiles4;1:cpu1:tiles4;2:cpu2:tiles4;3:cpu3:tiles4;4:cpu4:tiles4;5:cpu5:tiles4;6:cpu6:tiles4;7:cpu7:tiles4
    run 2: OK GOPS=21.454178 time=0.100096293 threads=8 validation=0
      schedule: static chunk=0
      workers: 0:cpu0:tiles4;1:cpu1:tiles4;2:cpu2:tiles4;3:cpu3:tiles4;4:cpu4:tiles4;5:cpu5:tiles4;6:cpu6:tiles4;7:cpu7:tiles4
    run 3: OK GOPS=22.058495 time=0.097354043 threads=8 validation=0
      schedule: static chunk=0
      workers: 0:cpu0:tiles4;1:cpu1:tiles4;2:cpu2:tiles4;3:cpu3:tiles4;4:cpu4:tiles4;5:cpu5:tiles4;6:cpu6:tiles4;7:cpu7:tiles4
    run 4: OK GOPS=23.141818 time=0.092796668 threads=8 validation=0
      schedule: static chunk=0
      workers: 0:cpu0:tiles4;1:cpu1:tiles4;2:cpu2:tiles4;3:cpu3:tiles4;4:cpu4:tiles4;5:cpu5:tiles4;6:cpu6:tiles4;7:cpu7:tiles4
    run 5: OK GOPS=21.822819 time=0.098405417 threads=8 validation=0
      schedule: static chunk=0
      workers: 0:cpu0:tiles4;1:cpu1:tiles4;2:cpu2:tiles4;3:cpu3:tiles4;4:cpu4:tiles4;5:cpu5:tiles4;6:cpu6:tiles4;7:cpu7:tiles4
    run 6: OK GOPS=22.085359 time=0.097235624 threads=8 validation=0
      schedule: static chunk=0
      workers: 0:cpu0:tiles4;1:cpu1:tiles4;2:cpu2:tiles4;3:cpu3:tiles4;4:cpu4:tiles4;5:cpu5:tiles4;6:cpu6:tiles4;7:cpu7:tiles4
============================================================
KERNEL: igemm_kernel_8x4_zvl256b_lmulmf8_unroll1_i8i32
  MODE: K1 all-core RVV OpenMP baseline
  BASELINE: GEMM_RVV_FP32_INT8_8x4_Baseline
  FAMILY: RVV_IGEMM_INT8_I8I32_8x4
  PATH: INT8 RVV widening GEMM (INT8 x INT8 -> INT32)
  TILE: 8x4 ZVL=256b LMUL=mf8 UNROLL=1
  WORK: M=1024 N=1024 K=1024 tile_N=32 runs=6
  CORES: cores 0-7 execute RVV kernels
  INPUT_CONTRACT: CANONICAL_FULL_MATRIX
PRIMARY_SOURCE=/home/bananapi/MAT/kernels riscv rvv 1.0/FINAL/riscv-rvv-ime-gemm-microkernels-updated/GEMM_RVV_FP32_INT8_8x4_Baseline/RVV_IGEMM_INT8_I8I32_8x4/igemm_kernel_8x4_zvl256b_lmulmf8_unroll1/igemm_kernel_8x4_zvl256b_lmulmf8_unroll1_i8i32.c
    run 1: OK GOPS=22.347845 time=0.096093543 threads=8 validation=1
      schedule: static chunk=0
      workers: 0:cpu0:tiles4;1:cpu1:tiles4;2:cpu2:tiles4;3:cpu3:tiles4;4:cpu4:tiles4;5:cpu5:tiles4;6:cpu6:tiles4;7:cpu7:tiles4
    run 2: OK GOPS=23.022084 time=0.093279291 threads=8 validation=0
      schedule: static chunk=0
      workers: 0:cpu0:tiles4;1:cpu1:tiles4;2:cpu2:tiles4;3:cpu3:tiles4;4:cpu4:tiles4;5:cpu5:tiles4;6:cpu6:tiles4;7:cpu7:tiles4
    run 3: OK GOPS=21.977189 time=0.097714208 threads=8 validation=0
      schedule: static chunk=0
      workers: 0:cpu0:tiles4;1:cpu1:tiles4;2:cpu2:tiles4;3:cpu3:tiles4;4:cpu4:tiles4;5:cpu5:tiles4;6:cpu6:tiles4;7:cpu7:tiles4
    run 4: OK GOPS=21.947345 time=0.097847082 threads=8 validation=0
      schedule: static chunk=0
      workers: 0:cpu0:tiles4;1:cpu1:tiles4;2:cpu2:tiles4;3:cpu3:tiles4;4:cpu4:tiles4;5:cpu5:tiles4;6:cpu6:tiles4;7:cpu7:tiles4
    run 5: OK GOPS=16.051667 time=0.133785710 threads=8 validation=0
      schedule: static chunk=0
      workers: 0:cpu0:tiles4;1:cpu1:tiles4;2:cpu2:tiles4;3:cpu3:tiles4;4:cpu4:tiles4;5:cpu5:tiles4;6:cpu6:tiles4;7:cpu7:tiles4
    run 6: OK GOPS=18.163425 time=0.118231207 threads=8 validation=0
      schedule: static chunk=0
      workers: 0:cpu0:tiles4;1:cpu1:tiles4;2:cpu2:tiles4;3:cpu3:tiles4;4:cpu4:tiles4;5:cpu5:tiles4;6:cpu6:tiles4;7:cpu7:tiles4
============================================================
KERNEL: igemm_kernel_8x4_zvl256b_lmulmf8_unroll2_i8i32
  MODE: K1 all-core RVV OpenMP baseline
  BASELINE: GEMM_RVV_FP32_INT8_8x4_Baseline
  FAMILY: RVV_IGEMM_INT8_I8I32_8x4
  PATH: INT8 RVV widening GEMM (INT8 x INT8 -> INT32)
  TILE: 8x4 ZVL=256b LMUL=mf8 UNROLL=2
  WORK: M=1024 N=1024 K=1024 tile_N=32 runs=6
  CORES: cores 0-7 execute RVV kernels
  INPUT_CONTRACT: CANONICAL_FULL_MATRIX
PRIMARY_SOURCE=/home/bananapi/MAT/kernels riscv rvv 1.0/FINAL/riscv-rvv-ime-gemm-microkernels-updated/GEMM_RVV_FP32_INT8_8x4_Baseline/RVV_IGEMM_INT8_I8I32_8x4/igemm_kernel_8x4_zvl256b_lmulmf8_unroll2/igemm_kernel_8x4_zvl256b_lmulmf8_unroll2_i8i32.c
    run 1: OK GOPS=23.122953 time=0.092872377 threads=8 validation=1
      schedule: static chunk=0
      workers: 0:cpu0:tiles4;1:cpu1:tiles4;2:cpu2:tiles4;3:cpu3:tiles4;4:cpu4:tiles4;5:cpu5:tiles4;6:cpu6:tiles4;7:cpu7:tiles4
    run 2: OK GOPS=22.825820 time=0.094081335 threads=8 validation=0
      schedule: static chunk=0
      workers: 0:cpu0:tiles4;1:cpu1:tiles4;2:cpu2:tiles4;3:cpu3:tiles4;4:cpu4:tiles4;5:cpu5:tiles4;6:cpu6:tiles4;7:cpu7:tiles4
    run 3: OK GOPS=22.503176 time=0.095430247 threads=8 validation=0
      schedule: static chunk=0
      workers: 0:cpu0:tiles4;1:cpu1:tiles4;2:cpu2:tiles4;3:cpu3:tiles4;4:cpu4:tiles4;5:cpu5:tiles4;6:cpu6:tiles4;7:cpu7:tiles4
    run 4: OK GOPS=23.325364 time=0.092066459 threads=8 validation=0
      schedule: static chunk=0
      workers: 0:cpu0:tiles4;1:cpu1:tiles4;2:cpu2:tiles4;3:cpu3:tiles4;4:cpu4:tiles4;5:cpu5:tiles4;6:cpu6:tiles4;7:cpu7:tiles4
    run 5: OK GOPS=22.990689 time=0.093406666 threads=8 validation=0
      schedule: static chunk=0
      workers: 0:cpu0:tiles4;1:cpu1:tiles4;2:cpu2:tiles4;3:cpu3:tiles4;4:cpu4:tiles4;5:cpu5:tiles4;6:cpu6:tiles4;7:cpu7:tiles4
    run 6: OK GOPS=23.562504 time=0.091139875 threads=8 validation=0
      schedule: static chunk=0
      workers: 0:cpu0:tiles4;1:cpu1:tiles4;2:cpu2:tiles4;3:cpu3:tiles4;4:cpu4:tiles4;5:cpu5:tiles4;6:cpu6:tiles4;7:cpu7:tiles4
============================================================
KERNEL: igemm_kernel_8x4_zvl256b_lmulmf8_unroll4_i8i32
  MODE: K1 all-core RVV OpenMP baseline
  BASELINE: GEMM_RVV_FP32_INT8_8x4_Baseline
  FAMILY: RVV_IGEMM_INT8_I8I32_8x4
  PATH: INT8 RVV widening GEMM (INT8 x INT8 -> INT32)
  TILE: 8x4 ZVL=256b LMUL=mf8 UNROLL=4
  WORK: M=1024 N=1024 K=1024 tile_N=32 runs=6
  CORES: cores 0-7 execute RVV kernels
  INPUT_CONTRACT: CANONICAL_FULL_MATRIX
PRIMARY_SOURCE=/home/bananapi/MAT/kernels riscv rvv 1.0/FINAL/riscv-rvv-ime-gemm-microkernels-updated/GEMM_RVV_FP32_INT8_8x4_Baseline/RVV_IGEMM_INT8_I8I32_8x4/igemm_kernel_8x4_zvl256b_lmulmf8_unroll4/igemm_kernel_8x4_zvl256b_lmulmf8_unroll4_i8i32.c
    run 1: OK GOPS=22.230018 time=0.096602876 threads=8 validation=1
      schedule: static chunk=0
      workers: 0:cpu0:tiles4;1:cpu1:tiles4;2:cpu2:tiles4;3:cpu3:tiles4;4:cpu4:tiles4;5:cpu5:tiles4;6:cpu6:tiles4;7:cpu7:tiles4
    run 2: OK GOPS=21.177609 time=0.101403501 threads=8 validation=0
      schedule: static chunk=0
      workers: 0:cpu0:tiles4;1:cpu1:tiles4;2:cpu2:tiles4;3:cpu3:tiles4;4:cpu4:tiles4;5:cpu5:tiles4;6:cpu6:tiles4;7:cpu7:tiles4
    run 3: OK GOPS=19.390561 time=0.110748917 threads=8 validation=0
      schedule: static chunk=0
      workers: 0:cpu0:tiles4;1:cpu1:tiles4;2:cpu2:tiles4;3:cpu3:tiles4;4:cpu4:tiles4;5:cpu5:tiles4;6:cpu6:tiles4;7:cpu7:tiles4
    run 4: OK GOPS=23.604083 time=0.090979330 threads=8 validation=0
      schedule: static chunk=0
      workers: 0:cpu0:tiles4;1:cpu1:tiles4;2:cpu2:tiles4;3:cpu3:tiles4;4:cpu4:tiles4;5:cpu5:tiles4;6:cpu6:tiles4;7:cpu7:tiles4
    run 5: OK GOPS=23.133956 time=0.092828207 threads=8 validation=0
      schedule: static chunk=0
      workers: 0:cpu0:tiles4;1:cpu1:tiles4;2:cpu2:tiles4;3:cpu3:tiles4;4:cpu4:tiles4;5:cpu5:tiles4;6:cpu6:tiles4;7:cpu7:tiles4
    run 6: OK GOPS=22.880825 time=0.093855165 threads=8 validation=0
      schedule: static chunk=0
      workers: 0:cpu0:tiles4;1:cpu1:tiles4;2:cpu2:tiles4;3:cpu3:tiles4;4:cpu4:tiles4;5:cpu5:tiles4;6:cpu6:tiles4;7:cpu7:tiles4
============================================================
KERNEL: igemm_kernel_8x4_zvl256b_lmulmf8_unroll8_i8i32
  MODE: K1 all-core RVV OpenMP baseline
  BASELINE: GEMM_RVV_FP32_INT8_8x4_Baseline
  FAMILY: RVV_IGEMM_INT8_I8I32_8x4
  PATH: INT8 RVV widening GEMM (INT8 x INT8 -> INT32)
  TILE: 8x4 ZVL=256b LMUL=mf8 UNROLL=8
  WORK: M=1024 N=1024 K=1024 tile_N=32 runs=6
  CORES: cores 0-7 execute RVV kernels
  INPUT_CONTRACT: CANONICAL_FULL_MATRIX
PRIMARY_SOURCE=/home/bananapi/MAT/kernels riscv rvv 1.0/FINAL/riscv-rvv-ime-gemm-microkernels-updated/GEMM_RVV_FP32_INT8_8x4_Baseline/RVV_IGEMM_INT8_I8I32_8x4/igemm_kernel_8x4_zvl256b_lmulmf8_unroll8/igemm_kernel_8x4_zvl256b_lmulmf8_unroll8_i8i32.c
    run 1: OK GOPS=19.623468 time=0.109434459 threads=8 validation=1
      schedule: static chunk=0
      workers: 0:cpu0:tiles4;1:cpu1:tiles4;2:cpu2:tiles4;3:cpu3:tiles4;4:cpu4:tiles4;5:cpu5:tiles4;6:cpu6:tiles4;7:cpu7:tiles4
    run 2: OK GOPS=22.904680 time=0.093757417 threads=8 validation=0
      schedule: static chunk=0
      workers: 0:cpu0:tiles4;1:cpu1:tiles4;2:cpu2:tiles4;3:cpu3:tiles4;4:cpu4:tiles4;5:cpu5:tiles4;6:cpu6:tiles4;7:cpu7:tiles4
    run 3: OK GOPS=22.919633 time=0.093696248 threads=8 validation=0
      schedule: static chunk=0
      workers: 0:cpu0:tiles4;1:cpu1:tiles4;2:cpu2:tiles4;3:cpu3:tiles4;4:cpu4:tiles4;5:cpu5:tiles4;6:cpu6:tiles4;7:cpu7:tiles4
    run 4: OK GOPS=22.907867 time=0.093744375 threads=8 validation=0
      schedule: static chunk=0
      workers: 0:cpu0:tiles4;1:cpu1:tiles4;2:cpu2:tiles4;3:cpu3:tiles4;4:cpu4:tiles4;5:cpu5:tiles4;6:cpu6:tiles4;7:cpu7:tiles4
    run 5: OK GOPS=19.688529 time=0.109072834 threads=8 validation=0
      schedule: static chunk=0
      workers: 0:cpu0:tiles4;1:cpu1:tiles4;2:cpu2:tiles4;3:cpu3:tiles4;4:cpu4:tiles4;5:cpu5:tiles4;6:cpu6:tiles4;7:cpu7:tiles4
    run 6: OK GOPS=22.626884 time=0.094908502 threads=8 validation=0
      schedule: static chunk=0
      workers: 0:cpu0:tiles4;1:cpu1:tiles4;2:cpu2:tiles4;3:cpu3:tiles4;4:cpu4:tiles4;5:cpu5:tiles4;6:cpu6:tiles4;7:cpu7:tiles4
============================================================
KERNEL: sgemm_kernel_8x4_zvl256b_lmul1_unroll1
  MODE: K1 all-core RVV OpenMP baseline
  BASELINE: GEMM_RVV_FP32_INT8_8x4_Baseline
  FAMILY: RVV_SGEMM_FP32_8x4
  PATH: FP32 RVV vector GEMM
  TILE: 8x4 ZVL=256b LMUL=1 UNROLL=1
  WORK: M=1024 N=1024 K=1024 tile_N=32 runs=6
  CORES: cores 0-7 execute RVV kernels
  INPUT_CONTRACT: CANONICAL_FULL_MATRIX
PRIMARY_SOURCE=/home/bananapi/MAT/kernels riscv rvv 1.0/FINAL/riscv-rvv-ime-gemm-microkernels-updated/GEMM_RVV_FP32_INT8_8x4_Baseline/RVV_SGEMM_FP32_8x4/sgemm_kernel_8x4_zvl256b_lmul1_unroll1/sgemm_kernel_8x4_zvl256b_lmul1_unroll1.c
    run 1: NUMERICAL_FAILED GFLOPS=0.000000 time=0.322750501 threads=8 validation=1
      schedule: static chunk=0
      workers: 0:cpu0:tiles4;1:cpu1:tiles4;2:cpu2:tiles4;3:cpu3:tiles4;4:cpu4:tiles4;5:cpu5:tiles4;6:cpu6:tiles4;7:cpu7:tiles4
    validation gate stopped remaining runs for sgemm_kernel_8x4_zvl256b_lmul1_unroll1
============================================================
KERNEL: sgemm_kernel_8x4_zvl256b_lmul1_unroll2
  MODE: K1 all-core RVV OpenMP baseline
  BASELINE: GEMM_RVV_FP32_INT8_8x4_Baseline
  FAMILY: RVV_SGEMM_FP32_8x4
  PATH: FP32 RVV vector GEMM
  TILE: 8x4 ZVL=256b LMUL=1 UNROLL=2
  WORK: M=1024 N=1024 K=1024 tile_N=32 runs=6
  CORES: cores 0-7 execute RVV kernels
  INPUT_CONTRACT: CANONICAL_FULL_MATRIX
PRIMARY_SOURCE=/home/bananapi/MAT/kernels riscv rvv 1.0/FINAL/riscv-rvv-ime-gemm-microkernels-updated/GEMM_RVV_FP32_INT8_8x4_Baseline/RVV_SGEMM_FP32_8x4/sgemm_kernel_8x4_zvl256b_lmul1_unroll2/sgemm_kernel_8x4_zvl256b_lmul1_unroll2.c
    run 1: NUMERICAL_FAILED GFLOPS=0.000000 time=0.330785960 threads=8 validation=1
      schedule: static chunk=0
      workers: 0:cpu0:tiles4;1:cpu1:tiles4;2:cpu2:tiles4;3:cpu3:tiles4;4:cpu4:tiles4;5:cpu5:tiles4;6:cpu6:tiles4;7:cpu7:tiles4
    validation gate stopped remaining runs for sgemm_kernel_8x4_zvl256b_lmul1_unroll2
============================================================
KERNEL: sgemm_kernel_8x4_zvl256b_lmul1_unroll4
  MODE: K1 all-core RVV OpenMP baseline
  BASELINE: GEMM_RVV_FP32_INT8_8x4_Baseline
  FAMILY: RVV_SGEMM_FP32_8x4
  PATH: FP32 RVV vector GEMM
  TILE: 8x4 ZVL=256b LMUL=1 UNROLL=4
  WORK: M=1024 N=1024 K=1024 tile_N=32 runs=6
  CORES: cores 0-7 execute RVV kernels
  INPUT_CONTRACT: CANONICAL_FULL_MATRIX
PRIMARY_SOURCE=/home/bananapi/MAT/kernels riscv rvv 1.0/FINAL/riscv-rvv-ime-gemm-microkernels-updated/GEMM_RVV_FP32_INT8_8x4_Baseline/RVV_SGEMM_FP32_8x4/sgemm_kernel_8x4_zvl256b_lmul1_unroll4/sgemm_kernel_8x4_zvl256b_lmul1_unroll4.c
    run 1: NUMERICAL_FAILED GFLOPS=0.000000 time=0.327780794 threads=8 validation=1
      schedule: static chunk=0
      workers: 0:cpu0:tiles4;1:cpu1:tiles4;2:cpu2:tiles4;3:cpu3:tiles4;4:cpu4:tiles4;5:cpu5:tiles4;6:cpu6:tiles4;7:cpu7:tiles4
    validation gate stopped remaining runs for sgemm_kernel_8x4_zvl256b_lmul1_unroll4
============================================================
KERNEL: sgemm_kernel_8x4_zvl256b_lmul1_unroll8
  MODE: K1 all-core RVV OpenMP baseline
  BASELINE: GEMM_RVV_FP32_INT8_8x4_Baseline
  FAMILY: RVV_SGEMM_FP32_8x4
  PATH: FP32 RVV vector GEMM
  TILE: 8x4 ZVL=256b LMUL=1 UNROLL=8
  WORK: M=1024 N=1024 K=1024 tile_N=32 runs=6
  CORES: cores 0-7 execute RVV kernels
  INPUT_CONTRACT: CANONICAL_FULL_MATRIX
PRIMARY_SOURCE=/home/bananapi/MAT/kernels riscv rvv 1.0/FINAL/riscv-rvv-ime-gemm-microkernels-updated/GEMM_RVV_FP32_INT8_8x4_Baseline/RVV_SGEMM_FP32_8x4/sgemm_kernel_8x4_zvl256b_lmul1_unroll8/sgemm_kernel_8x4_zvl256b_lmul1_unroll8.c
    run 1: NUMERICAL_FAILED GFLOPS=0.000000 time=0.333538499 threads=8 validation=1
      schedule: static chunk=0
      workers: 0:cpu0:tiles4;1:cpu1:tiles4;2:cpu2:tiles4;3:cpu3:tiles4;4:cpu4:tiles4;5:cpu5:tiles4;6:cpu6:tiles4;7:cpu7:tiles4
    validation gate stopped remaining runs for sgemm_kernel_8x4_zvl256b_lmul1_unroll8
============================================================
KERNEL: sgemm_kernel_8x4_zvl256b_lmul2_unroll1
  MODE: K1 all-core RVV OpenMP baseline
  BASELINE: GEMM_RVV_FP32_INT8_8x4_Baseline
  FAMILY: RVV_SGEMM_FP32_8x4
  PATH: FP32 RVV vector GEMM
  TILE: 8x4 ZVL=256b LMUL=2 UNROLL=1
  WORK: M=1024 N=1024 K=1024 tile_N=32 runs=6
  CORES: cores 0-7 execute RVV kernels
  INPUT_CONTRACT: CANONICAL_FULL_MATRIX
PRIMARY_SOURCE=/home/bananapi/MAT/kernels riscv rvv 1.0/FINAL/riscv-rvv-ime-gemm-microkernels-updated/GEMM_RVV_FP32_INT8_8x4_Baseline/RVV_SGEMM_FP32_8x4/sgemm_kernel_8x4_zvl256b_lmul2_unroll1/sgemm_kernel_8x4_zvl256b_lmul2_unroll1.c
    run 1: NUMERICAL_FAILED GFLOPS=0.000000 time=0.335919291 threads=8 validation=1
      schedule: static chunk=0
      workers: 0:cpu0:tiles4;1:cpu1:tiles4;2:cpu2:tiles4;3:cpu3:tiles4;4:cpu4:tiles4;5:cpu5:tiles4;6:cpu6:tiles4;7:cpu7:tiles4
    validation gate stopped remaining runs for sgemm_kernel_8x4_zvl256b_lmul2_unroll1
============================================================
KERNEL: sgemm_kernel_8x4_zvl256b_lmul2_unroll2
  MODE: K1 all-core RVV OpenMP baseline
  BASELINE: GEMM_RVV_FP32_INT8_8x4_Baseline
  FAMILY: RVV_SGEMM_FP32_8x4
  PATH: FP32 RVV vector GEMM
  TILE: 8x4 ZVL=256b LMUL=2 UNROLL=2
  WORK: M=1024 N=1024 K=1024 tile_N=32 runs=6
  CORES: cores 0-7 execute RVV kernels
  INPUT_CONTRACT: CANONICAL_FULL_MATRIX
PRIMARY_SOURCE=/home/bananapi/MAT/kernels riscv rvv 1.0/FINAL/riscv-rvv-ime-gemm-microkernels-updated/GEMM_RVV_FP32_INT8_8x4_Baseline/RVV_SGEMM_FP32_8x4/sgemm_kernel_8x4_zvl256b_lmul2_unroll2/sgemm_kernel_8x4_zvl256b_lmul2_unroll2.c
    run 1: NUMERICAL_FAILED GFLOPS=0.000000 time=0.341764625 threads=8 validation=1
      schedule: static chunk=0
      workers: 0:cpu0:tiles4;1:cpu1:tiles4;2:cpu2:tiles4;3:cpu3:tiles4;4:cpu4:tiles4;5:cpu5:tiles4;6:cpu6:tiles4;7:cpu7:tiles4
    validation gate stopped remaining runs for sgemm_kernel_8x4_zvl256b_lmul2_unroll2
============================================================
KERNEL: sgemm_kernel_8x4_zvl256b_lmul2_unroll4
  MODE: K1 all-core RVV OpenMP baseline
  BASELINE: GEMM_RVV_FP32_INT8_8x4_Baseline
  FAMILY: RVV_SGEMM_FP32_8x4
  PATH: FP32 RVV vector GEMM
  TILE: 8x4 ZVL=256b LMUL=2 UNROLL=4
  WORK: M=1024 N=1024 K=1024 tile_N=32 runs=6
  CORES: cores 0-7 execute RVV kernels
  INPUT_CONTRACT: CANONICAL_FULL_MATRIX
PRIMARY_SOURCE=/home/bananapi/MAT/kernels riscv rvv 1.0/FINAL/riscv-rvv-ime-gemm-microkernels-updated/GEMM_RVV_FP32_INT8_8x4_Baseline/RVV_SGEMM_FP32_8x4/sgemm_kernel_8x4_zvl256b_lmul2_unroll4/sgemm_kernel_8x4_zvl256b_lmul2_unroll4.c
    run 1: NUMERICAL_FAILED GFLOPS=0.000000 time=0.330495499 threads=8 validation=1
      schedule: static chunk=0
      workers: 0:cpu0:tiles4;1:cpu1:tiles4;2:cpu2:tiles4;3:cpu3:tiles4;4:cpu4:tiles4;5:cpu5:tiles4;6:cpu6:tiles4;7:cpu7:tiles4
    validation gate stopped remaining runs for sgemm_kernel_8x4_zvl256b_lmul2_unroll4
============================================================
KERNEL: sgemm_kernel_8x4_zvl256b_lmul2_unroll8
  MODE: K1 all-core RVV OpenMP baseline
  BASELINE: GEMM_RVV_FP32_INT8_8x4_Baseline
  FAMILY: RVV_SGEMM_FP32_8x4
  PATH: FP32 RVV vector GEMM
  TILE: 8x4 ZVL=256b LMUL=2 UNROLL=8
  WORK: M=1024 N=1024 K=1024 tile_N=32 runs=6
  CORES: cores 0-7 execute RVV kernels
  INPUT_CONTRACT: CANONICAL_FULL_MATRIX
PRIMARY_SOURCE=/home/bananapi/MAT/kernels riscv rvv 1.0/FINAL/riscv-rvv-ime-gemm-microkernels-updated/GEMM_RVV_FP32_INT8_8x4_Baseline/RVV_SGEMM_FP32_8x4/sgemm_kernel_8x4_zvl256b_lmul2_unroll8/sgemm_kernel_8x4_zvl256b_lmul2_unroll8.c
    run 1: NUMERICAL_FAILED GFLOPS=0.000000 time=0.343321335 threads=8 validation=1
      schedule: static chunk=0
      workers: 0:cpu0:tiles4;1:cpu1:tiles4;2:cpu2:tiles4;3:cpu3:tiles4;4:cpu4:tiles4;5:cpu5:tiles4;6:cpu6:tiles4;7:cpu7:tiles4
    validation gate stopped remaining runs for sgemm_kernel_8x4_zvl256b_lmul2_unroll8
============================================================
KERNEL: sgemm_kernel_8x4_zvl256b_lmul4_unroll1
  MODE: K1 all-core RVV OpenMP baseline
  BASELINE: GEMM_RVV_FP32_INT8_8x4_Baseline
  FAMILY: RVV_SGEMM_FP32_8x4
  PATH: FP32 RVV vector GEMM
  TILE: 8x4 ZVL=256b LMUL=4 UNROLL=1
  WORK: M=1024 N=1024 K=1024 tile_N=32 runs=6
  CORES: cores 0-7 execute RVV kernels
  INPUT_CONTRACT: CANONICAL_FULL_MATRIX
PRIMARY_SOURCE=/home/bananapi/MAT/kernels riscv rvv 1.0/FINAL/riscv-rvv-ime-gemm-microkernels-updated/GEMM_RVV_FP32_INT8_8x4_Baseline/RVV_SGEMM_FP32_8x4/sgemm_kernel_8x4_zvl256b_lmul4_unroll1/sgemm_kernel_8x4_zvl256b_lmul4_unroll1.c
    run 1: NUMERICAL_FAILED GFLOPS=0.000000 time=0.655211210 threads=8 validation=1
      schedule: static chunk=0
      workers: 0:cpu0:tiles4;1:cpu1:tiles4;2:cpu2:tiles4;3:cpu3:tiles4;4:cpu4:tiles4;5:cpu5:tiles4;6:cpu6:tiles4;7:cpu7:tiles4
    validation gate stopped remaining runs for sgemm_kernel_8x4_zvl256b_lmul4_unroll1
============================================================
KERNEL: sgemm_kernel_8x4_zvl256b_lmul4_unroll2
  MODE: K1 all-core RVV OpenMP baseline
  BASELINE: GEMM_RVV_FP32_INT8_8x4_Baseline
  FAMILY: RVV_SGEMM_FP32_8x4
  PATH: FP32 RVV vector GEMM
  TILE: 8x4 ZVL=256b LMUL=4 UNROLL=2
  WORK: M=1024 N=1024 K=1024 tile_N=32 runs=6
  CORES: cores 0-7 execute RVV kernels
  INPUT_CONTRACT: CANONICAL_FULL_MATRIX
PRIMARY_SOURCE=/home/bananapi/MAT/kernels riscv rvv 1.0/FINAL/riscv-rvv-ime-gemm-microkernels-updated/GEMM_RVV_FP32_INT8_8x4_Baseline/RVV_SGEMM_FP32_8x4/sgemm_kernel_8x4_zvl256b_lmul4_unroll2/sgemm_kernel_8x4_zvl256b_lmul4_unroll2.c
    run 1: NUMERICAL_FAILED GFLOPS=0.000000 time=0.550466083 threads=8 validation=1
      schedule: static chunk=0
      workers: 0:cpu0:tiles4;1:cpu1:tiles4;2:cpu2:tiles4;3:cpu3:tiles4;4:cpu4:tiles4;5:cpu5:tiles4;6:cpu6:tiles4;7:cpu7:tiles4
    validation gate stopped remaining runs for sgemm_kernel_8x4_zvl256b_lmul4_unroll2
============================================================
KERNEL: sgemm_kernel_8x4_zvl256b_lmul4_unroll4
  MODE: K1 all-core RVV OpenMP baseline
  BASELINE: GEMM_RVV_FP32_INT8_8x4_Baseline
  FAMILY: RVV_SGEMM_FP32_8x4
  PATH: FP32 RVV vector GEMM
  TILE: 8x4 ZVL=256b LMUL=4 UNROLL=4
  WORK: M=1024 N=1024 K=1024 tile_N=32 runs=6
  CORES: cores 0-7 execute RVV kernels
  INPUT_CONTRACT: CANONICAL_FULL_MATRIX
PRIMARY_SOURCE=/home/bananapi/MAT/kernels riscv rvv 1.0/FINAL/riscv-rvv-ime-gemm-microkernels-updated/GEMM_RVV_FP32_INT8_8x4_Baseline/RVV_SGEMM_FP32_8x4/sgemm_kernel_8x4_zvl256b_lmul4_unroll4/sgemm_kernel_8x4_zvl256b_lmul4_unroll4.c
    run 1: NUMERICAL_FAILED GFLOPS=0.000000 time=0.645965122 threads=8 validation=1
      schedule: static chunk=0
      workers: 0:cpu0:tiles4;1:cpu1:tiles4;2:cpu2:tiles4;3:cpu3:tiles4;4:cpu4:tiles4;5:cpu5:tiles4;6:cpu6:tiles4;7:cpu7:tiles4
    validation gate stopped remaining runs for sgemm_kernel_8x4_zvl256b_lmul4_unroll4
============================================================
KERNEL: sgemm_kernel_8x4_zvl256b_lmul4_unroll8
  MODE: K1 all-core RVV OpenMP baseline
  BASELINE: GEMM_RVV_FP32_INT8_8x4_Baseline
  FAMILY: RVV_SGEMM_FP32_8x4
  PATH: FP32 RVV vector GEMM
  TILE: 8x4 ZVL=256b LMUL=4 UNROLL=8
  WORK: M=1024 N=1024 K=1024 tile_N=32 runs=6
  CORES: cores 0-7 execute RVV kernels
  INPUT_CONTRACT: CANONICAL_FULL_MATRIX
PRIMARY_SOURCE=/home/bananapi/MAT/kernels riscv rvv 1.0/FINAL/riscv-rvv-ime-gemm-microkernels-updated/GEMM_RVV_FP32_INT8_8x4_Baseline/RVV_SGEMM_FP32_8x4/sgemm_kernel_8x4_zvl256b_lmul4_unroll8/sgemm_kernel_8x4_zvl256b_lmul4_unroll8.c
    run 1: NUMERICAL_FAILED GFLOPS=0.000000 time=0.625388626 threads=8 validation=1
      schedule: static chunk=0
      workers: 0:cpu0:tiles4;1:cpu1:tiles4;2:cpu2:tiles4;3:cpu3:tiles4;4:cpu4:tiles4;5:cpu5:tiles4;6:cpu6:tiles4;7:cpu7:tiles4
    validation gate stopped remaining runs for sgemm_kernel_8x4_zvl256b_lmul4_unroll8
============================================================
KERNEL: sgemm_kernel_8x4_zvl256b_lmul8_unroll1
  MODE: K1 all-core RVV OpenMP baseline
  BASELINE: GEMM_RVV_FP32_INT8_8x4_Baseline
  FAMILY: RVV_SGEMM_FP32_8x4
  PATH: FP32 RVV vector GEMM
  TILE: 8x4 ZVL=256b LMUL=8 UNROLL=1
  WORK: M=1024 N=1024 K=1024 tile_N=32 runs=6
  CORES: cores 0-7 execute RVV kernels
  INPUT_CONTRACT: CANONICAL_FULL_MATRIX
PRIMARY_SOURCE=/home/bananapi/MAT/kernels riscv rvv 1.0/FINAL/riscv-rvv-ime-gemm-microkernels-updated/GEMM_RVV_FP32_INT8_8x4_Baseline/RVV_SGEMM_FP32_8x4/sgemm_kernel_8x4_zvl256b_lmul8_unroll1/sgemm_kernel_8x4_zvl256b_lmul8_unroll1.c
    run 1: NUMERICAL_FAILED GFLOPS=0.000000 time=1.210696790 threads=8 validation=1
      schedule: static chunk=0
      workers: 0:cpu0:tiles4;1:cpu1:tiles4;2:cpu2:tiles4;3:cpu3:tiles4;4:cpu4:tiles4;5:cpu5:tiles4;6:cpu6:tiles4;7:cpu7:tiles4
    validation gate stopped remaining runs for sgemm_kernel_8x4_zvl256b_lmul8_unroll1
============================================================
KERNEL: sgemm_kernel_8x4_zvl256b_lmul8_unroll2
  MODE: K1 all-core RVV OpenMP baseline
  BASELINE: GEMM_RVV_FP32_INT8_8x4_Baseline
  FAMILY: RVV_SGEMM_FP32_8x4
  PATH: FP32 RVV vector GEMM
  TILE: 8x4 ZVL=256b LMUL=8 UNROLL=2
  WORK: M=1024 N=1024 K=1024 tile_N=32 runs=6
  CORES: cores 0-7 execute RVV kernels
  INPUT_CONTRACT: CANONICAL_FULL_MATRIX
PRIMARY_SOURCE=/home/bananapi/MAT/kernels riscv rvv 1.0/FINAL/riscv-rvv-ime-gemm-microkernels-updated/GEMM_RVV_FP32_INT8_8x4_Baseline/RVV_SGEMM_FP32_8x4/sgemm_kernel_8x4_zvl256b_lmul8_unroll2/sgemm_kernel_8x4_zvl256b_lmul8_unroll2.c
    run 1: NUMERICAL_FAILED GFLOPS=0.000000 time=1.220412001 threads=8 validation=1
      schedule: static chunk=0
      workers: 0:cpu0:tiles4;1:cpu1:tiles4;2:cpu2:tiles4;3:cpu3:tiles4;4:cpu4:tiles4;5:cpu5:tiles4;6:cpu6:tiles4;7:cpu7:tiles4
    validation gate stopped remaining runs for sgemm_kernel_8x4_zvl256b_lmul8_unroll2
============================================================
KERNEL: sgemm_kernel_8x4_zvl256b_lmul8_unroll4
  MODE: K1 all-core RVV OpenMP baseline
  BASELINE: GEMM_RVV_FP32_INT8_8x4_Baseline
  FAMILY: RVV_SGEMM_FP32_8x4
  PATH: FP32 RVV vector GEMM
  TILE: 8x4 ZVL=256b LMUL=8 UNROLL=4
  WORK: M=1024 N=1024 K=1024 tile_N=32 runs=6
  CORES: cores 0-7 execute RVV kernels
  INPUT_CONTRACT: CANONICAL_FULL_MATRIX
PRIMARY_SOURCE=/home/bananapi/MAT/kernels riscv rvv 1.0/FINAL/riscv-rvv-ime-gemm-microkernels-updated/GEMM_RVV_FP32_INT8_8x4_Baseline/RVV_SGEMM_FP32_8x4/sgemm_kernel_8x4_zvl256b_lmul8_unroll4/sgemm_kernel_8x4_zvl256b_lmul8_unroll4.c
    run 1: NUMERICAL_FAILED GFLOPS=0.000000 time=1.249557208 threads=8 validation=1
      schedule: static chunk=0
      workers: 0:cpu0:tiles4;1:cpu1:tiles4;2:cpu2:tiles4;3:cpu3:tiles4;4:cpu4:tiles4;5:cpu5:tiles4;6:cpu6:tiles4;7:cpu7:tiles4
    validation gate stopped remaining runs for sgemm_kernel_8x4_zvl256b_lmul8_unroll4
============================================================
KERNEL: sgemm_kernel_8x4_zvl256b_lmul8_unroll8
  MODE: K1 all-core RVV OpenMP baseline
  BASELINE: GEMM_RVV_FP32_INT8_8x4_Baseline
  FAMILY: RVV_SGEMM_FP32_8x4
  PATH: FP32 RVV vector GEMM
  TILE: 8x4 ZVL=256b LMUL=8 UNROLL=8
  WORK: M=1024 N=1024 K=1024 tile_N=32 runs=6
  CORES: cores 0-7 execute RVV kernels
  INPUT_CONTRACT: CANONICAL_FULL_MATRIX
PRIMARY_SOURCE=/home/bananapi/MAT/kernels riscv rvv 1.0/FINAL/riscv-rvv-ime-gemm-microkernels-updated/GEMM_RVV_FP32_INT8_8x4_Baseline/RVV_SGEMM_FP32_8x4/sgemm_kernel_8x4_zvl256b_lmul8_unroll8/sgemm_kernel_8x4_zvl256b_lmul8_unroll8.c
    run 1: NUMERICAL_FAILED GFLOPS=0.000000 time=1.243314043 threads=8 validation=1
      schedule: static chunk=0
      workers: 0:cpu0:tiles4;1:cpu1:tiles4;2:cpu2:tiles4;3:cpu3:tiles4;4:cpu4:tiles4;5:cpu5:tiles4;6:cpu6:tiles4;7:cpu7:tiles4
    validation gate stopped remaining runs for sgemm_kernel_8x4_zvl256b_lmul8_unroll8
============================================================
KERNEL: sgemm_kernel_8x4_zvl256b_lmulmf2_unroll1
  MODE: K1 all-core RVV OpenMP baseline
  BASELINE: GEMM_RVV_FP32_INT8_8x4_Baseline
  FAMILY: RVV_SGEMM_FP32_8x4
  PATH: FP32 RVV vector GEMM
  TILE: 8x4 ZVL=256b LMUL=mf2 UNROLL=1
  WORK: M=1024 N=1024 K=1024 tile_N=32 runs=6
  CORES: cores 0-7 execute RVV kernels
  INPUT_CONTRACT: CANONICAL_FULL_MATRIX
PRIMARY_SOURCE=/home/bananapi/MAT/kernels riscv rvv 1.0/FINAL/riscv-rvv-ime-gemm-microkernels-updated/GEMM_RVV_FP32_INT8_8x4_Baseline/RVV_SGEMM_FP32_8x4/sgemm_kernel_8x4_zvl256b_lmulmf2_unroll1/sgemm_kernel_8x4_zvl256b_lmulmf2_unroll1.c
    run 1: NUMERICAL_FAILED GFLOPS=0.000000 time=0.331060208 threads=8 validation=1
      schedule: static chunk=0
      workers: 0:cpu0:tiles4;1:cpu1:tiles4;2:cpu2:tiles4;3:cpu3:tiles4;4:cpu4:tiles4;5:cpu5:tiles4;6:cpu6:tiles4;7:cpu7:tiles4
    validation gate stopped remaining runs for sgemm_kernel_8x4_zvl256b_lmulmf2_unroll1
============================================================
KERNEL: sgemm_kernel_8x4_zvl256b_lmulmf2_unroll2
  MODE: K1 all-core RVV OpenMP baseline
  BASELINE: GEMM_RVV_FP32_INT8_8x4_Baseline
  FAMILY: RVV_SGEMM_FP32_8x4
  PATH: FP32 RVV vector GEMM
  TILE: 8x4 ZVL=256b LMUL=mf2 UNROLL=2
  WORK: M=1024 N=1024 K=1024 tile_N=32 runs=6
  CORES: cores 0-7 execute RVV kernels
  INPUT_CONTRACT: CANONICAL_FULL_MATRIX
PRIMARY_SOURCE=/home/bananapi/MAT/kernels riscv rvv 1.0/FINAL/riscv-rvv-ime-gemm-microkernels-updated/GEMM_RVV_FP32_INT8_8x4_Baseline/RVV_SGEMM_FP32_8x4/sgemm_kernel_8x4_zvl256b_lmulmf2_unroll2/sgemm_kernel_8x4_zvl256b_lmulmf2_unroll2.c
    run 1: NUMERICAL_FAILED GFLOPS=0.000000 time=0.335581958 threads=8 validation=1
      schedule: static chunk=0
      workers: 0:cpu0:tiles4;1:cpu1:tiles4;2:cpu2:tiles4;3:cpu3:tiles4;4:cpu4:tiles4;5:cpu5:tiles4;6:cpu6:tiles4;7:cpu7:tiles4
    validation gate stopped remaining runs for sgemm_kernel_8x4_zvl256b_lmulmf2_unroll2
============================================================
KERNEL: sgemm_kernel_8x4_zvl256b_lmulmf2_unroll4
  MODE: K1 all-core RVV OpenMP baseline
  BASELINE: GEMM_RVV_FP32_INT8_8x4_Baseline
  FAMILY: RVV_SGEMM_FP32_8x4
  PATH: FP32 RVV vector GEMM
  TILE: 8x4 ZVL=256b LMUL=mf2 UNROLL=4
  WORK: M=1024 N=1024 K=1024 tile_N=32 runs=6
  CORES: cores 0-7 execute RVV kernels
  INPUT_CONTRACT: CANONICAL_FULL_MATRIX
PRIMARY_SOURCE=/home/bananapi/MAT/kernels riscv rvv 1.0/FINAL/riscv-rvv-ime-gemm-microkernels-updated/GEMM_RVV_FP32_INT8_8x4_Baseline/RVV_SGEMM_FP32_8x4/sgemm_kernel_8x4_zvl256b_lmulmf2_unroll4/sgemm_kernel_8x4_zvl256b_lmulmf2_unroll4.c
    run 1: NUMERICAL_FAILED GFLOPS=0.000000 time=0.325259417 threads=8 validation=1
      schedule: static chunk=0
      workers: 0:cpu0:tiles4;1:cpu1:tiles4;2:cpu2:tiles4;3:cpu3:tiles4;4:cpu4:tiles4;5:cpu5:tiles4;6:cpu6:tiles4;7:cpu7:tiles4
    validation gate stopped remaining runs for sgemm_kernel_8x4_zvl256b_lmulmf2_unroll4
============================================================
KERNEL: sgemm_kernel_8x4_zvl256b_lmulmf2_unroll8
  MODE: K1 all-core RVV OpenMP baseline
  BASELINE: GEMM_RVV_FP32_INT8_8x4_Baseline
  FAMILY: RVV_SGEMM_FP32_8x4
  PATH: FP32 RVV vector GEMM
  TILE: 8x4 ZVL=256b LMUL=mf2 UNROLL=8
  WORK: M=1024 N=1024 K=1024 tile_N=32 runs=6
  CORES: cores 0-7 execute RVV kernels
  INPUT_CONTRACT: CANONICAL_FULL_MATRIX
PRIMARY_SOURCE=/home/bananapi/MAT/kernels riscv rvv 1.0/FINAL/riscv-rvv-ime-gemm-microkernels-updated/GEMM_RVV_FP32_INT8_8x4_Baseline/RVV_SGEMM_FP32_8x4/sgemm_kernel_8x4_zvl256b_lmulmf2_unroll8/sgemm_kernel_8x4_zvl256b_lmulmf2_unroll8.c
    run 1: NUMERICAL_FAILED GFLOPS=0.000000 time=0.327890541 threads=8 validation=1
      schedule: static chunk=0
      workers: 0:cpu0:tiles4;1:cpu1:tiles4;2:cpu2:tiles4;3:cpu3:tiles4;4:cpu4:tiles4;5:cpu5:tiles4;6:cpu6:tiles4;7:cpu7:tiles4
    validation gate stopped remaining runs for sgemm_kernel_8x4_zvl256b_lmulmf2_unroll8
============================================================
KERNEL: igemm_kernel_8x8_zvl256b_lmul1_unroll1_i8i32
  MODE: K1 all-core RVV OpenMP baseline
  BASELINE: GEMM_RVV_FP32_INT8_8x8_Baseline
  FAMILY: RVV_IGEMM_INT8_I8I32_8x8
  PATH: INT8 RVV widening GEMM (INT8 x INT8 -> INT32)
  TILE: 8x8 ZVL=256b LMUL=1 UNROLL=1
  WORK: M=1024 N=1024 K=1024 tile_N=32 runs=6
  CORES: cores 0-7 execute RVV kernels
  INPUT_CONTRACT: CANONICAL_FULL_MATRIX
PRIMARY_SOURCE=/home/bananapi/MAT/kernels riscv rvv 1.0/FINAL/riscv-rvv-ime-gemm-microkernels-updated/GEMM_RVV_FP32_INT8_8x8_Baseline/RVV_IGEMM_INT8_I8I32_8x8/igemm_kernel_8x8_zvl256b_lmul1_unroll1/igemm_kernel_8x8_zvl256b_lmul1_unroll1_i8i32.c
    run 1: OK GOPS=12.372052 time=0.173575375 threads=8 validation=1
      schedule: static chunk=0
      workers: 0:cpu0:tiles4;1:cpu1:tiles4;2:cpu2:tiles4;3:cpu3:tiles4;4:cpu4:tiles4;5:cpu5:tiles4;6:cpu6:tiles4;7:cpu7:tiles4
    run 2: OK GOPS=12.295135 time=0.174661249 threads=8 validation=0
      schedule: static chunk=0
      workers: 0:cpu0:tiles4;1:cpu1:tiles4;2:cpu2:tiles4;3:cpu3:tiles4;4:cpu4:tiles4;5:cpu5:tiles4;6:cpu6:tiles4;7:cpu7:tiles4
    run 3: OK GOPS=12.329386 time=0.174176041 threads=8 validation=0
      schedule: static chunk=0
      workers: 0:cpu0:tiles4;1:cpu1:tiles4;2:cpu2:tiles4;3:cpu3:tiles4;4:cpu4:tiles4;5:cpu5:tiles4;6:cpu6:tiles4;7:cpu7:tiles4
    run 4: OK GOPS=12.458106 time=0.172376413 threads=8 validation=0
      schedule: static chunk=0
      workers: 0:cpu0:tiles4;1:cpu1:tiles4;2:cpu2:tiles4;3:cpu3:tiles4;4:cpu4:tiles4;5:cpu5:tiles4;6:cpu6:tiles4;7:cpu7:tiles4
    run 5: OK GOPS=12.173164 time=0.176411293 threads=8 validation=0
      schedule: static chunk=0
      workers: 0:cpu0:tiles4;1:cpu1:tiles4;2:cpu2:tiles4;3:cpu3:tiles4;4:cpu4:tiles4;5:cpu5:tiles4;6:cpu6:tiles4;7:cpu7:tiles4
    run 6: OK GOPS=12.168902 time=0.176473081 threads=8 validation=0
      schedule: static chunk=0
      workers: 0:cpu0:tiles4;1:cpu1:tiles4;2:cpu2:tiles4;3:cpu3:tiles4;4:cpu4:tiles4;5:cpu5:tiles4;6:cpu6:tiles4;7:cpu7:tiles4
============================================================
KERNEL: igemm_kernel_8x8_zvl256b_lmul1_unroll2_i8i32
  MODE: K1 all-core RVV OpenMP baseline
  BASELINE: GEMM_RVV_FP32_INT8_8x8_Baseline
  FAMILY: RVV_IGEMM_INT8_I8I32_8x8
  PATH: INT8 RVV widening GEMM (INT8 x INT8 -> INT32)
  TILE: 8x8 ZVL=256b LMUL=1 UNROLL=2
  WORK: M=1024 N=1024 K=1024 tile_N=32 runs=6
  CORES: cores 0-7 execute RVV kernels
  INPUT_CONTRACT: CANONICAL_FULL_MATRIX
PRIMARY_SOURCE=/home/bananapi/MAT/kernels riscv rvv 1.0/FINAL/riscv-rvv-ime-gemm-microkernels-updated/GEMM_RVV_FP32_INT8_8x8_Baseline/RVV_IGEMM_INT8_I8I32_8x8/igemm_kernel_8x8_zvl256b_lmul1_unroll2/igemm_kernel_8x8_zvl256b_lmul1_unroll2_i8i32.c
    run 1: OK GOPS=11.190700 time=0.191898961 threads=8 validation=1
      schedule: static chunk=0
      workers: 0:cpu0:tiles4;1:cpu1:tiles4;2:cpu2:tiles4;3:cpu3:tiles4;4:cpu4:tiles4;5:cpu5:tiles4;6:cpu6:tiles4;7:cpu7:tiles4
    run 2: OK GOPS=11.326786 time=0.189593375 threads=8 validation=0
      schedule: static chunk=0
      workers: 0:cpu0:tiles4;1:cpu1:tiles4;2:cpu2:tiles4;3:cpu3:tiles4;4:cpu4:tiles4;5:cpu5:tiles4;6:cpu6:tiles4;7:cpu7:tiles4
    run 3: OK GOPS=11.222736 time=0.191351168 threads=8 validation=0
      schedule: static chunk=0
      workers: 0:cpu0:tiles4;1:cpu1:tiles4;2:cpu2:tiles4;3:cpu3:tiles4;4:cpu4:tiles4;5:cpu5:tiles4;6:cpu6:tiles4;7:cpu7:tiles4
    run 4: OK GOPS=11.018446 time=0.194898959 threads=8 validation=0
      schedule: static chunk=0
      workers: 0:cpu0:tiles4;1:cpu1:tiles4;2:cpu2:tiles4;3:cpu3:tiles4;4:cpu4:tiles4;5:cpu5:tiles4;6:cpu6:tiles4;7:cpu7:tiles4
    run 5: OK GOPS=11.099531 time=0.193475168 threads=8 validation=0
      schedule: static chunk=0
      workers: 0:cpu0:tiles4;1:cpu1:tiles4;2:cpu2:tiles4;3:cpu3:tiles4;4:cpu4:tiles4;5:cpu5:tiles4;6:cpu6:tiles4;7:cpu7:tiles4
    run 6: OK GOPS=11.105554 time=0.193370249 threads=8 validation=0
      schedule: static chunk=0
      workers: 0:cpu0:tiles4;1:cpu1:tiles4;2:cpu2:tiles4;3:cpu3:tiles4;4:cpu4:tiles4;5:cpu5:tiles4;6:cpu6:tiles4;7:cpu7:tiles4
============================================================
KERNEL: igemm_kernel_8x8_zvl256b_lmul1_unroll4_i8i32
  MODE: K1 all-core RVV OpenMP baseline
  BASELINE: GEMM_RVV_FP32_INT8_8x8_Baseline
  FAMILY: RVV_IGEMM_INT8_I8I32_8x8
  PATH: INT8 RVV widening GEMM (INT8 x INT8 -> INT32)
  TILE: 8x8 ZVL=256b LMUL=1 UNROLL=4
  WORK: M=1024 N=1024 K=1024 tile_N=32 runs=6
  CORES: cores 0-7 execute RVV kernels
  INPUT_CONTRACT: CANONICAL_FULL_MATRIX
PRIMARY_SOURCE=/home/bananapi/MAT/kernels riscv rvv 1.0/FINAL/riscv-rvv-ime-gemm-microkernels-updated/GEMM_RVV_FP32_INT8_8x8_Baseline/RVV_IGEMM_INT8_I8I32_8x8/igemm_kernel_8x8_zvl256b_lmul1_unroll4/igemm_kernel_8x8_zvl256b_lmul1_unroll4_i8i32.c
    run 1: OK GOPS=10.877633 time=0.197421961 threads=8 validation=1
      schedule: static chunk=0
      workers: 0:cpu0:tiles4;1:cpu1:tiles4;2:cpu2:tiles4;3:cpu3:tiles4;4:cpu4:tiles4;5:cpu5:tiles4;6:cpu6:tiles4;7:cpu7:tiles4
    run 2: OK GOPS=11.119424 time=0.193129044 threads=8 validation=0
      schedule: static chunk=0
      workers: 0:cpu0:tiles4;1:cpu1:tiles4;2:cpu2:tiles4;3:cpu3:tiles4;4:cpu4:tiles4;5:cpu5:tiles4;6:cpu6:tiles4;7:cpu7:tiles4
    run 3: OK GOPS=10.676936 time=0.201132961 threads=8 validation=0
      schedule: static chunk=0
      workers: 0:cpu0:tiles4;1:cpu1:tiles4;2:cpu2:tiles4;3:cpu3:tiles4;4:cpu4:tiles4;5:cpu5:tiles4;6:cpu6:tiles4;7:cpu7:tiles4
    run 4: OK GOPS=10.976030 time=0.195652124 threads=8 validation=0
      schedule: static chunk=0
      workers: 0:cpu0:tiles4;1:cpu1:tiles4;2:cpu2:tiles4;3:cpu3:tiles4;4:cpu4:tiles4;5:cpu5:tiles4;6:cpu6:tiles4;7:cpu7:tiles4
    run 5: OK GOPS=11.256906 time=0.190770335 threads=8 validation=0
      schedule: static chunk=0
      workers: 0:cpu0:tiles4;1:cpu1:tiles4;2:cpu2:tiles4;3:cpu3:tiles4;4:cpu4:tiles4;5:cpu5:tiles4;6:cpu6:tiles4;7:cpu7:tiles4
    run 6: OK GOPS=11.113197 time=0.193237253 threads=8 validation=0
      schedule: static chunk=0
      workers: 0:cpu0:tiles4;1:cpu1:tiles4;2:cpu2:tiles4;3:cpu3:tiles4;4:cpu4:tiles4;5:cpu5:tiles4;6:cpu6:tiles4;7:cpu7:tiles4
============================================================
KERNEL: igemm_kernel_8x8_zvl256b_lmul1_unroll8_i8i32
  MODE: K1 all-core RVV OpenMP baseline
  BASELINE: GEMM_RVV_FP32_INT8_8x8_Baseline
  FAMILY: RVV_IGEMM_INT8_I8I32_8x8
  PATH: INT8 RVV widening GEMM (INT8 x INT8 -> INT32)
  TILE: 8x8 ZVL=256b LMUL=1 UNROLL=8
  WORK: M=1024 N=1024 K=1024 tile_N=32 runs=6
  CORES: cores 0-7 execute RVV kernels
  INPUT_CONTRACT: CANONICAL_FULL_MATRIX
PRIMARY_SOURCE=/home/bananapi/MAT/kernels riscv rvv 1.0/FINAL/riscv-rvv-ime-gemm-microkernels-updated/GEMM_RVV_FP32_INT8_8x8_Baseline/RVV_IGEMM_INT8_I8I32_8x8/igemm_kernel_8x8_zvl256b_lmul1_unroll8/igemm_kernel_8x8_zvl256b_lmul1_unroll8_i8i32.c
    run 1: OK GOPS=11.600075 time=0.185126711 threads=8 validation=1
      schedule: static chunk=0
      workers: 0:cpu0:tiles4;1:cpu1:tiles4;2:cpu2:tiles4;3:cpu3:tiles4;4:cpu4:tiles4;5:cpu5:tiles4;6:cpu6:tiles4;7:cpu7:tiles4
    run 2: OK GOPS=11.788867 time=0.182161998 threads=8 validation=0
      schedule: static chunk=0
      workers: 0:cpu0:tiles4;1:cpu1:tiles4;2:cpu2:tiles4;3:cpu3:tiles4;4:cpu4:tiles4;5:cpu5:tiles4;6:cpu6:tiles4;7:cpu7:tiles4
    run 3: OK GOPS=11.780899 time=0.182285208 threads=8 validation=0
      schedule: static chunk=0
      workers: 0:cpu0:tiles4;1:cpu1:tiles4;2:cpu2:tiles4;3:cpu3:tiles4;4:cpu4:tiles4;5:cpu5:tiles4;6:cpu6:tiles4;7:cpu7:tiles4
    run 4: OK GOPS=11.575840 time=0.185514290 threads=8 validation=0
      schedule: static chunk=0
      workers: 0:cpu0:tiles4;1:cpu1:tiles4;2:cpu2:tiles4;3:cpu3:tiles4;4:cpu4:tiles4;5:cpu5:tiles4;6:cpu6:tiles4;7:cpu7:tiles4
    run 5: OK GOPS=11.833686 time=0.181472082 threads=8 validation=0
      schedule: static chunk=0
      workers: 0:cpu0:tiles4;1:cpu1:tiles4;2:cpu2:tiles4;3:cpu3:tiles4;4:cpu4:tiles4;5:cpu5:tiles4;6:cpu6:tiles4;7:cpu7:tiles4
    run 6: OK GOPS=11.885851 time=0.180675626 threads=8 validation=0
      schedule: static chunk=0
      workers: 0:cpu0:tiles4;1:cpu1:tiles4;2:cpu2:tiles4;3:cpu3:tiles4;4:cpu4:tiles4;5:cpu5:tiles4;6:cpu6:tiles4;7:cpu7:tiles4
============================================================
KERNEL: igemm_kernel_8x8_zvl256b_lmul2_unroll1_i8i32
  MODE: K1 all-core RVV OpenMP baseline
  BASELINE: GEMM_RVV_FP32_INT8_8x8_Baseline
  FAMILY: RVV_IGEMM_INT8_I8I32_8x8
  PATH: INT8 RVV widening GEMM (INT8 x INT8 -> INT32)
  TILE: 8x8 ZVL=256b LMUL=2 UNROLL=1
  WORK: M=1024 N=1024 K=1024 tile_N=32 runs=6
  CORES: cores 0-7 execute RVV kernels
  INPUT_CONTRACT: CANONICAL_FULL_MATRIX
PRIMARY_SOURCE=/home/bananapi/MAT/kernels riscv rvv 1.0/FINAL/riscv-rvv-ime-gemm-microkernels-updated/GEMM_RVV_FP32_INT8_8x8_Baseline/RVV_IGEMM_INT8_I8I32_8x8/igemm_kernel_8x8_zvl256b_lmul2_unroll1/igemm_kernel_8x8_zvl256b_lmul2_unroll1_i8i32.c
    run 1: OK GOPS=3.855212 time=0.557033833 threads=8 validation=1
      schedule: static chunk=0
      workers: 0:cpu0:tiles4;1:cpu1:tiles4;2:cpu2:tiles4;3:cpu3:tiles4;4:cpu4:tiles4;5:cpu5:tiles4;6:cpu6:tiles4;7:cpu7:tiles4
    run 2: OK GOPS=3.835511 time=0.559895042 threads=8 validation=0
      schedule: static chunk=0
      workers: 0:cpu0:tiles4;1:cpu1:tiles4;2:cpu2:tiles4;3:cpu3:tiles4;4:cpu4:tiles4;5:cpu5:tiles4;6:cpu6:tiles4;7:cpu7:tiles4
    run 3: OK GOPS=3.874605 time=0.554245837 threads=8 validation=0
      schedule: static chunk=0
      workers: 0:cpu0:tiles4;1:cpu1:tiles4;2:cpu2:tiles4;3:cpu3:tiles4;4:cpu4:tiles4;5:cpu5:tiles4;6:cpu6:tiles4;7:cpu7:tiles4
    run 4: OK GOPS=3.833356 time=0.560209878 threads=8 validation=0
      schedule: static chunk=0
      workers: 0:cpu0:tiles4;1:cpu1:tiles4;2:cpu2:tiles4;3:cpu3:tiles4;4:cpu4:tiles4;5:cpu5:tiles4;6:cpu6:tiles4;7:cpu7:tiles4
    run 5: OK GOPS=3.887862 time=0.552355878 threads=8 validation=0
      schedule: static chunk=0
      workers: 0:cpu0:tiles4;1:cpu1:tiles4;2:cpu2:tiles4;3:cpu3:tiles4;4:cpu4:tiles4;5:cpu5:tiles4;6:cpu6:tiles4;7:cpu7:tiles4
    run 6: OK GOPS=3.888586 time=0.552253164 threads=8 validation=0
      schedule: static chunk=0
      workers: 0:cpu0:tiles4;1:cpu1:tiles4;2:cpu2:tiles4;3:cpu3:tiles4;4:cpu4:tiles4;5:cpu5:tiles4;6:cpu6:tiles4;7:cpu7:tiles4
============================================================
KERNEL: igemm_kernel_8x8_zvl256b_lmul2_unroll2_i8i32
  MODE: K1 all-core RVV OpenMP baseline
  BASELINE: GEMM_RVV_FP32_INT8_8x8_Baseline
  FAMILY: RVV_IGEMM_INT8_I8I32_8x8
  PATH: INT8 RVV widening GEMM (INT8 x INT8 -> INT32)
  TILE: 8x8 ZVL=256b LMUL=2 UNROLL=2
  WORK: M=1024 N=1024 K=1024 tile_N=32 runs=6
  CORES: cores 0-7 execute RVV kernels
  INPUT_CONTRACT: CANONICAL_FULL_MATRIX
PRIMARY_SOURCE=/home/bananapi/MAT/kernels riscv rvv 1.0/FINAL/riscv-rvv-ime-gemm-microkernels-updated/GEMM_RVV_FP32_INT8_8x8_Baseline/RVV_IGEMM_INT8_I8I32_8x8/igemm_kernel_8x8_zvl256b_lmul2_unroll2/igemm_kernel_8x8_zvl256b_lmul2_unroll2_i8i32.c
    run 1: OK GOPS=3.891327 time=0.551864084 threads=8 validation=1
      schedule: static chunk=0
      workers: 0:cpu0:tiles4;1:cpu1:tiles4;2:cpu2:tiles4;3:cpu3:tiles4;4:cpu4:tiles4;5:cpu5:tiles4;6:cpu6:tiles4;7:cpu7:tiles4
    run 2: OK GOPS=3.937994 time=0.545324210 threads=8 validation=0
      schedule: static chunk=0
      workers: 0:cpu0:tiles4;1:cpu1:tiles4;2:cpu2:tiles4;3:cpu3:tiles4;4:cpu4:tiles4;5:cpu5:tiles4;6:cpu6:tiles4;7:cpu7:tiles4
    run 3: OK GOPS=3.926585 time=0.546908710 threads=8 validation=0
      schedule: static chunk=0
      workers: 0:cpu0:tiles4;1:cpu1:tiles4;2:cpu2:tiles4;3:cpu3:tiles4;4:cpu4:tiles4;5:cpu5:tiles4;6:cpu6:tiles4;7:cpu7:tiles4
    run 4: OK GOPS=3.916590 time=0.548304461 threads=8 validation=0
      schedule: static chunk=0
      workers: 0:cpu0:tiles4;1:cpu1:tiles4;2:cpu2:tiles4;3:cpu3:tiles4;4:cpu4:tiles4;5:cpu5:tiles4;6:cpu6:tiles4;7:cpu7:tiles4
    run 5: OK GOPS=3.944513 time=0.544422958 threads=8 validation=0
      schedule: static chunk=0
      workers: 0:cpu0:tiles4;1:cpu1:tiles4;2:cpu2:tiles4;3:cpu3:tiles4;4:cpu4:tiles4;5:cpu5:tiles4;6:cpu6:tiles4;7:cpu7:tiles4
    run 6: OK GOPS=3.927685 time=0.546755500 threads=8 validation=0
      schedule: static chunk=0
      workers: 0:cpu0:tiles4;1:cpu1:tiles4;2:cpu2:tiles4;3:cpu3:tiles4;4:cpu4:tiles4;5:cpu5:tiles4;6:cpu6:tiles4;7:cpu7:tiles4
============================================================
KERNEL: igemm_kernel_8x8_zvl256b_lmul2_unroll4_i8i32
  MODE: K1 all-core RVV OpenMP baseline
  BASELINE: GEMM_RVV_FP32_INT8_8x8_Baseline
  FAMILY: RVV_IGEMM_INT8_I8I32_8x8
  PATH: INT8 RVV widening GEMM (INT8 x INT8 -> INT32)
  TILE: 8x8 ZVL=256b LMUL=2 UNROLL=4
  WORK: M=1024 N=1024 K=1024 tile_N=32 runs=6
  CORES: cores 0-7 execute RVV kernels
  INPUT_CONTRACT: CANONICAL_FULL_MATRIX
PRIMARY_SOURCE=/home/bananapi/MAT/kernels riscv rvv 1.0/FINAL/riscv-rvv-ime-gemm-microkernels-updated/GEMM_RVV_FP32_INT8_8x8_Baseline/RVV_IGEMM_INT8_I8I32_8x8/igemm_kernel_8x8_zvl256b_lmul2_unroll4/igemm_kernel_8x8_zvl256b_lmul2_unroll4_i8i32.c
    run 1: OK GOPS=3.366665 time=0.637866832 threads=8 validation=1
      schedule: static chunk=0
      workers: 0:cpu0:tiles4;1:cpu1:tiles4;2:cpu2:tiles4;3:cpu3:tiles4;4:cpu4:tiles4;5:cpu5:tiles4;6:cpu6:tiles4;7:cpu7:tiles4
    run 2: OK GOPS=3.326424 time=0.645583209 threads=8 validation=0
      schedule: static chunk=0
      workers: 0:cpu0:tiles4;1:cpu1:tiles4;2:cpu2:tiles4;3:cpu3:tiles4;4:cpu4:tiles4;5:cpu5:tiles4;6:cpu6:tiles4;7:cpu7:tiles4
    run 3: OK GOPS=3.394374 time=0.632659748 threads=8 validation=0
      schedule: static chunk=0
      workers: 0:cpu0:tiles4;1:cpu1:tiles4;2:cpu2:tiles4;3:cpu3:tiles4;4:cpu4:tiles4;5:cpu5:tiles4;6:cpu6:tiles4;7:cpu7:tiles4
    run 4: OK GOPS=3.387289 time=0.633982915 threads=8 validation=0
      schedule: static chunk=0
      workers: 0:cpu0:tiles4;1:cpu1:tiles4;2:cpu2:tiles4;3:cpu3:tiles4;4:cpu4:tiles4;5:cpu5:tiles4;6:cpu6:tiles4;7:cpu7:tiles4
    run 5: OK GOPS=3.401579 time=0.631319668 threads=8 validation=0
      schedule: static chunk=0
      workers: 0:cpu0:tiles4;1:cpu1:tiles4;2:cpu2:tiles4;3:cpu3:tiles4;4:cpu4:tiles4;5:cpu5:tiles4;6:cpu6:tiles4;7:cpu7:tiles4
    run 6: OK GOPS=3.368119 time=0.637591418 threads=8 validation=0
      schedule: static chunk=0
      workers: 0:cpu0:tiles4;1:cpu1:tiles4;2:cpu2:tiles4;3:cpu3:tiles4;4:cpu4:tiles4;5:cpu5:tiles4;6:cpu6:tiles4;7:cpu7:tiles4
============================================================
KERNEL: igemm_kernel_8x8_zvl256b_lmul2_unroll8_i8i32
  MODE: K1 all-core RVV OpenMP baseline
  BASELINE: GEMM_RVV_FP32_INT8_8x8_Baseline
  FAMILY: RVV_IGEMM_INT8_I8I32_8x8
  PATH: INT8 RVV widening GEMM (INT8 x INT8 -> INT32)
  TILE: 8x8 ZVL=256b LMUL=2 UNROLL=8
  WORK: M=1024 N=1024 K=1024 tile_N=32 runs=6
  CORES: cores 0-7 execute RVV kernels
  INPUT_CONTRACT: CANONICAL_FULL_MATRIX
PRIMARY_SOURCE=/home/bananapi/MAT/kernels riscv rvv 1.0/FINAL/riscv-rvv-ime-gemm-microkernels-updated/GEMM_RVV_FP32_INT8_8x8_Baseline/RVV_IGEMM_INT8_I8I32_8x8/igemm_kernel_8x8_zvl256b_lmul2_unroll8/igemm_kernel_8x8_zvl256b_lmul2_unroll8_i8i32.c
    run 1: OK GOPS=4.077214 time=0.526703626 threads=8 validation=1
      schedule: static chunk=0
      workers: 0:cpu0:tiles4;1:cpu1:tiles4;2:cpu2:tiles4;3:cpu3:tiles4;4:cpu4:tiles4;5:cpu5:tiles4;6:cpu6:tiles4;7:cpu7:tiles4
    run 2: OK GOPS=4.071926 time=0.527387667 threads=8 validation=0
      schedule: static chunk=0
      workers: 0:cpu0:tiles4;1:cpu1:tiles4;2:cpu2:tiles4;3:cpu3:tiles4;4:cpu4:tiles4;5:cpu5:tiles4;6:cpu6:tiles4;7:cpu7:tiles4
    run 3: OK GOPS=4.040672 time=0.531466998 threads=8 validation=0
      schedule: static chunk=0
      workers: 0:cpu0:tiles4;1:cpu1:tiles4;2:cpu2:tiles4;3:cpu3:tiles4;4:cpu4:tiles4;5:cpu5:tiles4;6:cpu6:tiles4;7:cpu7:tiles4
    run 4: OK GOPS=4.096523 time=0.524221126 threads=8 validation=0
      schedule: static chunk=0
      workers: 0:cpu0:tiles4;1:cpu1:tiles4;2:cpu2:tiles4;3:cpu3:tiles4;4:cpu4:tiles4;5:cpu5:tiles4;6:cpu6:tiles4;7:cpu7:tiles4
    run 5: OK GOPS=4.072289 time=0.527340665 threads=8 validation=0
      schedule: static chunk=0
      workers: 0:cpu0:tiles4;1:cpu1:tiles4;2:cpu2:tiles4;3:cpu3:tiles4;4:cpu4:tiles4;5:cpu5:tiles4;6:cpu6:tiles4;7:cpu7:tiles4
    run 6: OK GOPS=4.022104 time=0.533920500 threads=8 validation=0
      schedule: static chunk=0
      workers: 0:cpu0:tiles4;1:cpu1:tiles4;2:cpu2:tiles4;3:cpu3:tiles4;4:cpu4:tiles4;5:cpu5:tiles4;6:cpu6:tiles4;7:cpu7:tiles4
============================================================
KERNEL: igemm_kernel_8x8_zvl256b_lmulmf2_unroll1_i8i32
  MODE: K1 all-core RVV OpenMP baseline
  BASELINE: GEMM_RVV_FP32_INT8_8x8_Baseline
  FAMILY: RVV_IGEMM_INT8_I8I32_8x8
  PATH: INT8 RVV widening GEMM (INT8 x INT8 -> INT32)
  TILE: 8x8 ZVL=256b LMUL=mf2 UNROLL=1
  WORK: M=1024 N=1024 K=1024 tile_N=32 runs=6
  CORES: cores 0-7 execute RVV kernels
  INPUT_CONTRACT: CANONICAL_FULL_MATRIX
PRIMARY_SOURCE=/home/bananapi/MAT/kernels riscv rvv 1.0/FINAL/riscv-rvv-ime-gemm-microkernels-updated/GEMM_RVV_FP32_INT8_8x8_Baseline/RVV_IGEMM_INT8_I8I32_8x8/igemm_kernel_8x8_zvl256b_lmulmf2_unroll1/igemm_kernel_8x8_zvl256b_lmulmf2_unroll1_i8i32.c
    run 1: OK GOPS=22.227890 time=0.096612122 threads=8 validation=1
      schedule: static chunk=0
      workers: 0:cpu0:tiles4;1:cpu1:tiles4;2:cpu2:tiles4;3:cpu3:tiles4;4:cpu4:tiles4;5:cpu5:tiles4;6:cpu6:tiles4;7:cpu7:tiles4
    run 2: OK GOPS=26.068101 time=0.082379751 threads=8 validation=0
      schedule: static chunk=0
      workers: 0:cpu0:tiles4;1:cpu1:tiles4;2:cpu2:tiles4;3:cpu3:tiles4;4:cpu4:tiles4;5:cpu5:tiles4;6:cpu6:tiles4;7:cpu7:tiles4
    run 3: OK GOPS=24.981112 time=0.085964292 threads=8 validation=0
      schedule: static chunk=0
      workers: 0:cpu0:tiles4;1:cpu1:tiles4;2:cpu2:tiles4;3:cpu3:tiles4;4:cpu4:tiles4;5:cpu5:tiles4;6:cpu6:tiles4;7:cpu7:tiles4
    run 4: OK GOPS=25.381456 time=0.084608372 threads=8 validation=0
      schedule: static chunk=0
      workers: 0:cpu0:tiles4;1:cpu1:tiles4;2:cpu2:tiles4;3:cpu3:tiles4;4:cpu4:tiles4;5:cpu5:tiles4;6:cpu6:tiles4;7:cpu7:tiles4
    run 5: OK GOPS=25.303523 time=0.084868960 threads=8 validation=0
      schedule: static chunk=0
      workers: 0:cpu0:tiles4;1:cpu1:tiles4;2:cpu2:tiles4;3:cpu3:tiles4;4:cpu4:tiles4;5:cpu5:tiles4;6:cpu6:tiles4;7:cpu7:tiles4
    run 6: OK GOPS=26.714163 time=0.080387458 threads=8 validation=0
      schedule: static chunk=0
      workers: 0:cpu0:tiles4;1:cpu1:tiles4;2:cpu2:tiles4;3:cpu3:tiles4;4:cpu4:tiles4;5:cpu5:tiles4;6:cpu6:tiles4;7:cpu7:tiles4
============================================================
KERNEL: igemm_kernel_8x8_zvl256b_lmulmf2_unroll2_i8i32
  MODE: K1 all-core RVV OpenMP baseline
  BASELINE: GEMM_RVV_FP32_INT8_8x8_Baseline
  FAMILY: RVV_IGEMM_INT8_I8I32_8x8
  PATH: INT8 RVV widening GEMM (INT8 x INT8 -> INT32)
  TILE: 8x8 ZVL=256b LMUL=mf2 UNROLL=2
  WORK: M=1024 N=1024 K=1024 tile_N=32 runs=6
  CORES: cores 0-7 execute RVV kernels
  INPUT_CONTRACT: CANONICAL_FULL_MATRIX
PRIMARY_SOURCE=/home/bananapi/MAT/kernels riscv rvv 1.0/FINAL/riscv-rvv-ime-gemm-microkernels-updated/GEMM_RVV_FP32_INT8_8x8_Baseline/RVV_IGEMM_INT8_I8I32_8x8/igemm_kernel_8x8_zvl256b_lmulmf2_unroll2/igemm_kernel_8x8_zvl256b_lmulmf2_unroll2_i8i32.c
    run 1: OK GOPS=26.604974 time=0.080717374 threads=8 validation=1
      schedule: static chunk=0
      workers: 0:cpu0:tiles4;1:cpu1:tiles4;2:cpu2:tiles4;3:cpu3:tiles4;4:cpu4:tiles4;5:cpu5:tiles4;6:cpu6:tiles4;7:cpu7:tiles4
    run 2: OK GOPS=27.517834 time=0.078039706 threads=8 validation=0
      schedule: static chunk=0
      workers: 0:cpu0:tiles4;1:cpu1:tiles4;2:cpu2:tiles4;3:cpu3:tiles4;4:cpu4:tiles4;5:cpu5:tiles4;6:cpu6:tiles4;7:cpu7:tiles4
    run 3: OK GOPS=27.882563 time=0.077018876 threads=8 validation=0
      schedule: static chunk=0
      workers: 0:cpu0:tiles4;1:cpu1:tiles4;2:cpu2:tiles4;3:cpu3:tiles4;4:cpu4:tiles4;5:cpu5:tiles4;6:cpu6:tiles4;7:cpu7:tiles4
    run 4: OK GOPS=27.504851 time=0.078076541 threads=8 validation=0
      schedule: static chunk=0
      workers: 0:cpu0:tiles4;1:cpu1:tiles4;2:cpu2:tiles4;3:cpu3:tiles4;4:cpu4:tiles4;5:cpu5:tiles4;6:cpu6:tiles4;7:cpu7:tiles4
    run 5: OK GOPS=26.287939 time=0.081690833 threads=8 validation=0
      schedule: static chunk=0
      workers: 0:cpu0:tiles4;1:cpu1:tiles4;2:cpu2:tiles4;3:cpu3:tiles4;4:cpu4:tiles4;5:cpu5:tiles4;6:cpu6:tiles4;7:cpu7:tiles4
    run 6: OK GOPS=27.509872 time=0.078062292 threads=8 validation=0
      schedule: static chunk=0
      workers: 0:cpu0:tiles4;1:cpu1:tiles4;2:cpu2:tiles4;3:cpu3:tiles4;4:cpu4:tiles4;5:cpu5:tiles4;6:cpu6:tiles4;7:cpu7:tiles4
============================================================
KERNEL: igemm_kernel_8x8_zvl256b_lmulmf2_unroll4_i8i32
  MODE: K1 all-core RVV OpenMP baseline
  BASELINE: GEMM_RVV_FP32_INT8_8x8_Baseline
  FAMILY: RVV_IGEMM_INT8_I8I32_8x8
  PATH: INT8 RVV widening GEMM (INT8 x INT8 -> INT32)
  TILE: 8x8 ZVL=256b LMUL=mf2 UNROLL=4
  WORK: M=1024 N=1024 K=1024 tile_N=32 runs=6
  CORES: cores 0-7 execute RVV kernels
  INPUT_CONTRACT: CANONICAL_FULL_MATRIX
PRIMARY_SOURCE=/home/bananapi/MAT/kernels riscv rvv 1.0/FINAL/riscv-rvv-ime-gemm-microkernels-updated/GEMM_RVV_FP32_INT8_8x8_Baseline/RVV_IGEMM_INT8_I8I32_8x8/igemm_kernel_8x8_zvl256b_lmulmf2_unroll4/igemm_kernel_8x8_zvl256b_lmulmf2_unroll4_i8i32.c
    run 1: OK GOPS=28.004188 time=0.076684374 threads=8 validation=1
      schedule: static chunk=0
      workers: 0:cpu0:tiles4;1:cpu1:tiles4;2:cpu2:tiles4;3:cpu3:tiles4;4:cpu4:tiles4;5:cpu5:tiles4;6:cpu6:tiles4;7:cpu7:tiles4
    run 2: OK GOPS=27.201141 time=0.078948293 threads=8 validation=0
      schedule: static chunk=0
      workers: 0:cpu0:tiles4;1:cpu1:tiles4;2:cpu2:tiles4;3:cpu3:tiles4;4:cpu4:tiles4;5:cpu5:tiles4;6:cpu6:tiles4;7:cpu7:tiles4
    run 3: OK GOPS=27.011466 time=0.079502668 threads=8 validation=0
      schedule: static chunk=0
      workers: 0:cpu0:tiles4;1:cpu1:tiles4;2:cpu2:tiles4;3:cpu3:tiles4;4:cpu4:tiles4;5:cpu5:tiles4;6:cpu6:tiles4;7:cpu7:tiles4
    run 4: OK GOPS=28.142728 time=0.076306876 threads=8 validation=0
      schedule: static chunk=0
      workers: 0:cpu0:tiles4;1:cpu1:tiles4;2:cpu2:tiles4;3:cpu3:tiles4;4:cpu4:tiles4;5:cpu5:tiles4;6:cpu6:tiles4;7:cpu7:tiles4
    run 5: OK GOPS=27.864339 time=0.077069249 threads=8 validation=0
      schedule: static chunk=0
      workers: 0:cpu0:tiles4;1:cpu1:tiles4;2:cpu2:tiles4;3:cpu3:tiles4;4:cpu4:tiles4;5:cpu5:tiles4;6:cpu6:tiles4;7:cpu7:tiles4
    run 6: OK GOPS=28.321889 time=0.075824168 threads=8 validation=0
      schedule: static chunk=0
      workers: 0:cpu0:tiles4;1:cpu1:tiles4;2:cpu2:tiles4;3:cpu3:tiles4;4:cpu4:tiles4;5:cpu5:tiles4;6:cpu6:tiles4;7:cpu7:tiles4
============================================================
KERNEL: igemm_kernel_8x8_zvl256b_lmulmf2_unroll8_i8i32
  MODE: K1 all-core RVV OpenMP baseline
  BASELINE: GEMM_RVV_FP32_INT8_8x8_Baseline
  FAMILY: RVV_IGEMM_INT8_I8I32_8x8
  PATH: INT8 RVV widening GEMM (INT8 x INT8 -> INT32)
  TILE: 8x8 ZVL=256b LMUL=mf2 UNROLL=8
  WORK: M=1024 N=1024 K=1024 tile_N=32 runs=6
  CORES: cores 0-7 execute RVV kernels
  INPUT_CONTRACT: CANONICAL_FULL_MATRIX
PRIMARY_SOURCE=/home/bananapi/MAT/kernels riscv rvv 1.0/FINAL/riscv-rvv-ime-gemm-microkernels-updated/GEMM_RVV_FP32_INT8_8x8_Baseline/RVV_IGEMM_INT8_I8I32_8x8/igemm_kernel_8x8_zvl256b_lmulmf2_unroll8/igemm_kernel_8x8_zvl256b_lmulmf2_unroll8_i8i32.c
    run 1: OK GOPS=26.597614 time=0.080739710 threads=8 validation=1
      schedule: static chunk=0
      workers: 0:cpu0:tiles4;1:cpu1:tiles4;2:cpu2:tiles4;3:cpu3:tiles4;4:cpu4:tiles4;5:cpu5:tiles4;6:cpu6:tiles4;7:cpu7:tiles4
    run 2: OK GOPS=27.099680 time=0.079243876 threads=8 validation=0
      schedule: static chunk=0
      workers: 0:cpu0:tiles4;1:cpu1:tiles4;2:cpu2:tiles4;3:cpu3:tiles4;4:cpu4:tiles4;5:cpu5:tiles4;6:cpu6:tiles4;7:cpu7:tiles4
    run 3: OK GOPS=27.068311 time=0.079335708 threads=8 validation=0
      schedule: static chunk=0
      workers: 0:cpu0:tiles4;1:cpu1:tiles4;2:cpu2:tiles4;3:cpu3:tiles4;4:cpu4:tiles4;5:cpu5:tiles4;6:cpu6:tiles4;7:cpu7:tiles4
    run 4: OK GOPS=27.212645 time=0.078914918 threads=8 validation=0
      schedule: static chunk=0
      workers: 0:cpu0:tiles4;1:cpu1:tiles4;2:cpu2:tiles4;3:cpu3:tiles4;4:cpu4:tiles4;5:cpu5:tiles4;6:cpu6:tiles4;7:cpu7:tiles4
    run 5: OK GOPS=27.566873 time=0.077900879 threads=8 validation=0
      schedule: static chunk=0
      workers: 0:cpu0:tiles4;1:cpu1:tiles4;2:cpu2:tiles4;3:cpu3:tiles4;4:cpu4:tiles4;5:cpu5:tiles4;6:cpu6:tiles4;7:cpu7:tiles4
    run 6: OK GOPS=27.581952 time=0.077858292 threads=8 validation=0
      schedule: static chunk=0
      workers: 0:cpu0:tiles4;1:cpu1:tiles4;2:cpu2:tiles4;3:cpu3:tiles4;4:cpu4:tiles4;5:cpu5:tiles4;6:cpu6:tiles4;7:cpu7:tiles4
============================================================
KERNEL: igemm_kernel_8x8_zvl256b_lmulmf4_unroll1_i8i32
  MODE: K1 all-core RVV OpenMP baseline
  BASELINE: GEMM_RVV_FP32_INT8_8x8_Baseline
  FAMILY: RVV_IGEMM_INT8_I8I32_8x8
  PATH: INT8 RVV widening GEMM (INT8 x INT8 -> INT32)
  TILE: 8x8 ZVL=256b LMUL=mf4 UNROLL=1
  WORK: M=1024 N=1024 K=1024 tile_N=32 runs=6
  CORES: cores 0-7 execute RVV kernels
  INPUT_CONTRACT: CANONICAL_FULL_MATRIX
PRIMARY_SOURCE=/home/bananapi/MAT/kernels riscv rvv 1.0/FINAL/riscv-rvv-ime-gemm-microkernels-updated/GEMM_RVV_FP32_INT8_8x8_Baseline/RVV_IGEMM_INT8_I8I32_8x8/igemm_kernel_8x8_zvl256b_lmulmf4_unroll1/igemm_kernel_8x8_zvl256b_lmulmf4_unroll1_i8i32.c
    run 1: OK GOPS=29.079501 time=0.073848709 threads=8 validation=1
      schedule: static chunk=0
      workers: 0:cpu0:tiles4;1:cpu1:tiles4;2:cpu2:tiles4;3:cpu3:tiles4;4:cpu4:tiles4;5:cpu5:tiles4;6:cpu6:tiles4;7:cpu7:tiles4
    run 2: OK GOPS=28.592323 time=0.075107001 threads=8 validation=0
      schedule: static chunk=0
      workers: 0:cpu0:tiles4;1:cpu1:tiles4;2:cpu2:tiles4;3:cpu3:tiles4;4:cpu4:tiles4;5:cpu5:tiles4;6:cpu6:tiles4;7:cpu7:tiles4
    run 3: OK GOPS=29.072745 time=0.073865872 threads=8 validation=0
      schedule: static chunk=0
      workers: 0:cpu0:tiles4;1:cpu1:tiles4;2:cpu2:tiles4;3:cpu3:tiles4;4:cpu4:tiles4;5:cpu5:tiles4;6:cpu6:tiles4;7:cpu7:tiles4
    run 4: OK GOPS=28.815018 time=0.074526541 threads=8 validation=0
      schedule: static chunk=0
      workers: 0:cpu0:tiles4;1:cpu1:tiles4;2:cpu2:tiles4;3:cpu3:tiles4;4:cpu4:tiles4;5:cpu5:tiles4;6:cpu6:tiles4;7:cpu7:tiles4
    run 5: OK GOPS=29.894844 time=0.071834583 threads=8 validation=0
      schedule: static chunk=0
      workers: 0:cpu0:tiles4;1:cpu1:tiles4;2:cpu2:tiles4;3:cpu3:tiles4;4:cpu4:tiles4;5:cpu5:tiles4;6:cpu6:tiles4;7:cpu7:tiles4
    run 6: OK GOPS=30.201425 time=0.071105376 threads=8 validation=0
      schedule: static chunk=0
      workers: 0:cpu0:tiles4;1:cpu1:tiles4;2:cpu2:tiles4;3:cpu3:tiles4;4:cpu4:tiles4;5:cpu5:tiles4;6:cpu6:tiles4;7:cpu7:tiles4
============================================================
KERNEL: igemm_kernel_8x8_zvl256b_lmulmf4_unroll2_i8i32
  MODE: K1 all-core RVV OpenMP baseline
  BASELINE: GEMM_RVV_FP32_INT8_8x8_Baseline
  FAMILY: RVV_IGEMM_INT8_I8I32_8x8
  PATH: INT8 RVV widening GEMM (INT8 x INT8 -> INT32)
  TILE: 8x8 ZVL=256b LMUL=mf4 UNROLL=2
  WORK: M=1024 N=1024 K=1024 tile_N=32 runs=6
  CORES: cores 0-7 execute RVV kernels
  INPUT_CONTRACT: CANONICAL_FULL_MATRIX
PRIMARY_SOURCE=/home/bananapi/MAT/kernels riscv rvv 1.0/FINAL/riscv-rvv-ime-gemm-microkernels-updated/GEMM_RVV_FP32_INT8_8x8_Baseline/RVV_IGEMM_INT8_I8I32_8x8/igemm_kernel_8x8_zvl256b_lmulmf4_unroll2/igemm_kernel_8x8_zvl256b_lmulmf4_unroll2_i8i32.c
    run 1: OK GOPS=29.997188 time=0.071589500 threads=8 validation=1
      schedule: static chunk=0
      workers: 0:cpu0:tiles4;1:cpu1:tiles4;2:cpu2:tiles4;3:cpu3:tiles4;4:cpu4:tiles4;5:cpu5:tiles4;6:cpu6:tiles4;7:cpu7:tiles4
    run 2: OK GOPS=29.516090 time=0.072756372 threads=8 validation=0
      schedule: static chunk=0
      workers: 0:cpu0:tiles4;1:cpu1:tiles4;2:cpu2:tiles4;3:cpu3:tiles4;4:cpu4:tiles4;5:cpu5:tiles4;6:cpu6:tiles4;7:cpu7:tiles4
    run 3: OK GOPS=29.074482 time=0.073861457 threads=8 validation=0
      schedule: static chunk=0
      workers: 0:cpu0:tiles4;1:cpu1:tiles4;2:cpu2:tiles4;3:cpu3:tiles4;4:cpu4:tiles4;5:cpu5:tiles4;6:cpu6:tiles4;7:cpu7:tiles4
    run 4: OK GOPS=29.789511 time=0.072088584 threads=8 validation=0
      schedule: static chunk=0
      workers: 0:cpu0:tiles4;1:cpu1:tiles4;2:cpu2:tiles4;3:cpu3:tiles4;4:cpu4:tiles4;5:cpu5:tiles4;6:cpu6:tiles4;7:cpu7:tiles4
    run 5: OK GOPS=29.125943 time=0.073730957 threads=8 validation=0
      schedule: static chunk=0
      workers: 0:cpu0:tiles4;1:cpu1:tiles4;2:cpu2:tiles4;3:cpu3:tiles4;4:cpu4:tiles4;5:cpu5:tiles4;6:cpu6:tiles4;7:cpu7:tiles4
    run 6: OK GOPS=28.896167 time=0.074317250 threads=8 validation=0
      schedule: static chunk=0
      workers: 0:cpu0:tiles4;1:cpu1:tiles4;2:cpu2:tiles4;3:cpu3:tiles4;4:cpu4:tiles4;5:cpu5:tiles4;6:cpu6:tiles4;7:cpu7:tiles4
============================================================
KERNEL: igemm_kernel_8x8_zvl256b_lmulmf4_unroll4_i8i32
  MODE: K1 all-core RVV OpenMP baseline
  BASELINE: GEMM_RVV_FP32_INT8_8x8_Baseline
  FAMILY: RVV_IGEMM_INT8_I8I32_8x8
  PATH: INT8 RVV widening GEMM (INT8 x INT8 -> INT32)
  TILE: 8x8 ZVL=256b LMUL=mf4 UNROLL=4
  WORK: M=1024 N=1024 K=1024 tile_N=32 runs=6
  CORES: cores 0-7 execute RVV kernels
  INPUT_CONTRACT: CANONICAL_FULL_MATRIX
PRIMARY_SOURCE=/home/bananapi/MAT/kernels riscv rvv 1.0/FINAL/riscv-rvv-ime-gemm-microkernels-updated/GEMM_RVV_FP32_INT8_8x8_Baseline/RVV_IGEMM_INT8_I8I32_8x8/igemm_kernel_8x8_zvl256b_lmulmf4_unroll4/igemm_kernel_8x8_zvl256b_lmulmf4_unroll4_i8i32.c
    run 1: OK GOPS=30.294679 time=0.070886496 threads=8 validation=1
      schedule: static chunk=0
      workers: 0:cpu0:tiles4;1:cpu1:tiles4;2:cpu2:tiles4;3:cpu3:tiles4;4:cpu4:tiles4;5:cpu5:tiles4;6:cpu6:tiles4;7:cpu7:tiles4
    run 2: OK GOPS=29.684678 time=0.072343167 threads=8 validation=0
      schedule: static chunk=0
      workers: 0:cpu0:tiles4;1:cpu1:tiles4;2:cpu2:tiles4;3:cpu3:tiles4;4:cpu4:tiles4;5:cpu5:tiles4;6:cpu6:tiles4;7:cpu7:tiles4
    run 3: OK GOPS=31.373371 time=0.068449248 threads=8 validation=0
      schedule: static chunk=0
      workers: 0:cpu0:tiles4;1:cpu1:tiles4;2:cpu2:tiles4;3:cpu3:tiles4;4:cpu4:tiles4;5:cpu5:tiles4;6:cpu6:tiles4;7:cpu7:tiles4
    run 4: OK GOPS=30.200309 time=0.071108002 threads=8 validation=0
      schedule: static chunk=0
      workers: 0:cpu0:tiles4;1:cpu1:tiles4;2:cpu2:tiles4;3:cpu3:tiles4;4:cpu4:tiles4;5:cpu5:tiles4;6:cpu6:tiles4;7:cpu7:tiles4
    run 5: OK GOPS=29.134142 time=0.073710207 threads=8 validation=0
      schedule: static chunk=0
      workers: 0:cpu0:tiles4;1:cpu1:tiles4;2:cpu2:tiles4;3:cpu3:tiles4;4:cpu4:tiles4;5:cpu5:tiles4;6:cpu6:tiles4;7:cpu7:tiles4
    run 6: OK GOPS=31.021085 time=0.069226582 threads=8 validation=0
      schedule: static chunk=0
      workers: 0:cpu0:tiles4;1:cpu1:tiles4;2:cpu2:tiles4;3:cpu3:tiles4;4:cpu4:tiles4;5:cpu5:tiles4;6:cpu6:tiles4;7:cpu7:tiles4
============================================================
KERNEL: igemm_kernel_8x8_zvl256b_lmulmf4_unroll8_i8i32
  MODE: K1 all-core RVV OpenMP baseline
  BASELINE: GEMM_RVV_FP32_INT8_8x8_Baseline
  FAMILY: RVV_IGEMM_INT8_I8I32_8x8
  PATH: INT8 RVV widening GEMM (INT8 x INT8 -> INT32)
  TILE: 8x8 ZVL=256b LMUL=mf4 UNROLL=8
  WORK: M=1024 N=1024 K=1024 tile_N=32 runs=6
  CORES: cores 0-7 execute RVV kernels
  INPUT_CONTRACT: CANONICAL_FULL_MATRIX
PRIMARY_SOURCE=/home/bananapi/MAT/kernels riscv rvv 1.0/FINAL/riscv-rvv-ime-gemm-microkernels-updated/GEMM_RVV_FP32_INT8_8x8_Baseline/RVV_IGEMM_INT8_I8I32_8x8/igemm_kernel_8x8_zvl256b_lmulmf4_unroll8/igemm_kernel_8x8_zvl256b_lmulmf4_unroll8_i8i32.c
    run 1: OK GOPS=28.835186 time=0.074474417 threads=8 validation=1
      schedule: static chunk=0
      workers: 0:cpu0:tiles4;1:cpu1:tiles4;2:cpu2:tiles4;3:cpu3:tiles4;4:cpu4:tiles4;5:cpu5:tiles4;6:cpu6:tiles4;7:cpu7:tiles4
    run 2: OK GOPS=27.558016 time=0.077925917 threads=8 validation=0
      schedule: static chunk=0
      workers: 0:cpu0:tiles4;1:cpu1:tiles4;2:cpu2:tiles4;3:cpu3:tiles4;4:cpu4:tiles4;5:cpu5:tiles4;6:cpu6:tiles4;7:cpu7:tiles4
    run 3: OK GOPS=29.586339 time=0.072583623 threads=8 validation=0
      schedule: static chunk=0
      workers: 0:cpu0:tiles4;1:cpu1:tiles4;2:cpu2:tiles4;3:cpu3:tiles4;4:cpu4:tiles4;5:cpu5:tiles4;6:cpu6:tiles4;7:cpu7:tiles4
    run 4: OK GOPS=31.185964 time=0.068860583 threads=8 validation=0
      schedule: static chunk=0
      workers: 0:cpu0:tiles4;1:cpu1:tiles4;2:cpu2:tiles4;3:cpu3:tiles4;4:cpu4:tiles4;5:cpu5:tiles4;6:cpu6:tiles4;7:cpu7:tiles4
    run 5: OK GOPS=29.670272 time=0.072378293 threads=8 validation=0
      schedule: static chunk=0
      workers: 0:cpu0:tiles4;1:cpu1:tiles4;2:cpu2:tiles4;3:cpu3:tiles4;4:cpu4:tiles4;5:cpu5:tiles4;6:cpu6:tiles4;7:cpu7:tiles4
    run 6: OK GOPS=29.575455 time=0.072610334 threads=8 validation=0
      schedule: static chunk=0
      workers: 0:cpu0:tiles4;1:cpu1:tiles4;2:cpu2:tiles4;3:cpu3:tiles4;4:cpu4:tiles4;5:cpu5:tiles4;6:cpu6:tiles4;7:cpu7:tiles4
============================================================
KERNEL: sgemm_kernel_8x8_zvl256b_lmul1_unroll1
  MODE: K1 all-core RVV OpenMP baseline
  BASELINE: GEMM_RVV_FP32_INT8_8x8_Baseline
  FAMILY: RVV_SGEMM_FP32_8x8
  PATH: FP32 RVV vector GEMM
  TILE: 8x8 ZVL=256b LMUL=1 UNROLL=1
  WORK: M=1024 N=1024 K=1024 tile_N=32 runs=6
  CORES: cores 0-7 execute RVV kernels
  INPUT_CONTRACT: CANONICAL_FULL_MATRIX
PRIMARY_SOURCE=/home/bananapi/MAT/kernels riscv rvv 1.0/FINAL/riscv-rvv-ime-gemm-microkernels-updated/GEMM_RVV_FP32_INT8_8x8_Baseline/RVV_SGEMM_FP32_8x8/sgemm_kernel_8x8_zvl256b_lmul1_unroll1/sgemm_kernel_8x8_zvl256b_lmul1_unroll1.c
    run 1: NUMERICAL_FAILED GFLOPS=0.000000 time=0.259982832 threads=8 validation=1
      schedule: static chunk=0
      workers: 0:cpu0:tiles4;1:cpu1:tiles4;2:cpu2:tiles4;3:cpu3:tiles4;4:cpu4:tiles4;5:cpu5:tiles4;6:cpu6:tiles4;7:cpu7:tiles4
    validation gate stopped remaining runs for sgemm_kernel_8x8_zvl256b_lmul1_unroll1
============================================================
KERNEL: sgemm_kernel_8x8_zvl256b_lmul1_unroll2
  MODE: K1 all-core RVV OpenMP baseline
  BASELINE: GEMM_RVV_FP32_INT8_8x8_Baseline
  FAMILY: RVV_SGEMM_FP32_8x8
  PATH: FP32 RVV vector GEMM
  TILE: 8x8 ZVL=256b LMUL=1 UNROLL=2
  WORK: M=1024 N=1024 K=1024 tile_N=32 runs=6
  CORES: cores 0-7 execute RVV kernels
  INPUT_CONTRACT: CANONICAL_FULL_MATRIX
PRIMARY_SOURCE=/home/bananapi/MAT/kernels riscv rvv 1.0/FINAL/riscv-rvv-ime-gemm-microkernels-updated/GEMM_RVV_FP32_INT8_8x8_Baseline/RVV_SGEMM_FP32_8x8/sgemm_kernel_8x8_zvl256b_lmul1_unroll2/sgemm_kernel_8x8_zvl256b_lmul1_unroll2.c
    run 1: NUMERICAL_FAILED GFLOPS=0.000000 time=0.261624668 threads=8 validation=1
      schedule: static chunk=0
      workers: 0:cpu0:tiles4;1:cpu1:tiles4;2:cpu2:tiles4;3:cpu3:tiles4;4:cpu4:tiles4;5:cpu5:tiles4;6:cpu6:tiles4;7:cpu7:tiles4
    validation gate stopped remaining runs for sgemm_kernel_8x8_zvl256b_lmul1_unroll2
============================================================
KERNEL: sgemm_kernel_8x8_zvl256b_lmul1_unroll4
  MODE: K1 all-core RVV OpenMP baseline
  BASELINE: GEMM_RVV_FP32_INT8_8x8_Baseline
  FAMILY: RVV_SGEMM_FP32_8x8
  PATH: FP32 RVV vector GEMM
  TILE: 8x8 ZVL=256b LMUL=1 UNROLL=4
  WORK: M=1024 N=1024 K=1024 tile_N=32 runs=6
  CORES: cores 0-7 execute RVV kernels
  INPUT_CONTRACT: CANONICAL_FULL_MATRIX
PRIMARY_SOURCE=/home/bananapi/MAT/kernels riscv rvv 1.0/FINAL/riscv-rvv-ime-gemm-microkernels-updated/GEMM_RVV_FP32_INT8_8x8_Baseline/RVV_SGEMM_FP32_8x8/sgemm_kernel_8x8_zvl256b_lmul1_unroll4/sgemm_kernel_8x8_zvl256b_lmul1_unroll4.c
    run 1: NUMERICAL_FAILED GFLOPS=0.000000 time=0.266929500 threads=8 validation=1
      schedule: static chunk=0
      workers: 0:cpu0:tiles4;1:cpu1:tiles4;2:cpu2:tiles4;3:cpu3:tiles4;4:cpu4:tiles4;5:cpu5:tiles4;6:cpu6:tiles4;7:cpu7:tiles4
    validation gate stopped remaining runs for sgemm_kernel_8x8_zvl256b_lmul1_unroll4
============================================================
KERNEL: sgemm_kernel_8x8_zvl256b_lmul1_unroll8
  MODE: K1 all-core RVV OpenMP baseline
  BASELINE: GEMM_RVV_FP32_INT8_8x8_Baseline
  FAMILY: RVV_SGEMM_FP32_8x8
  PATH: FP32 RVV vector GEMM
  TILE: 8x8 ZVL=256b LMUL=1 UNROLL=8
  WORK: M=1024 N=1024 K=1024 tile_N=32 runs=6
  CORES: cores 0-7 execute RVV kernels
  INPUT_CONTRACT: CANONICAL_FULL_MATRIX
PRIMARY_SOURCE=/home/bananapi/MAT/kernels riscv rvv 1.0/FINAL/riscv-rvv-ime-gemm-microkernels-updated/GEMM_RVV_FP32_INT8_8x8_Baseline/RVV_SGEMM_FP32_8x8/sgemm_kernel_8x8_zvl256b_lmul1_unroll8/sgemm_kernel_8x8_zvl256b_lmul1_unroll8.c
    run 1: NUMERICAL_FAILED GFLOPS=0.000000 time=0.261607543 threads=8 validation=1
      schedule: static chunk=0
      workers: 0:cpu0:tiles4;1:cpu1:tiles4;2:cpu2:tiles4;3:cpu3:tiles4;4:cpu4:tiles4;5:cpu5:tiles4;6:cpu6:tiles4;7:cpu7:tiles4
    validation gate stopped remaining runs for sgemm_kernel_8x8_zvl256b_lmul1_unroll8
============================================================
KERNEL: sgemm_kernel_8x8_zvl256b_lmul2_unroll1
  MODE: K1 all-core RVV OpenMP baseline
  BASELINE: GEMM_RVV_FP32_INT8_8x8_Baseline
  FAMILY: RVV_SGEMM_FP32_8x8
  PATH: FP32 RVV vector GEMM
  TILE: 8x8 ZVL=256b LMUL=2 UNROLL=1
  WORK: M=1024 N=1024 K=1024 tile_N=32 runs=6
  CORES: cores 0-7 execute RVV kernels
  INPUT_CONTRACT: CANONICAL_FULL_MATRIX
PRIMARY_SOURCE=/home/bananapi/MAT/kernels riscv rvv 1.0/FINAL/riscv-rvv-ime-gemm-microkernels-updated/GEMM_RVV_FP32_INT8_8x8_Baseline/RVV_SGEMM_FP32_8x8/sgemm_kernel_8x8_zvl256b_lmul2_unroll1/sgemm_kernel_8x8_zvl256b_lmul2_unroll1.c
    run 1: NUMERICAL_FAILED GFLOPS=0.000000 time=0.267533083 threads=8 validation=1
      schedule: static chunk=0
      workers: 0:cpu0:tiles4;1:cpu1:tiles4;2:cpu2:tiles4;3:cpu3:tiles4;4:cpu4:tiles4;5:cpu5:tiles4;6:cpu6:tiles4;7:cpu7:tiles4
    validation gate stopped remaining runs for sgemm_kernel_8x8_zvl256b_lmul2_unroll1
============================================================
KERNEL: sgemm_kernel_8x8_zvl256b_lmul2_unroll2
  MODE: K1 all-core RVV OpenMP baseline
  BASELINE: GEMM_RVV_FP32_INT8_8x8_Baseline
  FAMILY: RVV_SGEMM_FP32_8x8
  PATH: FP32 RVV vector GEMM
  TILE: 8x8 ZVL=256b LMUL=2 UNROLL=2
  WORK: M=1024 N=1024 K=1024 tile_N=32 runs=6
  CORES: cores 0-7 execute RVV kernels
  INPUT_CONTRACT: CANONICAL_FULL_MATRIX
PRIMARY_SOURCE=/home/bananapi/MAT/kernels riscv rvv 1.0/FINAL/riscv-rvv-ime-gemm-microkernels-updated/GEMM_RVV_FP32_INT8_8x8_Baseline/RVV_SGEMM_FP32_8x8/sgemm_kernel_8x8_zvl256b_lmul2_unroll2/sgemm_kernel_8x8_zvl256b_lmul2_unroll2.c
    run 1: NUMERICAL_FAILED GFLOPS=0.000000 time=0.270832002 threads=8 validation=1
      schedule: static chunk=0
      workers: 0:cpu0:tiles4;1:cpu1:tiles4;2:cpu2:tiles4;3:cpu3:tiles4;4:cpu4:tiles4;5:cpu5:tiles4;6:cpu6:tiles4;7:cpu7:tiles4
    validation gate stopped remaining runs for sgemm_kernel_8x8_zvl256b_lmul2_unroll2
============================================================
KERNEL: sgemm_kernel_8x8_zvl256b_lmul2_unroll4
  MODE: K1 all-core RVV OpenMP baseline
  BASELINE: GEMM_RVV_FP32_INT8_8x8_Baseline
  FAMILY: RVV_SGEMM_FP32_8x8
  PATH: FP32 RVV vector GEMM
  TILE: 8x8 ZVL=256b LMUL=2 UNROLL=4
  WORK: M=1024 N=1024 K=1024 tile_N=32 runs=6
  CORES: cores 0-7 execute RVV kernels
  INPUT_CONTRACT: CANONICAL_FULL_MATRIX
PRIMARY_SOURCE=/home/bananapi/MAT/kernels riscv rvv 1.0/FINAL/riscv-rvv-ime-gemm-microkernels-updated/GEMM_RVV_FP32_INT8_8x8_Baseline/RVV_SGEMM_FP32_8x8/sgemm_kernel_8x8_zvl256b_lmul2_unroll4/sgemm_kernel_8x8_zvl256b_lmul2_unroll4.c
    run 1: NUMERICAL_FAILED GFLOPS=0.000000 time=0.264744624 threads=8 validation=1
      schedule: static chunk=0
      workers: 0:cpu0:tiles4;1:cpu1:tiles4;2:cpu2:tiles4;3:cpu3:tiles4;4:cpu4:tiles4;5:cpu5:tiles4;6:cpu6:tiles4;7:cpu7:tiles4
    validation gate stopped remaining runs for sgemm_kernel_8x8_zvl256b_lmul2_unroll4
============================================================
KERNEL: sgemm_kernel_8x8_zvl256b_lmul2_unroll8
  MODE: K1 all-core RVV OpenMP baseline
  BASELINE: GEMM_RVV_FP32_INT8_8x8_Baseline
  FAMILY: RVV_SGEMM_FP32_8x8
  PATH: FP32 RVV vector GEMM
  TILE: 8x8 ZVL=256b LMUL=2 UNROLL=8
  WORK: M=1024 N=1024 K=1024 tile_N=32 runs=6
  CORES: cores 0-7 execute RVV kernels
  INPUT_CONTRACT: CANONICAL_FULL_MATRIX
PRIMARY_SOURCE=/home/bananapi/MAT/kernels riscv rvv 1.0/FINAL/riscv-rvv-ime-gemm-microkernels-updated/GEMM_RVV_FP32_INT8_8x8_Baseline/RVV_SGEMM_FP32_8x8/sgemm_kernel_8x8_zvl256b_lmul2_unroll8/sgemm_kernel_8x8_zvl256b_lmul2_unroll8.c
    run 1: NUMERICAL_FAILED GFLOPS=0.000000 time=0.260476626 threads=8 validation=1
      schedule: static chunk=0
      workers: 0:cpu0:tiles4;1:cpu1:tiles4;2:cpu2:tiles4;3:cpu3:tiles4;4:cpu4:tiles4;5:cpu5:tiles4;6:cpu6:tiles4;7:cpu7:tiles4
    validation gate stopped remaining runs for sgemm_kernel_8x8_zvl256b_lmul2_unroll8
============================================================
KERNEL: sgemm_kernel_8x8_zvl256b_lmul4_unroll1
  MODE: K1 all-core RVV OpenMP baseline
  BASELINE: GEMM_RVV_FP32_INT8_8x8_Baseline
  FAMILY: RVV_SGEMM_FP32_8x8
  PATH: FP32 RVV vector GEMM
  TILE: 8x8 ZVL=256b LMUL=4 UNROLL=1
  WORK: M=1024 N=1024 K=1024 tile_N=32 runs=6
  CORES: cores 0-7 execute RVV kernels
  INPUT_CONTRACT: CANONICAL_FULL_MATRIX
PRIMARY_SOURCE=/home/bananapi/MAT/kernels riscv rvv 1.0/FINAL/riscv-rvv-ime-gemm-microkernels-updated/GEMM_RVV_FP32_INT8_8x8_Baseline/RVV_SGEMM_FP32_8x8/sgemm_kernel_8x8_zvl256b_lmul4_unroll1/sgemm_kernel_8x8_zvl256b_lmul4_unroll1.c
    run 1: NUMERICAL_FAILED GFLOPS=0.000000 time=0.341969583 threads=8 validation=1
      schedule: static chunk=0
      workers: 0:cpu0:tiles4;1:cpu1:tiles4;2:cpu2:tiles4;3:cpu3:tiles4;4:cpu4:tiles4;5:cpu5:tiles4;6:cpu6:tiles4;7:cpu7:tiles4
    validation gate stopped remaining runs for sgemm_kernel_8x8_zvl256b_lmul4_unroll1
============================================================
KERNEL: sgemm_kernel_8x8_zvl256b_lmul4_unroll2
  MODE: K1 all-core RVV OpenMP baseline
  BASELINE: GEMM_RVV_FP32_INT8_8x8_Baseline
  FAMILY: RVV_SGEMM_FP32_8x8
  PATH: FP32 RVV vector GEMM
  TILE: 8x8 ZVL=256b LMUL=4 UNROLL=2
  WORK: M=1024 N=1024 K=1024 tile_N=32 runs=6
  CORES: cores 0-7 execute RVV kernels
  INPUT_CONTRACT: CANONICAL_FULL_MATRIX
PRIMARY_SOURCE=/home/bananapi/MAT/kernels riscv rvv 1.0/FINAL/riscv-rvv-ime-gemm-microkernels-updated/GEMM_RVV_FP32_INT8_8x8_Baseline/RVV_SGEMM_FP32_8x8/sgemm_kernel_8x8_zvl256b_lmul4_unroll2/sgemm_kernel_8x8_zvl256b_lmul4_unroll2.c
    run 1: NUMERICAL_FAILED GFLOPS=0.000000 time=0.581375960 threads=8 validation=1
      schedule: static chunk=0
      workers: 0:cpu0:tiles4;1:cpu1:tiles4;2:cpu2:tiles4;3:cpu3:tiles4;4:cpu4:tiles4;5:cpu5:tiles4;6:cpu6:tiles4;7:cpu7:tiles4
    validation gate stopped remaining runs for sgemm_kernel_8x8_zvl256b_lmul4_unroll2
============================================================
KERNEL: sgemm_kernel_8x8_zvl256b_lmul4_unroll4
  MODE: K1 all-core RVV OpenMP baseline
  BASELINE: GEMM_RVV_FP32_INT8_8x8_Baseline
  FAMILY: RVV_SGEMM_FP32_8x8
  PATH: FP32 RVV vector GEMM
  TILE: 8x8 ZVL=256b LMUL=4 UNROLL=4
  WORK: M=1024 N=1024 K=1024 tile_N=32 runs=6
  CORES: cores 0-7 execute RVV kernels
  INPUT_CONTRACT: CANONICAL_FULL_MATRIX
PRIMARY_SOURCE=/home/bananapi/MAT/kernels riscv rvv 1.0/FINAL/riscv-rvv-ime-gemm-microkernels-updated/GEMM_RVV_FP32_INT8_8x8_Baseline/RVV_SGEMM_FP32_8x8/sgemm_kernel_8x8_zvl256b_lmul4_unroll4/sgemm_kernel_8x8_zvl256b_lmul4_unroll4.c
    run 1: NUMERICAL_FAILED GFLOPS=0.000000 time=0.376676794 threads=8 validation=1
      schedule: static chunk=0
      workers: 0:cpu0:tiles4;1:cpu1:tiles4;2:cpu2:tiles4;3:cpu3:tiles4;4:cpu4:tiles4;5:cpu5:tiles4;6:cpu6:tiles4;7:cpu7:tiles4
    validation gate stopped remaining runs for sgemm_kernel_8x8_zvl256b_lmul4_unroll4
============================================================
KERNEL: sgemm_kernel_8x8_zvl256b_lmul4_unroll8
  MODE: K1 all-core RVV OpenMP baseline
  BASELINE: GEMM_RVV_FP32_INT8_8x8_Baseline
  FAMILY: RVV_SGEMM_FP32_8x8
  PATH: FP32 RVV vector GEMM
  TILE: 8x8 ZVL=256b LMUL=4 UNROLL=8
  WORK: M=1024 N=1024 K=1024 tile_N=32 runs=6
  CORES: cores 0-7 execute RVV kernels
  INPUT_CONTRACT: CANONICAL_FULL_MATRIX
PRIMARY_SOURCE=/home/bananapi/MAT/kernels riscv rvv 1.0/FINAL/riscv-rvv-ime-gemm-microkernels-updated/GEMM_RVV_FP32_INT8_8x8_Baseline/RVV_SGEMM_FP32_8x8/sgemm_kernel_8x8_zvl256b_lmul4_unroll8/sgemm_kernel_8x8_zvl256b_lmul4_unroll8.c
    run 1: NUMERICAL_FAILED GFLOPS=0.000000 time=0.359366003 threads=8 validation=1
      schedule: static chunk=0
      workers: 0:cpu0:tiles4;1:cpu1:tiles4;2:cpu2:tiles4;3:cpu3:tiles4;4:cpu4:tiles4;5:cpu5:tiles4;6:cpu6:tiles4;7:cpu7:tiles4
    validation gate stopped remaining runs for sgemm_kernel_8x8_zvl256b_lmul4_unroll8
============================================================
KERNEL: sgemm_kernel_8x8_zvl256b_lmul8_unroll1
  MODE: K1 all-core RVV OpenMP baseline
  BASELINE: GEMM_RVV_FP32_INT8_8x8_Baseline
  FAMILY: RVV_SGEMM_FP32_8x8
  PATH: FP32 RVV vector GEMM
  TILE: 8x8 ZVL=256b LMUL=8 UNROLL=1
  WORK: M=1024 N=1024 K=1024 tile_N=32 runs=6
  CORES: cores 0-7 execute RVV kernels
  INPUT_CONTRACT: CANONICAL_FULL_MATRIX
PRIMARY_SOURCE=/home/bananapi/MAT/kernels riscv rvv 1.0/FINAL/riscv-rvv-ime-gemm-microkernels-updated/GEMM_RVV_FP32_INT8_8x8_Baseline/RVV_SGEMM_FP32_8x8/sgemm_kernel_8x8_zvl256b_lmul8_unroll1/sgemm_kernel_8x8_zvl256b_lmul8_unroll1.c
    run 1: NUMERICAL_FAILED GFLOPS=0.000000 time=0.688223209 threads=8 validation=1
      schedule: static chunk=0
      workers: 0:cpu0:tiles4;1:cpu1:tiles4;2:cpu2:tiles4;3:cpu3:tiles4;4:cpu4:tiles4;5:cpu5:tiles4;6:cpu6:tiles4;7:cpu7:tiles4
    validation gate stopped remaining runs for sgemm_kernel_8x8_zvl256b_lmul8_unroll1
============================================================
KERNEL: sgemm_kernel_8x8_zvl256b_lmul8_unroll2
  MODE: K1 all-core RVV OpenMP baseline
  BASELINE: GEMM_RVV_FP32_INT8_8x8_Baseline
  FAMILY: RVV_SGEMM_FP32_8x8
  PATH: FP32 RVV vector GEMM
  TILE: 8x8 ZVL=256b LMUL=8 UNROLL=2
  WORK: M=1024 N=1024 K=1024 tile_N=32 runs=6
  CORES: cores 0-7 execute RVV kernels
  INPUT_CONTRACT: CANONICAL_FULL_MATRIX
PRIMARY_SOURCE=/home/bananapi/MAT/kernels riscv rvv 1.0/FINAL/riscv-rvv-ime-gemm-microkernels-updated/GEMM_RVV_FP32_INT8_8x8_Baseline/RVV_SGEMM_FP32_8x8/sgemm_kernel_8x8_zvl256b_lmul8_unroll2/sgemm_kernel_8x8_zvl256b_lmul8_unroll2.c
    run 1: NUMERICAL_FAILED GFLOPS=0.000000 time=0.692238752 threads=8 validation=1
      schedule: static chunk=0
      workers: 0:cpu0:tiles4;1:cpu1:tiles4;2:cpu2:tiles4;3:cpu3:tiles4;4:cpu4:tiles4;5:cpu5:tiles4;6:cpu6:tiles4;7:cpu7:tiles4
    validation gate stopped remaining runs for sgemm_kernel_8x8_zvl256b_lmul8_unroll2
============================================================
KERNEL: sgemm_kernel_8x8_zvl256b_lmul8_unroll4
  MODE: K1 all-core RVV OpenMP baseline
  BASELINE: GEMM_RVV_FP32_INT8_8x8_Baseline
  FAMILY: RVV_SGEMM_FP32_8x8
  PATH: FP32 RVV vector GEMM
  TILE: 8x8 ZVL=256b LMUL=8 UNROLL=4
  WORK: M=1024 N=1024 K=1024 tile_N=32 runs=6
  CORES: cores 0-7 execute RVV kernels
  INPUT_CONTRACT: CANONICAL_FULL_MATRIX
PRIMARY_SOURCE=/home/bananapi/MAT/kernels riscv rvv 1.0/FINAL/riscv-rvv-ime-gemm-microkernels-updated/GEMM_RVV_FP32_INT8_8x8_Baseline/RVV_SGEMM_FP32_8x8/sgemm_kernel_8x8_zvl256b_lmul8_unroll4/sgemm_kernel_8x8_zvl256b_lmul8_unroll4.c
    run 1: NUMERICAL_FAILED GFLOPS=0.000000 time=0.813312043 threads=8 validation=1
      schedule: static chunk=0
      workers: 0:cpu0:tiles4;1:cpu1:tiles4;2:cpu2:tiles4;3:cpu3:tiles4;4:cpu4:tiles4;5:cpu5:tiles4;6:cpu6:tiles4;7:cpu7:tiles4
    validation gate stopped remaining runs for sgemm_kernel_8x8_zvl256b_lmul8_unroll4
============================================================
KERNEL: sgemm_kernel_8x8_zvl256b_lmul8_unroll8
  MODE: K1 all-core RVV OpenMP baseline
  BASELINE: GEMM_RVV_FP32_INT8_8x8_Baseline
  FAMILY: RVV_SGEMM_FP32_8x8
  PATH: FP32 RVV vector GEMM
  TILE: 8x8 ZVL=256b LMUL=8 UNROLL=8
  WORK: M=1024 N=1024 K=1024 tile_N=32 runs=6
  CORES: cores 0-7 execute RVV kernels
  INPUT_CONTRACT: CANONICAL_FULL_MATRIX
PRIMARY_SOURCE=/home/bananapi/MAT/kernels riscv rvv 1.0/FINAL/riscv-rvv-ime-gemm-microkernels-updated/GEMM_RVV_FP32_INT8_8x8_Baseline/RVV_SGEMM_FP32_8x8/sgemm_kernel_8x8_zvl256b_lmul8_unroll8/sgemm_kernel_8x8_zvl256b_lmul8_unroll8.c
    run 1: NUMERICAL_FAILED GFLOPS=0.000000 time=0.806225628 threads=8 validation=1
      schedule: static chunk=0
      workers: 0:cpu0:tiles4;1:cpu1:tiles4;2:cpu2:tiles4;3:cpu3:tiles4;4:cpu4:tiles4;5:cpu5:tiles4;6:cpu6:tiles4;7:cpu7:tiles4
    validation gate stopped remaining runs for sgemm_kernel_8x8_zvl256b_lmul8_unroll8
============================================================
KERNEL: dgemm_kernel_8x4_zvl256b_lmul2_unroll1
  MODE: K1 all-core RVV OpenMP baseline
  BASELINE: GEMM_RVV_FP64_INT8_8x4_Baseline
  FAMILY: RVV_DGEMM_FP64_8x4
  PATH: FP64 RVV vector GEMM
  TILE: 8x4 ZVL=256b LMUL=2 UNROLL=1
  WORK: M=1024 N=1024 K=1024 tile_N=32 runs=6
  CORES: cores 0-7 execute RVV kernels
  INPUT_CONTRACT: CANONICAL_FULL_MATRIX
PRIMARY_SOURCE=/home/bananapi/MAT/kernels riscv rvv 1.0/FINAL/riscv-rvv-ime-gemm-microkernels-updated/GEMM_RVV_FP64_INT8_8x4_Baseline/RVV_DGEMM_FP64_8x4/dgemm_kernel_8x4_zvl256b_lmul2_unroll1/dgemm_kernel_8x4_zvl256b_lmul2_unroll1.c
    run 1: OK GFLOPS=4.328491 time=0.496127542 threads=8 validation=1
      schedule: static chunk=0
      workers: 0:cpu0:tiles4;1:cpu1:tiles4;2:cpu2:tiles4;3:cpu3:tiles4;4:cpu4:tiles4;5:cpu5:tiles4;6:cpu6:tiles4;7:cpu7:tiles4
    run 2: OK GFLOPS=4.391338 time=0.489027169 threads=8 validation=0
      schedule: static chunk=0
      workers: 0:cpu0:tiles4;1:cpu1:tiles4;2:cpu2:tiles4;3:cpu3:tiles4;4:cpu4:tiles4;5:cpu5:tiles4;6:cpu6:tiles4;7:cpu7:tiles4
    run 3: OK GFLOPS=4.435824 time=0.484122876 threads=8 validation=0
      schedule: static chunk=0
      workers: 0:cpu0:tiles4;1:cpu1:tiles4;2:cpu2:tiles4;3:cpu3:tiles4;4:cpu4:tiles4;5:cpu5:tiles4;6:cpu6:tiles4;7:cpu7:tiles4
    run 4: OK GFLOPS=4.380896 time=0.490192834 threads=8 validation=0
      schedule: static chunk=0
      workers: 0:cpu0:tiles4;1:cpu1:tiles4;2:cpu2:tiles4;3:cpu3:tiles4;4:cpu4:tiles4;5:cpu5:tiles4;6:cpu6:tiles4;7:cpu7:tiles4
    run 5: OK GFLOPS=4.397004 time=0.488397043 threads=8 validation=0
      schedule: static chunk=0
      workers: 0:cpu0:tiles4;1:cpu1:tiles4;2:cpu2:tiles4;3:cpu3:tiles4;4:cpu4:tiles4;5:cpu5:tiles4;6:cpu6:tiles4;7:cpu7:tiles4
    run 6: OK GFLOPS=4.298672 time=0.499569044 threads=8 validation=0
      schedule: static chunk=0
      workers: 0:cpu0:tiles4;1:cpu1:tiles4;2:cpu2:tiles4;3:cpu3:tiles4;4:cpu4:tiles4;5:cpu5:tiles4;6:cpu6:tiles4;7:cpu7:tiles4
============================================================
KERNEL: dgemm_kernel_8x4_zvl256b_lmul2_unroll2
  MODE: K1 all-core RVV OpenMP baseline
  BASELINE: GEMM_RVV_FP64_INT8_8x4_Baseline
  FAMILY: RVV_DGEMM_FP64_8x4
  PATH: FP64 RVV vector GEMM
  TILE: 8x4 ZVL=256b LMUL=2 UNROLL=2
  WORK: M=1024 N=1024 K=1024 tile_N=32 runs=6
  CORES: cores 0-7 execute RVV kernels
  INPUT_CONTRACT: CANONICAL_FULL_MATRIX
PRIMARY_SOURCE=/home/bananapi/MAT/kernels riscv rvv 1.0/FINAL/riscv-rvv-ime-gemm-microkernels-updated/GEMM_RVV_FP64_INT8_8x4_Baseline/RVV_DGEMM_FP64_8x4/dgemm_kernel_8x4_zvl256b_lmul2_unroll2/dgemm_kernel_8x4_zvl256b_lmul2_unroll2.c
    run 1: OK GFLOPS=4.338736 time=0.494956080 threads=8 validation=1
      schedule: static chunk=0
      workers: 0:cpu0:tiles4;1:cpu1:tiles4;2:cpu2:tiles4;3:cpu3:tiles4;4:cpu4:tiles4;5:cpu5:tiles4;6:cpu6:tiles4;7:cpu7:tiles4
    run 2: OK GFLOPS=4.354605 time=0.493152373 threads=8 validation=0
      schedule: static chunk=0
      workers: 0:cpu0:tiles4;1:cpu1:tiles4;2:cpu2:tiles4;3:cpu3:tiles4;4:cpu4:tiles4;5:cpu5:tiles4;6:cpu6:tiles4;7:cpu7:tiles4
    run 3: OK GFLOPS=4.357797 time=0.492791127 threads=8 validation=0
      schedule: static chunk=0
      workers: 0:cpu0:tiles4;1:cpu1:tiles4;2:cpu2:tiles4;3:cpu3:tiles4;4:cpu4:tiles4;5:cpu5:tiles4;6:cpu6:tiles4;7:cpu7:tiles4
    run 4: OK GFLOPS=4.356301 time=0.492960293 threads=8 validation=0
      schedule: static chunk=0
      workers: 0:cpu0:tiles4;1:cpu1:tiles4;2:cpu2:tiles4;3:cpu3:tiles4;4:cpu4:tiles4;5:cpu5:tiles4;6:cpu6:tiles4;7:cpu7:tiles4
    run 5: OK GFLOPS=4.360632 time=0.492470752 threads=8 validation=0
      schedule: static chunk=0
      workers: 0:cpu0:tiles4;1:cpu1:tiles4;2:cpu2:tiles4;3:cpu3:tiles4;4:cpu4:tiles4;5:cpu5:tiles4;6:cpu6:tiles4;7:cpu7:tiles4
    run 6: OK GFLOPS=4.326871 time=0.496313334 threads=8 validation=0
      schedule: static chunk=0
      workers: 0:cpu0:tiles4;1:cpu1:tiles4;2:cpu2:tiles4;3:cpu3:tiles4;4:cpu4:tiles4;5:cpu5:tiles4;6:cpu6:tiles4;7:cpu7:tiles4
============================================================
KERNEL: dgemm_kernel_8x4_zvl256b_lmul2_unroll4
  MODE: K1 all-core RVV OpenMP baseline
  BASELINE: GEMM_RVV_FP64_INT8_8x4_Baseline
  FAMILY: RVV_DGEMM_FP64_8x4
  PATH: FP64 RVV vector GEMM
  TILE: 8x4 ZVL=256b LMUL=2 UNROLL=4
  WORK: M=1024 N=1024 K=1024 tile_N=32 runs=6
  CORES: cores 0-7 execute RVV kernels
  INPUT_CONTRACT: CANONICAL_FULL_MATRIX
PRIMARY_SOURCE=/home/bananapi/MAT/kernels riscv rvv 1.0/FINAL/riscv-rvv-ime-gemm-microkernels-updated/GEMM_RVV_FP64_INT8_8x4_Baseline/RVV_DGEMM_FP64_8x4/dgemm_kernel_8x4_zvl256b_lmul2_unroll4/dgemm_kernel_8x4_zvl256b_lmul2_unroll4.c
    run 1: OK GFLOPS=4.275016 time=0.502333499 threads=8 validation=1
      schedule: static chunk=0
      workers: 0:cpu0:tiles4;1:cpu1:tiles4;2:cpu2:tiles4;3:cpu3:tiles4;4:cpu4:tiles4;5:cpu5:tiles4;6:cpu6:tiles4;7:cpu7:tiles4
    run 2: OK GFLOPS=4.463625 time=0.481107585 threads=8 validation=0
      schedule: static chunk=0
      workers: 0:cpu0:tiles4;1:cpu1:tiles4;2:cpu2:tiles4;3:cpu3:tiles4;4:cpu4:tiles4;5:cpu5:tiles4;6:cpu6:tiles4;7:cpu7:tiles4
    run 3: OK GFLOPS=4.370242 time=0.491387792 threads=8 validation=0
      schedule: static chunk=0
      workers: 0:cpu0:tiles4;1:cpu1:tiles4;2:cpu2:tiles4;3:cpu3:tiles4;4:cpu4:tiles4;5:cpu5:tiles4;6:cpu6:tiles4;7:cpu7:tiles4
    run 4: OK GFLOPS=4.313237 time=0.497882124 threads=8 validation=0
      schedule: static chunk=0
      workers: 0:cpu0:tiles4;1:cpu1:tiles4;2:cpu2:tiles4;3:cpu3:tiles4;4:cpu4:tiles4;5:cpu5:tiles4;6:cpu6:tiles4;7:cpu7:tiles4
    run 5: OK GFLOPS=4.404764 time=0.487536628 threads=8 validation=0
      schedule: static chunk=0
      workers: 0:cpu0:tiles4;1:cpu1:tiles4;2:cpu2:tiles4;3:cpu3:tiles4;4:cpu4:tiles4;5:cpu5:tiles4;6:cpu6:tiles4;7:cpu7:tiles4
    run 6: OK GFLOPS=4.263777 time=0.503657628 threads=8 validation=0
      schedule: static chunk=0
      workers: 0:cpu0:tiles4;1:cpu1:tiles4;2:cpu2:tiles4;3:cpu3:tiles4;4:cpu4:tiles4;5:cpu5:tiles4;6:cpu6:tiles4;7:cpu7:tiles4
============================================================
KERNEL: dgemm_kernel_8x4_zvl256b_lmul2_unroll8
  MODE: K1 all-core RVV OpenMP baseline
  BASELINE: GEMM_RVV_FP64_INT8_8x4_Baseline
  FAMILY: RVV_DGEMM_FP64_8x4
  PATH: FP64 RVV vector GEMM
  TILE: 8x4 ZVL=256b LMUL=2 UNROLL=8
  WORK: M=1024 N=1024 K=1024 tile_N=32 runs=6
  CORES: cores 0-7 execute RVV kernels
  INPUT_CONTRACT: CANONICAL_FULL_MATRIX
PRIMARY_SOURCE=/home/bananapi/MAT/kernels riscv rvv 1.0/FINAL/riscv-rvv-ime-gemm-microkernels-updated/GEMM_RVV_FP64_INT8_8x4_Baseline/RVV_DGEMM_FP64_8x4/dgemm_kernel_8x4_zvl256b_lmul2_unroll8/dgemm_kernel_8x4_zvl256b_lmul2_unroll8.c
    run 1: OK GFLOPS=4.330168 time=0.495935418 threads=8 validation=1
      schedule: static chunk=0
      workers: 0:cpu0:tiles4;1:cpu1:tiles4;2:cpu2:tiles4;3:cpu3:tiles4;4:cpu4:tiles4;5:cpu5:tiles4;6:cpu6:tiles4;7:cpu7:tiles4
    run 2: OK GFLOPS=4.355352 time=0.493067708 threads=8 validation=0
      schedule: static chunk=0
      workers: 0:cpu0:tiles4;1:cpu1:tiles4;2:cpu2:tiles4;3:cpu3:tiles4;4:cpu4:tiles4;5:cpu5:tiles4;6:cpu6:tiles4;7:cpu7:tiles4
    run 3: OK GFLOPS=4.408113 time=0.487166166 threads=8 validation=0
      schedule: static chunk=0
      workers: 0:cpu0:tiles4;1:cpu1:tiles4;2:cpu2:tiles4;3:cpu3:tiles4;4:cpu4:tiles4;5:cpu5:tiles4;6:cpu6:tiles4;7:cpu7:tiles4
    run 4: OK GFLOPS=4.356719 time=0.492913000 threads=8 validation=0
      schedule: static chunk=0
      workers: 0:cpu0:tiles4;1:cpu1:tiles4;2:cpu2:tiles4;3:cpu3:tiles4;4:cpu4:tiles4;5:cpu5:tiles4;6:cpu6:tiles4;7:cpu7:tiles4
    run 5: OK GFLOPS=4.368271 time=0.491609503 threads=8 validation=0
      schedule: static chunk=0
      workers: 0:cpu0:tiles4;1:cpu1:tiles4;2:cpu2:tiles4;3:cpu3:tiles4;4:cpu4:tiles4;5:cpu5:tiles4;6:cpu6:tiles4;7:cpu7:tiles4
    run 6: OK GFLOPS=4.386640 time=0.489550959 threads=8 validation=0
      schedule: static chunk=0
      workers: 0:cpu0:tiles4;1:cpu1:tiles4;2:cpu2:tiles4;3:cpu3:tiles4;4:cpu4:tiles4;5:cpu5:tiles4;6:cpu6:tiles4;7:cpu7:tiles4
============================================================
KERNEL: dgemm_kernel_8x4_zvl256b_lmul4_unroll1
  MODE: K1 all-core RVV OpenMP baseline
  BASELINE: GEMM_RVV_FP64_INT8_8x4_Baseline
  FAMILY: RVV_DGEMM_FP64_8x4
  PATH: FP64 RVV vector GEMM
  TILE: 8x4 ZVL=256b LMUL=4 UNROLL=1
  WORK: M=1024 N=1024 K=1024 tile_N=32 runs=6
  CORES: cores 0-7 execute RVV kernels
  INPUT_CONTRACT: CANONICAL_FULL_MATRIX
PRIMARY_SOURCE=/home/bananapi/MAT/kernels riscv rvv 1.0/FINAL/riscv-rvv-ime-gemm-microkernels-updated/GEMM_RVV_FP64_INT8_8x4_Baseline/RVV_DGEMM_FP64_8x4/dgemm_kernel_8x4_zvl256b_lmul4_unroll1/dgemm_kernel_8x4_zvl256b_lmul4_unroll1.c
    run 1: OK GFLOPS=4.278866 time=0.501881499 threads=8 validation=1
      schedule: static chunk=0
      workers: 0:cpu0:tiles4;1:cpu1:tiles4;2:cpu2:tiles4;3:cpu3:tiles4;4:cpu4:tiles4;5:cpu5:tiles4;6:cpu6:tiles4;7:cpu7:tiles4
    run 2: OK GFLOPS=4.337079 time=0.495145209 threads=8 validation=0
      schedule: static chunk=0
      workers: 0:cpu0:tiles4;1:cpu1:tiles4;2:cpu2:tiles4;3:cpu3:tiles4;4:cpu4:tiles4;5:cpu5:tiles4;6:cpu6:tiles4;7:cpu7:tiles4
    run 3: OK GFLOPS=4.366129 time=0.491850749 threads=8 validation=0
      schedule: static chunk=0
      workers: 0:cpu0:tiles4;1:cpu1:tiles4;2:cpu2:tiles4;3:cpu3:tiles4;4:cpu4:tiles4;5:cpu5:tiles4;6:cpu6:tiles4;7:cpu7:tiles4
    run 4: OK GFLOPS=4.348695 time=0.493822541 threads=8 validation=0
      schedule: static chunk=0
      workers: 0:cpu0:tiles4;1:cpu1:tiles4;2:cpu2:tiles4;3:cpu3:tiles4;4:cpu4:tiles4;5:cpu5:tiles4;6:cpu6:tiles4;7:cpu7:tiles4
    run 5: OK GFLOPS=4.313073 time=0.497901041 threads=8 validation=0
      schedule: static chunk=0
      workers: 0:cpu0:tiles4;1:cpu1:tiles4;2:cpu2:tiles4;3:cpu3:tiles4;4:cpu4:tiles4;5:cpu5:tiles4;6:cpu6:tiles4;7:cpu7:tiles4
    run 6: OK GFLOPS=4.302387 time=0.499137666 threads=8 validation=0
      schedule: static chunk=0
      workers: 0:cpu0:tiles4;1:cpu1:tiles4;2:cpu2:tiles4;3:cpu3:tiles4;4:cpu4:tiles4;5:cpu5:tiles4;6:cpu6:tiles4;7:cpu7:tiles4
============================================================
KERNEL: dgemm_kernel_8x4_zvl256b_lmul4_unroll2
  MODE: K1 all-core RVV OpenMP baseline
  BASELINE: GEMM_RVV_FP64_INT8_8x4_Baseline
  FAMILY: RVV_DGEMM_FP64_8x4
  PATH: FP64 RVV vector GEMM
  TILE: 8x4 ZVL=256b LMUL=4 UNROLL=2
  WORK: M=1024 N=1024 K=1024 tile_N=32 runs=6
  CORES: cores 0-7 execute RVV kernels
  INPUT_CONTRACT: CANONICAL_FULL_MATRIX
PRIMARY_SOURCE=/home/bananapi/MAT/kernels riscv rvv 1.0/FINAL/riscv-rvv-ime-gemm-microkernels-updated/GEMM_RVV_FP64_INT8_8x4_Baseline/RVV_DGEMM_FP64_8x4/dgemm_kernel_8x4_zvl256b_lmul4_unroll2/dgemm_kernel_8x4_zvl256b_lmul4_unroll2.c
    run 1: OK GFLOPS=4.300364 time=0.499372583 threads=8 validation=1
      schedule: static chunk=0
      workers: 0:cpu0:tiles4;1:cpu1:tiles4;2:cpu2:tiles4;3:cpu3:tiles4;4:cpu4:tiles4;5:cpu5:tiles4;6:cpu6:tiles4;7:cpu7:tiles4
    run 2: OK GFLOPS=4.321261 time=0.496957667 threads=8 validation=0
      schedule: static chunk=0
      workers: 0:cpu0:tiles4;1:cpu1:tiles4;2:cpu2:tiles4;3:cpu3:tiles4;4:cpu4:tiles4;5:cpu5:tiles4;6:cpu6:tiles4;7:cpu7:tiles4
    run 3: OK GFLOPS=4.319385 time=0.497173417 threads=8 validation=0
      schedule: static chunk=0
      workers: 0:cpu0:tiles4;1:cpu1:tiles4;2:cpu2:tiles4;3:cpu3:tiles4;4:cpu4:tiles4;5:cpu5:tiles4;6:cpu6:tiles4;7:cpu7:tiles4
    run 4: OK GFLOPS=4.349845 time=0.493691958 threads=8 validation=0
      schedule: static chunk=0
      workers: 0:cpu0:tiles4;1:cpu1:tiles4;2:cpu2:tiles4;3:cpu3:tiles4;4:cpu4:tiles4;5:cpu5:tiles4;6:cpu6:tiles4;7:cpu7:tiles4
    run 5: OK GFLOPS=4.321182 time=0.496966749 threads=8 validation=0
      schedule: static chunk=0
      workers: 0:cpu0:tiles4;1:cpu1:tiles4;2:cpu2:tiles4;3:cpu3:tiles4;4:cpu4:tiles4;5:cpu5:tiles4;6:cpu6:tiles4;7:cpu7:tiles4
    run 6: OK GFLOPS=4.347870 time=0.493916210 threads=8 validation=0
      schedule: static chunk=0
      workers: 0:cpu0:tiles4;1:cpu1:tiles4;2:cpu2:tiles4;3:cpu3:tiles4;4:cpu4:tiles4;5:cpu5:tiles4;6:cpu6:tiles4;7:cpu7:tiles4
============================================================
KERNEL: dgemm_kernel_8x4_zvl256b_lmul4_unroll4
  MODE: K1 all-core RVV OpenMP baseline
  BASELINE: GEMM_RVV_FP64_INT8_8x4_Baseline
  FAMILY: RVV_DGEMM_FP64_8x4
  PATH: FP64 RVV vector GEMM
  TILE: 8x4 ZVL=256b LMUL=4 UNROLL=4
  WORK: M=1024 N=1024 K=1024 tile_N=32 runs=6
  CORES: cores 0-7 execute RVV kernels
  INPUT_CONTRACT: CANONICAL_FULL_MATRIX
PRIMARY_SOURCE=/home/bananapi/MAT/kernels riscv rvv 1.0/FINAL/riscv-rvv-ime-gemm-microkernels-updated/GEMM_RVV_FP64_INT8_8x4_Baseline/RVV_DGEMM_FP64_8x4/dgemm_kernel_8x4_zvl256b_lmul4_unroll4/dgemm_kernel_8x4_zvl256b_lmul4_unroll4.c
    run 1: OK GFLOPS=4.331051 time=0.495834291 threads=8 validation=1
      schedule: static chunk=0
      workers: 0:cpu0:tiles4;1:cpu1:tiles4;2:cpu2:tiles4;3:cpu3:tiles4;4:cpu4:tiles4;5:cpu5:tiles4;6:cpu6:tiles4;7:cpu7:tiles4
    run 2: OK GFLOPS=4.359400 time=0.492609877 threads=8 validation=0
      schedule: static chunk=0
      workers: 0:cpu0:tiles4;1:cpu1:tiles4;2:cpu2:tiles4;3:cpu3:tiles4;4:cpu4:tiles4;5:cpu5:tiles4;6:cpu6:tiles4;7:cpu7:tiles4
    run 3: OK GFLOPS=4.355791 time=0.493018083 threads=8 validation=0
      schedule: static chunk=0
      workers: 0:cpu0:tiles4;1:cpu1:tiles4;2:cpu2:tiles4;3:cpu3:tiles4;4:cpu4:tiles4;5:cpu5:tiles4;6:cpu6:tiles4;7:cpu7:tiles4
    run 4: OK GFLOPS=4.416163 time=0.486278165 threads=8 validation=0
      schedule: static chunk=0
      workers: 0:cpu0:tiles4;1:cpu1:tiles4;2:cpu2:tiles4;3:cpu3:tiles4;4:cpu4:tiles4;5:cpu5:tiles4;6:cpu6:tiles4;7:cpu7:tiles4
    run 5: OK GFLOPS=4.315519 time=0.497618917 threads=8 validation=0
      schedule: static chunk=0
      workers: 0:cpu0:tiles4;1:cpu1:tiles4;2:cpu2:tiles4;3:cpu3:tiles4;4:cpu4:tiles4;5:cpu5:tiles4;6:cpu6:tiles4;7:cpu7:tiles4
    run 6: OK GFLOPS=4.303794 time=0.498974539 threads=8 validation=0
      schedule: static chunk=0
      workers: 0:cpu0:tiles4;1:cpu1:tiles4;2:cpu2:tiles4;3:cpu3:tiles4;4:cpu4:tiles4;5:cpu5:tiles4;6:cpu6:tiles4;7:cpu7:tiles4
============================================================
KERNEL: dgemm_kernel_8x4_zvl256b_lmul4_unroll8
  MODE: K1 all-core RVV OpenMP baseline
  BASELINE: GEMM_RVV_FP64_INT8_8x4_Baseline
  FAMILY: RVV_DGEMM_FP64_8x4
  PATH: FP64 RVV vector GEMM
  TILE: 8x4 ZVL=256b LMUL=4 UNROLL=8
  WORK: M=1024 N=1024 K=1024 tile_N=32 runs=6
  CORES: cores 0-7 execute RVV kernels
  INPUT_CONTRACT: CANONICAL_FULL_MATRIX
PRIMARY_SOURCE=/home/bananapi/MAT/kernels riscv rvv 1.0/FINAL/riscv-rvv-ime-gemm-microkernels-updated/GEMM_RVV_FP64_INT8_8x4_Baseline/RVV_DGEMM_FP64_8x4/dgemm_kernel_8x4_zvl256b_lmul4_unroll8/dgemm_kernel_8x4_zvl256b_lmul4_unroll8.c
    run 1: OK GFLOPS=4.276012 time=0.502216458 threads=8 validation=1
      schedule: static chunk=0
      workers: 0:cpu0:tiles4;1:cpu1:tiles4;2:cpu2:tiles4;3:cpu3:tiles4;4:cpu4:tiles4;5:cpu5:tiles4;6:cpu6:tiles4;7:cpu7:tiles4
    run 2: OK GFLOPS=4.344996 time=0.494243000 threads=8 validation=0
      schedule: static chunk=0
      workers: 0:cpu0:tiles4;1:cpu1:tiles4;2:cpu2:tiles4;3:cpu3:tiles4;4:cpu4:tiles4;5:cpu5:tiles4;6:cpu6:tiles4;7:cpu7:tiles4
    run 3: OK GFLOPS=4.364312 time=0.492055502 threads=8 validation=0
      schedule: static chunk=0
      workers: 0:cpu0:tiles4;1:cpu1:tiles4;2:cpu2:tiles4;3:cpu3:tiles4;4:cpu4:tiles4;5:cpu5:tiles4;6:cpu6:tiles4;7:cpu7:tiles4
    run 4: OK GFLOPS=4.359182 time=0.492634498 threads=8 validation=0
      schedule: static chunk=0
      workers: 0:cpu0:tiles4;1:cpu1:tiles4;2:cpu2:tiles4;3:cpu3:tiles4;4:cpu4:tiles4;5:cpu5:tiles4;6:cpu6:tiles4;7:cpu7:tiles4
    run 5: OK GFLOPS=4.343916 time=0.494365875 threads=8 validation=0
      schedule: static chunk=0
      workers: 0:cpu0:tiles4;1:cpu1:tiles4;2:cpu2:tiles4;3:cpu3:tiles4;4:cpu4:tiles4;5:cpu5:tiles4;6:cpu6:tiles4;7:cpu7:tiles4
    run 6: OK GFLOPS=4.317058 time=0.497441459 threads=8 validation=0
      schedule: static chunk=0
      workers: 0:cpu0:tiles4;1:cpu1:tiles4;2:cpu2:tiles4;3:cpu3:tiles4;4:cpu4:tiles4;5:cpu5:tiles4;6:cpu6:tiles4;7:cpu7:tiles4
============================================================
KERNEL: dgemm_kernel_8x4_zvl256b_lmul8_unroll1
  MODE: K1 all-core RVV OpenMP baseline
  BASELINE: GEMM_RVV_FP64_INT8_8x4_Baseline
  FAMILY: RVV_DGEMM_FP64_8x4
  PATH: FP64 RVV vector GEMM
  TILE: 8x4 ZVL=256b LMUL=8 UNROLL=1
  WORK: M=1024 N=1024 K=1024 tile_N=32 runs=6
  CORES: cores 0-7 execute RVV kernels
  INPUT_CONTRACT: CANONICAL_FULL_MATRIX
PRIMARY_SOURCE=/home/bananapi/MAT/kernels riscv rvv 1.0/FINAL/riscv-rvv-ime-gemm-microkernels-updated/GEMM_RVV_FP64_INT8_8x4_Baseline/RVV_DGEMM_FP64_8x4/dgemm_kernel_8x4_zvl256b_lmul8_unroll1/dgemm_kernel_8x4_zvl256b_lmul8_unroll1.c
    run 1: OK GFLOPS=3.350131 time=0.641014833 threads=8 validation=1
      schedule: static chunk=0
      workers: 0:cpu0:tiles4;1:cpu1:tiles4;2:cpu2:tiles4;3:cpu3:tiles4;4:cpu4:tiles4;5:cpu5:tiles4;6:cpu6:tiles4;7:cpu7:tiles4
    run 2: OK GFLOPS=3.286859 time=0.653354332 threads=8 validation=0
      schedule: static chunk=0
      workers: 0:cpu0:tiles4;1:cpu1:tiles4;2:cpu2:tiles4;3:cpu3:tiles4;4:cpu4:tiles4;5:cpu5:tiles4;6:cpu6:tiles4;7:cpu7:tiles4
    run 3: OK GFLOPS=3.334871 time=0.643948086 threads=8 validation=0
      schedule: static chunk=0
      workers: 0:cpu0:tiles4;1:cpu1:tiles4;2:cpu2:tiles4;3:cpu3:tiles4;4:cpu4:tiles4;5:cpu5:tiles4;6:cpu6:tiles4;7:cpu7:tiles4
    run 4: OK GFLOPS=3.362104 time=0.638732124 threads=8 validation=0
      schedule: static chunk=0
      workers: 0:cpu0:tiles4;1:cpu1:tiles4;2:cpu2:tiles4;3:cpu3:tiles4;4:cpu4:tiles4;5:cpu5:tiles4;6:cpu6:tiles4;7:cpu7:tiles4
    run 5: OK GFLOPS=3.416785 time=0.628510002 threads=8 validation=0
      schedule: static chunk=0
      workers: 0:cpu0:tiles4;1:cpu1:tiles4;2:cpu2:tiles4;3:cpu3:tiles4;4:cpu4:tiles4;5:cpu5:tiles4;6:cpu6:tiles4;7:cpu7:tiles4
    run 6: OK GFLOPS=3.268751 time=0.656973794 threads=8 validation=0
      schedule: static chunk=0
      workers: 0:cpu0:tiles4;1:cpu1:tiles4;2:cpu2:tiles4;3:cpu3:tiles4;4:cpu4:tiles4;5:cpu5:tiles4;6:cpu6:tiles4;7:cpu7:tiles4
============================================================
KERNEL: dgemm_kernel_8x4_zvl256b_lmul8_unroll2
  MODE: K1 all-core RVV OpenMP baseline
  BASELINE: GEMM_RVV_FP64_INT8_8x4_Baseline
  FAMILY: RVV_DGEMM_FP64_8x4
  PATH: FP64 RVV vector GEMM
  TILE: 8x4 ZVL=256b LMUL=8 UNROLL=2
  WORK: M=1024 N=1024 K=1024 tile_N=32 runs=6
  CORES: cores 0-7 execute RVV kernels
  INPUT_CONTRACT: CANONICAL_FULL_MATRIX
PRIMARY_SOURCE=/home/bananapi/MAT/kernels riscv rvv 1.0/FINAL/riscv-rvv-ime-gemm-microkernels-updated/GEMM_RVV_FP64_INT8_8x4_Baseline/RVV_DGEMM_FP64_8x4/dgemm_kernel_8x4_zvl256b_lmul8_unroll2/dgemm_kernel_8x4_zvl256b_lmul8_unroll2.c
    run 1: OK GFLOPS=3.001547 time=0.715458915 threads=8 validation=1
      schedule: static chunk=0
      workers: 0:cpu0:tiles4;1:cpu1:tiles4;2:cpu2:tiles4;3:cpu3:tiles4;4:cpu4:tiles4;5:cpu5:tiles4;6:cpu6:tiles4;7:cpu7:tiles4
    run 2: OK GFLOPS=2.988819 time=0.718505833 threads=8 validation=0
      schedule: static chunk=0
      workers: 0:cpu0:tiles4;1:cpu1:tiles4;2:cpu2:tiles4;3:cpu3:tiles4;4:cpu4:tiles4;5:cpu5:tiles4;6:cpu6:tiles4;7:cpu7:tiles4
    run 3: OK GFLOPS=2.982349 time=0.720064420 threads=8 validation=0
      schedule: static chunk=0
      workers: 0:cpu0:tiles4;1:cpu1:tiles4;2:cpu2:tiles4;3:cpu3:tiles4;4:cpu4:tiles4;5:cpu5:tiles4;6:cpu6:tiles4;7:cpu7:tiles4
    run 4: OK GFLOPS=2.991927 time=0.717759334 threads=8 validation=0
      schedule: static chunk=0
      workers: 0:cpu0:tiles4;1:cpu1:tiles4;2:cpu2:tiles4;3:cpu3:tiles4;4:cpu4:tiles4;5:cpu5:tiles4;6:cpu6:tiles4;7:cpu7:tiles4
    run 5: OK GFLOPS=3.015466 time=0.712156583 threads=8 validation=0
      schedule: static chunk=0
      workers: 0:cpu0:tiles4;1:cpu1:tiles4;2:cpu2:tiles4;3:cpu3:tiles4;4:cpu4:tiles4;5:cpu5:tiles4;6:cpu6:tiles4;7:cpu7:tiles4
    run 6: OK GFLOPS=3.078594 time=0.697553333 threads=8 validation=0
      schedule: static chunk=0
      workers: 0:cpu0:tiles4;1:cpu1:tiles4;2:cpu2:tiles4;3:cpu3:tiles4;4:cpu4:tiles4;5:cpu5:tiles4;6:cpu6:tiles4;7:cpu7:tiles4
============================================================
KERNEL: dgemm_kernel_8x4_zvl256b_lmul8_unroll4
  MODE: K1 all-core RVV OpenMP baseline
  BASELINE: GEMM_RVV_FP64_INT8_8x4_Baseline
  FAMILY: RVV_DGEMM_FP64_8x4
  PATH: FP64 RVV vector GEMM
  TILE: 8x4 ZVL=256b LMUL=8 UNROLL=4
  WORK: M=1024 N=1024 K=1024 tile_N=32 runs=6
  CORES: cores 0-7 execute RVV kernels
  INPUT_CONTRACT: CANONICAL_FULL_MATRIX
PRIMARY_SOURCE=/home/bananapi/MAT/kernels riscv rvv 1.0/FINAL/riscv-rvv-ime-gemm-microkernels-updated/GEMM_RVV_FP64_INT8_8x4_Baseline/RVV_DGEMM_FP64_8x4/dgemm_kernel_8x4_zvl256b_lmul8_unroll4/dgemm_kernel_8x4_zvl256b_lmul8_unroll4.c
    run 1: OK GFLOPS=3.046161 time=0.704980373 threads=8 validation=1
      schedule: static chunk=0
      workers: 0:cpu0:tiles4;1:cpu1:tiles4;2:cpu2:tiles4;3:cpu3:tiles4;4:cpu4:tiles4;5:cpu5:tiles4;6:cpu6:tiles4;7:cpu7:tiles4
    run 2: OK GFLOPS=3.073879 time=0.698623374 threads=8 validation=0
      schedule: static chunk=0
      workers: 0:cpu0:tiles4;1:cpu1:tiles4;2:cpu2:tiles4;3:cpu3:tiles4;4:cpu4:tiles4;5:cpu5:tiles4;6:cpu6:tiles4;7:cpu7:tiles4
    run 3: OK GFLOPS=3.071874 time=0.699079294 threads=8 validation=0
      schedule: static chunk=0
      workers: 0:cpu0:tiles4;1:cpu1:tiles4;2:cpu2:tiles4;3:cpu3:tiles4;4:cpu4:tiles4;5:cpu5:tiles4;6:cpu6:tiles4;7:cpu7:tiles4
    run 4: OK GFLOPS=3.061885 time=0.701360002 threads=8 validation=0
      schedule: static chunk=0
      workers: 0:cpu0:tiles4;1:cpu1:tiles4;2:cpu2:tiles4;3:cpu3:tiles4;4:cpu4:tiles4;5:cpu5:tiles4;6:cpu6:tiles4;7:cpu7:tiles4
    run 5: OK GFLOPS=3.090822 time=0.694793709 threads=8 validation=0
      schedule: static chunk=0
      workers: 0:cpu0:tiles4;1:cpu1:tiles4;2:cpu2:tiles4;3:cpu3:tiles4;4:cpu4:tiles4;5:cpu5:tiles4;6:cpu6:tiles4;7:cpu7:tiles4
    run 6: OK GFLOPS=3.061828 time=0.701372959 threads=8 validation=0
      schedule: static chunk=0
      workers: 0:cpu0:tiles4;1:cpu1:tiles4;2:cpu2:tiles4;3:cpu3:tiles4;4:cpu4:tiles4;5:cpu5:tiles4;6:cpu6:tiles4;7:cpu7:tiles4
============================================================
KERNEL: dgemm_kernel_8x4_zvl256b_lmul8_unroll8
  MODE: K1 all-core RVV OpenMP baseline
  BASELINE: GEMM_RVV_FP64_INT8_8x4_Baseline
  FAMILY: RVV_DGEMM_FP64_8x4
  PATH: FP64 RVV vector GEMM
  TILE: 8x4 ZVL=256b LMUL=8 UNROLL=8
  WORK: M=1024 N=1024 K=1024 tile_N=32 runs=6
  CORES: cores 0-7 execute RVV kernels
  INPUT_CONTRACT: CANONICAL_FULL_MATRIX
PRIMARY_SOURCE=/home/bananapi/MAT/kernels riscv rvv 1.0/FINAL/riscv-rvv-ime-gemm-microkernels-updated/GEMM_RVV_FP64_INT8_8x4_Baseline/RVV_DGEMM_FP64_8x4/dgemm_kernel_8x4_zvl256b_lmul8_unroll8/dgemm_kernel_8x4_zvl256b_lmul8_unroll8.c
    run 1: OK GFLOPS=3.256418 time=0.659461875 threads=8 validation=1
      schedule: static chunk=0
      workers: 0:cpu0:tiles4;1:cpu1:tiles4;2:cpu2:tiles4;3:cpu3:tiles4;4:cpu4:tiles4;5:cpu5:tiles4;6:cpu6:tiles4;7:cpu7:tiles4
    run 2: OK GFLOPS=2.871396 time=0.747888334 threads=8 validation=0
      schedule: static chunk=0
      workers: 0:cpu0:tiles4;1:cpu1:tiles4;2:cpu2:tiles4;3:cpu3:tiles4;4:cpu4:tiles4;5:cpu5:tiles4;6:cpu6:tiles4;7:cpu7:tiles4
    run 3: OK GFLOPS=2.825555 time=0.760021959 threads=8 validation=0
      schedule: static chunk=0
      workers: 0:cpu0:tiles4;1:cpu1:tiles4;2:cpu2:tiles4;3:cpu3:tiles4;4:cpu4:tiles4;5:cpu5:tiles4;6:cpu6:tiles4;7:cpu7:tiles4
    run 4: OK GFLOPS=3.131637 time=0.685738459 threads=8 validation=0
      schedule: static chunk=0
      workers: 0:cpu0:tiles4;1:cpu1:tiles4;2:cpu2:tiles4;3:cpu3:tiles4;4:cpu4:tiles4;5:cpu5:tiles4;6:cpu6:tiles4;7:cpu7:tiles4
    run 5: OK GFLOPS=3.220693 time=0.666776918 threads=8 validation=0
      schedule: static chunk=0
      workers: 0:cpu0:tiles4;1:cpu1:tiles4;2:cpu2:tiles4;3:cpu3:tiles4;4:cpu4:tiles4;5:cpu5:tiles4;6:cpu6:tiles4;7:cpu7:tiles4
    run 6: OK GFLOPS=3.224864 time=0.665914416 threads=8 validation=0
      schedule: static chunk=0
      workers: 0:cpu0:tiles4;1:cpu1:tiles4;2:cpu2:tiles4;3:cpu3:tiles4;4:cpu4:tiles4;5:cpu5:tiles4;6:cpu6:tiles4;7:cpu7:tiles4
SKIP_UNSUPPORTED_KERNEL=igemm_kernel_8x4_zvl256b_lmul1_unroll1_i8i32; reason=duplicate INT8 source; canonical tree is GEMM_RVV_FP32_INT8_*
SKIP_UNSUPPORTED_KERNEL=igemm_kernel_8x4_zvl256b_lmul1_unroll2_i8i32; reason=duplicate INT8 source; canonical tree is GEMM_RVV_FP32_INT8_*
SKIP_UNSUPPORTED_KERNEL=igemm_kernel_8x4_zvl256b_lmul1_unroll4_i8i32; reason=duplicate INT8 source; canonical tree is GEMM_RVV_FP32_INT8_*
SKIP_UNSUPPORTED_KERNEL=igemm_kernel_8x4_zvl256b_lmul1_unroll8_i8i32; reason=duplicate INT8 source; canonical tree is GEMM_RVV_FP32_INT8_*
SKIP_UNSUPPORTED_KERNEL=igemm_kernel_8x4_zvl256b_lmul2_unroll1_i8i32; reason=duplicate INT8 source; canonical tree is GEMM_RVV_FP32_INT8_*
SKIP_UNSUPPORTED_KERNEL=igemm_kernel_8x4_zvl256b_lmul2_unroll2_i8i32; reason=duplicate INT8 source; canonical tree is GEMM_RVV_FP32_INT8_*
SKIP_UNSUPPORTED_KERNEL=igemm_kernel_8x4_zvl256b_lmul2_unroll4_i8i32; reason=duplicate INT8 source; canonical tree is GEMM_RVV_FP32_INT8_*
SKIP_UNSUPPORTED_KERNEL=igemm_kernel_8x4_zvl256b_lmul2_unroll8_i8i32; reason=duplicate INT8 source; canonical tree is GEMM_RVV_FP32_INT8_*
SKIP_UNSUPPORTED_KERNEL=igemm_kernel_8x4_zvl256b_lmulmf2_unroll1_i8i32; reason=duplicate INT8 source; canonical tree is GEMM_RVV_FP32_INT8_*
SKIP_UNSUPPORTED_KERNEL=igemm_kernel_8x4_zvl256b_lmulmf2_unroll2_i8i32; reason=duplicate INT8 source; canonical tree is GEMM_RVV_FP32_INT8_*
SKIP_UNSUPPORTED_KERNEL=igemm_kernel_8x4_zvl256b_lmulmf2_unroll4_i8i32; reason=duplicate INT8 source; canonical tree is GEMM_RVV_FP32_INT8_*
SKIP_UNSUPPORTED_KERNEL=igemm_kernel_8x4_zvl256b_lmulmf2_unroll8_i8i32; reason=duplicate INT8 source; canonical tree is GEMM_RVV_FP32_INT8_*
SKIP_UNSUPPORTED_KERNEL=igemm_kernel_8x4_zvl256b_lmulmf4_unroll1_i8i32; reason=duplicate INT8 source; canonical tree is GEMM_RVV_FP32_INT8_*
SKIP_UNSUPPORTED_KERNEL=igemm_kernel_8x4_zvl256b_lmulmf4_unroll2_i8i32; reason=duplicate INT8 source; canonical tree is GEMM_RVV_FP32_INT8_*
SKIP_UNSUPPORTED_KERNEL=igemm_kernel_8x4_zvl256b_lmulmf4_unroll4_i8i32; reason=duplicate INT8 source; canonical tree is GEMM_RVV_FP32_INT8_*
SKIP_UNSUPPORTED_KERNEL=igemm_kernel_8x4_zvl256b_lmulmf4_unroll8_i8i32; reason=duplicate INT8 source; canonical tree is GEMM_RVV_FP32_INT8_*
SKIP_UNSUPPORTED_KERNEL=igemm_kernel_8x4_zvl256b_lmulmf8_unroll1_i8i32; reason=duplicate INT8 source; canonical tree is GEMM_RVV_FP32_INT8_*
SKIP_UNSUPPORTED_KERNEL=igemm_kernel_8x4_zvl256b_lmulmf8_unroll2_i8i32; reason=duplicate INT8 source; canonical tree is GEMM_RVV_FP32_INT8_*
SKIP_UNSUPPORTED_KERNEL=igemm_kernel_8x4_zvl256b_lmulmf8_unroll4_i8i32; reason=duplicate INT8 source; canonical tree is GEMM_RVV_FP32_INT8_*
SKIP_UNSUPPORTED_KERNEL=igemm_kernel_8x4_zvl256b_lmulmf8_unroll8_i8i32; reason=duplicate INT8 source; canonical tree is GEMM_RVV_FP32_INT8_*
============================================================
KERNEL: dgemm_kernel_8x8_zvl256b_lmul1_unroll1
  MODE: K1 all-core RVV OpenMP baseline
  BASELINE: GEMM_RVV_FP64_INT8_8x8_Baseline
  FAMILY: RVV_DGEMM_FP64_8x8
  PATH: FP64 RVV vector GEMM
  TILE: 8x8 ZVL=256b LMUL=1 UNROLL=1
  WORK: M=1024 N=1024 K=1024 tile_N=32 runs=6
  CORES: cores 0-7 execute RVV kernels
  INPUT_CONTRACT: CANONICAL_FULL_MATRIX
PRIMARY_SOURCE=/home/bananapi/MAT/kernels riscv rvv 1.0/FINAL/riscv-rvv-ime-gemm-microkernels-updated/GEMM_RVV_FP64_INT8_8x8_Baseline/RVV_DGEMM_FP64_8x8/dgemm_kernel_8x8_zvl256b_lmul1_unroll1/dgemm_kernel_8x8_zvl256b_lmul1_unroll1.c
    run 1: OK GFLOPS=5.199246 time=0.413037498 threads=8 validation=1
      schedule: static chunk=0
      workers: 0:cpu0:tiles4;1:cpu1:tiles4;2:cpu2:tiles4;3:cpu3:tiles4;4:cpu4:tiles4;5:cpu5:tiles4;6:cpu6:tiles4;7:cpu7:tiles4
    run 2: OK GFLOPS=5.131595 time=0.418482665 threads=8 validation=0
      schedule: static chunk=0
      workers: 0:cpu0:tiles4;1:cpu1:tiles4;2:cpu2:tiles4;3:cpu3:tiles4;4:cpu4:tiles4;5:cpu5:tiles4;6:cpu6:tiles4;7:cpu7:tiles4
    run 3: OK GFLOPS=5.175629 time=0.414922252 threads=8 validation=0
      schedule: static chunk=0
      workers: 0:cpu0:tiles4;1:cpu1:tiles4;2:cpu2:tiles4;3:cpu3:tiles4;4:cpu4:tiles4;5:cpu5:tiles4;6:cpu6:tiles4;7:cpu7:tiles4
    run 4: OK GFLOPS=5.131203 time=0.418514624 threads=8 validation=0
      schedule: static chunk=0
      workers: 0:cpu0:tiles4;1:cpu1:tiles4;2:cpu2:tiles4;3:cpu3:tiles4;4:cpu4:tiles4;5:cpu5:tiles4;6:cpu6:tiles4;7:cpu7:tiles4
    run 5: OK GFLOPS=5.217402 time=0.411600165 threads=8 validation=0
      schedule: static chunk=0
      workers: 0:cpu0:tiles4;1:cpu1:tiles4;2:cpu2:tiles4;3:cpu3:tiles4;4:cpu4:tiles4;5:cpu5:tiles4;6:cpu6:tiles4;7:cpu7:tiles4
    run 6: OK GFLOPS=5.158147 time=0.416328542 threads=8 validation=0
      schedule: static chunk=0
      workers: 0:cpu0:tiles4;1:cpu1:tiles4;2:cpu2:tiles4;3:cpu3:tiles4;4:cpu4:tiles4;5:cpu5:tiles4;6:cpu6:tiles4;7:cpu7:tiles4
============================================================
KERNEL: dgemm_kernel_8x8_zvl256b_lmul1_unroll2
  MODE: K1 all-core RVV OpenMP baseline
  BASELINE: GEMM_RVV_FP64_INT8_8x8_Baseline
  FAMILY: RVV_DGEMM_FP64_8x8
  PATH: FP64 RVV vector GEMM
  TILE: 8x8 ZVL=256b LMUL=1 UNROLL=2
  WORK: M=1024 N=1024 K=1024 tile_N=32 runs=6
  CORES: cores 0-7 execute RVV kernels
  INPUT_CONTRACT: CANONICAL_FULL_MATRIX
PRIMARY_SOURCE=/home/bananapi/MAT/kernels riscv rvv 1.0/FINAL/riscv-rvv-ime-gemm-microkernels-updated/GEMM_RVV_FP64_INT8_8x8_Baseline/RVV_DGEMM_FP64_8x8/dgemm_kernel_8x8_zvl256b_lmul1_unroll2/dgemm_kernel_8x8_zvl256b_lmul1_unroll2.c
    run 1: OK GFLOPS=5.142956 time=0.417558212 threads=8 validation=1
      schedule: static chunk=0
      workers: 0:cpu0:tiles4;1:cpu1:tiles4;2:cpu2:tiles4;3:cpu3:tiles4;4:cpu4:tiles4;5:cpu5:tiles4;6:cpu6:tiles4;7:cpu7:tiles4
    run 2: OK GFLOPS=5.163709 time=0.415880080 threads=8 validation=0
      schedule: static chunk=0
      workers: 0:cpu0:tiles4;1:cpu1:tiles4;2:cpu2:tiles4;3:cpu3:tiles4;4:cpu4:tiles4;5:cpu5:tiles4;6:cpu6:tiles4;7:cpu7:tiles4
    run 3: OK GFLOPS=5.108796 time=0.420350209 threads=8 validation=0
      schedule: static chunk=0
      workers: 0:cpu0:tiles4;1:cpu1:tiles4;2:cpu2:tiles4;3:cpu3:tiles4;4:cpu4:tiles4;5:cpu5:tiles4;6:cpu6:tiles4;7:cpu7:tiles4
    run 4: OK GFLOPS=5.154795 time=0.416599251 threads=8 validation=0
      schedule: static chunk=0
      workers: 0:cpu0:tiles4;1:cpu1:tiles4;2:cpu2:tiles4;3:cpu3:tiles4;4:cpu4:tiles4;5:cpu5:tiles4;6:cpu6:tiles4;7:cpu7:tiles4
    run 5: OK GFLOPS=5.143669 time=0.417500377 threads=8 validation=0
      schedule: static chunk=0
      workers: 0:cpu0:tiles4;1:cpu1:tiles4;2:cpu2:tiles4;3:cpu3:tiles4;4:cpu4:tiles4;5:cpu5:tiles4;6:cpu6:tiles4;7:cpu7:tiles4
    run 6: OK GFLOPS=5.108015 time=0.420414541 threads=8 validation=0
      schedule: static chunk=0
      workers: 0:cpu0:tiles4;1:cpu1:tiles4;2:cpu2:tiles4;3:cpu3:tiles4;4:cpu4:tiles4;5:cpu5:tiles4;6:cpu6:tiles4;7:cpu7:tiles4
============================================================
KERNEL: dgemm_kernel_8x8_zvl256b_lmul1_unroll4
  MODE: K1 all-core RVV OpenMP baseline
  BASELINE: GEMM_RVV_FP64_INT8_8x8_Baseline
  FAMILY: RVV_DGEMM_FP64_8x8
  PATH: FP64 RVV vector GEMM
  TILE: 8x8 ZVL=256b LMUL=1 UNROLL=4
  WORK: M=1024 N=1024 K=1024 tile_N=32 runs=6
  CORES: cores 0-7 execute RVV kernels
  INPUT_CONTRACT: CANONICAL_FULL_MATRIX
PRIMARY_SOURCE=/home/bananapi/MAT/kernels riscv rvv 1.0/FINAL/riscv-rvv-ime-gemm-microkernels-updated/GEMM_RVV_FP64_INT8_8x8_Baseline/RVV_DGEMM_FP64_8x8/dgemm_kernel_8x8_zvl256b_lmul1_unroll4/dgemm_kernel_8x8_zvl256b_lmul1_unroll4.c
    run 1: OK GFLOPS=5.071179 time=0.423468333 threads=8 validation=1
      schedule: static chunk=0
      workers: 0:cpu0:tiles4;1:cpu1:tiles4;2:cpu2:tiles4;3:cpu3:tiles4;4:cpu4:tiles4;5:cpu5:tiles4;6:cpu6:tiles4;7:cpu7:tiles4
    run 2: OK GFLOPS=5.141896 time=0.417644292 threads=8 validation=0
      schedule: static chunk=0
      workers: 0:cpu0:tiles4;1:cpu1:tiles4;2:cpu2:tiles4;3:cpu3:tiles4;4:cpu4:tiles4;5:cpu5:tiles4;6:cpu6:tiles4;7:cpu7:tiles4
    run 3: OK GFLOPS=5.170943 time=0.415298294 threads=8 validation=0
      schedule: static chunk=0
      workers: 0:cpu0:tiles4;1:cpu1:tiles4;2:cpu2:tiles4;3:cpu3:tiles4;4:cpu4:tiles4;5:cpu5:tiles4;6:cpu6:tiles4;7:cpu7:tiles4
    run 4: OK GFLOPS=5.199379 time=0.413026959 threads=8 validation=0
      schedule: static chunk=0
      workers: 0:cpu0:tiles4;1:cpu1:tiles4;2:cpu2:tiles4;3:cpu3:tiles4;4:cpu4:tiles4;5:cpu5:tiles4;6:cpu6:tiles4;7:cpu7:tiles4
    run 5: OK GFLOPS=5.123946 time=0.419107378 threads=8 validation=0
      schedule: static chunk=0
      workers: 0:cpu0:tiles4;1:cpu1:tiles4;2:cpu2:tiles4;3:cpu3:tiles4;4:cpu4:tiles4;5:cpu5:tiles4;6:cpu6:tiles4;7:cpu7:tiles4
    run 6: OK GFLOPS=5.153674 time=0.416689832 threads=8 validation=0
      schedule: static chunk=0
      workers: 0:cpu0:tiles4;1:cpu1:tiles4;2:cpu2:tiles4;3:cpu3:tiles4;4:cpu4:tiles4;5:cpu5:tiles4;6:cpu6:tiles4;7:cpu7:tiles4
============================================================
KERNEL: dgemm_kernel_8x8_zvl256b_lmul1_unroll8
  MODE: K1 all-core RVV OpenMP baseline
  BASELINE: GEMM_RVV_FP64_INT8_8x8_Baseline
  FAMILY: RVV_DGEMM_FP64_8x8
  PATH: FP64 RVV vector GEMM
  TILE: 8x8 ZVL=256b LMUL=1 UNROLL=8
  WORK: M=1024 N=1024 K=1024 tile_N=32 runs=6
  CORES: cores 0-7 execute RVV kernels
  INPUT_CONTRACT: CANONICAL_FULL_MATRIX
PRIMARY_SOURCE=/home/bananapi/MAT/kernels riscv rvv 1.0/FINAL/riscv-rvv-ime-gemm-microkernels-updated/GEMM_RVV_FP64_INT8_8x8_Baseline/RVV_DGEMM_FP64_8x8/dgemm_kernel_8x8_zvl256b_lmul1_unroll8/dgemm_kernel_8x8_zvl256b_lmul1_unroll8.c
    run 1: OK GFLOPS=5.192775 time=0.413552247 threads=8 validation=1
      schedule: static chunk=0
      workers: 0:cpu0:tiles4;1:cpu1:tiles4;2:cpu2:tiles4;3:cpu3:tiles4;4:cpu4:tiles4;5:cpu5:tiles4;6:cpu6:tiles4;7:cpu7:tiles4
    run 2: OK GFLOPS=5.224660 time=0.411028374 threads=8 validation=0
      schedule: static chunk=0
      workers: 0:cpu0:tiles4;1:cpu1:tiles4;2:cpu2:tiles4;3:cpu3:tiles4;4:cpu4:tiles4;5:cpu5:tiles4;6:cpu6:tiles4;7:cpu7:tiles4
    run 3: OK GFLOPS=5.125929 time=0.418945294 threads=8 validation=0
      schedule: static chunk=0
      workers: 0:cpu0:tiles4;1:cpu1:tiles4;2:cpu2:tiles4;3:cpu3:tiles4;4:cpu4:tiles4;5:cpu5:tiles4;6:cpu6:tiles4;7:cpu7:tiles4
    run 4: OK GFLOPS=5.169811 time=0.415389165 threads=8 validation=0
      schedule: static chunk=0
      workers: 0:cpu0:tiles4;1:cpu1:tiles4;2:cpu2:tiles4;3:cpu3:tiles4;4:cpu4:tiles4;5:cpu5:tiles4;6:cpu6:tiles4;7:cpu7:tiles4
    run 5: OK GFLOPS=5.109185 time=0.420318209 threads=8 validation=0
      schedule: static chunk=0
      workers: 0:cpu0:tiles4;1:cpu1:tiles4;2:cpu2:tiles4;3:cpu3:tiles4;4:cpu4:tiles4;5:cpu5:tiles4;6:cpu6:tiles4;7:cpu7:tiles4
    run 6: OK GFLOPS=5.115996 time=0.419758625 threads=8 validation=0
      schedule: static chunk=0
      workers: 0:cpu0:tiles4;1:cpu1:tiles4;2:cpu2:tiles4;3:cpu3:tiles4;4:cpu4:tiles4;5:cpu5:tiles4;6:cpu6:tiles4;7:cpu7:tiles4
============================================================
KERNEL: dgemm_kernel_8x8_zvl256b_lmul2_unroll1
  MODE: K1 all-core RVV OpenMP baseline
  BASELINE: GEMM_RVV_FP64_INT8_8x8_Baseline
  FAMILY: RVV_DGEMM_FP64_8x8
  PATH: FP64 RVV vector GEMM
  TILE: 8x8 ZVL=256b LMUL=2 UNROLL=1
  WORK: M=1024 N=1024 K=1024 tile_N=32 runs=6
  CORES: cores 0-7 execute RVV kernels
  INPUT_CONTRACT: CANONICAL_FULL_MATRIX
PRIMARY_SOURCE=/home/bananapi/MAT/kernels riscv rvv 1.0/FINAL/riscv-rvv-ime-gemm-microkernels-updated/GEMM_RVV_FP64_INT8_8x8_Baseline/RVV_DGEMM_FP64_8x8/dgemm_kernel_8x8_zvl256b_lmul2_unroll1/dgemm_kernel_8x8_zvl256b_lmul2_unroll1.c
    run 1: OK GFLOPS=5.174244 time=0.415033292 threads=8 validation=1
      schedule: static chunk=0
      workers: 0:cpu0:tiles4;1:cpu1:tiles4;2:cpu2:tiles4;3:cpu3:tiles4;4:cpu4:tiles4;5:cpu5:tiles4;6:cpu6:tiles4;7:cpu7:tiles4
    run 2: OK GFLOPS=5.152411 time=0.416792002 threads=8 validation=0
      schedule: static chunk=0
      workers: 0:cpu0:tiles4;1:cpu1:tiles4;2:cpu2:tiles4;3:cpu3:tiles4;4:cpu4:tiles4;5:cpu5:tiles4;6:cpu6:tiles4;7:cpu7:tiles4
    run 3: OK GFLOPS=5.211158 time=0.412093334 threads=8 validation=0
      schedule: static chunk=0
      workers: 0:cpu0:tiles4;1:cpu1:tiles4;2:cpu2:tiles4;3:cpu3:tiles4;4:cpu4:tiles4;5:cpu5:tiles4;6:cpu6:tiles4;7:cpu7:tiles4
    run 4: OK GFLOPS=5.228162 time=0.410753042 threads=8 validation=0
      schedule: static chunk=0
      workers: 0:cpu0:tiles4;1:cpu1:tiles4;2:cpu2:tiles4;3:cpu3:tiles4;4:cpu4:tiles4;5:cpu5:tiles4;6:cpu6:tiles4;7:cpu7:tiles4
    run 5: OK GFLOPS=5.144029 time=0.417471126 threads=8 validation=0
      schedule: static chunk=0
      workers: 0:cpu0:tiles4;1:cpu1:tiles4;2:cpu2:tiles4;3:cpu3:tiles4;4:cpu4:tiles4;5:cpu5:tiles4;6:cpu6:tiles4;7:cpu7:tiles4
    run 6: OK GFLOPS=5.177227 time=0.414794207 threads=8 validation=0
      schedule: static chunk=0
      workers: 0:cpu0:tiles4;1:cpu1:tiles4;2:cpu2:tiles4;3:cpu3:tiles4;4:cpu4:tiles4;5:cpu5:tiles4;6:cpu6:tiles4;7:cpu7:tiles4
============================================================
KERNEL: dgemm_kernel_8x8_zvl256b_lmul2_unroll2
  MODE: K1 all-core RVV OpenMP baseline
  BASELINE: GEMM_RVV_FP64_INT8_8x8_Baseline
  FAMILY: RVV_DGEMM_FP64_8x8
  PATH: FP64 RVV vector GEMM
  TILE: 8x8 ZVL=256b LMUL=2 UNROLL=2
  WORK: M=1024 N=1024 K=1024 tile_N=32 runs=6
  CORES: cores 0-7 execute RVV kernels
  INPUT_CONTRACT: CANONICAL_FULL_MATRIX
PRIMARY_SOURCE=/home/bananapi/MAT/kernels riscv rvv 1.0/FINAL/riscv-rvv-ime-gemm-microkernels-updated/GEMM_RVV_FP64_INT8_8x8_Baseline/RVV_DGEMM_FP64_8x8/dgemm_kernel_8x8_zvl256b_lmul2_unroll2/dgemm_kernel_8x8_zvl256b_lmul2_unroll2.c
    run 1: OK GFLOPS=5.227574 time=0.410799250 threads=8 validation=1
      schedule: static chunk=0
      workers: 0:cpu0:tiles4;1:cpu1:tiles4;2:cpu2:tiles4;3:cpu3:tiles4;4:cpu4:tiles4;5:cpu5:tiles4;6:cpu6:tiles4;7:cpu7:tiles4
    run 2: OK GFLOPS=5.151272 time=0.416884165 threads=8 validation=0
      schedule: static chunk=0
      workers: 0:cpu0:tiles4;1:cpu1:tiles4;2:cpu2:tiles4;3:cpu3:tiles4;4:cpu4:tiles4;5:cpu5:tiles4;6:cpu6:tiles4;7:cpu7:tiles4
    run 3: OK GFLOPS=5.247257 time=0.409258295 threads=8 validation=0
      schedule: static chunk=0
      workers: 0:cpu0:tiles4;1:cpu1:tiles4;2:cpu2:tiles4;3:cpu3:tiles4;4:cpu4:tiles4;5:cpu5:tiles4;6:cpu6:tiles4;7:cpu7:tiles4
    run 4: OK GFLOPS=5.293653 time=0.405671418 threads=8 validation=0
      schedule: static chunk=0
      workers: 0:cpu0:tiles4;1:cpu1:tiles4;2:cpu2:tiles4;3:cpu3:tiles4;4:cpu4:tiles4;5:cpu5:tiles4;6:cpu6:tiles4;7:cpu7:tiles4
    run 5: OK GFLOPS=5.121307 time=0.419323374 threads=8 validation=0
      schedule: static chunk=0
      workers: 0:cpu0:tiles4;1:cpu1:tiles4;2:cpu2:tiles4;3:cpu3:tiles4;4:cpu4:tiles4;5:cpu5:tiles4;6:cpu6:tiles4;7:cpu7:tiles4
    run 6: OK GFLOPS=5.169091 time=0.415447041 threads=8 validation=0
      schedule: static chunk=0
      workers: 0:cpu0:tiles4;1:cpu1:tiles4;2:cpu2:tiles4;3:cpu3:tiles4;4:cpu4:tiles4;5:cpu5:tiles4;6:cpu6:tiles4;7:cpu7:tiles4
============================================================
KERNEL: dgemm_kernel_8x8_zvl256b_lmul2_unroll4
  MODE: K1 all-core RVV OpenMP baseline
  BASELINE: GEMM_RVV_FP64_INT8_8x8_Baseline
  FAMILY: RVV_DGEMM_FP64_8x8
  PATH: FP64 RVV vector GEMM
  TILE: 8x8 ZVL=256b LMUL=2 UNROLL=4
  WORK: M=1024 N=1024 K=1024 tile_N=32 runs=6
  CORES: cores 0-7 execute RVV kernels
  INPUT_CONTRACT: CANONICAL_FULL_MATRIX
PRIMARY_SOURCE=/home/bananapi/MAT/kernels riscv rvv 1.0/FINAL/riscv-rvv-ime-gemm-microkernels-updated/GEMM_RVV_FP64_INT8_8x8_Baseline/RVV_DGEMM_FP64_8x8/dgemm_kernel_8x8_zvl256b_lmul2_unroll4/dgemm_kernel_8x8_zvl256b_lmul2_unroll4.c
    run 1: OK GFLOPS=5.096654 time=0.421351627 threads=8 validation=1
      schedule: static chunk=0
      workers: 0:cpu0:tiles4;1:cpu1:tiles4;2:cpu2:tiles4;3:cpu3:tiles4;4:cpu4:tiles4;5:cpu5:tiles4;6:cpu6:tiles4;7:cpu7:tiles4
    run 2: OK GFLOPS=5.113175 time=0.419990212 threads=8 validation=0
      schedule: static chunk=0
      workers: 0:cpu0:tiles4;1:cpu1:tiles4;2:cpu2:tiles4;3:cpu3:tiles4;4:cpu4:tiles4;5:cpu5:tiles4;6:cpu6:tiles4;7:cpu7:tiles4
    run 3: OK GFLOPS=5.175708 time=0.414915916 threads=8 validation=0
      schedule: static chunk=0
      workers: 0:cpu0:tiles4;1:cpu1:tiles4;2:cpu2:tiles4;3:cpu3:tiles4;4:cpu4:tiles4;5:cpu5:tiles4;6:cpu6:tiles4;7:cpu7:tiles4
    run 4: OK GFLOPS=5.204346 time=0.412632748 threads=8 validation=0
      schedule: static chunk=0
      workers: 0:cpu0:tiles4;1:cpu1:tiles4;2:cpu2:tiles4;3:cpu3:tiles4;4:cpu4:tiles4;5:cpu5:tiles4;6:cpu6:tiles4;7:cpu7:tiles4
    run 5: OK GFLOPS=5.139690 time=0.417823583 threads=8 validation=0
      schedule: static chunk=0
      workers: 0:cpu0:tiles4;1:cpu1:tiles4;2:cpu2:tiles4;3:cpu3:tiles4;4:cpu4:tiles4;5:cpu5:tiles4;6:cpu6:tiles4;7:cpu7:tiles4
    run 6: OK GFLOPS=5.109883 time=0.420260832 threads=8 validation=0
      schedule: static chunk=0
      workers: 0:cpu0:tiles4;1:cpu1:tiles4;2:cpu2:tiles4;3:cpu3:tiles4;4:cpu4:tiles4;5:cpu5:tiles4;6:cpu6:tiles4;7:cpu7:tiles4
============================================================
KERNEL: dgemm_kernel_8x8_zvl256b_lmul2_unroll8
  MODE: K1 all-core RVV OpenMP baseline
  BASELINE: GEMM_RVV_FP64_INT8_8x8_Baseline
  FAMILY: RVV_DGEMM_FP64_8x8
  PATH: FP64 RVV vector GEMM
  TILE: 8x8 ZVL=256b LMUL=2 UNROLL=8
  WORK: M=1024 N=1024 K=1024 tile_N=32 runs=6
  CORES: cores 0-7 execute RVV kernels
  INPUT_CONTRACT: CANONICAL_FULL_MATRIX
PRIMARY_SOURCE=/home/bananapi/MAT/kernels riscv rvv 1.0/FINAL/riscv-rvv-ime-gemm-microkernels-updated/GEMM_RVV_FP64_INT8_8x8_Baseline/RVV_DGEMM_FP64_8x8/dgemm_kernel_8x8_zvl256b_lmul2_unroll8/dgemm_kernel_8x8_zvl256b_lmul2_unroll8.c
    run 1: OK GFLOPS=5.146026 time=0.417309165 threads=8 validation=1
      schedule: static chunk=0
      workers: 0:cpu0:tiles4;1:cpu1:tiles4;2:cpu2:tiles4;3:cpu3:tiles4;4:cpu4:tiles4;5:cpu5:tiles4;6:cpu6:tiles4;7:cpu7:tiles4
    run 2: OK GFLOPS=5.105916 time=0.420587376 threads=8 validation=0
      schedule: static chunk=0
      workers: 0:cpu0:tiles4;1:cpu1:tiles4;2:cpu2:tiles4;3:cpu3:tiles4;4:cpu4:tiles4;5:cpu5:tiles4;6:cpu6:tiles4;7:cpu7:tiles4
    run 3: OK GFLOPS=5.201750 time=0.412838709 threads=8 validation=0
      schedule: static chunk=0
      workers: 0:cpu0:tiles4;1:cpu1:tiles4;2:cpu2:tiles4;3:cpu3:tiles4;4:cpu4:tiles4;5:cpu5:tiles4;6:cpu6:tiles4;7:cpu7:tiles4
    run 4: OK GFLOPS=5.152172 time=0.416811291 threads=8 validation=0
      schedule: static chunk=0
      workers: 0:cpu0:tiles4;1:cpu1:tiles4;2:cpu2:tiles4;3:cpu3:tiles4;4:cpu4:tiles4;5:cpu5:tiles4;6:cpu6:tiles4;7:cpu7:tiles4
    run 5: OK GFLOPS=5.116628 time=0.419706833 threads=8 validation=0
      schedule: static chunk=0
      workers: 0:cpu0:tiles4;1:cpu1:tiles4;2:cpu2:tiles4;3:cpu3:tiles4;4:cpu4:tiles4;5:cpu5:tiles4;6:cpu6:tiles4;7:cpu7:tiles4
    run 6: OK GFLOPS=5.170725 time=0.415315751 threads=8 validation=0
      schedule: static chunk=0
      workers: 0:cpu0:tiles4;1:cpu1:tiles4;2:cpu2:tiles4;3:cpu3:tiles4;4:cpu4:tiles4;5:cpu5:tiles4;6:cpu6:tiles4;7:cpu7:tiles4
============================================================
KERNEL: dgemm_kernel_8x8_zvl256b_lmul4_unroll1
  MODE: K1 all-core RVV OpenMP baseline
  BASELINE: GEMM_RVV_FP64_INT8_8x8_Baseline
  FAMILY: RVV_DGEMM_FP64_8x8
  PATH: FP64 RVV vector GEMM
  TILE: 8x8 ZVL=256b LMUL=4 UNROLL=1
  WORK: M=1024 N=1024 K=1024 tile_N=32 runs=6
  CORES: cores 0-7 execute RVV kernels
  INPUT_CONTRACT: CANONICAL_FULL_MATRIX
PRIMARY_SOURCE=/home/bananapi/MAT/kernels riscv rvv 1.0/FINAL/riscv-rvv-ime-gemm-microkernels-updated/GEMM_RVV_FP64_INT8_8x8_Baseline/RVV_DGEMM_FP64_8x8/dgemm_kernel_8x8_zvl256b_lmul4_unroll1/dgemm_kernel_8x8_zvl256b_lmul4_unroll1.c
    run 1: OK GFLOPS=4.696560 time=0.457246084 threads=8 validation=1
      schedule: static chunk=0
      workers: 0:cpu0:tiles4;1:cpu1:tiles4;2:cpu2:tiles4;3:cpu3:tiles4;4:cpu4:tiles4;5:cpu5:tiles4;6:cpu6:tiles4;7:cpu7:tiles4
    run 2: OK GFLOPS=4.786464 time=0.448657624 threads=8 validation=0
      schedule: static chunk=0
      workers: 0:cpu0:tiles4;1:cpu1:tiles4;2:cpu2:tiles4;3:cpu3:tiles4;4:cpu4:tiles4;5:cpu5:tiles4;6:cpu6:tiles4;7:cpu7:tiles4
    run 3: OK GFLOPS=4.753875 time=0.451733291 threads=8 validation=0
      schedule: static chunk=0
      workers: 0:cpu0:tiles4;1:cpu1:tiles4;2:cpu2:tiles4;3:cpu3:tiles4;4:cpu4:tiles4;5:cpu5:tiles4;6:cpu6:tiles4;7:cpu7:tiles4
    run 4: OK GFLOPS=4.774341 time=0.449796874 threads=8 validation=0
      schedule: static chunk=0
      workers: 0:cpu0:tiles4;1:cpu1:tiles4;2:cpu2:tiles4;3:cpu3:tiles4;4:cpu4:tiles4;5:cpu5:tiles4;6:cpu6:tiles4;7:cpu7:tiles4
    run 5: OK GFLOPS=4.749624 time=0.452137586 threads=8 validation=0
      schedule: static chunk=0
      workers: 0:cpu0:tiles4;1:cpu1:tiles4;2:cpu2:tiles4;3:cpu3:tiles4;4:cpu4:tiles4;5:cpu5:tiles4;6:cpu6:tiles4;7:cpu7:tiles4
    run 6: OK GFLOPS=4.777393 time=0.449509542 threads=8 validation=0
      schedule: static chunk=0
      workers: 0:cpu0:tiles4;1:cpu1:tiles4;2:cpu2:tiles4;3:cpu3:tiles4;4:cpu4:tiles4;5:cpu5:tiles4;6:cpu6:tiles4;7:cpu7:tiles4
============================================================
KERNEL: dgemm_kernel_8x8_zvl256b_lmul4_unroll2
  MODE: K1 all-core RVV OpenMP baseline
  BASELINE: GEMM_RVV_FP64_INT8_8x8_Baseline
  FAMILY: RVV_DGEMM_FP64_8x8
  PATH: FP64 RVV vector GEMM
  TILE: 8x8 ZVL=256b LMUL=4 UNROLL=2
  WORK: M=1024 N=1024 K=1024 tile_N=32 runs=6
  CORES: cores 0-7 execute RVV kernels
  INPUT_CONTRACT: CANONICAL_FULL_MATRIX
PRIMARY_SOURCE=/home/bananapi/MAT/kernels riscv rvv 1.0/FINAL/riscv-rvv-ime-gemm-microkernels-updated/GEMM_RVV_FP64_INT8_8x8_Baseline/RVV_DGEMM_FP64_8x8/dgemm_kernel_8x8_zvl256b_lmul4_unroll2/dgemm_kernel_8x8_zvl256b_lmul4_unroll2.c
    run 1: OK GFLOPS=4.765490 time=0.450632293 threads=8 validation=1
      schedule: static chunk=0
      workers: 0:cpu0:tiles4;1:cpu1:tiles4;2:cpu2:tiles4;3:cpu3:tiles4;4:cpu4:tiles4;5:cpu5:tiles4;6:cpu6:tiles4;7:cpu7:tiles4
    run 2: OK GFLOPS=4.821951 time=0.445355747 threads=8 validation=0
      schedule: static chunk=0
      workers: 0:cpu0:tiles4;1:cpu1:tiles4;2:cpu2:tiles4;3:cpu3:tiles4;4:cpu4:tiles4;5:cpu5:tiles4;6:cpu6:tiles4;7:cpu7:tiles4
    run 3: OK GFLOPS=4.784654 time=0.448827375 threads=8 validation=0
      schedule: static chunk=0
      workers: 0:cpu0:tiles4;1:cpu1:tiles4;2:cpu2:tiles4;3:cpu3:tiles4;4:cpu4:tiles4;5:cpu5:tiles4;6:cpu6:tiles4;7:cpu7:tiles4
    run 4: OK GFLOPS=4.787924 time=0.448520832 threads=8 validation=0
      schedule: static chunk=0
      workers: 0:cpu0:tiles4;1:cpu1:tiles4;2:cpu2:tiles4;3:cpu3:tiles4;4:cpu4:tiles4;5:cpu5:tiles4;6:cpu6:tiles4;7:cpu7:tiles4
    run 5: OK GFLOPS=4.779351 time=0.449325331 threads=8 validation=0
      schedule: static chunk=0
      workers: 0:cpu0:tiles4;1:cpu1:tiles4;2:cpu2:tiles4;3:cpu3:tiles4;4:cpu4:tiles4;5:cpu5:tiles4;6:cpu6:tiles4;7:cpu7:tiles4
    run 6: OK GFLOPS=4.803430 time=0.447072957 threads=8 validation=0
      schedule: static chunk=0
      workers: 0:cpu0:tiles4;1:cpu1:tiles4;2:cpu2:tiles4;3:cpu3:tiles4;4:cpu4:tiles4;5:cpu5:tiles4;6:cpu6:tiles4;7:cpu7:tiles4
============================================================
KERNEL: dgemm_kernel_8x8_zvl256b_lmul4_unroll4
  MODE: K1 all-core RVV OpenMP baseline
  BASELINE: GEMM_RVV_FP64_INT8_8x8_Baseline
  FAMILY: RVV_DGEMM_FP64_8x8
  PATH: FP64 RVV vector GEMM
  TILE: 8x8 ZVL=256b LMUL=4 UNROLL=4
  WORK: M=1024 N=1024 K=1024 tile_N=32 runs=6
  CORES: cores 0-7 execute RVV kernels
  INPUT_CONTRACT: CANONICAL_FULL_MATRIX
PRIMARY_SOURCE=/home/bananapi/MAT/kernels riscv rvv 1.0/FINAL/riscv-rvv-ime-gemm-microkernels-updated/GEMM_RVV_FP64_INT8_8x8_Baseline/RVV_DGEMM_FP64_8x8/dgemm_kernel_8x8_zvl256b_lmul4_unroll4/dgemm_kernel_8x8_zvl256b_lmul4_unroll4.c
    run 1: OK GFLOPS=4.718527 time=0.455117375 threads=8 validation=1
      schedule: static chunk=0
      workers: 0:cpu0:tiles4;1:cpu1:tiles4;2:cpu2:tiles4;3:cpu3:tiles4;4:cpu4:tiles4;5:cpu5:tiles4;6:cpu6:tiles4;7:cpu7:tiles4
    run 2: OK GFLOPS=4.679481 time=0.458914917 threads=8 validation=0
      schedule: static chunk=0
      workers: 0:cpu0:tiles4;1:cpu1:tiles4;2:cpu2:tiles4;3:cpu3:tiles4;4:cpu4:tiles4;5:cpu5:tiles4;6:cpu6:tiles4;7:cpu7:tiles4
    run 3: OK GFLOPS=4.687961 time=0.458084751 threads=8 validation=0
      schedule: static chunk=0
      workers: 0:cpu0:tiles4;1:cpu1:tiles4;2:cpu2:tiles4;3:cpu3:tiles4;4:cpu4:tiles4;5:cpu5:tiles4;6:cpu6:tiles4;7:cpu7:tiles4
    run 4: OK GFLOPS=4.698555 time=0.457051959 threads=8 validation=0
      schedule: static chunk=0
      workers: 0:cpu0:tiles4;1:cpu1:tiles4;2:cpu2:tiles4;3:cpu3:tiles4;4:cpu4:tiles4;5:cpu5:tiles4;6:cpu6:tiles4;7:cpu7:tiles4
    run 5: OK GFLOPS=4.714190 time=0.455536082 threads=8 validation=0
      schedule: static chunk=0
      workers: 0:cpu0:tiles4;1:cpu1:tiles4;2:cpu2:tiles4;3:cpu3:tiles4;4:cpu4:tiles4;5:cpu5:tiles4;6:cpu6:tiles4;7:cpu7:tiles4
    run 6: OK GFLOPS=4.770557 time=0.450153627 threads=8 validation=0
      schedule: static chunk=0
      workers: 0:cpu0:tiles4;1:cpu1:tiles4;2:cpu2:tiles4;3:cpu3:tiles4;4:cpu4:tiles4;5:cpu5:tiles4;6:cpu6:tiles4;7:cpu7:tiles4
============================================================
KERNEL: dgemm_kernel_8x8_zvl256b_lmul4_unroll8
  MODE: K1 all-core RVV OpenMP baseline
  BASELINE: GEMM_RVV_FP64_INT8_8x8_Baseline
  FAMILY: RVV_DGEMM_FP64_8x8
  PATH: FP64 RVV vector GEMM
  TILE: 8x8 ZVL=256b LMUL=4 UNROLL=8
  WORK: M=1024 N=1024 K=1024 tile_N=32 runs=6
  CORES: cores 0-7 execute RVV kernels
  INPUT_CONTRACT: CANONICAL_FULL_MATRIX
PRIMARY_SOURCE=/home/bananapi/MAT/kernels riscv rvv 1.0/FINAL/riscv-rvv-ime-gemm-microkernels-updated/GEMM_RVV_FP64_INT8_8x8_Baseline/RVV_DGEMM_FP64_8x8/dgemm_kernel_8x8_zvl256b_lmul4_unroll8/dgemm_kernel_8x8_zvl256b_lmul4_unroll8.c
    run 1: OK GFLOPS=4.602816 time=0.466558665 threads=8 validation=1
      schedule: static chunk=0
      workers: 0:cpu0:tiles4;1:cpu1:tiles4;2:cpu2:tiles4;3:cpu3:tiles4;4:cpu4:tiles4;5:cpu5:tiles4;6:cpu6:tiles4;7:cpu7:tiles4
    run 2: OK GFLOPS=4.649366 time=0.461887460 threads=8 validation=0
      schedule: static chunk=0
      workers: 0:cpu0:tiles4;1:cpu1:tiles4;2:cpu2:tiles4;3:cpu3:tiles4;4:cpu4:tiles4;5:cpu5:tiles4;6:cpu6:tiles4;7:cpu7:tiles4
    run 3: OK GFLOPS=4.707227 time=0.456209917 threads=8 validation=0
      schedule: static chunk=0
      workers: 0:cpu0:tiles4;1:cpu1:tiles4;2:cpu2:tiles4;3:cpu3:tiles4;4:cpu4:tiles4;5:cpu5:tiles4;6:cpu6:tiles4;7:cpu7:tiles4
    run 4: OK GFLOPS=4.739259 time=0.453126460 threads=8 validation=0
      schedule: static chunk=0
      workers: 0:cpu0:tiles4;1:cpu1:tiles4;2:cpu2:tiles4;3:cpu3:tiles4;4:cpu4:tiles4;5:cpu5:tiles4;6:cpu6:tiles4;7:cpu7:tiles4
    run 5: OK GFLOPS=4.656180 time=0.461211499 threads=8 validation=0
      schedule: static chunk=0
      workers: 0:cpu0:tiles4;1:cpu1:tiles4;2:cpu2:tiles4;3:cpu3:tiles4;4:cpu4:tiles4;5:cpu5:tiles4;6:cpu6:tiles4;7:cpu7:tiles4
    run 6: OK GFLOPS=4.674969 time=0.459357873 threads=8 validation=0
      schedule: static chunk=0
      workers: 0:cpu0:tiles4;1:cpu1:tiles4;2:cpu2:tiles4;3:cpu3:tiles4;4:cpu4:tiles4;5:cpu5:tiles4;6:cpu6:tiles4;7:cpu7:tiles4
============================================================
KERNEL: dgemm_kernel_8x8_zvl256b_lmul8_unroll1
  MODE: K1 all-core RVV OpenMP baseline
  BASELINE: GEMM_RVV_FP64_INT8_8x8_Baseline
  FAMILY: RVV_DGEMM_FP64_8x8
  PATH: FP64 RVV vector GEMM
  TILE: 8x8 ZVL=256b LMUL=8 UNROLL=1
  WORK: M=1024 N=1024 K=1024 tile_N=32 runs=6
  CORES: cores 0-7 execute RVV kernels
  INPUT_CONTRACT: CANONICAL_FULL_MATRIX
PRIMARY_SOURCE=/home/bananapi/MAT/kernels riscv rvv 1.0/FINAL/riscv-rvv-ime-gemm-microkernels-updated/GEMM_RVV_FP64_INT8_8x8_Baseline/RVV_DGEMM_FP64_8x8/dgemm_kernel_8x8_zvl256b_lmul8_unroll1/dgemm_kernel_8x8_zvl256b_lmul8_unroll1.c
    run 1: OK GFLOPS=3.032312 time=0.708200127 threads=8 validation=1
      schedule: static chunk=0
      workers: 0:cpu0:tiles4;1:cpu1:tiles4;2:cpu2:tiles4;3:cpu3:tiles4;4:cpu4:tiles4;5:cpu5:tiles4;6:cpu6:tiles4;7:cpu7:tiles4
    run 2: OK GFLOPS=3.032533 time=0.708148457 threads=8 validation=0
      schedule: static chunk=0
      workers: 0:cpu0:tiles4;1:cpu1:tiles4;2:cpu2:tiles4;3:cpu3:tiles4;4:cpu4:tiles4;5:cpu5:tiles4;6:cpu6:tiles4;7:cpu7:tiles4
    run 3: OK GFLOPS=3.001901 time=0.715374667 threads=8 validation=0
      schedule: static chunk=0
      workers: 0:cpu0:tiles4;1:cpu1:tiles4;2:cpu2:tiles4;3:cpu3:tiles4;4:cpu4:tiles4;5:cpu5:tiles4;6:cpu6:tiles4;7:cpu7:tiles4
    run 4: OK GFLOPS=3.030724 time=0.708571207 threads=8 validation=0
      schedule: static chunk=0
      workers: 0:cpu0:tiles4;1:cpu1:tiles4;2:cpu2:tiles4;3:cpu3:tiles4;4:cpu4:tiles4;5:cpu5:tiles4;6:cpu6:tiles4;7:cpu7:tiles4
    run 5: OK GFLOPS=2.991497 time=0.717862502 threads=8 validation=0
      schedule: static chunk=0
      workers: 0:cpu0:tiles4;1:cpu1:tiles4;2:cpu2:tiles4;3:cpu3:tiles4;4:cpu4:tiles4;5:cpu5:tiles4;6:cpu6:tiles4;7:cpu7:tiles4
    run 6: OK GFLOPS=3.034702 time=0.707642335 threads=8 validation=0
      schedule: static chunk=0
      workers: 0:cpu0:tiles4;1:cpu1:tiles4;2:cpu2:tiles4;3:cpu3:tiles4;4:cpu4:tiles4;5:cpu5:tiles4;6:cpu6:tiles4;7:cpu7:tiles4
============================================================
KERNEL: dgemm_kernel_8x8_zvl256b_lmul8_unroll2
  MODE: K1 all-core RVV OpenMP baseline
  BASELINE: GEMM_RVV_FP64_INT8_8x8_Baseline
  FAMILY: RVV_DGEMM_FP64_8x8
  PATH: FP64 RVV vector GEMM
  TILE: 8x8 ZVL=256b LMUL=8 UNROLL=2
  WORK: M=1024 N=1024 K=1024 tile_N=32 runs=6
  CORES: cores 0-7 execute RVV kernels
  INPUT_CONTRACT: CANONICAL_FULL_MATRIX
PRIMARY_SOURCE=/home/bananapi/MAT/kernels riscv rvv 1.0/FINAL/riscv-rvv-ime-gemm-microkernels-updated/GEMM_RVV_FP64_INT8_8x8_Baseline/RVV_DGEMM_FP64_8x8/dgemm_kernel_8x8_zvl256b_lmul8_unroll2/dgemm_kernel_8x8_zvl256b_lmul8_unroll2.c
    run 1: OK GFLOPS=2.962060 time=0.724996626 threads=8 validation=1
      schedule: static chunk=0
      workers: 0:cpu0:tiles4;1:cpu1:tiles4;2:cpu2:tiles4;3:cpu3:tiles4;4:cpu4:tiles4;5:cpu5:tiles4;6:cpu6:tiles4;7:cpu7:tiles4
    run 2: OK GFLOPS=2.951524 time=0.727584794 threads=8 validation=0
      schedule: static chunk=0
      workers: 0:cpu0:tiles4;1:cpu1:tiles4;2:cpu2:tiles4;3:cpu3:tiles4;4:cpu4:tiles4;5:cpu5:tiles4;6:cpu6:tiles4;7:cpu7:tiles4
    run 3: OK GFLOPS=2.981636 time=0.720236707 threads=8 validation=0
      schedule: static chunk=0
      workers: 0:cpu0:tiles4;1:cpu1:tiles4;2:cpu2:tiles4;3:cpu3:tiles4;4:cpu4:tiles4;5:cpu5:tiles4;6:cpu6:tiles4;7:cpu7:tiles4
    run 4: OK GFLOPS=2.985317 time=0.719348542 threads=8 validation=0
      schedule: static chunk=0
      workers: 0:cpu0:tiles4;1:cpu1:tiles4;2:cpu2:tiles4;3:cpu3:tiles4;4:cpu4:tiles4;5:cpu5:tiles4;6:cpu6:tiles4;7:cpu7:tiles4
    run 5: OK GFLOPS=2.946378 time=0.728855457 threads=8 validation=0
      schedule: static chunk=0
      workers: 0:cpu0:tiles4;1:cpu1:tiles4;2:cpu2:tiles4;3:cpu3:tiles4;4:cpu4:tiles4;5:cpu5:tiles4;6:cpu6:tiles4;7:cpu7:tiles4
    run 6: OK GFLOPS=2.965909 time=0.724055748 threads=8 validation=0
      schedule: static chunk=0
      workers: 0:cpu0:tiles4;1:cpu1:tiles4;2:cpu2:tiles4;3:cpu3:tiles4;4:cpu4:tiles4;5:cpu5:tiles4;6:cpu6:tiles4;7:cpu7:tiles4
============================================================
KERNEL: dgemm_kernel_8x8_zvl256b_lmul8_unroll4
  MODE: K1 all-core RVV OpenMP baseline
  BASELINE: GEMM_RVV_FP64_INT8_8x8_Baseline
  FAMILY: RVV_DGEMM_FP64_8x8
  PATH: FP64 RVV vector GEMM
  TILE: 8x8 ZVL=256b LMUL=8 UNROLL=4
  WORK: M=1024 N=1024 K=1024 tile_N=32 runs=6
  CORES: cores 0-7 execute RVV kernels
  INPUT_CONTRACT: CANONICAL_FULL_MATRIX
PRIMARY_SOURCE=/home/bananapi/MAT/kernels riscv rvv 1.0/FINAL/riscv-rvv-ime-gemm-microkernels-updated/GEMM_RVV_FP64_INT8_8x8_Baseline/RVV_DGEMM_FP64_8x8/dgemm_kernel_8x8_zvl256b_lmul8_unroll4/dgemm_kernel_8x8_zvl256b_lmul8_unroll4.c
    run 1: OK GFLOPS=2.644294 time=0.812119834 threads=8 validation=1
      schedule: static chunk=0
      workers: 0:cpu0:tiles4;1:cpu1:tiles4;2:cpu2:tiles4;3:cpu3:tiles4;4:cpu4:tiles4;5:cpu5:tiles4;6:cpu6:tiles4;7:cpu7:tiles4
    run 2: OK GFLOPS=2.641237 time=0.813059669 threads=8 validation=0
      schedule: static chunk=0
      workers: 0:cpu0:tiles4;1:cpu1:tiles4;2:cpu2:tiles4;3:cpu3:tiles4;4:cpu4:tiles4;5:cpu5:tiles4;6:cpu6:tiles4;7:cpu7:tiles4
    run 3: OK GFLOPS=2.628406 time=0.817028917 threads=8 validation=0
      schedule: static chunk=0
      workers: 0:cpu0:tiles4;1:cpu1:tiles4;2:cpu2:tiles4;3:cpu3:tiles4;4:cpu4:tiles4;5:cpu5:tiles4;6:cpu6:tiles4;7:cpu7:tiles4
    run 4: OK GFLOPS=2.626080 time=0.817752458 threads=8 validation=0
      schedule: static chunk=0
      workers: 0:cpu0:tiles4;1:cpu1:tiles4;2:cpu2:tiles4;3:cpu3:tiles4;4:cpu4:tiles4;5:cpu5:tiles4;6:cpu6:tiles4;7:cpu7:tiles4
    run 5: OK GFLOPS=2.624444 time=0.818262212 threads=8 validation=0
      schedule: static chunk=0
      workers: 0:cpu0:tiles4;1:cpu1:tiles4;2:cpu2:tiles4;3:cpu3:tiles4;4:cpu4:tiles4;5:cpu5:tiles4;6:cpu6:tiles4;7:cpu7:tiles4
    run 6: OK GFLOPS=2.655929 time=0.808562212 threads=8 validation=0
      schedule: static chunk=0
      workers: 0:cpu0:tiles4;1:cpu1:tiles4;2:cpu2:tiles4;3:cpu3:tiles4;4:cpu4:tiles4;5:cpu5:tiles4;6:cpu6:tiles4;7:cpu7:tiles4
============================================================
KERNEL: dgemm_kernel_8x8_zvl256b_lmul8_unroll8
  MODE: K1 all-core RVV OpenMP baseline
  BASELINE: GEMM_RVV_FP64_INT8_8x8_Baseline
  FAMILY: RVV_DGEMM_FP64_8x8
  PATH: FP64 RVV vector GEMM
  TILE: 8x8 ZVL=256b LMUL=8 UNROLL=8
  WORK: M=1024 N=1024 K=1024 tile_N=32 runs=6
  CORES: cores 0-7 execute RVV kernels
  INPUT_CONTRACT: CANONICAL_FULL_MATRIX
PRIMARY_SOURCE=/home/bananapi/MAT/kernels riscv rvv 1.0/FINAL/riscv-rvv-ime-gemm-microkernels-updated/GEMM_RVV_FP64_INT8_8x8_Baseline/RVV_DGEMM_FP64_8x8/dgemm_kernel_8x8_zvl256b_lmul8_unroll8/dgemm_kernel_8x8_zvl256b_lmul8_unroll8.c
    run 1: OK GFLOPS=2.611859 time=0.822204918 threads=8 validation=1
      schedule: static chunk=0
      workers: 0:cpu0:tiles4;1:cpu1:tiles4;2:cpu2:tiles4;3:cpu3:tiles4;4:cpu4:tiles4;5:cpu5:tiles4;6:cpu6:tiles4;7:cpu7:tiles4
    run 2: OK GFLOPS=2.561868 time=0.838249210 threads=8 validation=0
      schedule: static chunk=0
      workers: 0:cpu0:tiles4;1:cpu1:tiles4;2:cpu2:tiles4;3:cpu3:tiles4;4:cpu4:tiles4;5:cpu5:tiles4;6:cpu6:tiles4;7:cpu7:tiles4
    run 3: OK GFLOPS=2.628051 time=0.817139126 threads=8 validation=0
      schedule: static chunk=0
      workers: 0:cpu0:tiles4;1:cpu1:tiles4;2:cpu2:tiles4;3:cpu3:tiles4;4:cpu4:tiles4;5:cpu5:tiles4;6:cpu6:tiles4;7:cpu7:tiles4
    run 4: OK GFLOPS=2.637257 time=0.814286832 threads=8 validation=0
      schedule: static chunk=0
      workers: 0:cpu0:tiles4;1:cpu1:tiles4;2:cpu2:tiles4;3:cpu3:tiles4;4:cpu4:tiles4;5:cpu5:tiles4;6:cpu6:tiles4;7:cpu7:tiles4
    run 5: OK GFLOPS=2.635400 time=0.814860459 threads=8 validation=0
      schedule: static chunk=0
      workers: 0:cpu0:tiles4;1:cpu1:tiles4;2:cpu2:tiles4;3:cpu3:tiles4;4:cpu4:tiles4;5:cpu5:tiles4;6:cpu6:tiles4;7:cpu7:tiles4
    run 6: OK GFLOPS=2.648323 time=0.810884334 threads=8 validation=0
      schedule: static chunk=0
      workers: 0:cpu0:tiles4;1:cpu1:tiles4;2:cpu2:tiles4;3:cpu3:tiles4;4:cpu4:tiles4;5:cpu5:tiles4;6:cpu6:tiles4;7:cpu7:tiles4
SKIP_UNSUPPORTED_KERNEL=igemm_kernel_8x8_zvl256b_lmul1_unroll1_i8i32; reason=duplicate INT8 source; canonical tree is GEMM_RVV_FP32_INT8_*
SKIP_UNSUPPORTED_KERNEL=igemm_kernel_8x8_zvl256b_lmul1_unroll2_i8i32; reason=duplicate INT8 source; canonical tree is GEMM_RVV_FP32_INT8_*
SKIP_UNSUPPORTED_KERNEL=igemm_kernel_8x8_zvl256b_lmul1_unroll4_i8i32; reason=duplicate INT8 source; canonical tree is GEMM_RVV_FP32_INT8_*
SKIP_UNSUPPORTED_KERNEL=igemm_kernel_8x8_zvl256b_lmul1_unroll8_i8i32; reason=duplicate INT8 source; canonical tree is GEMM_RVV_FP32_INT8_*
SKIP_UNSUPPORTED_KERNEL=igemm_kernel_8x8_zvl256b_lmul2_unroll1_i8i32; reason=duplicate INT8 source; canonical tree is GEMM_RVV_FP32_INT8_*
SKIP_UNSUPPORTED_KERNEL=igemm_kernel_8x8_zvl256b_lmul2_unroll2_i8i32; reason=duplicate INT8 source; canonical tree is GEMM_RVV_FP32_INT8_*
SKIP_UNSUPPORTED_KERNEL=igemm_kernel_8x8_zvl256b_lmul2_unroll4_i8i32; reason=duplicate INT8 source; canonical tree is GEMM_RVV_FP32_INT8_*
SKIP_UNSUPPORTED_KERNEL=igemm_kernel_8x8_zvl256b_lmul2_unroll8_i8i32; reason=duplicate INT8 source; canonical tree is GEMM_RVV_FP32_INT8_*
SKIP_UNSUPPORTED_KERNEL=igemm_kernel_8x8_zvl256b_lmulmf2_unroll1_i8i32; reason=duplicate INT8 source; canonical tree is GEMM_RVV_FP32_INT8_*
SKIP_UNSUPPORTED_KERNEL=igemm_kernel_8x8_zvl256b_lmulmf2_unroll2_i8i32; reason=duplicate INT8 source; canonical tree is GEMM_RVV_FP32_INT8_*
SKIP_UNSUPPORTED_KERNEL=igemm_kernel_8x8_zvl256b_lmulmf2_unroll4_i8i32; reason=duplicate INT8 source; canonical tree is GEMM_RVV_FP32_INT8_*
SKIP_UNSUPPORTED_KERNEL=igemm_kernel_8x8_zvl256b_lmulmf2_unroll8_i8i32; reason=duplicate INT8 source; canonical tree is GEMM_RVV_FP32_INT8_*
SKIP_UNSUPPORTED_KERNEL=igemm_kernel_8x8_zvl256b_lmulmf4_unroll1_i8i32; reason=duplicate INT8 source; canonical tree is GEMM_RVV_FP32_INT8_*
SKIP_UNSUPPORTED_KERNEL=igemm_kernel_8x8_zvl256b_lmulmf4_unroll2_i8i32; reason=duplicate INT8 source; canonical tree is GEMM_RVV_FP32_INT8_*
SKIP_UNSUPPORTED_KERNEL=igemm_kernel_8x8_zvl256b_lmulmf4_unroll4_i8i32; reason=duplicate INT8 source; canonical tree is GEMM_RVV_FP32_INT8_*
SKIP_UNSUPPORTED_KERNEL=igemm_kernel_8x8_zvl256b_lmulmf4_unroll8_i8i32; reason=duplicate INT8 source; canonical tree is GEMM_RVV_FP32_INT8_*
============================================================
DONE status=FAILED
kernels_built=100
ok_runs=384
failed_runs=36
build_failed=0
Raw CSV: /home/bananapi/MAT/kernels riscv rvv 1.0/FINAL/riscv-rvv-ime-gemm-microkernels-updated/HETEROGENEOUS_RVV_IME_OPENMP_GEMM/results/openmp_results_k1-rvv_1024_20260904_054843/openmp_raw_k1-rvv_1024_runs6_20260904_054843.csv
Summary CSV: /home/bananapi/MAT/kernels riscv rvv 1.0/FINAL/riscv-rvv-ime-gemm-microkernels-updated/HETEROGENEOUS_RVV_IME_OPENMP_GEMM/results/openmp_results_k1-rvv_1024_20260904_054843/openmp_summary_k1-rvv_1024_runs6_20260904_054843.csv
Latest raw CSV: /home/bananapi/MAT/kernels riscv rvv 1.0/FINAL/riscv-rvv-ime-gemm-microkernels-updated/HETEROGENEOUS_RVV_IME_OPENMP_GEMM/results/openmp_raw_latest_k1-rvv.csv
Latest summary CSV: /home/bananapi/MAT/kernels riscv rvv 1.0/FINAL/riscv-rvv-ime-gemm-microkernels-updated/HETEROGENEOUS_RVV_IME_OPENMP_GEMM/results/openmp_summary_latest_k1-rvv.csv
Latest live log: /home/bananapi/MAT/kernels riscv rvv 1.0/FINAL/riscv-rvv-ime-gemm-microkernels-updated/HETEROGENEOUS_RVV_IME_OPENMP_GEMM/results/openmp_live_latest_k1-rvv.log
Raw logs: /home/bananapi/MAT/kernels riscv rvv 1.0/FINAL/riscv-rvv-ime-gemm-microkernels-updated/HETEROGENEOUS_RVV_IME_OPENMP_GEMM/results/openmp_results_k1-rvv_1024_20260904_054843/raw_logs
============================================================
MODE_DONE=k1-rvv schedule=static status=FAILED rc=1
============================================================
RVV-cluster OpenMP baseline: cores 4-7 execute RVV kernels
MODE=k1-rvv-only schedule=static chunk=1 M=1024 N=1024 K=1024 tile_N=32 runs=6
============================================================
OpenMP all-kernel tiled GEMM campaign
MODE=k1-rvv-only (K1 RVV-cluster OpenMP baseline) M=1024 N=1024 K=1024 tile_N=32 RUNS=6
CORE_PLAN=cores 4-7 execute RVV kernels
PROJECT_ROOT=/home/bananapi/MAT/kernels riscv rvv 1.0/FINAL/riscv-rvv-ime-gemm-microkernels-updated
RESULT_DIR=/home/bananapi/MAT/kernels riscv rvv 1.0/FINAL/riscv-rvv-ime-gemm-microkernels-updated/HETEROGENEOUS_RVV_IME_OPENMP_GEMM/results/openmp_results_k1-rvv-only_1024_20260904_074523
COMPILER=gcc (Bianbu 14.2.0-4ubuntu2~24.04bb1) 14.2.0
BUILD_FLAGS=-O3 -std=c11 -Wall -Wextra -Wno-unknown-pragmas -fopenmp -march=rv64gcv_zvl256b -mabi=lp64d
OMP_NUM_THREADS=4 OMP_PROC_BIND=close OMP_PLACES=cores OMP_DYNAMIC=false OMP_MAX_ACTIVE_LEVELS=2
TILE_SCHEDULE=static DYNAMIC_CHUNK=1
GEMM_VALIDATE=1 VALIDATE_EACH_RUN=0 GEMM_WARMUP=1 ENABLE_MF2=0 BUILD_ONLY=0 ZVL_FILTER=256b KERNEL_FILTER=* KIND_FILTER=* PERF_STAT=0 STATIC_IME_WEIGHT=4 STATIC_RVV_WEIGHT=1
Cpus_allowed_list:	0-7
MEMORY_NODES_ONLINE=not_exposed
CLUSTER_PLACEMENT=exact_core_affinity; contiguous_output_ownership
============================================================
KERNEL: igemm_kernel_8x4_zvl256b_lmul1_unroll1_i8i32
  MODE: K1 RVV-cluster OpenMP baseline
  BASELINE: GEMM_RVV_FP32_INT8_8x4_Baseline
  FAMILY: RVV_IGEMM_INT8_I8I32_8x4
  PATH: INT8 RVV widening GEMM (INT8 x INT8 -> INT32)
  TILE: 8x4 ZVL=256b LMUL=1 UNROLL=1
  WORK: M=1024 N=1024 K=1024 tile_N=32 runs=6
  CORES: cores 4-7 execute RVV kernels
  INPUT_CONTRACT: CANONICAL_FULL_MATRIX
PRIMARY_SOURCE=/home/bananapi/MAT/kernels riscv rvv 1.0/FINAL/riscv-rvv-ime-gemm-microkernels-updated/GEMM_RVV_FP32_INT8_8x4_Baseline/RVV_IGEMM_INT8_I8I32_8x4/igemm_kernel_8x4_zvl256b_lmul1_unroll1/igemm_kernel_8x4_zvl256b_lmul1_unroll1_i8i32.c
    run 1: OK GOPS=3.614394 time=0.594147582 threads=4 validation=1
      schedule: static chunk=0
      workers: 0:cpu4:tiles8;1:cpu5:tiles8;2:cpu6:tiles8;3:cpu7:tiles8
    run 2: OK GOPS=3.588389 time=0.598453417 threads=4 validation=0
      schedule: static chunk=0
      workers: 0:cpu4:tiles8;1:cpu5:tiles8;2:cpu6:tiles8;3:cpu7:tiles8
    run 3: OK GOPS=3.621360 time=0.593004793 threads=4 validation=0
      schedule: static chunk=0
      workers: 0:cpu4:tiles8;1:cpu5:tiles8;2:cpu6:tiles8;3:cpu7:tiles8
    run 4: OK GOPS=3.619414 time=0.593323544 threads=4 validation=0
      schedule: static chunk=0
      workers: 0:cpu4:tiles8;1:cpu5:tiles8;2:cpu6:tiles8;3:cpu7:tiles8
    run 5: OK GOPS=3.626512 time=0.592162333 threads=4 validation=0
      schedule: static chunk=0
      workers: 0:cpu4:tiles8;1:cpu5:tiles8;2:cpu6:tiles8;3:cpu7:tiles8
    run 6: OK GOPS=3.643910 time=0.589334920 threads=4 validation=0
      schedule: static chunk=0
      workers: 0:cpu4:tiles8;1:cpu5:tiles8;2:cpu6:tiles8;3:cpu7:tiles8
============================================================
KERNEL: igemm_kernel_8x4_zvl256b_lmul1_unroll2_i8i32
  MODE: K1 RVV-cluster OpenMP baseline
  BASELINE: GEMM_RVV_FP32_INT8_8x4_Baseline
  FAMILY: RVV_IGEMM_INT8_I8I32_8x4
  PATH: INT8 RVV widening GEMM (INT8 x INT8 -> INT32)
  TILE: 8x4 ZVL=256b LMUL=1 UNROLL=2
  WORK: M=1024 N=1024 K=1024 tile_N=32 runs=6
  CORES: cores 4-7 execute RVV kernels
  INPUT_CONTRACT: CANONICAL_FULL_MATRIX
PRIMARY_SOURCE=/home/bananapi/MAT/kernels riscv rvv 1.0/FINAL/riscv-rvv-ime-gemm-microkernels-updated/GEMM_RVV_FP32_INT8_8x4_Baseline/RVV_IGEMM_INT8_I8I32_8x4/igemm_kernel_8x4_zvl256b_lmul1_unroll2/igemm_kernel_8x4_zvl256b_lmul1_unroll2_i8i32.c
    run 1: OK GOPS=2.379627 time=0.902445585 threads=4 validation=1
      schedule: static chunk=0
      workers: 0:cpu4:tiles8;1:cpu5:tiles8;2:cpu6:tiles8;3:cpu7:tiles8
    run 2: OK GOPS=2.384208 time=0.900711711 threads=4 validation=0
      schedule: static chunk=0
      workers: 0:cpu4:tiles8;1:cpu5:tiles8;2:cpu6:tiles8;3:cpu7:tiles8
    run 3: OK GOPS=2.382014 time=0.901541125 threads=4 validation=0
      schedule: static chunk=0
      workers: 0:cpu4:tiles8;1:cpu5:tiles8;2:cpu6:tiles8;3:cpu7:tiles8
    run 4: OK GOPS=2.384497 time=0.900602501 threads=4 validation=0
      schedule: static chunk=0
      workers: 0:cpu4:tiles8;1:cpu5:tiles8;2:cpu6:tiles8;3:cpu7:tiles8
    run 5: OK GOPS=2.390470 time=0.898352083 threads=4 validation=0
      schedule: static chunk=0
      workers: 0:cpu4:tiles8;1:cpu5:tiles8;2:cpu6:tiles8;3:cpu7:tiles8
    run 6: OK GOPS=2.384789 time=0.900492206 threads=4 validation=0
      schedule: static chunk=0
      workers: 0:cpu4:tiles8;1:cpu5:tiles8;2:cpu6:tiles8;3:cpu7:tiles8
============================================================
KERNEL: igemm_kernel_8x4_zvl256b_lmul1_unroll4_i8i32
  MODE: K1 RVV-cluster OpenMP baseline
  BASELINE: GEMM_RVV_FP32_INT8_8x4_Baseline
  FAMILY: RVV_IGEMM_INT8_I8I32_8x4
  PATH: INT8 RVV widening GEMM (INT8 x INT8 -> INT32)
  TILE: 8x4 ZVL=256b LMUL=1 UNROLL=4
  WORK: M=1024 N=1024 K=1024 tile_N=32 runs=6
  CORES: cores 4-7 execute RVV kernels
  INPUT_CONTRACT: CANONICAL_FULL_MATRIX
PRIMARY_SOURCE=/home/bananapi/MAT/kernels riscv rvv 1.0/FINAL/riscv-rvv-ime-gemm-microkernels-updated/GEMM_RVV_FP32_INT8_8x4_Baseline/RVV_IGEMM_INT8_I8I32_8x4/igemm_kernel_8x4_zvl256b_lmul1_unroll4/igemm_kernel_8x4_zvl256b_lmul1_unroll4_i8i32.c
    run 1: OK GOPS=2.323665 time=0.924179625 threads=4 validation=1
      schedule: static chunk=0
      workers: 0:cpu4:tiles8;1:cpu5:tiles8;2:cpu6:tiles8;3:cpu7:tiles8
    run 2: OK GOPS=2.327902 time=0.922497377 threads=4 validation=0
      schedule: static chunk=0
      workers: 0:cpu4:tiles8;1:cpu5:tiles8;2:cpu6:tiles8;3:cpu7:tiles8
    run 3: OK GOPS=2.355820 time=0.911565125 threads=4 validation=0
      schedule: static chunk=0
      workers: 0:cpu4:tiles8;1:cpu5:tiles8;2:cpu6:tiles8;3:cpu7:tiles8
    run 4: OK GOPS=2.344929 time=0.915799122 threads=4 validation=0
      schedule: static chunk=0
      workers: 0:cpu4:tiles8;1:cpu5:tiles8;2:cpu6:tiles8;3:cpu7:tiles8
    run 5: OK GOPS=2.335843 time=0.919361461 threads=4 validation=0
      schedule: static chunk=0
      workers: 0:cpu4:tiles8;1:cpu5:tiles8;2:cpu6:tiles8;3:cpu7:tiles8
    run 6: OK GOPS=2.347431 time=0.914823040 threads=4 validation=0
      schedule: static chunk=0
      workers: 0:cpu4:tiles8;1:cpu5:tiles8;2:cpu6:tiles8;3:cpu7:tiles8
============================================================
KERNEL: igemm_kernel_8x4_zvl256b_lmul1_unroll8_i8i32
  MODE: K1 RVV-cluster OpenMP baseline
  BASELINE: GEMM_RVV_FP32_INT8_8x4_Baseline
  FAMILY: RVV_IGEMM_INT8_I8I32_8x4
  PATH: INT8 RVV widening GEMM (INT8 x INT8 -> INT32)
  TILE: 8x4 ZVL=256b LMUL=1 UNROLL=8
  WORK: M=1024 N=1024 K=1024 tile_N=32 runs=6
  CORES: cores 4-7 execute RVV kernels
  INPUT_CONTRACT: CANONICAL_FULL_MATRIX
PRIMARY_SOURCE=/home/bananapi/MAT/kernels riscv rvv 1.0/FINAL/riscv-rvv-ime-gemm-microkernels-updated/GEMM_RVV_FP32_INT8_8x4_Baseline/RVV_IGEMM_INT8_I8I32_8x4/igemm_kernel_8x4_zvl256b_lmul1_unroll8/igemm_kernel_8x4_zvl256b_lmul1_unroll8_i8i32.c
    run 1: OK GOPS=2.506344 time=0.856819127 threads=4 validation=1
      schedule: static chunk=0
      workers: 0:cpu4:tiles8;1:cpu5:tiles8;2:cpu6:tiles8;3:cpu7:tiles8
    run 2: OK GOPS=2.512231 time=0.854811419 threads=4 validation=0
      schedule: static chunk=0
      workers: 0:cpu4:tiles8;1:cpu5:tiles8;2:cpu6:tiles8;3:cpu7:tiles8
    run 3: OK GOPS=2.516965 time=0.853203584 threads=4 validation=0
      schedule: static chunk=0
      workers: 0:cpu4:tiles8;1:cpu5:tiles8;2:cpu6:tiles8;3:cpu7:tiles8
    run 4: OK GOPS=2.506941 time=0.856615294 threads=4 validation=0
      schedule: static chunk=0
      workers: 0:cpu4:tiles8;1:cpu5:tiles8;2:cpu6:tiles8;3:cpu7:tiles8
    run 5: OK GOPS=2.529235 time=0.849064335 threads=4 validation=0
      schedule: static chunk=0
      workers: 0:cpu4:tiles8;1:cpu5:tiles8;2:cpu6:tiles8;3:cpu7:tiles8
    run 6: OK GOPS=2.518619 time=0.852643456 threads=4 validation=0
      schedule: static chunk=0
      workers: 0:cpu4:tiles8;1:cpu5:tiles8;2:cpu6:tiles8;3:cpu7:tiles8
============================================================
KERNEL: igemm_kernel_8x4_zvl256b_lmul2_unroll1_i8i32
  MODE: K1 RVV-cluster OpenMP baseline
  BASELINE: GEMM_RVV_FP32_INT8_8x4_Baseline
  FAMILY: RVV_IGEMM_INT8_I8I32_8x4
  PATH: INT8 RVV widening GEMM (INT8 x INT8 -> INT32)
  TILE: 8x4 ZVL=256b LMUL=2 UNROLL=1
  WORK: M=1024 N=1024 K=1024 tile_N=32 runs=6
  CORES: cores 4-7 execute RVV kernels
  INPUT_CONTRACT: CANONICAL_FULL_MATRIX
PRIMARY_SOURCE=/home/bananapi/MAT/kernels riscv rvv 1.0/FINAL/riscv-rvv-ime-gemm-microkernels-updated/GEMM_RVV_FP32_INT8_8x4_Baseline/RVV_IGEMM_INT8_I8I32_8x4/igemm_kernel_8x4_zvl256b_lmul2_unroll1/igemm_kernel_8x4_zvl256b_lmul2_unroll1_i8i32.c
    run 1: OK GOPS=1.047644 time=2.049821083 threads=4 validation=1
      schedule: static chunk=0
      workers: 0:cpu4:tiles8;1:cpu5:tiles8;2:cpu6:tiles8;3:cpu7:tiles8
    run 2: OK GOPS=1.048125 time=2.048882209 threads=4 validation=0
      schedule: static chunk=0
      workers: 0:cpu4:tiles8;1:cpu5:tiles8;2:cpu6:tiles8;3:cpu7:tiles8
    run 3: OK GOPS=1.049162 time=2.046856917 threads=4 validation=0
      schedule: static chunk=0
      workers: 0:cpu4:tiles8;1:cpu5:tiles8;2:cpu6:tiles8;3:cpu7:tiles8
    run 4: OK GOPS=1.049713 time=2.045782417 threads=4 validation=0
      schedule: static chunk=0
      workers: 0:cpu4:tiles8;1:cpu5:tiles8;2:cpu6:tiles8;3:cpu7:tiles8
    run 5: OK GOPS=1.049411 time=2.046370126 threads=4 validation=0
      schedule: static chunk=0
      workers: 0:cpu4:tiles8;1:cpu5:tiles8;2:cpu6:tiles8;3:cpu7:tiles8
    run 6: OK GOPS=1.049208 time=2.046767250 threads=4 validation=0
      schedule: static chunk=0
      workers: 0:cpu4:tiles8;1:cpu5:tiles8;2:cpu6:tiles8;3:cpu7:tiles8
============================================================
KERNEL: igemm_kernel_8x4_zvl256b_lmul2_unroll2_i8i32
  MODE: K1 RVV-cluster OpenMP baseline
  BASELINE: GEMM_RVV_FP32_INT8_8x4_Baseline
  FAMILY: RVV_IGEMM_INT8_I8I32_8x4
  PATH: INT8 RVV widening GEMM (INT8 x INT8 -> INT32)
  TILE: 8x4 ZVL=256b LMUL=2 UNROLL=2
  WORK: M=1024 N=1024 K=1024 tile_N=32 runs=6
  CORES: cores 4-7 execute RVV kernels
  INPUT_CONTRACT: CANONICAL_FULL_MATRIX
PRIMARY_SOURCE=/home/bananapi/MAT/kernels riscv rvv 1.0/FINAL/riscv-rvv-ime-gemm-microkernels-updated/GEMM_RVV_FP32_INT8_8x4_Baseline/RVV_IGEMM_INT8_I8I32_8x4/igemm_kernel_8x4_zvl256b_lmul2_unroll2/igemm_kernel_8x4_zvl256b_lmul2_unroll2_i8i32.c
    run 1: OK GOPS=1.018015 time=2.109481543 threads=4 validation=1
      schedule: static chunk=0
      workers: 0:cpu4:tiles8;1:cpu5:tiles8;2:cpu6:tiles8;3:cpu7:tiles8
    run 2: OK GOPS=1.017825 time=2.109875835 threads=4 validation=0
      schedule: static chunk=0
      workers: 0:cpu4:tiles8;1:cpu5:tiles8;2:cpu6:tiles8;3:cpu7:tiles8
    run 3: OK GOPS=1.019204 time=2.107020292 threads=4 validation=0
      schedule: static chunk=0
      workers: 0:cpu4:tiles8;1:cpu5:tiles8;2:cpu6:tiles8;3:cpu7:tiles8
    run 4: OK GOPS=1.017233 time=2.111102417 threads=4 validation=0
      schedule: static chunk=0
      workers: 0:cpu4:tiles8;1:cpu5:tiles8;2:cpu6:tiles8;3:cpu7:tiles8
    run 5: OK GOPS=1.019355 time=2.106707878 threads=4 validation=0
      schedule: static chunk=0
      workers: 0:cpu4:tiles8;1:cpu5:tiles8;2:cpu6:tiles8;3:cpu7:tiles8
    run 6: OK GOPS=1.017739 time=2.110054128 threads=4 validation=0
      schedule: static chunk=0
      workers: 0:cpu4:tiles8;1:cpu5:tiles8;2:cpu6:tiles8;3:cpu7:tiles8
============================================================
KERNEL: igemm_kernel_8x4_zvl256b_lmul2_unroll4_i8i32
  MODE: K1 RVV-cluster OpenMP baseline
  BASELINE: GEMM_RVV_FP32_INT8_8x4_Baseline
  FAMILY: RVV_IGEMM_INT8_I8I32_8x4
  PATH: INT8 RVV widening GEMM (INT8 x INT8 -> INT32)
  TILE: 8x4 ZVL=256b LMUL=2 UNROLL=4
  WORK: M=1024 N=1024 K=1024 tile_N=32 runs=6
  CORES: cores 4-7 execute RVV kernels
  INPUT_CONTRACT: CANONICAL_FULL_MATRIX
PRIMARY_SOURCE=/home/bananapi/MAT/kernels riscv rvv 1.0/FINAL/riscv-rvv-ime-gemm-microkernels-updated/GEMM_RVV_FP32_INT8_8x4_Baseline/RVV_IGEMM_INT8_I8I32_8x4/igemm_kernel_8x4_zvl256b_lmul2_unroll4/igemm_kernel_8x4_zvl256b_lmul2_unroll4_i8i32.c
    run 1: OK GOPS=0.875092 time=2.454008210 threads=4 validation=1
      schedule: static chunk=0
      workers: 0:cpu4:tiles8;1:cpu5:tiles8;2:cpu6:tiles8;3:cpu7:tiles8
    run 2: OK GOPS=0.873143 time=2.459486876 threads=4 validation=0
      schedule: static chunk=0
      workers: 0:cpu4:tiles8;1:cpu5:tiles8;2:cpu6:tiles8;3:cpu7:tiles8
    run 3: OK GOPS=0.872510 time=2.461272046 threads=4 validation=0
      schedule: static chunk=0
      workers: 0:cpu4:tiles8;1:cpu5:tiles8;2:cpu6:tiles8;3:cpu7:tiles8
    run 4: OK GOPS=0.874399 time=2.455953334 threads=4 validation=0
      schedule: static chunk=0
      workers: 0:cpu4:tiles8;1:cpu5:tiles8;2:cpu6:tiles8;3:cpu7:tiles8
    run 5: OK GOPS=0.874362 time=2.456056628 threads=4 validation=0
      schedule: static chunk=0
      workers: 0:cpu4:tiles8;1:cpu5:tiles8;2:cpu6:tiles8;3:cpu7:tiles8
    run 6: OK GOPS=0.873780 time=2.457694378 threads=4 validation=0
      schedule: static chunk=0
      workers: 0:cpu4:tiles8;1:cpu5:tiles8;2:cpu6:tiles8;3:cpu7:tiles8
============================================================
KERNEL: igemm_kernel_8x4_zvl256b_lmul2_unroll8_i8i32
  MODE: K1 RVV-cluster OpenMP baseline
  BASELINE: GEMM_RVV_FP32_INT8_8x4_Baseline
  FAMILY: RVV_IGEMM_INT8_I8I32_8x4
  PATH: INT8 RVV widening GEMM (INT8 x INT8 -> INT32)
  TILE: 8x4 ZVL=256b LMUL=2 UNROLL=8
  WORK: M=1024 N=1024 K=1024 tile_N=32 runs=6
  CORES: cores 4-7 execute RVV kernels
  INPUT_CONTRACT: CANONICAL_FULL_MATRIX
PRIMARY_SOURCE=/home/bananapi/MAT/kernels riscv rvv 1.0/FINAL/riscv-rvv-ime-gemm-microkernels-updated/GEMM_RVV_FP32_INT8_8x4_Baseline/RVV_IGEMM_INT8_I8I32_8x4/igemm_kernel_8x4_zvl256b_lmul2_unroll8/igemm_kernel_8x4_zvl256b_lmul2_unroll8_i8i32.c
    run 1: OK GOPS=0.853661 time=2.515615582 threads=4 validation=1
      schedule: static chunk=0
      workers: 0:cpu4:tiles8;1:cpu5:tiles8;2:cpu6:tiles8;3:cpu7:tiles8
    run 2: OK GOPS=0.855066 time=2.511481833 threads=4 validation=0
      schedule: static chunk=0
      workers: 0:cpu4:tiles8;1:cpu5:tiles8;2:cpu6:tiles8;3:cpu7:tiles8
    run 3: OK GOPS=0.854297 time=2.513743877 threads=4 validation=0
      schedule: static chunk=0
      workers: 0:cpu4:tiles8;1:cpu5:tiles8;2:cpu6:tiles8;3:cpu7:tiles8
    run 4: OK GOPS=0.854936 time=2.511864834 threads=4 validation=0
      schedule: static chunk=0
      workers: 0:cpu4:tiles8;1:cpu5:tiles8;2:cpu6:tiles8;3:cpu7:tiles8
    run 5: OK GOPS=0.854298 time=2.513739627 threads=4 validation=0
      schedule: static chunk=0
      workers: 0:cpu4:tiles8;1:cpu5:tiles8;2:cpu6:tiles8;3:cpu7:tiles8
    run 6: OK GOPS=0.854603 time=2.512842625 threads=4 validation=0
      schedule: static chunk=0
      workers: 0:cpu4:tiles8;1:cpu5:tiles8;2:cpu6:tiles8;3:cpu7:tiles8
============================================================
KERNEL: igemm_kernel_8x4_zvl256b_lmulmf2_unroll1_i8i32
  MODE: K1 RVV-cluster OpenMP baseline
  BASELINE: GEMM_RVV_FP32_INT8_8x4_Baseline
  FAMILY: RVV_IGEMM_INT8_I8I32_8x4
  PATH: INT8 RVV widening GEMM (INT8 x INT8 -> INT32)
  TILE: 8x4 ZVL=256b LMUL=mf2 UNROLL=1
  WORK: M=1024 N=1024 K=1024 tile_N=32 runs=6
  CORES: cores 4-7 execute RVV kernels
  INPUT_CONTRACT: CANONICAL_FULL_MATRIX
PRIMARY_SOURCE=/home/bananapi/MAT/kernels riscv rvv 1.0/FINAL/riscv-rvv-ime-gemm-microkernels-updated/GEMM_RVV_FP32_INT8_8x4_Baseline/RVV_IGEMM_INT8_I8I32_8x4/igemm_kernel_8x4_zvl256b_lmulmf2_unroll1/igemm_kernel_8x4_zvl256b_lmulmf2_unroll1_i8i32.c
    run 1: OK GOPS=9.796628 time=0.219206415 threads=4 validation=1
      schedule: static chunk=0
      workers: 0:cpu4:tiles8;1:cpu5:tiles8;2:cpu6:tiles8;3:cpu7:tiles8
    run 2: OK GOPS=9.740615 time=0.220466956 threads=4 validation=0
      schedule: static chunk=0
      workers: 0:cpu4:tiles8;1:cpu5:tiles8;2:cpu6:tiles8;3:cpu7:tiles8
    run 3: OK GOPS=9.638155 time=0.222810667 threads=4 validation=0
      schedule: static chunk=0
      workers: 0:cpu4:tiles8;1:cpu5:tiles8;2:cpu6:tiles8;3:cpu7:tiles8
    run 4: OK GOPS=9.657598 time=0.222362082 threads=4 validation=0
      schedule: static chunk=0
      workers: 0:cpu4:tiles8;1:cpu5:tiles8;2:cpu6:tiles8;3:cpu7:tiles8
    run 5: OK GOPS=9.898315 time=0.216954459 threads=4 validation=0
      schedule: static chunk=0
      workers: 0:cpu4:tiles8;1:cpu5:tiles8;2:cpu6:tiles8;3:cpu7:tiles8
    run 6: OK GOPS=9.714908 time=0.221050333 threads=4 validation=0
      schedule: static chunk=0
      workers: 0:cpu4:tiles8;1:cpu5:tiles8;2:cpu6:tiles8;3:cpu7:tiles8
============================================================
KERNEL: igemm_kernel_8x4_zvl256b_lmulmf2_unroll2_i8i32
  MODE: K1 RVV-cluster OpenMP baseline
  BASELINE: GEMM_RVV_FP32_INT8_8x4_Baseline
  FAMILY: RVV_IGEMM_INT8_I8I32_8x4
  PATH: INT8 RVV widening GEMM (INT8 x INT8 -> INT32)
  TILE: 8x4 ZVL=256b LMUL=mf2 UNROLL=2
  WORK: M=1024 N=1024 K=1024 tile_N=32 runs=6
  CORES: cores 4-7 execute RVV kernels
  INPUT_CONTRACT: CANONICAL_FULL_MATRIX
PRIMARY_SOURCE=/home/bananapi/MAT/kernels riscv rvv 1.0/FINAL/riscv-rvv-ime-gemm-microkernels-updated/GEMM_RVV_FP32_INT8_8x4_Baseline/RVV_IGEMM_INT8_I8I32_8x4/igemm_kernel_8x4_zvl256b_lmulmf2_unroll2/igemm_kernel_8x4_zvl256b_lmulmf2_unroll2_i8i32.c
    run 1: OK GOPS=10.103743 time=0.212543376 threads=4 validation=1
      schedule: static chunk=0
      workers: 0:cpu4:tiles8;1:cpu5:tiles8;2:cpu6:tiles8;3:cpu7:tiles8
    run 2: OK GOPS=9.848183 time=0.218058873 threads=4 validation=0
      schedule: static chunk=0
      workers: 0:cpu4:tiles8;1:cpu5:tiles8;2:cpu6:tiles8;3:cpu7:tiles8
    run 3: OK GOPS=9.846856 time=0.218088251 threads=4 validation=0
      schedule: static chunk=0
      workers: 0:cpu4:tiles8;1:cpu5:tiles8;2:cpu6:tiles8;3:cpu7:tiles8
    run 4: OK GOPS=10.285234 time=0.208792876 threads=4 validation=0
      schedule: static chunk=0
      workers: 0:cpu4:tiles8;1:cpu5:tiles8;2:cpu6:tiles8;3:cpu7:tiles8
    run 5: OK GOPS=10.074484 time=0.213160668 threads=4 validation=0
      schedule: static chunk=0
      workers: 0:cpu4:tiles8;1:cpu5:tiles8;2:cpu6:tiles8;3:cpu7:tiles8
    run 6: OK GOPS=10.021598 time=0.214285541 threads=4 validation=0
      schedule: static chunk=0
      workers: 0:cpu4:tiles8;1:cpu5:tiles8;2:cpu6:tiles8;3:cpu7:tiles8
============================================================
KERNEL: igemm_kernel_8x4_zvl256b_lmulmf2_unroll4_i8i32
  MODE: K1 RVV-cluster OpenMP baseline
  BASELINE: GEMM_RVV_FP32_INT8_8x4_Baseline
  FAMILY: RVV_IGEMM_INT8_I8I32_8x4
  PATH: INT8 RVV widening GEMM (INT8 x INT8 -> INT32)
  TILE: 8x4 ZVL=256b LMUL=mf2 UNROLL=4
  WORK: M=1024 N=1024 K=1024 tile_N=32 runs=6
  CORES: cores 4-7 execute RVV kernels
  INPUT_CONTRACT: CANONICAL_FULL_MATRIX
PRIMARY_SOURCE=/home/bananapi/MAT/kernels riscv rvv 1.0/FINAL/riscv-rvv-ime-gemm-microkernels-updated/GEMM_RVV_FP32_INT8_8x4_Baseline/RVV_IGEMM_INT8_I8I32_8x4/igemm_kernel_8x4_zvl256b_lmulmf2_unroll4/igemm_kernel_8x4_zvl256b_lmulmf2_unroll4_i8i32.c
    run 1: OK GOPS=10.011102 time=0.214510210 threads=4 validation=1
      schedule: static chunk=0
      workers: 0:cpu4:tiles8;1:cpu5:tiles8;2:cpu6:tiles8;3:cpu7:tiles8
    run 2: OK GOPS=10.092052 time=0.212789584 threads=4 validation=0
      schedule: static chunk=0
      workers: 0:cpu4:tiles8;1:cpu5:tiles8;2:cpu6:tiles8;3:cpu7:tiles8
    run 3: OK GOPS=9.928517 time=0.216294501 threads=4 validation=0
      schedule: static chunk=0
      workers: 0:cpu4:tiles8;1:cpu5:tiles8;2:cpu6:tiles8;3:cpu7:tiles8
    run 4: OK GOPS=10.039316 time=0.213907376 threads=4 validation=0
      schedule: static chunk=0
      workers: 0:cpu4:tiles8;1:cpu5:tiles8;2:cpu6:tiles8;3:cpu7:tiles8
    run 5: OK GOPS=9.877670 time=0.217407919 threads=4 validation=0
      schedule: static chunk=0
      workers: 0:cpu4:tiles8;1:cpu5:tiles8;2:cpu6:tiles8;3:cpu7:tiles8
    run 6: OK GOPS=9.850210 time=0.218014002 threads=4 validation=0
      schedule: static chunk=0
      workers: 0:cpu4:tiles8;1:cpu5:tiles8;2:cpu6:tiles8;3:cpu7:tiles8
============================================================
KERNEL: igemm_kernel_8x4_zvl256b_lmulmf2_unroll8_i8i32
  MODE: K1 RVV-cluster OpenMP baseline
  BASELINE: GEMM_RVV_FP32_INT8_8x4_Baseline
  FAMILY: RVV_IGEMM_INT8_I8I32_8x4
  PATH: INT8 RVV widening GEMM (INT8 x INT8 -> INT32)
  TILE: 8x4 ZVL=256b LMUL=mf2 UNROLL=8
  WORK: M=1024 N=1024 K=1024 tile_N=32 runs=6
  CORES: cores 4-7 execute RVV kernels
  INPUT_CONTRACT: CANONICAL_FULL_MATRIX
PRIMARY_SOURCE=/home/bananapi/MAT/kernels riscv rvv 1.0/FINAL/riscv-rvv-ime-gemm-microkernels-updated/GEMM_RVV_FP32_INT8_8x4_Baseline/RVV_IGEMM_INT8_I8I32_8x4/igemm_kernel_8x4_zvl256b_lmulmf2_unroll8/igemm_kernel_8x4_zvl256b_lmulmf2_unroll8_i8i32.c
    run 1: OK GOPS=10.019037 time=0.214340333 threads=4 validation=1
      schedule: static chunk=0
      workers: 0:cpu4:tiles8;1:cpu5:tiles8;2:cpu6:tiles8;3:cpu7:tiles8
    run 2: OK GOPS=9.918209 time=0.216519292 threads=4 validation=0
      schedule: static chunk=0
      workers: 0:cpu4:tiles8;1:cpu5:tiles8;2:cpu6:tiles8;3:cpu7:tiles8
    run 3: OK GOPS=9.940219 time=0.216039874 threads=4 validation=0
      schedule: static chunk=0
      workers: 0:cpu4:tiles8;1:cpu5:tiles8;2:cpu6:tiles8;3:cpu7:tiles8
    run 4: OK GOPS=9.988133 time=0.215003502 threads=4 validation=0
      schedule: static chunk=0
      workers: 0:cpu4:tiles8;1:cpu5:tiles8;2:cpu6:tiles8;3:cpu7:tiles8
    run 5: OK GOPS=9.974403 time=0.215299461 threads=4 validation=0
      schedule: static chunk=0
      workers: 0:cpu4:tiles8;1:cpu5:tiles8;2:cpu6:tiles8;3:cpu7:tiles8
    run 6: OK GOPS=9.892775 time=0.217075959 threads=4 validation=0
      schedule: static chunk=0
      workers: 0:cpu4:tiles8;1:cpu5:tiles8;2:cpu6:tiles8;3:cpu7:tiles8
============================================================
KERNEL: igemm_kernel_8x4_zvl256b_lmulmf4_unroll1_i8i32
  MODE: K1 RVV-cluster OpenMP baseline
  BASELINE: GEMM_RVV_FP32_INT8_8x4_Baseline
  FAMILY: RVV_IGEMM_INT8_I8I32_8x4
  PATH: INT8 RVV widening GEMM (INT8 x INT8 -> INT32)
  TILE: 8x4 ZVL=256b LMUL=mf4 UNROLL=1
  WORK: M=1024 N=1024 K=1024 tile_N=32 runs=6
  CORES: cores 4-7 execute RVV kernels
  INPUT_CONTRACT: CANONICAL_FULL_MATRIX
PRIMARY_SOURCE=/home/bananapi/MAT/kernels riscv rvv 1.0/FINAL/riscv-rvv-ime-gemm-microkernels-updated/GEMM_RVV_FP32_INT8_8x4_Baseline/RVV_IGEMM_INT8_I8I32_8x4/igemm_kernel_8x4_zvl256b_lmulmf4_unroll1/igemm_kernel_8x4_zvl256b_lmulmf4_unroll1_i8i32.c
    run 1: OK GOPS=12.133170 time=0.176992793 threads=4 validation=1
      schedule: static chunk=0
      workers: 0:cpu4:tiles8;1:cpu5:tiles8;2:cpu6:tiles8;3:cpu7:tiles8
    run 2: OK GOPS=12.001001 time=0.178942040 threads=4 validation=0
      schedule: static chunk=0
      workers: 0:cpu4:tiles8;1:cpu5:tiles8;2:cpu6:tiles8;3:cpu7:tiles8
    run 3: OK GOPS=12.224683 time=0.175667834 threads=4 validation=0
      schedule: static chunk=0
      workers: 0:cpu4:tiles8;1:cpu5:tiles8;2:cpu6:tiles8;3:cpu7:tiles8
    run 4: OK GOPS=12.066289 time=0.177973833 threads=4 validation=0
      schedule: static chunk=0
      workers: 0:cpu4:tiles8;1:cpu5:tiles8;2:cpu6:tiles8;3:cpu7:tiles8
    run 5: OK GOPS=12.220472 time=0.175728377 threads=4 validation=0
      schedule: static chunk=0
      workers: 0:cpu4:tiles8;1:cpu5:tiles8;2:cpu6:tiles8;3:cpu7:tiles8
    run 6: OK GOPS=12.297810 time=0.174623251 threads=4 validation=0
      schedule: static chunk=0
      workers: 0:cpu4:tiles8;1:cpu5:tiles8;2:cpu6:tiles8;3:cpu7:tiles8
============================================================
KERNEL: igemm_kernel_8x4_zvl256b_lmulmf4_unroll2_i8i32
  MODE: K1 RVV-cluster OpenMP baseline
  BASELINE: GEMM_RVV_FP32_INT8_8x4_Baseline
  FAMILY: RVV_IGEMM_INT8_I8I32_8x4
  PATH: INT8 RVV widening GEMM (INT8 x INT8 -> INT32)
  TILE: 8x4 ZVL=256b LMUL=mf4 UNROLL=2
  WORK: M=1024 N=1024 K=1024 tile_N=32 runs=6
  CORES: cores 4-7 execute RVV kernels
  INPUT_CONTRACT: CANONICAL_FULL_MATRIX
PRIMARY_SOURCE=/home/bananapi/MAT/kernels riscv rvv 1.0/FINAL/riscv-rvv-ime-gemm-microkernels-updated/GEMM_RVV_FP32_INT8_8x4_Baseline/RVV_IGEMM_INT8_I8I32_8x4/igemm_kernel_8x4_zvl256b_lmulmf4_unroll2/igemm_kernel_8x4_zvl256b_lmulmf4_unroll2_i8i32.c
    run 1: OK GOPS=12.913149 time=0.166302085 threads=4 validation=1
      schedule: static chunk=0
      workers: 0:cpu4:tiles8;1:cpu5:tiles8;2:cpu6:tiles8;3:cpu7:tiles8
    run 2: OK GOPS=13.264888 time=0.161892336 threads=4 validation=0
      schedule: static chunk=0
      workers: 0:cpu4:tiles8;1:cpu5:tiles8;2:cpu6:tiles8;3:cpu7:tiles8
    run 3: OK GOPS=12.977650 time=0.165475544 threads=4 validation=0
      schedule: static chunk=0
      workers: 0:cpu4:tiles8;1:cpu5:tiles8;2:cpu6:tiles8;3:cpu7:tiles8
    run 4: OK GOPS=13.097943 time=0.163955793 threads=4 validation=0
      schedule: static chunk=0
      workers: 0:cpu4:tiles8;1:cpu5:tiles8;2:cpu6:tiles8;3:cpu7:tiles8
    run 5: OK GOPS=13.153721 time=0.163260538 threads=4 validation=0
      schedule: static chunk=0
      workers: 0:cpu4:tiles8;1:cpu5:tiles8;2:cpu6:tiles8;3:cpu7:tiles8
    run 6: OK GOPS=13.041379 time=0.164666917 threads=4 validation=0
      schedule: static chunk=0
      workers: 0:cpu4:tiles8;1:cpu5:tiles8;2:cpu6:tiles8;3:cpu7:tiles8
============================================================
KERNEL: igemm_kernel_8x4_zvl256b_lmulmf4_unroll4_i8i32
  MODE: K1 RVV-cluster OpenMP baseline
  BASELINE: GEMM_RVV_FP32_INT8_8x4_Baseline
  FAMILY: RVV_IGEMM_INT8_I8I32_8x4
  PATH: INT8 RVV widening GEMM (INT8 x INT8 -> INT32)
  TILE: 8x4 ZVL=256b LMUL=mf4 UNROLL=4
  WORK: M=1024 N=1024 K=1024 tile_N=32 runs=6
  CORES: cores 4-7 execute RVV kernels
  INPUT_CONTRACT: CANONICAL_FULL_MATRIX
PRIMARY_SOURCE=/home/bananapi/MAT/kernels riscv rvv 1.0/FINAL/riscv-rvv-ime-gemm-microkernels-updated/GEMM_RVV_FP32_INT8_8x4_Baseline/RVV_IGEMM_INT8_I8I32_8x4/igemm_kernel_8x4_zvl256b_lmulmf4_unroll4/igemm_kernel_8x4_zvl256b_lmulmf4_unroll4_i8i32.c
    run 1: OK GOPS=12.821940 time=0.167485084 threads=4 validation=1
      schedule: static chunk=0
      workers: 0:cpu4:tiles8;1:cpu5:tiles8;2:cpu6:tiles8;3:cpu7:tiles8
    run 2: OK GOPS=12.615140 time=0.170230664 threads=4 validation=0
      schedule: static chunk=0
      workers: 0:cpu4:tiles8;1:cpu5:tiles8;2:cpu6:tiles8;3:cpu7:tiles8
    run 3: OK GOPS=12.725757 time=0.168750957 threads=4 validation=0
      schedule: static chunk=0
      workers: 0:cpu4:tiles8;1:cpu5:tiles8;2:cpu6:tiles8;3:cpu7:tiles8
    run 4: OK GOPS=12.823761 time=0.167461291 threads=4 validation=0
      schedule: static chunk=0
      workers: 0:cpu4:tiles8;1:cpu5:tiles8;2:cpu6:tiles8;3:cpu7:tiles8
    run 5: OK GOPS=12.585281 time=0.170634542 threads=4 validation=0
      schedule: static chunk=0
      workers: 0:cpu4:tiles8;1:cpu5:tiles8;2:cpu6:tiles8;3:cpu7:tiles8
    run 6: OK GOPS=12.668813 time=0.169509459 threads=4 validation=0
      schedule: static chunk=0
      workers: 0:cpu4:tiles8;1:cpu5:tiles8;2:cpu6:tiles8;3:cpu7:tiles8
============================================================
KERNEL: igemm_kernel_8x4_zvl256b_lmulmf4_unroll8_i8i32
  MODE: K1 RVV-cluster OpenMP baseline
  BASELINE: GEMM_RVV_FP32_INT8_8x4_Baseline
  FAMILY: RVV_IGEMM_INT8_I8I32_8x4
  PATH: INT8 RVV widening GEMM (INT8 x INT8 -> INT32)
  TILE: 8x4 ZVL=256b LMUL=mf4 UNROLL=8
  WORK: M=1024 N=1024 K=1024 tile_N=32 runs=6
  CORES: cores 4-7 execute RVV kernels
  INPUT_CONTRACT: CANONICAL_FULL_MATRIX
PRIMARY_SOURCE=/home/bananapi/MAT/kernels riscv rvv 1.0/FINAL/riscv-rvv-ime-gemm-microkernels-updated/GEMM_RVV_FP32_INT8_8x4_Baseline/RVV_IGEMM_INT8_I8I32_8x4/igemm_kernel_8x4_zvl256b_lmulmf4_unroll8/igemm_kernel_8x4_zvl256b_lmulmf4_unroll8_i8i32.c
    run 1: OK GOPS=12.767226 time=0.168202832 threads=4 validation=1
      schedule: static chunk=0
      workers: 0:cpu4:tiles8;1:cpu5:tiles8;2:cpu6:tiles8;3:cpu7:tiles8
    run 2: OK GOPS=12.802616 time=0.167737875 threads=4 validation=0
      schedule: static chunk=0
      workers: 0:cpu4:tiles8;1:cpu5:tiles8;2:cpu6:tiles8;3:cpu7:tiles8
    run 3: OK GOPS=12.831063 time=0.167366002 threads=4 validation=0
      schedule: static chunk=0
      workers: 0:cpu4:tiles8;1:cpu5:tiles8;2:cpu6:tiles8;3:cpu7:tiles8
    run 4: OK GOPS=12.738297 time=0.168584835 threads=4 validation=0
      schedule: static chunk=0
      workers: 0:cpu4:tiles8;1:cpu5:tiles8;2:cpu6:tiles8;3:cpu7:tiles8
    run 5: OK GOPS=12.757925 time=0.168325458 threads=4 validation=0
      schedule: static chunk=0
      workers: 0:cpu4:tiles8;1:cpu5:tiles8;2:cpu6:tiles8;3:cpu7:tiles8
    run 6: OK GOPS=12.763341 time=0.168254040 threads=4 validation=0
      schedule: static chunk=0
      workers: 0:cpu4:tiles8;1:cpu5:tiles8;2:cpu6:tiles8;3:cpu7:tiles8
============================================================
KERNEL: igemm_kernel_8x4_zvl256b_lmulmf8_unroll1_i8i32
  MODE: K1 RVV-cluster OpenMP baseline
  BASELINE: GEMM_RVV_FP32_INT8_8x4_Baseline
  FAMILY: RVV_IGEMM_INT8_I8I32_8x4
  PATH: INT8 RVV widening GEMM (INT8 x INT8 -> INT32)
  TILE: 8x4 ZVL=256b LMUL=mf8 UNROLL=1
  WORK: M=1024 N=1024 K=1024 tile_N=32 runs=6
  CORES: cores 4-7 execute RVV kernels
  INPUT_CONTRACT: CANONICAL_FULL_MATRIX
PRIMARY_SOURCE=/home/bananapi/MAT/kernels riscv rvv 1.0/FINAL/riscv-rvv-ime-gemm-microkernels-updated/GEMM_RVV_FP32_INT8_8x4_Baseline/RVV_IGEMM_INT8_I8I32_8x4/igemm_kernel_8x4_zvl256b_lmulmf8_unroll1/igemm_kernel_8x4_zvl256b_lmulmf8_unroll1_i8i32.c
    run 1: OK GOPS=12.612519 time=0.170266040 threads=4 validation=1
      schedule: static chunk=0
      workers: 0:cpu4:tiles8;1:cpu5:tiles8;2:cpu6:tiles8;3:cpu7:tiles8
    run 2: OK GOPS=12.944131 time=0.165904041 threads=4 validation=0
      schedule: static chunk=0
      workers: 0:cpu4:tiles8;1:cpu5:tiles8;2:cpu6:tiles8;3:cpu7:tiles8
    run 3: OK GOPS=12.894411 time=0.166543752 threads=4 validation=0
      schedule: static chunk=0
      workers: 0:cpu4:tiles8;1:cpu5:tiles8;2:cpu6:tiles8;3:cpu7:tiles8
    run 4: OK GOPS=12.825746 time=0.167435378 threads=4 validation=0
      schedule: static chunk=0
      workers: 0:cpu4:tiles8;1:cpu5:tiles8;2:cpu6:tiles8;3:cpu7:tiles8
    run 5: OK GOPS=12.864952 time=0.166925125 threads=4 validation=0
      schedule: static chunk=0
      workers: 0:cpu4:tiles8;1:cpu5:tiles8;2:cpu6:tiles8;3:cpu7:tiles8
    run 6: OK GOPS=12.940156 time=0.165955000 threads=4 validation=0
      schedule: static chunk=0
      workers: 0:cpu4:tiles8;1:cpu5:tiles8;2:cpu6:tiles8;3:cpu7:tiles8
============================================================
KERNEL: igemm_kernel_8x4_zvl256b_lmulmf8_unroll2_i8i32
  MODE: K1 RVV-cluster OpenMP baseline
  BASELINE: GEMM_RVV_FP32_INT8_8x4_Baseline
  FAMILY: RVV_IGEMM_INT8_I8I32_8x4
  PATH: INT8 RVV widening GEMM (INT8 x INT8 -> INT32)
  TILE: 8x4 ZVL=256b LMUL=mf8 UNROLL=2
  WORK: M=1024 N=1024 K=1024 tile_N=32 runs=6
  CORES: cores 4-7 execute RVV kernels
  INPUT_CONTRACT: CANONICAL_FULL_MATRIX
PRIMARY_SOURCE=/home/bananapi/MAT/kernels riscv rvv 1.0/FINAL/riscv-rvv-ime-gemm-microkernels-updated/GEMM_RVV_FP32_INT8_8x4_Baseline/RVV_IGEMM_INT8_I8I32_8x4/igemm_kernel_8x4_zvl256b_lmulmf8_unroll2/igemm_kernel_8x4_zvl256b_lmulmf8_unroll2_i8i32.c
    run 1: OK GOPS=13.549067 time=0.158496790 threads=4 validation=1
      schedule: static chunk=0
      workers: 0:cpu4:tiles8;1:cpu5:tiles8;2:cpu6:tiles8;3:cpu7:tiles8
    run 2: OK GOPS=13.326692 time=0.161141541 threads=4 validation=0
      schedule: static chunk=0
      workers: 0:cpu4:tiles8;1:cpu5:tiles8;2:cpu6:tiles8;3:cpu7:tiles8
    run 3: OK GOPS=13.631355 time=0.157540001 threads=4 validation=0
      schedule: static chunk=0
      workers: 0:cpu4:tiles8;1:cpu5:tiles8;2:cpu6:tiles8;3:cpu7:tiles8
    run 4: OK GOPS=13.440621 time=0.159775626 threads=4 validation=0
      schedule: static chunk=0
      workers: 0:cpu4:tiles8;1:cpu5:tiles8;2:cpu6:tiles8;3:cpu7:tiles8
    run 5: OK GOPS=13.417080 time=0.160055958 threads=4 validation=0
      schedule: static chunk=0
      workers: 0:cpu4:tiles8;1:cpu5:tiles8;2:cpu6:tiles8;3:cpu7:tiles8
    run 6: OK GOPS=13.590407 time=0.158014666 threads=4 validation=0
      schedule: static chunk=0
      workers: 0:cpu4:tiles8;1:cpu5:tiles8;2:cpu6:tiles8;3:cpu7:tiles8
============================================================
KERNEL: igemm_kernel_8x4_zvl256b_lmulmf8_unroll4_i8i32
  MODE: K1 RVV-cluster OpenMP baseline
  BASELINE: GEMM_RVV_FP32_INT8_8x4_Baseline
  FAMILY: RVV_IGEMM_INT8_I8I32_8x4
  PATH: INT8 RVV widening GEMM (INT8 x INT8 -> INT32)
  TILE: 8x4 ZVL=256b LMUL=mf8 UNROLL=4
  WORK: M=1024 N=1024 K=1024 tile_N=32 runs=6
  CORES: cores 4-7 execute RVV kernels
  INPUT_CONTRACT: CANONICAL_FULL_MATRIX
PRIMARY_SOURCE=/home/bananapi/MAT/kernels riscv rvv 1.0/FINAL/riscv-rvv-ime-gemm-microkernels-updated/GEMM_RVV_FP32_INT8_8x4_Baseline/RVV_IGEMM_INT8_I8I32_8x4/igemm_kernel_8x4_zvl256b_lmulmf8_unroll4/igemm_kernel_8x4_zvl256b_lmulmf8_unroll4_i8i32.c
    run 1: OK GOPS=13.260451 time=0.161946502 threads=4 validation=1
      schedule: static chunk=0
      workers: 0:cpu4:tiles8;1:cpu5:tiles8;2:cpu6:tiles8;3:cpu7:tiles8
    run 2: OK GOPS=13.311313 time=0.161327709 threads=4 validation=0
      schedule: static chunk=0
      workers: 0:cpu4:tiles8;1:cpu5:tiles8;2:cpu6:tiles8;3:cpu7:tiles8
    run 3: OK GOPS=13.160405 time=0.163177624 threads=4 validation=0
      schedule: static chunk=0
      workers: 0:cpu4:tiles8;1:cpu5:tiles8;2:cpu6:tiles8;3:cpu7:tiles8
    run 4: OK GOPS=13.091672 time=0.164034333 threads=4 validation=0
      schedule: static chunk=0
      workers: 0:cpu4:tiles8;1:cpu5:tiles8;2:cpu6:tiles8;3:cpu7:tiles8
    run 5: OK GOPS=13.308234 time=0.161365040 threads=4 validation=0
      schedule: static chunk=0
      workers: 0:cpu4:tiles8;1:cpu5:tiles8;2:cpu6:tiles8;3:cpu7:tiles8
    run 6: OK GOPS=13.195399 time=0.162744876 threads=4 validation=0
      schedule: static chunk=0
      workers: 0:cpu4:tiles8;1:cpu5:tiles8;2:cpu6:tiles8;3:cpu7:tiles8
============================================================
KERNEL: igemm_kernel_8x4_zvl256b_lmulmf8_unroll8_i8i32
  MODE: K1 RVV-cluster OpenMP baseline
  BASELINE: GEMM_RVV_FP32_INT8_8x4_Baseline
  FAMILY: RVV_IGEMM_INT8_I8I32_8x4
  PATH: INT8 RVV widening GEMM (INT8 x INT8 -> INT32)
  TILE: 8x4 ZVL=256b LMUL=mf8 UNROLL=8
  WORK: M=1024 N=1024 K=1024 tile_N=32 runs=6
  CORES: cores 4-7 execute RVV kernels
  INPUT_CONTRACT: CANONICAL_FULL_MATRIX
PRIMARY_SOURCE=/home/bananapi/MAT/kernels riscv rvv 1.0/FINAL/riscv-rvv-ime-gemm-microkernels-updated/GEMM_RVV_FP32_INT8_8x4_Baseline/RVV_IGEMM_INT8_I8I32_8x4/igemm_kernel_8x4_zvl256b_lmulmf8_unroll8/igemm_kernel_8x4_zvl256b_lmulmf8_unroll8_i8i32.c
    run 1: OK GOPS=13.256618 time=0.161993332 threads=4 validation=1
      schedule: static chunk=0
      workers: 0:cpu4:tiles8;1:cpu5:tiles8;2:cpu6:tiles8;3:cpu7:tiles8
    run 2: OK GOPS=12.949055 time=0.165840957 threads=4 validation=0
      schedule: static chunk=0
      workers: 0:cpu4:tiles8;1:cpu5:tiles8;2:cpu6:tiles8;3:cpu7:tiles8
    run 3: OK GOPS=13.103444 time=0.163886961 threads=4 validation=0
      schedule: static chunk=0
      workers: 0:cpu4:tiles8;1:cpu5:tiles8;2:cpu6:tiles8;3:cpu7:tiles8
    run 4: OK GOPS=12.906598 time=0.166386500 threads=4 validation=0
      schedule: static chunk=0
      workers: 0:cpu4:tiles8;1:cpu5:tiles8;2:cpu6:tiles8;3:cpu7:tiles8
    run 5: OK GOPS=13.004553 time=0.165133212 threads=4 validation=0
      schedule: static chunk=0
      workers: 0:cpu4:tiles8;1:cpu5:tiles8;2:cpu6:tiles8;3:cpu7:tiles8
    run 6: OK GOPS=13.214854 time=0.162505291 threads=4 validation=0
      schedule: static chunk=0
      workers: 0:cpu4:tiles8;1:cpu5:tiles8;2:cpu6:tiles8;3:cpu7:tiles8
============================================================
KERNEL: sgemm_kernel_8x4_zvl256b_lmul1_unroll1
  MODE: K1 RVV-cluster OpenMP baseline
  BASELINE: GEMM_RVV_FP32_INT8_8x4_Baseline
  FAMILY: RVV_SGEMM_FP32_8x4
  PATH: FP32 RVV vector GEMM
  TILE: 8x4 ZVL=256b LMUL=1 UNROLL=1
  WORK: M=1024 N=1024 K=1024 tile_N=32 runs=6
  CORES: cores 4-7 execute RVV kernels
  INPUT_CONTRACT: CANONICAL_FULL_MATRIX
PRIMARY_SOURCE=/home/bananapi/MAT/kernels riscv rvv 1.0/FINAL/riscv-rvv-ime-gemm-microkernels-updated/GEMM_RVV_FP32_INT8_8x4_Baseline/RVV_SGEMM_FP32_8x4/sgemm_kernel_8x4_zvl256b_lmul1_unroll1/sgemm_kernel_8x4_zvl256b_lmul1_unroll1.c
    run 1: NUMERICAL_FAILED GFLOPS=0.000000 time=0.488050044 threads=4 validation=1
      schedule: static chunk=0
      workers: 0:cpu4:tiles8;1:cpu5:tiles8;2:cpu6:tiles8;3:cpu7:tiles8
    validation gate stopped remaining runs for sgemm_kernel_8x4_zvl256b_lmul1_unroll1
============================================================
KERNEL: sgemm_kernel_8x4_zvl256b_lmul1_unroll2
  MODE: K1 RVV-cluster OpenMP baseline
  BASELINE: GEMM_RVV_FP32_INT8_8x4_Baseline
  FAMILY: RVV_SGEMM_FP32_8x4
  PATH: FP32 RVV vector GEMM
  TILE: 8x4 ZVL=256b LMUL=1 UNROLL=2
  WORK: M=1024 N=1024 K=1024 tile_N=32 runs=6
  CORES: cores 4-7 execute RVV kernels
  INPUT_CONTRACT: CANONICAL_FULL_MATRIX
PRIMARY_SOURCE=/home/bananapi/MAT/kernels riscv rvv 1.0/FINAL/riscv-rvv-ime-gemm-microkernels-updated/GEMM_RVV_FP32_INT8_8x4_Baseline/RVV_SGEMM_FP32_8x4/sgemm_kernel_8x4_zvl256b_lmul1_unroll2/sgemm_kernel_8x4_zvl256b_lmul1_unroll2.c
    run 1: NUMERICAL_FAILED GFLOPS=0.000000 time=0.490289416 threads=4 validation=1
      schedule: static chunk=0
      workers: 0:cpu4:tiles8;1:cpu5:tiles8;2:cpu6:tiles8;3:cpu7:tiles8
    validation gate stopped remaining runs for sgemm_kernel_8x4_zvl256b_lmul1_unroll2
============================================================
KERNEL: sgemm_kernel_8x4_zvl256b_lmul1_unroll4
  MODE: K1 RVV-cluster OpenMP baseline
  BASELINE: GEMM_RVV_FP32_INT8_8x4_Baseline
  FAMILY: RVV_SGEMM_FP32_8x4
  PATH: FP32 RVV vector GEMM
  TILE: 8x4 ZVL=256b LMUL=1 UNROLL=4
  WORK: M=1024 N=1024 K=1024 tile_N=32 runs=6
  CORES: cores 4-7 execute RVV kernels
  INPUT_CONTRACT: CANONICAL_FULL_MATRIX
PRIMARY_SOURCE=/home/bananapi/MAT/kernels riscv rvv 1.0/FINAL/riscv-rvv-ime-gemm-microkernels-updated/GEMM_RVV_FP32_INT8_8x4_Baseline/RVV_SGEMM_FP32_8x4/sgemm_kernel_8x4_zvl256b_lmul1_unroll4/sgemm_kernel_8x4_zvl256b_lmul1_unroll4.c
    run 1: NUMERICAL_FAILED GFLOPS=0.000000 time=0.492965207 threads=4 validation=1
      schedule: static chunk=0
      workers: 0:cpu4:tiles8;1:cpu5:tiles8;2:cpu6:tiles8;3:cpu7:tiles8
    validation gate stopped remaining runs for sgemm_kernel_8x4_zvl256b_lmul1_unroll4
============================================================
KERNEL: sgemm_kernel_8x4_zvl256b_lmul1_unroll8
  MODE: K1 RVV-cluster OpenMP baseline
  BASELINE: GEMM_RVV_FP32_INT8_8x4_Baseline
  FAMILY: RVV_SGEMM_FP32_8x4
  PATH: FP32 RVV vector GEMM
  TILE: 8x4 ZVL=256b LMUL=1 UNROLL=8
  WORK: M=1024 N=1024 K=1024 tile_N=32 runs=6
  CORES: cores 4-7 execute RVV kernels
  INPUT_CONTRACT: CANONICAL_FULL_MATRIX
PRIMARY_SOURCE=/home/bananapi/MAT/kernels riscv rvv 1.0/FINAL/riscv-rvv-ime-gemm-microkernels-updated/GEMM_RVV_FP32_INT8_8x4_Baseline/RVV_SGEMM_FP32_8x4/sgemm_kernel_8x4_zvl256b_lmul1_unroll8/sgemm_kernel_8x4_zvl256b_lmul1_unroll8.c
    run 1: NUMERICAL_FAILED GFLOPS=0.000000 time=0.490297128 threads=4 validation=1
      schedule: static chunk=0
      workers: 0:cpu4:tiles8;1:cpu5:tiles8;2:cpu6:tiles8;3:cpu7:tiles8
    validation gate stopped remaining runs for sgemm_kernel_8x4_zvl256b_lmul1_unroll8
============================================================
KERNEL: sgemm_kernel_8x4_zvl256b_lmul2_unroll1
  MODE: K1 RVV-cluster OpenMP baseline
  BASELINE: GEMM_RVV_FP32_INT8_8x4_Baseline
  FAMILY: RVV_SGEMM_FP32_8x4
  PATH: FP32 RVV vector GEMM
  TILE: 8x4 ZVL=256b LMUL=2 UNROLL=1
  WORK: M=1024 N=1024 K=1024 tile_N=32 runs=6
  CORES: cores 4-7 execute RVV kernels
  INPUT_CONTRACT: CANONICAL_FULL_MATRIX
PRIMARY_SOURCE=/home/bananapi/MAT/kernels riscv rvv 1.0/FINAL/riscv-rvv-ime-gemm-microkernels-updated/GEMM_RVV_FP32_INT8_8x4_Baseline/RVV_SGEMM_FP32_8x4/sgemm_kernel_8x4_zvl256b_lmul2_unroll1/sgemm_kernel_8x4_zvl256b_lmul2_unroll1.c
    run 1: NUMERICAL_FAILED GFLOPS=0.000000 time=0.514363497 threads=4 validation=1
      schedule: static chunk=0
      workers: 0:cpu4:tiles8;1:cpu5:tiles8;2:cpu6:tiles8;3:cpu7:tiles8
    validation gate stopped remaining runs for sgemm_kernel_8x4_zvl256b_lmul2_unroll1
============================================================
KERNEL: sgemm_kernel_8x4_zvl256b_lmul2_unroll2
  MODE: K1 RVV-cluster OpenMP baseline
  BASELINE: GEMM_RVV_FP32_INT8_8x4_Baseline
  FAMILY: RVV_SGEMM_FP32_8x4
  PATH: FP32 RVV vector GEMM
  TILE: 8x4 ZVL=256b LMUL=2 UNROLL=2
  WORK: M=1024 N=1024 K=1024 tile_N=32 runs=6
  CORES: cores 4-7 execute RVV kernels
  INPUT_CONTRACT: CANONICAL_FULL_MATRIX
PRIMARY_SOURCE=/home/bananapi/MAT/kernels riscv rvv 1.0/FINAL/riscv-rvv-ime-gemm-microkernels-updated/GEMM_RVV_FP32_INT8_8x4_Baseline/RVV_SGEMM_FP32_8x4/sgemm_kernel_8x4_zvl256b_lmul2_unroll2/sgemm_kernel_8x4_zvl256b_lmul2_unroll2.c
    run 1: NUMERICAL_FAILED GFLOPS=0.000000 time=0.515092749 threads=4 validation=1
      schedule: static chunk=0
      workers: 0:cpu4:tiles8;1:cpu5:tiles8;2:cpu6:tiles8;3:cpu7:tiles8
    validation gate stopped remaining runs for sgemm_kernel_8x4_zvl256b_lmul2_unroll2
============================================================
KERNEL: sgemm_kernel_8x4_zvl256b_lmul2_unroll4
  MODE: K1 RVV-cluster OpenMP baseline
  BASELINE: GEMM_RVV_FP32_INT8_8x4_Baseline
  FAMILY: RVV_SGEMM_FP32_8x4
  PATH: FP32 RVV vector GEMM
  TILE: 8x4 ZVL=256b LMUL=2 UNROLL=4
  WORK: M=1024 N=1024 K=1024 tile_N=32 runs=6
  CORES: cores 4-7 execute RVV kernels
  INPUT_CONTRACT: CANONICAL_FULL_MATRIX
PRIMARY_SOURCE=/home/bananapi/MAT/kernels riscv rvv 1.0/FINAL/riscv-rvv-ime-gemm-microkernels-updated/GEMM_RVV_FP32_INT8_8x4_Baseline/RVV_SGEMM_FP32_8x4/sgemm_kernel_8x4_zvl256b_lmul2_unroll4/sgemm_kernel_8x4_zvl256b_lmul2_unroll4.c
    run 1: NUMERICAL_FAILED GFLOPS=0.000000 time=0.508893877 threads=4 validation=1
      schedule: static chunk=0
      workers: 0:cpu4:tiles8;1:cpu5:tiles8;2:cpu6:tiles8;3:cpu7:tiles8
    validation gate stopped remaining runs for sgemm_kernel_8x4_zvl256b_lmul2_unroll4
============================================================
KERNEL: sgemm_kernel_8x4_zvl256b_lmul2_unroll8
  MODE: K1 RVV-cluster OpenMP baseline
  BASELINE: GEMM_RVV_FP32_INT8_8x4_Baseline
  FAMILY: RVV_SGEMM_FP32_8x4
  PATH: FP32 RVV vector GEMM
  TILE: 8x4 ZVL=256b LMUL=2 UNROLL=8
  WORK: M=1024 N=1024 K=1024 tile_N=32 runs=6
  CORES: cores 4-7 execute RVV kernels
  INPUT_CONTRACT: CANONICAL_FULL_MATRIX
PRIMARY_SOURCE=/home/bananapi/MAT/kernels riscv rvv 1.0/FINAL/riscv-rvv-ime-gemm-microkernels-updated/GEMM_RVV_FP32_INT8_8x4_Baseline/RVV_SGEMM_FP32_8x4/sgemm_kernel_8x4_zvl256b_lmul2_unroll8/sgemm_kernel_8x4_zvl256b_lmul2_unroll8.c
    run 1: NUMERICAL_FAILED GFLOPS=0.000000 time=0.512234833 threads=4 validation=1
      schedule: static chunk=0
      workers: 0:cpu4:tiles8;1:cpu5:tiles8;2:cpu6:tiles8;3:cpu7:tiles8
    validation gate stopped remaining runs for sgemm_kernel_8x4_zvl256b_lmul2_unroll8
============================================================
KERNEL: sgemm_kernel_8x4_zvl256b_lmul4_unroll1
  MODE: K1 RVV-cluster OpenMP baseline
  BASELINE: GEMM_RVV_FP32_INT8_8x4_Baseline
  FAMILY: RVV_SGEMM_FP32_8x4
  PATH: FP32 RVV vector GEMM
  TILE: 8x4 ZVL=256b LMUL=4 UNROLL=1
  WORK: M=1024 N=1024 K=1024 tile_N=32 runs=6
  CORES: cores 4-7 execute RVV kernels
  INPUT_CONTRACT: CANONICAL_FULL_MATRIX
PRIMARY_SOURCE=/home/bananapi/MAT/kernels riscv rvv 1.0/FINAL/riscv-rvv-ime-gemm-microkernels-updated/GEMM_RVV_FP32_INT8_8x4_Baseline/RVV_SGEMM_FP32_8x4/sgemm_kernel_8x4_zvl256b_lmul4_unroll1/sgemm_kernel_8x4_zvl256b_lmul4_unroll1.c
    run 1: NUMERICAL_FAILED GFLOPS=0.000000 time=1.098734792 threads=4 validation=1
      schedule: static chunk=0
      workers: 0:cpu4:tiles8;1:cpu5:tiles8;2:cpu6:tiles8;3:cpu7:tiles8
    validation gate stopped remaining runs for sgemm_kernel_8x4_zvl256b_lmul4_unroll1
============================================================
KERNEL: sgemm_kernel_8x4_zvl256b_lmul4_unroll2
  MODE: K1 RVV-cluster OpenMP baseline
  BASELINE: GEMM_RVV_FP32_INT8_8x4_Baseline
  FAMILY: RVV_SGEMM_FP32_8x4
  PATH: FP32 RVV vector GEMM
  TILE: 8x4 ZVL=256b LMUL=4 UNROLL=2
  WORK: M=1024 N=1024 K=1024 tile_N=32 runs=6
  CORES: cores 4-7 execute RVV kernels
  INPUT_CONTRACT: CANONICAL_FULL_MATRIX
PRIMARY_SOURCE=/home/bananapi/MAT/kernels riscv rvv 1.0/FINAL/riscv-rvv-ime-gemm-microkernels-updated/GEMM_RVV_FP32_INT8_8x4_Baseline/RVV_SGEMM_FP32_8x4/sgemm_kernel_8x4_zvl256b_lmul4_unroll2/sgemm_kernel_8x4_zvl256b_lmul4_unroll2.c
    run 1: NUMERICAL_FAILED GFLOPS=0.000000 time=1.013424419 threads=4 validation=1
      schedule: static chunk=0
      workers: 0:cpu4:tiles8;1:cpu5:tiles8;2:cpu6:tiles8;3:cpu7:tiles8
    validation gate stopped remaining runs for sgemm_kernel_8x4_zvl256b_lmul4_unroll2
============================================================
KERNEL: sgemm_kernel_8x4_zvl256b_lmul4_unroll4
  MODE: K1 RVV-cluster OpenMP baseline
  BASELINE: GEMM_RVV_FP32_INT8_8x4_Baseline
  FAMILY: RVV_SGEMM_FP32_8x4
  PATH: FP32 RVV vector GEMM
  TILE: 8x4 ZVL=256b LMUL=4 UNROLL=4
  WORK: M=1024 N=1024 K=1024 tile_N=32 runs=6
  CORES: cores 4-7 execute RVV kernels
  INPUT_CONTRACT: CANONICAL_FULL_MATRIX
PRIMARY_SOURCE=/home/bananapi/MAT/kernels riscv rvv 1.0/FINAL/riscv-rvv-ime-gemm-microkernels-updated/GEMM_RVV_FP32_INT8_8x4_Baseline/RVV_SGEMM_FP32_8x4/sgemm_kernel_8x4_zvl256b_lmul4_unroll4/sgemm_kernel_8x4_zvl256b_lmul4_unroll4.c
    run 1: NUMERICAL_FAILED GFLOPS=0.000000 time=1.227260169 threads=4 validation=1
      schedule: static chunk=0
      workers: 0:cpu4:tiles8;1:cpu5:tiles8;2:cpu6:tiles8;3:cpu7:tiles8
    validation gate stopped remaining runs for sgemm_kernel_8x4_zvl256b_lmul4_unroll4
============================================================
KERNEL: sgemm_kernel_8x4_zvl256b_lmul4_unroll8
  MODE: K1 RVV-cluster OpenMP baseline
  BASELINE: GEMM_RVV_FP32_INT8_8x4_Baseline
  FAMILY: RVV_SGEMM_FP32_8x4
  PATH: FP32 RVV vector GEMM
  TILE: 8x4 ZVL=256b LMUL=4 UNROLL=8
  WORK: M=1024 N=1024 K=1024 tile_N=32 runs=6
  CORES: cores 4-7 execute RVV kernels
  INPUT_CONTRACT: CANONICAL_FULL_MATRIX
PRIMARY_SOURCE=/home/bananapi/MAT/kernels riscv rvv 1.0/FINAL/riscv-rvv-ime-gemm-microkernels-updated/GEMM_RVV_FP32_INT8_8x4_Baseline/RVV_SGEMM_FP32_8x4/sgemm_kernel_8x4_zvl256b_lmul4_unroll8/sgemm_kernel_8x4_zvl256b_lmul4_unroll8.c
    run 1: NUMERICAL_FAILED GFLOPS=0.000000 time=1.149914373 threads=4 validation=1
      schedule: static chunk=0
      workers: 0:cpu4:tiles8;1:cpu5:tiles8;2:cpu6:tiles8;3:cpu7:tiles8
    validation gate stopped remaining runs for sgemm_kernel_8x4_zvl256b_lmul4_unroll8
============================================================
KERNEL: sgemm_kernel_8x4_zvl256b_lmul8_unroll1
  MODE: K1 RVV-cluster OpenMP baseline
  BASELINE: GEMM_RVV_FP32_INT8_8x4_Baseline
  FAMILY: RVV_SGEMM_FP32_8x4
  PATH: FP32 RVV vector GEMM
  TILE: 8x4 ZVL=256b LMUL=8 UNROLL=1
  WORK: M=1024 N=1024 K=1024 tile_N=32 runs=6
  CORES: cores 4-7 execute RVV kernels
  INPUT_CONTRACT: CANONICAL_FULL_MATRIX
PRIMARY_SOURCE=/home/bananapi/MAT/kernels riscv rvv 1.0/FINAL/riscv-rvv-ime-gemm-microkernels-updated/GEMM_RVV_FP32_INT8_8x4_Baseline/RVV_SGEMM_FP32_8x4/sgemm_kernel_8x4_zvl256b_lmul8_unroll1/sgemm_kernel_8x4_zvl256b_lmul8_unroll1.c
    run 1: NUMERICAL_FAILED GFLOPS=0.000000 time=2.329772543 threads=4 validation=1
      schedule: static chunk=0
      workers: 0:cpu4:tiles8;1:cpu5:tiles8;2:cpu6:tiles8;3:cpu7:tiles8
    validation gate stopped remaining runs for sgemm_kernel_8x4_zvl256b_lmul8_unroll1
============================================================
KERNEL: sgemm_kernel_8x4_zvl256b_lmul8_unroll2
  MODE: K1 RVV-cluster OpenMP baseline
  BASELINE: GEMM_RVV_FP32_INT8_8x4_Baseline
  FAMILY: RVV_SGEMM_FP32_8x4
  PATH: FP32 RVV vector GEMM
  TILE: 8x4 ZVL=256b LMUL=8 UNROLL=2
  WORK: M=1024 N=1024 K=1024 tile_N=32 runs=6
  CORES: cores 4-7 execute RVV kernels
  INPUT_CONTRACT: CANONICAL_FULL_MATRIX
PRIMARY_SOURCE=/home/bananapi/MAT/kernels riscv rvv 1.0/FINAL/riscv-rvv-ime-gemm-microkernels-updated/GEMM_RVV_FP32_INT8_8x4_Baseline/RVV_SGEMM_FP32_8x4/sgemm_kernel_8x4_zvl256b_lmul8_unroll2/sgemm_kernel_8x4_zvl256b_lmul8_unroll2.c
    run 1: NUMERICAL_FAILED GFLOPS=0.000000 time=2.354988795 threads=4 validation=1
      schedule: static chunk=0
      workers: 0:cpu4:tiles8;1:cpu5:tiles8;2:cpu6:tiles8;3:cpu7:tiles8
    validation gate stopped remaining runs for sgemm_kernel_8x4_zvl256b_lmul8_unroll2
============================================================
KERNEL: sgemm_kernel_8x4_zvl256b_lmul8_unroll4
  MODE: K1 RVV-cluster OpenMP baseline
  BASELINE: GEMM_RVV_FP32_INT8_8x4_Baseline
  FAMILY: RVV_SGEMM_FP32_8x4
  PATH: FP32 RVV vector GEMM
  TILE: 8x4 ZVL=256b LMUL=8 UNROLL=4
  WORK: M=1024 N=1024 K=1024 tile_N=32 runs=6
  CORES: cores 4-7 execute RVV kernels
  INPUT_CONTRACT: CANONICAL_FULL_MATRIX
PRIMARY_SOURCE=/home/bananapi/MAT/kernels riscv rvv 1.0/FINAL/riscv-rvv-ime-gemm-microkernels-updated/GEMM_RVV_FP32_INT8_8x4_Baseline/RVV_SGEMM_FP32_8x4/sgemm_kernel_8x4_zvl256b_lmul8_unroll4/sgemm_kernel_8x4_zvl256b_lmul8_unroll4.c
    run 1: NUMERICAL_FAILED GFLOPS=0.000000 time=2.390640166 threads=4 validation=1
      schedule: static chunk=0
      workers: 0:cpu4:tiles8;1:cpu5:tiles8;2:cpu6:tiles8;3:cpu7:tiles8
    validation gate stopped remaining runs for sgemm_kernel_8x4_zvl256b_lmul8_unroll4
============================================================
KERNEL: sgemm_kernel_8x4_zvl256b_lmul8_unroll8
  MODE: K1 RVV-cluster OpenMP baseline
  BASELINE: GEMM_RVV_FP32_INT8_8x4_Baseline
  FAMILY: RVV_SGEMM_FP32_8x4
  PATH: FP32 RVV vector GEMM
  TILE: 8x4 ZVL=256b LMUL=8 UNROLL=8
  WORK: M=1024 N=1024 K=1024 tile_N=32 runs=6
  CORES: cores 4-7 execute RVV kernels
  INPUT_CONTRACT: CANONICAL_FULL_MATRIX
PRIMARY_SOURCE=/home/bananapi/MAT/kernels riscv rvv 1.0/FINAL/riscv-rvv-ime-gemm-microkernels-updated/GEMM_RVV_FP32_INT8_8x4_Baseline/RVV_SGEMM_FP32_8x4/sgemm_kernel_8x4_zvl256b_lmul8_unroll8/sgemm_kernel_8x4_zvl256b_lmul8_unroll8.c
    run 1: NUMERICAL_FAILED GFLOPS=0.000000 time=2.412365962 threads=4 validation=1
      schedule: static chunk=0
      workers: 0:cpu4:tiles8;1:cpu5:tiles8;2:cpu6:tiles8;3:cpu7:tiles8
    validation gate stopped remaining runs for sgemm_kernel_8x4_zvl256b_lmul8_unroll8
============================================================
KERNEL: sgemm_kernel_8x4_zvl256b_lmulmf2_unroll1
  MODE: K1 RVV-cluster OpenMP baseline
  BASELINE: GEMM_RVV_FP32_INT8_8x4_Baseline
  FAMILY: RVV_SGEMM_FP32_8x4
  PATH: FP32 RVV vector GEMM
  TILE: 8x4 ZVL=256b LMUL=mf2 UNROLL=1
  WORK: M=1024 N=1024 K=1024 tile_N=32 runs=6
  CORES: cores 4-7 execute RVV kernels
  INPUT_CONTRACT: CANONICAL_FULL_MATRIX
PRIMARY_SOURCE=/home/bananapi/MAT/kernels riscv rvv 1.0/FINAL/riscv-rvv-ime-gemm-microkernels-updated/GEMM_RVV_FP32_INT8_8x4_Baseline/RVV_SGEMM_FP32_8x4/sgemm_kernel_8x4_zvl256b_lmulmf2_unroll1/sgemm_kernel_8x4_zvl256b_lmulmf2_unroll1.c
    run 1: NUMERICAL_FAILED GFLOPS=0.000000 time=0.488280877 threads=4 validation=1
      schedule: static chunk=0
      workers: 0:cpu4:tiles8;1:cpu5:tiles8;2:cpu6:tiles8;3:cpu7:tiles8
    validation gate stopped remaining runs for sgemm_kernel_8x4_zvl256b_lmulmf2_unroll1
============================================================
KERNEL: sgemm_kernel_8x4_zvl256b_lmulmf2_unroll2
  MODE: K1 RVV-cluster OpenMP baseline
  BASELINE: GEMM_RVV_FP32_INT8_8x4_Baseline
  FAMILY: RVV_SGEMM_FP32_8x4
  PATH: FP32 RVV vector GEMM
  TILE: 8x4 ZVL=256b LMUL=mf2 UNROLL=2
  WORK: M=1024 N=1024 K=1024 tile_N=32 runs=6
  CORES: cores 4-7 execute RVV kernels
  INPUT_CONTRACT: CANONICAL_FULL_MATRIX
PRIMARY_SOURCE=/home/bananapi/MAT/kernels riscv rvv 1.0/FINAL/riscv-rvv-ime-gemm-microkernels-updated/GEMM_RVV_FP32_INT8_8x4_Baseline/RVV_SGEMM_FP32_8x4/sgemm_kernel_8x4_zvl256b_lmulmf2_unroll2/sgemm_kernel_8x4_zvl256b_lmulmf2_unroll2.c
    run 1: NUMERICAL_FAILED GFLOPS=0.000000 time=0.492377084 threads=4 validation=1
      schedule: static chunk=0
      workers: 0:cpu4:tiles8;1:cpu5:tiles8;2:cpu6:tiles8;3:cpu7:tiles8
    validation gate stopped remaining runs for sgemm_kernel_8x4_zvl256b_lmulmf2_unroll2
============================================================
KERNEL: sgemm_kernel_8x4_zvl256b_lmulmf2_unroll4
  MODE: K1 RVV-cluster OpenMP baseline
  BASELINE: GEMM_RVV_FP32_INT8_8x4_Baseline
  FAMILY: RVV_SGEMM_FP32_8x4
  PATH: FP32 RVV vector GEMM
  TILE: 8x4 ZVL=256b LMUL=mf2 UNROLL=4
  WORK: M=1024 N=1024 K=1024 tile_N=32 runs=6
  CORES: cores 4-7 execute RVV kernels
  INPUT_CONTRACT: CANONICAL_FULL_MATRIX
PRIMARY_SOURCE=/home/bananapi/MAT/kernels riscv rvv 1.0/FINAL/riscv-rvv-ime-gemm-microkernels-updated/GEMM_RVV_FP32_INT8_8x4_Baseline/RVV_SGEMM_FP32_8x4/sgemm_kernel_8x4_zvl256b_lmulmf2_unroll4/sgemm_kernel_8x4_zvl256b_lmulmf2_unroll4.c
    run 1: NUMERICAL_FAILED GFLOPS=0.000000 time=0.492635291 threads=4 validation=1
      schedule: static chunk=0
      workers: 0:cpu4:tiles8;1:cpu5:tiles8;2:cpu6:tiles8;3:cpu7:tiles8
    validation gate stopped remaining runs for sgemm_kernel_8x4_zvl256b_lmulmf2_unroll4
============================================================
KERNEL: sgemm_kernel_8x4_zvl256b_lmulmf2_unroll8
  MODE: K1 RVV-cluster OpenMP baseline
  BASELINE: GEMM_RVV_FP32_INT8_8x4_Baseline
  FAMILY: RVV_SGEMM_FP32_8x4
  PATH: FP32 RVV vector GEMM
  TILE: 8x4 ZVL=256b LMUL=mf2 UNROLL=8
  WORK: M=1024 N=1024 K=1024 tile_N=32 runs=6
  CORES: cores 4-7 execute RVV kernels
  INPUT_CONTRACT: CANONICAL_FULL_MATRIX
PRIMARY_SOURCE=/home/bananapi/MAT/kernels riscv rvv 1.0/FINAL/riscv-rvv-ime-gemm-microkernels-updated/GEMM_RVV_FP32_INT8_8x4_Baseline/RVV_SGEMM_FP32_8x4/sgemm_kernel_8x4_zvl256b_lmulmf2_unroll8/sgemm_kernel_8x4_zvl256b_lmulmf2_unroll8.c
    run 1: NUMERICAL_FAILED GFLOPS=0.000000 time=0.487373333 threads=4 validation=1
      schedule: static chunk=0
      workers: 0:cpu4:tiles8;1:cpu5:tiles8;2:cpu6:tiles8;3:cpu7:tiles8
    validation gate stopped remaining runs for sgemm_kernel_8x4_zvl256b_lmulmf2_unroll8
============================================================
KERNEL: igemm_kernel_8x8_zvl256b_lmul1_unroll1_i8i32
  MODE: K1 RVV-cluster OpenMP baseline
  BASELINE: GEMM_RVV_FP32_INT8_8x8_Baseline
  FAMILY: RVV_IGEMM_INT8_I8I32_8x8
  PATH: INT8 RVV widening GEMM (INT8 x INT8 -> INT32)
  TILE: 8x8 ZVL=256b LMUL=1 UNROLL=1
  WORK: M=1024 N=1024 K=1024 tile_N=32 runs=6
  CORES: cores 4-7 execute RVV kernels
  INPUT_CONTRACT: CANONICAL_FULL_MATRIX
PRIMARY_SOURCE=/home/bananapi/MAT/kernels riscv rvv 1.0/FINAL/riscv-rvv-ime-gemm-microkernels-updated/GEMM_RVV_FP32_INT8_8x8_Baseline/RVV_IGEMM_INT8_I8I32_8x8/igemm_kernel_8x8_zvl256b_lmul1_unroll1/igemm_kernel_8x8_zvl256b_lmul1_unroll1_i8i32.c
    run 1: OK GOPS=6.469216 time=0.331954211 threads=4 validation=1
      schedule: static chunk=0
      workers: 0:cpu4:tiles8;1:cpu5:tiles8;2:cpu6:tiles8;3:cpu7:tiles8
    run 2: OK GOPS=6.525309 time=0.329100706 threads=4 validation=0
      schedule: static chunk=0
      workers: 0:cpu4:tiles8;1:cpu5:tiles8;2:cpu6:tiles8;3:cpu7:tiles8
    run 3: OK GOPS=6.537390 time=0.328492500 threads=4 validation=0
      schedule: static chunk=0
      workers: 0:cpu4:tiles8;1:cpu5:tiles8;2:cpu6:tiles8;3:cpu7:tiles8
    run 4: OK GOPS=6.463584 time=0.332243498 threads=4 validation=0
      schedule: static chunk=0
      workers: 0:cpu4:tiles8;1:cpu5:tiles8;2:cpu6:tiles8;3:cpu7:tiles8
    run 5: OK GOPS=6.485927 time=0.331098959 threads=4 validation=0
      schedule: static chunk=0
      workers: 0:cpu4:tiles8;1:cpu5:tiles8;2:cpu6:tiles8;3:cpu7:tiles8
    run 6: OK GOPS=6.502498 time=0.330255166 threads=4 validation=0
      schedule: static chunk=0
      workers: 0:cpu4:tiles8;1:cpu5:tiles8;2:cpu6:tiles8;3:cpu7:tiles8
============================================================
KERNEL: igemm_kernel_8x8_zvl256b_lmul1_unroll2_i8i32
  MODE: K1 RVV-cluster OpenMP baseline
  BASELINE: GEMM_RVV_FP32_INT8_8x8_Baseline
  FAMILY: RVV_IGEMM_INT8_I8I32_8x8
  PATH: INT8 RVV widening GEMM (INT8 x INT8 -> INT32)
  TILE: 8x8 ZVL=256b LMUL=1 UNROLL=2
  WORK: M=1024 N=1024 K=1024 tile_N=32 runs=6
  CORES: cores 4-7 execute RVV kernels
  INPUT_CONTRACT: CANONICAL_FULL_MATRIX
PRIMARY_SOURCE=/home/bananapi/MAT/kernels riscv rvv 1.0/FINAL/riscv-rvv-ime-gemm-microkernels-updated/GEMM_RVV_FP32_INT8_8x8_Baseline/RVV_IGEMM_INT8_I8I32_8x8/igemm_kernel_8x8_zvl256b_lmul1_unroll2/igemm_kernel_8x8_zvl256b_lmul1_unroll2_i8i32.c
    run 1: OK GOPS=5.852263 time=0.366949249 threads=4 validation=1
      schedule: static chunk=0
      workers: 0:cpu4:tiles8;1:cpu5:tiles8;2:cpu6:tiles8;3:cpu7:tiles8
    run 2: OK GOPS=5.923664 time=0.362526249 threads=4 validation=0
      schedule: static chunk=0
      workers: 0:cpu4:tiles8;1:cpu5:tiles8;2:cpu6:tiles8;3:cpu7:tiles8
    run 3: OK GOPS=5.872935 time=0.365657628 threads=4 validation=0
      schedule: static chunk=0
      workers: 0:cpu4:tiles8;1:cpu5:tiles8;2:cpu6:tiles8;3:cpu7:tiles8
    run 4: OK GOPS=5.893150 time=0.364403374 threads=4 validation=0
      schedule: static chunk=0
      workers: 0:cpu4:tiles8;1:cpu5:tiles8;2:cpu6:tiles8;3:cpu7:tiles8
    run 5: OK GOPS=5.814129 time=0.369356040 threads=4 validation=0
      schedule: static chunk=0
      workers: 0:cpu4:tiles8;1:cpu5:tiles8;2:cpu6:tiles8;3:cpu7:tiles8
    run 6: OK GOPS=5.870065 time=0.365836415 threads=4 validation=0
      schedule: static chunk=0
      workers: 0:cpu4:tiles8;1:cpu5:tiles8;2:cpu6:tiles8;3:cpu7:tiles8
============================================================
KERNEL: igemm_kernel_8x8_zvl256b_lmul1_unroll4_i8i32
  MODE: K1 RVV-cluster OpenMP baseline
  BASELINE: GEMM_RVV_FP32_INT8_8x8_Baseline
  FAMILY: RVV_IGEMM_INT8_I8I32_8x8
  PATH: INT8 RVV widening GEMM (INT8 x INT8 -> INT32)
  TILE: 8x8 ZVL=256b LMUL=1 UNROLL=4
  WORK: M=1024 N=1024 K=1024 tile_N=32 runs=6
  CORES: cores 4-7 execute RVV kernels
  INPUT_CONTRACT: CANONICAL_FULL_MATRIX
PRIMARY_SOURCE=/home/bananapi/MAT/kernels riscv rvv 1.0/FINAL/riscv-rvv-ime-gemm-microkernels-updated/GEMM_RVV_FP32_INT8_8x8_Baseline/RVV_IGEMM_INT8_I8I32_8x8/igemm_kernel_8x8_zvl256b_lmul1_unroll4/igemm_kernel_8x8_zvl256b_lmul1_unroll4_i8i32.c
    run 1: OK GOPS=5.863884 time=0.366222084 threads=4 validation=1
      schedule: static chunk=0
      workers: 0:cpu4:tiles8;1:cpu5:tiles8;2:cpu6:tiles8;3:cpu7:tiles8
    run 2: OK GOPS=5.778414 time=0.371638916 threads=4 validation=0
      schedule: static chunk=0
      workers: 0:cpu4:tiles8;1:cpu5:tiles8;2:cpu6:tiles8;3:cpu7:tiles8
    run 3: OK GOPS=5.753185 time=0.373268668 threads=4 validation=0
      schedule: static chunk=0
      workers: 0:cpu4:tiles8;1:cpu5:tiles8;2:cpu6:tiles8;3:cpu7:tiles8
    run 4: OK GOPS=5.786940 time=0.371091377 threads=4 validation=0
      schedule: static chunk=0
      workers: 0:cpu4:tiles8;1:cpu5:tiles8;2:cpu6:tiles8;3:cpu7:tiles8
    run 5: OK GOPS=5.849567 time=0.367118374 threads=4 validation=0
      schedule: static chunk=0
      workers: 0:cpu4:tiles8;1:cpu5:tiles8;2:cpu6:tiles8;3:cpu7:tiles8
    run 6: OK GOPS=5.860082 time=0.366459668 threads=4 validation=0
      schedule: static chunk=0
      workers: 0:cpu4:tiles8;1:cpu5:tiles8;2:cpu6:tiles8;3:cpu7:tiles8
============================================================
KERNEL: igemm_kernel_8x8_zvl256b_lmul1_unroll8_i8i32
  MODE: K1 RVV-cluster OpenMP baseline
  BASELINE: GEMM_RVV_FP32_INT8_8x8_Baseline
  FAMILY: RVV_IGEMM_INT8_I8I32_8x8
  PATH: INT8 RVV widening GEMM (INT8 x INT8 -> INT32)
  TILE: 8x8 ZVL=256b LMUL=1 UNROLL=8
  WORK: M=1024 N=1024 K=1024 tile_N=32 runs=6
  CORES: cores 4-7 execute RVV kernels
  INPUT_CONTRACT: CANONICAL_FULL_MATRIX
PRIMARY_SOURCE=/home/bananapi/MAT/kernels riscv rvv 1.0/FINAL/riscv-rvv-ime-gemm-microkernels-updated/GEMM_RVV_FP32_INT8_8x8_Baseline/RVV_IGEMM_INT8_I8I32_8x8/igemm_kernel_8x8_zvl256b_lmul1_unroll8/igemm_kernel_8x8_zvl256b_lmul1_unroll8_i8i32.c
    run 1: OK GOPS=6.353832 time=0.337982416 threads=4 validation=1
      schedule: static chunk=0
      workers: 0:cpu4:tiles8;1:cpu5:tiles8;2:cpu6:tiles8;3:cpu7:tiles8
    run 2: OK GOPS=6.268592 time=0.342578292 threads=4 validation=0
      schedule: static chunk=0
      workers: 0:cpu4:tiles8;1:cpu5:tiles8;2:cpu6:tiles8;3:cpu7:tiles8
    run 3: OK GOPS=6.225025 time=0.344975919 threads=4 validation=0
      schedule: static chunk=0
      workers: 0:cpu4:tiles8;1:cpu5:tiles8;2:cpu6:tiles8;3:cpu7:tiles8
    run 4: OK GOPS=6.241760 time=0.344051000 threads=4 validation=0
      schedule: static chunk=0
      workers: 0:cpu4:tiles8;1:cpu5:tiles8;2:cpu6:tiles8;3:cpu7:tiles8
    run 5: OK GOPS=6.236319 time=0.344351165 threads=4 validation=0
      schedule: static chunk=0
      workers: 0:cpu4:tiles8;1:cpu5:tiles8;2:cpu6:tiles8;3:cpu7:tiles8
    run 6: OK GOPS=6.279954 time=0.341958500 threads=4 validation=0
      schedule: static chunk=0
      workers: 0:cpu4:tiles8;1:cpu5:tiles8;2:cpu6:tiles8;3:cpu7:tiles8
============================================================
KERNEL: igemm_kernel_8x8_zvl256b_lmul2_unroll1_i8i32
  MODE: K1 RVV-cluster OpenMP baseline
  BASELINE: GEMM_RVV_FP32_INT8_8x8_Baseline
  FAMILY: RVV_IGEMM_INT8_I8I32_8x8
  PATH: INT8 RVV widening GEMM (INT8 x INT8 -> INT32)
  TILE: 8x8 ZVL=256b LMUL=2 UNROLL=1
  WORK: M=1024 N=1024 K=1024 tile_N=32 runs=6
  CORES: cores 4-7 execute RVV kernels
  INPUT_CONTRACT: CANONICAL_FULL_MATRIX
PRIMARY_SOURCE=/home/bananapi/MAT/kernels riscv rvv 1.0/FINAL/riscv-rvv-ime-gemm-microkernels-updated/GEMM_RVV_FP32_INT8_8x8_Baseline/RVV_IGEMM_INT8_I8I32_8x8/igemm_kernel_8x8_zvl256b_lmul2_unroll1/igemm_kernel_8x8_zvl256b_lmul2_unroll1_i8i32.c
    run 1: OK GOPS=2.015799 time=1.065326292 threads=4 validation=1
      schedule: static chunk=0
      workers: 0:cpu4:tiles8;1:cpu5:tiles8;2:cpu6:tiles8;3:cpu7:tiles8
    run 2: OK GOPS=2.024217 time=1.060895707 threads=4 validation=0
      schedule: static chunk=0
      workers: 0:cpu4:tiles8;1:cpu5:tiles8;2:cpu6:tiles8;3:cpu7:tiles8
    run 3: OK GOPS=2.009654 time=1.068583708 threads=4 validation=0
      schedule: static chunk=0
      workers: 0:cpu4:tiles8;1:cpu5:tiles8;2:cpu6:tiles8;3:cpu7:tiles8
    run 4: OK GOPS=2.016021 time=1.065208916 threads=4 validation=0
      schedule: static chunk=0
      workers: 0:cpu4:tiles8;1:cpu5:tiles8;2:cpu6:tiles8;3:cpu7:tiles8
    run 5: OK GOPS=2.014919 time=1.065791458 threads=4 validation=0
      schedule: static chunk=0
      workers: 0:cpu4:tiles8;1:cpu5:tiles8;2:cpu6:tiles8;3:cpu7:tiles8
    run 6: OK GOPS=2.016652 time=1.064875916 threads=4 validation=0
      schedule: static chunk=0
      workers: 0:cpu4:tiles8;1:cpu5:tiles8;2:cpu6:tiles8;3:cpu7:tiles8
============================================================
KERNEL: igemm_kernel_8x8_zvl256b_lmul2_unroll2_i8i32
  MODE: K1 RVV-cluster OpenMP baseline
  BASELINE: GEMM_RVV_FP32_INT8_8x8_Baseline
  FAMILY: RVV_IGEMM_INT8_I8I32_8x8
  PATH: INT8 RVV widening GEMM (INT8 x INT8 -> INT32)
  TILE: 8x8 ZVL=256b LMUL=2 UNROLL=2
  WORK: M=1024 N=1024 K=1024 tile_N=32 runs=6
  CORES: cores 4-7 execute RVV kernels
  INPUT_CONTRACT: CANONICAL_FULL_MATRIX
PRIMARY_SOURCE=/home/bananapi/MAT/kernels riscv rvv 1.0/FINAL/riscv-rvv-ime-gemm-microkernels-updated/GEMM_RVV_FP32_INT8_8x8_Baseline/RVV_IGEMM_INT8_I8I32_8x8/igemm_kernel_8x8_zvl256b_lmul2_unroll2/igemm_kernel_8x8_zvl256b_lmul2_unroll2_i8i32.c
    run 1: OK GOPS=2.015160 time=1.065664046 threads=4 validation=1
      schedule: static chunk=0
      workers: 0:cpu4:tiles8;1:cpu5:tiles8;2:cpu6:tiles8;3:cpu7:tiles8
    run 2: OK GOPS=2.029678 time=1.058041666 threads=4 validation=0
      schedule: static chunk=0
      workers: 0:cpu4:tiles8;1:cpu5:tiles8;2:cpu6:tiles8;3:cpu7:tiles8
    run 3: OK GOPS=2.022915 time=1.061578918 threads=4 validation=0
      schedule: static chunk=0
      workers: 0:cpu4:tiles8;1:cpu5:tiles8;2:cpu6:tiles8;3:cpu7:tiles8
    run 4: OK GOPS=2.016215 time=1.065106504 threads=4 validation=0
      schedule: static chunk=0
      workers: 0:cpu4:tiles8;1:cpu5:tiles8;2:cpu6:tiles8;3:cpu7:tiles8
    run 5: OK GOPS=2.017513 time=1.064421456 threads=4 validation=0
      schedule: static chunk=0
      workers: 0:cpu4:tiles8;1:cpu5:tiles8;2:cpu6:tiles8;3:cpu7:tiles8
    run 6: OK GOPS=2.009977 time=1.068412084 threads=4 validation=0
      schedule: static chunk=0
      workers: 0:cpu4:tiles8;1:cpu5:tiles8;2:cpu6:tiles8;3:cpu7:tiles8
============================================================
KERNEL: igemm_kernel_8x8_zvl256b_lmul2_unroll4_i8i32
  MODE: K1 RVV-cluster OpenMP baseline
  BASELINE: GEMM_RVV_FP32_INT8_8x8_Baseline
  FAMILY: RVV_IGEMM_INT8_I8I32_8x8
  PATH: INT8 RVV widening GEMM (INT8 x INT8 -> INT32)
  TILE: 8x8 ZVL=256b LMUL=2 UNROLL=4
  WORK: M=1024 N=1024 K=1024 tile_N=32 runs=6
  CORES: cores 4-7 execute RVV kernels
  INPUT_CONTRACT: CANONICAL_FULL_MATRIX
PRIMARY_SOURCE=/home/bananapi/MAT/kernels riscv rvv 1.0/FINAL/riscv-rvv-ime-gemm-microkernels-updated/GEMM_RVV_FP32_INT8_8x8_Baseline/RVV_IGEMM_INT8_I8I32_8x8/igemm_kernel_8x8_zvl256b_lmul2_unroll4/igemm_kernel_8x8_zvl256b_lmul2_unroll4_i8i32.c
    run 1: OK GOPS=1.737649 time=1.235855751 threads=4 validation=1
      schedule: static chunk=0
      workers: 0:cpu4:tiles8;1:cpu5:tiles8;2:cpu6:tiles8;3:cpu7:tiles8
    run 2: OK GOPS=1.740481 time=1.233844586 threads=4 validation=0
      schedule: static chunk=0
      workers: 0:cpu4:tiles8;1:cpu5:tiles8;2:cpu6:tiles8;3:cpu7:tiles8
    run 3: OK GOPS=1.739815 time=1.234317169 threads=4 validation=0
      schedule: static chunk=0
      workers: 0:cpu4:tiles8;1:cpu5:tiles8;2:cpu6:tiles8;3:cpu7:tiles8
    run 4: OK GOPS=1.735101 time=1.237670917 threads=4 validation=0
      schedule: static chunk=0
      workers: 0:cpu4:tiles8;1:cpu5:tiles8;2:cpu6:tiles8;3:cpu7:tiles8
    run 5: OK GOPS=1.737052 time=1.236280337 threads=4 validation=0
      schedule: static chunk=0
      workers: 0:cpu4:tiles8;1:cpu5:tiles8;2:cpu6:tiles8;3:cpu7:tiles8
    run 6: OK GOPS=1.737365 time=1.236057501 threads=4 validation=0
      schedule: static chunk=0
      workers: 0:cpu4:tiles8;1:cpu5:tiles8;2:cpu6:tiles8;3:cpu7:tiles8
============================================================
KERNEL: igemm_kernel_8x8_zvl256b_lmul2_unroll8_i8i32
  MODE: K1 RVV-cluster OpenMP baseline
  BASELINE: GEMM_RVV_FP32_INT8_8x8_Baseline
  FAMILY: RVV_IGEMM_INT8_I8I32_8x8
  PATH: INT8 RVV widening GEMM (INT8 x INT8 -> INT32)
  TILE: 8x8 ZVL=256b LMUL=2 UNROLL=8
  WORK: M=1024 N=1024 K=1024 tile_N=32 runs=6
  CORES: cores 4-7 execute RVV kernels
  INPUT_CONTRACT: CANONICAL_FULL_MATRIX
PRIMARY_SOURCE=/home/bananapi/MAT/kernels riscv rvv 1.0/FINAL/riscv-rvv-ime-gemm-microkernels-updated/GEMM_RVV_FP32_INT8_8x8_Baseline/RVV_IGEMM_INT8_I8I32_8x8/igemm_kernel_8x8_zvl256b_lmul2_unroll8/igemm_kernel_8x8_zvl256b_lmul2_unroll8_i8i32.c
    run 1: OK GOPS=2.085227 time=1.029855836 threads=4 validation=1
      schedule: static chunk=0
      workers: 0:cpu4:tiles8;1:cpu5:tiles8;2:cpu6:tiles8;3:cpu7:tiles8
    run 2: OK GOPS=2.105678 time=1.019853830 threads=4 validation=0
      schedule: static chunk=0
      workers: 0:cpu4:tiles8;1:cpu5:tiles8;2:cpu6:tiles8;3:cpu7:tiles8
    run 3: OK GOPS=2.086053 time=1.029448420 threads=4 validation=0
      schedule: static chunk=0
      workers: 0:cpu4:tiles8;1:cpu5:tiles8;2:cpu6:tiles8;3:cpu7:tiles8
    run 4: OK GOPS=2.097620 time=1.023771334 threads=4 validation=0
      schedule: static chunk=0
      workers: 0:cpu4:tiles8;1:cpu5:tiles8;2:cpu6:tiles8;3:cpu7:tiles8
    run 5: OK GOPS=2.085304 time=1.029817875 threads=4 validation=0
      schedule: static chunk=0
      workers: 0:cpu4:tiles8;1:cpu5:tiles8;2:cpu6:tiles8;3:cpu7:tiles8
    run 6: OK GOPS=2.094698 time=1.025199626 threads=4 validation=0
      schedule: static chunk=0
      workers: 0:cpu4:tiles8;1:cpu5:tiles8;2:cpu6:tiles8;3:cpu7:tiles8
============================================================
KERNEL: igemm_kernel_8x8_zvl256b_lmulmf2_unroll1_i8i32
  MODE: K1 RVV-cluster OpenMP baseline
  BASELINE: GEMM_RVV_FP32_INT8_8x8_Baseline
  FAMILY: RVV_IGEMM_INT8_I8I32_8x8
  PATH: INT8 RVV widening GEMM (INT8 x INT8 -> INT32)
  TILE: 8x8 ZVL=256b LMUL=mf2 UNROLL=1
  WORK: M=1024 N=1024 K=1024 tile_N=32 runs=6
  CORES: cores 4-7 execute RVV kernels
  INPUT_CONTRACT: CANONICAL_FULL_MATRIX
PRIMARY_SOURCE=/home/bananapi/MAT/kernels riscv rvv 1.0/FINAL/riscv-rvv-ime-gemm-microkernels-updated/GEMM_RVV_FP32_INT8_8x8_Baseline/RVV_IGEMM_INT8_I8I32_8x8/igemm_kernel_8x8_zvl256b_lmulmf2_unroll1/igemm_kernel_8x8_zvl256b_lmulmf2_unroll1_i8i32.c
    run 1: OK GOPS=14.674054 time=0.146345627 threads=4 validation=1
      schedule: static chunk=0
      workers: 0:cpu4:tiles8;1:cpu5:tiles8;2:cpu6:tiles8;3:cpu7:tiles8
    run 2: OK GOPS=14.751801 time=0.145574335 threads=4 validation=0
      schedule: static chunk=0
      workers: 0:cpu4:tiles8;1:cpu5:tiles8;2:cpu6:tiles8;3:cpu7:tiles8
    run 3: OK GOPS=14.830953 time=0.144797415 threads=4 validation=0
      schedule: static chunk=0
      workers: 0:cpu4:tiles8;1:cpu5:tiles8;2:cpu6:tiles8;3:cpu7:tiles8
    run 4: OK GOPS=14.932857 time=0.143809292 threads=4 validation=0
      schedule: static chunk=0
      workers: 0:cpu4:tiles8;1:cpu5:tiles8;2:cpu6:tiles8;3:cpu7:tiles8
    run 5: OK GOPS=14.365500 time=0.149488956 threads=4 validation=0
      schedule: static chunk=0
      workers: 0:cpu4:tiles8;1:cpu5:tiles8;2:cpu6:tiles8;3:cpu7:tiles8
    run 6: OK GOPS=14.721476 time=0.145874210 threads=4 validation=0
      schedule: static chunk=0
      workers: 0:cpu4:tiles8;1:cpu5:tiles8;2:cpu6:tiles8;3:cpu7:tiles8
============================================================
KERNEL: igemm_kernel_8x8_zvl256b_lmulmf2_unroll2_i8i32
  MODE: K1 RVV-cluster OpenMP baseline
  BASELINE: GEMM_RVV_FP32_INT8_8x8_Baseline
  FAMILY: RVV_IGEMM_INT8_I8I32_8x8
  PATH: INT8 RVV widening GEMM (INT8 x INT8 -> INT32)
  TILE: 8x8 ZVL=256b LMUL=mf2 UNROLL=2
  WORK: M=1024 N=1024 K=1024 tile_N=32 runs=6
  CORES: cores 4-7 execute RVV kernels
  INPUT_CONTRACT: CANONICAL_FULL_MATRIX
PRIMARY_SOURCE=/home/bananapi/MAT/kernels riscv rvv 1.0/FINAL/riscv-rvv-ime-gemm-microkernels-updated/GEMM_RVV_FP32_INT8_8x8_Baseline/RVV_IGEMM_INT8_I8I32_8x8/igemm_kernel_8x8_zvl256b_lmulmf2_unroll2/igemm_kernel_8x8_zvl256b_lmulmf2_unroll2_i8i32.c
    run 1: OK GOPS=15.874670 time=0.135277376 threads=4 validation=1
      schedule: static chunk=0
      workers: 0:cpu4:tiles8;1:cpu5:tiles8;2:cpu6:tiles8;3:cpu7:tiles8
    run 2: OK GOPS=15.811471 time=0.135818083 threads=4 validation=0
      schedule: static chunk=0
      workers: 0:cpu4:tiles8;1:cpu5:tiles8;2:cpu6:tiles8;3:cpu7:tiles8
    run 3: OK GOPS=15.902049 time=0.135044459 threads=4 validation=0
      schedule: static chunk=0
      workers: 0:cpu4:tiles8;1:cpu5:tiles8;2:cpu6:tiles8;3:cpu7:tiles8
    run 4: OK GOPS=15.866196 time=0.135349624 threads=4 validation=0
      schedule: static chunk=0
      workers: 0:cpu4:tiles8;1:cpu5:tiles8;2:cpu6:tiles8;3:cpu7:tiles8
    run 5: OK GOPS=15.381807 time=0.139611918 threads=4 validation=0
      schedule: static chunk=0
      workers: 0:cpu4:tiles8;1:cpu5:tiles8;2:cpu6:tiles8;3:cpu7:tiles8
    run 6: OK GOPS=16.121397 time=0.133207042 threads=4 validation=0
      schedule: static chunk=0
      workers: 0:cpu4:tiles8;1:cpu5:tiles8;2:cpu6:tiles8;3:cpu7:tiles8
============================================================
KERNEL: igemm_kernel_8x8_zvl256b_lmulmf2_unroll4_i8i32
  MODE: K1 RVV-cluster OpenMP baseline
  BASELINE: GEMM_RVV_FP32_INT8_8x8_Baseline
  FAMILY: RVV_IGEMM_INT8_I8I32_8x8
  PATH: INT8 RVV widening GEMM (INT8 x INT8 -> INT32)
  TILE: 8x8 ZVL=256b LMUL=mf2 UNROLL=4
  WORK: M=1024 N=1024 K=1024 tile_N=32 runs=6
  CORES: cores 4-7 execute RVV kernels
  INPUT_CONTRACT: CANONICAL_FULL_MATRIX
PRIMARY_SOURCE=/home/bananapi/MAT/kernels riscv rvv 1.0/FINAL/riscv-rvv-ime-gemm-microkernels-updated/GEMM_RVV_FP32_INT8_8x8_Baseline/RVV_IGEMM_INT8_I8I32_8x8/igemm_kernel_8x8_zvl256b_lmulmf2_unroll4/igemm_kernel_8x8_zvl256b_lmulmf2_unroll4_i8i32.c
    run 1: OK GOPS=15.998071 time=0.134233914 threads=4 validation=1
      schedule: static chunk=0
      workers: 0:cpu4:tiles8;1:cpu5:tiles8;2:cpu6:tiles8;3:cpu7:tiles8
    run 2: OK GOPS=16.343600 time=0.131395999 threads=4 validation=0
      schedule: static chunk=0
      workers: 0:cpu4:tiles8;1:cpu5:tiles8;2:cpu6:tiles8;3:cpu7:tiles8
    run 3: OK GOPS=16.136504 time=0.133082334 threads=4 validation=0
      schedule: static chunk=0
      workers: 0:cpu4:tiles8;1:cpu5:tiles8;2:cpu6:tiles8;3:cpu7:tiles8
    run 4: OK GOPS=16.664993 time=0.128861960 threads=4 validation=0
      schedule: static chunk=0
      workers: 0:cpu4:tiles8;1:cpu5:tiles8;2:cpu6:tiles8;3:cpu7:tiles8
    run 5: OK GOPS=16.104155 time=0.133349665 threads=4 validation=0
      schedule: static chunk=0
      workers: 0:cpu4:tiles8;1:cpu5:tiles8;2:cpu6:tiles8;3:cpu7:tiles8
    run 6: OK GOPS=16.472912 time=0.130364541 threads=4 validation=0
      schedule: static chunk=0
      workers: 0:cpu4:tiles8;1:cpu5:tiles8;2:cpu6:tiles8;3:cpu7:tiles8
============================================================
KERNEL: igemm_kernel_8x8_zvl256b_lmulmf2_unroll8_i8i32
  MODE: K1 RVV-cluster OpenMP baseline
  BASELINE: GEMM_RVV_FP32_INT8_8x8_Baseline
  FAMILY: RVV_IGEMM_INT8_I8I32_8x8
  PATH: INT8 RVV widening GEMM (INT8 x INT8 -> INT32)
  TILE: 8x8 ZVL=256b LMUL=mf2 UNROLL=8
  WORK: M=1024 N=1024 K=1024 tile_N=32 runs=6
  CORES: cores 4-7 execute RVV kernels
  INPUT_CONTRACT: CANONICAL_FULL_MATRIX
PRIMARY_SOURCE=/home/bananapi/MAT/kernels riscv rvv 1.0/FINAL/riscv-rvv-ime-gemm-microkernels-updated/GEMM_RVV_FP32_INT8_8x8_Baseline/RVV_IGEMM_INT8_I8I32_8x8/igemm_kernel_8x8_zvl256b_lmulmf2_unroll8/igemm_kernel_8x8_zvl256b_lmulmf2_unroll8_i8i32.c
    run 1: OK GOPS=15.692951 time=0.136843834 threads=4 validation=1
      schedule: static chunk=0
      workers: 0:cpu4:tiles8;1:cpu5:tiles8;2:cpu6:tiles8;3:cpu7:tiles8
    run 2: OK GOPS=15.677214 time=0.136981208 threads=4 validation=0
      schedule: static chunk=0
      workers: 0:cpu4:tiles8;1:cpu5:tiles8;2:cpu6:tiles8;3:cpu7:tiles8
    run 3: OK GOPS=16.038974 time=0.133891586 threads=4 validation=0
      schedule: static chunk=0
      workers: 0:cpu4:tiles8;1:cpu5:tiles8;2:cpu6:tiles8;3:cpu7:tiles8
    run 4: OK GOPS=15.926738 time=0.134835124 threads=4 validation=0
      schedule: static chunk=0
      workers: 0:cpu4:tiles8;1:cpu5:tiles8;2:cpu6:tiles8;3:cpu7:tiles8
    run 5: OK GOPS=15.963227 time=0.134526916 threads=4 validation=0
      schedule: static chunk=0
      workers: 0:cpu4:tiles8;1:cpu5:tiles8;2:cpu6:tiles8;3:cpu7:tiles8
    run 6: OK GOPS=16.020936 time=0.134042334 threads=4 validation=0
      schedule: static chunk=0
      workers: 0:cpu4:tiles8;1:cpu5:tiles8;2:cpu6:tiles8;3:cpu7:tiles8
============================================================
KERNEL: igemm_kernel_8x8_zvl256b_lmulmf4_unroll1_i8i32
  MODE: K1 RVV-cluster OpenMP baseline
  BASELINE: GEMM_RVV_FP32_INT8_8x8_Baseline
  FAMILY: RVV_IGEMM_INT8_I8I32_8x8
  PATH: INT8 RVV widening GEMM (INT8 x INT8 -> INT32)
  TILE: 8x8 ZVL=256b LMUL=mf4 UNROLL=1
  WORK: M=1024 N=1024 K=1024 tile_N=32 runs=6
  CORES: cores 4-7 execute RVV kernels
  INPUT_CONTRACT: CANONICAL_FULL_MATRIX
PRIMARY_SOURCE=/home/bananapi/MAT/kernels riscv rvv 1.0/FINAL/riscv-rvv-ime-gemm-microkernels-updated/GEMM_RVV_FP32_INT8_8x8_Baseline/RVV_IGEMM_INT8_I8I32_8x8/igemm_kernel_8x8_zvl256b_lmulmf4_unroll1/igemm_kernel_8x8_zvl256b_lmulmf4_unroll1_i8i32.c
    run 1: OK GOPS=16.803028 time=0.127803374 threads=4 validation=1
      schedule: static chunk=0
      workers: 0:cpu4:tiles8;1:cpu5:tiles8;2:cpu6:tiles8;3:cpu7:tiles8
    run 2: OK GOPS=17.118062 time=0.125451334 threads=4 validation=0
      schedule: static chunk=0
      workers: 0:cpu4:tiles8;1:cpu5:tiles8;2:cpu6:tiles8;3:cpu7:tiles8
    run 3: OK GOPS=17.044801 time=0.125990540 threads=4 validation=0
      schedule: static chunk=0
      workers: 0:cpu4:tiles8;1:cpu5:tiles8;2:cpu6:tiles8;3:cpu7:tiles8
    run 4: OK GOPS=16.929988 time=0.126844957 threads=4 validation=0
      schedule: static chunk=0
      workers: 0:cpu4:tiles8;1:cpu5:tiles8;2:cpu6:tiles8;3:cpu7:tiles8
    run 5: OK GOPS=17.076115 time=0.125759501 threads=4 validation=0
      schedule: static chunk=0
      workers: 0:cpu4:tiles8;1:cpu5:tiles8;2:cpu6:tiles8;3:cpu7:tiles8
    run 6: OK GOPS=16.807718 time=0.127767708 threads=4 validation=0
      schedule: static chunk=0
      workers: 0:cpu4:tiles8;1:cpu5:tiles8;2:cpu6:tiles8;3:cpu7:tiles8
============================================================
KERNEL: igemm_kernel_8x8_zvl256b_lmulmf4_unroll2_i8i32
  MODE: K1 RVV-cluster OpenMP baseline
  BASELINE: GEMM_RVV_FP32_INT8_8x8_Baseline
  FAMILY: RVV_IGEMM_INT8_I8I32_8x8
  PATH: INT8 RVV widening GEMM (INT8 x INT8 -> INT32)
  TILE: 8x8 ZVL=256b LMUL=mf4 UNROLL=2
  WORK: M=1024 N=1024 K=1024 tile_N=32 runs=6
  CORES: cores 4-7 execute RVV kernels
  INPUT_CONTRACT: CANONICAL_FULL_MATRIX
PRIMARY_SOURCE=/home/bananapi/MAT/kernels riscv rvv 1.0/FINAL/riscv-rvv-ime-gemm-microkernels-updated/GEMM_RVV_FP32_INT8_8x8_Baseline/RVV_IGEMM_INT8_I8I32_8x8/igemm_kernel_8x8_zvl256b_lmulmf4_unroll2/igemm_kernel_8x8_zvl256b_lmulmf4_unroll2_i8i32.c
    run 1: OK GOPS=17.525406 time=0.122535456 threads=4 validation=1
      schedule: static chunk=0
      workers: 0:cpu4:tiles8;1:cpu5:tiles8;2:cpu6:tiles8;3:cpu7:tiles8
    run 2: OK GOPS=17.499307 time=0.122718211 threads=4 validation=0
      schedule: static chunk=0
      workers: 0:cpu4:tiles8;1:cpu5:tiles8;2:cpu6:tiles8;3:cpu7:tiles8
    run 3: OK GOPS=17.509176 time=0.122649040 threads=4 validation=0
      schedule: static chunk=0
      workers: 0:cpu4:tiles8;1:cpu5:tiles8;2:cpu6:tiles8;3:cpu7:tiles8
    run 4: OK GOPS=17.548385 time=0.122375000 threads=4 validation=0
      schedule: static chunk=0
      workers: 0:cpu4:tiles8;1:cpu5:tiles8;2:cpu6:tiles8;3:cpu7:tiles8
    run 5: OK GOPS=17.802752 time=0.120626502 threads=4 validation=0
      schedule: static chunk=0
      workers: 0:cpu4:tiles8;1:cpu5:tiles8;2:cpu6:tiles8;3:cpu7:tiles8
    run 6: OK GOPS=16.955893 time=0.126651164 threads=4 validation=0
      schedule: static chunk=0
      workers: 0:cpu4:tiles8;1:cpu5:tiles8;2:cpu6:tiles8;3:cpu7:tiles8
============================================================
KERNEL: igemm_kernel_8x8_zvl256b_lmulmf4_unroll4_i8i32
  MODE: K1 RVV-cluster OpenMP baseline
  BASELINE: GEMM_RVV_FP32_INT8_8x8_Baseline
  FAMILY: RVV_IGEMM_INT8_I8I32_8x8
  PATH: INT8 RVV widening GEMM (INT8 x INT8 -> INT32)
  TILE: 8x8 ZVL=256b LMUL=mf4 UNROLL=4
  WORK: M=1024 N=1024 K=1024 tile_N=32 runs=6
  CORES: cores 4-7 execute RVV kernels
  INPUT_CONTRACT: CANONICAL_FULL_MATRIX
PRIMARY_SOURCE=/home/bananapi/MAT/kernels riscv rvv 1.0/FINAL/riscv-rvv-ime-gemm-microkernels-updated/GEMM_RVV_FP32_INT8_8x8_Baseline/RVV_IGEMM_INT8_I8I32_8x8/igemm_kernel_8x8_zvl256b_lmulmf4_unroll4/igemm_kernel_8x8_zvl256b_lmulmf4_unroll4_i8i32.c
    run 1: OK GOPS=17.511091 time=0.122635625 threads=4 validation=1
      schedule: static chunk=0
      workers: 0:cpu4:tiles8;1:cpu5:tiles8;2:cpu6:tiles8;3:cpu7:tiles8
    run 2: OK GOPS=17.826792 time=0.120463833 threads=4 validation=0
      schedule: static chunk=0
      workers: 0:cpu4:tiles8;1:cpu5:tiles8;2:cpu6:tiles8;3:cpu7:tiles8
    run 3: OK GOPS=17.560936 time=0.122287542 threads=4 validation=0
      schedule: static chunk=0
      workers: 0:cpu4:tiles8;1:cpu5:tiles8;2:cpu6:tiles8;3:cpu7:tiles8
    run 4: OK GOPS=17.714816 time=0.121225290 threads=4 validation=0
      schedule: static chunk=0
      workers: 0:cpu4:tiles8;1:cpu5:tiles8;2:cpu6:tiles8;3:cpu7:tiles8
    run 5: OK GOPS=17.527760 time=0.122519001 threads=4 validation=0
      schedule: static chunk=0
      workers: 0:cpu4:tiles8;1:cpu5:tiles8;2:cpu6:tiles8;3:cpu7:tiles8
    run 6: OK GOPS=18.116230 time=0.118539210 threads=4 validation=0
      schedule: static chunk=0
      workers: 0:cpu4:tiles8;1:cpu5:tiles8;2:cpu6:tiles8;3:cpu7:tiles8
============================================================
KERNEL: igemm_kernel_8x8_zvl256b_lmulmf4_unroll8_i8i32
  MODE: K1 RVV-cluster OpenMP baseline
  BASELINE: GEMM_RVV_FP32_INT8_8x8_Baseline
  FAMILY: RVV_IGEMM_INT8_I8I32_8x8
  PATH: INT8 RVV widening GEMM (INT8 x INT8 -> INT32)
  TILE: 8x8 ZVL=256b LMUL=mf4 UNROLL=8
  WORK: M=1024 N=1024 K=1024 tile_N=32 runs=6
  CORES: cores 4-7 execute RVV kernels
  INPUT_CONTRACT: CANONICAL_FULL_MATRIX
PRIMARY_SOURCE=/home/bananapi/MAT/kernels riscv rvv 1.0/FINAL/riscv-rvv-ime-gemm-microkernels-updated/GEMM_RVV_FP32_INT8_8x8_Baseline/RVV_IGEMM_INT8_I8I32_8x8/igemm_kernel_8x8_zvl256b_lmulmf4_unroll8/igemm_kernel_8x8_zvl256b_lmulmf4_unroll8_i8i32.c
    run 1: OK GOPS=17.373298 time=0.123608291 threads=4 validation=1
      schedule: static chunk=0
      workers: 0:cpu4:tiles8;1:cpu5:tiles8;2:cpu6:tiles8;3:cpu7:tiles8
    run 2: OK GOPS=17.280453 time=0.124272417 threads=4 validation=0
      schedule: static chunk=0
      workers: 0:cpu4:tiles8;1:cpu5:tiles8;2:cpu6:tiles8;3:cpu7:tiles8
    run 3: OK GOPS=17.573822 time=0.122197874 threads=4 validation=0
      schedule: static chunk=0
      workers: 0:cpu4:tiles8;1:cpu5:tiles8;2:cpu6:tiles8;3:cpu7:tiles8
    run 4: OK GOPS=17.742605 time=0.121035419 threads=4 validation=0
      schedule: static chunk=0
      workers: 0:cpu4:tiles8;1:cpu5:tiles8;2:cpu6:tiles8;3:cpu7:tiles8
    run 5: OK GOPS=18.022638 time=0.119154792 threads=4 validation=0
      schedule: static chunk=0
      workers: 0:cpu4:tiles8;1:cpu5:tiles8;2:cpu6:tiles8;3:cpu7:tiles8
    run 6: OK GOPS=17.720035 time=0.121189583 threads=4 validation=0
      schedule: static chunk=0
      workers: 0:cpu4:tiles8;1:cpu5:tiles8;2:cpu6:tiles8;3:cpu7:tiles8
============================================================
KERNEL: sgemm_kernel_8x8_zvl256b_lmul1_unroll1
  MODE: K1 RVV-cluster OpenMP baseline
  BASELINE: GEMM_RVV_FP32_INT8_8x8_Baseline
  FAMILY: RVV_SGEMM_FP32_8x8
  PATH: FP32 RVV vector GEMM
  TILE: 8x8 ZVL=256b LMUL=1 UNROLL=1
  WORK: M=1024 N=1024 K=1024 tile_N=32 runs=6
  CORES: cores 4-7 execute RVV kernels
  INPUT_CONTRACT: CANONICAL_FULL_MATRIX
PRIMARY_SOURCE=/home/bananapi/MAT/kernels riscv rvv 1.0/FINAL/riscv-rvv-ime-gemm-microkernels-updated/GEMM_RVV_FP32_INT8_8x8_Baseline/RVV_SGEMM_FP32_8x8/sgemm_kernel_8x8_zvl256b_lmul1_unroll1/sgemm_kernel_8x8_zvl256b_lmul1_unroll1.c
    run 1: NUMERICAL_FAILED GFLOPS=0.000000 time=0.415434543 threads=4 validation=1
      schedule: static chunk=0
      workers: 0:cpu4:tiles8;1:cpu5:tiles8;2:cpu6:tiles8;3:cpu7:tiles8
    validation gate stopped remaining runs for sgemm_kernel_8x8_zvl256b_lmul1_unroll1
============================================================
KERNEL: sgemm_kernel_8x8_zvl256b_lmul1_unroll2
  MODE: K1 RVV-cluster OpenMP baseline
  BASELINE: GEMM_RVV_FP32_INT8_8x8_Baseline
  FAMILY: RVV_SGEMM_FP32_8x8
  PATH: FP32 RVV vector GEMM
  TILE: 8x8 ZVL=256b LMUL=1 UNROLL=2
  WORK: M=1024 N=1024 K=1024 tile_N=32 runs=6
  CORES: cores 4-7 execute RVV kernels
  INPUT_CONTRACT: CANONICAL_FULL_MATRIX
PRIMARY_SOURCE=/home/bananapi/MAT/kernels riscv rvv 1.0/FINAL/riscv-rvv-ime-gemm-microkernels-updated/GEMM_RVV_FP32_INT8_8x8_Baseline/RVV_SGEMM_FP32_8x8/sgemm_kernel_8x8_zvl256b_lmul1_unroll2/sgemm_kernel_8x8_zvl256b_lmul1_unroll2.c
    run 1: NUMERICAL_FAILED GFLOPS=0.000000 time=0.415737502 threads=4 validation=1
      schedule: static chunk=0
      workers: 0:cpu4:tiles8;1:cpu5:tiles8;2:cpu6:tiles8;3:cpu7:tiles8
    validation gate stopped remaining runs for sgemm_kernel_8x8_zvl256b_lmul1_unroll2
============================================================
KERNEL: sgemm_kernel_8x8_zvl256b_lmul1_unroll4
  MODE: K1 RVV-cluster OpenMP baseline
  BASELINE: GEMM_RVV_FP32_INT8_8x8_Baseline
  FAMILY: RVV_SGEMM_FP32_8x8
  PATH: FP32 RVV vector GEMM
  TILE: 8x8 ZVL=256b LMUL=1 UNROLL=4
  WORK: M=1024 N=1024 K=1024 tile_N=32 runs=6
  CORES: cores 4-7 execute RVV kernels
  INPUT_CONTRACT: CANONICAL_FULL_MATRIX
PRIMARY_SOURCE=/home/bananapi/MAT/kernels riscv rvv 1.0/FINAL/riscv-rvv-ime-gemm-microkernels-updated/GEMM_RVV_FP32_INT8_8x8_Baseline/RVV_SGEMM_FP32_8x8/sgemm_kernel_8x8_zvl256b_lmul1_unroll4/sgemm_kernel_8x8_zvl256b_lmul1_unroll4.c
    run 1: NUMERICAL_FAILED GFLOPS=0.000000 time=0.408652291 threads=4 validation=1
      schedule: static chunk=0
      workers: 0:cpu4:tiles8;1:cpu5:tiles8;2:cpu6:tiles8;3:cpu7:tiles8
    validation gate stopped remaining runs for sgemm_kernel_8x8_zvl256b_lmul1_unroll4
============================================================
KERNEL: sgemm_kernel_8x8_zvl256b_lmul1_unroll8
  MODE: K1 RVV-cluster OpenMP baseline
  BASELINE: GEMM_RVV_FP32_INT8_8x8_Baseline
  FAMILY: RVV_SGEMM_FP32_8x8
  PATH: FP32 RVV vector GEMM
  TILE: 8x8 ZVL=256b LMUL=1 UNROLL=8
  WORK: M=1024 N=1024 K=1024 tile_N=32 runs=6
  CORES: cores 4-7 execute RVV kernels
  INPUT_CONTRACT: CANONICAL_FULL_MATRIX
PRIMARY_SOURCE=/home/bananapi/MAT/kernels riscv rvv 1.0/FINAL/riscv-rvv-ime-gemm-microkernels-updated/GEMM_RVV_FP32_INT8_8x8_Baseline/RVV_SGEMM_FP32_8x8/sgemm_kernel_8x8_zvl256b_lmul1_unroll8/sgemm_kernel_8x8_zvl256b_lmul1_unroll8.c
    run 1: NUMERICAL_FAILED GFLOPS=0.000000 time=0.409908917 threads=4 validation=1
      schedule: static chunk=0
      workers: 0:cpu4:tiles8;1:cpu5:tiles8;2:cpu6:tiles8;3:cpu7:tiles8
    validation gate stopped remaining runs for sgemm_kernel_8x8_zvl256b_lmul1_unroll8
============================================================
KERNEL: sgemm_kernel_8x8_zvl256b_lmul2_unroll1
  MODE: K1 RVV-cluster OpenMP baseline
  BASELINE: GEMM_RVV_FP32_INT8_8x8_Baseline
  FAMILY: RVV_SGEMM_FP32_8x8
  PATH: FP32 RVV vector GEMM
  TILE: 8x8 ZVL=256b LMUL=2 UNROLL=1
  WORK: M=1024 N=1024 K=1024 tile_N=32 runs=6
  CORES: cores 4-7 execute RVV kernels
  INPUT_CONTRACT: CANONICAL_FULL_MATRIX
PRIMARY_SOURCE=/home/bananapi/MAT/kernels riscv rvv 1.0/FINAL/riscv-rvv-ime-gemm-microkernels-updated/GEMM_RVV_FP32_INT8_8x8_Baseline/RVV_SGEMM_FP32_8x8/sgemm_kernel_8x8_zvl256b_lmul2_unroll1/sgemm_kernel_8x8_zvl256b_lmul2_unroll1.c
    run 1: NUMERICAL_FAILED GFLOPS=0.000000 time=0.417329583 threads=4 validation=1
      schedule: static chunk=0
      workers: 0:cpu4:tiles8;1:cpu5:tiles8;2:cpu6:tiles8;3:cpu7:tiles8
    validation gate stopped remaining runs for sgemm_kernel_8x8_zvl256b_lmul2_unroll1
============================================================
KERNEL: sgemm_kernel_8x8_zvl256b_lmul2_unroll2
  MODE: K1 RVV-cluster OpenMP baseline
  BASELINE: GEMM_RVV_FP32_INT8_8x8_Baseline
  FAMILY: RVV_SGEMM_FP32_8x8
  PATH: FP32 RVV vector GEMM
  TILE: 8x8 ZVL=256b LMUL=2 UNROLL=2
  WORK: M=1024 N=1024 K=1024 tile_N=32 runs=6
  CORES: cores 4-7 execute RVV kernels
  INPUT_CONTRACT: CANONICAL_FULL_MATRIX
PRIMARY_SOURCE=/home/bananapi/MAT/kernels riscv rvv 1.0/FINAL/riscv-rvv-ime-gemm-microkernels-updated/GEMM_RVV_FP32_INT8_8x8_Baseline/RVV_SGEMM_FP32_8x8/sgemm_kernel_8x8_zvl256b_lmul2_unroll2/sgemm_kernel_8x8_zvl256b_lmul2_unroll2.c
    run 1: NUMERICAL_FAILED GFLOPS=0.000000 time=0.411913626 threads=4 validation=1
      schedule: static chunk=0
      workers: 0:cpu4:tiles8;1:cpu5:tiles8;2:cpu6:tiles8;3:cpu7:tiles8
    validation gate stopped remaining runs for sgemm_kernel_8x8_zvl256b_lmul2_unroll2
============================================================
KERNEL: sgemm_kernel_8x8_zvl256b_lmul2_unroll4
  MODE: K1 RVV-cluster OpenMP baseline
  BASELINE: GEMM_RVV_FP32_INT8_8x8_Baseline
  FAMILY: RVV_SGEMM_FP32_8x8
  PATH: FP32 RVV vector GEMM
  TILE: 8x8 ZVL=256b LMUL=2 UNROLL=4
  WORK: M=1024 N=1024 K=1024 tile_N=32 runs=6
  CORES: cores 4-7 execute RVV kernels
  INPUT_CONTRACT: CANONICAL_FULL_MATRIX
PRIMARY_SOURCE=/home/bananapi/MAT/kernels riscv rvv 1.0/FINAL/riscv-rvv-ime-gemm-microkernels-updated/GEMM_RVV_FP32_INT8_8x8_Baseline/RVV_SGEMM_FP32_8x8/sgemm_kernel_8x8_zvl256b_lmul2_unroll4/sgemm_kernel_8x8_zvl256b_lmul2_unroll4.c
    run 1: NUMERICAL_FAILED GFLOPS=0.000000 time=0.416693833 threads=4 validation=1
      schedule: static chunk=0
      workers: 0:cpu4:tiles8;1:cpu5:tiles8;2:cpu6:tiles8;3:cpu7:tiles8
    validation gate stopped remaining runs for sgemm_kernel_8x8_zvl256b_lmul2_unroll4
============================================================
KERNEL: sgemm_kernel_8x8_zvl256b_lmul2_unroll8
  MODE: K1 RVV-cluster OpenMP baseline
  BASELINE: GEMM_RVV_FP32_INT8_8x8_Baseline
  FAMILY: RVV_SGEMM_FP32_8x8
  PATH: FP32 RVV vector GEMM
  TILE: 8x8 ZVL=256b LMUL=2 UNROLL=8
  WORK: M=1024 N=1024 K=1024 tile_N=32 runs=6
  CORES: cores 4-7 execute RVV kernels
  INPUT_CONTRACT: CANONICAL_FULL_MATRIX
PRIMARY_SOURCE=/home/bananapi/MAT/kernels riscv rvv 1.0/FINAL/riscv-rvv-ime-gemm-microkernels-updated/GEMM_RVV_FP32_INT8_8x8_Baseline/RVV_SGEMM_FP32_8x8/sgemm_kernel_8x8_zvl256b_lmul2_unroll8/sgemm_kernel_8x8_zvl256b_lmul2_unroll8.c
    run 1: NUMERICAL_FAILED GFLOPS=0.000000 time=0.424723372 threads=4 validation=1
      schedule: static chunk=0
      workers: 0:cpu4:tiles8;1:cpu5:tiles8;2:cpu6:tiles8;3:cpu7:tiles8
    validation gate stopped remaining runs for sgemm_kernel_8x8_zvl256b_lmul2_unroll8
============================================================
KERNEL: sgemm_kernel_8x8_zvl256b_lmul4_unroll1
  MODE: K1 RVV-cluster OpenMP baseline
  BASELINE: GEMM_RVV_FP32_INT8_8x8_Baseline
  FAMILY: RVV_SGEMM_FP32_8x8
  PATH: FP32 RVV vector GEMM
  TILE: 8x8 ZVL=256b LMUL=4 UNROLL=1
  WORK: M=1024 N=1024 K=1024 tile_N=32 runs=6
  CORES: cores 4-7 execute RVV kernels
  INPUT_CONTRACT: CANONICAL_FULL_MATRIX
PRIMARY_SOURCE=/home/bananapi/MAT/kernels riscv rvv 1.0/FINAL/riscv-rvv-ime-gemm-microkernels-updated/GEMM_RVV_FP32_INT8_8x8_Baseline/RVV_SGEMM_FP32_8x8/sgemm_kernel_8x8_zvl256b_lmul4_unroll1/sgemm_kernel_8x8_zvl256b_lmul4_unroll1.c
    run 1: NUMERICAL_FAILED GFLOPS=0.000000 time=0.608195752 threads=4 validation=1
      schedule: static chunk=0
      workers: 0:cpu4:tiles8;1:cpu5:tiles8;2:cpu6:tiles8;3:cpu7:tiles8
    validation gate stopped remaining runs for sgemm_kernel_8x8_zvl256b_lmul4_unroll1
============================================================
KERNEL: sgemm_kernel_8x8_zvl256b_lmul4_unroll2
  MODE: K1 RVV-cluster OpenMP baseline
  BASELINE: GEMM_RVV_FP32_INT8_8x8_Baseline
  FAMILY: RVV_SGEMM_FP32_8x8
  PATH: FP32 RVV vector GEMM
  TILE: 8x8 ZVL=256b LMUL=4 UNROLL=2
  WORK: M=1024 N=1024 K=1024 tile_N=32 runs=6
  CORES: cores 4-7 execute RVV kernels
  INPUT_CONTRACT: CANONICAL_FULL_MATRIX
PRIMARY_SOURCE=/home/bananapi/MAT/kernels riscv rvv 1.0/FINAL/riscv-rvv-ime-gemm-microkernels-updated/GEMM_RVV_FP32_INT8_8x8_Baseline/RVV_SGEMM_FP32_8x8/sgemm_kernel_8x8_zvl256b_lmul4_unroll2/sgemm_kernel_8x8_zvl256b_lmul4_unroll2.c
    run 1: NUMERICAL_FAILED GFLOPS=0.000000 time=0.647344876 threads=4 validation=1
      schedule: static chunk=0
      workers: 0:cpu4:tiles8;1:cpu5:tiles8;2:cpu6:tiles8;3:cpu7:tiles8
    validation gate stopped remaining runs for sgemm_kernel_8x8_zvl256b_lmul4_unroll2
============================================================
KERNEL: sgemm_kernel_8x8_zvl256b_lmul4_unroll4
  MODE: K1 RVV-cluster OpenMP baseline
  BASELINE: GEMM_RVV_FP32_INT8_8x8_Baseline
  FAMILY: RVV_SGEMM_FP32_8x8
  PATH: FP32 RVV vector GEMM
  TILE: 8x8 ZVL=256b LMUL=4 UNROLL=4
  WORK: M=1024 N=1024 K=1024 tile_N=32 runs=6
  CORES: cores 4-7 execute RVV kernels
  INPUT_CONTRACT: CANONICAL_FULL_MATRIX
PRIMARY_SOURCE=/home/bananapi/MAT/kernels riscv rvv 1.0/FINAL/riscv-rvv-ime-gemm-microkernels-updated/GEMM_RVV_FP32_INT8_8x8_Baseline/RVV_SGEMM_FP32_8x8/sgemm_kernel_8x8_zvl256b_lmul4_unroll4/sgemm_kernel_8x8_zvl256b_lmul4_unroll4.c
    run 1: NUMERICAL_FAILED GFLOPS=0.000000 time=0.662910294 threads=4 validation=1
      schedule: static chunk=0
      workers: 0:cpu4:tiles8;1:cpu5:tiles8;2:cpu6:tiles8;3:cpu7:tiles8
    validation gate stopped remaining runs for sgemm_kernel_8x8_zvl256b_lmul4_unroll4
============================================================
KERNEL: sgemm_kernel_8x8_zvl256b_lmul4_unroll8
  MODE: K1 RVV-cluster OpenMP baseline
  BASELINE: GEMM_RVV_FP32_INT8_8x8_Baseline
  FAMILY: RVV_SGEMM_FP32_8x8
  PATH: FP32 RVV vector GEMM
  TILE: 8x8 ZVL=256b LMUL=4 UNROLL=8
  WORK: M=1024 N=1024 K=1024 tile_N=32 runs=6
  CORES: cores 4-7 execute RVV kernels
  INPUT_CONTRACT: CANONICAL_FULL_MATRIX
PRIMARY_SOURCE=/home/bananapi/MAT/kernels riscv rvv 1.0/FINAL/riscv-rvv-ime-gemm-microkernels-updated/GEMM_RVV_FP32_INT8_8x8_Baseline/RVV_SGEMM_FP32_8x8/sgemm_kernel_8x8_zvl256b_lmul4_unroll8/sgemm_kernel_8x8_zvl256b_lmul4_unroll8.c
    run 1: NUMERICAL_FAILED GFLOPS=0.000000 time=0.603037417 threads=4 validation=1
      schedule: static chunk=0
      workers: 0:cpu4:tiles8;1:cpu5:tiles8;2:cpu6:tiles8;3:cpu7:tiles8
    validation gate stopped remaining runs for sgemm_kernel_8x8_zvl256b_lmul4_unroll8
============================================================
KERNEL: sgemm_kernel_8x8_zvl256b_lmul8_unroll1
  MODE: K1 RVV-cluster OpenMP baseline
  BASELINE: GEMM_RVV_FP32_INT8_8x8_Baseline
  FAMILY: RVV_SGEMM_FP32_8x8
  PATH: FP32 RVV vector GEMM
  TILE: 8x8 ZVL=256b LMUL=8 UNROLL=1
  WORK: M=1024 N=1024 K=1024 tile_N=32 runs=6
  CORES: cores 4-7 execute RVV kernels
  INPUT_CONTRACT: CANONICAL_FULL_MATRIX
PRIMARY_SOURCE=/home/bananapi/MAT/kernels riscv rvv 1.0/FINAL/riscv-rvv-ime-gemm-microkernels-updated/GEMM_RVV_FP32_INT8_8x8_Baseline/RVV_SGEMM_FP32_8x8/sgemm_kernel_8x8_zvl256b_lmul8_unroll1/sgemm_kernel_8x8_zvl256b_lmul8_unroll1.c
    run 1: NUMERICAL_FAILED GFLOPS=0.000000 time=1.292726085 threads=4 validation=1
      schedule: static chunk=0
      workers: 0:cpu4:tiles8;1:cpu5:tiles8;2:cpu6:tiles8;3:cpu7:tiles8
    validation gate stopped remaining runs for sgemm_kernel_8x8_zvl256b_lmul8_unroll1
============================================================
KERNEL: sgemm_kernel_8x8_zvl256b_lmul8_unroll2
  MODE: K1 RVV-cluster OpenMP baseline
  BASELINE: GEMM_RVV_FP32_INT8_8x8_Baseline
  FAMILY: RVV_SGEMM_FP32_8x8
  PATH: FP32 RVV vector GEMM
  TILE: 8x8 ZVL=256b LMUL=8 UNROLL=2
  WORK: M=1024 N=1024 K=1024 tile_N=32 runs=6
  CORES: cores 4-7 execute RVV kernels
  INPUT_CONTRACT: CANONICAL_FULL_MATRIX
PRIMARY_SOURCE=/home/bananapi/MAT/kernels riscv rvv 1.0/FINAL/riscv-rvv-ime-gemm-microkernels-updated/GEMM_RVV_FP32_INT8_8x8_Baseline/RVV_SGEMM_FP32_8x8/sgemm_kernel_8x8_zvl256b_lmul8_unroll2/sgemm_kernel_8x8_zvl256b_lmul8_unroll2.c
    run 1: NUMERICAL_FAILED GFLOPS=0.000000 time=1.310281709 threads=4 validation=1
      schedule: static chunk=0
      workers: 0:cpu4:tiles8;1:cpu5:tiles8;2:cpu6:tiles8;3:cpu7:tiles8
    validation gate stopped remaining runs for sgemm_kernel_8x8_zvl256b_lmul8_unroll2
============================================================
KERNEL: sgemm_kernel_8x8_zvl256b_lmul8_unroll4
  MODE: K1 RVV-cluster OpenMP baseline
  BASELINE: GEMM_RVV_FP32_INT8_8x8_Baseline
  FAMILY: RVV_SGEMM_FP32_8x8
  PATH: FP32 RVV vector GEMM
  TILE: 8x8 ZVL=256b LMUL=8 UNROLL=4
  WORK: M=1024 N=1024 K=1024 tile_N=32 runs=6
  CORES: cores 4-7 execute RVV kernels
  INPUT_CONTRACT: CANONICAL_FULL_MATRIX
PRIMARY_SOURCE=/home/bananapi/MAT/kernels riscv rvv 1.0/FINAL/riscv-rvv-ime-gemm-microkernels-updated/GEMM_RVV_FP32_INT8_8x8_Baseline/RVV_SGEMM_FP32_8x8/sgemm_kernel_8x8_zvl256b_lmul8_unroll4/sgemm_kernel_8x8_zvl256b_lmul8_unroll4.c
    run 1: NUMERICAL_FAILED GFLOPS=0.000000 time=1.531254128 threads=4 validation=1
      schedule: static chunk=0
      workers: 0:cpu4:tiles8;1:cpu5:tiles8;2:cpu6:tiles8;3:cpu7:tiles8
    validation gate stopped remaining runs for sgemm_kernel_8x8_zvl256b_lmul8_unroll4
============================================================
KERNEL: sgemm_kernel_8x8_zvl256b_lmul8_unroll8
  MODE: K1 RVV-cluster OpenMP baseline
  BASELINE: GEMM_RVV_FP32_INT8_8x8_Baseline
  FAMILY: RVV_SGEMM_FP32_8x8
  PATH: FP32 RVV vector GEMM
  TILE: 8x8 ZVL=256b LMUL=8 UNROLL=8
  WORK: M=1024 N=1024 K=1024 tile_N=32 runs=6
  CORES: cores 4-7 execute RVV kernels
  INPUT_CONTRACT: CANONICAL_FULL_MATRIX
PRIMARY_SOURCE=/home/bananapi/MAT/kernels riscv rvv 1.0/FINAL/riscv-rvv-ime-gemm-microkernels-updated/GEMM_RVV_FP32_INT8_8x8_Baseline/RVV_SGEMM_FP32_8x8/sgemm_kernel_8x8_zvl256b_lmul8_unroll8/sgemm_kernel_8x8_zvl256b_lmul8_unroll8.c
    run 1: NUMERICAL_FAILED GFLOPS=0.000000 time=1.535962835 threads=4 validation=1
      schedule: static chunk=0
      workers: 0:cpu4:tiles8;1:cpu5:tiles8;2:cpu6:tiles8;3:cpu7:tiles8
    validation gate stopped remaining runs for sgemm_kernel_8x8_zvl256b_lmul8_unroll8
============================================================
KERNEL: dgemm_kernel_8x4_zvl256b_lmul2_unroll1
  MODE: K1 RVV-cluster OpenMP baseline
  BASELINE: GEMM_RVV_FP64_INT8_8x4_Baseline
  FAMILY: RVV_DGEMM_FP64_8x4
  PATH: FP64 RVV vector GEMM
  TILE: 8x4 ZVL=256b LMUL=2 UNROLL=1
  WORK: M=1024 N=1024 K=1024 tile_N=32 runs=6
  CORES: cores 4-7 execute RVV kernels
  INPUT_CONTRACT: CANONICAL_FULL_MATRIX
PRIMARY_SOURCE=/home/bananapi/MAT/kernels riscv rvv 1.0/FINAL/riscv-rvv-ime-gemm-microkernels-updated/GEMM_RVV_FP64_INT8_8x4_Baseline/RVV_DGEMM_FP64_8x4/dgemm_kernel_8x4_zvl256b_lmul2_unroll1/dgemm_kernel_8x4_zvl256b_lmul2_unroll1.c
    run 1: OK GFLOPS=2.974978 time=0.721848585 threads=4 validation=1
      schedule: static chunk=0
      workers: 0:cpu4:tiles8;1:cpu5:tiles8;2:cpu6:tiles8;3:cpu7:tiles8
    run 2: OK GFLOPS=3.020792 time=0.710900877 threads=4 validation=0
      schedule: static chunk=0
      workers: 0:cpu4:tiles8;1:cpu5:tiles8;2:cpu6:tiles8;3:cpu7:tiles8
    run 3: OK GFLOPS=3.110146 time=0.690476708 threads=4 validation=0
      schedule: static chunk=0
      workers: 0:cpu4:tiles8;1:cpu5:tiles8;2:cpu6:tiles8;3:cpu7:tiles8
    run 4: OK GFLOPS=3.054320 time=0.703097209 threads=4 validation=0
      schedule: static chunk=0
      workers: 0:cpu4:tiles8;1:cpu5:tiles8;2:cpu6:tiles8;3:cpu7:tiles8
    run 5: OK GFLOPS=3.139223 time=0.684081294 threads=4 validation=0
      schedule: static chunk=0
      workers: 0:cpu4:tiles8;1:cpu5:tiles8;2:cpu6:tiles8;3:cpu7:tiles8
    run 6: OK GFLOPS=3.095660 time=0.693707835 threads=4 validation=0
      schedule: static chunk=0
      workers: 0:cpu4:tiles8;1:cpu5:tiles8;2:cpu6:tiles8;3:cpu7:tiles8
============================================================
KERNEL: dgemm_kernel_8x4_zvl256b_lmul2_unroll2
  MODE: K1 RVV-cluster OpenMP baseline
  BASELINE: GEMM_RVV_FP64_INT8_8x4_Baseline
  FAMILY: RVV_DGEMM_FP64_8x4
  PATH: FP64 RVV vector GEMM
  TILE: 8x4 ZVL=256b LMUL=2 UNROLL=2
  WORK: M=1024 N=1024 K=1024 tile_N=32 runs=6
  CORES: cores 4-7 execute RVV kernels
  INPUT_CONTRACT: CANONICAL_FULL_MATRIX
PRIMARY_SOURCE=/home/bananapi/MAT/kernels riscv rvv 1.0/FINAL/riscv-rvv-ime-gemm-microkernels-updated/GEMM_RVV_FP64_INT8_8x4_Baseline/RVV_DGEMM_FP64_8x4/dgemm_kernel_8x4_zvl256b_lmul2_unroll2/dgemm_kernel_8x4_zvl256b_lmul2_unroll2.c
    run 1: OK GFLOPS=3.013104 time=0.712714791 threads=4 validation=1
      schedule: static chunk=0
      workers: 0:cpu4:tiles8;1:cpu5:tiles8;2:cpu6:tiles8;3:cpu7:tiles8
    run 2: OK GFLOPS=3.080427 time=0.697138373 threads=4 validation=0
      schedule: static chunk=0
      workers: 0:cpu4:tiles8;1:cpu5:tiles8;2:cpu6:tiles8;3:cpu7:tiles8
    run 3: OK GFLOPS=3.039384 time=0.706552289 threads=4 validation=0
      schedule: static chunk=0
      workers: 0:cpu4:tiles8;1:cpu5:tiles8;2:cpu6:tiles8;3:cpu7:tiles8
    run 4: OK GFLOPS=3.026976 time=0.709448542 threads=4 validation=0
      schedule: static chunk=0
      workers: 0:cpu4:tiles8;1:cpu5:tiles8;2:cpu6:tiles8;3:cpu7:tiles8
    run 5: OK GFLOPS=3.037312 time=0.707034335 threads=4 validation=0
      schedule: static chunk=0
      workers: 0:cpu4:tiles8;1:cpu5:tiles8;2:cpu6:tiles8;3:cpu7:tiles8
    run 6: OK GFLOPS=3.101098 time=0.692491293 threads=4 validation=0
      schedule: static chunk=0
      workers: 0:cpu4:tiles8;1:cpu5:tiles8;2:cpu6:tiles8;3:cpu7:tiles8
============================================================
KERNEL: dgemm_kernel_8x4_zvl256b_lmul2_unroll4
  MODE: K1 RVV-cluster OpenMP baseline
  BASELINE: GEMM_RVV_FP64_INT8_8x4_Baseline
  FAMILY: RVV_DGEMM_FP64_8x4
  PATH: FP64 RVV vector GEMM
  TILE: 8x4 ZVL=256b LMUL=2 UNROLL=4
  WORK: M=1024 N=1024 K=1024 tile_N=32 runs=6
  CORES: cores 4-7 execute RVV kernels
  INPUT_CONTRACT: CANONICAL_FULL_MATRIX
PRIMARY_SOURCE=/home/bananapi/MAT/kernels riscv rvv 1.0/FINAL/riscv-rvv-ime-gemm-microkernels-updated/GEMM_RVV_FP64_INT8_8x4_Baseline/RVV_DGEMM_FP64_8x4/dgemm_kernel_8x4_zvl256b_lmul2_unroll4/dgemm_kernel_8x4_zvl256b_lmul2_unroll4.c
    run 1: OK GFLOPS=3.057667 time=0.702327460 threads=4 validation=1
      schedule: static chunk=0
      workers: 0:cpu4:tiles8;1:cpu5:tiles8;2:cpu6:tiles8;3:cpu7:tiles8
    run 2: OK GFLOPS=3.054764 time=0.702994961 threads=4 validation=0
      schedule: static chunk=0
      workers: 0:cpu4:tiles8;1:cpu5:tiles8;2:cpu6:tiles8;3:cpu7:tiles8
    run 3: OK GFLOPS=3.059864 time=0.701823249 threads=4 validation=0
      schedule: static chunk=0
      workers: 0:cpu4:tiles8;1:cpu5:tiles8;2:cpu6:tiles8;3:cpu7:tiles8
    run 4: OK GFLOPS=3.083226 time=0.696505375 threads=4 validation=0
      schedule: static chunk=0
      workers: 0:cpu4:tiles8;1:cpu5:tiles8;2:cpu6:tiles8;3:cpu7:tiles8
    run 5: OK GFLOPS=3.126091 time=0.686955001 threads=4 validation=0
      schedule: static chunk=0
      workers: 0:cpu4:tiles8;1:cpu5:tiles8;2:cpu6:tiles8;3:cpu7:tiles8
    run 6: OK GFLOPS=3.072500 time=0.698936835 threads=4 validation=0
      schedule: static chunk=0
      workers: 0:cpu4:tiles8;1:cpu5:tiles8;2:cpu6:tiles8;3:cpu7:tiles8
============================================================
KERNEL: dgemm_kernel_8x4_zvl256b_lmul2_unroll8
  MODE: K1 RVV-cluster OpenMP baseline
  BASELINE: GEMM_RVV_FP64_INT8_8x4_Baseline
  FAMILY: RVV_DGEMM_FP64_8x4
  PATH: FP64 RVV vector GEMM
  TILE: 8x4 ZVL=256b LMUL=2 UNROLL=8
  WORK: M=1024 N=1024 K=1024 tile_N=32 runs=6
  CORES: cores 4-7 execute RVV kernels
  INPUT_CONTRACT: CANONICAL_FULL_MATRIX
PRIMARY_SOURCE=/home/bananapi/MAT/kernels riscv rvv 1.0/FINAL/riscv-rvv-ime-gemm-microkernels-updated/GEMM_RVV_FP64_INT8_8x4_Baseline/RVV_DGEMM_FP64_8x4/dgemm_kernel_8x4_zvl256b_lmul2_unroll8/dgemm_kernel_8x4_zvl256b_lmul2_unroll8.c
    run 1: OK GFLOPS=2.936319 time=0.731352378 threads=4 validation=1
      schedule: static chunk=0
      workers: 0:cpu4:tiles8;1:cpu5:tiles8;2:cpu6:tiles8;3:cpu7:tiles8
    run 2: OK GFLOPS=3.157189 time=0.680188458 threads=4 validation=0
      schedule: static chunk=0
      workers: 0:cpu4:tiles8;1:cpu5:tiles8;2:cpu6:tiles8;3:cpu7:tiles8
    run 3: OK GFLOPS=2.998403 time=0.716209166 threads=4 validation=0
      schedule: static chunk=0
      workers: 0:cpu4:tiles8;1:cpu5:tiles8;2:cpu6:tiles8;3:cpu7:tiles8
    run 4: OK GFLOPS=3.064965 time=0.700655252 threads=4 validation=0
      schedule: static chunk=0
      workers: 0:cpu4:tiles8;1:cpu5:tiles8;2:cpu6:tiles8;3:cpu7:tiles8
    run 5: OK GFLOPS=2.945861 time=0.728983417 threads=4 validation=0
      schedule: static chunk=0
      workers: 0:cpu4:tiles8;1:cpu5:tiles8;2:cpu6:tiles8;3:cpu7:tiles8
    run 6: OK GFLOPS=3.062009 time=0.701331500 threads=4 validation=0
      schedule: static chunk=0
      workers: 0:cpu4:tiles8;1:cpu5:tiles8;2:cpu6:tiles8;3:cpu7:tiles8
============================================================
KERNEL: dgemm_kernel_8x4_zvl256b_lmul4_unroll1
  MODE: K1 RVV-cluster OpenMP baseline
  BASELINE: GEMM_RVV_FP64_INT8_8x4_Baseline
  FAMILY: RVV_DGEMM_FP64_8x4
  PATH: FP64 RVV vector GEMM
  TILE: 8x4 ZVL=256b LMUL=4 UNROLL=1
  WORK: M=1024 N=1024 K=1024 tile_N=32 runs=6
  CORES: cores 4-7 execute RVV kernels
  INPUT_CONTRACT: CANONICAL_FULL_MATRIX
PRIMARY_SOURCE=/home/bananapi/MAT/kernels riscv rvv 1.0/FINAL/riscv-rvv-ime-gemm-microkernels-updated/GEMM_RVV_FP64_INT8_8x4_Baseline/RVV_DGEMM_FP64_8x4/dgemm_kernel_8x4_zvl256b_lmul4_unroll1/dgemm_kernel_8x4_zvl256b_lmul4_unroll1.c
    run 1: OK GFLOPS=2.915225 time=0.736644294 threads=4 validation=1
      schedule: static chunk=0
      workers: 0:cpu4:tiles8;1:cpu5:tiles8;2:cpu6:tiles8;3:cpu7:tiles8
    run 2: OK GFLOPS=3.029325 time=0.708898418 threads=4 validation=0
      schedule: static chunk=0
      workers: 0:cpu4:tiles8;1:cpu5:tiles8;2:cpu6:tiles8;3:cpu7:tiles8
    run 3: OK GFLOPS=2.988023 time=0.718697041 threads=4 validation=0
      schedule: static chunk=0
      workers: 0:cpu4:tiles8;1:cpu5:tiles8;2:cpu6:tiles8;3:cpu7:tiles8
    run 4: OK GFLOPS=3.040450 time=0.706304498 threads=4 validation=0
      schedule: static chunk=0
      workers: 0:cpu4:tiles8;1:cpu5:tiles8;2:cpu6:tiles8;3:cpu7:tiles8
    run 5: OK GFLOPS=3.042323 time=0.705869749 threads=4 validation=0
      schedule: static chunk=0
      workers: 0:cpu4:tiles8;1:cpu5:tiles8;2:cpu6:tiles8;3:cpu7:tiles8
    run 6: OK GFLOPS=2.919782 time=0.735494498 threads=4 validation=0
      schedule: static chunk=0
      workers: 0:cpu4:tiles8;1:cpu5:tiles8;2:cpu6:tiles8;3:cpu7:tiles8
============================================================
KERNEL: dgemm_kernel_8x4_zvl256b_lmul4_unroll2
  MODE: K1 RVV-cluster OpenMP baseline
  BASELINE: GEMM_RVV_FP64_INT8_8x4_Baseline
  FAMILY: RVV_DGEMM_FP64_8x4
  PATH: FP64 RVV vector GEMM
  TILE: 8x4 ZVL=256b LMUL=4 UNROLL=2
  WORK: M=1024 N=1024 K=1024 tile_N=32 runs=6
  CORES: cores 4-7 execute RVV kernels
  INPUT_CONTRACT: CANONICAL_FULL_MATRIX
PRIMARY_SOURCE=/home/bananapi/MAT/kernels riscv rvv 1.0/FINAL/riscv-rvv-ime-gemm-microkernels-updated/GEMM_RVV_FP64_INT8_8x4_Baseline/RVV_DGEMM_FP64_8x4/dgemm_kernel_8x4_zvl256b_lmul4_unroll2/dgemm_kernel_8x4_zvl256b_lmul4_unroll2.c
    run 1: OK GFLOPS=2.920582 time=0.735292960 threads=4 validation=1
      schedule: static chunk=0
      workers: 0:cpu4:tiles8;1:cpu5:tiles8;2:cpu6:tiles8;3:cpu7:tiles8
    run 2: OK GFLOPS=3.064165 time=0.700838082 threads=4 validation=0
      schedule: static chunk=0
      workers: 0:cpu4:tiles8;1:cpu5:tiles8;2:cpu6:tiles8;3:cpu7:tiles8
    run 3: OK GFLOPS=3.069383 time=0.699646626 threads=4 validation=0
      schedule: static chunk=0
      workers: 0:cpu4:tiles8;1:cpu5:tiles8;2:cpu6:tiles8;3:cpu7:tiles8
    run 4: OK GFLOPS=3.104499 time=0.691732831 threads=4 validation=0
      schedule: static chunk=0
      workers: 0:cpu4:tiles8;1:cpu5:tiles8;2:cpu6:tiles8;3:cpu7:tiles8
    run 5: OK GFLOPS=2.992548 time=0.717610333 threads=4 validation=0
      schedule: static chunk=0
      workers: 0:cpu4:tiles8;1:cpu5:tiles8;2:cpu6:tiles8;3:cpu7:tiles8
    run 6: OK GFLOPS=3.085341 time=0.696028002 threads=4 validation=0
      schedule: static chunk=0
      workers: 0:cpu4:tiles8;1:cpu5:tiles8;2:cpu6:tiles8;3:cpu7:tiles8
============================================================
KERNEL: dgemm_kernel_8x4_zvl256b_lmul4_unroll4
  MODE: K1 RVV-cluster OpenMP baseline
  BASELINE: GEMM_RVV_FP64_INT8_8x4_Baseline
  FAMILY: RVV_DGEMM_FP64_8x4
  PATH: FP64 RVV vector GEMM
  TILE: 8x4 ZVL=256b LMUL=4 UNROLL=4
  WORK: M=1024 N=1024 K=1024 tile_N=32 runs=6
  CORES: cores 4-7 execute RVV kernels
  INPUT_CONTRACT: CANONICAL_FULL_MATRIX
PRIMARY_SOURCE=/home/bananapi/MAT/kernels riscv rvv 1.0/FINAL/riscv-rvv-ime-gemm-microkernels-updated/GEMM_RVV_FP64_INT8_8x4_Baseline/RVV_DGEMM_FP64_8x4/dgemm_kernel_8x4_zvl256b_lmul4_unroll4/dgemm_kernel_8x4_zvl256b_lmul4_unroll4.c
    run 1: OK GFLOPS=3.003279 time=0.715046335 threads=4 validation=1
      schedule: static chunk=0
      workers: 0:cpu4:tiles8;1:cpu5:tiles8;2:cpu6:tiles8;3:cpu7:tiles8
    run 2: OK GFLOPS=3.032035 time=0.708264790 threads=4 validation=0
      schedule: static chunk=0
      workers: 0:cpu4:tiles8;1:cpu5:tiles8;2:cpu6:tiles8;3:cpu7:tiles8
    run 3: OK GFLOPS=3.064754 time=0.700703334 threads=4 validation=0
      schedule: static chunk=0
      workers: 0:cpu4:tiles8;1:cpu5:tiles8;2:cpu6:tiles8;3:cpu7:tiles8
    run 4: OK GFLOPS=2.975830 time=0.721641999 threads=4 validation=0
      schedule: static chunk=0
      workers: 0:cpu4:tiles8;1:cpu5:tiles8;2:cpu6:tiles8;3:cpu7:tiles8
    run 5: OK GFLOPS=3.021376 time=0.710763372 threads=4 validation=0
      schedule: static chunk=0
      workers: 0:cpu4:tiles8;1:cpu5:tiles8;2:cpu6:tiles8;3:cpu7:tiles8
    run 6: OK GFLOPS=2.983108 time=0.719881374 threads=4 validation=0
      schedule: static chunk=0
      workers: 0:cpu4:tiles8;1:cpu5:tiles8;2:cpu6:tiles8;3:cpu7:tiles8
============================================================
KERNEL: dgemm_kernel_8x4_zvl256b_lmul4_unroll8
  MODE: K1 RVV-cluster OpenMP baseline
  BASELINE: GEMM_RVV_FP64_INT8_8x4_Baseline
  FAMILY: RVV_DGEMM_FP64_8x4
  PATH: FP64 RVV vector GEMM
  TILE: 8x4 ZVL=256b LMUL=4 UNROLL=8
  WORK: M=1024 N=1024 K=1024 tile_N=32 runs=6
  CORES: cores 4-7 execute RVV kernels
  INPUT_CONTRACT: CANONICAL_FULL_MATRIX
PRIMARY_SOURCE=/home/bananapi/MAT/kernels riscv rvv 1.0/FINAL/riscv-rvv-ime-gemm-microkernels-updated/GEMM_RVV_FP64_INT8_8x4_Baseline/RVV_DGEMM_FP64_8x4/dgemm_kernel_8x4_zvl256b_lmul4_unroll8/dgemm_kernel_8x4_zvl256b_lmul4_unroll8.c
    run 1: OK GFLOPS=2.996021 time=0.716778498 threads=4 validation=1
      schedule: static chunk=0
      workers: 0:cpu4:tiles8;1:cpu5:tiles8;2:cpu6:tiles8;3:cpu7:tiles8
    run 2: OK GFLOPS=2.875673 time=0.746776126 threads=4 validation=0
      schedule: static chunk=0
      workers: 0:cpu4:tiles8;1:cpu5:tiles8;2:cpu6:tiles8;3:cpu7:tiles8
    run 3: OK GFLOPS=2.995906 time=0.716806043 threads=4 validation=0
      schedule: static chunk=0
      workers: 0:cpu4:tiles8;1:cpu5:tiles8;2:cpu6:tiles8;3:cpu7:tiles8
    run 4: OK GFLOPS=2.992064 time=0.717726585 threads=4 validation=0
      schedule: static chunk=0
      workers: 0:cpu4:tiles8;1:cpu5:tiles8;2:cpu6:tiles8;3:cpu7:tiles8
    run 5: OK GFLOPS=3.055913 time=0.702730626 threads=4 validation=0
      schedule: static chunk=0
      workers: 0:cpu4:tiles8;1:cpu5:tiles8;2:cpu6:tiles8;3:cpu7:tiles8
    run 6: OK GFLOPS=3.041064 time=0.706161875 threads=4 validation=0
      schedule: static chunk=0
      workers: 0:cpu4:tiles8;1:cpu5:tiles8;2:cpu6:tiles8;3:cpu7:tiles8
============================================================
KERNEL: dgemm_kernel_8x4_zvl256b_lmul8_unroll1
  MODE: K1 RVV-cluster OpenMP baseline
  BASELINE: GEMM_RVV_FP64_INT8_8x4_Baseline
  FAMILY: RVV_DGEMM_FP64_8x4
  PATH: FP64 RVV vector GEMM
  TILE: 8x4 ZVL=256b LMUL=8 UNROLL=1
  WORK: M=1024 N=1024 K=1024 tile_N=32 runs=6
  CORES: cores 4-7 execute RVV kernels
  INPUT_CONTRACT: CANONICAL_FULL_MATRIX
PRIMARY_SOURCE=/home/bananapi/MAT/kernels riscv rvv 1.0/FINAL/riscv-rvv-ime-gemm-microkernels-updated/GEMM_RVV_FP64_INT8_8x4_Baseline/RVV_DGEMM_FP64_8x4/dgemm_kernel_8x4_zvl256b_lmul8_unroll1/dgemm_kernel_8x4_zvl256b_lmul8_unroll1.c
    run 1: OK GFLOPS=1.849439 time=1.161153793 threads=4 validation=1
      schedule: static chunk=0
      workers: 0:cpu4:tiles8;1:cpu5:tiles8;2:cpu6:tiles8;3:cpu7:tiles8
    run 2: OK GFLOPS=1.839972 time=1.167128667 threads=4 validation=0
      schedule: static chunk=0
      workers: 0:cpu4:tiles8;1:cpu5:tiles8;2:cpu6:tiles8;3:cpu7:tiles8
    run 3: OK GFLOPS=1.836279 time=1.169475917 threads=4 validation=0
      schedule: static chunk=0
      workers: 0:cpu4:tiles8;1:cpu5:tiles8;2:cpu6:tiles8;3:cpu7:tiles8
    run 4: OK GFLOPS=1.857118 time=1.156352833 threads=4 validation=0
      schedule: static chunk=0
      workers: 0:cpu4:tiles8;1:cpu5:tiles8;2:cpu6:tiles8;3:cpu7:tiles8
    run 5: OK GFLOPS=1.854163 time=1.158195917 threads=4 validation=0
      schedule: static chunk=0
      workers: 0:cpu4:tiles8;1:cpu5:tiles8;2:cpu6:tiles8;3:cpu7:tiles8
    run 6: OK GFLOPS=1.864911 time=1.151520833 threads=4 validation=0
      schedule: static chunk=0
      workers: 0:cpu4:tiles8;1:cpu5:tiles8;2:cpu6:tiles8;3:cpu7:tiles8
============================================================
KERNEL: dgemm_kernel_8x4_zvl256b_lmul8_unroll2
  MODE: K1 RVV-cluster OpenMP baseline
  BASELINE: GEMM_RVV_FP64_INT8_8x4_Baseline
  FAMILY: RVV_DGEMM_FP64_8x4
  PATH: FP64 RVV vector GEMM
  TILE: 8x4 ZVL=256b LMUL=8 UNROLL=2
  WORK: M=1024 N=1024 K=1024 tile_N=32 runs=6
  CORES: cores 4-7 execute RVV kernels
  INPUT_CONTRACT: CANONICAL_FULL_MATRIX
PRIMARY_SOURCE=/home/bananapi/MAT/kernels riscv rvv 1.0/FINAL/riscv-rvv-ime-gemm-microkernels-updated/GEMM_RVV_FP64_INT8_8x4_Baseline/RVV_DGEMM_FP64_8x4/dgemm_kernel_8x4_zvl256b_lmul8_unroll2/dgemm_kernel_8x4_zvl256b_lmul8_unroll2.c
    run 1: OK GFLOPS=1.653546 time=1.298714291 threads=4 validation=1
      schedule: static chunk=0
      workers: 0:cpu4:tiles8;1:cpu5:tiles8;2:cpu6:tiles8;3:cpu7:tiles8
    run 2: OK GFLOPS=1.665648 time=1.289278377 threads=4 validation=0
      schedule: static chunk=0
      workers: 0:cpu4:tiles8;1:cpu5:tiles8;2:cpu6:tiles8;3:cpu7:tiles8
    run 3: OK GFLOPS=1.665379 time=1.289486211 threads=4 validation=0
      schedule: static chunk=0
      workers: 0:cpu4:tiles8;1:cpu5:tiles8;2:cpu6:tiles8;3:cpu7:tiles8
    run 4: OK GFLOPS=1.659430 time=1.294108834 threads=4 validation=0
      schedule: static chunk=0
      workers: 0:cpu4:tiles8;1:cpu5:tiles8;2:cpu6:tiles8;3:cpu7:tiles8
    run 5: OK GFLOPS=1.673354 time=1.283340793 threads=4 validation=0
      schedule: static chunk=0
      workers: 0:cpu4:tiles8;1:cpu5:tiles8;2:cpu6:tiles8;3:cpu7:tiles8
    run 6: OK GFLOPS=1.667909 time=1.287530459 threads=4 validation=0
      schedule: static chunk=0
      workers: 0:cpu4:tiles8;1:cpu5:tiles8;2:cpu6:tiles8;3:cpu7:tiles8
============================================================
KERNEL: dgemm_kernel_8x4_zvl256b_lmul8_unroll4
  MODE: K1 RVV-cluster OpenMP baseline
  BASELINE: GEMM_RVV_FP64_INT8_8x4_Baseline
  FAMILY: RVV_DGEMM_FP64_8x4
  PATH: FP64 RVV vector GEMM
  TILE: 8x4 ZVL=256b LMUL=8 UNROLL=4
  WORK: M=1024 N=1024 K=1024 tile_N=32 runs=6
  CORES: cores 4-7 execute RVV kernels
  INPUT_CONTRACT: CANONICAL_FULL_MATRIX
PRIMARY_SOURCE=/home/bananapi/MAT/kernels riscv rvv 1.0/FINAL/riscv-rvv-ime-gemm-microkernels-updated/GEMM_RVV_FP64_INT8_8x4_Baseline/RVV_DGEMM_FP64_8x4/dgemm_kernel_8x4_zvl256b_lmul8_unroll4/dgemm_kernel_8x4_zvl256b_lmul8_unroll4.c
    run 1: OK GFLOPS=1.658133 time=1.295121126 threads=4 validation=1
      schedule: static chunk=0
      workers: 0:cpu4:tiles8;1:cpu5:tiles8;2:cpu6:tiles8;3:cpu7:tiles8
    run 2: OK GFLOPS=1.685753 time=1.273901962 threads=4 validation=0
      schedule: static chunk=0
      workers: 0:cpu4:tiles8;1:cpu5:tiles8;2:cpu6:tiles8;3:cpu7:tiles8
    run 3: OK GFLOPS=1.683754 time=1.275413919 threads=4 validation=0
      schedule: static chunk=0
      workers: 0:cpu4:tiles8;1:cpu5:tiles8;2:cpu6:tiles8;3:cpu7:tiles8
    run 4: OK GFLOPS=1.687946 time=1.272246961 threads=4 validation=0
      schedule: static chunk=0
      workers: 0:cpu4:tiles8;1:cpu5:tiles8;2:cpu6:tiles8;3:cpu7:tiles8
    run 5: OK GFLOPS=1.660065 time=1.293614544 threads=4 validation=0
      schedule: static chunk=0
      workers: 0:cpu4:tiles8;1:cpu5:tiles8;2:cpu6:tiles8;3:cpu7:tiles8
    run 6: OK GFLOPS=1.661350 time=1.292613957 threads=4 validation=0
      schedule: static chunk=0
      workers: 0:cpu4:tiles8;1:cpu5:tiles8;2:cpu6:tiles8;3:cpu7:tiles8
============================================================
KERNEL: dgemm_kernel_8x4_zvl256b_lmul8_unroll8
  MODE: K1 RVV-cluster OpenMP baseline
  BASELINE: GEMM_RVV_FP64_INT8_8x4_Baseline
  FAMILY: RVV_DGEMM_FP64_8x4
  PATH: FP64 RVV vector GEMM
  TILE: 8x4 ZVL=256b LMUL=8 UNROLL=8
  WORK: M=1024 N=1024 K=1024 tile_N=32 runs=6
  CORES: cores 4-7 execute RVV kernels
  INPUT_CONTRACT: CANONICAL_FULL_MATRIX
PRIMARY_SOURCE=/home/bananapi/MAT/kernels riscv rvv 1.0/FINAL/riscv-rvv-ime-gemm-microkernels-updated/GEMM_RVV_FP64_INT8_8x4_Baseline/RVV_DGEMM_FP64_8x4/dgemm_kernel_8x4_zvl256b_lmul8_unroll8/dgemm_kernel_8x4_zvl256b_lmul8_unroll8.c
    run 1: OK GFLOPS=1.767514 time=1.214974042 threads=4 validation=1
      schedule: static chunk=0
      workers: 0:cpu4:tiles8;1:cpu5:tiles8;2:cpu6:tiles8;3:cpu7:tiles8
    run 2: OK GFLOPS=1.786870 time=1.201813001 threads=4 validation=0
      schedule: static chunk=0
      workers: 0:cpu4:tiles8;1:cpu5:tiles8;2:cpu6:tiles8;3:cpu7:tiles8
    run 3: OK GFLOPS=1.781110 time=1.205699876 threads=4 validation=0
      schedule: static chunk=0
      workers: 0:cpu4:tiles8;1:cpu5:tiles8;2:cpu6:tiles8;3:cpu7:tiles8
    run 4: OK GFLOPS=1.779088 time=1.207069878 threads=4 validation=0
      schedule: static chunk=0
      workers: 0:cpu4:tiles8;1:cpu5:tiles8;2:cpu6:tiles8;3:cpu7:tiles8
    run 5: OK GFLOPS=1.788525 time=1.200700793 threads=4 validation=0
      schedule: static chunk=0
      workers: 0:cpu4:tiles8;1:cpu5:tiles8;2:cpu6:tiles8;3:cpu7:tiles8
    run 6: OK GFLOPS=1.779249 time=1.206961043 threads=4 validation=0
      schedule: static chunk=0
      workers: 0:cpu4:tiles8;1:cpu5:tiles8;2:cpu6:tiles8;3:cpu7:tiles8
SKIP_UNSUPPORTED_KERNEL=igemm_kernel_8x4_zvl256b_lmul1_unroll1_i8i32; reason=duplicate INT8 source; canonical tree is GEMM_RVV_FP32_INT8_*
SKIP_UNSUPPORTED_KERNEL=igemm_kernel_8x4_zvl256b_lmul1_unroll2_i8i32; reason=duplicate INT8 source; canonical tree is GEMM_RVV_FP32_INT8_*
SKIP_UNSUPPORTED_KERNEL=igemm_kernel_8x4_zvl256b_lmul1_unroll4_i8i32; reason=duplicate INT8 source; canonical tree is GEMM_RVV_FP32_INT8_*
SKIP_UNSUPPORTED_KERNEL=igemm_kernel_8x4_zvl256b_lmul1_unroll8_i8i32; reason=duplicate INT8 source; canonical tree is GEMM_RVV_FP32_INT8_*
SKIP_UNSUPPORTED_KERNEL=igemm_kernel_8x4_zvl256b_lmul2_unroll1_i8i32; reason=duplicate INT8 source; canonical tree is GEMM_RVV_FP32_INT8_*
SKIP_UNSUPPORTED_KERNEL=igemm_kernel_8x4_zvl256b_lmul2_unroll2_i8i32; reason=duplicate INT8 source; canonical tree is GEMM_RVV_FP32_INT8_*
SKIP_UNSUPPORTED_KERNEL=igemm_kernel_8x4_zvl256b_lmul2_unroll4_i8i32; reason=duplicate INT8 source; canonical tree is GEMM_RVV_FP32_INT8_*
SKIP_UNSUPPORTED_KERNEL=igemm_kernel_8x4_zvl256b_lmul2_unroll8_i8i32; reason=duplicate INT8 source; canonical tree is GEMM_RVV_FP32_INT8_*
SKIP_UNSUPPORTED_KERNEL=igemm_kernel_8x4_zvl256b_lmulmf2_unroll1_i8i32; reason=duplicate INT8 source; canonical tree is GEMM_RVV_FP32_INT8_*
SKIP_UNSUPPORTED_KERNEL=igemm_kernel_8x4_zvl256b_lmulmf2_unroll2_i8i32; reason=duplicate INT8 source; canonical tree is GEMM_RVV_FP32_INT8_*
SKIP_UNSUPPORTED_KERNEL=igemm_kernel_8x4_zvl256b_lmulmf2_unroll4_i8i32; reason=duplicate INT8 source; canonical tree is GEMM_RVV_FP32_INT8_*
SKIP_UNSUPPORTED_KERNEL=igemm_kernel_8x4_zvl256b_lmulmf2_unroll8_i8i32; reason=duplicate INT8 source; canonical tree is GEMM_RVV_FP32_INT8_*
SKIP_UNSUPPORTED_KERNEL=igemm_kernel_8x4_zvl256b_lmulmf4_unroll1_i8i32; reason=duplicate INT8 source; canonical tree is GEMM_RVV_FP32_INT8_*
SKIP_UNSUPPORTED_KERNEL=igemm_kernel_8x4_zvl256b_lmulmf4_unroll2_i8i32; reason=duplicate INT8 source; canonical tree is GEMM_RVV_FP32_INT8_*
SKIP_UNSUPPORTED_KERNEL=igemm_kernel_8x4_zvl256b_lmulmf4_unroll4_i8i32; reason=duplicate INT8 source; canonical tree is GEMM_RVV_FP32_INT8_*
SKIP_UNSUPPORTED_KERNEL=igemm_kernel_8x4_zvl256b_lmulmf4_unroll8_i8i32; reason=duplicate INT8 source; canonical tree is GEMM_RVV_FP32_INT8_*
SKIP_UNSUPPORTED_KERNEL=igemm_kernel_8x4_zvl256b_lmulmf8_unroll1_i8i32; reason=duplicate INT8 source; canonical tree is GEMM_RVV_FP32_INT8_*
SKIP_UNSUPPORTED_KERNEL=igemm_kernel_8x4_zvl256b_lmulmf8_unroll2_i8i32; reason=duplicate INT8 source; canonical tree is GEMM_RVV_FP32_INT8_*
SKIP_UNSUPPORTED_KERNEL=igemm_kernel_8x4_zvl256b_lmulmf8_unroll4_i8i32; reason=duplicate INT8 source; canonical tree is GEMM_RVV_FP32_INT8_*
SKIP_UNSUPPORTED_KERNEL=igemm_kernel_8x4_zvl256b_lmulmf8_unroll8_i8i32; reason=duplicate INT8 source; canonical tree is GEMM_RVV_FP32_INT8_*
============================================================
KERNEL: dgemm_kernel_8x8_zvl256b_lmul1_unroll1
  MODE: K1 RVV-cluster OpenMP baseline
  BASELINE: GEMM_RVV_FP64_INT8_8x8_Baseline
  FAMILY: RVV_DGEMM_FP64_8x8
  PATH: FP64 RVV vector GEMM
  TILE: 8x8 ZVL=256b LMUL=1 UNROLL=1
  WORK: M=1024 N=1024 K=1024 tile_N=32 runs=6
  CORES: cores 4-7 execute RVV kernels
  INPUT_CONTRACT: CANONICAL_FULL_MATRIX
PRIMARY_SOURCE=/home/bananapi/MAT/kernels riscv rvv 1.0/FINAL/riscv-rvv-ime-gemm-microkernels-updated/GEMM_RVV_FP64_INT8_8x8_Baseline/RVV_DGEMM_FP64_8x8/dgemm_kernel_8x8_zvl256b_lmul1_unroll1/dgemm_kernel_8x8_zvl256b_lmul1_unroll1.c
    run 1: OK GFLOPS=3.320667 time=0.646702457 threads=4 validation=1
      schedule: static chunk=0
      workers: 0:cpu4:tiles8;1:cpu5:tiles8;2:cpu6:tiles8;3:cpu7:tiles8
    run 2: OK GFLOPS=3.324758 time=0.645906664 threads=4 validation=0
      schedule: static chunk=0
      workers: 0:cpu4:tiles8;1:cpu5:tiles8;2:cpu6:tiles8;3:cpu7:tiles8
    run 3: OK GFLOPS=3.532365 time=0.607945003 threads=4 validation=0
      schedule: static chunk=0
      workers: 0:cpu4:tiles8;1:cpu5:tiles8;2:cpu6:tiles8;3:cpu7:tiles8
    run 4: OK GFLOPS=3.432995 time=0.625542291 threads=4 validation=0
      schedule: static chunk=0
      workers: 0:cpu4:tiles8;1:cpu5:tiles8;2:cpu6:tiles8;3:cpu7:tiles8
    run 5: OK GFLOPS=3.537640 time=0.607038457 threads=4 validation=0
      schedule: static chunk=0
      workers: 0:cpu4:tiles8;1:cpu5:tiles8;2:cpu6:tiles8;3:cpu7:tiles8
    run 6: OK GFLOPS=3.583069 time=0.599341914 threads=4 validation=0
      schedule: static chunk=0
      workers: 0:cpu4:tiles8;1:cpu5:tiles8;2:cpu6:tiles8;3:cpu7:tiles8
============================================================
KERNEL: dgemm_kernel_8x8_zvl256b_lmul1_unroll2
  MODE: K1 RVV-cluster OpenMP baseline
  BASELINE: GEMM_RVV_FP64_INT8_8x8_Baseline
  FAMILY: RVV_DGEMM_FP64_8x8
  PATH: FP64 RVV vector GEMM
  TILE: 8x8 ZVL=256b LMUL=1 UNROLL=2
  WORK: M=1024 N=1024 K=1024 tile_N=32 runs=6
  CORES: cores 4-7 execute RVV kernels
  INPUT_CONTRACT: CANONICAL_FULL_MATRIX
PRIMARY_SOURCE=/home/bananapi/MAT/kernels riscv rvv 1.0/FINAL/riscv-rvv-ime-gemm-microkernels-updated/GEMM_RVV_FP64_INT8_8x8_Baseline/RVV_DGEMM_FP64_8x8/dgemm_kernel_8x8_zvl256b_lmul1_unroll2/dgemm_kernel_8x8_zvl256b_lmul1_unroll2.c
    run 1: OK GFLOPS=3.315932 time=0.647625957 threads=4 validation=1
      schedule: static chunk=0
      workers: 0:cpu4:tiles8;1:cpu5:tiles8;2:cpu6:tiles8;3:cpu7:tiles8
    run 2: OK GFLOPS=3.422076 time=0.627538249 threads=4 validation=0
      schedule: static chunk=0
      workers: 0:cpu4:tiles8;1:cpu5:tiles8;2:cpu6:tiles8;3:cpu7:tiles8
    run 3: OK GFLOPS=3.612741 time=0.594419420 threads=4 validation=0
      schedule: static chunk=0
      workers: 0:cpu4:tiles8;1:cpu5:tiles8;2:cpu6:tiles8;3:cpu7:tiles8
    run 4: OK GFLOPS=3.343361 time=0.642312791 threads=4 validation=0
      schedule: static chunk=0
      workers: 0:cpu4:tiles8;1:cpu5:tiles8;2:cpu6:tiles8;3:cpu7:tiles8
    run 5: OK GFLOPS=3.288275 time=0.653072998 threads=4 validation=0
      schedule: static chunk=0
      workers: 0:cpu4:tiles8;1:cpu5:tiles8;2:cpu6:tiles8;3:cpu7:tiles8
    run 6: OK GFLOPS=3.375270 time=0.636240501 threads=4 validation=0
      schedule: static chunk=0
      workers: 0:cpu4:tiles8;1:cpu5:tiles8;2:cpu6:tiles8;3:cpu7:tiles8
============================================================
KERNEL: dgemm_kernel_8x8_zvl256b_lmul1_unroll4
  MODE: K1 RVV-cluster OpenMP baseline
  BASELINE: GEMM_RVV_FP64_INT8_8x8_Baseline
  FAMILY: RVV_DGEMM_FP64_8x8
  PATH: FP64 RVV vector GEMM
  TILE: 8x8 ZVL=256b LMUL=1 UNROLL=4
  WORK: M=1024 N=1024 K=1024 tile_N=32 runs=6
  CORES: cores 4-7 execute RVV kernels
  INPUT_CONTRACT: CANONICAL_FULL_MATRIX
PRIMARY_SOURCE=/home/bananapi/MAT/kernels riscv rvv 1.0/FINAL/riscv-rvv-ime-gemm-microkernels-updated/GEMM_RVV_FP64_INT8_8x8_Baseline/RVV_DGEMM_FP64_8x8/dgemm_kernel_8x8_zvl256b_lmul1_unroll4/dgemm_kernel_8x8_zvl256b_lmul1_unroll4.c
    run 1: OK GFLOPS=3.259606 time=0.658816960 threads=4 validation=1
      schedule: static chunk=0
      workers: 0:cpu4:tiles8;1:cpu5:tiles8;2:cpu6:tiles8;3:cpu7:tiles8
    run 2: OK GFLOPS=3.576091 time=0.600511543 threads=4 validation=0
      schedule: static chunk=0
      workers: 0:cpu4:tiles8;1:cpu5:tiles8;2:cpu6:tiles8;3:cpu7:tiles8
    run 3: OK GFLOPS=3.671197 time=0.584954582 threads=4 validation=0
      schedule: static chunk=0
      workers: 0:cpu4:tiles8;1:cpu5:tiles8;2:cpu6:tiles8;3:cpu7:tiles8
    run 4: OK GFLOPS=3.659775 time=0.586780250 threads=4 validation=0
      schedule: static chunk=0
      workers: 0:cpu4:tiles8;1:cpu5:tiles8;2:cpu6:tiles8;3:cpu7:tiles8
    run 5: OK GFLOPS=3.452753 time=0.621962667 threads=4 validation=0
      schedule: static chunk=0
      workers: 0:cpu4:tiles8;1:cpu5:tiles8;2:cpu6:tiles8;3:cpu7:tiles8
    run 6: OK GFLOPS=3.344375 time=0.642117999 threads=4 validation=0
      schedule: static chunk=0
      workers: 0:cpu4:tiles8;1:cpu5:tiles8;2:cpu6:tiles8;3:cpu7:tiles8
============================================================
KERNEL: dgemm_kernel_8x8_zvl256b_lmul1_unroll8
  MODE: K1 RVV-cluster OpenMP baseline
  BASELINE: GEMM_RVV_FP64_INT8_8x8_Baseline
  FAMILY: RVV_DGEMM_FP64_8x8
  PATH: FP64 RVV vector GEMM
  TILE: 8x8 ZVL=256b LMUL=1 UNROLL=8
  WORK: M=1024 N=1024 K=1024 tile_N=32 runs=6
  CORES: cores 4-7 execute RVV kernels
  INPUT_CONTRACT: CANONICAL_FULL_MATRIX
PRIMARY_SOURCE=/home/bananapi/MAT/kernels riscv rvv 1.0/FINAL/riscv-rvv-ime-gemm-microkernels-updated/GEMM_RVV_FP64_INT8_8x8_Baseline/RVV_DGEMM_FP64_8x8/dgemm_kernel_8x8_zvl256b_lmul1_unroll8/dgemm_kernel_8x8_zvl256b_lmul1_unroll8.c
    run 1: OK GFLOPS=3.341402 time=0.642689336 threads=4 validation=1
      schedule: static chunk=0
      workers: 0:cpu4:tiles8;1:cpu5:tiles8;2:cpu6:tiles8;3:cpu7:tiles8
    run 2: OK GFLOPS=3.513206 time=0.611260459 threads=4 validation=0
      schedule: static chunk=0
      workers: 0:cpu4:tiles8;1:cpu5:tiles8;2:cpu6:tiles8;3:cpu7:tiles8
    run 3: OK GFLOPS=3.677066 time=0.584021043 threads=4 validation=0
      schedule: static chunk=0
      workers: 0:cpu4:tiles8;1:cpu5:tiles8;2:cpu6:tiles8;3:cpu7:tiles8
    run 4: OK GFLOPS=3.640135 time=0.589946125 threads=4 validation=0
      schedule: static chunk=0
      workers: 0:cpu4:tiles8;1:cpu5:tiles8;2:cpu6:tiles8;3:cpu7:tiles8
    run 5: OK GFLOPS=3.541660 time=0.606349416 threads=4 validation=0
      schedule: static chunk=0
      workers: 0:cpu4:tiles8;1:cpu5:tiles8;2:cpu6:tiles8;3:cpu7:tiles8
    run 6: OK GFLOPS=3.584667 time=0.599074874 threads=4 validation=0
      schedule: static chunk=0
      workers: 0:cpu4:tiles8;1:cpu5:tiles8;2:cpu6:tiles8;3:cpu7:tiles8
============================================================
KERNEL: dgemm_kernel_8x8_zvl256b_lmul2_unroll1
  MODE: K1 RVV-cluster OpenMP baseline
  BASELINE: GEMM_RVV_FP64_INT8_8x8_Baseline
  FAMILY: RVV_DGEMM_FP64_8x8
  PATH: FP64 RVV vector GEMM
  TILE: 8x8 ZVL=256b LMUL=2 UNROLL=1
  WORK: M=1024 N=1024 K=1024 tile_N=32 runs=6
  CORES: cores 4-7 execute RVV kernels
  INPUT_CONTRACT: CANONICAL_FULL_MATRIX
PRIMARY_SOURCE=/home/bananapi/MAT/kernels riscv rvv 1.0/FINAL/riscv-rvv-ime-gemm-microkernels-updated/GEMM_RVV_FP64_INT8_8x8_Baseline/RVV_DGEMM_FP64_8x8/dgemm_kernel_8x8_zvl256b_lmul2_unroll1/dgemm_kernel_8x8_zvl256b_lmul2_unroll1.c
    run 1: OK GFLOPS=3.473406 time=0.618264459 threads=4 validation=1
      schedule: static chunk=0
      workers: 0:cpu4:tiles8;1:cpu5:tiles8;2:cpu6:tiles8;3:cpu7:tiles8
    run 2: OK GFLOPS=3.583775 time=0.599223875 threads=4 validation=0
      schedule: static chunk=0
      workers: 0:cpu4:tiles8;1:cpu5:tiles8;2:cpu6:tiles8;3:cpu7:tiles8
    run 3: OK GFLOPS=3.552335 time=0.604527377 threads=4 validation=0
      schedule: static chunk=0
      workers: 0:cpu4:tiles8;1:cpu5:tiles8;2:cpu6:tiles8;3:cpu7:tiles8
    run 4: OK GFLOPS=3.617721 time=0.593601290 threads=4 validation=0
      schedule: static chunk=0
      workers: 0:cpu4:tiles8;1:cpu5:tiles8;2:cpu6:tiles8;3:cpu7:tiles8
    run 5: OK GFLOPS=3.510627 time=0.611709416 threads=4 validation=0
      schedule: static chunk=0
      workers: 0:cpu4:tiles8;1:cpu5:tiles8;2:cpu6:tiles8;3:cpu7:tiles8
    run 6: OK GFLOPS=3.548177 time=0.605235711 threads=4 validation=0
      schedule: static chunk=0
      workers: 0:cpu4:tiles8;1:cpu5:tiles8;2:cpu6:tiles8;3:cpu7:tiles8
============================================================
KERNEL: dgemm_kernel_8x8_zvl256b_lmul2_unroll2
  MODE: K1 RVV-cluster OpenMP baseline
  BASELINE: GEMM_RVV_FP64_INT8_8x8_Baseline
  FAMILY: RVV_DGEMM_FP64_8x8
  PATH: FP64 RVV vector GEMM
  TILE: 8x8 ZVL=256b LMUL=2 UNROLL=2
  WORK: M=1024 N=1024 K=1024 tile_N=32 runs=6
  CORES: cores 4-7 execute RVV kernels
  INPUT_CONTRACT: CANONICAL_FULL_MATRIX
PRIMARY_SOURCE=/home/bananapi/MAT/kernels riscv rvv 1.0/FINAL/riscv-rvv-ime-gemm-microkernels-updated/GEMM_RVV_FP64_INT8_8x8_Baseline/RVV_DGEMM_FP64_8x8/dgemm_kernel_8x8_zvl256b_lmul2_unroll2/dgemm_kernel_8x8_zvl256b_lmul2_unroll2.c
    run 1: OK GFLOPS=3.333885 time=0.644138500 threads=4 validation=1
      schedule: static chunk=0
      workers: 0:cpu4:tiles8;1:cpu5:tiles8;2:cpu6:tiles8;3:cpu7:tiles8
    run 2: OK GFLOPS=3.444457 time=0.623460792 threads=4 validation=0
      schedule: static chunk=0
      workers: 0:cpu4:tiles8;1:cpu5:tiles8;2:cpu6:tiles8;3:cpu7:tiles8
    run 3: OK GFLOPS=3.326154 time=0.645635754 threads=4 validation=0
      schedule: static chunk=0
      workers: 0:cpu4:tiles8;1:cpu5:tiles8;2:cpu6:tiles8;3:cpu7:tiles8
    run 4: OK GFLOPS=3.342465 time=0.642484918 threads=4 validation=0
      schedule: static chunk=0
      workers: 0:cpu4:tiles8;1:cpu5:tiles8;2:cpu6:tiles8;3:cpu7:tiles8
    run 5: OK GFLOPS=3.390098 time=0.633457709 threads=4 validation=0
      schedule: static chunk=0
      workers: 0:cpu4:tiles8;1:cpu5:tiles8;2:cpu6:tiles8;3:cpu7:tiles8
    run 6: OK GFLOPS=3.340980 time=0.642770540 threads=4 validation=0
      schedule: static chunk=0
      workers: 0:cpu4:tiles8;1:cpu5:tiles8;2:cpu6:tiles8;3:cpu7:tiles8
============================================================
KERNEL: dgemm_kernel_8x8_zvl256b_lmul2_unroll4
  MODE: K1 RVV-cluster OpenMP baseline
  BASELINE: GEMM_RVV_FP64_INT8_8x8_Baseline
  FAMILY: RVV_DGEMM_FP64_8x8
  PATH: FP64 RVV vector GEMM
  TILE: 8x8 ZVL=256b LMUL=2 UNROLL=4
  WORK: M=1024 N=1024 K=1024 tile_N=32 runs=6
  CORES: cores 4-7 execute RVV kernels
  INPUT_CONTRACT: CANONICAL_FULL_MATRIX
PRIMARY_SOURCE=/home/bananapi/MAT/kernels riscv rvv 1.0/FINAL/riscv-rvv-ime-gemm-microkernels-updated/GEMM_RVV_FP64_INT8_8x8_Baseline/RVV_DGEMM_FP64_8x8/dgemm_kernel_8x8_zvl256b_lmul2_unroll4/dgemm_kernel_8x8_zvl256b_lmul2_unroll4.c
    run 1: OK GFLOPS=3.391301 time=0.633232918 threads=4 validation=1
      schedule: static chunk=0
      workers: 0:cpu4:tiles8;1:cpu5:tiles8;2:cpu6:tiles8;3:cpu7:tiles8
    run 2: OK GFLOPS=3.567618 time=0.601937585 threads=4 validation=0
      schedule: static chunk=0
      workers: 0:cpu4:tiles8;1:cpu5:tiles8;2:cpu6:tiles8;3:cpu7:tiles8
    run 3: OK GFLOPS=3.585111 time=0.599000540 threads=4 validation=0
      schedule: static chunk=0
      workers: 0:cpu4:tiles8;1:cpu5:tiles8;2:cpu6:tiles8;3:cpu7:tiles8
    run 4: OK GFLOPS=3.603931 time=0.595872499 threads=4 validation=0
      schedule: static chunk=0
      workers: 0:cpu4:tiles8;1:cpu5:tiles8;2:cpu6:tiles8;3:cpu7:tiles8
    run 5: OK GFLOPS=3.527725 time=0.608744584 threads=4 validation=0
      schedule: static chunk=0
      workers: 0:cpu4:tiles8;1:cpu5:tiles8;2:cpu6:tiles8;3:cpu7:tiles8
    run 6: OK GFLOPS=3.619269 time=0.593347333 threads=4 validation=0
      schedule: static chunk=0
      workers: 0:cpu4:tiles8;1:cpu5:tiles8;2:cpu6:tiles8;3:cpu7:tiles8
============================================================
KERNEL: dgemm_kernel_8x8_zvl256b_lmul2_unroll8
  MODE: K1 RVV-cluster OpenMP baseline
  BASELINE: GEMM_RVV_FP64_INT8_8x8_Baseline
  FAMILY: RVV_DGEMM_FP64_8x8
  PATH: FP64 RVV vector GEMM
  TILE: 8x8 ZVL=256b LMUL=2 UNROLL=8
  WORK: M=1024 N=1024 K=1024 tile_N=32 runs=6
  CORES: cores 4-7 execute RVV kernels
  INPUT_CONTRACT: CANONICAL_FULL_MATRIX
PRIMARY_SOURCE=/home/bananapi/MAT/kernels riscv rvv 1.0/FINAL/riscv-rvv-ime-gemm-microkernels-updated/GEMM_RVV_FP64_INT8_8x8_Baseline/RVV_DGEMM_FP64_8x8/dgemm_kernel_8x8_zvl256b_lmul2_unroll8/dgemm_kernel_8x8_zvl256b_lmul2_unroll8.c
    run 1: OK GFLOPS=3.496286 time=0.614218500 threads=4 validation=1
      schedule: static chunk=0
      workers: 0:cpu4:tiles8;1:cpu5:tiles8;2:cpu6:tiles8;3:cpu7:tiles8
    run 2: OK GFLOPS=3.633458 time=0.591030292 threads=4 validation=0
      schedule: static chunk=0
      workers: 0:cpu4:tiles8;1:cpu5:tiles8;2:cpu6:tiles8;3:cpu7:tiles8
    run 3: OK GFLOPS=3.637687 time=0.590343207 threads=4 validation=0
      schedule: static chunk=0
      workers: 0:cpu4:tiles8;1:cpu5:tiles8;2:cpu6:tiles8;3:cpu7:tiles8
    run 4: OK GFLOPS=3.631191 time=0.591399334 threads=4 validation=0
      schedule: static chunk=0
      workers: 0:cpu4:tiles8;1:cpu5:tiles8;2:cpu6:tiles8;3:cpu7:tiles8
    run 5: OK GFLOPS=3.596824 time=0.597049918 threads=4 validation=0
      schedule: static chunk=0
      workers: 0:cpu4:tiles8;1:cpu5:tiles8;2:cpu6:tiles8;3:cpu7:tiles8
    run 6: OK GFLOPS=3.594360 time=0.597459249 threads=4 validation=0
      schedule: static chunk=0
      workers: 0:cpu4:tiles8;1:cpu5:tiles8;2:cpu6:tiles8;3:cpu7:tiles8
============================================================
KERNEL: dgemm_kernel_8x8_zvl256b_lmul4_unroll1
  MODE: K1 RVV-cluster OpenMP baseline
  BASELINE: GEMM_RVV_FP64_INT8_8x8_Baseline
  FAMILY: RVV_DGEMM_FP64_8x8
  PATH: FP64 RVV vector GEMM
  TILE: 8x8 ZVL=256b LMUL=4 UNROLL=1
  WORK: M=1024 N=1024 K=1024 tile_N=32 runs=6
  CORES: cores 4-7 execute RVV kernels
  INPUT_CONTRACT: CANONICAL_FULL_MATRIX
PRIMARY_SOURCE=/home/bananapi/MAT/kernels riscv rvv 1.0/FINAL/riscv-rvv-ime-gemm-microkernels-updated/GEMM_RVV_FP64_INT8_8x8_Baseline/RVV_DGEMM_FP64_8x8/dgemm_kernel_8x8_zvl256b_lmul4_unroll1/dgemm_kernel_8x8_zvl256b_lmul4_unroll1.c
    run 1: OK GFLOPS=3.044011 time=0.705478165 threads=4 validation=1
      schedule: static chunk=0
      workers: 0:cpu4:tiles8;1:cpu5:tiles8;2:cpu6:tiles8;3:cpu7:tiles8
    run 2: OK GFLOPS=3.310471 time=0.648694333 threads=4 validation=0
      schedule: static chunk=0
      workers: 0:cpu4:tiles8;1:cpu5:tiles8;2:cpu6:tiles8;3:cpu7:tiles8
    run 3: OK GFLOPS=3.319188 time=0.646990586 threads=4 validation=0
      schedule: static chunk=0
      workers: 0:cpu4:tiles8;1:cpu5:tiles8;2:cpu6:tiles8;3:cpu7:tiles8
    run 4: OK GFLOPS=3.374417 time=0.636401337 threads=4 validation=0
      schedule: static chunk=0
      workers: 0:cpu4:tiles8;1:cpu5:tiles8;2:cpu6:tiles8;3:cpu7:tiles8
    run 5: OK GFLOPS=3.301217 time=0.650512751 threads=4 validation=0
      schedule: static chunk=0
      workers: 0:cpu4:tiles8;1:cpu5:tiles8;2:cpu6:tiles8;3:cpu7:tiles8
    run 6: OK GFLOPS=3.136158 time=0.684749875 threads=4 validation=0
      schedule: static chunk=0
      workers: 0:cpu4:tiles8;1:cpu5:tiles8;2:cpu6:tiles8;3:cpu7:tiles8
============================================================
KERNEL: dgemm_kernel_8x8_zvl256b_lmul4_unroll2
  MODE: K1 RVV-cluster OpenMP baseline
  BASELINE: GEMM_RVV_FP64_INT8_8x8_Baseline
  FAMILY: RVV_DGEMM_FP64_8x8
  PATH: FP64 RVV vector GEMM
  TILE: 8x8 ZVL=256b LMUL=4 UNROLL=2
  WORK: M=1024 N=1024 K=1024 tile_N=32 runs=6
  CORES: cores 4-7 execute RVV kernels
  INPUT_CONTRACT: CANONICAL_FULL_MATRIX
PRIMARY_SOURCE=/home/bananapi/MAT/kernels riscv rvv 1.0/FINAL/riscv-rvv-ime-gemm-microkernels-updated/GEMM_RVV_FP64_INT8_8x8_Baseline/RVV_DGEMM_FP64_8x8/dgemm_kernel_8x8_zvl256b_lmul4_unroll2/dgemm_kernel_8x8_zvl256b_lmul4_unroll2.c
    run 1: OK GFLOPS=3.046495 time=0.704902999 threads=4 validation=1
      schedule: static chunk=0
      workers: 0:cpu4:tiles8;1:cpu5:tiles8;2:cpu6:tiles8;3:cpu7:tiles8
    run 2: OK GFLOPS=3.009922 time=0.713468164 threads=4 validation=0
      schedule: static chunk=0
      workers: 0:cpu4:tiles8;1:cpu5:tiles8;2:cpu6:tiles8;3:cpu7:tiles8
    run 3: OK GFLOPS=2.928476 time=0.733311042 threads=4 validation=0
      schedule: static chunk=0
      workers: 0:cpu4:tiles8;1:cpu5:tiles8;2:cpu6:tiles8;3:cpu7:tiles8
    run 4: OK GFLOPS=2.986584 time=0.719043419 threads=4 validation=0
      schedule: static chunk=0
      workers: 0:cpu4:tiles8;1:cpu5:tiles8;2:cpu6:tiles8;3:cpu7:tiles8
    run 5: OK GFLOPS=3.192988 time=0.672562417 threads=4 validation=0
      schedule: static chunk=0
      workers: 0:cpu4:tiles8;1:cpu5:tiles8;2:cpu6:tiles8;3:cpu7:tiles8
    run 6: OK GFLOPS=3.142582 time=0.683350168 threads=4 validation=0
      schedule: static chunk=0
      workers: 0:cpu4:tiles8;1:cpu5:tiles8;2:cpu6:tiles8;3:cpu7:tiles8
============================================================
KERNEL: dgemm_kernel_8x8_zvl256b_lmul4_unroll4
  MODE: K1 RVV-cluster OpenMP baseline
  BASELINE: GEMM_RVV_FP64_INT8_8x8_Baseline
  FAMILY: RVV_DGEMM_FP64_8x8
  PATH: FP64 RVV vector GEMM
  TILE: 8x8 ZVL=256b LMUL=4 UNROLL=4
  WORK: M=1024 N=1024 K=1024 tile_N=32 runs=6
  CORES: cores 4-7 execute RVV kernels
  INPUT_CONTRACT: CANONICAL_FULL_MATRIX
PRIMARY_SOURCE=/home/bananapi/MAT/kernels riscv rvv 1.0/FINAL/riscv-rvv-ime-gemm-microkernels-updated/GEMM_RVV_FP64_INT8_8x8_Baseline/RVV_DGEMM_FP64_8x8/dgemm_kernel_8x8_zvl256b_lmul4_unroll4/dgemm_kernel_8x8_zvl256b_lmul4_unroll4.c
    run 1: OK GFLOPS=2.923576 time=0.734540001 threads=4 validation=1
      schedule: static chunk=0
      workers: 0:cpu4:tiles8;1:cpu5:tiles8;2:cpu6:tiles8;3:cpu7:tiles8
    run 2: OK GFLOPS=3.263948 time=0.657940499 threads=4 validation=0
      schedule: static chunk=0
      workers: 0:cpu4:tiles8;1:cpu5:tiles8;2:cpu6:tiles8;3:cpu7:tiles8
    run 3: OK GFLOPS=3.007479 time=0.714047667 threads=4 validation=0
      schedule: static chunk=0
      workers: 0:cpu4:tiles8;1:cpu5:tiles8;2:cpu6:tiles8;3:cpu7:tiles8
    run 4: OK GFLOPS=3.072026 time=0.699044708 threads=4 validation=0
      schedule: static chunk=0
      workers: 0:cpu4:tiles8;1:cpu5:tiles8;2:cpu6:tiles8;3:cpu7:tiles8
    run 5: OK GFLOPS=3.089488 time=0.695093751 threads=4 validation=0
      schedule: static chunk=0
      workers: 0:cpu4:tiles8;1:cpu5:tiles8;2:cpu6:tiles8;3:cpu7:tiles8
    run 6: OK GFLOPS=3.075750 time=0.698198333 threads=4 validation=0
      schedule: static chunk=0
      workers: 0:cpu4:tiles8;1:cpu5:tiles8;2:cpu6:tiles8;3:cpu7:tiles8
============================================================
KERNEL: dgemm_kernel_8x8_zvl256b_lmul4_unroll8
  MODE: K1 RVV-cluster OpenMP baseline
  BASELINE: GEMM_RVV_FP64_INT8_8x8_Baseline
  FAMILY: RVV_DGEMM_FP64_8x8
  PATH: FP64 RVV vector GEMM
  TILE: 8x8 ZVL=256b LMUL=4 UNROLL=8
  WORK: M=1024 N=1024 K=1024 tile_N=32 runs=6
  CORES: cores 4-7 execute RVV kernels
  INPUT_CONTRACT: CANONICAL_FULL_MATRIX
PRIMARY_SOURCE=/home/bananapi/MAT/kernels riscv rvv 1.0/FINAL/riscv-rvv-ime-gemm-microkernels-updated/GEMM_RVV_FP64_INT8_8x8_Baseline/RVV_DGEMM_FP64_8x8/dgemm_kernel_8x8_zvl256b_lmul4_unroll8/dgemm_kernel_8x8_zvl256b_lmul4_unroll8.c
    run 1: OK GFLOPS=2.965201 time=0.724228710 threads=4 validation=1
      schedule: static chunk=0
      workers: 0:cpu4:tiles8;1:cpu5:tiles8;2:cpu6:tiles8;3:cpu7:tiles8
    run 2: OK GFLOPS=3.030426 time=0.708640791 threads=4 validation=0
      schedule: static chunk=0
      workers: 0:cpu4:tiles8;1:cpu5:tiles8;2:cpu6:tiles8;3:cpu7:tiles8
    run 3: OK GFLOPS=3.002181 time=0.715307835 threads=4 validation=0
      schedule: static chunk=0
      workers: 0:cpu4:tiles8;1:cpu5:tiles8;2:cpu6:tiles8;3:cpu7:tiles8
    run 4: OK GFLOPS=3.040720 time=0.706241831 threads=4 validation=0
      schedule: static chunk=0
      workers: 0:cpu4:tiles8;1:cpu5:tiles8;2:cpu6:tiles8;3:cpu7:tiles8
    run 5: OK GFLOPS=3.021468 time=0.710741747 threads=4 validation=0
      schedule: static chunk=0
      workers: 0:cpu4:tiles8;1:cpu5:tiles8;2:cpu6:tiles8;3:cpu7:tiles8
    run 6: OK GFLOPS=3.255258 time=0.659696914 threads=4 validation=0
      schedule: static chunk=0
      workers: 0:cpu4:tiles8;1:cpu5:tiles8;2:cpu6:tiles8;3:cpu7:tiles8
============================================================
KERNEL: dgemm_kernel_8x8_zvl256b_lmul8_unroll1
  MODE: K1 RVV-cluster OpenMP baseline
  BASELINE: GEMM_RVV_FP64_INT8_8x8_Baseline
  FAMILY: RVV_DGEMM_FP64_8x8
  PATH: FP64 RVV vector GEMM
  TILE: 8x8 ZVL=256b LMUL=8 UNROLL=1
  WORK: M=1024 N=1024 K=1024 tile_N=32 runs=6
  CORES: cores 4-7 execute RVV kernels
  INPUT_CONTRACT: CANONICAL_FULL_MATRIX
PRIMARY_SOURCE=/home/bananapi/MAT/kernels riscv rvv 1.0/FINAL/riscv-rvv-ime-gemm-microkernels-updated/GEMM_RVV_FP64_INT8_8x8_Baseline/RVV_DGEMM_FP64_8x8/dgemm_kernel_8x8_zvl256b_lmul8_unroll1/dgemm_kernel_8x8_zvl256b_lmul8_unroll1.c
    run 1: OK GFLOPS=1.620840 time=1.324920375 threads=4 validation=1
      schedule: static chunk=0
      workers: 0:cpu4:tiles8;1:cpu5:tiles8;2:cpu6:tiles8;3:cpu7:tiles8
    run 2: OK GFLOPS=1.618172 time=1.327104792 threads=4 validation=0
      schedule: static chunk=0
      workers: 0:cpu4:tiles8;1:cpu5:tiles8;2:cpu6:tiles8;3:cpu7:tiles8
    run 3: OK GFLOPS=1.614647 time=1.330001626 threads=4 validation=0
      schedule: static chunk=0
      workers: 0:cpu4:tiles8;1:cpu5:tiles8;2:cpu6:tiles8;3:cpu7:tiles8
    run 4: OK GFLOPS=1.619969 time=1.325632293 threads=4 validation=0
      schedule: static chunk=0
      workers: 0:cpu4:tiles8;1:cpu5:tiles8;2:cpu6:tiles8;3:cpu7:tiles8
    run 5: OK GFLOPS=1.616917 time=1.328135002 threads=4 validation=0
      schedule: static chunk=0
      workers: 0:cpu4:tiles8;1:cpu5:tiles8;2:cpu6:tiles8;3:cpu7:tiles8
    run 6: OK GFLOPS=1.625590 time=1.321049001 threads=4 validation=0
      schedule: static chunk=0
      workers: 0:cpu4:tiles8;1:cpu5:tiles8;2:cpu6:tiles8;3:cpu7:tiles8
============================================================
KERNEL: dgemm_kernel_8x8_zvl256b_lmul8_unroll2
  MODE: K1 RVV-cluster OpenMP baseline
  BASELINE: GEMM_RVV_FP64_INT8_8x8_Baseline
  FAMILY: RVV_DGEMM_FP64_8x8
  PATH: FP64 RVV vector GEMM
  TILE: 8x8 ZVL=256b LMUL=8 UNROLL=2
  WORK: M=1024 N=1024 K=1024 tile_N=32 runs=6
  CORES: cores 4-7 execute RVV kernels
  INPUT_CONTRACT: CANONICAL_FULL_MATRIX
PRIMARY_SOURCE=/home/bananapi/MAT/kernels riscv rvv 1.0/FINAL/riscv-rvv-ime-gemm-microkernels-updated/GEMM_RVV_FP64_INT8_8x8_Baseline/RVV_DGEMM_FP64_8x8/dgemm_kernel_8x8_zvl256b_lmul8_unroll2/dgemm_kernel_8x8_zvl256b_lmul8_unroll2.c
    run 1: OK GFLOPS=1.574281 time=1.364104420 threads=4 validation=1
      schedule: static chunk=0
      workers: 0:cpu4:tiles8;1:cpu5:tiles8;2:cpu6:tiles8;3:cpu7:tiles8
    run 2: OK GFLOPS=1.587857 time=1.352441292 threads=4 validation=0
      schedule: static chunk=0
      workers: 0:cpu4:tiles8;1:cpu5:tiles8;2:cpu6:tiles8;3:cpu7:tiles8
    run 3: OK GFLOPS=1.579844 time=1.359301377 threads=4 validation=0
      schedule: static chunk=0
      workers: 0:cpu4:tiles8;1:cpu5:tiles8;2:cpu6:tiles8;3:cpu7:tiles8
    run 4: OK GFLOPS=1.581553 time=1.357832085 threads=4 validation=0
      schedule: static chunk=0
      workers: 0:cpu4:tiles8;1:cpu5:tiles8;2:cpu6:tiles8;3:cpu7:tiles8
    run 5: OK GFLOPS=1.587097 time=1.353088833 threads=4 validation=0
      schedule: static chunk=0
      workers: 0:cpu4:tiles8;1:cpu5:tiles8;2:cpu6:tiles8;3:cpu7:tiles8
    run 6: OK GFLOPS=1.581115 time=1.358208250 threads=4 validation=0
      schedule: static chunk=0
      workers: 0:cpu4:tiles8;1:cpu5:tiles8;2:cpu6:tiles8;3:cpu7:tiles8
============================================================
KERNEL: dgemm_kernel_8x8_zvl256b_lmul8_unroll4
  MODE: K1 RVV-cluster OpenMP baseline
  BASELINE: GEMM_RVV_FP64_INT8_8x8_Baseline
  FAMILY: RVV_DGEMM_FP64_8x8
  PATH: FP64 RVV vector GEMM
  TILE: 8x8 ZVL=256b LMUL=8 UNROLL=4
  WORK: M=1024 N=1024 K=1024 tile_N=32 runs=6
  CORES: cores 4-7 execute RVV kernels
  INPUT_CONTRACT: CANONICAL_FULL_MATRIX
PRIMARY_SOURCE=/home/bananapi/MAT/kernels riscv rvv 1.0/FINAL/riscv-rvv-ime-gemm-microkernels-updated/GEMM_RVV_FP64_INT8_8x8_Baseline/RVV_DGEMM_FP64_8x8/dgemm_kernel_8x8_zvl256b_lmul8_unroll4/dgemm_kernel_8x8_zvl256b_lmul8_unroll4.c
    run 1: OK GFLOPS=1.388602 time=1.546507295 threads=4 validation=1
      schedule: static chunk=0
      workers: 0:cpu4:tiles8;1:cpu5:tiles8;2:cpu6:tiles8;3:cpu7:tiles8
    run 2: OK GFLOPS=1.389299 time=1.545731418 threads=4 validation=0
      schedule: static chunk=0
      workers: 0:cpu4:tiles8;1:cpu5:tiles8;2:cpu6:tiles8;3:cpu7:tiles8
    run 3: OK GFLOPS=1.384291 time=1.551324002 threads=4 validation=0
      schedule: static chunk=0
      workers: 0:cpu4:tiles8;1:cpu5:tiles8;2:cpu6:tiles8;3:cpu7:tiles8
    run 4: OK GFLOPS=1.383676 time=1.552013751 threads=4 validation=0
      schedule: static chunk=0
      workers: 0:cpu4:tiles8;1:cpu5:tiles8;2:cpu6:tiles8;3:cpu7:tiles8
    run 5: OK GFLOPS=1.384563 time=1.551019546 threads=4 validation=0
      schedule: static chunk=0
      workers: 0:cpu4:tiles8;1:cpu5:tiles8;2:cpu6:tiles8;3:cpu7:tiles8
    run 6: OK GFLOPS=1.383732 time=1.551950585 threads=4 validation=0
      schedule: static chunk=0
      workers: 0:cpu4:tiles8;1:cpu5:tiles8;2:cpu6:tiles8;3:cpu7:tiles8
============================================================
KERNEL: dgemm_kernel_8x8_zvl256b_lmul8_unroll8
  MODE: K1 RVV-cluster OpenMP baseline
  BASELINE: GEMM_RVV_FP64_INT8_8x8_Baseline
  FAMILY: RVV_DGEMM_FP64_8x8
  PATH: FP64 RVV vector GEMM
  TILE: 8x8 ZVL=256b LMUL=8 UNROLL=8
  WORK: M=1024 N=1024 K=1024 tile_N=32 runs=6
  CORES: cores 4-7 execute RVV kernels
  INPUT_CONTRACT: CANONICAL_FULL_MATRIX
PRIMARY_SOURCE=/home/bananapi/MAT/kernels riscv rvv 1.0/FINAL/riscv-rvv-ime-gemm-microkernels-updated/GEMM_RVV_FP64_INT8_8x8_Baseline/RVV_DGEMM_FP64_8x8/dgemm_kernel_8x8_zvl256b_lmul8_unroll8/dgemm_kernel_8x8_zvl256b_lmul8_unroll8.c
    run 1: OK GFLOPS=1.391248 time=1.543566082 threads=4 validation=1
      schedule: static chunk=0
      workers: 0:cpu4:tiles8;1:cpu5:tiles8;2:cpu6:tiles8;3:cpu7:tiles8
    run 2: OK GFLOPS=1.382031 time=1.553861212 threads=4 validation=0
      schedule: static chunk=0
      workers: 0:cpu4:tiles8;1:cpu5:tiles8;2:cpu6:tiles8;3:cpu7:tiles8
    run 3: OK GFLOPS=1.382864 time=1.552924417 threads=4 validation=0
      schedule: static chunk=0
      workers: 0:cpu4:tiles8;1:cpu5:tiles8;2:cpu6:tiles8;3:cpu7:tiles8
    run 4: OK GFLOPS=1.391309 time=1.543498583 threads=4 validation=0
      schedule: static chunk=0
      workers: 0:cpu4:tiles8;1:cpu5:tiles8;2:cpu6:tiles8;3:cpu7:tiles8
    run 5: OK GFLOPS=1.385025 time=1.550502252 threads=4 validation=0
      schedule: static chunk=0
      workers: 0:cpu4:tiles8;1:cpu5:tiles8;2:cpu6:tiles8;3:cpu7:tiles8
    run 6: OK GFLOPS=1.387162 time=1.548113417 threads=4 validation=0
      schedule: static chunk=0
      workers: 0:cpu4:tiles8;1:cpu5:tiles8;2:cpu6:tiles8;3:cpu7:tiles8
SKIP_UNSUPPORTED_KERNEL=igemm_kernel_8x8_zvl256b_lmul1_unroll1_i8i32; reason=duplicate INT8 source; canonical tree is GEMM_RVV_FP32_INT8_*
SKIP_UNSUPPORTED_KERNEL=igemm_kernel_8x8_zvl256b_lmul1_unroll2_i8i32; reason=duplicate INT8 source; canonical tree is GEMM_RVV_FP32_INT8_*
SKIP_UNSUPPORTED_KERNEL=igemm_kernel_8x8_zvl256b_lmul1_unroll4_i8i32; reason=duplicate INT8 source; canonical tree is GEMM_RVV_FP32_INT8_*
SKIP_UNSUPPORTED_KERNEL=igemm_kernel_8x8_zvl256b_lmul1_unroll8_i8i32; reason=duplicate INT8 source; canonical tree is GEMM_RVV_FP32_INT8_*
SKIP_UNSUPPORTED_KERNEL=igemm_kernel_8x8_zvl256b_lmul2_unroll1_i8i32; reason=duplicate INT8 source; canonical tree is GEMM_RVV_FP32_INT8_*
SKIP_UNSUPPORTED_KERNEL=igemm_kernel_8x8_zvl256b_lmul2_unroll2_i8i32; reason=duplicate INT8 source; canonical tree is GEMM_RVV_FP32_INT8_*
SKIP_UNSUPPORTED_KERNEL=igemm_kernel_8x8_zvl256b_lmul2_unroll4_i8i32; reason=duplicate INT8 source; canonical tree is GEMM_RVV_FP32_INT8_*
SKIP_UNSUPPORTED_KERNEL=igemm_kernel_8x8_zvl256b_lmul2_unroll8_i8i32; reason=duplicate INT8 source; canonical tree is GEMM_RVV_FP32_INT8_*
SKIP_UNSUPPORTED_KERNEL=igemm_kernel_8x8_zvl256b_lmulmf2_unroll1_i8i32; reason=duplicate INT8 source; canonical tree is GEMM_RVV_FP32_INT8_*
SKIP_UNSUPPORTED_KERNEL=igemm_kernel_8x8_zvl256b_lmulmf2_unroll2_i8i32; reason=duplicate INT8 source; canonical tree is GEMM_RVV_FP32_INT8_*
SKIP_UNSUPPORTED_KERNEL=igemm_kernel_8x8_zvl256b_lmulmf2_unroll4_i8i32; reason=duplicate INT8 source; canonical tree is GEMM_RVV_FP32_INT8_*
SKIP_UNSUPPORTED_KERNEL=igemm_kernel_8x8_zvl256b_lmulmf2_unroll8_i8i32; reason=duplicate INT8 source; canonical tree is GEMM_RVV_FP32_INT8_*
SKIP_UNSUPPORTED_KERNEL=igemm_kernel_8x8_zvl256b_lmulmf4_unroll1_i8i32; reason=duplicate INT8 source; canonical tree is GEMM_RVV_FP32_INT8_*
SKIP_UNSUPPORTED_KERNEL=igemm_kernel_8x8_zvl256b_lmulmf4_unroll2_i8i32; reason=duplicate INT8 source; canonical tree is GEMM_RVV_FP32_INT8_*
SKIP_UNSUPPORTED_KERNEL=igemm_kernel_8x8_zvl256b_lmulmf4_unroll4_i8i32; reason=duplicate INT8 source; canonical tree is GEMM_RVV_FP32_INT8_*
SKIP_UNSUPPORTED_KERNEL=igemm_kernel_8x8_zvl256b_lmulmf4_unroll8_i8i32; reason=duplicate INT8 source; canonical tree is GEMM_RVV_FP32_INT8_*
============================================================
DONE status=FAILED
kernels_built=100
ok_runs=384
failed_runs=36
build_failed=0
Raw CSV: /home/bananapi/MAT/kernels riscv rvv 1.0/FINAL/riscv-rvv-ime-gemm-microkernels-updated/HETEROGENEOUS_RVV_IME_OPENMP_GEMM/results/openmp_results_k1-rvv-only_1024_20260904_074523/openmp_raw_k1-rvv-only_1024_runs6_20260904_074523.csv
Summary CSV: /home/bananapi/MAT/kernels riscv rvv 1.0/FINAL/riscv-rvv-ime-gemm-microkernels-updated/HETEROGENEOUS_RVV_IME_OPENMP_GEMM/results/openmp_results_k1-rvv-only_1024_20260904_074523/openmp_summary_k1-rvv-only_1024_runs6_20260904_074523.csv
Latest raw CSV: /home/bananapi/MAT/kernels riscv rvv 1.0/FINAL/riscv-rvv-ime-gemm-microkernels-updated/HETEROGENEOUS_RVV_IME_OPENMP_GEMM/results/openmp_raw_latest_k1-rvv-only.csv
Latest summary CSV: /home/bananapi/MAT/kernels riscv rvv 1.0/FINAL/riscv-rvv-ime-gemm-microkernels-updated/HETEROGENEOUS_RVV_IME_OPENMP_GEMM/results/openmp_summary_latest_k1-rvv-only.csv
Latest live log: /home/bananapi/MAT/kernels riscv rvv 1.0/FINAL/riscv-rvv-ime-gemm-microkernels-updated/HETEROGENEOUS_RVV_IME_OPENMP_GEMM/results/openmp_live_latest_k1-rvv-only.log
Raw logs: /home/bananapi/MAT/kernels riscv rvv 1.0/FINAL/riscv-rvv-ime-gemm-microkernels-updated/HETEROGENEOUS_RVV_IME_OPENMP_GEMM/results/openmp_results_k1-rvv-only_1024_20260904_074523/raw_logs
============================================================
MODE_DONE=k1-rvv-only schedule=static status=FAILED rc=1
============================================================
IME-cluster OpenMP baseline: cores 0-3 execute native IME kernels
MODE=k1-ime schedule=static chunk=1 M=1024 N=1024 K=1024 tile_N=32 runs=6
============================================================
OpenMP all-kernel tiled GEMM campaign
MODE=k1-ime (K1 IME-cluster OpenMP baseline) M=1024 N=1024 K=1024 tile_N=32 RUNS=6
CORE_PLAN=cores 0-3 execute native IME kernels
PROJECT_ROOT=/home/bananapi/MAT/kernels riscv rvv 1.0/FINAL/riscv-rvv-ime-gemm-microkernels-updated
RESULT_DIR=/home/bananapi/MAT/kernels riscv rvv 1.0/FINAL/riscv-rvv-ime-gemm-microkernels-updated/HETEROGENEOUS_RVV_IME_OPENMP_GEMM/results/openmp_results_k1-ime_1024_20260904_110726
COMPILER=gcc (Bianbu 14.2.0-4ubuntu2~24.04bb1) 14.2.0
BUILD_FLAGS=-O3 -std=c11 -Wall -Wextra -Wno-unknown-pragmas -fopenmp -march=rv64gcv_zvl256b -mabi=lp64d
OMP_NUM_THREADS=4 OMP_PROC_BIND=close OMP_PLACES=cores OMP_DYNAMIC=false OMP_MAX_ACTIVE_LEVELS=2
TILE_SCHEDULE=static DYNAMIC_CHUNK=1
GEMM_VALIDATE=1 VALIDATE_EACH_RUN=0 GEMM_WARMUP=1 ENABLE_MF2=0 BUILD_ONLY=0 ZVL_FILTER=256b KERNEL_FILTER=* KIND_FILTER=* PERF_STAT=0 STATIC_IME_WEIGHT=4 STATIC_RVV_WEIGHT=1
Cpus_allowed_list:	0-7
MEMORY_NODES_ONLINE=not_exposed
CLUSTER_PLACEMENT=exact_core_affinity; contiguous_output_ownership
============================================================
KERNEL: ime_kernel_8x4_zvl256b_lmul1_unroll1
  MODE: K1 IME-cluster OpenMP baseline
  BASELINE: IME_NATIVE_KERNELS
  FAMILY: IME_GEMM_INT8_I8I32_8x4_NATIVE
  PATH: INT8 native IME GEMM (INT8 x INT8 -> INT32)
  TILE: 8x4 ZVL=256b LMUL=1 UNROLL=1
  WORK: M=1024 N=1024 K=1024 tile_N=32 runs=6
  CORES: cores 0-3 execute native IME kernels
  INPUT_CONTRACT: IME_FULL_K_MAJOR
PRIMARY_SOURCE=/home/bananapi/MAT/kernels riscv rvv 1.0/FINAL/riscv-rvv-ime-gemm-microkernels-updated/IME_NATIVE_KERNELS/IME_GEMM_INT8_I8I32_8x4_NATIVE/ime_kernel_8x4_zvl256b_lmul1_unroll1/ime_kernel_8x4_zvl256b_lmul1_unroll1.c
    run 1: OK GOPS=17.139136 time=0.125297081 threads=4 validation=1
      schedule: static chunk=0
      workers: 0:cpu0:tiles8;1:cpu1:tiles8;2:cpu2:tiles8;3:cpu3:tiles8
    run 2: OK GOPS=16.504563 time=0.130114540 threads=4 validation=0
      schedule: static chunk=0
      workers: 0:cpu0:tiles8;1:cpu1:tiles8;2:cpu2:tiles8;3:cpu3:tiles8
    run 3: OK GOPS=15.403589 time=0.139414497 threads=4 validation=0
      schedule: static chunk=0
      workers: 0:cpu0:tiles8;1:cpu1:tiles8;2:cpu2:tiles8;3:cpu3:tiles8
    run 4: OK GOPS=15.179786 time=0.141469955 threads=4 validation=0
      schedule: static chunk=0
      workers: 0:cpu0:tiles8;1:cpu1:tiles8;2:cpu2:tiles8;3:cpu3:tiles8
    run 5: OK GOPS=14.726805 time=0.145821419 threads=4 validation=0
      schedule: static chunk=0
      workers: 0:cpu0:tiles8;1:cpu1:tiles8;2:cpu2:tiles8;3:cpu3:tiles8
    run 6: OK GOPS=16.254967 time=0.132112458 threads=4 validation=0
      schedule: static chunk=0
      workers: 0:cpu0:tiles8;1:cpu1:tiles8;2:cpu2:tiles8;3:cpu3:tiles8
============================================================
KERNEL: ime_kernel_8x4_zvl256b_lmul1_unroll2
  MODE: K1 IME-cluster OpenMP baseline
  BASELINE: IME_NATIVE_KERNELS
  FAMILY: IME_GEMM_INT8_I8I32_8x4_NATIVE
  PATH: INT8 native IME GEMM (INT8 x INT8 -> INT32)
  TILE: 8x4 ZVL=256b LMUL=1 UNROLL=2
  WORK: M=1024 N=1024 K=1024 tile_N=32 runs=6
  CORES: cores 0-3 execute native IME kernels
  INPUT_CONTRACT: IME_FULL_K_MAJOR
PRIMARY_SOURCE=/home/bananapi/MAT/kernels riscv rvv 1.0/FINAL/riscv-rvv-ime-gemm-microkernels-updated/IME_NATIVE_KERNELS/IME_GEMM_INT8_I8I32_8x4_NATIVE/ime_kernel_8x4_zvl256b_lmul1_unroll2/ime_kernel_8x4_zvl256b_lmul1_unroll2.c
    run 1: OK GOPS=16.596203 time=0.129396085 threads=4 validation=1
      schedule: static chunk=0
      workers: 0:cpu0:tiles8;1:cpu1:tiles8;2:cpu2:tiles8;3:cpu3:tiles8
    run 2: OK GOPS=16.632279 time=0.129115414 threads=4 validation=0
      schedule: static chunk=0
      workers: 0:cpu0:tiles8;1:cpu1:tiles8;2:cpu2:tiles8;3:cpu3:tiles8
    run 3: OK GOPS=14.657854 time=0.146507375 threads=4 validation=0
      schedule: static chunk=0
      workers: 0:cpu0:tiles8;1:cpu1:tiles8;2:cpu2:tiles8;3:cpu3:tiles8
    run 4: OK GOPS=15.088683 time=0.142324124 threads=4 validation=0
      schedule: static chunk=0
      workers: 0:cpu0:tiles8;1:cpu1:tiles8;2:cpu2:tiles8;3:cpu3:tiles8
    run 5: OK GOPS=15.618508 time=0.137496084 threads=4 validation=0
      schedule: static chunk=0
      workers: 0:cpu0:tiles8;1:cpu1:tiles8;2:cpu2:tiles8;3:cpu3:tiles8
    run 6: OK GOPS=16.584935 time=0.129483998 threads=4 validation=0
      schedule: static chunk=0
      workers: 0:cpu0:tiles8;1:cpu1:tiles8;2:cpu2:tiles8;3:cpu3:tiles8
============================================================
KERNEL: ime_kernel_8x4_zvl256b_lmul1_unroll4
  MODE: K1 IME-cluster OpenMP baseline
  BASELINE: IME_NATIVE_KERNELS
  FAMILY: IME_GEMM_INT8_I8I32_8x4_NATIVE
  PATH: INT8 native IME GEMM (INT8 x INT8 -> INT32)
  TILE: 8x4 ZVL=256b LMUL=1 UNROLL=4
  WORK: M=1024 N=1024 K=1024 tile_N=32 runs=6
  CORES: cores 0-3 execute native IME kernels
  INPUT_CONTRACT: IME_FULL_K_MAJOR
PRIMARY_SOURCE=/home/bananapi/MAT/kernels riscv rvv 1.0/FINAL/riscv-rvv-ime-gemm-microkernels-updated/IME_NATIVE_KERNELS/IME_GEMM_INT8_I8I32_8x4_NATIVE/ime_kernel_8x4_zvl256b_lmul1_unroll4/ime_kernel_8x4_zvl256b_lmul1_unroll4.c
    run 1: OK GOPS=16.194448 time=0.132606167 threads=4 validation=1
      schedule: static chunk=0
      workers: 0:cpu0:tiles8;1:cpu1:tiles8;2:cpu2:tiles8;3:cpu3:tiles8
    run 2: OK GOPS=16.797513 time=0.127845332 threads=4 validation=0
      schedule: static chunk=0
      workers: 0:cpu0:tiles8;1:cpu1:tiles8;2:cpu2:tiles8;3:cpu3:tiles8
    run 3: OK GOPS=16.839855 time=0.127523877 threads=4 validation=0
      schedule: static chunk=0
      workers: 0:cpu0:tiles8;1:cpu1:tiles8;2:cpu2:tiles8;3:cpu3:tiles8
    run 4: OK GOPS=14.756350 time=0.145529460 threads=4 validation=0
      schedule: static chunk=0
      workers: 0:cpu0:tiles8;1:cpu1:tiles8;2:cpu2:tiles8;3:cpu3:tiles8
    run 5: OK GOPS=14.976236 time=0.143392749 threads=4 validation=0
      schedule: static chunk=0
      workers: 0:cpu0:tiles8;1:cpu1:tiles8;2:cpu2:tiles8;3:cpu3:tiles8
    run 6: OK GOPS=16.858396 time=0.127383627 threads=4 validation=0
      schedule: static chunk=0
      workers: 0:cpu0:tiles8;1:cpu1:tiles8;2:cpu2:tiles8;3:cpu3:tiles8
============================================================
KERNEL: ime_kernel_8x4_zvl256b_lmul1_unroll8
  MODE: K1 IME-cluster OpenMP baseline
  BASELINE: IME_NATIVE_KERNELS
  FAMILY: IME_GEMM_INT8_I8I32_8x4_NATIVE
  PATH: INT8 native IME GEMM (INT8 x INT8 -> INT32)
  TILE: 8x4 ZVL=256b LMUL=1 UNROLL=8
  WORK: M=1024 N=1024 K=1024 tile_N=32 runs=6
  CORES: cores 0-3 execute native IME kernels
  INPUT_CONTRACT: IME_FULL_K_MAJOR
PRIMARY_SOURCE=/home/bananapi/MAT/kernels riscv rvv 1.0/FINAL/riscv-rvv-ime-gemm-microkernels-updated/IME_NATIVE_KERNELS/IME_GEMM_INT8_I8I32_8x4_NATIVE/ime_kernel_8x4_zvl256b_lmul1_unroll8/ime_kernel_8x4_zvl256b_lmul1_unroll8.c
    run 1: OK GOPS=16.600084 time=0.129365832 threads=4 validation=1
      schedule: static chunk=0
      workers: 0:cpu0:tiles8;1:cpu1:tiles8;2:cpu2:tiles8;3:cpu3:tiles8
    run 2: OK GOPS=16.549053 time=0.129764747 threads=4 validation=0
      schedule: static chunk=0
      workers: 0:cpu0:tiles8;1:cpu1:tiles8;2:cpu2:tiles8;3:cpu3:tiles8
    run 3: OK GOPS=16.838948 time=0.127530750 threads=4 validation=0
      schedule: static chunk=0
      workers: 0:cpu0:tiles8;1:cpu1:tiles8;2:cpu2:tiles8;3:cpu3:tiles8
    run 4: OK GOPS=15.330199 time=0.140081916 threads=4 validation=0
      schedule: static chunk=0
      workers: 0:cpu0:tiles8;1:cpu1:tiles8;2:cpu2:tiles8;3:cpu3:tiles8
    run 5: OK GOPS=16.557176 time=0.129701082 threads=4 validation=0
      schedule: static chunk=0
      workers: 0:cpu0:tiles8;1:cpu1:tiles8;2:cpu2:tiles8;3:cpu3:tiles8
    run 6: OK GOPS=16.689309 time=0.128674209 threads=4 validation=0
      schedule: static chunk=0
      workers: 0:cpu0:tiles8;1:cpu1:tiles8;2:cpu2:tiles8;3:cpu3:tiles8
SKIP_EXPERIMENTAL_MF2=ime_kernel_8x4_zvl256b_lmulmf2_unroll1
SKIP_EXPERIMENTAL_MF2=ime_kernel_8x4_zvl256b_lmulmf2_unroll2
SKIP_EXPERIMENTAL_MF2=ime_kernel_8x4_zvl256b_lmulmf2_unroll4
SKIP_EXPERIMENTAL_MF2=ime_kernel_8x4_zvl256b_lmulmf2_unroll8
============================================================
KERNEL: ime_kernel_8x8_zvl256b_lmul1_unroll1
  MODE: K1 IME-cluster OpenMP baseline
  BASELINE: IME_NATIVE_KERNELS
  FAMILY: IME_GEMM_INT8_I8I32_8x8_NATIVE
  PATH: INT8 native IME GEMM (INT8 x INT8 -> INT32)
  TILE: 8x8 ZVL=256b LMUL=1 UNROLL=1
  WORK: M=1024 N=1024 K=1024 tile_N=32 runs=6
  CORES: cores 0-3 execute native IME kernels
  INPUT_CONTRACT: IME_FULL_K_MAJOR
PRIMARY_SOURCE=/home/bananapi/MAT/kernels riscv rvv 1.0/FINAL/riscv-rvv-ime-gemm-microkernels-updated/IME_NATIVE_KERNELS/IME_GEMM_INT8_I8I32_8x8_NATIVE/ime_kernel_8x8_zvl256b_lmul1_unroll1/ime_kernel_8x8_zvl256b_lmul1_unroll1.c
    run 1: OK GOPS=16.175495 time=0.132761542 threads=4 validation=1
      schedule: static chunk=0
      workers: 0:cpu0:tiles8;1:cpu1:tiles8;2:cpu2:tiles8;3:cpu3:tiles8
    run 2: OK GOPS=19.029287 time=0.112851501 threads=4 validation=0
      schedule: static chunk=0
      workers: 0:cpu0:tiles8;1:cpu1:tiles8;2:cpu2:tiles8;3:cpu3:tiles8
    run 3: OK GOPS=20.351847 time=0.105517875 threads=4 validation=0
      schedule: static chunk=0
      workers: 0:cpu0:tiles8;1:cpu1:tiles8;2:cpu2:tiles8;3:cpu3:tiles8
    run 4: OK GOPS=19.769768 time=0.108624626 threads=4 validation=0
      schedule: static chunk=0
      workers: 0:cpu0:tiles8;1:cpu1:tiles8;2:cpu2:tiles8;3:cpu3:tiles8
    run 5: OK GOPS=15.521454 time=0.138355833 threads=4 validation=0
      schedule: static chunk=0
      workers: 0:cpu0:tiles8;1:cpu1:tiles8;2:cpu2:tiles8;3:cpu3:tiles8
    run 6: OK GOPS=20.306782 time=0.105752040 threads=4 validation=0
      schedule: static chunk=0
      workers: 0:cpu0:tiles8;1:cpu1:tiles8;2:cpu2:tiles8;3:cpu3:tiles8
============================================================
KERNEL: ime_kernel_8x8_zvl256b_lmul1_unroll2
  MODE: K1 IME-cluster OpenMP baseline
  BASELINE: IME_NATIVE_KERNELS
  FAMILY: IME_GEMM_INT8_I8I32_8x8_NATIVE
  PATH: INT8 native IME GEMM (INT8 x INT8 -> INT32)
  TILE: 8x8 ZVL=256b LMUL=1 UNROLL=2
  WORK: M=1024 N=1024 K=1024 tile_N=32 runs=6
  CORES: cores 0-3 execute native IME kernels
  INPUT_CONTRACT: IME_FULL_K_MAJOR
PRIMARY_SOURCE=/home/bananapi/MAT/kernels riscv rvv 1.0/FINAL/riscv-rvv-ime-gemm-microkernels-updated/IME_NATIVE_KERNELS/IME_GEMM_INT8_I8I32_8x8_NATIVE/ime_kernel_8x8_zvl256b_lmul1_unroll2/ime_kernel_8x8_zvl256b_lmul1_unroll2.c
    run 1: OK GOPS=16.198352 time=0.132574208 threads=4 validation=1
      schedule: static chunk=0
      workers: 0:cpu0:tiles8;1:cpu1:tiles8;2:cpu2:tiles8;3:cpu3:tiles8
    run 2: OK GOPS=15.423461 time=0.139234874 threads=4 validation=0
      schedule: static chunk=0
      workers: 0:cpu0:tiles8;1:cpu1:tiles8;2:cpu2:tiles8;3:cpu3:tiles8
    run 3: OK GOPS=15.315785 time=0.140213747 threads=4 validation=0
      schedule: static chunk=0
      workers: 0:cpu0:tiles8;1:cpu1:tiles8;2:cpu2:tiles8;3:cpu3:tiles8
    run 4: OK GOPS=15.438462 time=0.139099587 threads=4 validation=0
      schedule: static chunk=0
      workers: 0:cpu0:tiles8;1:cpu1:tiles8;2:cpu2:tiles8;3:cpu3:tiles8
    run 5: OK GOPS=20.134154 time=0.106658749 threads=4 validation=0
      schedule: static chunk=0
      workers: 0:cpu0:tiles8;1:cpu1:tiles8;2:cpu2:tiles8;3:cpu3:tiles8
    run 6: OK GOPS=20.051272 time=0.107099622 threads=4 validation=0
      schedule: static chunk=0
      workers: 0:cpu0:tiles8;1:cpu1:tiles8;2:cpu2:tiles8;3:cpu3:tiles8
============================================================
KERNEL: ime_kernel_8x8_zvl256b_lmul1_unroll4
  MODE: K1 IME-cluster OpenMP baseline
  BASELINE: IME_NATIVE_KERNELS
  FAMILY: IME_GEMM_INT8_I8I32_8x8_NATIVE
  PATH: INT8 native IME GEMM (INT8 x INT8 -> INT32)
  TILE: 8x8 ZVL=256b LMUL=1 UNROLL=4
  WORK: M=1024 N=1024 K=1024 tile_N=32 runs=6
  CORES: cores 0-3 execute native IME kernels
  INPUT_CONTRACT: IME_FULL_K_MAJOR
PRIMARY_SOURCE=/home/bananapi/MAT/kernels riscv rvv 1.0/FINAL/riscv-rvv-ime-gemm-microkernels-updated/IME_NATIVE_KERNELS/IME_GEMM_INT8_I8I32_8x8_NATIVE/ime_kernel_8x8_zvl256b_lmul1_unroll4/ime_kernel_8x8_zvl256b_lmul1_unroll4.c
    run 1: OK GOPS=15.045157 time=0.142735872 threads=4 validation=1
      schedule: static chunk=0
      workers: 0:cpu0:tiles8;1:cpu1:tiles8;2:cpu2:tiles8;3:cpu3:tiles8
    run 2: OK GOPS=20.787758 time=0.103305209 threads=4 validation=0
      schedule: static chunk=0
      workers: 0:cpu0:tiles8;1:cpu1:tiles8;2:cpu2:tiles8;3:cpu3:tiles8
    run 3: OK GOPS=18.466756 time=0.116289169 threads=4 validation=0
      schedule: static chunk=0
      workers: 0:cpu0:tiles8;1:cpu1:tiles8;2:cpu2:tiles8;3:cpu3:tiles8
    run 4: OK GOPS=21.228654 time=0.101159669 threads=4 validation=0
      schedule: static chunk=0
      workers: 0:cpu0:tiles8;1:cpu1:tiles8;2:cpu2:tiles8;3:cpu3:tiles8
    run 5: OK GOPS=20.638306 time=0.104053292 threads=4 validation=0
      schedule: static chunk=0
      workers: 0:cpu0:tiles8;1:cpu1:tiles8;2:cpu2:tiles8;3:cpu3:tiles8
    run 6: OK GOPS=16.300949 time=0.131739791 threads=4 validation=0
      schedule: static chunk=0
      workers: 0:cpu0:tiles8;1:cpu1:tiles8;2:cpu2:tiles8;3:cpu3:tiles8
============================================================
KERNEL: ime_kernel_8x8_zvl256b_lmul1_unroll8
  MODE: K1 IME-cluster OpenMP baseline
  BASELINE: IME_NATIVE_KERNELS
  FAMILY: IME_GEMM_INT8_I8I32_8x8_NATIVE
  PATH: INT8 native IME GEMM (INT8 x INT8 -> INT32)
  TILE: 8x8 ZVL=256b LMUL=1 UNROLL=8
  WORK: M=1024 N=1024 K=1024 tile_N=32 runs=6
  CORES: cores 0-3 execute native IME kernels
  INPUT_CONTRACT: IME_FULL_K_MAJOR
PRIMARY_SOURCE=/home/bananapi/MAT/kernels riscv rvv 1.0/FINAL/riscv-rvv-ime-gemm-microkernels-updated/IME_NATIVE_KERNELS/IME_GEMM_INT8_I8I32_8x8_NATIVE/ime_kernel_8x8_zvl256b_lmul1_unroll8/ime_kernel_8x8_zvl256b_lmul1_unroll8.c
    run 1: OK GOPS=19.690967 time=0.109059330 threads=4 validation=1
      schedule: static chunk=0
      workers: 0:cpu0:tiles8;1:cpu1:tiles8;2:cpu2:tiles8;3:cpu3:tiles8
    run 2: OK GOPS=16.090670 time=0.133461416 threads=4 validation=0
      schedule: static chunk=0
      workers: 0:cpu0:tiles8;1:cpu1:tiles8;2:cpu2:tiles8;3:cpu3:tiles8
    run 3: OK GOPS=16.506704 time=0.130097669 threads=4 validation=0
      schedule: static chunk=0
      workers: 0:cpu0:tiles8;1:cpu1:tiles8;2:cpu2:tiles8;3:cpu3:tiles8
    run 4: OK GOPS=15.087875 time=0.142331753 threads=4 validation=0
      schedule: static chunk=0
      workers: 0:cpu0:tiles8;1:cpu1:tiles8;2:cpu2:tiles8;3:cpu3:tiles8
    run 5: OK GOPS=19.455237 time=0.110380750 threads=4 validation=0
      schedule: static chunk=0
      workers: 0:cpu0:tiles8;1:cpu1:tiles8;2:cpu2:tiles8;3:cpu3:tiles8
    run 6: OK GOPS=16.022271 time=0.134031169 threads=4 validation=0
      schedule: static chunk=0
      workers: 0:cpu0:tiles8;1:cpu1:tiles8;2:cpu2:tiles8;3:cpu3:tiles8
SKIP_EXPERIMENTAL_MF2=ime_kernel_8x8_zvl256b_lmulmf2_unroll1
SKIP_EXPERIMENTAL_MF2=ime_kernel_8x8_zvl256b_lmulmf2_unroll2
SKIP_EXPERIMENTAL_MF2=ime_kernel_8x8_zvl256b_lmulmf2_unroll4
SKIP_EXPERIMENTAL_MF2=ime_kernel_8x8_zvl256b_lmulmf2_unroll8
============================================================
DONE status=OK
kernels_built=8
ok_runs=48
failed_runs=0
build_failed=0
Raw CSV: /home/bananapi/MAT/kernels riscv rvv 1.0/FINAL/riscv-rvv-ime-gemm-microkernels-updated/HETEROGENEOUS_RVV_IME_OPENMP_GEMM/results/openmp_results_k1-ime_1024_20260904_110726/openmp_raw_k1-ime_1024_runs6_20260904_110726.csv
Summary CSV: /home/bananapi/MAT/kernels riscv rvv 1.0/FINAL/riscv-rvv-ime-gemm-microkernels-updated/HETEROGENEOUS_RVV_IME_OPENMP_GEMM/results/openmp_results_k1-ime_1024_20260904_110726/openmp_summary_k1-ime_1024_runs6_20260904_110726.csv
Latest raw CSV: /home/bananapi/MAT/kernels riscv rvv 1.0/FINAL/riscv-rvv-ime-gemm-microkernels-updated/HETEROGENEOUS_RVV_IME_OPENMP_GEMM/results/openmp_raw_latest_k1-ime.csv
Latest summary CSV: /home/bananapi/MAT/kernels riscv rvv 1.0/FINAL/riscv-rvv-ime-gemm-microkernels-updated/HETEROGENEOUS_RVV_IME_OPENMP_GEMM/results/openmp_summary_latest_k1-ime.csv
Latest live log: /home/bananapi/MAT/kernels riscv rvv 1.0/FINAL/riscv-rvv-ime-gemm-microkernels-updated/HETEROGENEOUS_RVV_IME_OPENMP_GEMM/results/openmp_live_latest_k1-ime.log
Raw logs: /home/bananapi/MAT/kernels riscv rvv 1.0/FINAL/riscv-rvv-ime-gemm-microkernels-updated/HETEROGENEOUS_RVV_IME_OPENMP_GEMM/results/openmp_results_k1-ime_1024_20260904_110726/raw_logs
============================================================
MODE_DONE=k1-ime schedule=static status=OK
============================================================
Heterogeneous static run: fixed IME and RVV tile ranges
MODE=k1-mixed-rvv-ime schedule=static chunk=1 M=1024 N=1024 K=1024 tile_N=32 runs=6
============================================================
OpenMP all-kernel tiled GEMM campaign
MODE=k1-mixed-rvv-ime (K1 heterogeneous OpenMP RVV-IME execution) M=1024 N=1024 K=1024 tile_N=32 RUNS=6
CORE_PLAN=cores 0-3 execute native IME; cores 4-7 call the RVV kernel directly
PROJECT_ROOT=/home/bananapi/MAT/kernels riscv rvv 1.0/FINAL/riscv-rvv-ime-gemm-microkernels-updated
RESULT_DIR=/home/bananapi/MAT/kernels riscv rvv 1.0/FINAL/riscv-rvv-ime-gemm-microkernels-updated/HETEROGENEOUS_RVV_IME_OPENMP_GEMM/results/openmp_results_k1-mixed-rvv-ime-static_1024_20260904_111401
COMPILER=gcc (Bianbu 14.2.0-4ubuntu2~24.04bb1) 14.2.0
BUILD_FLAGS=-O3 -std=c11 -Wall -Wextra -Wno-unknown-pragmas -fopenmp -march=rv64gcv_zvl256b -mabi=lp64d
OMP_NUM_THREADS=8 OMP_PROC_BIND=close OMP_PLACES=cores OMP_DYNAMIC=false OMP_MAX_ACTIVE_LEVELS=2
TILE_SCHEDULE=static DYNAMIC_CHUNK=1
GEMM_VALIDATE=1 VALIDATE_EACH_RUN=0 GEMM_WARMUP=1 ENABLE_MF2=0 BUILD_ONLY=0 ZVL_FILTER=256b KERNEL_FILTER=* KIND_FILTER=* PERF_STAT=0 STATIC_IME_WEIGHT=4 STATIC_RVV_WEIGHT=1
Cpus_allowed_list:	0-7
MEMORY_NODES_ONLINE=not_exposed
CLUSTER_PLACEMENT=exact_core_affinity; contiguous_output_ownership
============================================================
KERNEL: ime_kernel_8x4_zvl256b_lmul1_unroll1
  MODE: K1 heterogeneous OpenMP RVV-IME execution
  BASELINE: IME_NATIVE_KERNELS
  FAMILY: IME_GEMM_INT8_I8I32_8x4_NATIVE
  PATH: INT8 heterogeneous native-IME/RVV GEMM (INT8 x INT8 -> INT32)
  TILE: 8x4 ZVL=256b LMUL=1 UNROLL=1
  WORK: M=1024 N=1024 K=1024 tile_N=32 runs=6
  CORES: cores 0-3 execute native IME; cores 4-7 call the RVV kernel directly
  INPUT_CONTRACT: IME_FULL_K_MAJOR
PRIMARY_SOURCE=/home/bananapi/MAT/kernels riscv rvv 1.0/FINAL/riscv-rvv-ime-gemm-microkernels-updated/IME_NATIVE_KERNELS/IME_GEMM_INT8_I8I32_8x4_NATIVE/ime_kernel_8x4_zvl256b_lmul1_unroll1/ime_kernel_8x4_zvl256b_lmul1_unroll1.c
MIXED_RVV_SOURCE=/home/bananapi/MAT/kernels riscv rvv 1.0/FINAL/riscv-rvv-ime-gemm-microkernels-updated/GEMM_RVV_FP32_INT8_8x4_Baseline/RVV_IGEMM_INT8_I8I32_8x4/igemm_kernel_8x4_zvl256b_lmul1_unroll1/igemm_kernel_8x4_zvl256b_lmul1_unroll1_i8i32.c
BUILD_FAILED: /home/bananapi/MAT/kernels riscv rvv 1.0/FINAL/riscv-rvv-ime-gemm-microkernels-updated/HETEROGENEOUS_RVV_IME_OPENMP_GEMM/results/openmp_results_k1-mixed-rvv-ime-static_1024_20260904_111401/raw_logs/IME_NATIVE_KERNELS_IME_GEMM_INT8_I8I32_8x4_NATIVE_ime_kernel_8x4_zvl256b_lmul1_unroll1_build.log
============================================================
KERNEL: ime_kernel_8x4_zvl256b_lmul1_unroll2
  MODE: K1 heterogeneous OpenMP RVV-IME execution
  BASELINE: IME_NATIVE_KERNELS
  FAMILY: IME_GEMM_INT8_I8I32_8x4_NATIVE
  PATH: INT8 heterogeneous native-IME/RVV GEMM (INT8 x INT8 -> INT32)
  TILE: 8x4 ZVL=256b LMUL=1 UNROLL=2
  WORK: M=1024 N=1024 K=1024 tile_N=32 runs=6
  CORES: cores 0-3 execute native IME; cores 4-7 call the RVV kernel directly
  INPUT_CONTRACT: IME_FULL_K_MAJOR
PRIMARY_SOURCE=/home/bananapi/MAT/kernels riscv rvv 1.0/FINAL/riscv-rvv-ime-gemm-microkernels-updated/IME_NATIVE_KERNELS/IME_GEMM_INT8_I8I32_8x4_NATIVE/ime_kernel_8x4_zvl256b_lmul1_unroll2/ime_kernel_8x4_zvl256b_lmul1_unroll2.c
MIXED_RVV_SOURCE=/home/bananapi/MAT/kernels riscv rvv 1.0/FINAL/riscv-rvv-ime-gemm-microkernels-updated/GEMM_RVV_FP32_INT8_8x4_Baseline/RVV_IGEMM_INT8_I8I32_8x4/igemm_kernel_8x4_zvl256b_lmul1_unroll2/igemm_kernel_8x4_zvl256b_lmul1_unroll2_i8i32.c
BUILD_FAILED: /home/bananapi/MAT/kernels riscv rvv 1.0/FINAL/riscv-rvv-ime-gemm-microkernels-updated/HETEROGENEOUS_RVV_IME_OPENMP_GEMM/results/openmp_results_k1-mixed-rvv-ime-static_1024_20260904_111401/raw_logs/IME_NATIVE_KERNELS_IME_GEMM_INT8_I8I32_8x4_NATIVE_ime_kernel_8x4_zvl256b_lmul1_unroll2_build.log
============================================================
KERNEL: ime_kernel_8x4_zvl256b_lmul1_unroll4
  MODE: K1 heterogeneous OpenMP RVV-IME execution
  BASELINE: IME_NATIVE_KERNELS
  FAMILY: IME_GEMM_INT8_I8I32_8x4_NATIVE
  PATH: INT8 heterogeneous native-IME/RVV GEMM (INT8 x INT8 -> INT32)
  TILE: 8x4 ZVL=256b LMUL=1 UNROLL=4
  WORK: M=1024 N=1024 K=1024 tile_N=32 runs=6
  CORES: cores 0-3 execute native IME; cores 4-7 call the RVV kernel directly
  INPUT_CONTRACT: IME_FULL_K_MAJOR
PRIMARY_SOURCE=/home/bananapi/MAT/kernels riscv rvv 1.0/FINAL/riscv-rvv-ime-gemm-microkernels-updated/IME_NATIVE_KERNELS/IME_GEMM_INT8_I8I32_8x4_NATIVE/ime_kernel_8x4_zvl256b_lmul1_unroll4/ime_kernel_8x4_zvl256b_lmul1_unroll4.c
MIXED_RVV_SOURCE=/home/bananapi/MAT/kernels riscv rvv 1.0/FINAL/riscv-rvv-ime-gemm-microkernels-updated/GEMM_RVV_FP32_INT8_8x4_Baseline/RVV_IGEMM_INT8_I8I32_8x4/igemm_kernel_8x4_zvl256b_lmul1_unroll4/igemm_kernel_8x4_zvl256b_lmul1_unroll4_i8i32.c
BUILD_FAILED: /home/bananapi/MAT/kernels riscv rvv 1.0/FINAL/riscv-rvv-ime-gemm-microkernels-updated/HETEROGENEOUS_RVV_IME_OPENMP_GEMM/results/openmp_results_k1-mixed-rvv-ime-static_1024_20260904_111401/raw_logs/IME_NATIVE_KERNELS_IME_GEMM_INT8_I8I32_8x4_NATIVE_ime_kernel_8x4_zvl256b_lmul1_unroll4_build.log
============================================================
KERNEL: ime_kernel_8x4_zvl256b_lmul1_unroll8
  MODE: K1 heterogeneous OpenMP RVV-IME execution
  BASELINE: IME_NATIVE_KERNELS
  FAMILY: IME_GEMM_INT8_I8I32_8x4_NATIVE
  PATH: INT8 heterogeneous native-IME/RVV GEMM (INT8 x INT8 -> INT32)
  TILE: 8x4 ZVL=256b LMUL=1 UNROLL=8
  WORK: M=1024 N=1024 K=1024 tile_N=32 runs=6
  CORES: cores 0-3 execute native IME; cores 4-7 call the RVV kernel directly
  INPUT_CONTRACT: IME_FULL_K_MAJOR
PRIMARY_SOURCE=/home/bananapi/MAT/kernels riscv rvv 1.0/FINAL/riscv-rvv-ime-gemm-microkernels-updated/IME_NATIVE_KERNELS/IME_GEMM_INT8_I8I32_8x4_NATIVE/ime_kernel_8x4_zvl256b_lmul1_unroll8/ime_kernel_8x4_zvl256b_lmul1_unroll8.c
MIXED_RVV_SOURCE=/home/bananapi/MAT/kernels riscv rvv 1.0/FINAL/riscv-rvv-ime-gemm-microkernels-updated/GEMM_RVV_FP32_INT8_8x4_Baseline/RVV_IGEMM_INT8_I8I32_8x4/igemm_kernel_8x4_zvl256b_lmul1_unroll8/igemm_kernel_8x4_zvl256b_lmul1_unroll8_i8i32.c
BUILD_FAILED: /home/bananapi/MAT/kernels riscv rvv 1.0/FINAL/riscv-rvv-ime-gemm-microkernels-updated/HETEROGENEOUS_RVV_IME_OPENMP_GEMM/results/openmp_results_k1-mixed-rvv-ime-static_1024_20260904_111401/raw_logs/IME_NATIVE_KERNELS_IME_GEMM_INT8_I8I32_8x4_NATIVE_ime_kernel_8x4_zvl256b_lmul1_unroll8_build.log
SKIP_EXPERIMENTAL_MF2=ime_kernel_8x4_zvl256b_lmulmf2_unroll1
SKIP_EXPERIMENTAL_MF2=ime_kernel_8x4_zvl256b_lmulmf2_unroll2
SKIP_EXPERIMENTAL_MF2=ime_kernel_8x4_zvl256b_lmulmf2_unroll4
SKIP_EXPERIMENTAL_MF2=ime_kernel_8x4_zvl256b_lmulmf2_unroll8
============================================================
KERNEL: ime_kernel_8x8_zvl256b_lmul1_unroll1
  MODE: K1 heterogeneous OpenMP RVV-IME execution
  BASELINE: IME_NATIVE_KERNELS
  FAMILY: IME_GEMM_INT8_I8I32_8x8_NATIVE
  PATH: INT8 heterogeneous native-IME/RVV GEMM (INT8 x INT8 -> INT32)
  TILE: 8x8 ZVL=256b LMUL=1 UNROLL=1
  WORK: M=1024 N=1024 K=1024 tile_N=32 runs=6
  CORES: cores 0-3 execute native IME; cores 4-7 call the RVV kernel directly
  INPUT_CONTRACT: IME_FULL_K_MAJOR
PRIMARY_SOURCE=/home/bananapi/MAT/kernels riscv rvv 1.0/FINAL/riscv-rvv-ime-gemm-microkernels-updated/IME_NATIVE_KERNELS/IME_GEMM_INT8_I8I32_8x8_NATIVE/ime_kernel_8x8_zvl256b_lmul1_unroll1/ime_kernel_8x8_zvl256b_lmul1_unroll1.c
MIXED_RVV_SOURCE=/home/bananapi/MAT/kernels riscv rvv 1.0/FINAL/riscv-rvv-ime-gemm-microkernels-updated/GEMM_RVV_FP32_INT8_8x8_Baseline/RVV_IGEMM_INT8_I8I32_8x8/igemm_kernel_8x8_zvl256b_lmul1_unroll1/igemm_kernel_8x8_zvl256b_lmul1_unroll1_i8i32.c
    run 1: OK GOPS=19.752993 time=0.108716875 threads=8 validation=1
      static split: IME:26;RVV:6
      schedule: static chunk=0
      completed output strips: IME:26;RVV:6
      workers: 0:cpu0:IME:tiles7;1:cpu1:IME:tiles7;2:cpu2:IME:tiles6;3:cpu3:IME:tiles6;4:cpu4:RVV:tiles2;5:cpu5:RVV:tiles2;6:cpu6:RVV:tiles1;7:cpu7:RVV:tiles1
    run 2: OK GOPS=21.939608 time=0.097881585 threads=8 validation=0
      static split: IME:26;RVV:6
      schedule: static chunk=0
      completed output strips: IME:26;RVV:6
      workers: 0:cpu0:IME:tiles7;1:cpu1:IME:tiles7;2:cpu2:IME:tiles6;3:cpu3:IME:tiles6;4:cpu4:RVV:tiles2;5:cpu5:RVV:tiles2;6:cpu6:RVV:tiles1;7:cpu7:RVV:tiles1
    run 3: OK GOPS=21.374333 time=0.100470208 threads=8 validation=0
      static split: IME:26;RVV:6
      schedule: static chunk=0
      completed output strips: IME:26;RVV:6
      workers: 0:cpu0:IME:tiles7;1:cpu1:IME:tiles7;2:cpu2:IME:tiles6;3:cpu3:IME:tiles6;4:cpu4:RVV:tiles2;5:cpu5:RVV:tiles2;6:cpu6:RVV:tiles1;7:cpu7:RVV:tiles1
    run 4: OK GOPS=21.330112 time=0.100678500 threads=8 validation=0
      static split: IME:26;RVV:6
      schedule: static chunk=0
      completed output strips: IME:26;RVV:6
      workers: 0:cpu0:IME:tiles7;1:cpu1:IME:tiles7;2:cpu2:IME:tiles6;3:cpu3:IME:tiles6;4:cpu4:RVV:tiles2;5:cpu5:RVV:tiles2;6:cpu6:RVV:tiles1;7:cpu7:RVV:tiles1
    run 5: OK GOPS=19.433934 time=0.110501748 threads=8 validation=0
      static split: IME:26;RVV:6
      schedule: static chunk=0
      completed output strips: IME:26;RVV:6
      workers: 0:cpu0:IME:tiles7;1:cpu1:IME:tiles7;2:cpu2:IME:tiles6;3:cpu3:IME:tiles6;4:cpu4:RVV:tiles2;5:cpu5:RVV:tiles2;6:cpu6:RVV:tiles1;7:cpu7:RVV:tiles1
    run 6: OK GOPS=20.540623 time=0.104548126 threads=8 validation=0
      static split: IME:26;RVV:6
      schedule: static chunk=0
      completed output strips: IME:26;RVV:6
      workers: 0:cpu0:IME:tiles7;1:cpu1:IME:tiles7;2:cpu2:IME:tiles6;3:cpu3:IME:tiles6;4:cpu4:RVV:tiles2;5:cpu5:RVV:tiles2;6:cpu6:RVV:tiles1;7:cpu7:RVV:tiles1
============================================================
KERNEL: ime_kernel_8x8_zvl256b_lmul1_unroll2
  MODE: K1 heterogeneous OpenMP RVV-IME execution
  BASELINE: IME_NATIVE_KERNELS
  FAMILY: IME_GEMM_INT8_I8I32_8x8_NATIVE
  PATH: INT8 heterogeneous native-IME/RVV GEMM (INT8 x INT8 -> INT32)
  TILE: 8x8 ZVL=256b LMUL=1 UNROLL=2
  WORK: M=1024 N=1024 K=1024 tile_N=32 runs=6
  CORES: cores 0-3 execute native IME; cores 4-7 call the RVV kernel directly
  INPUT_CONTRACT: IME_FULL_K_MAJOR
PRIMARY_SOURCE=/home/bananapi/MAT/kernels riscv rvv 1.0/FINAL/riscv-rvv-ime-gemm-microkernels-updated/IME_NATIVE_KERNELS/IME_GEMM_INT8_I8I32_8x8_NATIVE/ime_kernel_8x8_zvl256b_lmul1_unroll2/ime_kernel_8x8_zvl256b_lmul1_unroll2.c
MIXED_RVV_SOURCE=/home/bananapi/MAT/kernels riscv rvv 1.0/FINAL/riscv-rvv-ime-gemm-microkernels-updated/GEMM_RVV_FP32_INT8_8x8_Baseline/RVV_IGEMM_INT8_I8I32_8x8/igemm_kernel_8x8_zvl256b_lmul1_unroll2/igemm_kernel_8x8_zvl256b_lmul1_unroll2_i8i32.c
    run 1: OK GOPS=19.790295 time=0.108511958 threads=8 validation=1
      static split: IME:26;RVV:6
      schedule: static chunk=0
      completed output strips: IME:26;RVV:6
      workers: 0:cpu0:IME:tiles7;1:cpu1:IME:tiles7;2:cpu2:IME:tiles6;3:cpu3:IME:tiles6;4:cpu4:RVV:tiles2;5:cpu5:RVV:tiles2;6:cpu6:RVV:tiles1;7:cpu7:RVV:tiles1
    run 2: OK GOPS=20.488698 time=0.104813084 threads=8 validation=0
      static split: IME:26;RVV:6
      schedule: static chunk=0
      completed output strips: IME:26;RVV:6
      workers: 0:cpu0:IME:tiles7;1:cpu1:IME:tiles7;2:cpu2:IME:tiles6;3:cpu3:IME:tiles6;4:cpu4:RVV:tiles2;5:cpu5:RVV:tiles2;6:cpu6:RVV:tiles1;7:cpu7:RVV:tiles1
    run 3: OK GOPS=20.554246 time=0.104478836 threads=8 validation=0
      static split: IME:26;RVV:6
      schedule: static chunk=0
      completed output strips: IME:26;RVV:6
      workers: 0:cpu0:IME:tiles7;1:cpu1:IME:tiles7;2:cpu2:IME:tiles6;3:cpu3:IME:tiles6;4:cpu4:RVV:tiles2;5:cpu5:RVV:tiles2;6:cpu6:RVV:tiles1;7:cpu7:RVV:tiles1
    run 4: OK GOPS=19.686069 time=0.109086461 threads=8 validation=0
      static split: IME:26;RVV:6
      schedule: static chunk=0
      completed output strips: IME:26;RVV:6
      workers: 0:cpu0:IME:tiles7;1:cpu1:IME:tiles7;2:cpu2:IME:tiles6;3:cpu3:IME:tiles6;4:cpu4:RVV:tiles2;5:cpu5:RVV:tiles2;6:cpu6:RVV:tiles1;7:cpu7:RVV:tiles1
    run 5: OK GOPS=21.818644 time=0.098424248 threads=8 validation=0
      static split: IME:26;RVV:6
      schedule: static chunk=0
      completed output strips: IME:26;RVV:6
      workers: 0:cpu0:IME:tiles7;1:cpu1:IME:tiles7;2:cpu2:IME:tiles6;3:cpu3:IME:tiles6;4:cpu4:RVV:tiles2;5:cpu5:RVV:tiles2;6:cpu6:RVV:tiles1;7:cpu7:RVV:tiles1
    run 6: OK GOPS=21.131528 time=0.101624627 threads=8 validation=0
      static split: IME:26;RVV:6
      schedule: static chunk=0
      completed output strips: IME:26;RVV:6
      workers: 0:cpu0:IME:tiles7;1:cpu1:IME:tiles7;2:cpu2:IME:tiles6;3:cpu3:IME:tiles6;4:cpu4:RVV:tiles2;5:cpu5:RVV:tiles2;6:cpu6:RVV:tiles1;7:cpu7:RVV:tiles1
============================================================
KERNEL: ime_kernel_8x8_zvl256b_lmul1_unroll4
  MODE: K1 heterogeneous OpenMP RVV-IME execution
  BASELINE: IME_NATIVE_KERNELS
  FAMILY: IME_GEMM_INT8_I8I32_8x8_NATIVE
  PATH: INT8 heterogeneous native-IME/RVV GEMM (INT8 x INT8 -> INT32)
  TILE: 8x8 ZVL=256b LMUL=1 UNROLL=4
  WORK: M=1024 N=1024 K=1024 tile_N=32 runs=6
  CORES: cores 0-3 execute native IME; cores 4-7 call the RVV kernel directly
  INPUT_CONTRACT: IME_FULL_K_MAJOR
PRIMARY_SOURCE=/home/bananapi/MAT/kernels riscv rvv 1.0/FINAL/riscv-rvv-ime-gemm-microkernels-updated/IME_NATIVE_KERNELS/IME_GEMM_INT8_I8I32_8x8_NATIVE/ime_kernel_8x8_zvl256b_lmul1_unroll4/ime_kernel_8x8_zvl256b_lmul1_unroll4.c
MIXED_RVV_SOURCE=/home/bananapi/MAT/kernels riscv rvv 1.0/FINAL/riscv-rvv-ime-gemm-microkernels-updated/GEMM_RVV_FP32_INT8_8x8_Baseline/RVV_IGEMM_INT8_I8I32_8x8/igemm_kernel_8x8_zvl256b_lmul1_unroll4/igemm_kernel_8x8_zvl256b_lmul1_unroll4_i8i32.c
    run 1: OK GOPS=20.700375 time=0.103741292 threads=8 validation=1
      static split: IME:26;RVV:6
      schedule: static chunk=0
      completed output strips: IME:26;RVV:6
      workers: 0:cpu0:IME:tiles7;1:cpu1:IME:tiles7;2:cpu2:IME:tiles6;3:cpu3:IME:tiles6;4:cpu4:RVV:tiles2;5:cpu5:RVV:tiles2;6:cpu6:RVV:tiles1;7:cpu7:RVV:tiles1
    run 2: OK GOPS=20.079957 time=0.106946625 threads=8 validation=0
      static split: IME:26;RVV:6
      schedule: static chunk=0
      completed output strips: IME:26;RVV:6
      workers: 0:cpu0:IME:tiles7;1:cpu1:IME:tiles7;2:cpu2:IME:tiles6;3:cpu3:IME:tiles6;4:cpu4:RVV:tiles2;5:cpu5:RVV:tiles2;6:cpu6:RVV:tiles1;7:cpu7:RVV:tiles1
    run 3: OK GOPS=20.754541 time=0.103470542 threads=8 validation=0
      static split: IME:26;RVV:6
      schedule: static chunk=0
      completed output strips: IME:26;RVV:6
      workers: 0:cpu0:IME:tiles7;1:cpu1:IME:tiles7;2:cpu2:IME:tiles6;3:cpu3:IME:tiles6;4:cpu4:RVV:tiles2;5:cpu5:RVV:tiles2;6:cpu6:RVV:tiles1;7:cpu7:RVV:tiles1
    run 4: OK GOPS=18.364777 time=0.116934918 threads=8 validation=0
      static split: IME:26;RVV:6
      schedule: static chunk=0
      completed output strips: IME:26;RVV:6
      workers: 0:cpu0:IME:tiles7;1:cpu1:IME:tiles7;2:cpu2:IME:tiles6;3:cpu3:IME:tiles6;4:cpu4:RVV:tiles2;5:cpu5:RVV:tiles2;6:cpu6:RVV:tiles1;7:cpu7:RVV:tiles1
    run 5: OK GOPS=19.042667 time=0.112772208 threads=8 validation=0
      static split: IME:26;RVV:6
      schedule: static chunk=0
      completed output strips: IME:26;RVV:6
      workers: 0:cpu0:IME:tiles7;1:cpu1:IME:tiles7;2:cpu2:IME:tiles6;3:cpu3:IME:tiles6;4:cpu4:RVV:tiles2;5:cpu5:RVV:tiles2;6:cpu6:RVV:tiles1;7:cpu7:RVV:tiles1
    run 6: OK GOPS=19.278119 time=0.111394875 threads=8 validation=0
      static split: IME:26;RVV:6
      schedule: static chunk=0
      completed output strips: IME:26;RVV:6
      workers: 0:cpu0:IME:tiles7;1:cpu1:IME:tiles7;2:cpu2:IME:tiles6;3:cpu3:IME:tiles6;4:cpu4:RVV:tiles2;5:cpu5:RVV:tiles2;6:cpu6:RVV:tiles1;7:cpu7:RVV:tiles1
============================================================
KERNEL: ime_kernel_8x8_zvl256b_lmul1_unroll8
  MODE: K1 heterogeneous OpenMP RVV-IME execution
  BASELINE: IME_NATIVE_KERNELS
  FAMILY: IME_GEMM_INT8_I8I32_8x8_NATIVE
  PATH: INT8 heterogeneous native-IME/RVV GEMM (INT8 x INT8 -> INT32)
  TILE: 8x8 ZVL=256b LMUL=1 UNROLL=8
  WORK: M=1024 N=1024 K=1024 tile_N=32 runs=6
  CORES: cores 0-3 execute native IME; cores 4-7 call the RVV kernel directly
  INPUT_CONTRACT: IME_FULL_K_MAJOR
PRIMARY_SOURCE=/home/bananapi/MAT/kernels riscv rvv 1.0/FINAL/riscv-rvv-ime-gemm-microkernels-updated/IME_NATIVE_KERNELS/IME_GEMM_INT8_I8I32_8x8_NATIVE/ime_kernel_8x8_zvl256b_lmul1_unroll8/ime_kernel_8x8_zvl256b_lmul1_unroll8.c
MIXED_RVV_SOURCE=/home/bananapi/MAT/kernels riscv rvv 1.0/FINAL/riscv-rvv-ime-gemm-microkernels-updated/GEMM_RVV_FP32_INT8_8x8_Baseline/RVV_IGEMM_INT8_I8I32_8x8/igemm_kernel_8x8_zvl256b_lmul1_unroll8/igemm_kernel_8x8_zvl256b_lmul1_unroll8_i8i32.c
    run 1: OK GOPS=19.541683 time=0.109892461 threads=8 validation=1
      static split: IME:26;RVV:6
      schedule: static chunk=0
      completed output strips: IME:26;RVV:6
      workers: 0:cpu0:IME:tiles7;1:cpu1:IME:tiles7;2:cpu2:IME:tiles6;3:cpu3:IME:tiles6;4:cpu4:RVV:tiles2;5:cpu5:RVV:tiles2;6:cpu6:RVV:tiles1;7:cpu7:RVV:tiles1
    run 2: OK GOPS=18.987261 time=0.113101289 threads=8 validation=0
      static split: IME:26;RVV:6
      schedule: static chunk=0
      completed output strips: IME:26;RVV:6
      workers: 0:cpu0:IME:tiles7;1:cpu1:IME:tiles7;2:cpu2:IME:tiles6;3:cpu3:IME:tiles6;4:cpu4:RVV:tiles2;5:cpu5:RVV:tiles2;6:cpu6:RVV:tiles1;7:cpu7:RVV:tiles1
    run 3: OK GOPS=19.527372 time=0.109972998 threads=8 validation=0
      static split: IME:26;RVV:6
      schedule: static chunk=0
      completed output strips: IME:26;RVV:6
      workers: 0:cpu0:IME:tiles7;1:cpu1:IME:tiles7;2:cpu2:IME:tiles6;3:cpu3:IME:tiles6;4:cpu4:RVV:tiles2;5:cpu5:RVV:tiles2;6:cpu6:RVV:tiles1;7:cpu7:RVV:tiles1
    run 4: OK GOPS=20.256000 time=0.106017165 threads=8 validation=0
      static split: IME:26;RVV:6
      schedule: static chunk=0
      completed output strips: IME:26;RVV:6
      workers: 0:cpu0:IME:tiles7;1:cpu1:IME:tiles7;2:cpu2:IME:tiles6;3:cpu3:IME:tiles6;4:cpu4:RVV:tiles2;5:cpu5:RVV:tiles2;6:cpu6:RVV:tiles1;7:cpu7:RVV:tiles1
    run 5: OK GOPS=22.215052 time=0.096667957 threads=8 validation=0
      static split: IME:26;RVV:6
      schedule: static chunk=0
      completed output strips: IME:26;RVV:6
      workers: 0:cpu0:IME:tiles7;1:cpu1:IME:tiles7;2:cpu2:IME:tiles6;3:cpu3:IME:tiles6;4:cpu4:RVV:tiles2;5:cpu5:RVV:tiles2;6:cpu6:RVV:tiles1;7:cpu7:RVV:tiles1
    run 6: OK GOPS=19.443904 time=0.110445086 threads=8 validation=0
      static split: IME:26;RVV:6
      schedule: static chunk=0
      completed output strips: IME:26;RVV:6
      workers: 0:cpu0:IME:tiles7;1:cpu1:IME:tiles7;2:cpu2:IME:tiles6;3:cpu3:IME:tiles6;4:cpu4:RVV:tiles2;5:cpu5:RVV:tiles2;6:cpu6:RVV:tiles1;7:cpu7:RVV:tiles1
SKIP_EXPERIMENTAL_MF2=ime_kernel_8x8_zvl256b_lmulmf2_unroll1
SKIP_EXPERIMENTAL_MF2=ime_kernel_8x8_zvl256b_lmulmf2_unroll2
SKIP_EXPERIMENTAL_MF2=ime_kernel_8x8_zvl256b_lmulmf2_unroll4
SKIP_EXPERIMENTAL_MF2=ime_kernel_8x8_zvl256b_lmulmf2_unroll8
============================================================
DONE status=FAILED
kernels_built=4
ok_runs=24
failed_runs=0
build_failed=4
Raw CSV: /home/bananapi/MAT/kernels riscv rvv 1.0/FINAL/riscv-rvv-ime-gemm-microkernels-updated/HETEROGENEOUS_RVV_IME_OPENMP_GEMM/results/openmp_results_k1-mixed-rvv-ime-static_1024_20260904_111401/openmp_raw_k1-mixed-rvv-ime-static_1024_runs6_20260904_111401.csv
Summary CSV: /home/bananapi/MAT/kernels riscv rvv 1.0/FINAL/riscv-rvv-ime-gemm-microkernels-updated/HETEROGENEOUS_RVV_IME_OPENMP_GEMM/results/openmp_results_k1-mixed-rvv-ime-static_1024_20260904_111401/openmp_summary_k1-mixed-rvv-ime-static_1024_runs6_20260904_111401.csv
Latest raw CSV: /home/bananapi/MAT/kernels riscv rvv 1.0/FINAL/riscv-rvv-ime-gemm-microkernels-updated/HETEROGENEOUS_RVV_IME_OPENMP_GEMM/results/openmp_raw_latest_k1-mixed-rvv-ime-static.csv
Latest summary CSV: /home/bananapi/MAT/kernels riscv rvv 1.0/FINAL/riscv-rvv-ime-gemm-microkernels-updated/HETEROGENEOUS_RVV_IME_OPENMP_GEMM/results/openmp_summary_latest_k1-mixed-rvv-ime-static.csv
Latest live log: /home/bananapi/MAT/kernels riscv rvv 1.0/FINAL/riscv-rvv-ime-gemm-microkernels-updated/HETEROGENEOUS_RVV_IME_OPENMP_GEMM/results/openmp_live_latest_k1-mixed-rvv-ime-static.log
Raw logs: /home/bananapi/MAT/kernels riscv rvv 1.0/FINAL/riscv-rvv-ime-gemm-microkernels-updated/HETEROGENEOUS_RVV_IME_OPENMP_GEMM/results/openmp_results_k1-mixed-rvv-ime-static_1024_20260904_111401/raw_logs
============================================================
MODE_DONE=k1-mixed-rvv-ime schedule=static status=FAILED rc=1
============================================================
Heterogeneous dynamic run: OpenMP assigns the next available tile chunk
MODE=k1-mixed-rvv-ime schedule=dynamic chunk=1 M=1024 N=1024 K=1024 tile_N=32 runs=6
============================================================
OpenMP all-kernel tiled GEMM campaign
MODE=k1-mixed-rvv-ime (K1 heterogeneous OpenMP RVV-IME execution) M=1024 N=1024 K=1024 tile_N=32 RUNS=6
CORE_PLAN=cores 0-3 execute native IME; cores 4-7 call the RVV kernel directly
PROJECT_ROOT=/home/bananapi/MAT/kernels riscv rvv 1.0/FINAL/riscv-rvv-ime-gemm-microkernels-updated
RESULT_DIR=/home/bananapi/MAT/kernels riscv rvv 1.0/FINAL/riscv-rvv-ime-gemm-microkernels-updated/HETEROGENEOUS_RVV_IME_OPENMP_GEMM/results/openmp_results_k1-mixed-rvv-ime-dynamic_1024_20260904_111745
COMPILER=gcc (Bianbu 14.2.0-4ubuntu2~24.04bb1) 14.2.0
BUILD_FLAGS=-O3 -std=c11 -Wall -Wextra -Wno-unknown-pragmas -fopenmp -march=rv64gcv_zvl256b -mabi=lp64d
OMP_NUM_THREADS=8 OMP_PROC_BIND=close OMP_PLACES=cores OMP_DYNAMIC=false OMP_MAX_ACTIVE_LEVELS=2
TILE_SCHEDULE=dynamic DYNAMIC_CHUNK=1
GEMM_VALIDATE=1 VALIDATE_EACH_RUN=0 GEMM_WARMUP=1 ENABLE_MF2=0 BUILD_ONLY=0 ZVL_FILTER=256b KERNEL_FILTER=* KIND_FILTER=* PERF_STAT=0 STATIC_IME_WEIGHT=4 STATIC_RVV_WEIGHT=1
Cpus_allowed_list:	0-7
MEMORY_NODES_ONLINE=not_exposed
CLUSTER_PLACEMENT=exact_core_affinity; contiguous_output_ownership
============================================================
KERNEL: ime_kernel_8x4_zvl256b_lmul1_unroll1
  MODE: K1 heterogeneous OpenMP RVV-IME execution
  BASELINE: IME_NATIVE_KERNELS
  FAMILY: IME_GEMM_INT8_I8I32_8x4_NATIVE
  PATH: INT8 heterogeneous native-IME/RVV GEMM (INT8 x INT8 -> INT32)
  TILE: 8x4 ZVL=256b LMUL=1 UNROLL=1
  WORK: M=1024 N=1024 K=1024 tile_N=32 runs=6
  CORES: cores 0-3 execute native IME; cores 4-7 call the RVV kernel directly
  INPUT_CONTRACT: IME_FULL_K_MAJOR
PRIMARY_SOURCE=/home/bananapi/MAT/kernels riscv rvv 1.0/FINAL/riscv-rvv-ime-gemm-microkernels-updated/IME_NATIVE_KERNELS/IME_GEMM_INT8_I8I32_8x4_NATIVE/ime_kernel_8x4_zvl256b_lmul1_unroll1/ime_kernel_8x4_zvl256b_lmul1_unroll1.c
MIXED_RVV_SOURCE=/home/bananapi/MAT/kernels riscv rvv 1.0/FINAL/riscv-rvv-ime-gemm-microkernels-updated/GEMM_RVV_FP32_INT8_8x4_Baseline/RVV_IGEMM_INT8_I8I32_8x4/igemm_kernel_8x4_zvl256b_lmul1_unroll1/igemm_kernel_8x4_zvl256b_lmul1_unroll1_i8i32.c
BUILD_FAILED: /home/bananapi/MAT/kernels riscv rvv 1.0/FINAL/riscv-rvv-ime-gemm-microkernels-updated/HETEROGENEOUS_RVV_IME_OPENMP_GEMM/results/openmp_results_k1-mixed-rvv-ime-dynamic_1024_20260904_111745/raw_logs/IME_NATIVE_KERNELS_IME_GEMM_INT8_I8I32_8x4_NATIVE_ime_kernel_8x4_zvl256b_lmul1_unroll1_build.log
============================================================
KERNEL: ime_kernel_8x4_zvl256b_lmul1_unroll2
  MODE: K1 heterogeneous OpenMP RVV-IME execution
  BASELINE: IME_NATIVE_KERNELS
  FAMILY: IME_GEMM_INT8_I8I32_8x4_NATIVE
  PATH: INT8 heterogeneous native-IME/RVV GEMM (INT8 x INT8 -> INT32)
  TILE: 8x4 ZVL=256b LMUL=1 UNROLL=2
  WORK: M=1024 N=1024 K=1024 tile_N=32 runs=6
  CORES: cores 0-3 execute native IME; cores 4-7 call the RVV kernel directly
  INPUT_CONTRACT: IME_FULL_K_MAJOR
PRIMARY_SOURCE=/home/bananapi/MAT/kernels riscv rvv 1.0/FINAL/riscv-rvv-ime-gemm-microkernels-updated/IME_NATIVE_KERNELS/IME_GEMM_INT8_I8I32_8x4_NATIVE/ime_kernel_8x4_zvl256b_lmul1_unroll2/ime_kernel_8x4_zvl256b_lmul1_unroll2.c
MIXED_RVV_SOURCE=/home/bananapi/MAT/kernels riscv rvv 1.0/FINAL/riscv-rvv-ime-gemm-microkernels-updated/GEMM_RVV_FP32_INT8_8x4_Baseline/RVV_IGEMM_INT8_I8I32_8x4/igemm_kernel_8x4_zvl256b_lmul1_unroll2/igemm_kernel_8x4_zvl256b_lmul1_unroll2_i8i32.c
BUILD_FAILED: /home/bananapi/MAT/kernels riscv rvv 1.0/FINAL/riscv-rvv-ime-gemm-microkernels-updated/HETEROGENEOUS_RVV_IME_OPENMP_GEMM/results/openmp_results_k1-mixed-rvv-ime-dynamic_1024_20260904_111745/raw_logs/IME_NATIVE_KERNELS_IME_GEMM_INT8_I8I32_8x4_NATIVE_ime_kernel_8x4_zvl256b_lmul1_unroll2_build.log
============================================================
KERNEL: ime_kernel_8x4_zvl256b_lmul1_unroll4
  MODE: K1 heterogeneous OpenMP RVV-IME execution
  BASELINE: IME_NATIVE_KERNELS
  FAMILY: IME_GEMM_INT8_I8I32_8x4_NATIVE
  PATH: INT8 heterogeneous native-IME/RVV GEMM (INT8 x INT8 -> INT32)
  TILE: 8x4 ZVL=256b LMUL=1 UNROLL=4
  WORK: M=1024 N=1024 K=1024 tile_N=32 runs=6
  CORES: cores 0-3 execute native IME; cores 4-7 call the RVV kernel directly
  INPUT_CONTRACT: IME_FULL_K_MAJOR
PRIMARY_SOURCE=/home/bananapi/MAT/kernels riscv rvv 1.0/FINAL/riscv-rvv-ime-gemm-microkernels-updated/IME_NATIVE_KERNELS/IME_GEMM_INT8_I8I32_8x4_NATIVE/ime_kernel_8x4_zvl256b_lmul1_unroll4/ime_kernel_8x4_zvl256b_lmul1_unroll4.c
MIXED_RVV_SOURCE=/home/bananapi/MAT/kernels riscv rvv 1.0/FINAL/riscv-rvv-ime-gemm-microkernels-updated/GEMM_RVV_FP32_INT8_8x4_Baseline/RVV_IGEMM_INT8_I8I32_8x4/igemm_kernel_8x4_zvl256b_lmul1_unroll4/igemm_kernel_8x4_zvl256b_lmul1_unroll4_i8i32.c
BUILD_FAILED: /home/bananapi/MAT/kernels riscv rvv 1.0/FINAL/riscv-rvv-ime-gemm-microkernels-updated/HETEROGENEOUS_RVV_IME_OPENMP_GEMM/results/openmp_results_k1-mixed-rvv-ime-dynamic_1024_20260904_111745/raw_logs/IME_NATIVE_KERNELS_IME_GEMM_INT8_I8I32_8x4_NATIVE_ime_kernel_8x4_zvl256b_lmul1_unroll4_build.log
============================================================
KERNEL: ime_kernel_8x4_zvl256b_lmul1_unroll8
  MODE: K1 heterogeneous OpenMP RVV-IME execution
  BASELINE: IME_NATIVE_KERNELS
  FAMILY: IME_GEMM_INT8_I8I32_8x4_NATIVE
  PATH: INT8 heterogeneous native-IME/RVV GEMM (INT8 x INT8 -> INT32)
  TILE: 8x4 ZVL=256b LMUL=1 UNROLL=8
  WORK: M=1024 N=1024 K=1024 tile_N=32 runs=6
  CORES: cores 0-3 execute native IME; cores 4-7 call the RVV kernel directly
  INPUT_CONTRACT: IME_FULL_K_MAJOR
PRIMARY_SOURCE=/home/bananapi/MAT/kernels riscv rvv 1.0/FINAL/riscv-rvv-ime-gemm-microkernels-updated/IME_NATIVE_KERNELS/IME_GEMM_INT8_I8I32_8x4_NATIVE/ime_kernel_8x4_zvl256b_lmul1_unroll8/ime_kernel_8x4_zvl256b_lmul1_unroll8.c
MIXED_RVV_SOURCE=/home/bananapi/MAT/kernels riscv rvv 1.0/FINAL/riscv-rvv-ime-gemm-microkernels-updated/GEMM_RVV_FP32_INT8_8x4_Baseline/RVV_IGEMM_INT8_I8I32_8x4/igemm_kernel_8x4_zvl256b_lmul1_unroll8/igemm_kernel_8x4_zvl256b_lmul1_unroll8_i8i32.c
BUILD_FAILED: /home/bananapi/MAT/kernels riscv rvv 1.0/FINAL/riscv-rvv-ime-gemm-microkernels-updated/HETEROGENEOUS_RVV_IME_OPENMP_GEMM/results/openmp_results_k1-mixed-rvv-ime-dynamic_1024_20260904_111745/raw_logs/IME_NATIVE_KERNELS_IME_GEMM_INT8_I8I32_8x4_NATIVE_ime_kernel_8x4_zvl256b_lmul1_unroll8_build.log
SKIP_EXPERIMENTAL_MF2=ime_kernel_8x4_zvl256b_lmulmf2_unroll1
SKIP_EXPERIMENTAL_MF2=ime_kernel_8x4_zvl256b_lmulmf2_unroll2
SKIP_EXPERIMENTAL_MF2=ime_kernel_8x4_zvl256b_lmulmf2_unroll4
SKIP_EXPERIMENTAL_MF2=ime_kernel_8x4_zvl256b_lmulmf2_unroll8
============================================================
KERNEL: ime_kernel_8x8_zvl256b_lmul1_unroll1
  MODE: K1 heterogeneous OpenMP RVV-IME execution
  BASELINE: IME_NATIVE_KERNELS
  FAMILY: IME_GEMM_INT8_I8I32_8x8_NATIVE
  PATH: INT8 heterogeneous native-IME/RVV GEMM (INT8 x INT8 -> INT32)
  TILE: 8x8 ZVL=256b LMUL=1 UNROLL=1
  WORK: M=1024 N=1024 K=1024 tile_N=32 runs=6
  CORES: cores 0-3 execute native IME; cores 4-7 call the RVV kernel directly
  INPUT_CONTRACT: IME_FULL_K_MAJOR
PRIMARY_SOURCE=/home/bananapi/MAT/kernels riscv rvv 1.0/FINAL/riscv-rvv-ime-gemm-microkernels-updated/IME_NATIVE_KERNELS/IME_GEMM_INT8_I8I32_8x8_NATIVE/ime_kernel_8x8_zvl256b_lmul1_unroll1/ime_kernel_8x8_zvl256b_lmul1_unroll1.c
MIXED_RVV_SOURCE=/home/bananapi/MAT/kernels riscv rvv 1.0/FINAL/riscv-rvv-ime-gemm-microkernels-updated/GEMM_RVV_FP32_INT8_8x8_Baseline/RVV_IGEMM_INT8_I8I32_8x8/igemm_kernel_8x8_zvl256b_lmul1_unroll1/igemm_kernel_8x8_zvl256b_lmul1_unroll1_i8i32.c
    run 1: OK GOPS=23.631627 time=0.090873290 threads=8 validation=1
      schedule: dynamic chunk=1
      completed output strips: IME:24;RVV:8
      workers: 0:cpu0:IME:tiles6;1:cpu1:IME:tiles6;2:cpu2:IME:tiles6;3:cpu3:IME:tiles6;4:cpu4:RVV:tiles2;5:cpu5:RVV:tiles2;6:cpu6:RVV:tiles2;7:cpu7:RVV:tiles2
    run 2: OK GOPS=23.480106 time=0.091459710 threads=8 validation=0
      schedule: dynamic chunk=1
      completed output strips: IME:24;RVV:8
      workers: 0:cpu0:IME:tiles6;1:cpu1:IME:tiles6;2:cpu2:IME:tiles6;3:cpu3:IME:tiles6;4:cpu4:RVV:tiles2;5:cpu5:RVV:tiles2;6:cpu6:RVV:tiles2;7:cpu7:RVV:tiles2
    run 3: OK GOPS=22.924455 time=0.093676541 threads=8 validation=0
      schedule: dynamic chunk=1
      completed output strips: IME:24;RVV:8
      workers: 0:cpu0:IME:tiles6;1:cpu1:IME:tiles6;2:cpu2:IME:tiles6;3:cpu3:IME:tiles6;4:cpu4:RVV:tiles2;5:cpu5:RVV:tiles2;6:cpu6:RVV:tiles2;7:cpu7:RVV:tiles2
    run 4: OK GOPS=23.622734 time=0.090907499 threads=8 validation=0
      schedule: dynamic chunk=1
      completed output strips: IME:24;RVV:8
      workers: 0:cpu0:IME:tiles6;1:cpu1:IME:tiles6;2:cpu2:IME:tiles6;3:cpu3:IME:tiles6;4:cpu4:RVV:tiles2;5:cpu5:RVV:tiles2;6:cpu6:RVV:tiles2;7:cpu7:RVV:tiles2
    run 5: OK GOPS=23.021857 time=0.093280211 threads=8 validation=0
      schedule: dynamic chunk=1
      completed output strips: IME:24;RVV:8
      workers: 0:cpu0:IME:tiles6;1:cpu1:IME:tiles6;2:cpu2:IME:tiles6;3:cpu3:IME:tiles6;4:cpu4:RVV:tiles2;5:cpu5:RVV:tiles2;6:cpu6:RVV:tiles2;7:cpu7:RVV:tiles2
    run 6: OK GOPS=23.604580 time=0.090977415 threads=8 validation=0
      schedule: dynamic chunk=1
      completed output strips: IME:24;RVV:8
      workers: 0:cpu0:IME:tiles6;1:cpu1:IME:tiles6;2:cpu2:IME:tiles6;3:cpu3:IME:tiles6;4:cpu4:RVV:tiles2;5:cpu5:RVV:tiles2;6:cpu6:RVV:tiles2;7:cpu7:RVV:tiles2
============================================================
KERNEL: ime_kernel_8x8_zvl256b_lmul1_unroll2
  MODE: K1 heterogeneous OpenMP RVV-IME execution
  BASELINE: IME_NATIVE_KERNELS
  FAMILY: IME_GEMM_INT8_I8I32_8x8_NATIVE
  PATH: INT8 heterogeneous native-IME/RVV GEMM (INT8 x INT8 -> INT32)
  TILE: 8x8 ZVL=256b LMUL=1 UNROLL=2
  WORK: M=1024 N=1024 K=1024 tile_N=32 runs=6
  CORES: cores 0-3 execute native IME; cores 4-7 call the RVV kernel directly
  INPUT_CONTRACT: IME_FULL_K_MAJOR
PRIMARY_SOURCE=/home/bananapi/MAT/kernels riscv rvv 1.0/FINAL/riscv-rvv-ime-gemm-microkernels-updated/IME_NATIVE_KERNELS/IME_GEMM_INT8_I8I32_8x8_NATIVE/ime_kernel_8x8_zvl256b_lmul1_unroll2/ime_kernel_8x8_zvl256b_lmul1_unroll2.c
MIXED_RVV_SOURCE=/home/bananapi/MAT/kernels riscv rvv 1.0/FINAL/riscv-rvv-ime-gemm-microkernels-updated/GEMM_RVV_FP32_INT8_8x8_Baseline/RVV_IGEMM_INT8_I8I32_8x8/igemm_kernel_8x8_zvl256b_lmul1_unroll2/igemm_kernel_8x8_zvl256b_lmul1_unroll2_i8i32.c
    run 1: OK GOPS=21.131364 time=0.101625416 threads=8 validation=1
      schedule: dynamic chunk=1
      completed output strips: IME:24;RVV:8
      workers: 0:cpu0:IME:tiles6;1:cpu1:IME:tiles6;2:cpu2:IME:tiles6;3:cpu3:IME:tiles6;4:cpu4:RVV:tiles2;5:cpu5:RVV:tiles2;6:cpu6:RVV:tiles2;7:cpu7:RVV:tiles2
    run 2: OK GOPS=21.313970 time=0.100754749 threads=8 validation=0
      schedule: dynamic chunk=1
      completed output strips: IME:24;RVV:8
      workers: 0:cpu0:IME:tiles6;1:cpu1:IME:tiles6;2:cpu2:IME:tiles6;3:cpu3:IME:tiles6;4:cpu4:RVV:tiles2;5:cpu5:RVV:tiles2;6:cpu6:RVV:tiles2;7:cpu7:RVV:tiles2
    run 3: OK GOPS=20.146249 time=0.106594712 threads=8 validation=0
      schedule: dynamic chunk=1
      completed output strips: IME:24;RVV:8
      workers: 0:cpu0:IME:tiles6;1:cpu1:IME:tiles6;2:cpu2:IME:tiles7;3:cpu3:IME:tiles5;4:cpu4:RVV:tiles2;5:cpu5:RVV:tiles2;6:cpu6:RVV:tiles2;7:cpu7:RVV:tiles2
    run 4: OK GOPS=21.315107 time=0.100749373 threads=8 validation=0
      schedule: dynamic chunk=1
      completed output strips: IME:24;RVV:8
      workers: 0:cpu0:IME:tiles6;1:cpu1:IME:tiles6;2:cpu2:IME:tiles5;3:cpu3:IME:tiles7;4:cpu4:RVV:tiles2;5:cpu5:RVV:tiles2;6:cpu6:RVV:tiles2;7:cpu7:RVV:tiles2
    run 5: OK GOPS=19.761559 time=0.108669750 threads=8 validation=0
      schedule: dynamic chunk=1
      completed output strips: IME:24;RVV:8
      workers: 0:cpu0:IME:tiles5;1:cpu1:IME:tiles5;2:cpu2:IME:tiles8;3:cpu3:IME:tiles6;4:cpu4:RVV:tiles2;5:cpu5:RVV:tiles2;6:cpu6:RVV:tiles2;7:cpu7:RVV:tiles2
    run 6: OK GOPS=20.036796 time=0.107176997 threads=8 validation=0
      schedule: dynamic chunk=1
      completed output strips: IME:24;RVV:8
      workers: 0:cpu0:IME:tiles6;1:cpu1:IME:tiles6;2:cpu2:IME:tiles6;3:cpu3:IME:tiles6;4:cpu4:RVV:tiles2;5:cpu5:RVV:tiles2;6:cpu6:RVV:tiles2;7:cpu7:RVV:tiles2
============================================================
KERNEL: ime_kernel_8x8_zvl256b_lmul1_unroll4
  MODE: K1 heterogeneous OpenMP RVV-IME execution
  BASELINE: IME_NATIVE_KERNELS
  FAMILY: IME_GEMM_INT8_I8I32_8x8_NATIVE
  PATH: INT8 heterogeneous native-IME/RVV GEMM (INT8 x INT8 -> INT32)
  TILE: 8x8 ZVL=256b LMUL=1 UNROLL=4
  WORK: M=1024 N=1024 K=1024 tile_N=32 runs=6
  CORES: cores 0-3 execute native IME; cores 4-7 call the RVV kernel directly
  INPUT_CONTRACT: IME_FULL_K_MAJOR
PRIMARY_SOURCE=/home/bananapi/MAT/kernels riscv rvv 1.0/FINAL/riscv-rvv-ime-gemm-microkernels-updated/IME_NATIVE_KERNELS/IME_GEMM_INT8_I8I32_8x8_NATIVE/ime_kernel_8x8_zvl256b_lmul1_unroll4/ime_kernel_8x8_zvl256b_lmul1_unroll4.c
MIXED_RVV_SOURCE=/home/bananapi/MAT/kernels riscv rvv 1.0/FINAL/riscv-rvv-ime-gemm-microkernels-updated/GEMM_RVV_FP32_INT8_8x8_Baseline/RVV_IGEMM_INT8_I8I32_8x8/igemm_kernel_8x8_zvl256b_lmul1_unroll4/igemm_kernel_8x8_zvl256b_lmul1_unroll4_i8i32.c
    run 1: OK GOPS=21.063734 time=0.101951707 threads=8 validation=1
      schedule: dynamic chunk=1
      completed output strips: IME:24;RVV:8
      workers: 0:cpu0:IME:tiles5;1:cpu1:IME:tiles6;2:cpu2:IME:tiles8;3:cpu3:IME:tiles5;4:cpu4:RVV:tiles2;5:cpu5:RVV:tiles2;6:cpu6:RVV:tiles2;7:cpu7:RVV:tiles2
    run 2: OK GOPS=20.486907 time=0.104822248 threads=8 validation=0
      schedule: dynamic chunk=1
      completed output strips: IME:24;RVV:8
      workers: 0:cpu0:IME:tiles6;1:cpu1:IME:tiles6;2:cpu2:IME:tiles6;3:cpu3:IME:tiles6;4:cpu4:RVV:tiles2;5:cpu5:RVV:tiles2;6:cpu6:RVV:tiles2;7:cpu7:RVV:tiles2
    run 3: OK GOPS=21.403190 time=0.100334749 threads=8 validation=0
      schedule: dynamic chunk=1
      completed output strips: IME:24;RVV:8
      workers: 0:cpu0:IME:tiles4;1:cpu1:IME:tiles7;2:cpu2:IME:tiles8;3:cpu3:IME:tiles5;4:cpu4:RVV:tiles2;5:cpu5:RVV:tiles2;6:cpu6:RVV:tiles2;7:cpu7:RVV:tiles2
    run 4: OK GOPS=20.921234 time=0.102646127 threads=8 validation=0
      schedule: dynamic chunk=1
      completed output strips: IME:24;RVV:8
      workers: 0:cpu0:IME:tiles6;1:cpu1:IME:tiles6;2:cpu2:IME:tiles6;3:cpu3:IME:tiles6;4:cpu4:RVV:tiles2;5:cpu5:RVV:tiles2;6:cpu6:RVV:tiles2;7:cpu7:RVV:tiles2
    run 5: OK GOPS=21.198043 time=0.101305749 threads=8 validation=0
      schedule: dynamic chunk=1
      completed output strips: IME:24;RVV:8
      workers: 0:cpu0:IME:tiles5;1:cpu1:IME:tiles5;2:cpu2:IME:tiles6;3:cpu3:IME:tiles8;4:cpu4:RVV:tiles2;5:cpu5:RVV:tiles2;6:cpu6:RVV:tiles2;7:cpu7:RVV:tiles2
    run 6: OK GOPS=21.242750 time=0.101092543 threads=8 validation=0
      schedule: dynamic chunk=1
      completed output strips: IME:24;RVV:8
      workers: 0:cpu0:IME:tiles6;1:cpu1:IME:tiles5;2:cpu2:IME:tiles8;3:cpu3:IME:tiles5;4:cpu4:RVV:tiles2;5:cpu5:RVV:tiles2;6:cpu6:RVV:tiles2;7:cpu7:RVV:tiles2
============================================================
KERNEL: ime_kernel_8x8_zvl256b_lmul1_unroll8
  MODE: K1 heterogeneous OpenMP RVV-IME execution
  BASELINE: IME_NATIVE_KERNELS
  FAMILY: IME_GEMM_INT8_I8I32_8x8_NATIVE
  PATH: INT8 heterogeneous native-IME/RVV GEMM (INT8 x INT8 -> INT32)
  TILE: 8x8 ZVL=256b LMUL=1 UNROLL=8
  WORK: M=1024 N=1024 K=1024 tile_N=32 runs=6
  CORES: cores 0-3 execute native IME; cores 4-7 call the RVV kernel directly
  INPUT_CONTRACT: IME_FULL_K_MAJOR
PRIMARY_SOURCE=/home/bananapi/MAT/kernels riscv rvv 1.0/FINAL/riscv-rvv-ime-gemm-microkernels-updated/IME_NATIVE_KERNELS/IME_GEMM_INT8_I8I32_8x8_NATIVE/ime_kernel_8x8_zvl256b_lmul1_unroll8/ime_kernel_8x8_zvl256b_lmul1_unroll8.c
MIXED_RVV_SOURCE=/home/bananapi/MAT/kernels riscv rvv 1.0/FINAL/riscv-rvv-ime-gemm-microkernels-updated/GEMM_RVV_FP32_INT8_8x8_Baseline/RVV_IGEMM_INT8_I8I32_8x8/igemm_kernel_8x8_zvl256b_lmul1_unroll8/igemm_kernel_8x8_zvl256b_lmul1_unroll8_i8i32.c
    run 1: OK GOPS=22.264455 time=0.096453458 threads=8 validation=1
      schedule: dynamic chunk=1
      completed output strips: IME:24;RVV:8
      workers: 0:cpu0:IME:tiles6;1:cpu1:IME:tiles6;2:cpu2:IME:tiles6;3:cpu3:IME:tiles6;4:cpu4:RVV:tiles2;5:cpu5:RVV:tiles2;6:cpu6:RVV:tiles2;7:cpu7:RVV:tiles2
    run 2: OK GOPS=20.987925 time=0.102319960 threads=8 validation=0
      schedule: dynamic chunk=1
      completed output strips: IME:24;RVV:8
      workers: 0:cpu0:IME:tiles7;1:cpu1:IME:tiles7;2:cpu2:IME:tiles5;3:cpu3:IME:tiles5;4:cpu4:RVV:tiles2;5:cpu5:RVV:tiles2;6:cpu6:RVV:tiles2;7:cpu7:RVV:tiles2
    run 3: OK GOPS=22.413943 time=0.095810167 threads=8 validation=0
      schedule: dynamic chunk=1
      completed output strips: IME:24;RVV:8
      workers: 0:cpu0:IME:tiles5;1:cpu1:IME:tiles7;2:cpu2:IME:tiles5;3:cpu3:IME:tiles7;4:cpu4:RVV:tiles2;5:cpu5:RVV:tiles2;6:cpu6:RVV:tiles2;7:cpu7:RVV:tiles2
    run 4: OK GOPS=22.898615 time=0.093782250 threads=8 validation=0
      schedule: dynamic chunk=1
      completed output strips: IME:24;RVV:8
      workers: 0:cpu0:IME:tiles6;1:cpu1:IME:tiles6;2:cpu2:IME:tiles6;3:cpu3:IME:tiles6;4:cpu4:RVV:tiles2;5:cpu5:RVV:tiles2;6:cpu6:RVV:tiles2;7:cpu7:RVV:tiles2
    run 5: OK GOPS=20.934848 time=0.102579374 threads=8 validation=0
      schedule: dynamic chunk=1
      completed output strips: IME:24;RVV:8
      workers: 0:cpu0:IME:tiles6;1:cpu1:IME:tiles7;2:cpu2:IME:tiles6;3:cpu3:IME:tiles5;4:cpu4:RVV:tiles2;5:cpu5:RVV:tiles2;6:cpu6:RVV:tiles2;7:cpu7:RVV:tiles2
    run 6: OK GOPS=21.883298 time=0.098133456 threads=8 validation=0
      schedule: dynamic chunk=1
      completed output strips: IME:24;RVV:8
      workers: 0:cpu0:IME:tiles5;1:cpu1:IME:tiles6;2:cpu2:IME:tiles5;3:cpu3:IME:tiles8;4:cpu4:RVV:tiles2;5:cpu5:RVV:tiles2;6:cpu6:RVV:tiles2;7:cpu7:RVV:tiles2
SKIP_EXPERIMENTAL_MF2=ime_kernel_8x8_zvl256b_lmulmf2_unroll1
SKIP_EXPERIMENTAL_MF2=ime_kernel_8x8_zvl256b_lmulmf2_unroll2
SKIP_EXPERIMENTAL_MF2=ime_kernel_8x8_zvl256b_lmulmf2_unroll4
SKIP_EXPERIMENTAL_MF2=ime_kernel_8x8_zvl256b_lmulmf2_unroll8
============================================================
DONE status=FAILED
kernels_built=4
ok_runs=24
failed_runs=0
build_failed=4
Raw CSV: /home/bananapi/MAT/kernels riscv rvv 1.0/FINAL/riscv-rvv-ime-gemm-microkernels-updated/HETEROGENEOUS_RVV_IME_OPENMP_GEMM/results/openmp_results_k1-mixed-rvv-ime-dynamic_1024_20260904_111745/openmp_raw_k1-mixed-rvv-ime-dynamic_1024_runs6_20260904_111745.csv
Summary CSV: /home/bananapi/MAT/kernels riscv rvv 1.0/FINAL/riscv-rvv-ime-gemm-microkernels-updated/HETEROGENEOUS_RVV_IME_OPENMP_GEMM/results/openmp_results_k1-mixed-rvv-ime-dynamic_1024_20260904_111745/openmp_summary_k1-mixed-rvv-ime-dynamic_1024_runs6_20260904_111745.csv
Latest raw CSV: /home/bananapi/MAT/kernels riscv rvv 1.0/FINAL/riscv-rvv-ime-gemm-microkernels-updated/HETEROGENEOUS_RVV_IME_OPENMP_GEMM/results/openmp_raw_latest_k1-mixed-rvv-ime-dynamic.csv
Latest summary CSV: /home/bananapi/MAT/kernels riscv rvv 1.0/FINAL/riscv-rvv-ime-gemm-microkernels-updated/HETEROGENEOUS_RVV_IME_OPENMP_GEMM/results/openmp_summary_latest_k1-mixed-rvv-ime-dynamic.csv
Latest live log: /home/bananapi/MAT/kernels riscv rvv 1.0/FINAL/riscv-rvv-ime-gemm-microkernels-updated/HETEROGENEOUS_RVV_IME_OPENMP_GEMM/results/openmp_live_latest_k1-mixed-rvv-ime-dynamic.log
Raw logs: /home/bananapi/MAT/kernels riscv rvv 1.0/FINAL/riscv-rvv-ime-gemm-microkernels-updated/HETEROGENEOUS_RVV_IME_OPENMP_GEMM/results/openmp_results_k1-mixed-rvv-ime-dynamic_1024_20260904_111745/raw_logs
============================================================
MODE_DONE=k1-mixed-rvv-ime schedule=dynamic status=FAILED rc=1
============================================================
DONE status=FAILED
Combined live log: /home/bananapi/MAT/kernels riscv rvv 1.0/FINAL/riscv-rvv-ime-gemm-microkernels-updated/HETEROGENEOUS_RVV_IME_OPENMP_GEMM/results/k1_openmp_heterogeneous_campaign_1024_20260904_054843/k1_openmp_heterogeneous_live_1024_runs6_20260904_054843.log
Combined raw CSV: /home/bananapi/MAT/kernels riscv rvv 1.0/FINAL/riscv-rvv-ime-gemm-microkernels-updated/HETEROGENEOUS_RVV_IME_OPENMP_GEMM/results/k1_openmp_heterogeneous_campaign_1024_20260904_054843/k1_openmp_heterogeneous_raw_1024_runs6_20260904_054843.csv
Combined summary CSV: /home/bananapi/MAT/kernels riscv rvv 1.0/FINAL/riscv-rvv-ime-gemm-microkernels-updated/HETEROGENEOUS_RVV_IME_OPENMP_GEMM/results/k1_openmp_heterogeneous_campaign_1024_20260904_054843/k1_openmp_heterogeneous_summary_1024_runs6_20260904_054843.csv
Latest live log: /home/bananapi/MAT/kernels riscv rvv 1.0/FINAL/riscv-rvv-ime-gemm-microkernels-updated/HETEROGENEOUS_RVV_IME_OPENMP_GEMM/results/k1_openmp_heterogeneous_live_latest.log
Latest raw CSV: /home/bananapi/MAT/kernels riscv rvv 1.0/FINAL/riscv-rvv-ime-gemm-microkernels-updated/HETEROGENEOUS_RVV_IME_OPENMP_GEMM/results/k1_openmp_heterogeneous_raw_latest.csv
Latest summary CSV: /home/bananapi/MAT/kernels riscv rvv 1.0/FINAL/riscv-rvv-ime-gemm-microkernels-updated/HETEROGENEOUS_RVV_IME_OPENMP_GEMM/results/k1_openmp_heterogeneous_summary_latest.csv
============================================================
