"record_type","comparison","tile_shape","unroll","repetition","M","N","K","threads","status","validation","accepted","publishable","total_time_s","throughput_gops","input_packing_time_s","kernel_time_s","output_packing_time_s","boundary_time_s","timing_mode","timing_scope","phase_aggregation","packing_in_scope","output_packing_status","validation_scope","schedule","chunk","rvv_kernel","ime_kernel","rvv_workers","ime_workers","hardware_platform","git_commit","source_timestamp_utc","profile_pass","source_campaign"
"primary_total","HETERO_DYNAMIC_4RVV_4IME","8x4","1","1","1024","1024","1024","8","OK","PASS","True","True","0.16150012612342834","13.297101987144956","","","","","end_to_end","total_elapsed","sum_worker_elapsed","True","NOT_REPORTED","aligned_and_main","dynamic","1","igemm_kernel_8x4_zvl256b_lmul1_unroll1","ime_kernel_8x4_zvl256b_lmul1_unroll1","4","4","Linux/riscv64","79305876e3d912cd74ffc97b9eae744b1ccb8984","2026-10-02T14:03:31Z","no","fig05_20261002T134311Z"
"profiled_phase","HETERO_DYNAMIC_4RVV_4IME","8x4","1","1","1024","1024","1024","8","OK","PASS","True","True","0.1602545827627182","13.400450776373011","0.48518041893839836","0.6484931111335754","","","end_to_end","total_elapsed","sum_worker_elapsed","True","NOT_REPORTED","aligned_and_main","dynamic","1","igemm_kernel_8x4_zvl256b_lmul1_unroll1","ime_kernel_8x4_zvl256b_lmul1_unroll1","4","4","Linux/riscv64","79305876e3d912cd74ffc97b9eae744b1ccb8984","2026-10-02T16:57:47Z","yes","fig05_20261002T134311Z"
"primary_total","HETERO_DYNAMIC_4RVV_4IME","8x4","1","2","1024","1024","1024","8","OK","PASS","True","True","0.16039029136300087","13.389112456562227","","","","","end_to_end","total_elapsed","sum_worker_elapsed","True","NOT_REPORTED","aligned_and_main","dynamic","1","igemm_kernel_8x4_zvl256b_lmul1_unroll1","ime_kernel_8x4_zvl256b_lmul1_unroll1","4","4","Linux/riscv64","79305876e3d912cd74ffc97b9eae744b1ccb8984","2026-10-02T14:03:31Z","no","fig05_20261002T134311Z"
"profiled_phase","HETERO_DYNAMIC_4RVV_4IME","8x4","1","2","1024","1024","1024","8","OK","PASS","True","True","0.159490168094635","13.464677313060264","0.48634399846196175","0.6507160551846027","","","end_to_end","total_elapsed","sum_worker_elapsed","True","NOT_REPORTED","aligned_and_main","dynamic","1","igemm_kernel_8x4_zvl256b_lmul1_unroll1","ime_kernel_8x4_zvl256b_lmul1_unroll1","4","4","Linux/riscv64","79305876e3d912cd74ffc97b9eae744b1ccb8984","2026-10-02T16:57:47Z","yes","fig05_20261002T134311Z"
"primary_total","HETERO_DYNAMIC_4RVV_4IME","8x4","1","3","1024","1024","1024","8","OK","PASS","True","True","0.15950241684913635","13.463643312885813","","","","","end_to_end","total_elapsed","sum_worker_elapsed","True","NOT_REPORTED","aligned_and_main","dynamic","1","igemm_kernel_8x4_zvl256b_lmul1_unroll1","ime_kernel_8x4_zvl256b_lmul1_unroll1","4","4","Linux/riscv64","79305876e3d912cd74ffc97b9eae744b1ccb8984","2026-10-02T14:03:31Z","no","fig05_20261002T134311Z"
"profiled_phase","HETERO_DYNAMIC_4RVV_4IME","8x4","1","3","1024","1024","1024","8","OK","PASS","True","True","0.15950316935777664","13.463579793722127","0.48706649616360664","0.6637926138937473","","","end_to_end","total_elapsed","sum_worker_elapsed","True","NOT_REPORTED","aligned_and_main","dynamic","1","igemm_kernel_8x4_zvl256b_lmul1_unroll1","ime_kernel_8x4_zvl256b_lmul1_unroll1","4","4","Linux/riscv64","79305876e3d912cd74ffc97b9eae744b1ccb8984","2026-10-02T16:57:47Z","yes","fig05_20261002T134311Z"
"primary_total","HETERO_DYNAMIC_4RVV_4IME","8x4","1","4","1024","1024","1024","8","OK","PASS","True","True","0.1609564982354641","13.342012727304958","","","","","end_to_end","total_elapsed","sum_worker_elapsed","True","NOT_REPORTED","aligned_and_main","dynamic","1","igemm_kernel_8x4_zvl256b_lmul1_unroll1","ime_kernel_8x4_zvl256b_lmul1_unroll1","4","4","Linux/riscv64","79305876e3d912cd74ffc97b9eae744b1ccb8984","2026-10-02T14:03:32Z","no","fig05_20261002T134311Z"
"profiled_phase","HETERO_DYNAMIC_4RVV_4IME","8x4","1","4","1024","1024","1024","8","OK","PASS","True","True","0.15831658244132996","13.564489675589284","0.4887194186449051","0.6582916043698788","","","end_to_end","total_elapsed","sum_worker_elapsed","True","NOT_REPORTED","aligned_and_main","dynamic","1","igemm_kernel_8x4_zvl256b_lmul1_unroll1","ime_kernel_8x4_zvl256b_lmul1_unroll1","4","4","Linux/riscv64","79305876e3d912cd74ffc97b9eae744b1ccb8984","2026-10-02T16:57:47Z","yes","fig05_20261002T134311Z"
"primary_total","HETERO_DYNAMIC_4RVV_4IME","8x4","1","5","1024","1024","1024","8","OK","PASS","True","True","0.15767616406083107","13.619583281918922","","","","","end_to_end","total_elapsed","sum_worker_elapsed","True","NOT_REPORTED","aligned_and_main","dynamic","1","igemm_kernel_8x4_zvl256b_lmul1_unroll1","ime_kernel_8x4_zvl256b_lmul1_unroll1","4","4","Linux/riscv64","79305876e3d912cd74ffc97b9eae744b1ccb8984","2026-10-02T14:03:32Z","no","fig05_20261002T134311Z"
"profiled_phase","HETERO_DYNAMIC_4RVV_4IME","8x4","1","5","1024","1024","1024","8","OK","PASS","True","True","0.15957579389214516","13.45745238436007","0.48242588341236115","0.6525810956954956","","","end_to_end","total_elapsed","sum_worker_elapsed","True","NOT_REPORTED","aligned_and_main","dynamic","1","igemm_kernel_8x4_zvl256b_lmul1_unroll1","ime_kernel_8x4_zvl256b_lmul1_unroll1","4","4","Linux/riscv64","79305876e3d912cd74ffc97b9eae744b1ccb8984","2026-10-02T16:57:48Z","yes","fig05_20261002T134311Z"
"primary_total","HETERO_DYNAMIC_4RVV_4IME","8x4","1","6","1024","1024","1024","8","OK","PASS","True","True","0.16161783412098885","13.287417565516753","","","","","end_to_end","total_elapsed","sum_worker_elapsed","True","NOT_REPORTED","aligned_and_main","dynamic","1","igemm_kernel_8x4_zvl256b_lmul1_unroll1","ime_kernel_8x4_zvl256b_lmul1_unroll1","4","4","Linux/riscv64","79305876e3d912cd74ffc97b9eae744b1ccb8984","2026-10-02T14:03:32Z","no","fig05_20261002T134311Z"
"profiled_phase","HETERO_DYNAMIC_4RVV_4IME","8x4","1","6","1024","1024","1024","8","OK","PASS","True","True","0.15844062343239784","13.5538702226596","0.4827227145433426","0.6587530486285686","","","end_to_end","total_elapsed","sum_worker_elapsed","True","NOT_REPORTED","aligned_and_main","dynamic","1","igemm_kernel_8x4_zvl256b_lmul1_unroll1","ime_kernel_8x4_zvl256b_lmul1_unroll1","4","4","Linux/riscv64","79305876e3d912cd74ffc97b9eae744b1ccb8984","2026-10-02T16:57:48Z","yes","fig05_20261002T134311Z"
"primary_total","HETERO_DYNAMIC_4RVV_4IME","8x4","1","7","1024","1024","1024","8","OK","PASS","True","True","0.1562996655702591","13.739528105609882","","","","","end_to_end","total_elapsed","sum_worker_elapsed","True","NOT_REPORTED","aligned_and_main","dynamic","1","igemm_kernel_8x4_zvl256b_lmul1_unroll1","ime_kernel_8x4_zvl256b_lmul1_unroll1","4","4","Linux/riscv64","79305876e3d912cd74ffc97b9eae744b1ccb8984","2026-10-02T14:03:32Z","no","fig05_20261002T134311Z"
"profiled_phase","HETERO_DYNAMIC_4RVV_4IME","8x4","1","7","1024","1024","1024","8","OK","PASS","True","True","0.15914887562394142","13.493552119553556","0.47306711971759796","0.6740242019295692","","","end_to_end","total_elapsed","sum_worker_elapsed","True","NOT_REPORTED","aligned_and_main","dynamic","1","igemm_kernel_8x4_zvl256b_lmul1_unroll1","ime_kernel_8x4_zvl256b_lmul1_unroll1","4","4","Linux/riscv64","79305876e3d912cd74ffc97b9eae744b1ccb8984","2026-10-02T16:57:48Z","yes","fig05_20261002T134311Z"
"primary_total","HETERO_DYNAMIC_4RVV_4IME","8x4","2","1","1024","1024","1024","8","OK","PASS","True","True","0.22960291802883148","9.353032907579765","","","","","end_to_end","total_elapsed","sum_worker_elapsed","True","NOT_REPORTED","aligned_and_main","dynamic","1","igemm_kernel_8x4_zvl256b_lmul1_unroll2","ime_kernel_8x4_zvl256b_lmul1_unroll2","4","4","Linux/riscv64","79305876e3d912cd74ffc97b9eae744b1ccb8984","2026-10-02T14:21:26Z","no","fig05_20261002T134311Z"
"profiled_phase","HETERO_DYNAMIC_4RVV_4IME","8x4","2","1","1024","1024","1024","8","OK","PASS","True","True","0.23433608189225197","9.164118605462626","0.4511428661644459","0.9536280296742916","","","end_to_end","total_elapsed","sum_worker_elapsed","True","NOT_REPORTED","aligned_and_main","dynamic","1","igemm_kernel_8x4_zvl256b_lmul1_unroll2","ime_kernel_8x4_zvl256b_lmul1_unroll2","4","4","Linux/riscv64","79305876e3d912cd74ffc97b9eae744b1ccb8984","2026-10-02T17:14:00Z","yes","fig05_20261002T134311Z"
"primary_total","HETERO_DYNAMIC_4RVV_4IME","8x4","2","2","1024","1024","1024","8","OK","PASS","True","True","0.2320542074739933","9.254232756114417","","","","","end_to_end","total_elapsed","sum_worker_elapsed","True","NOT_REPORTED","aligned_and_main","dynamic","1","igemm_kernel_8x4_zvl256b_lmul1_unroll2","ime_kernel_8x4_zvl256b_lmul1_unroll2","4","4","Linux/riscv64","79305876e3d912cd74ffc97b9eae744b1ccb8984","2026-10-02T14:21:26Z","no","fig05_20261002T134311Z"
"profiled_phase","HETERO_DYNAMIC_4RVV_4IME","8x4","2","2","1024","1024","1024","8","OK","PASS","True","True","0.23364516720175743","9.19121792125751","0.4513109549880028","0.9592373445630074","","","end_to_end","total_elapsed","sum_worker_elapsed","True","NOT_REPORTED","aligned_and_main","dynamic","1","igemm_kernel_8x4_zvl256b_lmul1_unroll2","ime_kernel_8x4_zvl256b_lmul1_unroll2","4","4","Linux/riscv64","79305876e3d912cd74ffc97b9eae744b1ccb8984","2026-10-02T17:14:00Z","yes","fig05_20261002T134311Z"
"primary_total","HETERO_DYNAMIC_4RVV_4IME","8x4","2","3","1024","1024","1024","8","OK","PASS","True","True","0.23321041837334633","9.208352109561828","","","","","end_to_end","total_elapsed","sum_worker_elapsed","True","NOT_REPORTED","aligned_and_main","dynamic","1","igemm_kernel_8x4_zvl256b_lmul1_unroll2","ime_kernel_8x4_zvl256b_lmul1_unroll2","4","4","Linux/riscv64","79305876e3d912cd74ffc97b9eae744b1ccb8984","2026-10-02T14:21:27Z","no","fig05_20261002T134311Z"
"profiled_phase","HETERO_DYNAMIC_4RVV_4IME","8x4","2","3","1024","1024","1024","8","OK","PASS","True","True","0.23456291481852531","9.155256489123387","0.46377967298030853","0.9622878469526768","","","end_to_end","total_elapsed","sum_worker_elapsed","True","NOT_REPORTED","aligned_and_main","dynamic","1","igemm_kernel_8x4_zvl256b_lmul1_unroll2","ime_kernel_8x4_zvl256b_lmul1_unroll2","4","4","Linux/riscv64","79305876e3d912cd74ffc97b9eae744b1ccb8984","2026-10-02T17:14:00Z","yes","fig05_20261002T134311Z"
"primary_total","HETERO_DYNAMIC_4RVV_4IME","8x4","2","4","1024","1024","1024","8","OK","PASS","True","True","0.2322004996240139","9.248402356916849","","","","","end_to_end","total_elapsed","sum_worker_elapsed","True","NOT_REPORTED","aligned_and_main","dynamic","1","igemm_kernel_8x4_zvl256b_lmul1_unroll2","ime_kernel_8x4_zvl256b_lmul1_unroll2","4","4","Linux/riscv64","79305876e3d912cd74ffc97b9eae744b1ccb8984","2026-10-02T14:21:27Z","no","fig05_20261002T134311Z"
"profiled_phase","HETERO_DYNAMIC_4RVV_4IME","8x4","2","4","1024","1024","1024","8","OK","PASS","True","True","0.23405729234218597","9.175034140190052","0.4441814124584198","0.9625947400927544","","","end_to_end","total_elapsed","sum_worker_elapsed","True","NOT_REPORTED","aligned_and_main","dynamic","1","igemm_kernel_8x4_zvl256b_lmul1_unroll2","ime_kernel_8x4_zvl256b_lmul1_unroll2","4","4","Linux/riscv64","79305876e3d912cd74ffc97b9eae744b1ccb8984","2026-10-02T17:14:01Z","yes","fig05_20261002T134311Z"
"primary_total","HETERO_DYNAMIC_4RVV_4IME","8x4","2","5","1024","1024","1024","8","OK","PASS","True","True","0.23411191627383232","9.172893384410921","","","","","end_to_end","total_elapsed","sum_worker_elapsed","True","NOT_REPORTED","aligned_and_main","dynamic","1","igemm_kernel_8x4_zvl256b_lmul1_unroll2","ime_kernel_8x4_zvl256b_lmul1_unroll2","4","4","Linux/riscv64","79305876e3d912cd74ffc97b9eae744b1ccb8984","2026-10-02T14:21:27Z","no","fig05_20261002T134311Z"
"profiled_phase","HETERO_DYNAMIC_4RVV_4IME","8x4","2","5","1024","1024","1024","8","OK","PASS","True","True","0.23373645544052124","9.187628194124253","0.45895857363939285","0.9628217816352844","","","end_to_end","total_elapsed","sum_worker_elapsed","True","NOT_REPORTED","aligned_and_main","dynamic","1","igemm_kernel_8x4_zvl256b_lmul1_unroll2","ime_kernel_8x4_zvl256b_lmul1_unroll2","4","4","Linux/riscv64","79305876e3d912cd74ffc97b9eae744b1ccb8984","2026-10-02T17:14:01Z","yes","fig05_20261002T134311Z"
"primary_total","HETERO_DYNAMIC_4RVV_4IME","8x4","2","6","1024","1024","1024","8","OK","PASS","True","True","0.2317477911710739","9.266468677644262","","","","","end_to_end","total_elapsed","sum_worker_elapsed","True","NOT_REPORTED","aligned_and_main","dynamic","1","igemm_kernel_8x4_zvl256b_lmul1_unroll2","ime_kernel_8x4_zvl256b_lmul1_unroll2","4","4","Linux/riscv64","79305876e3d912cd74ffc97b9eae744b1ccb8984","2026-10-02T14:21:27Z","no","fig05_20261002T134311Z"
"profiled_phase","HETERO_DYNAMIC_4RVV_4IME","8x4","2","6","1024","1024","1024","8","OK","PASS","True","True","0.23275654390454292","9.22630836484974","0.4431910961866379","0.9502053968608379","","","end_to_end","total_elapsed","sum_worker_elapsed","True","NOT_REPORTED","aligned_and_main","dynamic","1","igemm_kernel_8x4_zvl256b_lmul1_unroll2","ime_kernel_8x4_zvl256b_lmul1_unroll2","4","4","Linux/riscv64","79305876e3d912cd74ffc97b9eae744b1ccb8984","2026-10-02T17:14:01Z","yes","fig05_20261002T134311Z"
"primary_total","HETERO_DYNAMIC_4RVV_4IME","8x4","2","7","1024","1024","1024","8","OK","PASS","True","True","0.23040054365992546","9.32065356221432","","","","","end_to_end","total_elapsed","sum_worker_elapsed","True","NOT_REPORTED","aligned_and_main","dynamic","1","igemm_kernel_8x4_zvl256b_lmul1_unroll2","ime_kernel_8x4_zvl256b_lmul1_unroll2","4","4","Linux/riscv64","79305876e3d912cd74ffc97b9eae744b1ccb8984","2026-10-02T14:21:28Z","no","fig05_20261002T134311Z"
"profiled_phase","HETERO_DYNAMIC_4RVV_4IME","8x4","2","7","1024","1024","1024","8","OK","PASS","True","True","0.2339332066476345","9.179900873306458","0.44317904859781265","0.9621528536081314","","","end_to_end","total_elapsed","sum_worker_elapsed","True","NOT_REPORTED","aligned_and_main","dynamic","1","igemm_kernel_8x4_zvl256b_lmul1_unroll2","ime_kernel_8x4_zvl256b_lmul1_unroll2","4","4","Linux/riscv64","79305876e3d912cd74ffc97b9eae744b1ccb8984","2026-10-02T17:14:01Z","yes","fig05_20261002T134311Z"
"primary_total","HETERO_DYNAMIC_4RVV_4IME","8x4","4","1","1024","1024","1024","8","OK","PASS","True","True","0.13092829287052155","16.401983107835242","","","","","end_to_end","total_elapsed","sum_worker_elapsed","True","NOT_REPORTED","aligned_and_main","dynamic","1","igemm_kernel_8x4_zvl256b_lmul1_unroll4","ime_kernel_8x4_zvl256b_lmul1_unroll4","4","4","Linux/riscv64","79305876e3d912cd74ffc97b9eae744b1ccb8984","2026-10-02T14:43:21Z","no","fig05_20261002T134311Z"
"profiled_phase","HETERO_DYNAMIC_4RVV_4IME","8x4","4","1","1024","1024","1024","8","OK","PASS","True","True","0.13403962552547455","16.021259680346283","0.41684092581272125","0.5635187923908234","","","end_to_end","total_elapsed","sum_worker_elapsed","True","NOT_REPORTED","aligned_and_main","dynamic","1","igemm_kernel_8x4_zvl256b_lmul1_unroll4","ime_kernel_8x4_zvl256b_lmul1_unroll4","4","4","Linux/riscv64","79305876e3d912cd74ffc97b9eae744b1ccb8984","2026-10-02T17:33:50Z","yes","fig05_20261002T134311Z"
"primary_total","HETERO_DYNAMIC_4RVV_4IME","8x4","4","2","1024","1024","1024","8","OK","PASS","True","True","0.1290048360824585","16.646535999839198","","","","","end_to_end","total_elapsed","sum_worker_elapsed","True","NOT_REPORTED","aligned_and_main","dynamic","1","igemm_kernel_8x4_zvl256b_lmul1_unroll4","ime_kernel_8x4_zvl256b_lmul1_unroll4","4","4","Linux/riscv64","79305876e3d912cd74ffc97b9eae744b1ccb8984","2026-10-02T14:43:22Z","no","fig05_20261002T134311Z"
"profiled_phase","HETERO_DYNAMIC_4RVV_4IME","8x4","4","2","1024","1024","1024","8","OK","PASS","True","True","0.23181875050067902","9.263632227168397","0.4212120249867439","0.6584258526563644","","","end_to_end","total_elapsed","sum_worker_elapsed","True","NOT_REPORTED","aligned_and_main","dynamic","1","igemm_kernel_8x4_zvl256b_lmul1_unroll4","ime_kernel_8x4_zvl256b_lmul1_unroll4","4","4","Linux/riscv64","79305876e3d912cd74ffc97b9eae744b1ccb8984","2026-10-02T17:33:50Z","yes","fig05_20261002T134311Z"
"primary_total","HETERO_DYNAMIC_4RVV_4IME","8x4","4","3","1024","1024","1024","8","OK","PASS","True","True","0.12952379137277603","16.579839311678526","","","","","end_to_end","total_elapsed","sum_worker_elapsed","True","NOT_REPORTED","aligned_and_main","dynamic","1","igemm_kernel_8x4_zvl256b_lmul1_unroll4","ime_kernel_8x4_zvl256b_lmul1_unroll4","4","4","Linux/riscv64","79305876e3d912cd74ffc97b9eae744b1ccb8984","2026-10-02T14:43:22Z","no","fig05_20261002T134311Z"
"profiled_phase","HETERO_DYNAMIC_4RVV_4IME","8x4","4","3","1024","1024","1024","8","OK","PASS","True","True","0.13478974997997284","15.932099052925572","0.41037967428565025","0.5601299777626991","","","end_to_end","total_elapsed","sum_worker_elapsed","True","NOT_REPORTED","aligned_and_main","dynamic","1","igemm_kernel_8x4_zvl256b_lmul1_unroll4","ime_kernel_8x4_zvl256b_lmul1_unroll4","4","4","Linux/riscv64","79305876e3d912cd74ffc97b9eae744b1ccb8984","2026-10-02T17:33:50Z","yes","fig05_20261002T134311Z"
"primary_total","HETERO_DYNAMIC_4RVV_4IME","8x4","4","4","1024","1024","1024","8","OK","PASS","True","True","0.12937408313155174","16.599025059882894","","","","","end_to_end","total_elapsed","sum_worker_elapsed","True","NOT_REPORTED","aligned_and_main","dynamic","1","igemm_kernel_8x4_zvl256b_lmul1_unroll4","ime_kernel_8x4_zvl256b_lmul1_unroll4","4","4","Linux/riscv64","79305876e3d912cd74ffc97b9eae744b1ccb8984","2026-10-02T14:43:22Z","no","fig05_20261002T134311Z"
"profiled_phase","HETERO_DYNAMIC_4RVV_4IME","8x4","4","4","1024","1024","1024","8","OK","PASS","True","True","0.23330441862344742","9.204641989511702","0.40982548892498016","0.7680584043264389","","","end_to_end","total_elapsed","sum_worker_elapsed","True","NOT_REPORTED","aligned_and_main","dynamic","1","igemm_kernel_8x4_zvl256b_lmul1_unroll4","ime_kernel_8x4_zvl256b_lmul1_unroll4","4","4","Linux/riscv64","79305876e3d912cd74ffc97b9eae744b1ccb8984","2026-10-02T17:33:51Z","yes","fig05_20261002T134311Z"
"primary_total","HETERO_DYNAMIC_4RVV_4IME","8x4","4","5","1024","1024","1024","8","OK","PASS","True","True","0.1270427517592907","16.90362982745258","","","","","end_to_end","total_elapsed","sum_worker_elapsed","True","NOT_REPORTED","aligned_and_main","dynamic","1","igemm_kernel_8x4_zvl256b_lmul1_unroll4","ime_kernel_8x4_zvl256b_lmul1_unroll4","4","4","Linux/riscv64","79305876e3d912cd74ffc97b9eae744b1ccb8984","2026-10-02T14:43:22Z","no","fig05_20261002T134311Z"
"profiled_phase","HETERO_DYNAMIC_4RVV_4IME","8x4","4","5","1024","1024","1024","8","OK","PASS","True","True","0.2305050827562809","9.316426441973912","0.41661212220788","0.6799274422228336","","","end_to_end","total_elapsed","sum_worker_elapsed","True","NOT_REPORTED","aligned_and_main","dynamic","1","igemm_kernel_8x4_zvl256b_lmul1_unroll4","ime_kernel_8x4_zvl256b_lmul1_unroll4","4","4","Linux/riscv64","79305876e3d912cd74ffc97b9eae744b1ccb8984","2026-10-02T17:33:51Z","yes","fig05_20261002T134311Z"
"primary_total","HETERO_DYNAMIC_4RVV_4IME","8x4","4","6","1024","1024","1024","8","OK","PASS","True","True","0.1272345818579197","16.878144421443942","","","","","end_to_end","total_elapsed","sum_worker_elapsed","True","NOT_REPORTED","aligned_and_main","dynamic","1","igemm_kernel_8x4_zvl256b_lmul1_unroll4","ime_kernel_8x4_zvl256b_lmul1_unroll4","4","4","Linux/riscv64","79305876e3d912cd74ffc97b9eae744b1ccb8984","2026-10-02T14:43:22Z","no","fig05_20261002T134311Z"
"profiled_phase","HETERO_DYNAMIC_4RVV_4IME","8x4","4","6","1024","1024","1024","8","OK","PASS","True","True","0.22887037321925163","9.382969135733303","0.40824491530656815","0.6579253561794758","","","end_to_end","total_elapsed","sum_worker_elapsed","True","NOT_REPORTED","aligned_and_main","dynamic","1","igemm_kernel_8x4_zvl256b_lmul1_unroll4","ime_kernel_8x4_zvl256b_lmul1_unroll4","4","4","Linux/riscv64","79305876e3d912cd74ffc97b9eae744b1ccb8984","2026-10-02T17:33:51Z","yes","fig05_20261002T134311Z"
"primary_total","HETERO_DYNAMIC_4RVV_4IME","8x4","4","7","1024","1024","1024","8","OK","PASS","True","True","0.1295197531580925","16.580356244029975","","","","","end_to_end","total_elapsed","sum_worker_elapsed","True","NOT_REPORTED","aligned_and_main","dynamic","1","igemm_kernel_8x4_zvl256b_lmul1_unroll4","ime_kernel_8x4_zvl256b_lmul1_unroll4","4","4","Linux/riscv64","79305876e3d912cd74ffc97b9eae744b1ccb8984","2026-10-02T14:43:22Z","no","fig05_20261002T134311Z"
"profiled_phase","HETERO_DYNAMIC_4RVV_4IME","8x4","4","7","1024","1024","1024","8","OK","PASS","True","True","0.13546883314847946","15.852234038557555","0.41844645887613297","0.5609135627746582","","","end_to_end","total_elapsed","sum_worker_elapsed","True","NOT_REPORTED","aligned_and_main","dynamic","1","igemm_kernel_8x4_zvl256b_lmul1_unroll4","ime_kernel_8x4_zvl256b_lmul1_unroll4","4","4","Linux/riscv64","79305876e3d912cd74ffc97b9eae744b1ccb8984","2026-10-02T17:33:51Z","yes","fig05_20261002T134311Z"
"primary_total","HETERO_DYNAMIC_4RVV_4IME","8x4","8","1","1024","1024","1024","8","OK","PASS","True","True","0.224994458258152","9.544606852209848","","","","","end_to_end","total_elapsed","sum_worker_elapsed","True","NOT_REPORTED","aligned_and_main","dynamic","1","igemm_kernel_8x4_zvl256b_lmul1_unroll8","ime_kernel_8x4_zvl256b_lmul1_unroll8","4","4","Linux/riscv64","79305876e3d912cd74ffc97b9eae744b1ccb8984","2026-10-02T15:01:55Z","no","fig05_20261002T134311Z"
"profiled_phase","HETERO_DYNAMIC_4RVV_4IME","8x4","8","1","1024","1024","1024","8","OK","PASS","True","True","0.22353100031614304","9.607095413892408","0.46366875246167183","0.9107214361429214","","","end_to_end","total_elapsed","sum_worker_elapsed","True","NOT_REPORTED","aligned_and_main","dynamic","1","igemm_kernel_8x4_zvl256b_lmul1_unroll8","ime_kernel_8x4_zvl256b_lmul1_unroll8","4","4","Linux/riscv64","79305876e3d912cd74ffc97b9eae744b1ccb8984","2026-10-02T17:54:57Z","yes","fig05_20261002T134311Z"
"primary_total","HETERO_DYNAMIC_4RVV_4IME","8x4","8","2","1024","1024","1024","8","OK","PASS","True","True","0.22145304083824158","9.697241635840125","","","","","end_to_end","total_elapsed","sum_worker_elapsed","True","NOT_REPORTED","aligned_and_main","dynamic","1","igemm_kernel_8x4_zvl256b_lmul1_unroll8","ime_kernel_8x4_zvl256b_lmul1_unroll8","4","4","Linux/riscv64","79305876e3d912cd74ffc97b9eae744b1ccb8984","2026-10-02T15:01:55Z","no","fig05_20261002T134311Z"
"profiled_phase","HETERO_DYNAMIC_4RVV_4IME","8x4","8","2","1024","1024","1024","8","OK","PASS","True","True","0.22037649899721146","9.744612777550175","0.4694444090127945","0.9027915745973587","","","end_to_end","total_elapsed","sum_worker_elapsed","True","NOT_REPORTED","aligned_and_main","dynamic","1","igemm_kernel_8x4_zvl256b_lmul1_unroll8","ime_kernel_8x4_zvl256b_lmul1_unroll8","4","4","Linux/riscv64","79305876e3d912cd74ffc97b9eae744b1ccb8984","2026-10-02T17:54:57Z","yes","fig05_20261002T134311Z"
"primary_total","HETERO_DYNAMIC_4RVV_4IME","8x4","8","3","1024","1024","1024","8","OK","PASS","True","True","0.22143283486366272","9.698126519141645","","","","","end_to_end","total_elapsed","sum_worker_elapsed","True","NOT_REPORTED","aligned_and_main","dynamic","1","igemm_kernel_8x4_zvl256b_lmul1_unroll8","ime_kernel_8x4_zvl256b_lmul1_unroll8","4","4","Linux/riscv64","79305876e3d912cd74ffc97b9eae744b1ccb8984","2026-10-02T15:01:55Z","no","fig05_20261002T134311Z"
"profiled_phase","HETERO_DYNAMIC_4RVV_4IME","8x4","8","3","1024","1024","1024","8","OK","PASS","True","True","0.22057324647903442","9.735920753218451","0.47100673988461494","0.9053116329014301","","","end_to_end","total_elapsed","sum_worker_elapsed","True","NOT_REPORTED","aligned_and_main","dynamic","1","igemm_kernel_8x4_zvl256b_lmul1_unroll8","ime_kernel_8x4_zvl256b_lmul1_unroll8","4","4","Linux/riscv64","79305876e3d912cd74ffc97b9eae744b1ccb8984","2026-10-02T17:54:58Z","yes","fig05_20261002T134311Z"
"primary_total","HETERO_DYNAMIC_4RVV_4IME","8x4","8","4","1024","1024","1024","8","OK","PASS","True","True","0.22053204104304314","9.737739866928711","","","","","end_to_end","total_elapsed","sum_worker_elapsed","True","NOT_REPORTED","aligned_and_main","dynamic","1","igemm_kernel_8x4_zvl256b_lmul1_unroll8","ime_kernel_8x4_zvl256b_lmul1_unroll8","4","4","Linux/riscv64","79305876e3d912cd74ffc97b9eae744b1ccb8984","2026-10-02T15:01:55Z","no","fig05_20261002T134311Z"
"profiled_phase","HETERO_DYNAMIC_4RVV_4IME","8x4","8","4","1024","1024","1024","8","OK","PASS","True","True","0.22029612585902214","9.748168015329856","0.4706922471523285","0.904005229473114","","","end_to_end","total_elapsed","sum_worker_elapsed","True","NOT_REPORTED","aligned_and_main","dynamic","1","igemm_kernel_8x4_zvl256b_lmul1_unroll8","ime_kernel_8x4_zvl256b_lmul1_unroll8","4","4","Linux/riscv64","79305876e3d912cd74ffc97b9eae744b1ccb8984","2026-10-02T17:54:58Z","yes","fig05_20261002T134311Z"
"primary_total","HETERO_DYNAMIC_4RVV_4IME","8x4","8","5","1024","1024","1024","8","OK","PASS","True","True","0.2218826226890087","9.678467028983693","","","","","end_to_end","total_elapsed","sum_worker_elapsed","True","NOT_REPORTED","aligned_and_main","dynamic","1","igemm_kernel_8x4_zvl256b_lmul1_unroll8","ime_kernel_8x4_zvl256b_lmul1_unroll8","4","4","Linux/riscv64","79305876e3d912cd74ffc97b9eae744b1ccb8984","2026-10-02T15:01:56Z","no","fig05_20261002T134311Z"
"profiled_phase","HETERO_DYNAMIC_4RVV_4IME","8x4","8","5","1024","1024","1024","8","OK","PASS","True","True","0.22068091854453087","9.731170516070978","0.46047715470194817","0.9062143340706825","","","end_to_end","total_elapsed","sum_worker_elapsed","True","NOT_REPORTED","aligned_and_main","dynamic","1","igemm_kernel_8x4_zvl256b_lmul1_unroll8","ime_kernel_8x4_zvl256b_lmul1_unroll8","4","4","Linux/riscv64","79305876e3d912cd74ffc97b9eae744b1ccb8984","2026-10-02T17:54:58Z","yes","fig05_20261002T134311Z"
"primary_total","HETERO_DYNAMIC_4RVV_4IME","8x4","8","6","1024","1024","1024","8","OK","PASS","True","True","0.222078125923872","9.669946731881886","","","","","end_to_end","total_elapsed","sum_worker_elapsed","True","NOT_REPORTED","aligned_and_main","dynamic","1","igemm_kernel_8x4_zvl256b_lmul1_unroll8","ime_kernel_8x4_zvl256b_lmul1_unroll8","4","4","Linux/riscv64","79305876e3d912cd74ffc97b9eae744b1ccb8984","2026-10-02T15:01:56Z","no","fig05_20261002T134311Z"
"profiled_phase","HETERO_DYNAMIC_4RVV_4IME","8x4","8","6","1024","1024","1024","8","OK","PASS","True","True","0.22153928875923157","9.69346638254256","0.4526127092540264","0.8971648216247559","","","end_to_end","total_elapsed","sum_worker_elapsed","True","NOT_REPORTED","aligned_and_main","dynamic","1","igemm_kernel_8x4_zvl256b_lmul1_unroll8","ime_kernel_8x4_zvl256b_lmul1_unroll8","4","4","Linux/riscv64","79305876e3d912cd74ffc97b9eae744b1ccb8984","2026-10-02T17:54:58Z","yes","fig05_20261002T134311Z"
"primary_total","HETERO_DYNAMIC_4RVV_4IME","8x4","8","7","1024","1024","1024","8","OK","PASS","True","True","0.22150374948978424","9.69502165514829","","","","","end_to_end","total_elapsed","sum_worker_elapsed","True","NOT_REPORTED","aligned_and_main","dynamic","1","igemm_kernel_8x4_zvl256b_lmul1_unroll8","ime_kernel_8x4_zvl256b_lmul1_unroll8","4","4","Linux/riscv64","79305876e3d912cd74ffc97b9eae744b1ccb8984","2026-10-02T15:01:56Z","no","fig05_20261002T134311Z"
"profiled_phase","HETERO_DYNAMIC_4RVV_4IME","8x4","8","7","1024","1024","1024","8","OK","PASS","True","True","0.21898137778043747","9.806695298780989","0.450328953564167","0.9039356335997581","","","end_to_end","total_elapsed","sum_worker_elapsed","True","NOT_REPORTED","aligned_and_main","dynamic","1","igemm_kernel_8x4_zvl256b_lmul1_unroll8","ime_kernel_8x4_zvl256b_lmul1_unroll8","4","4","Linux/riscv64","79305876e3d912cd74ffc97b9eae744b1ccb8984","2026-10-02T17:54:58Z","yes","fig05_20261002T134311Z"
"primary_total","HETERO_DYNAMIC_4RVV_4IME","8x8","1","1","1024","1024","1024","8","OK","PASS","True","True","0.12925541773438454","16.614264110870813","","","","","end_to_end","total_elapsed","sum_worker_elapsed","True","NOT_REPORTED","aligned_and_main","dynamic","1","igemm_kernel_8x8_zvl256b_lmul1_unroll1","ime_kernel_8x8_zvl256b_lmul1_unroll1","4","4","Linux/riscv64","79305876e3d912cd74ffc97b9eae744b1ccb8984","2026-10-02T15:28:16Z","no","fig05_20261002T134311Z"
"profiled_phase","HETERO_DYNAMIC_4RVV_4IME","8x8","1","1","1024","1024","1024","8","OK","PASS","True","True","0.10026458278298378","21.418167695846197","0.3747529201209545","0.3423953801393509","","","end_to_end","total_elapsed","sum_worker_elapsed","True","NOT_REPORTED","aligned_and_main","dynamic","1","igemm_kernel_8x8_zvl256b_lmul1_unroll1","ime_kernel_8x8_zvl256b_lmul1_unroll1","4","4","Linux/riscv64","79305876e3d912cd74ffc97b9eae744b1ccb8984","2026-10-02T18:17:12Z","yes","fig05_20261002T134311Z"
"primary_total","HETERO_DYNAMIC_4RVV_4IME","8x8","1","2","1024","1024","1024","8","OK","PASS","True","True","0.12755029276013374","16.83636784776713","","","","","end_to_end","total_elapsed","sum_worker_elapsed","True","NOT_REPORTED","aligned_and_main","dynamic","1","igemm_kernel_8x8_zvl256b_lmul1_unroll1","ime_kernel_8x8_zvl256b_lmul1_unroll1","4","4","Linux/riscv64","79305876e3d912cd74ffc97b9eae744b1ccb8984","2026-10-02T15:28:16Z","no","fig05_20261002T134311Z"
"profiled_phase","HETERO_DYNAMIC_4RVV_4IME","8x8","1","2","1024","1024","1024","8","OK","PASS","True","True","0.12919466570019722","16.622076742574997","0.3971988409757614","0.40028319880366325","","","end_to_end","total_elapsed","sum_worker_elapsed","True","NOT_REPORTED","aligned_and_main","dynamic","1","igemm_kernel_8x8_zvl256b_lmul1_unroll1","ime_kernel_8x8_zvl256b_lmul1_unroll1","4","4","Linux/riscv64","79305876e3d912cd74ffc97b9eae744b1ccb8984","2026-10-02T18:17:12Z","yes","fig05_20261002T134311Z"
"primary_total","HETERO_DYNAMIC_4RVV_4IME","8x8","1","3","1024","1024","1024","8","OK","PASS","True","True","0.13137879222631454","16.345740523331354","","","","","end_to_end","total_elapsed","sum_worker_elapsed","True","NOT_REPORTED","aligned_and_main","dynamic","1","igemm_kernel_8x8_zvl256b_lmul1_unroll1","ime_kernel_8x8_zvl256b_lmul1_unroll1","4","4","Linux/riscv64","79305876e3d912cd74ffc97b9eae744b1ccb8984","2026-10-02T15:28:16Z","no","fig05_20261002T134311Z"
"profiled_phase","HETERO_DYNAMIC_4RVV_4IME","8x8","1","3","1024","1024","1024","8","OK","PASS","True","True","0.10212595760822296","21.027794483339946","0.3789447359740734","0.34396784380078316","","","end_to_end","total_elapsed","sum_worker_elapsed","True","NOT_REPORTED","aligned_and_main","dynamic","1","igemm_kernel_8x8_zvl256b_lmul1_unroll1","ime_kernel_8x8_zvl256b_lmul1_unroll1","4","4","Linux/riscv64","79305876e3d912cd74ffc97b9eae744b1ccb8984","2026-10-02T18:17:12Z","yes","fig05_20261002T134311Z"
"primary_total","HETERO_DYNAMIC_4RVV_4IME","8x8","1","4","1024","1024","1024","8","OK","PASS","True","True","0.12683529034256935","16.931278685923","","","","","end_to_end","total_elapsed","sum_worker_elapsed","True","NOT_REPORTED","aligned_and_main","dynamic","1","igemm_kernel_8x8_zvl256b_lmul1_unroll1","ime_kernel_8x8_zvl256b_lmul1_unroll1","4","4","Linux/riscv64","79305876e3d912cd74ffc97b9eae744b1ccb8984","2026-10-02T15:28:16Z","no","fig05_20261002T134311Z"
"profiled_phase","HETERO_DYNAMIC_4RVV_4IME","8x8","1","4","1024","1024","1024","8","OK","PASS","True","True","0.09701516851782799","22.13554520193786","0.34440596401691437","0.3546418510377407","","","end_to_end","total_elapsed","sum_worker_elapsed","True","NOT_REPORTED","aligned_and_main","dynamic","1","igemm_kernel_8x8_zvl256b_lmul1_unroll1","ime_kernel_8x8_zvl256b_lmul1_unroll1","4","4","Linux/riscv64","79305876e3d912cd74ffc97b9eae744b1ccb8984","2026-10-02T18:17:12Z","yes","fig05_20261002T134311Z"
"primary_total","HETERO_DYNAMIC_4RVV_4IME","8x8","1","5","1024","1024","1024","8","OK","PASS","True","True","0.13164245709776878","16.313001863867502","","","","","end_to_end","total_elapsed","sum_worker_elapsed","True","NOT_REPORTED","aligned_and_main","dynamic","1","igemm_kernel_8x8_zvl256b_lmul1_unroll1","ime_kernel_8x8_zvl256b_lmul1_unroll1","4","4","Linux/riscv64","79305876e3d912cd74ffc97b9eae744b1ccb8984","2026-10-02T15:28:16Z","no","fig05_20261002T134311Z"
"profiled_phase","HETERO_DYNAMIC_4RVV_4IME","8x8","1","5","1024","1024","1024","8","OK","PASS","True","True","0.12553037330508232","17.107283213289506","0.38815103843808174","0.36834441125392914","","","end_to_end","total_elapsed","sum_worker_elapsed","True","NOT_REPORTED","aligned_and_main","dynamic","1","igemm_kernel_8x8_zvl256b_lmul1_unroll1","ime_kernel_8x8_zvl256b_lmul1_unroll1","4","4","Linux/riscv64","79305876e3d912cd74ffc97b9eae744b1ccb8984","2026-10-02T18:17:13Z","yes","fig05_20261002T134311Z"
"primary_total","HETERO_DYNAMIC_4RVV_4IME","8x8","1","6","1024","1024","1024","8","OK","PASS","True","True","0.12949466705322266","16.583568241596996","","","","","end_to_end","total_elapsed","sum_worker_elapsed","True","NOT_REPORTED","aligned_and_main","dynamic","1","igemm_kernel_8x8_zvl256b_lmul1_unroll1","ime_kernel_8x8_zvl256b_lmul1_unroll1","4","4","Linux/riscv64","79305876e3d912cd74ffc97b9eae744b1ccb8984","2026-10-02T15:28:17Z","no","fig05_20261002T134311Z"
"profiled_phase","HETERO_DYNAMIC_4RVV_4IME","8x8","1","6","1024","1024","1024","8","OK","PASS","True","True","0.10397987440228462","20.652877879921885","0.3925163932144642","0.338958315551281","","","end_to_end","total_elapsed","sum_worker_elapsed","True","NOT_REPORTED","aligned_and_main","dynamic","1","igemm_kernel_8x8_zvl256b_lmul1_unroll1","ime_kernel_8x8_zvl256b_lmul1_unroll1","4","4","Linux/riscv64","79305876e3d912cd74ffc97b9eae744b1ccb8984","2026-10-02T18:17:13Z","yes","fig05_20261002T134311Z"
"primary_total","HETERO_DYNAMIC_4RVV_4IME","8x8","1","7","1024","1024","1024","8","OK","PASS","True","True","0.13123353943228722","16.36383242645102","","","","","end_to_end","total_elapsed","sum_worker_elapsed","True","NOT_REPORTED","aligned_and_main","dynamic","1","igemm_kernel_8x8_zvl256b_lmul1_unroll1","ime_kernel_8x8_zvl256b_lmul1_unroll1","4","4","Linux/riscv64","79305876e3d912cd74ffc97b9eae744b1ccb8984","2026-10-02T15:28:17Z","no","fig05_20261002T134311Z"
"profiled_phase","HETERO_DYNAMIC_4RVV_4IME","8x8","1","7","1024","1024","1024","8","OK","PASS","True","True","0.12474741786718369","17.21465409637887","0.3766646645963192","0.3689968064427376","","","end_to_end","total_elapsed","sum_worker_elapsed","True","NOT_REPORTED","aligned_and_main","dynamic","1","igemm_kernel_8x8_zvl256b_lmul1_unroll1","ime_kernel_8x8_zvl256b_lmul1_unroll1","4","4","Linux/riscv64","79305876e3d912cd74ffc97b9eae744b1ccb8984","2026-10-02T18:17:13Z","yes","fig05_20261002T134311Z"
"primary_total","HETERO_DYNAMIC_4RVV_4IME","8x8","2","1","1024","1024","1024","8","OK","PASS","True","True","0.10219008475542068","21.01459895194075","","","","","end_to_end","total_elapsed","sum_worker_elapsed","True","NOT_REPORTED","aligned_and_main","dynamic","1","igemm_kernel_8x8_zvl256b_lmul1_unroll2","ime_kernel_8x8_zvl256b_lmul1_unroll2","4","4","Linux/riscv64","79305876e3d912cd74ffc97b9eae744b1ccb8984","2026-10-02T15:50:19Z","no","fig05_20261002T134311Z"
"profiled_phase","HETERO_DYNAMIC_4RVV_4IME","8x8","2","1","1024","1024","1024","8","OK","PASS","True","True","0.10013533383607864","21.445813038536695","0.372060127556324","0.3736875429749489","","","end_to_end","total_elapsed","sum_worker_elapsed","True","NOT_REPORTED","aligned_and_main","dynamic","1","igemm_kernel_8x8_zvl256b_lmul1_unroll2","ime_kernel_8x8_zvl256b_lmul1_unroll2","4","4","Linux/riscv64","79305876e3d912cd74ffc97b9eae744b1ccb8984","2026-10-02T18:39:48Z","yes","fig05_20261002T134311Z"
"primary_total","HETERO_DYNAMIC_4RVV_4IME","8x8","2","2","1024","1024","1024","8","OK","PASS","True","True","0.10122191905975342","21.2155990317897","","","","","end_to_end","total_elapsed","sum_worker_elapsed","True","NOT_REPORTED","aligned_and_main","dynamic","1","igemm_kernel_8x8_zvl256b_lmul1_unroll2","ime_kernel_8x8_zvl256b_lmul1_unroll2","4","4","Linux/riscv64","79305876e3d912cd74ffc97b9eae744b1ccb8984","2026-10-02T15:50:19Z","no","fig05_20261002T134311Z"
"profiled_phase","HETERO_DYNAMIC_4RVV_4IME","8x8","2","2","1024","1024","1024","8","OK","PASS","True","True","0.10013874992728233","21.4450814450893","0.36626891791820526","0.376294631510973","","","end_to_end","total_elapsed","sum_worker_elapsed","True","NOT_REPORTED","aligned_and_main","dynamic","1","igemm_kernel_8x8_zvl256b_lmul1_unroll2","ime_kernel_8x8_zvl256b_lmul1_unroll2","4","4","Linux/riscv64","79305876e3d912cd74ffc97b9eae744b1ccb8984","2026-10-02T18:39:48Z","yes","fig05_20261002T134311Z"
"primary_total","HETERO_DYNAMIC_4RVV_4IME","8x8","2","3","1024","1024","1024","8","OK","PASS","True","True","0.09880542010068893","21.734472115108453","","","","","end_to_end","total_elapsed","sum_worker_elapsed","True","NOT_REPORTED","aligned_and_main","dynamic","1","igemm_kernel_8x8_zvl256b_lmul1_unroll2","ime_kernel_8x8_zvl256b_lmul1_unroll2","4","4","Linux/riscv64","79305876e3d912cd74ffc97b9eae744b1ccb8984","2026-10-02T15:50:19Z","no","fig05_20261002T134311Z"
"profiled_phase","HETERO_DYNAMIC_4RVV_4IME","8x8","2","3","1024","1024","1024","8","OK","PASS","True","True","0.1040027104318142","20.648343096865","0.37960078194737434","0.3736758455634117","","","end_to_end","total_elapsed","sum_worker_elapsed","True","NOT_REPORTED","aligned_and_main","dynamic","1","igemm_kernel_8x8_zvl256b_lmul1_unroll2","ime_kernel_8x8_zvl256b_lmul1_unroll2","4","4","Linux/riscv64","79305876e3d912cd74ffc97b9eae744b1ccb8984","2026-10-02T18:39:48Z","yes","fig05_20261002T134311Z"
"primary_total","HETERO_DYNAMIC_4RVV_4IME","8x8","2","4","1024","1024","1024","8","OK","PASS","True","True","0.10081145912408829","21.30197962273985","","","","","end_to_end","total_elapsed","sum_worker_elapsed","True","NOT_REPORTED","aligned_and_main","dynamic","1","igemm_kernel_8x8_zvl256b_lmul1_unroll2","ime_kernel_8x8_zvl256b_lmul1_unroll2","4","4","Linux/riscv64","79305876e3d912cd74ffc97b9eae744b1ccb8984","2026-10-02T15:50:19Z","no","fig05_20261002T134311Z"
"profiled_phase","HETERO_DYNAMIC_4RVV_4IME","8x8","2","4","1024","1024","1024","8","OK","PASS","True","True","0.10404103994369507","20.640736089933117","0.3891053684055805","0.37166403606534004","","","end_to_end","total_elapsed","sum_worker_elapsed","True","NOT_REPORTED","aligned_and_main","dynamic","1","igemm_kernel_8x8_zvl256b_lmul1_unroll2","ime_kernel_8x8_zvl256b_lmul1_unroll2","4","4","Linux/riscv64","79305876e3d912cd74ffc97b9eae744b1ccb8984","2026-10-02T18:39:48Z","yes","fig05_20261002T134311Z"
"primary_total","HETERO_DYNAMIC_4RVV_4IME","8x8","2","5","1024","1024","1024","8","OK","PASS","True","True","0.10206250101327896","21.040868356935512","","","","","end_to_end","total_elapsed","sum_worker_elapsed","True","NOT_REPORTED","aligned_and_main","dynamic","1","igemm_kernel_8x8_zvl256b_lmul1_unroll2","ime_kernel_8x8_zvl256b_lmul1_unroll2","4","4","Linux/riscv64","79305876e3d912cd74ffc97b9eae744b1ccb8984","2026-10-02T15:50:19Z","no","fig05_20261002T134311Z"
"profiled_phase","HETERO_DYNAMIC_4RVV_4IME","8x8","2","5","1024","1024","1024","8","OK","PASS","True","True","0.10518808290362358","20.415655354871216","0.39562951028347015","0.3711366765201092","","","end_to_end","total_elapsed","sum_worker_elapsed","True","NOT_REPORTED","aligned_and_main","dynamic","1","igemm_kernel_8x8_zvl256b_lmul1_unroll2","ime_kernel_8x8_zvl256b_lmul1_unroll2","4","4","Linux/riscv64","79305876e3d912cd74ffc97b9eae744b1ccb8984","2026-10-02T18:39:48Z","yes","fig05_20261002T134311Z"
"primary_total","HETERO_DYNAMIC_4RVV_4IME","8x8","2","6","1024","1024","1024","8","OK","PASS","True","True","0.10342912748456001","20.762851821606812","","","","","end_to_end","total_elapsed","sum_worker_elapsed","True","NOT_REPORTED","aligned_and_main","dynamic","1","igemm_kernel_8x8_zvl256b_lmul1_unroll2","ime_kernel_8x8_zvl256b_lmul1_unroll2","4","4","Linux/riscv64","79305876e3d912cd74ffc97b9eae744b1ccb8984","2026-10-02T15:50:19Z","no","fig05_20261002T134311Z"
"profiled_phase","HETERO_DYNAMIC_4RVV_4IME","8x8","2","6","1024","1024","1024","8","OK","PASS","True","True","0.10149245709180832","21.15904678568796","0.3889736644923687","0.3693208284676075","","","end_to_end","total_elapsed","sum_worker_elapsed","True","NOT_REPORTED","aligned_and_main","dynamic","1","igemm_kernel_8x8_zvl256b_lmul1_unroll2","ime_kernel_8x8_zvl256b_lmul1_unroll2","4","4","Linux/riscv64","79305876e3d912cd74ffc97b9eae744b1ccb8984","2026-10-02T18:39:48Z","yes","fig05_20261002T134311Z"
"primary_total","HETERO_DYNAMIC_4RVV_4IME","8x8","2","7","1024","1024","1024","8","OK","PASS","True","True","0.10868541523814201","19.758710433176528","","","","","end_to_end","total_elapsed","sum_worker_elapsed","True","NOT_REPORTED","aligned_and_main","dynamic","1","igemm_kernel_8x8_zvl256b_lmul1_unroll2","ime_kernel_8x8_zvl256b_lmul1_unroll2","4","4","Linux/riscv64","79305876e3d912cd74ffc97b9eae744b1ccb8984","2026-10-02T15:50:19Z","no","fig05_20261002T134311Z"
"profiled_phase","HETERO_DYNAMIC_4RVV_4IME","8x8","2","7","1024","1024","1024","8","OK","PASS","True","True","0.10161970928311348","21.132550596234143","0.37059929594397545","0.37779098004102707","","","end_to_end","total_elapsed","sum_worker_elapsed","True","NOT_REPORTED","aligned_and_main","dynamic","1","igemm_kernel_8x8_zvl256b_lmul1_unroll2","ime_kernel_8x8_zvl256b_lmul1_unroll2","4","4","Linux/riscv64","79305876e3d912cd74ffc97b9eae744b1ccb8984","2026-10-02T18:39:48Z","yes","fig05_20261002T134311Z"
"primary_total","HETERO_DYNAMIC_4RVV_4IME","8x8","4","1","1024","1024","1024","8","OK","PASS","True","True","0.1082242913544178","19.84289867944086","","","","","end_to_end","total_elapsed","sum_worker_elapsed","True","NOT_REPORTED","aligned_and_main","dynamic","1","igemm_kernel_8x8_zvl256b_lmul1_unroll4","ime_kernel_8x8_zvl256b_lmul1_unroll4","4","4","Linux/riscv64","79305876e3d912cd74ffc97b9eae744b1ccb8984","2026-10-02T16:13:05Z","no","fig05_20261002T134311Z"
"profiled_phase","HETERO_DYNAMIC_4RVV_4IME","8x8","4","1","1024","1024","1024","8","OK","PASS","True","True","0.14698616787791252","14.610107052955563","0.44056036695837975","0.5280527099967003","","","end_to_end","total_elapsed","sum_worker_elapsed","True","NOT_REPORTED","aligned_and_main","dynamic","1","igemm_kernel_8x8_zvl256b_lmul1_unroll4","ime_kernel_8x8_zvl256b_lmul1_unroll4","4","4","Linux/riscv64","79305876e3d912cd74ffc97b9eae744b1ccb8984","2026-10-02T19:03:19Z","yes","fig05_20261002T134311Z"
"primary_total","HETERO_DYNAMIC_4RVV_4IME","8x8","4","2","1024","1024","1024","8","OK","PASS","True","True","0.10865966603159904","19.763392677605836","","","","","end_to_end","total_elapsed","sum_worker_elapsed","True","NOT_REPORTED","aligned_and_main","dynamic","1","igemm_kernel_8x8_zvl256b_lmul1_unroll4","ime_kernel_8x8_zvl256b_lmul1_unroll4","4","4","Linux/riscv64","79305876e3d912cd74ffc97b9eae744b1ccb8984","2026-10-02T16:13:05Z","no","fig05_20261002T134311Z"
"profiled_phase","HETERO_DYNAMIC_4RVV_4IME","8x8","4","2","1024","1024","1024","8","OK","PASS","True","True","0.11454412341117859","18.748090989279184","0.44799742102622986","0.3807153105735779","","","end_to_end","total_elapsed","sum_worker_elapsed","True","NOT_REPORTED","aligned_and_main","dynamic","1","igemm_kernel_8x8_zvl256b_lmul1_unroll4","ime_kernel_8x8_zvl256b_lmul1_unroll4","4","4","Linux/riscv64","79305876e3d912cd74ffc97b9eae744b1ccb8984","2026-10-02T19:03:19Z","yes","fig05_20261002T134311Z"
"primary_total","HETERO_DYNAMIC_4RVV_4IME","8x8","4","3","1024","1024","1024","8","OK","PASS","True","True","0.1063869558274746","20.18559165733182","","","","","end_to_end","total_elapsed","sum_worker_elapsed","True","NOT_REPORTED","aligned_and_main","dynamic","1","igemm_kernel_8x8_zvl256b_lmul1_unroll4","ime_kernel_8x8_zvl256b_lmul1_unroll4","4","4","Linux/riscv64","79305876e3d912cd74ffc97b9eae744b1ccb8984","2026-10-02T16:13:06Z","no","fig05_20261002T134311Z"
"profiled_phase","HETERO_DYNAMIC_4RVV_4IME","8x8","4","3","1024","1024","1024","8","OK","PASS","True","True","0.14133237674832344","15.194562614793602","0.43917490914463997","0.4516635350883007","","","end_to_end","total_elapsed","sum_worker_elapsed","True","NOT_REPORTED","aligned_and_main","dynamic","1","igemm_kernel_8x8_zvl256b_lmul1_unroll4","ime_kernel_8x8_zvl256b_lmul1_unroll4","4","4","Linux/riscv64","79305876e3d912cd74ffc97b9eae744b1ccb8984","2026-10-02T19:03:19Z","yes","fig05_20261002T134311Z"
"primary_total","HETERO_DYNAMIC_4RVV_4IME","8x8","4","4","1024","1024","1024","8","OK","PASS","True","True","0.10663054138422012","20.13947992875706","","","","","end_to_end","total_elapsed","sum_worker_elapsed","True","NOT_REPORTED","aligned_and_main","dynamic","1","igemm_kernel_8x8_zvl256b_lmul1_unroll4","ime_kernel_8x8_zvl256b_lmul1_unroll4","4","4","Linux/riscv64","79305876e3d912cd74ffc97b9eae744b1ccb8984","2026-10-02T16:13:06Z","no","fig05_20261002T134311Z"
"profiled_phase","HETERO_DYNAMIC_4RVV_4IME","8x8","4","4","1024","1024","1024","8","OK","PASS","True","True","0.14132070913910866","15.195817096319056","0.4319811277091503","0.4522048234939575","","","end_to_end","total_elapsed","sum_worker_elapsed","True","NOT_REPORTED","aligned_and_main","dynamic","1","igemm_kernel_8x8_zvl256b_lmul1_unroll4","ime_kernel_8x8_zvl256b_lmul1_unroll4","4","4","Linux/riscv64","79305876e3d912cd74ffc97b9eae744b1ccb8984","2026-10-02T19:03:19Z","yes","fig05_20261002T134311Z"
"primary_total","HETERO_DYNAMIC_4RVV_4IME","8x8","4","5","1024","1024","1024","8","OK","PASS","True","True","0.10918095707893372","19.66903117040319","","","","","end_to_end","total_elapsed","sum_worker_elapsed","True","NOT_REPORTED","aligned_and_main","dynamic","1","igemm_kernel_8x8_zvl256b_lmul1_unroll4","ime_kernel_8x8_zvl256b_lmul1_unroll4","4","4","Linux/riscv64","79305876e3d912cd74ffc97b9eae744b1ccb8984","2026-10-02T16:13:06Z","no","fig05_20261002T134311Z"
"profiled_phase","HETERO_DYNAMIC_4RVV_4IME","8x8","4","5","1024","1024","1024","8","OK","PASS","True","True","0.14092683047056198","15.23828813029741","0.44499562680721283","0.41270504519343376","","","end_to_end","total_elapsed","sum_worker_elapsed","True","NOT_REPORTED","aligned_and_main","dynamic","1","igemm_kernel_8x8_zvl256b_lmul1_unroll4","ime_kernel_8x8_zvl256b_lmul1_unroll4","4","4","Linux/riscv64","79305876e3d912cd74ffc97b9eae744b1ccb8984","2026-10-02T19:03:19Z","yes","fig05_20261002T134311Z"
"primary_total","HETERO_DYNAMIC_4RVV_4IME","8x8","4","6","1024","1024","1024","8","OK","PASS","True","True","0.10870766639709473","19.75466606150413","","","","","end_to_end","total_elapsed","sum_worker_elapsed","True","NOT_REPORTED","aligned_and_main","dynamic","1","igemm_kernel_8x8_zvl256b_lmul1_unroll4","ime_kernel_8x8_zvl256b_lmul1_unroll4","4","4","Linux/riscv64","79305876e3d912cd74ffc97b9eae744b1ccb8984","2026-10-02T16:13:06Z","no","fig05_20261002T134311Z"
"profiled_phase","HETERO_DYNAMIC_4RVV_4IME","8x8","4","6","1024","1024","1024","8","OK","PASS","True","True","0.1398821659386158","15.352090336822322","0.43248824775218964","0.43234601989388466","","","end_to_end","total_elapsed","sum_worker_elapsed","True","NOT_REPORTED","aligned_and_main","dynamic","1","igemm_kernel_8x8_zvl256b_lmul1_unroll4","ime_kernel_8x8_zvl256b_lmul1_unroll4","4","4","Linux/riscv64","79305876e3d912cd74ffc97b9eae744b1ccb8984","2026-10-02T19:03:20Z","yes","fig05_20261002T134311Z"
"primary_total","HETERO_DYNAMIC_4RVV_4IME","8x8","4","7","1024","1024","1024","8","OK","PASS","True","True","0.10843228921294212","19.804835474631698","","","","","end_to_end","total_elapsed","sum_worker_elapsed","True","NOT_REPORTED","aligned_and_main","dynamic","1","igemm_kernel_8x8_zvl256b_lmul1_unroll4","ime_kernel_8x8_zvl256b_lmul1_unroll4","4","4","Linux/riscv64","79305876e3d912cd74ffc97b9eae744b1ccb8984","2026-10-02T16:13:06Z","no","fig05_20261002T134311Z"
"profiled_phase","HETERO_DYNAMIC_4RVV_4IME","8x8","4","7","1024","1024","1024","8","OK","PASS","True","True","0.113559789955616","18.910598979086945","0.4476381242275238","0.3773082084953785","","","end_to_end","total_elapsed","sum_worker_elapsed","True","NOT_REPORTED","aligned_and_main","dynamic","1","igemm_kernel_8x8_zvl256b_lmul1_unroll4","ime_kernel_8x8_zvl256b_lmul1_unroll4","4","4","Linux/riscv64","79305876e3d912cd74ffc97b9eae744b1ccb8984","2026-10-02T19:03:20Z","yes","fig05_20261002T134311Z"
"primary_total","HETERO_DYNAMIC_4RVV_4IME","8x8","8","1","1024","1024","1024","8","OK","PASS","True","True","0.13579141721129417","15.814575708113217","","","","","end_to_end","total_elapsed","sum_worker_elapsed","True","NOT_REPORTED","aligned_and_main","dynamic","1","igemm_kernel_8x8_zvl256b_lmul1_unroll8","ime_kernel_8x8_zvl256b_lmul1_unroll8","4","4","Linux/riscv64","79305876e3d912cd74ffc97b9eae744b1ccb8984","2026-10-02T16:35:58Z","no","fig05_20261002T134311Z"
"profiled_phase","HETERO_DYNAMIC_4RVV_4IME","8x8","8","1","1024","1024","1024","8","OK","PASS","True","True","0.13581737503409386","15.811553179119558","0.43827812001109123","0.4484858810901642","","","end_to_end","total_elapsed","sum_worker_elapsed","True","NOT_REPORTED","aligned_and_main","dynamic","1","igemm_kernel_8x8_zvl256b_lmul1_unroll8","ime_kernel_8x8_zvl256b_lmul1_unroll8","4","4","Linux/riscv64","79305876e3d912cd74ffc97b9eae744b1ccb8984","2026-10-02T19:26:21Z","yes","fig05_20261002T134311Z"
"primary_total","HETERO_DYNAMIC_4RVV_4IME","8x8","8","2","1024","1024","1024","8","OK","PASS","True","True","0.13819270953536034","15.539775254573096","","","","","end_to_end","total_elapsed","sum_worker_elapsed","True","NOT_REPORTED","aligned_and_main","dynamic","1","igemm_kernel_8x8_zvl256b_lmul1_unroll8","ime_kernel_8x8_zvl256b_lmul1_unroll8","4","4","Linux/riscv64","79305876e3d912cd74ffc97b9eae744b1ccb8984","2026-10-02T16:35:58Z","no","fig05_20261002T134311Z"
"profiled_phase","HETERO_DYNAMIC_4RVV_4IME","8x8","8","2","1024","1024","1024","8","OK","PASS","True","True","0.14067787304520607","15.265255306425608","0.45417457818984985","0.48296327143907547","","","end_to_end","total_elapsed","sum_worker_elapsed","True","NOT_REPORTED","aligned_and_main","dynamic","1","igemm_kernel_8x8_zvl256b_lmul1_unroll8","ime_kernel_8x8_zvl256b_lmul1_unroll8","4","4","Linux/riscv64","79305876e3d912cd74ffc97b9eae744b1ccb8984","2026-10-02T19:26:21Z","yes","fig05_20261002T134311Z"
"primary_total","HETERO_DYNAMIC_4RVV_4IME","8x8","8","3","1024","1024","1024","8","OK","PASS","True","True","0.1320302076637745","16.265093314620387","","","","","end_to_end","total_elapsed","sum_worker_elapsed","True","NOT_REPORTED","aligned_and_main","dynamic","1","igemm_kernel_8x8_zvl256b_lmul1_unroll8","ime_kernel_8x8_zvl256b_lmul1_unroll8","4","4","Linux/riscv64","79305876e3d912cd74ffc97b9eae744b1ccb8984","2026-10-02T16:35:58Z","no","fig05_20261002T134311Z"
"profiled_phase","HETERO_DYNAMIC_4RVV_4IME","8x8","8","3","1024","1024","1024","8","OK","PASS","True","True","0.13541866838932037","15.858106371465093","0.43829867243766785","0.4822358004748821","","","end_to_end","total_elapsed","sum_worker_elapsed","True","NOT_REPORTED","aligned_and_main","dynamic","1","igemm_kernel_8x8_zvl256b_lmul1_unroll8","ime_kernel_8x8_zvl256b_lmul1_unroll8","4","4","Linux/riscv64","79305876e3d912cd74ffc97b9eae744b1ccb8984","2026-10-02T19:26:21Z","yes","fig05_20261002T134311Z"
"primary_total","HETERO_DYNAMIC_4RVV_4IME","8x8","8","4","1024","1024","1024","8","OK","PASS","True","True","0.13615266606211662","15.772615477248594","","","","","end_to_end","total_elapsed","sum_worker_elapsed","True","NOT_REPORTED","aligned_and_main","dynamic","1","igemm_kernel_8x8_zvl256b_lmul1_unroll8","ime_kernel_8x8_zvl256b_lmul1_unroll8","4","4","Linux/riscv64","79305876e3d912cd74ffc97b9eae744b1ccb8984","2026-10-02T16:35:58Z","no","fig05_20261002T134311Z"
"profiled_phase","HETERO_DYNAMIC_4RVV_4IME","8x8","8","4","1024","1024","1024","8","OK","PASS","True","True","0.13169441744685173","16.306565529755016","0.44714486971497536","0.38583804666996","","","end_to_end","total_elapsed","sum_worker_elapsed","True","NOT_REPORTED","aligned_and_main","dynamic","1","igemm_kernel_8x8_zvl256b_lmul1_unroll8","ime_kernel_8x8_zvl256b_lmul1_unroll8","4","4","Linux/riscv64","79305876e3d912cd74ffc97b9eae744b1ccb8984","2026-10-02T19:26:21Z","yes","fig05_20261002T134311Z"
"primary_total","HETERO_DYNAMIC_4RVV_4IME","8x8","8","5","1024","1024","1024","8","OK","PASS","True","True","0.1360006295144558","15.790247851549388","","","","","end_to_end","total_elapsed","sum_worker_elapsed","True","NOT_REPORTED","aligned_and_main","dynamic","1","igemm_kernel_8x8_zvl256b_lmul1_unroll8","ime_kernel_8x8_zvl256b_lmul1_unroll8","4","4","Linux/riscv64","79305876e3d912cd74ffc97b9eae744b1ccb8984","2026-10-02T16:35:58Z","no","fig05_20261002T134311Z"
"profiled_phase","HETERO_DYNAMIC_4RVV_4IME","8x8","8","5","1024","1024","1024","8","OK","PASS","True","True","0.13598820939660072","15.791690011425949","0.42298127338290215","0.48121848702430725","","","end_to_end","total_elapsed","sum_worker_elapsed","True","NOT_REPORTED","aligned_and_main","dynamic","1","igemm_kernel_8x8_zvl256b_lmul1_unroll8","ime_kernel_8x8_zvl256b_lmul1_unroll8","4","4","Linux/riscv64","79305876e3d912cd74ffc97b9eae744b1ccb8984","2026-10-02T19:26:22Z","yes","fig05_20261002T134311Z"
"primary_total","HETERO_DYNAMIC_4RVV_4IME","8x8","8","6","1024","1024","1024","8","OK","PASS","True","True","0.13599004223942757","15.791477174623456","","","","","end_to_end","total_elapsed","sum_worker_elapsed","True","NOT_REPORTED","aligned_and_main","dynamic","1","igemm_kernel_8x8_zvl256b_lmul1_unroll8","ime_kernel_8x8_zvl256b_lmul1_unroll8","4","4","Linux/riscv64","79305876e3d912cd74ffc97b9eae744b1ccb8984","2026-10-02T16:35:59Z","no","fig05_20261002T134311Z"
"profiled_phase","HETERO_DYNAMIC_4RVV_4IME","8x8","8","6","1024","1024","1024","8","OK","PASS","True","True","0.13764100149273872","15.602063518211839","0.4310261234641075","0.4800001382827759","","","end_to_end","total_elapsed","sum_worker_elapsed","True","NOT_REPORTED","aligned_and_main","dynamic","1","igemm_kernel_8x8_zvl256b_lmul1_unroll8","ime_kernel_8x8_zvl256b_lmul1_unroll8","4","4","Linux/riscv64","79305876e3d912cd74ffc97b9eae744b1ccb8984","2026-10-02T19:26:22Z","yes","fig05_20261002T134311Z"
"primary_total","HETERO_DYNAMIC_4RVV_4IME","8x8","8","7","1024","1024","1024","8","OK","PASS","True","True","0.13322249799966812","16.119526958617378","","","","","end_to_end","total_elapsed","sum_worker_elapsed","True","NOT_REPORTED","aligned_and_main","dynamic","1","igemm_kernel_8x8_zvl256b_lmul1_unroll8","ime_kernel_8x8_zvl256b_lmul1_unroll8","4","4","Linux/riscv64","79305876e3d912cd74ffc97b9eae744b1ccb8984","2026-10-02T16:35:59Z","no","fig05_20261002T134311Z"
"profiled_phase","HETERO_DYNAMIC_4RVV_4IME","8x8","8","7","1024","1024","1024","8","OK","PASS","True","True","0.137172419577837","15.655360272925957","0.4330136217176914","0.4790666438639164","","","end_to_end","total_elapsed","sum_worker_elapsed","True","NOT_REPORTED","aligned_and_main","dynamic","1","igemm_kernel_8x8_zvl256b_lmul1_unroll8","ime_kernel_8x8_zvl256b_lmul1_unroll8","4","4","Linux/riscv64","79305876e3d912cd74ffc97b9eae744b1ccb8984","2026-10-02T19:26:22Z","yes","fig05_20261002T134311Z"
"primary_total","HETERO_STATIC_4RVV_4IME","8x4","1","1","1024","1024","1024","8","OK","PASS","True","True","0.151548583060503","14.17026543324827","","","","","end_to_end","total_elapsed","sum_worker_elapsed","True","NOT_REPORTED","aligned_and_main","static","1","igemm_kernel_8x4_zvl256b_lmul1_unroll1","ime_kernel_8x4_zvl256b_lmul1_unroll1","4","4","Linux/riscv64","79305876e3d912cd74ffc97b9eae744b1ccb8984","2026-10-02T13:59:49Z","no","fig05_20261002T134311Z"
"profiled_phase","HETERO_STATIC_4RVV_4IME","8x4","1","1","1024","1024","1024","8","OK","PASS","True","True","0.15240491926670074","14.090645225447181","0.4287830479443073","0.531561553478241","","","end_to_end","total_elapsed","sum_worker_elapsed","True","NOT_REPORTED","aligned_and_main","static","1","igemm_kernel_8x4_zvl256b_lmul1_unroll1","ime_kernel_8x4_zvl256b_lmul1_unroll1","4","4","Linux/riscv64","79305876e3d912cd74ffc97b9eae744b1ccb8984","2026-10-02T16:49:50Z","yes","fig05_20261002T134311Z"
"primary_total","HETERO_STATIC_4RVV_4IME","8x4","1","2","1024","1024","1024","8","OK","PASS","True","True","0.1535893753170967","13.98198048248038","","","","","end_to_end","total_elapsed","sum_worker_elapsed","True","NOT_REPORTED","aligned_and_main","static","1","igemm_kernel_8x4_zvl256b_lmul1_unroll1","ime_kernel_8x4_zvl256b_lmul1_unroll1","4","4","Linux/riscv64","79305876e3d912cd74ffc97b9eae744b1ccb8984","2026-10-02T13:59:49Z","no","fig05_20261002T134311Z"
"profiled_phase","HETERO_STATIC_4RVV_4IME","8x4","1","2","1024","1024","1024","8","OK","PASS","True","True","0.15292270481586456","14.042935289339814","0.44682395085692406","0.5159284733235836","","","end_to_end","total_elapsed","sum_worker_elapsed","True","NOT_REPORTED","aligned_and_main","static","1","igemm_kernel_8x4_zvl256b_lmul1_unroll1","ime_kernel_8x4_zvl256b_lmul1_unroll1","4","4","Linux/riscv64","79305876e3d912cd74ffc97b9eae744b1ccb8984","2026-10-02T16:49:50Z","yes","fig05_20261002T134311Z"
"primary_total","HETERO_STATIC_4RVV_4IME","8x4","1","3","1024","1024","1024","8","OK","PASS","True","True","0.15299595892429352","14.036211564663823","","","","","end_to_end","total_elapsed","sum_worker_elapsed","True","NOT_REPORTED","aligned_and_main","static","1","igemm_kernel_8x4_zvl256b_lmul1_unroll1","ime_kernel_8x4_zvl256b_lmul1_unroll1","4","4","Linux/riscv64","79305876e3d912cd74ffc97b9eae744b1ccb8984","2026-10-02T13:59:49Z","no","fig05_20261002T134311Z"
"profiled_phase","HETERO_STATIC_4RVV_4IME","8x4","1","3","1024","1024","1024","8","OK","PASS","True","True","0.15293283388018608","14.042005196100844","0.429123867303133","0.5252748429775238","","","end_to_end","total_elapsed","sum_worker_elapsed","True","NOT_REPORTED","aligned_and_main","static","1","igemm_kernel_8x4_zvl256b_lmul1_unroll1","ime_kernel_8x4_zvl256b_lmul1_unroll1","4","4","Linux/riscv64","79305876e3d912cd74ffc97b9eae744b1ccb8984","2026-10-02T16:49:50Z","yes","fig05_20261002T134311Z"
"primary_total","HETERO_STATIC_4RVV_4IME","8x4","1","4","1024","1024","1024","8","OK","PASS","True","True","0.15271520987153053","14.062015498040697","","","","","end_to_end","total_elapsed","sum_worker_elapsed","True","NOT_REPORTED","aligned_and_main","static","1","igemm_kernel_8x4_zvl256b_lmul1_unroll1","ime_kernel_8x4_zvl256b_lmul1_unroll1","4","4","Linux/riscv64","79305876e3d912cd74ffc97b9eae744b1ccb8984","2026-10-02T13:59:49Z","no","fig05_20261002T134311Z"
"profiled_phase","HETERO_STATIC_4RVV_4IME","8x4","1","4","1024","1024","1024","8","OK","PASS","True","True","0.15232045948505402","14.098458311246857","0.4315408729016781","0.5201378352940083","","","end_to_end","total_elapsed","sum_worker_elapsed","True","NOT_REPORTED","aligned_and_main","static","1","igemm_kernel_8x4_zvl256b_lmul1_unroll1","ime_kernel_8x4_zvl256b_lmul1_unroll1","4","4","Linux/riscv64","79305876e3d912cd74ffc97b9eae744b1ccb8984","2026-10-02T16:49:50Z","yes","fig05_20261002T134311Z"
"primary_total","HETERO_STATIC_4RVV_4IME","8x4","1","5","1024","1024","1024","8","OK","PASS","True","True","0.15302762761712074","14.033306805050014","","","","","end_to_end","total_elapsed","sum_worker_elapsed","True","NOT_REPORTED","aligned_and_main","static","1","igemm_kernel_8x4_zvl256b_lmul1_unroll1","ime_kernel_8x4_zvl256b_lmul1_unroll1","4","4","Linux/riscv64","79305876e3d912cd74ffc97b9eae744b1ccb8984","2026-10-02T13:59:49Z","no","fig05_20261002T134311Z"
"profiled_phase","HETERO_STATIC_4RVV_4IME","8x4","1","5","1024","1024","1024","8","OK","PASS","True","True","0.1527329571545124","14.06038151823052","0.4662475436925888","0.5207659378647804","","","end_to_end","total_elapsed","sum_worker_elapsed","True","NOT_REPORTED","aligned_and_main","static","1","igemm_kernel_8x4_zvl256b_lmul1_unroll1","ime_kernel_8x4_zvl256b_lmul1_unroll1","4","4","Linux/riscv64","79305876e3d912cd74ffc97b9eae744b1ccb8984","2026-10-02T16:49:50Z","yes","fig05_20261002T134311Z"
"primary_total","HETERO_STATIC_4RVV_4IME","8x4","1","6","1024","1024","1024","8","OK","PASS","True","True","0.1507091261446476","14.24919447770461","","","","","end_to_end","total_elapsed","sum_worker_elapsed","True","NOT_REPORTED","aligned_and_main","static","1","igemm_kernel_8x4_zvl256b_lmul1_unroll1","ime_kernel_8x4_zvl256b_lmul1_unroll1","4","4","Linux/riscv64","79305876e3d912cd74ffc97b9eae744b1ccb8984","2026-10-02T13:59:50Z","no","fig05_20261002T134311Z"
"profiled_phase","HETERO_STATIC_4RVV_4IME","8x4","1","6","1024","1024","1024","8","OK","PASS","True","True","0.14959324896335602","14.355485042817955","0.4494531378149986","0.5219558142125607","","","end_to_end","total_elapsed","sum_worker_elapsed","True","NOT_REPORTED","aligned_and_main","static","1","igemm_kernel_8x4_zvl256b_lmul1_unroll1","ime_kernel_8x4_zvl256b_lmul1_unroll1","4","4","Linux/riscv64","79305876e3d912cd74ffc97b9eae744b1ccb8984","2026-10-02T16:49:51Z","yes","fig05_20261002T134311Z"
"primary_total","HETERO_STATIC_4RVV_4IME","8x4","1","7","1024","1024","1024","8","OK","PASS","True","True","0.15173154324293137","14.153178713550346","","","","","end_to_end","total_elapsed","sum_worker_elapsed","True","NOT_REPORTED","aligned_and_main","static","1","igemm_kernel_8x4_zvl256b_lmul1_unroll1","ime_kernel_8x4_zvl256b_lmul1_unroll1","4","4","Linux/riscv64","79305876e3d912cd74ffc97b9eae744b1ccb8984","2026-10-02T13:59:50Z","no","fig05_20261002T134311Z"
"profiled_phase","HETERO_STATIC_4RVV_4IME","8x4","1","7","1024","1024","1024","8","OK","PASS","True","True","0.15392358228564262","13.951622071885138","0.44169366732239723","0.5277450121939182","","","end_to_end","total_elapsed","sum_worker_elapsed","True","NOT_REPORTED","aligned_and_main","static","1","igemm_kernel_8x4_zvl256b_lmul1_unroll1","ime_kernel_8x4_zvl256b_lmul1_unroll1","4","4","Linux/riscv64","79305876e3d912cd74ffc97b9eae744b1ccb8984","2026-10-02T16:49:51Z","yes","fig05_20261002T134311Z"
"primary_total","HETERO_STATIC_4RVV_4IME","8x4","2","1","1024","1024","1024","8","OK","PASS","True","True","0.23013800010085106","9.331286650005344","","","","","end_to_end","total_elapsed","sum_worker_elapsed","True","NOT_REPORTED","aligned_and_main","static","1","igemm_kernel_8x4_zvl256b_lmul1_unroll2","ime_kernel_8x4_zvl256b_lmul1_unroll2","4","4","Linux/riscv64","79305876e3d912cd74ffc97b9eae744b1ccb8984","2026-10-02T14:13:36Z","no","fig05_20261002T134311Z"
"profiled_phase","HETERO_STATIC_4RVV_4IME","8x4","2","1","1024","1024","1024","8","OK","PASS","True","True","0.22915350273251534","9.371376053137181","0.4272490069270134","0.7457538470625877","","","end_to_end","total_elapsed","sum_worker_elapsed","True","NOT_REPORTED","aligned_and_main","static","1","igemm_kernel_8x4_zvl256b_lmul1_unroll2","ime_kernel_8x4_zvl256b_lmul1_unroll2","4","4","Linux/riscv64","79305876e3d912cd74ffc97b9eae744b1ccb8984","2026-10-02T17:07:59Z","yes","fig05_20261002T134311Z"
"primary_total","HETERO_STATIC_4RVV_4IME","8x4","2","2","1024","1024","1024","8","OK","PASS","True","True","0.22834108024835587","9.404718790260093","","","","","end_to_end","total_elapsed","sum_worker_elapsed","True","NOT_REPORTED","aligned_and_main","static","1","igemm_kernel_8x4_zvl256b_lmul1_unroll2","ime_kernel_8x4_zvl256b_lmul1_unroll2","4","4","Linux/riscv64","79305876e3d912cd74ffc97b9eae744b1ccb8984","2026-10-02T14:13:37Z","no","fig05_20261002T134311Z"
"profiled_phase","HETERO_STATIC_4RVV_4IME","8x4","2","2","1024","1024","1024","8","OK","PASS","True","True","0.2288476675748825","9.383900088460853","0.43748293444514275","0.7417737059295177","","","end_to_end","total_elapsed","sum_worker_elapsed","True","NOT_REPORTED","aligned_and_main","static","1","igemm_kernel_8x4_zvl256b_lmul1_unroll2","ime_kernel_8x4_zvl256b_lmul1_unroll2","4","4","Linux/riscv64","79305876e3d912cd74ffc97b9eae744b1ccb8984","2026-10-02T17:07:59Z","yes","fig05_20261002T134311Z"
"primary_total","HETERO_STATIC_4RVV_4IME","8x4","2","3","1024","1024","1024","8","OK","PASS","True","True","0.22728416696190834","9.448452466818365","","","","","end_to_end","total_elapsed","sum_worker_elapsed","True","NOT_REPORTED","aligned_and_main","static","1","igemm_kernel_8x4_zvl256b_lmul1_unroll2","ime_kernel_8x4_zvl256b_lmul1_unroll2","4","4","Linux/riscv64","79305876e3d912cd74ffc97b9eae744b1ccb8984","2026-10-02T14:13:37Z","no","fig05_20261002T134311Z"
"profiled_phase","HETERO_STATIC_4RVV_4IME","8x4","2","3","1024","1024","1024","8","OK","PASS","True","True","0.2291596680879593","9.371123923847378","0.4319734163582325","0.7438757941126823","","","end_to_end","total_elapsed","sum_worker_elapsed","True","NOT_REPORTED","aligned_and_main","static","1","igemm_kernel_8x4_zvl256b_lmul1_unroll2","ime_kernel_8x4_zvl256b_lmul1_unroll2","4","4","Linux/riscv64","79305876e3d912cd74ffc97b9eae744b1ccb8984","2026-10-02T17:07:59Z","yes","fig05_20261002T134311Z"
"primary_total","HETERO_STATIC_4RVV_4IME","8x4","2","4","1024","1024","1024","8","OK","PASS","True","True","0.22989187389612198","9.34127688641293","","","","","end_to_end","total_elapsed","sum_worker_elapsed","True","NOT_REPORTED","aligned_and_main","static","1","igemm_kernel_8x4_zvl256b_lmul1_unroll2","ime_kernel_8x4_zvl256b_lmul1_unroll2","4","4","Linux/riscv64","79305876e3d912cd74ffc97b9eae744b1ccb8984","2026-10-02T14:13:37Z","no","fig05_20261002T134311Z"
"profiled_phase","HETERO_STATIC_4RVV_4IME","8x4","2","4","1024","1024","1024","8","OK","PASS","True","True","0.22829991951584816","9.406414389256609","0.4372464530169964","0.7414143979549408","","","end_to_end","total_elapsed","sum_worker_elapsed","True","NOT_REPORTED","aligned_and_main","static","1","igemm_kernel_8x4_zvl256b_lmul1_unroll2","ime_kernel_8x4_zvl256b_lmul1_unroll2","4","4","Linux/riscv64","79305876e3d912cd74ffc97b9eae744b1ccb8984","2026-10-02T17:07:59Z","yes","fig05_20261002T134311Z"
"primary_total","HETERO_STATIC_4RVV_4IME","8x4","2","5","1024","1024","1024","8","OK","PASS","True","True","0.22947045788168907","9.35843187756746","","","","","end_to_end","total_elapsed","sum_worker_elapsed","True","NOT_REPORTED","aligned_and_main","static","1","igemm_kernel_8x4_zvl256b_lmul1_unroll2","ime_kernel_8x4_zvl256b_lmul1_unroll2","4","4","Linux/riscv64","79305876e3d912cd74ffc97b9eae744b1ccb8984","2026-10-02T14:13:37Z","no","fig05_20261002T134311Z"
"profiled_phase","HETERO_STATIC_4RVV_4IME","8x4","2","5","1024","1024","1024","8","OK","PASS","True","True","0.22857700288295746","9.395011838087736","0.43834350258111954","0.7512361854314804","","","end_to_end","total_elapsed","sum_worker_elapsed","True","NOT_REPORTED","aligned_and_main","static","1","igemm_kernel_8x4_zvl256b_lmul1_unroll2","ime_kernel_8x4_zvl256b_lmul1_unroll2","4","4","Linux/riscv64","79305876e3d912cd74ffc97b9eae744b1ccb8984","2026-10-02T17:08:00Z","yes","fig05_20261002T134311Z"
"primary_total","HETERO_STATIC_4RVV_4IME","8x4","2","6","1024","1024","1024","8","OK","PASS","True","True","0.2281859591603279","9.411112129345067","","","","","end_to_end","total_elapsed","sum_worker_elapsed","True","NOT_REPORTED","aligned_and_main","static","1","igemm_kernel_8x4_zvl256b_lmul1_unroll2","ime_kernel_8x4_zvl256b_lmul1_unroll2","4","4","Linux/riscv64","79305876e3d912cd74ffc97b9eae744b1ccb8984","2026-10-02T14:13:38Z","no","fig05_20261002T134311Z"
"profiled_phase","HETERO_STATIC_4RVV_4IME","8x4","2","6","1024","1024","1024","8","OK","PASS","True","True","0.2264992520213127","9.481195318905204","0.4247876964509487","0.7440103404223919","","","end_to_end","total_elapsed","sum_worker_elapsed","True","NOT_REPORTED","aligned_and_main","static","1","igemm_kernel_8x4_zvl256b_lmul1_unroll2","ime_kernel_8x4_zvl256b_lmul1_unroll2","4","4","Linux/riscv64","79305876e3d912cd74ffc97b9eae744b1ccb8984","2026-10-02T17:08:00Z","yes","fig05_20261002T134311Z"
"primary_total","HETERO_STATIC_4RVV_4IME","8x4","2","7","1024","1024","1024","8","OK","PASS","True","True","0.23030200228095055","9.324641673676101","","","","","end_to_end","total_elapsed","sum_worker_elapsed","True","NOT_REPORTED","aligned_and_main","static","1","igemm_kernel_8x4_zvl256b_lmul1_unroll2","ime_kernel_8x4_zvl256b_lmul1_unroll2","4","4","Linux/riscv64","79305876e3d912cd74ffc97b9eae744b1ccb8984","2026-10-02T14:13:38Z","no","fig05_20261002T134311Z"
"profiled_phase","HETERO_STATIC_4RVV_4IME","8x4","2","7","1024","1024","1024","8","OK","PASS","True","True","0.22839029133319855","9.402692362553347","0.4324367232620716","0.7458797171711922","","","end_to_end","total_elapsed","sum_worker_elapsed","True","NOT_REPORTED","aligned_and_main","static","1","igemm_kernel_8x4_zvl256b_lmul1_unroll2","ime_kernel_8x4_zvl256b_lmul1_unroll2","4","4","Linux/riscv64","79305876e3d912cd74ffc97b9eae744b1ccb8984","2026-10-02T17:08:00Z","yes","fig05_20261002T134311Z"
"primary_total","HETERO_STATIC_4RVV_4IME","8x4","4","1","1024","1024","1024","8","OK","PASS","True","True","0.23403887450695038","9.175756175225603","","","","","end_to_end","total_elapsed","sum_worker_elapsed","True","NOT_REPORTED","aligned_and_main","static","1","igemm_kernel_8x4_zvl256b_lmul1_unroll4","ime_kernel_8x4_zvl256b_lmul1_unroll4","4","4","Linux/riscv64","79305876e3d912cd74ffc97b9eae744b1ccb8984","2026-10-02T14:35:54Z","no","fig05_20261002T134311Z"
"profiled_phase","HETERO_STATIC_4RVV_4IME","8x4","4","1","1024","1024","1024","8","OK","PASS","True","True","0.23412567004561424","9.17235452046591","0.41233861446380615","0.7544766627252102","","","end_to_end","total_elapsed","sum_worker_elapsed","True","NOT_REPORTED","aligned_and_main","static","1","igemm_kernel_8x4_zvl256b_lmul1_unroll4","ime_kernel_8x4_zvl256b_lmul1_unroll4","4","4","Linux/riscv64","79305876e3d912cd74ffc97b9eae744b1ccb8984","2026-10-02T17:26:23Z","yes","fig05_20261002T134311Z"
"primary_total","HETERO_STATIC_4RVV_4IME","8x4","4","2","1024","1024","1024","8","OK","PASS","True","True","0.2321762889623642","9.249366753157586","","","","","end_to_end","total_elapsed","sum_worker_elapsed","True","NOT_REPORTED","aligned_and_main","static","1","igemm_kernel_8x4_zvl256b_lmul1_unroll4","ime_kernel_8x4_zvl256b_lmul1_unroll4","4","4","Linux/riscv64","79305876e3d912cd74ffc97b9eae744b1ccb8984","2026-10-02T14:35:54Z","no","fig05_20261002T134311Z"
"profiled_phase","HETERO_STATIC_4RVV_4IME","8x4","4","2","1024","1024","1024","8","OK","PASS","True","True","0.2325047068297863","9.236301824943894","0.4198254160583019","0.7523963823914528","","","end_to_end","total_elapsed","sum_worker_elapsed","True","NOT_REPORTED","aligned_and_main","static","1","igemm_kernel_8x4_zvl256b_lmul1_unroll4","ime_kernel_8x4_zvl256b_lmul1_unroll4","4","4","Linux/riscv64","79305876e3d912cd74ffc97b9eae744b1ccb8984","2026-10-02T17:26:23Z","yes","fig05_20261002T134311Z"
"primary_total","HETERO_STATIC_4RVV_4IME","8x4","4","3","1024","1024","1024","8","OK","PASS","True","True","0.2333943322300911","9.20109596270277","","","","","end_to_end","total_elapsed","sum_worker_elapsed","True","NOT_REPORTED","aligned_and_main","static","1","igemm_kernel_8x4_zvl256b_lmul1_unroll4","ime_kernel_8x4_zvl256b_lmul1_unroll4","4","4","Linux/riscv64","79305876e3d912cd74ffc97b9eae744b1ccb8984","2026-10-02T14:35:54Z","no","fig05_20261002T134311Z"
"profiled_phase","HETERO_STATIC_4RVV_4IME","8x4","4","3","1024","1024","1024","8","OK","PASS","True","True","0.2325192093849182","9.235725743609429","0.36548877507448196","0.7539398372173309","","","end_to_end","total_elapsed","sum_worker_elapsed","True","NOT_REPORTED","aligned_and_main","static","1","igemm_kernel_8x4_zvl256b_lmul1_unroll4","ime_kernel_8x4_zvl256b_lmul1_unroll4","4","4","Linux/riscv64","79305876e3d912cd74ffc97b9eae744b1ccb8984","2026-10-02T17:26:24Z","yes","fig05_20261002T134311Z"
"primary_total","HETERO_STATIC_4RVV_4IME","8x4","4","4","1024","1024","1024","8","OK","PASS","True","True","0.2322280816733837","9.24730391142067","","","","","end_to_end","total_elapsed","sum_worker_elapsed","True","NOT_REPORTED","aligned_and_main","static","1","igemm_kernel_8x4_zvl256b_lmul1_unroll4","ime_kernel_8x4_zvl256b_lmul1_unroll4","4","4","Linux/riscv64","79305876e3d912cd74ffc97b9eae744b1ccb8984","2026-10-02T14:35:54Z","no","fig05_20261002T134311Z"
"profiled_phase","HETERO_STATIC_4RVV_4IME","8x4","4","4","1024","1024","1024","8","OK","PASS","True","True","0.23322675377130508","9.207707148836603","0.40990034490823746","0.7613272294402122","","","end_to_end","total_elapsed","sum_worker_elapsed","True","NOT_REPORTED","aligned_and_main","static","1","igemm_kernel_8x4_zvl256b_lmul1_unroll4","ime_kernel_8x4_zvl256b_lmul1_unroll4","4","4","Linux/riscv64","79305876e3d912cd74ffc97b9eae744b1ccb8984","2026-10-02T17:26:24Z","yes","fig05_20261002T134311Z"
"primary_total","HETERO_STATIC_4RVV_4IME","8x4","4","5","1024","1024","1024","8","OK","PASS","True","True","0.2317510023713112","9.266340279121227","","","","","end_to_end","total_elapsed","sum_worker_elapsed","True","NOT_REPORTED","aligned_and_main","static","1","igemm_kernel_8x4_zvl256b_lmul1_unroll4","ime_kernel_8x4_zvl256b_lmul1_unroll4","4","4","Linux/riscv64","79305876e3d912cd74ffc97b9eae744b1ccb8984","2026-10-02T14:35:55Z","no","fig05_20261002T134311Z"
"profiled_phase","HETERO_STATIC_4RVV_4IME","8x4","4","5","1024","1024","1024","8","OK","PASS","True","True","0.23105737566947937","9.29415753025738","0.3896448463201523","0.7558950148522854","","","end_to_end","total_elapsed","sum_worker_elapsed","True","NOT_REPORTED","aligned_and_main","static","1","igemm_kernel_8x4_zvl256b_lmul1_unroll4","ime_kernel_8x4_zvl256b_lmul1_unroll4","4","4","Linux/riscv64","79305876e3d912cd74ffc97b9eae744b1ccb8984","2026-10-02T17:26:24Z","yes","fig05_20261002T134311Z"
"primary_total","HETERO_STATIC_4RVV_4IME","8x4","4","6","1024","1024","1024","8","OK","PASS","True","True","0.23165133595466614","9.270327059198397","","","","","end_to_end","total_elapsed","sum_worker_elapsed","True","NOT_REPORTED","aligned_and_main","static","1","igemm_kernel_8x4_zvl256b_lmul1_unroll4","ime_kernel_8x4_zvl256b_lmul1_unroll4","4","4","Linux/riscv64","79305876e3d912cd74ffc97b9eae744b1ccb8984","2026-10-02T14:35:55Z","no","fig05_20261002T134311Z"
"profiled_phase","HETERO_STATIC_4RVV_4IME","8x4","4","6","1024","1024","1024","8","OK","PASS","True","True","0.2305709607899189","9.313764580946714","0.3891163803637028","0.7560130953788757","","","end_to_end","total_elapsed","sum_worker_elapsed","True","NOT_REPORTED","aligned_and_main","static","1","igemm_kernel_8x4_zvl256b_lmul1_unroll4","ime_kernel_8x4_zvl256b_lmul1_unroll4","4","4","Linux/riscv64","79305876e3d912cd74ffc97b9eae744b1ccb8984","2026-10-02T17:26:24Z","yes","fig05_20261002T134311Z"
"primary_total","HETERO_STATIC_4RVV_4IME","8x4","4","7","1024","1024","1024","8","OK","PASS","True","True","0.2312435433268547","9.286675066056251","","","","","end_to_end","total_elapsed","sum_worker_elapsed","True","NOT_REPORTED","aligned_and_main","static","1","igemm_kernel_8x4_zvl256b_lmul1_unroll4","ime_kernel_8x4_zvl256b_lmul1_unroll4","4","4","Linux/riscv64","79305876e3d912cd74ffc97b9eae744b1ccb8984","2026-10-02T14:35:55Z","no","fig05_20261002T134311Z"
"profiled_phase","HETERO_STATIC_4RVV_4IME","8x4","4","7","1024","1024","1024","8","OK","PASS","True","True","0.23181091621518135","9.263945301033933","0.37920600548386574","0.761278972029686","","","end_to_end","total_elapsed","sum_worker_elapsed","True","NOT_REPORTED","aligned_and_main","static","1","igemm_kernel_8x4_zvl256b_lmul1_unroll4","ime_kernel_8x4_zvl256b_lmul1_unroll4","4","4","Linux/riscv64","79305876e3d912cd74ffc97b9eae744b1ccb8984","2026-10-02T17:26:25Z","yes","fig05_20261002T134311Z"
"primary_total","HETERO_STATIC_4RVV_4IME","8x4","8","1","1024","1024","1024","8","OK","PASS","True","True","0.21703854203224182","9.894480620317584","","","","","end_to_end","total_elapsed","sum_worker_elapsed","True","NOT_REPORTED","aligned_and_main","static","1","igemm_kernel_8x4_zvl256b_lmul1_unroll8","ime_kernel_8x4_zvl256b_lmul1_unroll8","4","4","Linux/riscv64","79305876e3d912cd74ffc97b9eae744b1ccb8984","2026-10-02T14:58:10Z","no","fig05_20261002T134311Z"
"profiled_phase","HETERO_STATIC_4RVV_4IME","8x4","8","1","1024","1024","1024","8","OK","PASS","True","True","0.21546820923686028","9.966591617417262","0.44321195781230927","0.706505224108696","","","end_to_end","total_elapsed","sum_worker_elapsed","True","NOT_REPORTED","aligned_and_main","static","1","igemm_kernel_8x4_zvl256b_lmul1_unroll8","ime_kernel_8x4_zvl256b_lmul1_unroll8","4","4","Linux/riscv64","79305876e3d912cd74ffc97b9eae744b1ccb8984","2026-10-02T17:48:17Z","yes","fig05_20261002T134311Z"
"primary_total","HETERO_STATIC_4RVV_4IME","8x4","8","2","1024","1024","1024","8","OK","PASS","True","True","0.21718308329582214","9.887895573684906","","","","","end_to_end","total_elapsed","sum_worker_elapsed","True","NOT_REPORTED","aligned_and_main","static","1","igemm_kernel_8x4_zvl256b_lmul1_unroll8","ime_kernel_8x4_zvl256b_lmul1_unroll8","4","4","Linux/riscv64","79305876e3d912cd74ffc97b9eae744b1ccb8984","2026-10-02T14:58:11Z","no","fig05_20261002T134311Z"
"profiled_phase","HETERO_STATIC_4RVV_4IME","8x4","8","2","1024","1024","1024","8","OK","PASS","True","True","0.2169191688299179","9.899925670855765","0.44366999715566635","0.7085872665047646","","","end_to_end","total_elapsed","sum_worker_elapsed","True","NOT_REPORTED","aligned_and_main","static","1","igemm_kernel_8x4_zvl256b_lmul1_unroll8","ime_kernel_8x4_zvl256b_lmul1_unroll8","4","4","Linux/riscv64","79305876e3d912cd74ffc97b9eae744b1ccb8984","2026-10-02T17:48:17Z","yes","fig05_20261002T134311Z"
"primary_total","HETERO_STATIC_4RVV_4IME","8x4","8","3","1024","1024","1024","8","OK","PASS","True","True","0.21641699969768524","9.922897235429001","","","","","end_to_end","total_elapsed","sum_worker_elapsed","True","NOT_REPORTED","aligned_and_main","static","1","igemm_kernel_8x4_zvl256b_lmul1_unroll8","ime_kernel_8x4_zvl256b_lmul1_unroll8","4","4","Linux/riscv64","79305876e3d912cd74ffc97b9eae744b1ccb8984","2026-10-02T14:58:11Z","no","fig05_20261002T134311Z"
"profiled_phase","HETERO_STATIC_4RVV_4IME","8x4","8","3","1024","1024","1024","8","OK","PASS","True","True","0.21602562442421913","9.940874624127417","0.45202962681651115","0.7053326033055782","","","end_to_end","total_elapsed","sum_worker_elapsed","True","NOT_REPORTED","aligned_and_main","static","1","igemm_kernel_8x4_zvl256b_lmul1_unroll8","ime_kernel_8x4_zvl256b_lmul1_unroll8","4","4","Linux/riscv64","79305876e3d912cd74ffc97b9eae744b1ccb8984","2026-10-02T17:48:18Z","yes","fig05_20261002T134311Z"
"primary_total","HETERO_STATIC_4RVV_4IME","8x4","8","4","1024","1024","1024","8","OK","PASS","True","True","0.2179400809109211","9.853550751308308","","","","","end_to_end","total_elapsed","sum_worker_elapsed","True","NOT_REPORTED","aligned_and_main","static","1","igemm_kernel_8x4_zvl256b_lmul1_unroll8","ime_kernel_8x4_zvl256b_lmul1_unroll8","4","4","Linux/riscv64","79305876e3d912cd74ffc97b9eae744b1ccb8984","2026-10-02T14:58:11Z","no","fig05_20261002T134311Z"
"profiled_phase","HETERO_STATIC_4RVV_4IME","8x4","8","4","1024","1024","1024","8","OK","PASS","True","True","0.21709821000695229","9.891761189238869","0.4433269575238228","0.7066757269203663","","","end_to_end","total_elapsed","sum_worker_elapsed","True","NOT_REPORTED","aligned_and_main","static","1","igemm_kernel_8x4_zvl256b_lmul1_unroll8","ime_kernel_8x4_zvl256b_lmul1_unroll8","4","4","Linux/riscv64","79305876e3d912cd74ffc97b9eae744b1ccb8984","2026-10-02T17:48:18Z","yes","fig05_20261002T134311Z"
"primary_total","HETERO_STATIC_4RVV_4IME","8x4","8","5","1024","1024","1024","8","OK","PASS","True","True","0.2159186266362667","9.945800792896014","","","","","end_to_end","total_elapsed","sum_worker_elapsed","True","NOT_REPORTED","aligned_and_main","static","1","igemm_kernel_8x4_zvl256b_lmul1_unroll8","ime_kernel_8x4_zvl256b_lmul1_unroll8","4","4","Linux/riscv64","79305876e3d912cd74ffc97b9eae744b1ccb8984","2026-10-02T14:58:11Z","no","fig05_20261002T134311Z"
"profiled_phase","HETERO_STATIC_4RVV_4IME","8x4","8","5","1024","1024","1024","8","OK","PASS","True","True","0.21759925037622452","9.868984586514182","0.45008712634444237","0.7031243555247784","","","end_to_end","total_elapsed","sum_worker_elapsed","True","NOT_REPORTED","aligned_and_main","static","1","igemm_kernel_8x4_zvl256b_lmul1_unroll8","ime_kernel_8x4_zvl256b_lmul1_unroll8","4","4","Linux/riscv64","79305876e3d912cd74ffc97b9eae744b1ccb8984","2026-10-02T17:48:18Z","yes","fig05_20261002T134311Z"
"primary_total","HETERO_STATIC_4RVV_4IME","8x4","8","6","1024","1024","1024","8","OK","PASS","True","True","0.21667174994945526","9.91123046036671","","","","","end_to_end","total_elapsed","sum_worker_elapsed","True","NOT_REPORTED","aligned_and_main","static","1","igemm_kernel_8x4_zvl256b_lmul1_unroll8","ime_kernel_8x4_zvl256b_lmul1_unroll8","4","4","Linux/riscv64","79305876e3d912cd74ffc97b9eae744b1ccb8984","2026-10-02T14:58:12Z","no","fig05_20261002T134311Z"
"profiled_phase","HETERO_STATIC_4RVV_4IME","8x4","8","6","1024","1024","1024","8","OK","PASS","True","True","0.21761050075292587","9.868474363919804","0.45071086287498474","0.7108451314270496","","","end_to_end","total_elapsed","sum_worker_elapsed","True","NOT_REPORTED","aligned_and_main","static","1","igemm_kernel_8x4_zvl256b_lmul1_unroll8","ime_kernel_8x4_zvl256b_lmul1_unroll8","4","4","Linux/riscv64","79305876e3d912cd74ffc97b9eae744b1ccb8984","2026-10-02T17:48:18Z","yes","fig05_20261002T134311Z"
"primary_total","HETERO_STATIC_4RVV_4IME","8x4","8","7","1024","1024","1024","8","OK","PASS","True","True","0.21728162467479706","9.88341122363253","","","","","end_to_end","total_elapsed","sum_worker_elapsed","True","NOT_REPORTED","aligned_and_main","static","1","igemm_kernel_8x4_zvl256b_lmul1_unroll8","ime_kernel_8x4_zvl256b_lmul1_unroll8","4","4","Linux/riscv64","79305876e3d912cd74ffc97b9eae744b1ccb8984","2026-10-02T14:58:12Z","no","fig05_20261002T134311Z"
"profiled_phase","HETERO_STATIC_4RVV_4IME","8x4","8","7","1024","1024","1024","8","OK","PASS","True","True","0.2165895812213421","9.914990535973175","0.44181184098124504","0.7102883905172348","","","end_to_end","total_elapsed","sum_worker_elapsed","True","NOT_REPORTED","aligned_and_main","static","1","igemm_kernel_8x4_zvl256b_lmul1_unroll8","ime_kernel_8x4_zvl256b_lmul1_unroll8","4","4","Linux/riscv64","79305876e3d912cd74ffc97b9eae744b1ccb8984","2026-10-02T17:48:18Z","yes","fig05_20261002T134311Z"
"primary_total","HETERO_STATIC_4RVV_4IME","8x8","1","1","1024","1024","1024","8","OK","PASS","True","True","0.12122450023889542","17.71493092376528","","","","","end_to_end","total_elapsed","sum_worker_elapsed","True","NOT_REPORTED","aligned_and_main","static","1","igemm_kernel_8x8_zvl256b_lmul1_unroll1","ime_kernel_8x8_zvl256b_lmul1_unroll1","4","4","Linux/riscv64","79305876e3d912cd74ffc97b9eae744b1ccb8984","2026-10-02T15:18:35Z","no","fig05_20261002T134311Z"
"profiled_phase","HETERO_STATIC_4RVV_4IME","8x8","1","1","1024","1024","1024","8","OK","PASS","True","True","0.11784404143691063","18.223099121644466","0.35061345621943474","0.27322088927030563","","","end_to_end","total_elapsed","sum_worker_elapsed","True","NOT_REPORTED","aligned_and_main","static","1","igemm_kernel_8x8_zvl256b_lmul1_unroll1","ime_kernel_8x8_zvl256b_lmul1_unroll1","4","4","Linux/riscv64","79305876e3d912cd74ffc97b9eae744b1ccb8984","2026-10-02T18:09:32Z","yes","fig05_20261002T134311Z"
"primary_total","HETERO_STATIC_4RVV_4IME","8x8","1","2","1024","1024","1024","8","OK","PASS","True","True","0.11100004240870476","19.34669213992653","","","","","end_to_end","total_elapsed","sum_worker_elapsed","True","NOT_REPORTED","aligned_and_main","static","1","igemm_kernel_8x8_zvl256b_lmul1_unroll1","ime_kernel_8x8_zvl256b_lmul1_unroll1","4","4","Linux/riscv64","79305876e3d912cd74ffc97b9eae744b1ccb8984","2026-10-02T15:18:35Z","no","fig05_20261002T134311Z"
"profiled_phase","HETERO_STATIC_4RVV_4IME","8x8","1","2","1024","1024","1024","8","OK","PASS","True","True","0.11365379020571709","18.89495848852013","0.3800065889954567","0.2720944955945015","","","end_to_end","total_elapsed","sum_worker_elapsed","True","NOT_REPORTED","aligned_and_main","static","1","igemm_kernel_8x8_zvl256b_lmul1_unroll1","ime_kernel_8x8_zvl256b_lmul1_unroll1","4","4","Linux/riscv64","79305876e3d912cd74ffc97b9eae744b1ccb8984","2026-10-02T18:09:32Z","yes","fig05_20261002T134311Z"
"primary_total","HETERO_STATIC_4RVV_4IME","8x8","1","3","1024","1024","1024","8","OK","PASS","True","True","0.11952441930770874","17.96690300139779","","","","","end_to_end","total_elapsed","sum_worker_elapsed","True","NOT_REPORTED","aligned_and_main","static","1","igemm_kernel_8x8_zvl256b_lmul1_unroll1","ime_kernel_8x8_zvl256b_lmul1_unroll1","4","4","Linux/riscv64","79305876e3d912cd74ffc97b9eae744b1ccb8984","2026-10-02T15:18:35Z","no","fig05_20261002T134311Z"
"profiled_phase","HETERO_STATIC_4RVV_4IME","8x8","1","3","1024","1024","1024","8","OK","PASS","True","True","0.10607525333762169","20.244907086527338","0.34782253578305244","0.2736838087439537","","","end_to_end","total_elapsed","sum_worker_elapsed","True","NOT_REPORTED","aligned_and_main","static","1","igemm_kernel_8x8_zvl256b_lmul1_unroll1","ime_kernel_8x8_zvl256b_lmul1_unroll1","4","4","Linux/riscv64","79305876e3d912cd74ffc97b9eae744b1ccb8984","2026-10-02T18:09:32Z","yes","fig05_20261002T134311Z"
"primary_total","HETERO_STATIC_4RVV_4IME","8x8","1","4","1024","1024","1024","8","OK","PASS","True","True","0.11501937732100487","18.67062488094192","","","","","end_to_end","total_elapsed","sum_worker_elapsed","True","NOT_REPORTED","aligned_and_main","static","1","igemm_kernel_8x8_zvl256b_lmul1_unroll1","ime_kernel_8x8_zvl256b_lmul1_unroll1","4","4","Linux/riscv64","79305876e3d912cd74ffc97b9eae744b1ccb8984","2026-10-02T15:18:35Z","no","fig05_20261002T134311Z"
"profiled_phase","HETERO_STATIC_4RVV_4IME","8x8","1","4","1024","1024","1024","8","OK","PASS","True","True","0.12457629293203354","17.23830110414047","0.3902467228472233","0.26492084562778473","","","end_to_end","total_elapsed","sum_worker_elapsed","True","NOT_REPORTED","aligned_and_main","static","1","igemm_kernel_8x8_zvl256b_lmul1_unroll1","ime_kernel_8x8_zvl256b_lmul1_unroll1","4","4","Linux/riscv64","79305876e3d912cd74ffc97b9eae744b1ccb8984","2026-10-02T18:09:33Z","yes","fig05_20261002T134311Z"
"primary_total","HETERO_STATIC_4RVV_4IME","8x8","1","5","1024","1024","1024","8","OK","PASS","True","True","0.10776537656784058","19.927398914141165","","","","","end_to_end","total_elapsed","sum_worker_elapsed","True","NOT_REPORTED","aligned_and_main","static","1","igemm_kernel_8x8_zvl256b_lmul1_unroll1","ime_kernel_8x8_zvl256b_lmul1_unroll1","4","4","Linux/riscv64","79305876e3d912cd74ffc97b9eae744b1ccb8984","2026-10-02T15:18:35Z","no","fig05_20261002T134311Z"
"profiled_phase","HETERO_STATIC_4RVV_4IME","8x8","1","5","1024","1024","1024","8","OK","PASS","True","True","0.1132260411977768","18.96634047505819","0.355671264231205","0.27650146186351776","","","end_to_end","total_elapsed","sum_worker_elapsed","True","NOT_REPORTED","aligned_and_main","static","1","igemm_kernel_8x8_zvl256b_lmul1_unroll1","ime_kernel_8x8_zvl256b_lmul1_unroll1","4","4","Linux/riscv64","79305876e3d912cd74ffc97b9eae744b1ccb8984","2026-10-02T18:09:33Z","yes","fig05_20261002T134311Z"
"primary_total","HETERO_STATIC_4RVV_4IME","8x8","1","6","1024","1024","1024","8","OK","PASS","True","True","0.11375375092029572","18.87835460920041","","","","","end_to_end","total_elapsed","sum_worker_elapsed","True","NOT_REPORTED","aligned_and_main","static","1","igemm_kernel_8x8_zvl256b_lmul1_unroll1","ime_kernel_8x8_zvl256b_lmul1_unroll1","4","4","Linux/riscv64","79305876e3d912cd74ffc97b9eae744b1ccb8984","2026-10-02T15:18:35Z","no","fig05_20261002T134311Z"
"profiled_phase","HETERO_STATIC_4RVV_4IME","8x8","1","6","1024","1024","1024","8","OK","PASS","True","True","0.12536612525582314","17.129696268571973","0.37235112488269806","0.26915816590189934","","","end_to_end","total_elapsed","sum_worker_elapsed","True","NOT_REPORTED","aligned_and_main","static","1","igemm_kernel_8x8_zvl256b_lmul1_unroll1","ime_kernel_8x8_zvl256b_lmul1_unroll1","4","4","Linux/riscv64","79305876e3d912cd74ffc97b9eae744b1ccb8984","2026-10-02T18:09:33Z","yes","fig05_20261002T134311Z"
"primary_total","HETERO_STATIC_4RVV_4IME","8x8","1","7","1024","1024","1024","8","OK","PASS","True","True","0.1118117906153202","19.206236088180102","","","","","end_to_end","total_elapsed","sum_worker_elapsed","True","NOT_REPORTED","aligned_and_main","static","1","igemm_kernel_8x8_zvl256b_lmul1_unroll1","ime_kernel_8x8_zvl256b_lmul1_unroll1","4","4","Linux/riscv64","79305876e3d912cd74ffc97b9eae744b1ccb8984","2026-10-02T15:18:36Z","no","fig05_20261002T134311Z"
"profiled_phase","HETERO_STATIC_4RVV_4IME","8x8","1","7","1024","1024","1024","8","OK","PASS","True","True","0.10763078927993774","19.952317198144794","0.35022642463445663","0.2751450873911381","","","end_to_end","total_elapsed","sum_worker_elapsed","True","NOT_REPORTED","aligned_and_main","static","1","igemm_kernel_8x8_zvl256b_lmul1_unroll1","ime_kernel_8x8_zvl256b_lmul1_unroll1","4","4","Linux/riscv64","79305876e3d912cd74ffc97b9eae744b1ccb8984","2026-10-02T18:09:33Z","yes","fig05_20261002T134311Z"
"primary_total","HETERO_STATIC_4RVV_4IME","8x8","2","1","1024","1024","1024","8","OK","PASS","True","True","0.11685900017619133","18.376707354693977","","","","","end_to_end","total_elapsed","sum_worker_elapsed","True","NOT_REPORTED","aligned_and_main","static","1","igemm_kernel_8x8_zvl256b_lmul1_unroll2","ime_kernel_8x8_zvl256b_lmul1_unroll2","4","4","Linux/riscv64","79305876e3d912cd74ffc97b9eae744b1ccb8984","2026-10-02T15:44:53Z","no","fig05_20261002T134311Z"
"profiled_phase","HETERO_STATIC_4RVV_4IME","8x8","2","1","1024","1024","1024","8","OK","PASS","True","True","0.12030216678977013","17.85074787350057","0.36275508999824524","0.29585011303424835","","","end_to_end","total_elapsed","sum_worker_elapsed","True","NOT_REPORTED","aligned_and_main","static","1","igemm_kernel_8x8_zvl256b_lmul1_unroll2","ime_kernel_8x8_zvl256b_lmul1_unroll2","4","4","Linux/riscv64","79305876e3d912cd74ffc97b9eae744b1ccb8984","2026-10-02T18:31:49Z","yes","fig05_20261002T134311Z"
"primary_total","HETERO_STATIC_4RVV_4IME","8x8","2","2","1024","1024","1024","8","OK","PASS","True","True","0.10377195850014687","20.694257668818697","","","","","end_to_end","total_elapsed","sum_worker_elapsed","True","NOT_REPORTED","aligned_and_main","static","1","igemm_kernel_8x8_zvl256b_lmul1_unroll2","ime_kernel_8x8_zvl256b_lmul1_unroll2","4","4","Linux/riscv64","79305876e3d912cd74ffc97b9eae744b1ccb8984","2026-10-02T15:44:53Z","no","fig05_20261002T134311Z"
"profiled_phase","HETERO_STATIC_4RVV_4IME","8x8","2","2","1024","1024","1024","8","OK","PASS","True","True","0.12486670911312103","17.198208099282258","0.38239046186208725","0.2959825284779072","","","end_to_end","total_elapsed","sum_worker_elapsed","True","NOT_REPORTED","aligned_and_main","static","1","igemm_kernel_8x8_zvl256b_lmul1_unroll2","ime_kernel_8x8_zvl256b_lmul1_unroll2","4","4","Linux/riscv64","79305876e3d912cd74ffc97b9eae744b1ccb8984","2026-10-02T18:31:49Z","yes","fig05_20261002T134311Z"
"primary_total","HETERO_STATIC_4RVV_4IME","8x8","2","3","1024","1024","1024","8","OK","PASS","True","True","0.12088329344987869","17.764933322985627","","","","","end_to_end","total_elapsed","sum_worker_elapsed","True","NOT_REPORTED","aligned_and_main","static","1","igemm_kernel_8x8_zvl256b_lmul1_unroll2","ime_kernel_8x8_zvl256b_lmul1_unroll2","4","4","Linux/riscv64","79305876e3d912cd74ffc97b9eae744b1ccb8984","2026-10-02T15:44:53Z","no","fig05_20261002T134311Z"
"profiled_phase","HETERO_STATIC_4RVV_4IME","8x8","2","3","1024","1024","1024","8","OK","PASS","True","True","0.10826966911554337","19.834582164541814","0.3606662377715111","0.30085819214582443","","","end_to_end","total_elapsed","sum_worker_elapsed","True","NOT_REPORTED","aligned_and_main","static","1","igemm_kernel_8x8_zvl256b_lmul1_unroll2","ime_kernel_8x8_zvl256b_lmul1_unroll2","4","4","Linux/riscv64","79305876e3d912cd74ffc97b9eae744b1ccb8984","2026-10-02T18:31:49Z","yes","fig05_20261002T134311Z"
"primary_total","HETERO_STATIC_4RVV_4IME","8x8","2","4","1024","1024","1024","8","OK","PASS","True","True","0.11709016561508179","18.340427112039148","","","","","end_to_end","total_elapsed","sum_worker_elapsed","True","NOT_REPORTED","aligned_and_main","static","1","igemm_kernel_8x8_zvl256b_lmul1_unroll2","ime_kernel_8x8_zvl256b_lmul1_unroll2","4","4","Linux/riscv64","79305876e3d912cd74ffc97b9eae744b1ccb8984","2026-10-02T15:44:53Z","no","fig05_20261002T134311Z"
"profiled_phase","HETERO_STATIC_4RVV_4IME","8x8","2","4","1024","1024","1024","8","OK","PASS","True","True","0.11525462195277214","18.632516523979177","0.3809925578534603","0.2965223304927349","","","end_to_end","total_elapsed","sum_worker_elapsed","True","NOT_REPORTED","aligned_and_main","static","1","igemm_kernel_8x8_zvl256b_lmul1_unroll2","ime_kernel_8x8_zvl256b_lmul1_unroll2","4","4","Linux/riscv64","79305876e3d912cd74ffc97b9eae744b1ccb8984","2026-10-02T18:31:49Z","yes","fig05_20261002T134311Z"
"primary_total","HETERO_STATIC_4RVV_4IME","8x8","2","5","1024","1024","1024","8","OK","PASS","True","True","0.10369262471795082","20.710090556982852","","","","","end_to_end","total_elapsed","sum_worker_elapsed","True","NOT_REPORTED","aligned_and_main","static","1","igemm_kernel_8x8_zvl256b_lmul1_unroll2","ime_kernel_8x8_zvl256b_lmul1_unroll2","4","4","Linux/riscv64","79305876e3d912cd74ffc97b9eae744b1ccb8984","2026-10-02T15:44:53Z","no","fig05_20261002T134311Z"
"profiled_phase","HETERO_STATIC_4RVV_4IME","8x8","2","5","1024","1024","1024","8","OK","PASS","True","True","0.12216228991746902","17.578940681701425","0.36769163608551025","0.2984715923666954","","","end_to_end","total_elapsed","sum_worker_elapsed","True","NOT_REPORTED","aligned_and_main","static","1","igemm_kernel_8x8_zvl256b_lmul1_unroll2","ime_kernel_8x8_zvl256b_lmul1_unroll2","4","4","Linux/riscv64","79305876e3d912cd74ffc97b9eae744b1ccb8984","2026-10-02T18:31:50Z","yes","fig05_20261002T134311Z"
"primary_total","HETERO_STATIC_4RVV_4IME","8x8","2","6","1024","1024","1024","8","OK","PASS","True","True","0.11710333451628685","18.338364632147396","","","","","end_to_end","total_elapsed","sum_worker_elapsed","True","NOT_REPORTED","aligned_and_main","static","1","igemm_kernel_8x8_zvl256b_lmul1_unroll2","ime_kernel_8x8_zvl256b_lmul1_unroll2","4","4","Linux/riscv64","79305876e3d912cd74ffc97b9eae744b1ccb8984","2026-10-02T15:44:53Z","no","fig05_20261002T134311Z"
"profiled_phase","HETERO_STATIC_4RVV_4IME","8x8","2","6","1024","1024","1024","8","OK","PASS","True","True","0.10698187351226807","20.073341188530772","0.35657014697790146","0.3035208433866501","","","end_to_end","total_elapsed","sum_worker_elapsed","True","NOT_REPORTED","aligned_and_main","static","1","igemm_kernel_8x8_zvl256b_lmul1_unroll2","ime_kernel_8x8_zvl256b_lmul1_unroll2","4","4","Linux/riscv64","79305876e3d912cd74ffc97b9eae744b1ccb8984","2026-10-02T18:31:50Z","yes","fig05_20261002T134311Z"
"primary_total","HETERO_STATIC_4RVV_4IME","8x8","2","7","1024","1024","1024","8","OK","PASS","True","True","0.10925183445215225","19.65627084221188","","","","","end_to_end","total_elapsed","sum_worker_elapsed","True","NOT_REPORTED","aligned_and_main","static","1","igemm_kernel_8x8_zvl256b_lmul1_unroll2","ime_kernel_8x8_zvl256b_lmul1_unroll2","4","4","Linux/riscv64","79305876e3d912cd74ffc97b9eae744b1ccb8984","2026-10-02T15:44:53Z","no","fig05_20261002T134311Z"
"profiled_phase","HETERO_STATIC_4RVV_4IME","8x8","2","7","1024","1024","1024","8","OK","PASS","True","True","0.11573883518576622","18.554564200971857","0.3794667571783066","0.30555036291480064","","","end_to_end","total_elapsed","sum_worker_elapsed","True","NOT_REPORTED","aligned_and_main","static","1","igemm_kernel_8x8_zvl256b_lmul1_unroll2","ime_kernel_8x8_zvl256b_lmul1_unroll2","4","4","Linux/riscv64","79305876e3d912cd74ffc97b9eae744b1ccb8984","2026-10-02T18:31:50Z","yes","fig05_20261002T134311Z"
"primary_total","HETERO_STATIC_4RVV_4IME","8x8","4","1","1024","1024","1024","8","OK","PASS","True","True","0.11644383147358894","18.442227645927975","","","","","end_to_end","total_elapsed","sum_worker_elapsed","True","NOT_REPORTED","aligned_and_main","static","1","igemm_kernel_8x8_zvl256b_lmul1_unroll4","ime_kernel_8x8_zvl256b_lmul1_unroll4","4","4","Linux/riscv64","79305876e3d912cd74ffc97b9eae744b1ccb8984","2026-10-02T16:05:44Z","no","fig05_20261002T134311Z"
"profiled_phase","HETERO_STATIC_4RVV_4IME","8x8","4","1","1024","1024","1024","8","OK","PASS","True","True","0.12427554279565811","17.280018253720538","0.41828133165836334","0.29783279076218605","","","end_to_end","total_elapsed","sum_worker_elapsed","True","NOT_REPORTED","aligned_and_main","static","1","igemm_kernel_8x8_zvl256b_lmul1_unroll4","ime_kernel_8x8_zvl256b_lmul1_unroll4","4","4","Linux/riscv64","79305876e3d912cd74ffc97b9eae744b1ccb8984","2026-10-02T18:54:55Z","yes","fig05_20261002T134311Z"
"primary_total","HETERO_STATIC_4RVV_4IME","8x8","4","2","1024","1024","1024","8","OK","PASS","True","True","0.11392749845981598","18.849563775487017","","","","","end_to_end","total_elapsed","sum_worker_elapsed","True","NOT_REPORTED","aligned_and_main","static","1","igemm_kernel_8x8_zvl256b_lmul1_unroll4","ime_kernel_8x8_zvl256b_lmul1_unroll4","4","4","Linux/riscv64","79305876e3d912cd74ffc97b9eae744b1ccb8984","2026-10-02T16:05:44Z","no","fig05_20261002T134311Z"
"profiled_phase","HETERO_STATIC_4RVV_4IME","8x8","4","2","1024","1024","1024","8","OK","PASS","True","True","0.12669629231095314","16.949853928869437","0.43515266105532646","0.2994946353137493","","","end_to_end","total_elapsed","sum_worker_elapsed","True","NOT_REPORTED","aligned_and_main","static","1","igemm_kernel_8x8_zvl256b_lmul1_unroll4","ime_kernel_8x8_zvl256b_lmul1_unroll4","4","4","Linux/riscv64","79305876e3d912cd74ffc97b9eae744b1ccb8984","2026-10-02T18:54:55Z","yes","fig05_20261002T134311Z"
"primary_total","HETERO_STATIC_4RVV_4IME","8x8","4","3","1024","1024","1024","8","OK","PASS","True","True","0.11730974912643433","18.306097012324873","","","","","end_to_end","total_elapsed","sum_worker_elapsed","True","NOT_REPORTED","aligned_and_main","static","1","igemm_kernel_8x8_zvl256b_lmul1_unroll4","ime_kernel_8x8_zvl256b_lmul1_unroll4","4","4","Linux/riscv64","79305876e3d912cd74ffc97b9eae744b1ccb8984","2026-10-02T16:05:44Z","no","fig05_20261002T134311Z"
"profiled_phase","HETERO_STATIC_4RVV_4IME","8x8","4","3","1024","1024","1024","8","OK","PASS","True","True","0.1256924569606781","17.085222931649934","0.4317351281642914","0.3013547211885452","","","end_to_end","total_elapsed","sum_worker_elapsed","True","NOT_REPORTED","aligned_and_main","static","1","igemm_kernel_8x8_zvl256b_lmul1_unroll4","ime_kernel_8x8_zvl256b_lmul1_unroll4","4","4","Linux/riscv64","79305876e3d912cd74ffc97b9eae744b1ccb8984","2026-10-02T18:54:55Z","yes","fig05_20261002T134311Z"
"primary_total","HETERO_STATIC_4RVV_4IME","8x8","4","4","1024","1024","1024","8","OK","PASS","True","True","0.11884654313325882","18.069382511126935","","","","","end_to_end","total_elapsed","sum_worker_elapsed","True","NOT_REPORTED","aligned_and_main","static","1","igemm_kernel_8x8_zvl256b_lmul1_unroll4","ime_kernel_8x8_zvl256b_lmul1_unroll4","4","4","Linux/riscv64","79305876e3d912cd74ffc97b9eae744b1ccb8984","2026-10-02T16:05:44Z","no","fig05_20261002T134311Z"
"profiled_phase","HETERO_STATIC_4RVV_4IME","8x8","4","4","1024","1024","1024","8","OK","PASS","True","True","0.13023950159549713","16.488727472788845","0.44781938195228577","0.2992963083088398","","","end_to_end","total_elapsed","sum_worker_elapsed","True","NOT_REPORTED","aligned_and_main","static","1","igemm_kernel_8x8_zvl256b_lmul1_unroll4","ime_kernel_8x8_zvl256b_lmul1_unroll4","4","4","Linux/riscv64","79305876e3d912cd74ffc97b9eae744b1ccb8984","2026-10-02T18:54:55Z","yes","fig05_20261002T134311Z"
"primary_total","HETERO_STATIC_4RVV_4IME","8x8","4","5","1024","1024","1024","8","OK","PASS","True","True","0.11645283550024033","18.440801709766596","","","","","end_to_end","total_elapsed","sum_worker_elapsed","True","NOT_REPORTED","aligned_and_main","static","1","igemm_kernel_8x8_zvl256b_lmul1_unroll4","ime_kernel_8x8_zvl256b_lmul1_unroll4","4","4","Linux/riscv64","79305876e3d912cd74ffc97b9eae744b1ccb8984","2026-10-02T16:05:44Z","no","fig05_20261002T134311Z"
"profiled_phase","HETERO_STATIC_4RVV_4IME","8x8","4","5","1024","1024","1024","8","OK","PASS","True","True","0.12818141654133797","16.753471025243705","0.4403394125401974","0.2975226268172264","","","end_to_end","total_elapsed","sum_worker_elapsed","True","NOT_REPORTED","aligned_and_main","static","1","igemm_kernel_8x8_zvl256b_lmul1_unroll4","ime_kernel_8x8_zvl256b_lmul1_unroll4","4","4","Linux/riscv64","79305876e3d912cd74ffc97b9eae744b1ccb8984","2026-10-02T18:54:55Z","yes","fig05_20261002T134311Z"
"primary_total","HETERO_STATIC_4RVV_4IME","8x8","4","6","1024","1024","1024","8","OK","PASS","True","True","0.11451912671327591","18.75218323465479","","","","","end_to_end","total_elapsed","sum_worker_elapsed","True","NOT_REPORTED","aligned_and_main","static","1","igemm_kernel_8x8_zvl256b_lmul1_unroll4","ime_kernel_8x8_zvl256b_lmul1_unroll4","4","4","Linux/riscv64","79305876e3d912cd74ffc97b9eae744b1ccb8984","2026-10-02T16:05:44Z","no","fig05_20261002T134311Z"
"profiled_phase","HETERO_STATIC_4RVV_4IME","8x8","4","6","1024","1024","1024","8","OK","PASS","True","True","0.12541045993566513","17.123640636527824","0.4198704846203327","0.30156510695815086","","","end_to_end","total_elapsed","sum_worker_elapsed","True","NOT_REPORTED","aligned_and_main","static","1","igemm_kernel_8x8_zvl256b_lmul1_unroll4","ime_kernel_8x8_zvl256b_lmul1_unroll4","4","4","Linux/riscv64","79305876e3d912cd74ffc97b9eae744b1ccb8984","2026-10-02T18:54:56Z","yes","fig05_20261002T134311Z"
"primary_total","HETERO_STATIC_4RVV_4IME","8x8","4","7","1024","1024","1024","8","OK","PASS","True","True","0.11551283299922943","18.59086641926898","","","","","end_to_end","total_elapsed","sum_worker_elapsed","True","NOT_REPORTED","aligned_and_main","static","1","igemm_kernel_8x8_zvl256b_lmul1_unroll4","ime_kernel_8x8_zvl256b_lmul1_unroll4","4","4","Linux/riscv64","79305876e3d912cd74ffc97b9eae744b1ccb8984","2026-10-02T16:05:45Z","no","fig05_20261002T134311Z"
"profiled_phase","HETERO_STATIC_4RVV_4IME","8x8","4","7","1024","1024","1024","8","OK","PASS","True","True","0.12687383219599724","16.926135285978628","0.43254925683140755","0.29837240651249886","","","end_to_end","total_elapsed","sum_worker_elapsed","True","NOT_REPORTED","aligned_and_main","static","1","igemm_kernel_8x8_zvl256b_lmul1_unroll4","ime_kernel_8x8_zvl256b_lmul1_unroll4","4","4","Linux/riscv64","79305876e3d912cd74ffc97b9eae744b1ccb8984","2026-10-02T18:54:56Z","yes","fig05_20261002T134311Z"
"primary_total","HETERO_STATIC_4RVV_4IME","8x8","8","1","1024","1024","1024","8","OK","PASS","True","True","0.12857958301901817","16.701591322491428","","","","","end_to_end","total_elapsed","sum_worker_elapsed","True","NOT_REPORTED","aligned_and_main","static","1","igemm_kernel_8x8_zvl256b_lmul1_unroll8","ime_kernel_8x8_zvl256b_lmul1_unroll8","4","4","Linux/riscv64","79305876e3d912cd74ffc97b9eae744b1ccb8984","2026-10-02T16:30:14Z","no","fig05_20261002T134311Z"
"profiled_phase","HETERO_STATIC_4RVV_4IME","8x8","8","1","1024","1024","1024","8","OK","PASS","True","True","0.12949150055646896","16.58397376485355","0.42592866346240044","0.2793247476220131","","","end_to_end","total_elapsed","sum_worker_elapsed","True","NOT_REPORTED","aligned_and_main","static","1","igemm_kernel_8x8_zvl256b_lmul1_unroll8","ime_kernel_8x8_zvl256b_lmul1_unroll8","4","4","Linux/riscv64","79305876e3d912cd74ffc97b9eae744b1ccb8984","2026-10-02T19:22:20Z","yes","fig05_20261002T134311Z"
"primary_total","HETERO_STATIC_4RVV_4IME","8x8","8","2","1024","1024","1024","8","OK","PASS","True","True","0.12015583366155624","17.872487606792625","","","","","end_to_end","total_elapsed","sum_worker_elapsed","True","NOT_REPORTED","aligned_and_main","static","1","igemm_kernel_8x8_zvl256b_lmul1_unroll8","ime_kernel_8x8_zvl256b_lmul1_unroll8","4","4","Linux/riscv64","79305876e3d912cd74ffc97b9eae744b1ccb8984","2026-10-02T16:30:14Z","no","fig05_20261002T134311Z"
"profiled_phase","HETERO_STATIC_4RVV_4IME","8x8","8","2","1024","1024","1024","8","OK","PASS","True","True","0.1260744147002697","17.033461175333983","0.43503446131944656","0.277053814381361","","","end_to_end","total_elapsed","sum_worker_elapsed","True","NOT_REPORTED","aligned_and_main","static","1","igemm_kernel_8x8_zvl256b_lmul1_unroll8","ime_kernel_8x8_zvl256b_lmul1_unroll8","4","4","Linux/riscv64","79305876e3d912cd74ffc97b9eae744b1ccb8984","2026-10-02T19:22:20Z","yes","fig05_20261002T134311Z"
"primary_total","HETERO_STATIC_4RVV_4IME","8x8","8","3","1024","1024","1024","8","OK","PASS","True","True","0.12274958565831184","17.4948341901355","","","","","end_to_end","total_elapsed","sum_worker_elapsed","True","NOT_REPORTED","aligned_and_main","static","1","igemm_kernel_8x8_zvl256b_lmul1_unroll8","ime_kernel_8x8_zvl256b_lmul1_unroll8","4","4","Linux/riscv64","79305876e3d912cd74ffc97b9eae744b1ccb8984","2026-10-02T16:30:14Z","no","fig05_20261002T134311Z"
"profiled_phase","HETERO_STATIC_4RVV_4IME","8x8","8","3","1024","1024","1024","8","OK","PASS","True","True","0.12546608224511147","17.11604929055376","0.43079812824726105","0.28021247684955597","","","end_to_end","total_elapsed","sum_worker_elapsed","True","NOT_REPORTED","aligned_and_main","static","1","igemm_kernel_8x8_zvl256b_lmul1_unroll8","ime_kernel_8x8_zvl256b_lmul1_unroll8","4","4","Linux/riscv64","79305876e3d912cd74ffc97b9eae744b1ccb8984","2026-10-02T19:22:20Z","yes","fig05_20261002T134311Z"
"primary_total","HETERO_STATIC_4RVV_4IME","8x8","8","4","1024","1024","1024","8","OK","PASS","True","True","0.12545716762542725","17.117265506994876","","","","","end_to_end","total_elapsed","sum_worker_elapsed","True","NOT_REPORTED","aligned_and_main","static","1","igemm_kernel_8x8_zvl256b_lmul1_unroll8","ime_kernel_8x8_zvl256b_lmul1_unroll8","4","4","Linux/riscv64","79305876e3d912cd74ffc97b9eae744b1ccb8984","2026-10-02T16:30:14Z","no","fig05_20261002T134311Z"
"profiled_phase","HETERO_STATIC_4RVV_4IME","8x8","8","4","1024","1024","1024","8","OK","PASS","True","True","0.12502462416887283","17.17648553055723","0.42519453167915344","0.27991992980241776","","","end_to_end","total_elapsed","sum_worker_elapsed","True","NOT_REPORTED","aligned_and_main","static","1","igemm_kernel_8x8_zvl256b_lmul1_unroll8","ime_kernel_8x8_zvl256b_lmul1_unroll8","4","4","Linux/riscv64","79305876e3d912cd74ffc97b9eae744b1ccb8984","2026-10-02T19:22:20Z","yes","fig05_20261002T134311Z"
"primary_total","HETERO_STATIC_4RVV_4IME","8x8","8","5","1024","1024","1024","8","OK","PASS","True","True","0.12239158153533936","17.54600783044817","","","","","end_to_end","total_elapsed","sum_worker_elapsed","True","NOT_REPORTED","aligned_and_main","static","1","igemm_kernel_8x8_zvl256b_lmul1_unroll8","ime_kernel_8x8_zvl256b_lmul1_unroll8","4","4","Linux/riscv64","79305876e3d912cd74ffc97b9eae744b1ccb8984","2026-10-02T16:30:14Z","no","fig05_20261002T134311Z"
"profiled_phase","HETERO_STATIC_4RVV_4IME","8x8","8","5","1024","1024","1024","8","OK","PASS","True","True","0.12442649900913239","17.259053859920815","0.43233197182416916","0.27620143443346024","","","end_to_end","total_elapsed","sum_worker_elapsed","True","NOT_REPORTED","aligned_and_main","static","1","igemm_kernel_8x8_zvl256b_lmul1_unroll8","ime_kernel_8x8_zvl256b_lmul1_unroll8","4","4","Linux/riscv64","79305876e3d912cd74ffc97b9eae744b1ccb8984","2026-10-02T19:22:20Z","yes","fig05_20261002T134311Z"
"primary_total","HETERO_STATIC_4RVV_4IME","8x8","8","6","1024","1024","1024","8","OK","PASS","True","True","0.12621324881911278","17.01472442942774","","","","","end_to_end","total_elapsed","sum_worker_elapsed","True","NOT_REPORTED","aligned_and_main","static","1","igemm_kernel_8x8_zvl256b_lmul1_unroll8","ime_kernel_8x8_zvl256b_lmul1_unroll8","4","4","Linux/riscv64","79305876e3d912cd74ffc97b9eae744b1ccb8984","2026-10-02T16:30:14Z","no","fig05_20261002T134311Z"
"profiled_phase","HETERO_STATIC_4RVV_4IME","8x8","8","6","1024","1024","1024","8","OK","PASS","True","True","0.12658479064702988","16.96478413420189","0.43386778980493546","0.29365207999944687","","","end_to_end","total_elapsed","sum_worker_elapsed","True","NOT_REPORTED","aligned_and_main","static","1","igemm_kernel_8x8_zvl256b_lmul1_unroll8","ime_kernel_8x8_zvl256b_lmul1_unroll8","4","4","Linux/riscv64","79305876e3d912cd74ffc97b9eae744b1ccb8984","2026-10-02T19:22:21Z","yes","fig05_20261002T134311Z"
"primary_total","HETERO_STATIC_4RVV_4IME","8x8","8","7","1024","1024","1024","8","OK","PASS","True","True","0.12538816779851913","17.126684963215183","","","","","end_to_end","total_elapsed","sum_worker_elapsed","True","NOT_REPORTED","aligned_and_main","static","1","igemm_kernel_8x8_zvl256b_lmul1_unroll8","ime_kernel_8x8_zvl256b_lmul1_unroll8","4","4","Linux/riscv64","79305876e3d912cd74ffc97b9eae744b1ccb8984","2026-10-02T16:30:15Z","no","fig05_20261002T134311Z"
"profiled_phase","HETERO_STATIC_4RVV_4IME","8x8","8","7","1024","1024","1024","8","OK","PASS","True","True","0.12656662240624428","16.967219375635736","0.4393739588558674","0.27934153750538826","","","end_to_end","total_elapsed","sum_worker_elapsed","True","NOT_REPORTED","aligned_and_main","static","1","igemm_kernel_8x8_zvl256b_lmul1_unroll8","ime_kernel_8x8_zvl256b_lmul1_unroll8","4","4","Linux/riscv64","79305876e3d912cd74ffc97b9eae744b1ccb8984","2026-10-02T19:22:21Z","yes","fig05_20261002T134311Z"
"primary_total","RVV_8CORE","8x4","1","1","1024","1024","1024","8","OK","PASS","True","True","0.3116454556584358","6.890790829800025","","","","","end_to_end","total_elapsed","sum_worker_elapsed","True","NOT_REPORTED","aligned_and_main","static","1","igemm_kernel_8x4_zvl256b_lmul1_unroll1","ime_kernel_8x4_zvl256b_lmul1_unroll1","8","0","Linux/riscv64","79305876e3d912cd74ffc97b9eae744b1ccb8984","2026-10-02T13:51:31Z","no","fig05_20261002T134311Z"
"profiled_phase","RVV_8CORE","8x4","1","1","1024","1024","1024","8","OK","PASS","True","True","0.3119514174759388","6.884032345086677","0.31041083112359047","2.1364789940416813","","","end_to_end","total_elapsed","sum_worker_elapsed","True","NOT_REPORTED","aligned_and_main","static","1","igemm_kernel_8x4_zvl256b_lmul1_unroll1","ime_kernel_8x4_zvl256b_lmul1_unroll1","8","0","Linux/riscv64","79305876e3d912cd74ffc97b9eae744b1ccb8984","2026-10-02T16:44:03Z","yes","fig05_20261002T134311Z"
"primary_total","RVV_8CORE","8x4","1","2","1024","1024","1024","8","OK","PASS","True","True","0.30961133539676666","6.936062742173188","","","","","end_to_end","total_elapsed","sum_worker_elapsed","True","NOT_REPORTED","aligned_and_main","static","1","igemm_kernel_8x4_zvl256b_lmul1_unroll1","ime_kernel_8x4_zvl256b_lmul1_unroll1","8","0","Linux/riscv64","79305876e3d912cd74ffc97b9eae744b1ccb8984","2026-10-02T13:51:31Z","no","fig05_20261002T134311Z"
"profiled_phase","RVV_8CORE","8x4","1","2","1024","1024","1024","8","OK","PASS","True","True","0.31027841940522194","6.921150533500037","0.3247002996504307","2.1272325105965137","","","end_to_end","total_elapsed","sum_worker_elapsed","True","NOT_REPORTED","aligned_and_main","static","1","igemm_kernel_8x4_zvl256b_lmul1_unroll1","ime_kernel_8x4_zvl256b_lmul1_unroll1","8","0","Linux/riscv64","79305876e3d912cd74ffc97b9eae744b1ccb8984","2026-10-02T16:44:03Z","yes","fig05_20261002T134311Z"
"primary_total","RVV_8CORE","8x4","1","3","1024","1024","1024","8","OK","PASS","True","True","0.3104991242289543","6.9162309340895245","","","","","end_to_end","total_elapsed","sum_worker_elapsed","True","NOT_REPORTED","aligned_and_main","static","1","igemm_kernel_8x4_zvl256b_lmul1_unroll1","ime_kernel_8x4_zvl256b_lmul1_unroll1","8","0","Linux/riscv64","79305876e3d912cd74ffc97b9eae744b1ccb8984","2026-10-02T13:51:32Z","no","fig05_20261002T134311Z"
"profiled_phase","RVV_8CORE","8x4","1","3","1024","1024","1024","8","OK","PASS","True","True","0.31180862337350845","6.887184917357395","0.33112750202417374","2.130132135003805","","","end_to_end","total_elapsed","sum_worker_elapsed","True","NOT_REPORTED","aligned_and_main","static","1","igemm_kernel_8x4_zvl256b_lmul1_unroll1","ime_kernel_8x4_zvl256b_lmul1_unroll1","8","0","Linux/riscv64","79305876e3d912cd74ffc97b9eae744b1ccb8984","2026-10-02T16:44:04Z","yes","fig05_20261002T134311Z"
"primary_total","RVV_8CORE","8x4","1","4","1024","1024","1024","8","OK","PASS","True","True","0.30979370698332787","6.93197957089416","","","","","end_to_end","total_elapsed","sum_worker_elapsed","True","NOT_REPORTED","aligned_and_main","static","1","igemm_kernel_8x4_zvl256b_lmul1_unroll1","ime_kernel_8x4_zvl256b_lmul1_unroll1","8","0","Linux/riscv64","79305876e3d912cd74ffc97b9eae744b1ccb8984","2026-10-02T13:51:32Z","no","fig05_20261002T134311Z"
"profiled_phase","RVV_8CORE","8x4","1","4","1024","1024","1024","8","OK","PASS","True","True","0.3126201666891575","6.869306195896416","0.3295981176197529","2.128017842769623","","","end_to_end","total_elapsed","sum_worker_elapsed","True","NOT_REPORTED","aligned_and_main","static","1","igemm_kernel_8x4_zvl256b_lmul1_unroll1","ime_kernel_8x4_zvl256b_lmul1_unroll1","8","0","Linux/riscv64","79305876e3d912cd74ffc97b9eae744b1ccb8984","2026-10-02T16:44:04Z","yes","fig05_20261002T134311Z"
"primary_total","RVV_8CORE","8x4","1","5","1024","1024","1024","8","OK","PASS","True","True","0.3071911223232746","6.990708688970775","","","","","end_to_end","total_elapsed","sum_worker_elapsed","True","NOT_REPORTED","aligned_and_main","static","1","igemm_kernel_8x4_zvl256b_lmul1_unroll1","ime_kernel_8x4_zvl256b_lmul1_unroll1","8","0","Linux/riscv64","79305876e3d912cd74ffc97b9eae744b1ccb8984","2026-10-02T13:51:32Z","no","fig05_20261002T134311Z"
"profiled_phase","RVV_8CORE","8x4","1","5","1024","1024","1024","8","OK","PASS","True","True","0.31143974885344505","6.895342215969184","0.32795316353440285","2.1283441744744778","","","end_to_end","total_elapsed","sum_worker_elapsed","True","NOT_REPORTED","aligned_and_main","static","1","igemm_kernel_8x4_zvl256b_lmul1_unroll1","ime_kernel_8x4_zvl256b_lmul1_unroll1","8","0","Linux/riscv64","79305876e3d912cd74ffc97b9eae744b1ccb8984","2026-10-02T16:44:04Z","yes","fig05_20261002T134311Z"
"primary_total","RVV_8CORE","8x4","1","6","1024","1024","1024","8","OK","PASS","True","True","0.31392937526106834","6.840658495924826","","","","","end_to_end","total_elapsed","sum_worker_elapsed","True","NOT_REPORTED","aligned_and_main","static","1","igemm_kernel_8x4_zvl256b_lmul1_unroll1","ime_kernel_8x4_zvl256b_lmul1_unroll1","8","0","Linux/riscv64","79305876e3d912cd74ffc97b9eae744b1ccb8984","2026-10-02T13:51:33Z","no","fig05_20261002T134311Z"
"profiled_phase","RVV_8CORE","8x4","1","6","1024","1024","1024","8","OK","PASS","True","True","0.3126121647655964","6.869482029306925","0.3053070791065693","2.1350430846214294","","","end_to_end","total_elapsed","sum_worker_elapsed","True","NOT_REPORTED","aligned_and_main","static","1","igemm_kernel_8x4_zvl256b_lmul1_unroll1","ime_kernel_8x4_zvl256b_lmul1_unroll1","8","0","Linux/riscv64","79305876e3d912cd74ffc97b9eae744b1ccb8984","2026-10-02T16:44:05Z","yes","fig05_20261002T134311Z"
"primary_total","RVV_8CORE","8x4","1","7","1024","1024","1024","8","OK","PASS","True","True","0.30947741866111755","6.939064107780759","","","","","end_to_end","total_elapsed","sum_worker_elapsed","True","NOT_REPORTED","aligned_and_main","static","1","igemm_kernel_8x4_zvl256b_lmul1_unroll1","ime_kernel_8x4_zvl256b_lmul1_unroll1","8","0","Linux/riscv64","79305876e3d912cd74ffc97b9eae744b1ccb8984","2026-10-02T13:51:33Z","no","fig05_20261002T134311Z"
"profiled_phase","RVV_8CORE","8x4","1","7","1024","1024","1024","8","OK","PASS","True","True","0.32259420678019524","6.656919445125754","0.3239009939134121","2.1491552889347076","","","end_to_end","total_elapsed","sum_worker_elapsed","True","NOT_REPORTED","aligned_and_main","static","1","igemm_kernel_8x4_zvl256b_lmul1_unroll1","ime_kernel_8x4_zvl256b_lmul1_unroll1","8","0","Linux/riscv64","79305876e3d912cd74ffc97b9eae744b1ccb8984","2026-10-02T16:44:05Z","yes","fig05_20261002T134311Z"
"primary_total","RVV_8CORE","8x4","2","1","1024","1024","1024","8","OK","PASS","True","True","0.47212374955415726","4.548560944091338","","","","","end_to_end","total_elapsed","sum_worker_elapsed","True","NOT_REPORTED","aligned_and_main","static","1","igemm_kernel_8x4_zvl256b_lmul1_unroll2","ime_kernel_8x4_zvl256b_lmul1_unroll2","8","0","Linux/riscv64","79305876e3d912cd74ffc97b9eae744b1ccb8984","2026-10-02T14:09:52Z","no","fig05_20261002T134311Z"
"profiled_phase","RVV_8CORE","8x4","2","1","1024","1024","1024","8","OK","PASS","True","True","0.4651062898337841","4.617189005909704","0.3137279637157917","3.3521849550306797","","","end_to_end","total_elapsed","sum_worker_elapsed","True","NOT_REPORTED","aligned_and_main","static","1","igemm_kernel_8x4_zvl256b_lmul1_unroll2","ime_kernel_8x4_zvl256b_lmul1_unroll2","8","0","Linux/riscv64","79305876e3d912cd74ffc97b9eae744b1ccb8984","2026-10-02T17:04:15Z","yes","fig05_20261002T134311Z"
"primary_total","RVV_8CORE","8x4","2","2","1024","1024","1024","8","OK","PASS","True","True","0.46723829209804535","4.596120832385398","","","","","end_to_end","total_elapsed","sum_worker_elapsed","True","NOT_REPORTED","aligned_and_main","static","1","igemm_kernel_8x4_zvl256b_lmul1_unroll2","ime_kernel_8x4_zvl256b_lmul1_unroll2","8","0","Linux/riscv64","79305876e3d912cd74ffc97b9eae744b1ccb8984","2026-10-02T14:09:53Z","no","fig05_20261002T134311Z"
"profiled_phase","RVV_8CORE","8x4","2","2","1024","1024","1024","8","OK","PASS","True","True","0.46564362198114395","4.611860973985297","0.3238912485539913","3.3490412905812263","","","end_to_end","total_elapsed","sum_worker_elapsed","True","NOT_REPORTED","aligned_and_main","static","1","igemm_kernel_8x4_zvl256b_lmul1_unroll2","ime_kernel_8x4_zvl256b_lmul1_unroll2","8","0","Linux/riscv64","79305876e3d912cd74ffc97b9eae744b1ccb8984","2026-10-02T17:04:16Z","yes","fig05_20261002T134311Z"
"primary_total","RVV_8CORE","8x4","2","3","1024","1024","1024","8","OK","PASS","True","True","0.47288208454847336","4.541266667039211","","","","","end_to_end","total_elapsed","sum_worker_elapsed","True","NOT_REPORTED","aligned_and_main","static","1","igemm_kernel_8x4_zvl256b_lmul1_unroll2","ime_kernel_8x4_zvl256b_lmul1_unroll2","8","0","Linux/riscv64","79305876e3d912cd74ffc97b9eae744b1ccb8984","2026-10-02T14:09:53Z","no","fig05_20261002T134311Z"
"profiled_phase","RVV_8CORE","8x4","2","3","1024","1024","1024","8","OK","PASS","True","True","0.4681573323905468","4.58709818136208","0.33765434846282005","3.3515744730830193","","","end_to_end","total_elapsed","sum_worker_elapsed","True","NOT_REPORTED","aligned_and_main","static","1","igemm_kernel_8x4_zvl256b_lmul1_unroll2","ime_kernel_8x4_zvl256b_lmul1_unroll2","8","0","Linux/riscv64","79305876e3d912cd74ffc97b9eae744b1ccb8984","2026-10-02T17:04:16Z","yes","fig05_20261002T134311Z"
"primary_total","RVV_8CORE","8x4","2","4","1024","1024","1024","8","OK","PASS","True","True","0.46529537811875343","4.615312657268467","","","","","end_to_end","total_elapsed","sum_worker_elapsed","True","NOT_REPORTED","aligned_and_main","static","1","igemm_kernel_8x4_zvl256b_lmul1_unroll2","ime_kernel_8x4_zvl256b_lmul1_unroll2","8","0","Linux/riscv64","79305876e3d912cd74ffc97b9eae744b1ccb8984","2026-10-02T14:09:54Z","no","fig05_20261002T134311Z"
"profiled_phase","RVV_8CORE","8x4","2","4","1024","1024","1024","8","OK","PASS","True","True","0.47204912453889847","4.549280014230892","0.32084669172763824","3.3567433804273605","","","end_to_end","total_elapsed","sum_worker_elapsed","True","NOT_REPORTED","aligned_and_main","static","1","igemm_kernel_8x4_zvl256b_lmul1_unroll2","ime_kernel_8x4_zvl256b_lmul1_unroll2","8","0","Linux/riscv64","79305876e3d912cd74ffc97b9eae744b1ccb8984","2026-10-02T17:04:17Z","yes","fig05_20261002T134311Z"
"primary_total","RVV_8CORE","8x4","2","5","1024","1024","1024","8","OK","PASS","True","True","0.46596241742372513","4.6087056974965765","","","","","end_to_end","total_elapsed","sum_worker_elapsed","True","NOT_REPORTED","aligned_and_main","static","1","igemm_kernel_8x4_zvl256b_lmul1_unroll2","ime_kernel_8x4_zvl256b_lmul1_unroll2","8","0","Linux/riscv64","79305876e3d912cd74ffc97b9eae744b1ccb8984","2026-10-02T14:09:54Z","no","fig05_20261002T134311Z"
"profiled_phase","RVV_8CORE","8x4","2","5","1024","1024","1024","8","OK","PASS","True","True","0.4662019573152065","4.606337691860123","0.3211431913077831","3.3557737842202187","","","end_to_end","total_elapsed","sum_worker_elapsed","True","NOT_REPORTED","aligned_and_main","static","1","igemm_kernel_8x4_zvl256b_lmul1_unroll2","ime_kernel_8x4_zvl256b_lmul1_unroll2","8","0","Linux/riscv64","79305876e3d912cd74ffc97b9eae744b1ccb8984","2026-10-02T17:04:17Z","yes","fig05_20261002T134311Z"
"primary_total","RVV_8CORE","8x4","2","6","1024","1024","1024","8","OK","PASS","True","True","0.4643222503364086","4.624985441563731","","","","","end_to_end","total_elapsed","sum_worker_elapsed","True","NOT_REPORTED","aligned_and_main","static","1","igemm_kernel_8x4_zvl256b_lmul1_unroll2","ime_kernel_8x4_zvl256b_lmul1_unroll2","8","0","Linux/riscv64","79305876e3d912cd74ffc97b9eae744b1ccb8984","2026-10-02T14:09:55Z","no","fig05_20261002T134311Z"
"profiled_phase","RVV_8CORE","8x4","2","6","1024","1024","1024","8","OK","PASS","True","True","0.46244120970368385","4.643798180045486","0.2998410798609257","3.3561300449073315","","","end_to_end","total_elapsed","sum_worker_elapsed","True","NOT_REPORTED","aligned_and_main","static","1","igemm_kernel_8x4_zvl256b_lmul1_unroll2","ime_kernel_8x4_zvl256b_lmul1_unroll2","8","0","Linux/riscv64","79305876e3d912cd74ffc97b9eae744b1ccb8984","2026-10-02T17:04:18Z","yes","fig05_20261002T134311Z"
"primary_total","RVV_8CORE","8x4","2","7","1024","1024","1024","8","OK","PASS","True","True","0.47578829154372215","4.513527731067882","","","","","end_to_end","total_elapsed","sum_worker_elapsed","True","NOT_REPORTED","aligned_and_main","static","1","igemm_kernel_8x4_zvl256b_lmul1_unroll2","ime_kernel_8x4_zvl256b_lmul1_unroll2","8","0","Linux/riscv64","79305876e3d912cd74ffc97b9eae744b1ccb8984","2026-10-02T14:09:55Z","no","fig05_20261002T134311Z"
"profiled_phase","RVV_8CORE","8x4","2","7","1024","1024","1024","8","OK","PASS","True","True","0.46283408254384995","4.639856330797641","0.33212582767009735","3.350439228117466","","","end_to_end","total_elapsed","sum_worker_elapsed","True","NOT_REPORTED","aligned_and_main","static","1","igemm_kernel_8x4_zvl256b_lmul1_unroll2","ime_kernel_8x4_zvl256b_lmul1_unroll2","8","0","Linux/riscv64","79305876e3d912cd74ffc97b9eae744b1ccb8984","2026-10-02T17:04:18Z","yes","fig05_20261002T134311Z"
"primary_total","RVV_8CORE","8x4","4","1","1024","1024","1024","8","OK","PASS","True","True","0.4711661674082279","4.557805285156174","","","","","end_to_end","total_elapsed","sum_worker_elapsed","True","NOT_REPORTED","aligned_and_main","static","1","igemm_kernel_8x4_zvl256b_lmul1_unroll4","ime_kernel_8x4_zvl256b_lmul1_unroll4","8","0","Linux/riscv64","79305876e3d912cd74ffc97b9eae744b1ccb8984","2026-10-02T14:30:28Z","no","fig05_20261002T134311Z"
"profiled_phase","RVV_8CORE","8x4","4","1","1024","1024","1024","8","OK","PASS","True","True","0.4721685014665127","4.548129833587184","0.31179891899228096","3.4335670582950115","","","end_to_end","total_elapsed","sum_worker_elapsed","True","NOT_REPORTED","aligned_and_main","static","1","igemm_kernel_8x4_zvl256b_lmul1_unroll4","ime_kernel_8x4_zvl256b_lmul1_unroll4","8","0","Linux/riscv64","79305876e3d912cd74ffc97b9eae744b1ccb8984","2026-10-02T17:18:51Z","yes","fig05_20261002T134311Z"
"primary_total","RVV_8CORE","8x4","4","2","1024","1024","1024","8","OK","PASS","True","True","0.4725726284086704","4.5442404381975825","","","","","end_to_end","total_elapsed","sum_worker_elapsed","True","NOT_REPORTED","aligned_and_main","static","1","igemm_kernel_8x4_zvl256b_lmul1_unroll4","ime_kernel_8x4_zvl256b_lmul1_unroll4","8","0","Linux/riscv64","79305876e3d912cd74ffc97b9eae744b1ccb8984","2026-10-02T14:30:29Z","no","fig05_20261002T134311Z"
"profiled_phase","RVV_8CORE","8x4","4","2","1024","1024","1024","8","OK","PASS","True","True","0.47229500114917755","4.546911660667149","0.3184652402997017","3.4317246228456497","","","end_to_end","total_elapsed","sum_worker_elapsed","True","NOT_REPORTED","aligned_and_main","static","1","igemm_kernel_8x4_zvl256b_lmul1_unroll4","ime_kernel_8x4_zvl256b_lmul1_unroll4","8","0","Linux/riscv64","79305876e3d912cd74ffc97b9eae744b1ccb8984","2026-10-02T17:18:51Z","yes","fig05_20261002T134311Z"
"primary_total","RVV_8CORE","8x4","4","3","1024","1024","1024","8","OK","PASS","True","True","0.474630419164896","4.524538591054615","","","","","end_to_end","total_elapsed","sum_worker_elapsed","True","NOT_REPORTED","aligned_and_main","static","1","igemm_kernel_8x4_zvl256b_lmul1_unroll4","ime_kernel_8x4_zvl256b_lmul1_unroll4","8","0","Linux/riscv64","79305876e3d912cd74ffc97b9eae744b1ccb8984","2026-10-02T14:30:29Z","no","fig05_20261002T134311Z"
"profiled_phase","RVV_8CORE","8x4","4","3","1024","1024","1024","8","OK","PASS","True","True","0.480594664812088","4.468388447132812","0.30086057260632515","3.4427126236259937","","","end_to_end","total_elapsed","sum_worker_elapsed","True","NOT_REPORTED","aligned_and_main","static","1","igemm_kernel_8x4_zvl256b_lmul1_unroll4","ime_kernel_8x4_zvl256b_lmul1_unroll4","8","0","Linux/riscv64","79305876e3d912cd74ffc97b9eae744b1ccb8984","2026-10-02T17:18:52Z","yes","fig05_20261002T134311Z"
"primary_total","RVV_8CORE","8x4","4","4","1024","1024","1024","8","OK","PASS","True","True","0.47367462515830994","4.533668332523144","","","","","end_to_end","total_elapsed","sum_worker_elapsed","True","NOT_REPORTED","aligned_and_main","static","1","igemm_kernel_8x4_zvl256b_lmul1_unroll4","ime_kernel_8x4_zvl256b_lmul1_unroll4","8","0","Linux/riscv64","79305876e3d912cd74ffc97b9eae744b1ccb8984","2026-10-02T14:30:30Z","no","fig05_20261002T134311Z"
"profiled_phase","RVV_8CORE","8x4","4","4","1024","1024","1024","8","OK","PASS","True","True","0.4734640419483185","4.535684778009839","0.3115767538547516","3.4378647208213806","","","end_to_end","total_elapsed","sum_worker_elapsed","True","NOT_REPORTED","aligned_and_main","static","1","igemm_kernel_8x4_zvl256b_lmul1_unroll4","ime_kernel_8x4_zvl256b_lmul1_unroll4","8","0","Linux/riscv64","79305876e3d912cd74ffc97b9eae744b1ccb8984","2026-10-02T17:18:52Z","yes","fig05_20261002T134311Z"
"primary_total","RVV_8CORE","8x4","4","5","1024","1024","1024","8","OK","PASS","True","True","0.4725300408899784","4.544649995067742","","","","","end_to_end","total_elapsed","sum_worker_elapsed","True","NOT_REPORTED","aligned_and_main","static","1","igemm_kernel_8x4_zvl256b_lmul1_unroll4","ime_kernel_8x4_zvl256b_lmul1_unroll4","8","0","Linux/riscv64","79305876e3d912cd74ffc97b9eae744b1ccb8984","2026-10-02T14:30:30Z","no","fig05_20261002T134311Z"
"profiled_phase","RVV_8CORE","8x4","4","5","1024","1024","1024","8","OK","PASS","True","True","0.47123804315924644","4.557110104275465","0.2844735383987427","3.441187661141157","","","end_to_end","total_elapsed","sum_worker_elapsed","True","NOT_REPORTED","aligned_and_main","static","1","igemm_kernel_8x4_zvl256b_lmul1_unroll4","ime_kernel_8x4_zvl256b_lmul1_unroll4","8","0","Linux/riscv64","79305876e3d912cd74ffc97b9eae744b1ccb8984","2026-10-02T17:18:53Z","yes","fig05_20261002T134311Z"
"primary_total","RVV_8CORE","8x4","4","6","1024","1024","1024","8","OK","PASS","True","True","0.47078683227300644","4.561477723647732","","","","","end_to_end","total_elapsed","sum_worker_elapsed","True","NOT_REPORTED","aligned_and_main","static","1","igemm_kernel_8x4_zvl256b_lmul1_unroll4","ime_kernel_8x4_zvl256b_lmul1_unroll4","8","0","Linux/riscv64","79305876e3d912cd74ffc97b9eae744b1ccb8984","2026-10-02T14:30:31Z","no","fig05_20261002T134311Z"
"profiled_phase","RVV_8CORE","8x4","4","6","1024","1024","1024","8","OK","PASS","True","True","0.4704616703093052","4.5646304120549","0.3106084205210209","3.431057557463646","","","end_to_end","total_elapsed","sum_worker_elapsed","True","NOT_REPORTED","aligned_and_main","static","1","igemm_kernel_8x4_zvl256b_lmul1_unroll4","ime_kernel_8x4_zvl256b_lmul1_unroll4","8","0","Linux/riscv64","79305876e3d912cd74ffc97b9eae744b1ccb8984","2026-10-02T17:18:53Z","yes","fig05_20261002T134311Z"
"primary_total","RVV_8CORE","8x4","4","7","1024","1024","1024","8","OK","PASS","True","True","0.4735913760960102","4.534465271944996","","","","","end_to_end","total_elapsed","sum_worker_elapsed","True","NOT_REPORTED","aligned_and_main","static","1","igemm_kernel_8x4_zvl256b_lmul1_unroll4","ime_kernel_8x4_zvl256b_lmul1_unroll4","8","0","Linux/riscv64","79305876e3d912cd74ffc97b9eae744b1ccb8984","2026-10-02T14:30:31Z","no","fig05_20261002T134311Z"
"profiled_phase","RVV_8CORE","8x4","4","7","1024","1024","1024","8","OK","PASS","True","True","0.47240137308835983","4.545887819844093","0.31416312605142593","3.4293119832873344","","","end_to_end","total_elapsed","sum_worker_elapsed","True","NOT_REPORTED","aligned_and_main","static","1","igemm_kernel_8x4_zvl256b_lmul1_unroll4","ime_kernel_8x4_zvl256b_lmul1_unroll4","8","0","Linux/riscv64","79305876e3d912cd74ffc97b9eae744b1ccb8984","2026-10-02T17:18:54Z","yes","fig05_20261002T134311Z"
"primary_total","RVV_8CORE","8x4","8","1","1024","1024","1024","8","OK","PASS","True","True","0.43657395616173744","4.918945845694062","","","","","end_to_end","total_elapsed","sum_worker_elapsed","True","NOT_REPORTED","aligned_and_main","static","1","igemm_kernel_8x4_zvl256b_lmul1_unroll8","ime_kernel_8x4_zvl256b_lmul1_unroll8","8","0","Linux/riscv64","79305876e3d912cd74ffc97b9eae744b1ccb8984","2026-10-02T14:49:38Z","no","fig05_20261002T134311Z"
"profiled_phase","RVV_8CORE","8x4","8","1","1024","1024","1024","8","OK","PASS","True","True","0.4482464976608753","4.790854271492149","0.3222943879663944","3.1542052626609802","","","end_to_end","total_elapsed","sum_worker_elapsed","True","NOT_REPORTED","aligned_and_main","static","1","igemm_kernel_8x4_zvl256b_lmul1_unroll8","ime_kernel_8x4_zvl256b_lmul1_unroll8","8","0","Linux/riscv64","79305876e3d912cd74ffc97b9eae744b1ccb8984","2026-10-02T17:42:05Z","yes","fig05_20261002T134311Z"
"primary_total","RVV_8CORE","8x4","8","2","1024","1024","1024","8","OK","PASS","True","True","0.4370250031352043","4.913869075210838","","","","","end_to_end","total_elapsed","sum_worker_elapsed","True","NOT_REPORTED","aligned_and_main","static","1","igemm_kernel_8x4_zvl256b_lmul1_unroll8","ime_kernel_8x4_zvl256b_lmul1_unroll8","8","0","Linux/riscv64","79305876e3d912cd74ffc97b9eae744b1ccb8984","2026-10-02T14:49:38Z","no","fig05_20261002T134311Z"
"profiled_phase","RVV_8CORE","8x4","8","2","1024","1024","1024","8","OK","PASS","True","True","0.4384964592754841","4.897379676789704","0.31430600211024284","3.14811535179615","","","end_to_end","total_elapsed","sum_worker_elapsed","True","NOT_REPORTED","aligned_and_main","static","1","igemm_kernel_8x4_zvl256b_lmul1_unroll8","ime_kernel_8x4_zvl256b_lmul1_unroll8","8","0","Linux/riscv64","79305876e3d912cd74ffc97b9eae744b1ccb8984","2026-10-02T17:42:05Z","yes","fig05_20261002T134311Z"
"primary_total","RVV_8CORE","8x4","8","3","1024","1024","1024","8","OK","PASS","True","True","0.4368029572069645","4.916367008436911","","","","","end_to_end","total_elapsed","sum_worker_elapsed","True","NOT_REPORTED","aligned_and_main","static","1","igemm_kernel_8x4_zvl256b_lmul1_unroll8","ime_kernel_8x4_zvl256b_lmul1_unroll8","8","0","Linux/riscv64","79305876e3d912cd74ffc97b9eae744b1ccb8984","2026-10-02T14:49:39Z","no","fig05_20261002T134311Z"
"profiled_phase","RVV_8CORE","8x4","8","3","1024","1024","1024","8","OK","PASS","True","True","0.4399872086942196","4.880786544620776","0.3197489492595196","3.141819257289171","","","end_to_end","total_elapsed","sum_worker_elapsed","True","NOT_REPORTED","aligned_and_main","static","1","igemm_kernel_8x4_zvl256b_lmul1_unroll8","ime_kernel_8x4_zvl256b_lmul1_unroll8","8","0","Linux/riscv64","79305876e3d912cd74ffc97b9eae744b1ccb8984","2026-10-02T17:42:06Z","yes","fig05_20261002T134311Z"
"primary_total","RVV_8CORE","8x4","8","4","1024","1024","1024","8","OK","PASS","True","True","0.4356605000793934","4.929259475230482","","","","","end_to_end","total_elapsed","sum_worker_elapsed","True","NOT_REPORTED","aligned_and_main","static","1","igemm_kernel_8x4_zvl256b_lmul1_unroll8","ime_kernel_8x4_zvl256b_lmul1_unroll8","8","0","Linux/riscv64","79305876e3d912cd74ffc97b9eae744b1ccb8984","2026-10-02T14:49:39Z","no","fig05_20261002T134311Z"
"profiled_phase","RVV_8CORE","8x4","8","4","1024","1024","1024","8","OK","PASS","True","True","0.44264741614460945","4.851454158942688","0.3415931276977062","3.1462265960872173","","","end_to_end","total_elapsed","sum_worker_elapsed","True","NOT_REPORTED","aligned_and_main","static","1","igemm_kernel_8x4_zvl256b_lmul1_unroll8","ime_kernel_8x4_zvl256b_lmul1_unroll8","8","0","Linux/riscv64","79305876e3d912cd74ffc97b9eae744b1ccb8984","2026-10-02T17:42:06Z","yes","fig05_20261002T134311Z"
"primary_total","RVV_8CORE","8x4","8","5","1024","1024","1024","8","OK","PASS","True","True","0.43533333390951157","4.932963962843186","","","","","end_to_end","total_elapsed","sum_worker_elapsed","True","NOT_REPORTED","aligned_and_main","static","1","igemm_kernel_8x4_zvl256b_lmul1_unroll8","ime_kernel_8x4_zvl256b_lmul1_unroll8","8","0","Linux/riscv64","79305876e3d912cd74ffc97b9eae744b1ccb8984","2026-10-02T14:49:39Z","no","fig05_20261002T134311Z"
"profiled_phase","RVV_8CORE","8x4","8","5","1024","1024","1024","8","OK","PASS","True","True","0.4416261240839958","4.862673494359576","0.3280343823134899","3.1463217101991177","","","end_to_end","total_elapsed","sum_worker_elapsed","True","NOT_REPORTED","aligned_and_main","static","1","igemm_kernel_8x4_zvl256b_lmul1_unroll8","ime_kernel_8x4_zvl256b_lmul1_unroll8","8","0","Linux/riscv64","79305876e3d912cd74ffc97b9eae744b1ccb8984","2026-10-02T17:42:07Z","yes","fig05_20261002T134311Z"
"primary_total","RVV_8CORE","8x4","8","6","1024","1024","1024","8","OK","PASS","True","True","0.4340706244111061","4.9473139328731195","","","","","end_to_end","total_elapsed","sum_worker_elapsed","True","NOT_REPORTED","aligned_and_main","static","1","igemm_kernel_8x4_zvl256b_lmul1_unroll8","ime_kernel_8x4_zvl256b_lmul1_unroll8","8","0","Linux/riscv64","79305876e3d912cd74ffc97b9eae744b1ccb8984","2026-10-02T14:49:40Z","no","fig05_20261002T134311Z"
"profiled_phase","RVV_8CORE","8x4","8","6","1024","1024","1024","8","OK","PASS","True","True","0.4676373340189457","4.59219889383981","0.309066753834486","3.19759376719594","","","end_to_end","total_elapsed","sum_worker_elapsed","True","NOT_REPORTED","aligned_and_main","static","1","igemm_kernel_8x4_zvl256b_lmul1_unroll8","ime_kernel_8x4_zvl256b_lmul1_unroll8","8","0","Linux/riscv64","79305876e3d912cd74ffc97b9eae744b1ccb8984","2026-10-02T17:42:07Z","yes","fig05_20261002T134311Z"
"primary_total","RVV_8CORE","8x4","8","7","1024","1024","1024","8","OK","PASS","True","True","0.4400213733315468","4.880407585069547","","","","","end_to_end","total_elapsed","sum_worker_elapsed","True","NOT_REPORTED","aligned_and_main","static","1","igemm_kernel_8x4_zvl256b_lmul1_unroll8","ime_kernel_8x4_zvl256b_lmul1_unroll8","8","0","Linux/riscv64","79305876e3d912cd74ffc97b9eae744b1ccb8984","2026-10-02T14:49:40Z","no","fig05_20261002T134311Z"
"profiled_phase","RVV_8CORE","8x4","8","7","1024","1024","1024","8","OK","PASS","True","True","0.5239293724298477","4.09880369569763","0.2760699838399887","3.274312999099493","","","end_to_end","total_elapsed","sum_worker_elapsed","True","NOT_REPORTED","aligned_and_main","static","1","igemm_kernel_8x4_zvl256b_lmul1_unroll8","ime_kernel_8x4_zvl256b_lmul1_unroll8","8","0","Linux/riscv64","79305876e3d912cd74ffc97b9eae744b1ccb8984","2026-10-02T17:42:08Z","yes","fig05_20261002T134311Z"
"primary_total","RVV_8CORE","8x8","1","1","1024","1024","1024","8","OK","PASS","True","True","0.17855870723724365","12.026765209196583","","","","","end_to_end","total_elapsed","sum_worker_elapsed","True","NOT_REPORTED","aligned_and_main","static","1","igemm_kernel_8x8_zvl256b_lmul1_unroll1","ime_kernel_8x8_zvl256b_lmul1_unroll1","8","0","Linux/riscv64","79305876e3d912cd74ffc97b9eae744b1ccb8984","2026-10-02T15:10:57Z","no","fig05_20261002T134311Z"
"profiled_phase","RVV_8CORE","8x8","1","1","1024","1024","1024","8","OK","PASS","True","True","0.17540854215621948","12.242754096248307","0.3166050761938095","1.0472380928695202","","","end_to_end","total_elapsed","sum_worker_elapsed","True","NOT_REPORTED","aligned_and_main","static","1","igemm_kernel_8x8_zvl256b_lmul1_unroll1","ime_kernel_8x8_zvl256b_lmul1_unroll1","8","0","Linux/riscv64","79305876e3d912cd74ffc97b9eae744b1ccb8984","2026-10-02T18:02:02Z","yes","fig05_20261002T134311Z"
"primary_total","RVV_8CORE","8x8","1","2","1024","1024","1024","8","OK","PASS","True","True","0.17630049958825111","12.180814308611925","","","","","end_to_end","total_elapsed","sum_worker_elapsed","True","NOT_REPORTED","aligned_and_main","static","1","igemm_kernel_8x8_zvl256b_lmul1_unroll1","ime_kernel_8x8_zvl256b_lmul1_unroll1","8","0","Linux/riscv64","79305876e3d912cd74ffc97b9eae744b1ccb8984","2026-10-02T15:10:57Z","no","fig05_20261002T134311Z"
"profiled_phase","RVV_8CORE","8x8","1","2","1024","1024","1024","8","OK","PASS","True","True","0.17613283172249794","12.192409711458104","0.3290723003447056","1.0455958470702171","","","end_to_end","total_elapsed","sum_worker_elapsed","True","NOT_REPORTED","aligned_and_main","static","1","igemm_kernel_8x8_zvl256b_lmul1_unroll1","ime_kernel_8x8_zvl256b_lmul1_unroll1","8","0","Linux/riscv64","79305876e3d912cd74ffc97b9eae744b1ccb8984","2026-10-02T18:02:02Z","yes","fig05_20261002T134311Z"
"primary_total","RVV_8CORE","8x8","1","3","1024","1024","1024","8","OK","PASS","True","True","0.17533541843295097","12.247859942919673","","","","","end_to_end","total_elapsed","sum_worker_elapsed","True","NOT_REPORTED","aligned_and_main","static","1","igemm_kernel_8x8_zvl256b_lmul1_unroll1","ime_kernel_8x8_zvl256b_lmul1_unroll1","8","0","Linux/riscv64","79305876e3d912cd74ffc97b9eae744b1ccb8984","2026-10-02T15:10:57Z","no","fig05_20261002T134311Z"
"profiled_phase","RVV_8CORE","8x8","1","3","1024","1024","1024","8","OK","PASS","True","True","0.17450325191020966","12.306267215610308","0.30896538123488426","1.0440460070967674","","","end_to_end","total_elapsed","sum_worker_elapsed","True","NOT_REPORTED","aligned_and_main","static","1","igemm_kernel_8x8_zvl256b_lmul1_unroll1","ime_kernel_8x8_zvl256b_lmul1_unroll1","8","0","Linux/riscv64","79305876e3d912cd74ffc97b9eae744b1ccb8984","2026-10-02T18:02:02Z","yes","fig05_20261002T134311Z"
"primary_total","RVV_8CORE","8x8","1","4","1024","1024","1024","8","OK","PASS","True","True","0.17877241596579552","12.012388132690882","","","","","end_to_end","total_elapsed","sum_worker_elapsed","True","NOT_REPORTED","aligned_and_main","static","1","igemm_kernel_8x8_zvl256b_lmul1_unroll1","ime_kernel_8x8_zvl256b_lmul1_unroll1","8","0","Linux/riscv64","79305876e3d912cd74ffc97b9eae744b1ccb8984","2026-10-02T15:10:57Z","no","fig05_20261002T134311Z"
"profiled_phase","RVV_8CORE","8x8","1","4","1024","1024","1024","8","OK","PASS","True","True","0.17820104211568832","12.05090398184008","0.3079286701977253","1.0619773119688034","","","end_to_end","total_elapsed","sum_worker_elapsed","True","NOT_REPORTED","aligned_and_main","static","1","igemm_kernel_8x8_zvl256b_lmul1_unroll1","ime_kernel_8x8_zvl256b_lmul1_unroll1","8","0","Linux/riscv64","79305876e3d912cd74ffc97b9eae744b1ccb8984","2026-10-02T18:02:02Z","yes","fig05_20261002T134311Z"
"primary_total","RVV_8CORE","8x8","1","5","1024","1024","1024","8","OK","PASS","True","True","0.1790696680545807","11.992447807215703","","","","","end_to_end","total_elapsed","sum_worker_elapsed","True","NOT_REPORTED","aligned_and_main","static","1","igemm_kernel_8x8_zvl256b_lmul1_unroll1","ime_kernel_8x8_zvl256b_lmul1_unroll1","8","0","Linux/riscv64","79305876e3d912cd74ffc97b9eae744b1ccb8984","2026-10-02T15:10:58Z","no","fig05_20261002T134311Z"
"profiled_phase","RVV_8CORE","8x8","1","5","1024","1024","1024","8","OK","PASS","True","True","0.1764383316040039","12.171298767547784","0.3240818753838539","1.0513346940279007","","","end_to_end","total_elapsed","sum_worker_elapsed","True","NOT_REPORTED","aligned_and_main","static","1","igemm_kernel_8x8_zvl256b_lmul1_unroll1","ime_kernel_8x8_zvl256b_lmul1_unroll1","8","0","Linux/riscv64","79305876e3d912cd74ffc97b9eae744b1ccb8984","2026-10-02T18:02:02Z","yes","fig05_20261002T134311Z"
"primary_total","RVV_8CORE","8x8","1","6","1024","1024","1024","8","OK","PASS","True","True","0.17867404222488403","12.019001872119278","","","","","end_to_end","total_elapsed","sum_worker_elapsed","True","NOT_REPORTED","aligned_and_main","static","1","igemm_kernel_8x8_zvl256b_lmul1_unroll1","ime_kernel_8x8_zvl256b_lmul1_unroll1","8","0","Linux/riscv64","79305876e3d912cd74ffc97b9eae744b1ccb8984","2026-10-02T15:10:58Z","no","fig05_20261002T134311Z"
"profiled_phase","RVV_8CORE","8x8","1","6","1024","1024","1024","8","OK","PASS","True","True","0.17807562276721","12.059391480030401","0.330509040504694","1.0456520058214664","","","end_to_end","total_elapsed","sum_worker_elapsed","True","NOT_REPORTED","aligned_and_main","static","1","igemm_kernel_8x8_zvl256b_lmul1_unroll1","ime_kernel_8x8_zvl256b_lmul1_unroll1","8","0","Linux/riscv64","79305876e3d912cd74ffc97b9eae744b1ccb8984","2026-10-02T18:02:03Z","yes","fig05_20261002T134311Z"
"primary_total","RVV_8CORE","8x8","1","7","1024","1024","1024","8","OK","PASS","True","True","0.17738037556409836","12.106658592703132","","","","","end_to_end","total_elapsed","sum_worker_elapsed","True","NOT_REPORTED","aligned_and_main","static","1","igemm_kernel_8x8_zvl256b_lmul1_unroll1","ime_kernel_8x8_zvl256b_lmul1_unroll1","8","0","Linux/riscv64","79305876e3d912cd74ffc97b9eae744b1ccb8984","2026-10-02T15:10:58Z","no","fig05_20261002T134311Z"
"profiled_phase","RVV_8CORE","8x8","1","7","1024","1024","1024","8","OK","PASS","True","True","0.1763581670820713","12.176831294694912","0.3384631983935833","1.0425895936787128","","","end_to_end","total_elapsed","sum_worker_elapsed","True","NOT_REPORTED","aligned_and_main","static","1","igemm_kernel_8x8_zvl256b_lmul1_unroll1","ime_kernel_8x8_zvl256b_lmul1_unroll1","8","0","Linux/riscv64","79305876e3d912cd74ffc97b9eae744b1ccb8984","2026-10-02T18:02:03Z","yes","fig05_20261002T134311Z"
"primary_total","RVV_8CORE","8x8","2","1","1024","1024","1024","8","OK","PASS","True","True","0.1951007917523384","11.007047325189857","","","","","end_to_end","total_elapsed","sum_worker_elapsed","True","NOT_REPORTED","aligned_and_main","static","1","igemm_kernel_8x8_zvl256b_lmul1_unroll2","ime_kernel_8x8_zvl256b_lmul1_unroll2","8","0","Linux/riscv64","79305876e3d912cd74ffc97b9eae744b1ccb8984","2026-10-02T15:37:19Z","no","fig05_20261002T134311Z"
"profiled_phase","RVV_8CORE","8x8","2","1","1024","1024","1024","8","OK","PASS","True","True","0.1926322504878044","11.148100292458336","0.308275006711483","1.21549541503191","","","end_to_end","total_elapsed","sum_worker_elapsed","True","NOT_REPORTED","aligned_and_main","static","1","igemm_kernel_8x8_zvl256b_lmul1_unroll2","ime_kernel_8x8_zvl256b_lmul1_unroll2","8","0","Linux/riscv64","79305876e3d912cd74ffc97b9eae744b1ccb8984","2026-10-02T18:26:17Z","yes","fig05_20261002T134311Z"
"primary_total","RVV_8CORE","8x8","2","2","1024","1024","1024","8","OK","PASS","True","True","0.19348400086164474","11.099024407375204","","","","","end_to_end","total_elapsed","sum_worker_elapsed","True","NOT_REPORTED","aligned_and_main","static","1","igemm_kernel_8x8_zvl256b_lmul1_unroll2","ime_kernel_8x8_zvl256b_lmul1_unroll2","8","0","Linux/riscv64","79305876e3d912cd74ffc97b9eae744b1ccb8984","2026-10-02T15:37:19Z","no","fig05_20261002T134311Z"
"profiled_phase","RVV_8CORE","8x8","2","2","1024","1024","1024","8","OK","PASS","True","True","0.19464662671089172","11.032729846326356","0.319363322108984","1.2203665524721146","","","end_to_end","total_elapsed","sum_worker_elapsed","True","NOT_REPORTED","aligned_and_main","static","1","igemm_kernel_8x8_zvl256b_lmul1_unroll2","ime_kernel_8x8_zvl256b_lmul1_unroll2","8","0","Linux/riscv64","79305876e3d912cd74ffc97b9eae744b1ccb8984","2026-10-02T18:26:17Z","yes","fig05_20261002T134311Z"
"primary_total","RVV_8CORE","8x8","2","3","1024","1024","1024","8","OK","PASS","True","True","0.19503258168697357","11.010896894379943","","","","","end_to_end","total_elapsed","sum_worker_elapsed","True","NOT_REPORTED","aligned_and_main","static","1","igemm_kernel_8x8_zvl256b_lmul1_unroll2","ime_kernel_8x8_zvl256b_lmul1_unroll2","8","0","Linux/riscv64","79305876e3d912cd74ffc97b9eae744b1ccb8984","2026-10-02T15:37:20Z","no","fig05_20261002T134311Z"
"profiled_phase","RVV_8CORE","8x8","2","3","1024","1024","1024","8","OK","PASS","True","True","0.19409466534852982","11.064104436584229","0.32251187413930893","1.2152305953204632","","","end_to_end","total_elapsed","sum_worker_elapsed","True","NOT_REPORTED","aligned_and_main","static","1","igemm_kernel_8x8_zvl256b_lmul1_unroll2","ime_kernel_8x8_zvl256b_lmul1_unroll2","8","0","Linux/riscv64","79305876e3d912cd74ffc97b9eae744b1ccb8984","2026-10-02T18:26:18Z","yes","fig05_20261002T134311Z"
"primary_total","RVV_8CORE","8x8","2","4","1024","1024","1024","8","OK","PASS","True","True","0.19349808618426323","11.098216475149044","","","","","end_to_end","total_elapsed","sum_worker_elapsed","True","NOT_REPORTED","aligned_and_main","static","1","igemm_kernel_8x8_zvl256b_lmul1_unroll2","ime_kernel_8x8_zvl256b_lmul1_unroll2","8","0","Linux/riscv64","79305876e3d912cd74ffc97b9eae744b1ccb8984","2026-10-02T15:37:20Z","no","fig05_20261002T134311Z"
"profiled_phase","RVV_8CORE","8x8","2","4","1024","1024","1024","8","OK","PASS","True","True","0.19737283512949944","10.880340481459884","0.28886469081044197","1.2332818023860455","","","end_to_end","total_elapsed","sum_worker_elapsed","True","NOT_REPORTED","aligned_and_main","static","1","igemm_kernel_8x8_zvl256b_lmul1_unroll2","ime_kernel_8x8_zvl256b_lmul1_unroll2","8","0","Linux/riscv64","79305876e3d912cd74ffc97b9eae744b1ccb8984","2026-10-02T18:26:18Z","yes","fig05_20261002T134311Z"
"primary_total","RVV_8CORE","8x8","2","5","1024","1024","1024","8","OK","PASS","True","True","0.19307229295372963","11.12269199866317","","","","","end_to_end","total_elapsed","sum_worker_elapsed","True","NOT_REPORTED","aligned_and_main","static","1","igemm_kernel_8x8_zvl256b_lmul1_unroll2","ime_kernel_8x8_zvl256b_lmul1_unroll2","8","0","Linux/riscv64","79305876e3d912cd74ffc97b9eae744b1ccb8984","2026-10-02T15:37:20Z","no","fig05_20261002T134311Z"
"profiled_phase","RVV_8CORE","8x8","2","5","1024","1024","1024","8","OK","PASS","True","True","0.19401516765356064","11.068637952237898","0.327803373336792","1.2152912579476833","","","end_to_end","total_elapsed","sum_worker_elapsed","True","NOT_REPORTED","aligned_and_main","static","1","igemm_kernel_8x8_zvl256b_lmul1_unroll2","ime_kernel_8x8_zvl256b_lmul1_unroll2","8","0","Linux/riscv64","79305876e3d912cd74ffc97b9eae744b1ccb8984","2026-10-02T18:26:18Z","yes","fig05_20261002T134311Z"
"primary_total","RVV_8CORE","8x8","2","6","1024","1024","1024","8","OK","PASS","True","True","0.19618958234786987","10.945961667792481","","","","","end_to_end","total_elapsed","sum_worker_elapsed","True","NOT_REPORTED","aligned_and_main","static","1","igemm_kernel_8x8_zvl256b_lmul1_unroll2","ime_kernel_8x8_zvl256b_lmul1_unroll2","8","0","Linux/riscv64","79305876e3d912cd74ffc97b9eae744b1ccb8984","2026-10-02T15:37:20Z","no","fig05_20261002T134311Z"
"profiled_phase","RVV_8CORE","8x8","2","6","1024","1024","1024","8","OK","PASS","True","True","0.1937990002334118","11.080984140339051","0.32185426354408264","1.2151009663939476","","","end_to_end","total_elapsed","sum_worker_elapsed","True","NOT_REPORTED","aligned_and_main","static","1","igemm_kernel_8x8_zvl256b_lmul1_unroll2","ime_kernel_8x8_zvl256b_lmul1_unroll2","8","0","Linux/riscv64","79305876e3d912cd74ffc97b9eae744b1ccb8984","2026-10-02T18:26:18Z","yes","fig05_20261002T134311Z"
"primary_total","RVV_8CORE","8x8","2","7","1024","1024","1024","8","OK","PASS","True","True","0.19288842007517815","11.133294819683938","","","","","end_to_end","total_elapsed","sum_worker_elapsed","True","NOT_REPORTED","aligned_and_main","static","1","igemm_kernel_8x8_zvl256b_lmul1_unroll2","ime_kernel_8x8_zvl256b_lmul1_unroll2","8","0","Linux/riscv64","79305876e3d912cd74ffc97b9eae744b1ccb8984","2026-10-02T15:37:20Z","no","fig05_20261002T134311Z"
"profiled_phase","RVV_8CORE","8x8","2","7","1024","1024","1024","8","OK","PASS","True","True","0.19601674750447273","10.95561310622705","0.3283800594508648","1.2175732888281345","","","end_to_end","total_elapsed","sum_worker_elapsed","True","NOT_REPORTED","aligned_and_main","static","1","igemm_kernel_8x8_zvl256b_lmul1_unroll2","ime_kernel_8x8_zvl256b_lmul1_unroll2","8","0","Linux/riscv64","79305876e3d912cd74ffc97b9eae744b1ccb8984","2026-10-02T18:26:18Z","yes","fig05_20261002T134311Z"
"primary_total","RVV_8CORE","8x8","4","1","1024","1024","1024","8","OK","PASS","True","True","0.1974993348121643","10.873371548529049","","","","","end_to_end","total_elapsed","sum_worker_elapsed","True","NOT_REPORTED","aligned_and_main","static","1","igemm_kernel_8x8_zvl256b_lmul1_unroll4","ime_kernel_8x8_zvl256b_lmul1_unroll4","8","0","Linux/riscv64","79305876e3d912cd74ffc97b9eae744b1ccb8984","2026-10-02T15:58:46Z","no","fig05_20261002T134311Z"
"profiled_phase","RVV_8CORE","8x8","4","1","1024","1024","1024","8","OK","PASS","True","True","0.20206116512417793","10.627889068541453","0.32352544367313385","1.2264822497963905","","","end_to_end","total_elapsed","sum_worker_elapsed","True","NOT_REPORTED","aligned_and_main","static","1","igemm_kernel_8x8_zvl256b_lmul1_unroll4","ime_kernel_8x8_zvl256b_lmul1_unroll4","8","0","Linux/riscv64","79305876e3d912cd74ffc97b9eae744b1ccb8984","2026-10-02T18:48:47Z","yes","fig05_20261002T134311Z"
"primary_total","RVV_8CORE","8x8","4","2","1024","1024","1024","8","OK","PASS","True","True","0.2014795020222664","10.65857135066113","","","","","end_to_end","total_elapsed","sum_worker_elapsed","True","NOT_REPORTED","aligned_and_main","static","1","igemm_kernel_8x8_zvl256b_lmul1_unroll4","ime_kernel_8x8_zvl256b_lmul1_unroll4","8","0","Linux/riscv64","79305876e3d912cd74ffc97b9eae744b1ccb8984","2026-10-02T15:58:46Z","no","fig05_20261002T134311Z"
"profiled_phase","RVV_8CORE","8x8","4","2","1024","1024","1024","8","OK","PASS","True","True","0.19911283254623413","10.78525989780871","0.3225305378437042","1.2270329594612122","","","end_to_end","total_elapsed","sum_worker_elapsed","True","NOT_REPORTED","aligned_and_main","static","1","igemm_kernel_8x8_zvl256b_lmul1_unroll4","ime_kernel_8x8_zvl256b_lmul1_unroll4","8","0","Linux/riscv64","79305876e3d912cd74ffc97b9eae744b1ccb8984","2026-10-02T18:48:47Z","yes","fig05_20261002T134311Z"
"primary_total","RVV_8CORE","8x8","4","3","1024","1024","1024","8","OK","PASS","True","True","0.1983247920870781","10.828114959309316","","","","","end_to_end","total_elapsed","sum_worker_elapsed","True","NOT_REPORTED","aligned_and_main","static","1","igemm_kernel_8x8_zvl256b_lmul1_unroll4","ime_kernel_8x8_zvl256b_lmul1_unroll4","8","0","Linux/riscv64","79305876e3d912cd74ffc97b9eae744b1ccb8984","2026-10-02T15:58:46Z","no","fig05_20261002T134311Z"
"profiled_phase","RVV_8CORE","8x8","4","3","1024","1024","1024","8","OK","PASS","True","True","0.19660737365484238","10.922701463730723","0.3225782550871372","1.2245099693536758","","","end_to_end","total_elapsed","sum_worker_elapsed","True","NOT_REPORTED","aligned_and_main","static","1","igemm_kernel_8x8_zvl256b_lmul1_unroll4","ime_kernel_8x8_zvl256b_lmul1_unroll4","8","0","Linux/riscv64","79305876e3d912cd74ffc97b9eae744b1ccb8984","2026-10-02T18:48:47Z","yes","fig05_20261002T134311Z"
"primary_total","RVV_8CORE","8x8","4","4","1024","1024","1024","8","OK","PASS","True","True","0.19532491639256477","10.99441734143113","","","","","end_to_end","total_elapsed","sum_worker_elapsed","True","NOT_REPORTED","aligned_and_main","static","1","igemm_kernel_8x8_zvl256b_lmul1_unroll4","ime_kernel_8x8_zvl256b_lmul1_unroll4","8","0","Linux/riscv64","79305876e3d912cd74ffc97b9eae744b1ccb8984","2026-10-02T15:58:46Z","no","fig05_20261002T134311Z"
"profiled_phase","RVV_8CORE","8x8","4","4","1024","1024","1024","8","OK","PASS","True","True","0.19791371002793312","10.850605790255303","0.3297105059027672","1.2248234190046787","","","end_to_end","total_elapsed","sum_worker_elapsed","True","NOT_REPORTED","aligned_and_main","static","1","igemm_kernel_8x8_zvl256b_lmul1_unroll4","ime_kernel_8x8_zvl256b_lmul1_unroll4","8","0","Linux/riscv64","79305876e3d912cd74ffc97b9eae744b1ccb8984","2026-10-02T18:48:47Z","yes","fig05_20261002T134311Z"
"primary_total","RVV_8CORE","8x8","4","5","1024","1024","1024","8","OK","PASS","True","True","0.1969272941350937","10.904956864571597","","","","","end_to_end","total_elapsed","sum_worker_elapsed","True","NOT_REPORTED","aligned_and_main","static","1","igemm_kernel_8x8_zvl256b_lmul1_unroll4","ime_kernel_8x8_zvl256b_lmul1_unroll4","8","0","Linux/riscv64","79305876e3d912cd74ffc97b9eae744b1ccb8984","2026-10-02T15:58:47Z","no","fig05_20261002T134311Z"
"profiled_phase","RVV_8CORE","8x8","4","5","1024","1024","1024","8","OK","PASS","True","True","0.20059708505868912","10.705457895221688","0.3262244202196598","1.2297939136624336","","","end_to_end","total_elapsed","sum_worker_elapsed","True","NOT_REPORTED","aligned_and_main","static","1","igemm_kernel_8x8_zvl256b_lmul1_unroll4","ime_kernel_8x8_zvl256b_lmul1_unroll4","8","0","Linux/riscv64","79305876e3d912cd74ffc97b9eae744b1ccb8984","2026-10-02T18:48:47Z","yes","fig05_20261002T134311Z"
"primary_total","RVV_8CORE","8x8","4","6","1024","1024","1024","8","OK","PASS","True","True","0.19663399830460548","10.921222507378078","","","","","end_to_end","total_elapsed","sum_worker_elapsed","True","NOT_REPORTED","aligned_and_main","static","1","igemm_kernel_8x8_zvl256b_lmul1_unroll4","ime_kernel_8x8_zvl256b_lmul1_unroll4","8","0","Linux/riscv64","79305876e3d912cd74ffc97b9eae744b1ccb8984","2026-10-02T15:58:47Z","no","fig05_20261002T134311Z"
"profiled_phase","RVV_8CORE","8x8","4","6","1024","1024","1024","8","OK","PASS","True","True","0.1983993761241436","10.824044359173106","0.33035367727279663","1.226571749895811","","","end_to_end","total_elapsed","sum_worker_elapsed","True","NOT_REPORTED","aligned_and_main","static","1","igemm_kernel_8x8_zvl256b_lmul1_unroll4","ime_kernel_8x8_zvl256b_lmul1_unroll4","8","0","Linux/riscv64","79305876e3d912cd74ffc97b9eae744b1ccb8984","2026-10-02T18:48:48Z","yes","fig05_20261002T134311Z"
"primary_total","RVV_8CORE","8x8","4","7","1024","1024","1024","8","OK","PASS","True","True","0.1974927932024002","10.873731710296662","","","","","end_to_end","total_elapsed","sum_worker_elapsed","True","NOT_REPORTED","aligned_and_main","static","1","igemm_kernel_8x8_zvl256b_lmul1_unroll4","ime_kernel_8x8_zvl256b_lmul1_unroll4","8","0","Linux/riscv64","79305876e3d912cd74ffc97b9eae744b1ccb8984","2026-10-02T15:58:47Z","no","fig05_20261002T134311Z"
"profiled_phase","RVV_8CORE","8x8","4","7","1024","1024","1024","8","OK","PASS","True","True","0.19815849885344505","10.837201838051092","0.31475020572543144","1.2296872586011887","","","end_to_end","total_elapsed","sum_worker_elapsed","True","NOT_REPORTED","aligned_and_main","static","1","igemm_kernel_8x8_zvl256b_lmul1_unroll4","ime_kernel_8x8_zvl256b_lmul1_unroll4","8","0","Linux/riscv64","79305876e3d912cd74ffc97b9eae744b1ccb8984","2026-10-02T18:48:48Z","yes","fig05_20261002T134311Z"
"primary_total","RVV_8CORE","8x8","8","1","1024","1024","1024","8","OK","PASS","True","True","0.18124079331755638","11.84878750909759","","","","","end_to_end","total_elapsed","sum_worker_elapsed","True","NOT_REPORTED","aligned_and_main","static","1","igemm_kernel_8x8_zvl256b_lmul1_unroll8","ime_kernel_8x8_zvl256b_lmul1_unroll8","8","0","Linux/riscv64","79305876e3d912cd74ffc97b9eae744b1ccb8984","2026-10-02T16:23:40Z","no","fig05_20261002T134311Z"
"profiled_phase","RVV_8CORE","8x8","8","1","1024","1024","1024","8","OK","PASS","True","True","0.1825299970805645","11.765099886853944","0.32177383825182915","1.1173625737428665","","","end_to_end","total_elapsed","sum_worker_elapsed","True","NOT_REPORTED","aligned_and_main","static","1","igemm_kernel_8x8_zvl256b_lmul1_unroll8","ime_kernel_8x8_zvl256b_lmul1_unroll8","8","0","Linux/riscv64","79305876e3d912cd74ffc97b9eae744b1ccb8984","2026-10-02T19:13:44Z","yes","fig05_20261002T134311Z"
"primary_total","RVV_8CORE","8x8","8","2","1024","1024","1024","8","OK","PASS","True","True","0.18066854029893875","11.886317587150032","","","","","end_to_end","total_elapsed","sum_worker_elapsed","True","NOT_REPORTED","aligned_and_main","static","1","igemm_kernel_8x8_zvl256b_lmul1_unroll8","ime_kernel_8x8_zvl256b_lmul1_unroll8","8","0","Linux/riscv64","79305876e3d912cd74ffc97b9eae744b1ccb8984","2026-10-02T16:23:40Z","no","fig05_20261002T134311Z"
"profiled_phase","RVV_8CORE","8x8","8","2","1024","1024","1024","8","OK","PASS","True","True","0.17971979081630707","11.949066033550857","0.30927836894989014","1.1158266551792622","","","end_to_end","total_elapsed","sum_worker_elapsed","True","NOT_REPORTED","aligned_and_main","static","1","igemm_kernel_8x8_zvl256b_lmul1_unroll8","ime_kernel_8x8_zvl256b_lmul1_unroll8","8","0","Linux/riscv64","79305876e3d912cd74ffc97b9eae744b1ccb8984","2026-10-02T19:13:44Z","yes","fig05_20261002T134311Z"
"primary_total","RVV_8CORE","8x8","8","3","1024","1024","1024","8","OK","PASS","True","True","0.180097334086895","11.924016859482565","","","","","end_to_end","total_elapsed","sum_worker_elapsed","True","NOT_REPORTED","aligned_and_main","static","1","igemm_kernel_8x8_zvl256b_lmul1_unroll8","ime_kernel_8x8_zvl256b_lmul1_unroll8","8","0","Linux/riscv64","79305876e3d912cd74ffc97b9eae744b1ccb8984","2026-10-02T16:23:40Z","no","fig05_20261002T134311Z"
"profiled_phase","RVV_8CORE","8x8","8","3","1024","1024","1024","8","OK","PASS","True","True","0.17992262542247772","11.935595331368008","0.31280042603611946","1.1141513250768185","","","end_to_end","total_elapsed","sum_worker_elapsed","True","NOT_REPORTED","aligned_and_main","static","1","igemm_kernel_8x8_zvl256b_lmul1_unroll8","ime_kernel_8x8_zvl256b_lmul1_unroll8","8","0","Linux/riscv64","79305876e3d912cd74ffc97b9eae744b1ccb8984","2026-10-02T19:13:44Z","yes","fig05_20261002T134311Z"
"primary_total","RVV_8CORE","8x8","8","4","1024","1024","1024","8","OK","PASS","True","True","0.18153762444853783","11.82941362443997","","","","","end_to_end","total_elapsed","sum_worker_elapsed","True","NOT_REPORTED","aligned_and_main","static","1","igemm_kernel_8x8_zvl256b_lmul1_unroll8","ime_kernel_8x8_zvl256b_lmul1_unroll8","8","0","Linux/riscv64","79305876e3d912cd74ffc97b9eae744b1ccb8984","2026-10-02T16:23:41Z","no","fig05_20261002T134311Z"
"profiled_phase","RVV_8CORE","8x8","8","4","1024","1024","1024","8","OK","PASS","True","True","0.18493487685918808","11.612107377858873","0.3097134605050087","1.1279878504574299","","","end_to_end","total_elapsed","sum_worker_elapsed","True","NOT_REPORTED","aligned_and_main","static","1","igemm_kernel_8x8_zvl256b_lmul1_unroll8","ime_kernel_8x8_zvl256b_lmul1_unroll8","8","0","Linux/riscv64","79305876e3d912cd74ffc97b9eae744b1ccb8984","2026-10-02T19:13:44Z","yes","fig05_20261002T134311Z"
"primary_total","RVV_8CORE","8x8","8","5","1024","1024","1024","8","OK","PASS","True","True","0.18140549957752228","11.838029458871445","","","","","end_to_end","total_elapsed","sum_worker_elapsed","True","NOT_REPORTED","aligned_and_main","static","1","igemm_kernel_8x8_zvl256b_lmul1_unroll8","ime_kernel_8x8_zvl256b_lmul1_unroll8","8","0","Linux/riscv64","79305876e3d912cd74ffc97b9eae744b1ccb8984","2026-10-02T16:23:41Z","no","fig05_20261002T134311Z"
"profiled_phase","RVV_8CORE","8x8","8","5","1024","1024","1024","8","OK","PASS","True","True","0.18070541694760323","11.88389194012196","0.31367478892207146","1.1153861917555332","","","end_to_end","total_elapsed","sum_worker_elapsed","True","NOT_REPORTED","aligned_and_main","static","1","igemm_kernel_8x8_zvl256b_lmul1_unroll8","ime_kernel_8x8_zvl256b_lmul1_unroll8","8","0","Linux/riscv64","79305876e3d912cd74ffc97b9eae744b1ccb8984","2026-10-02T19:13:45Z","yes","fig05_20261002T134311Z"
"primary_total","RVV_8CORE","8x8","8","6","1024","1024","1024","8","OK","PASS","True","True","0.17984629422426224","11.940661092088785","","","","","end_to_end","total_elapsed","sum_worker_elapsed","True","NOT_REPORTED","aligned_and_main","static","1","igemm_kernel_8x8_zvl256b_lmul1_unroll8","ime_kernel_8x8_zvl256b_lmul1_unroll8","8","0","Linux/riscv64","79305876e3d912cd74ffc97b9eae744b1ccb8984","2026-10-02T16:23:41Z","no","fig05_20261002T134311Z"
"profiled_phase","RVV_8CORE","8x8","8","6","1024","1024","1024","8","OK","PASS","True","True","0.1802627481520176","11.913075053027612","0.303612370043993","1.121402695775032","","","end_to_end","total_elapsed","sum_worker_elapsed","True","NOT_REPORTED","aligned_and_main","static","1","igemm_kernel_8x8_zvl256b_lmul1_unroll8","ime_kernel_8x8_zvl256b_lmul1_unroll8","8","0","Linux/riscv64","79305876e3d912cd74ffc97b9eae744b1ccb8984","2026-10-02T19:13:45Z","yes","fig05_20261002T134311Z"
"primary_total","RVV_8CORE","8x8","8","7","1024","1024","1024","8","OK","PASS","True","True","0.1816677488386631","11.82094049014255","","","","","end_to_end","total_elapsed","sum_worker_elapsed","True","NOT_REPORTED","aligned_and_main","static","1","igemm_kernel_8x8_zvl256b_lmul1_unroll8","ime_kernel_8x8_zvl256b_lmul1_unroll8","8","0","Linux/riscv64","79305876e3d912cd74ffc97b9eae744b1ccb8984","2026-10-02T16:23:41Z","no","fig05_20261002T134311Z"
"profiled_phase","RVV_8CORE","8x8","8","7","1024","1024","1024","8","OK","PASS","True","True","0.18081549927592278","11.876656904964545","0.31727129966020584","1.1130850166082382","","","end_to_end","total_elapsed","sum_worker_elapsed","True","NOT_REPORTED","aligned_and_main","static","1","igemm_kernel_8x8_zvl256b_lmul1_unroll8","ime_kernel_8x8_zvl256b_lmul1_unroll8","8","0","Linux/riscv64","79305876e3d912cd74ffc97b9eae744b1ccb8984","2026-10-02T19:13:45Z","yes","fig05_20261002T134311Z"
