experiment,series,parameter_name,parameter_value,timestamp,mode,baseline,family,kernel,tile_shape,zvl,lmul,unroll,kind,core_group,requested_threads,actual_threads,M,N,K,tile_N,run,status,return_code,failure_stage,time_sec,metric_name,metric_value,timing_scope,validation_method,mismatch_count,max_error,worker_placement,static_tile_split,schedule_policy,schedule_chunk,output_strip_distribution,paired_rvv_kernel,log_file,perf_cycles,perf_instructions,perf_ipc,perf_cache_references,perf_cache_misses,perf_cache_miss_rate,perf_log_file,input_packing_time_sec,kernel_time_sec,output_packing_time_sec,phase_timing_scope,output_packing_status
k1_strong_scaling,RVV,cores,1,2026-10-03T06:33:17,k1-rvv,"GEMM_RVV_FP32_INT8_8x4_Baseline","RVV_IGEMM_INT8_I8I32_8x4","igemm_kernel_8x4_zvl256b_lmul1_unroll1_i8i32",8x4,256b,1,1,INT8_RVV,0-7,1,1,1024,1024,1024,32,1,OK,0,NONE,2.250484627,GOPS,0.954232,parallel_tiles_including_required_packing,INDEPENDENT_INT64_REFERENCE_EXACT_INT32,0,0,"0:cpu0:tiles32","NA",static,0,"NA","NA","/home/bananapi/MAT/kernels riscv rvv 1.0/FINAL/riscv-gemm-optimization/microkernels/HETEROGENEOUS_RVV_IME_OPENMP_GEMM/results/openmp_results_k1-rvv_1024_20261003_063116/raw_logs/GEMM_RVV_FP32_INT8_8x4_Baseline_RVV_IGEMM_INT8_I8I32_8x4_igemm_kernel_8x4_zvl256b_lmul1_unroll1_i8i32_run1.log",178888792632,6539299535,0.03655511024,NA,NA,NA,"/home/bananapi/MAT/kernels riscv rvv 1.0/FINAL/riscv-gemm-optimization/microkernels/HETEROGENEOUS_RVV_IME_OPENMP_GEMM/results/openmp_results_k1-rvv_1024_20261003_063116/raw_logs/GEMM_RVV_FP32_INT8_8x4_Baseline_RVV_IGEMM_INT8_I8I32_8x4_igemm_kernel_8x4_zvl256b_lmul1_unroll1_i8i32_run1_perf.csv",0.127846047,2.122400254,0.000000000,"aggregate_worker_time;TOTAL_TIME_SEC=wall_clock","NOT_PRESENT_IN_CURRENT_DRIVER"
k1_strong_scaling,RVV,cores,1,2026-10-03T06:33:22,k1-rvv,"GEMM_RVV_FP32_INT8_8x4_Baseline","RVV_IGEMM_INT8_I8I32_8x4","igemm_kernel_8x4_zvl256b_lmul1_unroll1_i8i32",8x4,256b,1,1,INT8_RVV,0-7,1,1,1024,1024,1024,32,2,OK,0,NONE,2.237080336,GOPS,0.959949,parallel_tiles_including_required_packing,DISABLED,0,0,"0:cpu0:tiles32","NA",static,0,"NA","NA","/home/bananapi/MAT/kernels riscv rvv 1.0/FINAL/riscv-gemm-optimization/microkernels/HETEROGENEOUS_RVV_IME_OPENMP_GEMM/results/openmp_results_k1-rvv_1024_20261003_063116/raw_logs/GEMM_RVV_FP32_INT8_8x4_Baseline_RVV_IGEMM_INT8_I8I32_8x4_igemm_kernel_8x4_zvl256b_lmul1_unroll1_i8i32_run2.log",7269529092,2392675526,0.329137623,NA,NA,NA,"/home/bananapi/MAT/kernels riscv rvv 1.0/FINAL/riscv-gemm-optimization/microkernels/HETEROGENEOUS_RVV_IME_OPENMP_GEMM/results/openmp_results_k1-rvv_1024_20261003_063116/raw_logs/GEMM_RVV_FP32_INT8_8x4_Baseline_RVV_IGEMM_INT8_I8I32_8x4_igemm_kernel_8x4_zvl256b_lmul1_unroll1_i8i32_run2_perf.csv",0.117137879,2.119711578,0.000000000,"aggregate_worker_time;TOTAL_TIME_SEC=wall_clock","NOT_PRESENT_IN_CURRENT_DRIVER"
k1_strong_scaling,RVV,cores,1,2026-10-03T06:33:27,k1-rvv,"GEMM_RVV_FP32_INT8_8x4_Baseline","RVV_IGEMM_INT8_I8I32_8x4","igemm_kernel_8x4_zvl256b_lmul1_unroll1_i8i32",8x4,256b,1,1,INT8_RVV,0-7,1,1,1024,1024,1024,32,3,OK,0,NONE,2.236758210,GOPS,0.960088,parallel_tiles_including_required_packing,DISABLED,0,0,"0:cpu0:tiles32","NA",static,0,"NA","NA","/home/bananapi/MAT/kernels riscv rvv 1.0/FINAL/riscv-gemm-optimization/microkernels/HETEROGENEOUS_RVV_IME_OPENMP_GEMM/results/openmp_results_k1-rvv_1024_20261003_063116/raw_logs/GEMM_RVV_FP32_INT8_8x4_Baseline_RVV_IGEMM_INT8_I8I32_8x4_igemm_kernel_8x4_zvl256b_lmul1_unroll1_i8i32_run3.log",7239242444,2388336599,0.3299152663,NA,NA,NA,"/home/bananapi/MAT/kernels riscv rvv 1.0/FINAL/riscv-gemm-optimization/microkernels/HETEROGENEOUS_RVV_IME_OPENMP_GEMM/results/openmp_results_k1-rvv_1024_20261003_063116/raw_logs/GEMM_RVV_FP32_INT8_8x4_Baseline_RVV_IGEMM_INT8_I8I32_8x4_igemm_kernel_8x4_zvl256b_lmul1_unroll1_i8i32_run3_perf.csv",0.113040298,2.123498384,0.000000000,"aggregate_worker_time;TOTAL_TIME_SEC=wall_clock","NOT_PRESENT_IN_CURRENT_DRIVER"
k1_strong_scaling,RVV,cores,1,2026-10-03T06:33:32,k1-rvv,"GEMM_RVV_FP32_INT8_8x4_Baseline","RVV_IGEMM_INT8_I8I32_8x4","igemm_kernel_8x4_zvl256b_lmul1_unroll1_i8i32",8x4,256b,1,1,INT8_RVV,0-7,1,1,1024,1024,1024,32,4,OK,0,NONE,2.247134585,GOPS,0.955654,parallel_tiles_including_required_packing,DISABLED,0,0,"0:cpu0:tiles32","NA",static,0,"NA","NA","/home/bananapi/MAT/kernels riscv rvv 1.0/FINAL/riscv-gemm-optimization/microkernels/HETEROGENEOUS_RVV_IME_OPENMP_GEMM/results/openmp_results_k1-rvv_1024_20261003_063116/raw_logs/GEMM_RVV_FP32_INT8_8x4_Baseline_RVV_IGEMM_INT8_I8I32_8x4_igemm_kernel_8x4_zvl256b_lmul1_unroll1_i8i32_run4.log",7284114210,2393010680,0.3285245963,NA,NA,NA,"/home/bananapi/MAT/kernels riscv rvv 1.0/FINAL/riscv-gemm-optimization/microkernels/HETEROGENEOUS_RVV_IME_OPENMP_GEMM/results/openmp_results_k1-rvv_1024_20261003_063116/raw_logs/GEMM_RVV_FP32_INT8_8x4_Baseline_RVV_IGEMM_INT8_I8I32_8x4_igemm_kernel_8x4_zvl256b_lmul1_unroll1_i8i32_run4_perf.csv",0.124183960,2.122722544,0.000000000,"aggregate_worker_time;TOTAL_TIME_SEC=wall_clock","NOT_PRESENT_IN_CURRENT_DRIVER"
k1_strong_scaling,RVV,cores,1,2026-10-03T06:33:37,k1-rvv,"GEMM_RVV_FP32_INT8_8x4_Baseline","RVV_IGEMM_INT8_I8I32_8x4","igemm_kernel_8x4_zvl256b_lmul1_unroll1_i8i32",8x4,256b,1,1,INT8_RVV,0-7,1,1,1024,1024,1024,32,5,OK,0,NONE,2.237758253,GOPS,0.959658,parallel_tiles_including_required_packing,DISABLED,0,0,"0:cpu0:tiles32","NA",static,0,"NA","NA","/home/bananapi/MAT/kernels riscv rvv 1.0/FINAL/riscv-gemm-optimization/microkernels/HETEROGENEOUS_RVV_IME_OPENMP_GEMM/results/openmp_results_k1-rvv_1024_20261003_063116/raw_logs/GEMM_RVV_FP32_INT8_8x4_Baseline_RVV_IGEMM_INT8_I8I32_8x4_igemm_kernel_8x4_zvl256b_lmul1_unroll1_i8i32_run5.log",7262566511,2393910834,0.3296232579,NA,NA,NA,"/home/bananapi/MAT/kernels riscv rvv 1.0/FINAL/riscv-gemm-optimization/microkernels/HETEROGENEOUS_RVV_IME_OPENMP_GEMM/results/openmp_results_k1-rvv_1024_20261003_063116/raw_logs/GEMM_RVV_FP32_INT8_8x4_Baseline_RVV_IGEMM_INT8_I8I32_8x4_igemm_kernel_8x4_zvl256b_lmul1_unroll1_i8i32_run5_perf.csv",0.121159922,2.116377547,0.000000000,"aggregate_worker_time;TOTAL_TIME_SEC=wall_clock","NOT_PRESENT_IN_CURRENT_DRIVER"
k1_strong_scaling,RVV,cores,1,2026-10-03T06:33:42,k1-rvv,"GEMM_RVV_FP32_INT8_8x4_Baseline","RVV_IGEMM_INT8_I8I32_8x4","igemm_kernel_8x4_zvl256b_lmul1_unroll1_i8i32",8x4,256b,1,1,INT8_RVV,0-7,1,1,1024,1024,1024,32,6,OK,0,NONE,2.249091376,GOPS,0.954823,parallel_tiles_including_required_packing,DISABLED,0,0,"0:cpu0:tiles32","NA",static,0,"NA","NA","/home/bananapi/MAT/kernels riscv rvv 1.0/FINAL/riscv-gemm-optimization/microkernels/HETEROGENEOUS_RVV_IME_OPENMP_GEMM/results/openmp_results_k1-rvv_1024_20261003_063116/raw_logs/GEMM_RVV_FP32_INT8_8x4_Baseline_RVV_IGEMM_INT8_I8I32_8x4_igemm_kernel_8x4_zvl256b_lmul1_unroll1_i8i32_run6.log",7281178897,2393577034,0.32873482,NA,NA,NA,"/home/bananapi/MAT/kernels riscv rvv 1.0/FINAL/riscv-gemm-optimization/microkernels/HETEROGENEOUS_RVV_IME_OPENMP_GEMM/results/openmp_results_k1-rvv_1024_20261003_063116/raw_logs/GEMM_RVV_FP32_INT8_8x4_Baseline_RVV_IGEMM_INT8_I8I32_8x4_igemm_kernel_8x4_zvl256b_lmul1_unroll1_i8i32_run6_perf.csv",0.119440503,2.129415210,0.000000000,"aggregate_worker_time;TOTAL_TIME_SEC=wall_clock","NOT_PRESENT_IN_CURRENT_DRIVER"
k1_strong_scaling,RVV,cores,1,2026-10-03T06:33:47,k1-rvv,"GEMM_RVV_FP32_INT8_8x4_Baseline","RVV_IGEMM_INT8_I8I32_8x4","igemm_kernel_8x4_zvl256b_lmul1_unroll1_i8i32",8x4,256b,1,1,INT8_RVV,0-7,1,1,1024,1024,1024,32,7,OK,0,NONE,2.246778920,GOPS,0.955805,parallel_tiles_including_required_packing,DISABLED,0,0,"0:cpu0:tiles32","NA",static,0,"NA","NA","/home/bananapi/MAT/kernels riscv rvv 1.0/FINAL/riscv-gemm-optimization/microkernels/HETEROGENEOUS_RVV_IME_OPENMP_GEMM/results/openmp_results_k1-rvv_1024_20261003_063116/raw_logs/GEMM_RVV_FP32_INT8_8x4_Baseline_RVV_IGEMM_INT8_I8I32_8x4_igemm_kernel_8x4_zvl256b_lmul1_unroll1_i8i32_run7.log",7268282768,2392205707,0.3291294221,NA,NA,NA,"/home/bananapi/MAT/kernels riscv rvv 1.0/FINAL/riscv-gemm-optimization/microkernels/HETEROGENEOUS_RVV_IME_OPENMP_GEMM/results/openmp_results_k1-rvv_1024_20261003_063116/raw_logs/GEMM_RVV_FP32_INT8_8x4_Baseline_RVV_IGEMM_INT8_I8I32_8x4_igemm_kernel_8x4_zvl256b_lmul1_unroll1_i8i32_run7_perf.csv",0.120956205,2.125589963,0.000000000,"aggregate_worker_time;TOTAL_TIME_SEC=wall_clock","NOT_PRESENT_IN_CURRENT_DRIVER"
k1_strong_scaling,RVV,cores,2,2026-10-03T06:35:11,k1-rvv,"GEMM_RVV_FP32_INT8_8x4_Baseline","RVV_IGEMM_INT8_I8I32_8x4","igemm_kernel_8x4_zvl256b_lmul1_unroll1_i8i32",8x4,256b,1,1,INT8_RVV,0-7,2,2,1024,1024,1024,32,1,OK,0,NONE,1.143487792,GOPS,1.878012,parallel_tiles_including_required_packing,INDEPENDENT_INT64_REFERENCE_EXACT_INT32,0,0,"0:cpu0:tiles16;1:cpu1:tiles16","NA",static,0,"NA","NA","/home/bananapi/MAT/kernels riscv rvv 1.0/FINAL/riscv-gemm-optimization/microkernels/HETEROGENEOUS_RVV_IME_OPENMP_GEMM/results/openmp_results_k1-rvv_1024_20261003_063355/raw_logs/GEMM_RVV_FP32_INT8_8x4_Baseline_RVV_IGEMM_INT8_I8I32_8x4_igemm_kernel_8x4_zvl256b_lmul1_unroll1_i8i32_run1.log",201812208407,6527235024,0.03234311282,NA,NA,NA,"/home/bananapi/MAT/kernels riscv rvv 1.0/FINAL/riscv-gemm-optimization/microkernels/HETEROGENEOUS_RVV_IME_OPENMP_GEMM/results/openmp_results_k1-rvv_1024_20261003_063355/raw_logs/GEMM_RVV_FP32_INT8_8x4_Baseline_RVV_IGEMM_INT8_I8I32_8x4_igemm_kernel_8x4_zvl256b_lmul1_unroll1_i8i32_run1_perf.csv",0.145302244,2.126040041,0.000000000,"aggregate_worker_time;TOTAL_TIME_SEC=wall_clock","NOT_PRESENT_IN_CURRENT_DRIVER"
k1_strong_scaling,RVV,cores,2,2026-10-03T06:35:14,k1-rvv,"GEMM_RVV_FP32_INT8_8x4_Baseline","RVV_IGEMM_INT8_I8I32_8x4","igemm_kernel_8x4_zvl256b_lmul1_unroll1_i8i32",8x4,256b,1,1,INT8_RVV,0-7,2,2,1024,1024,1024,32,2,OK,0,NONE,1.133186083,GOPS,1.895085,parallel_tiles_including_required_packing,DISABLED,0,0,"0:cpu0:tiles16;1:cpu1:tiles16","NA",static,0,"NA","NA","/home/bananapi/MAT/kernels riscv rvv 1.0/FINAL/riscv-gemm-optimization/microkernels/HETEROGENEOUS_RVV_IME_OPENMP_GEMM/results/openmp_results_k1-rvv_1024_20261003_063355/raw_logs/GEMM_RVV_FP32_INT8_8x4_Baseline_RVV_IGEMM_INT8_I8I32_8x4_igemm_kernel_8x4_zvl256b_lmul1_unroll1_i8i32_run2.log",7370789774,2394548305,0.3248699771,NA,NA,NA,"/home/bananapi/MAT/kernels riscv rvv 1.0/FINAL/riscv-gemm-optimization/microkernels/HETEROGENEOUS_RVV_IME_OPENMP_GEMM/results/openmp_results_k1-rvv_1024_20261003_063355/raw_logs/GEMM_RVV_FP32_INT8_8x4_Baseline_RVV_IGEMM_INT8_I8I32_8x4_igemm_kernel_8x4_zvl256b_lmul1_unroll1_i8i32_run2_perf.csv",0.136261940,2.119633295,0.000000000,"aggregate_worker_time;TOTAL_TIME_SEC=wall_clock","NOT_PRESENT_IN_CURRENT_DRIVER"
k1_strong_scaling,RVV,cores,2,2026-10-03T06:35:16,k1-rvv,"GEMM_RVV_FP32_INT8_8x4_Baseline","RVV_IGEMM_INT8_I8I32_8x4","igemm_kernel_8x4_zvl256b_lmul1_unroll1_i8i32",8x4,256b,1,1,INT8_RVV,0-7,2,2,1024,1024,1024,32,3,OK,0,NONE,1.139379207,GOPS,1.884784,parallel_tiles_including_required_packing,DISABLED,0,0,"0:cpu0:tiles16;1:cpu1:tiles16","NA",static,0,"NA","NA","/home/bananapi/MAT/kernels riscv rvv 1.0/FINAL/riscv-gemm-optimization/microkernels/HETEROGENEOUS_RVV_IME_OPENMP_GEMM/results/openmp_results_k1-rvv_1024_20261003_063355/raw_logs/GEMM_RVV_FP32_INT8_8x4_Baseline_RVV_IGEMM_INT8_I8I32_8x4_igemm_kernel_8x4_zvl256b_lmul1_unroll1_i8i32_run3.log",7326898234,2387028250,0.3257897372,NA,NA,NA,"/home/bananapi/MAT/kernels riscv rvv 1.0/FINAL/riscv-gemm-optimization/microkernels/HETEROGENEOUS_RVV_IME_OPENMP_GEMM/results/openmp_results_k1-rvv_1024_20261003_063355/raw_logs/GEMM_RVV_FP32_INT8_8x4_Baseline_RVV_IGEMM_INT8_I8I32_8x4_igemm_kernel_8x4_zvl256b_lmul1_unroll1_i8i32_run3_perf.csv",0.153206807,2.116665009,0.000000000,"aggregate_worker_time;TOTAL_TIME_SEC=wall_clock","NOT_PRESENT_IN_CURRENT_DRIVER"
k1_strong_scaling,RVV,cores,2,2026-10-03T06:35:19,k1-rvv,"GEMM_RVV_FP32_INT8_8x4_Baseline","RVV_IGEMM_INT8_I8I32_8x4","igemm_kernel_8x4_zvl256b_lmul1_unroll1_i8i32",8x4,256b,1,1,INT8_RVV,0-7,2,2,1024,1024,1024,32,4,OK,0,NONE,1.131336041,GOPS,1.898184,parallel_tiles_including_required_packing,DISABLED,0,0,"0:cpu0:tiles16;1:cpu1:tiles16","NA",static,0,"NA","NA","/home/bananapi/MAT/kernels riscv rvv 1.0/FINAL/riscv-gemm-optimization/microkernels/HETEROGENEOUS_RVV_IME_OPENMP_GEMM/results/openmp_results_k1-rvv_1024_20261003_063355/raw_logs/GEMM_RVV_FP32_INT8_8x4_Baseline_RVV_IGEMM_INT8_I8I32_8x4_igemm_kernel_8x4_zvl256b_lmul1_unroll1_i8i32_run4.log",7345818867,2392020393,0.32563019,NA,NA,NA,"/home/bananapi/MAT/kernels riscv rvv 1.0/FINAL/riscv-gemm-optimization/microkernels/HETEROGENEOUS_RVV_IME_OPENMP_GEMM/results/openmp_results_k1-rvv_1024_20261003_063355/raw_logs/GEMM_RVV_FP32_INT8_8x4_Baseline_RVV_IGEMM_INT8_I8I32_8x4_igemm_kernel_8x4_zvl256b_lmul1_unroll1_i8i32_run4_perf.csv",0.135973014,2.118941128,0.000000000,"aggregate_worker_time;TOTAL_TIME_SEC=wall_clock","NOT_PRESENT_IN_CURRENT_DRIVER"
k1_strong_scaling,RVV,cores,2,2026-10-03T06:35:22,k1-rvv,"GEMM_RVV_FP32_INT8_8x4_Baseline","RVV_IGEMM_INT8_I8I32_8x4","igemm_kernel_8x4_zvl256b_lmul1_unroll1_i8i32",8x4,256b,1,1,INT8_RVV,0-7,2,2,1024,1024,1024,32,5,OK,0,NONE,1.133195836,GOPS,1.895068,parallel_tiles_including_required_packing,DISABLED,0,0,"0:cpu0:tiles16;1:cpu1:tiles16","NA",static,0,"NA","NA","/home/bananapi/MAT/kernels riscv rvv 1.0/FINAL/riscv-gemm-optimization/microkernels/HETEROGENEOUS_RVV_IME_OPENMP_GEMM/results/openmp_results_k1-rvv_1024_20261003_063355/raw_logs/GEMM_RVV_FP32_INT8_8x4_Baseline_RVV_IGEMM_INT8_I8I32_8x4_igemm_kernel_8x4_zvl256b_lmul1_unroll1_i8i32_run5.log",7338993450,2391154738,0.32581508,NA,NA,NA,"/home/bananapi/MAT/kernels riscv rvv 1.0/FINAL/riscv-gemm-optimization/microkernels/HETEROGENEOUS_RVV_IME_OPENMP_GEMM/results/openmp_results_k1-rvv_1024_20261003_063355/raw_logs/GEMM_RVV_FP32_INT8_8x4_Baseline_RVV_IGEMM_INT8_I8I32_8x4_igemm_kernel_8x4_zvl256b_lmul1_unroll1_i8i32_run5_perf.csv",0.141851801,2.117075458,0.000000000,"aggregate_worker_time;TOTAL_TIME_SEC=wall_clock","NOT_PRESENT_IN_CURRENT_DRIVER"
k1_strong_scaling,RVV,cores,2,2026-10-03T06:35:25,k1-rvv,"GEMM_RVV_FP32_INT8_8x4_Baseline","RVV_IGEMM_INT8_I8I32_8x4","igemm_kernel_8x4_zvl256b_lmul1_unroll1_i8i32",8x4,256b,1,1,INT8_RVV,0-7,2,2,1024,1024,1024,32,6,OK,0,NONE,1.135472834,GOPS,1.891268,parallel_tiles_including_required_packing,DISABLED,0,0,"0:cpu0:tiles16;1:cpu1:tiles16","NA",static,0,"NA","NA","/home/bananapi/MAT/kernels riscv rvv 1.0/FINAL/riscv-gemm-optimization/microkernels/HETEROGENEOUS_RVV_IME_OPENMP_GEMM/results/openmp_results_k1-rvv_1024_20261003_063355/raw_logs/GEMM_RVV_FP32_INT8_8x4_Baseline_RVV_IGEMM_INT8_I8I32_8x4_igemm_kernel_8x4_zvl256b_lmul1_unroll1_i8i32_run6.log",7338409101,2390291431,0.325723382,NA,NA,NA,"/home/bananapi/MAT/kernels riscv rvv 1.0/FINAL/riscv-gemm-optimization/microkernels/HETEROGENEOUS_RVV_IME_OPENMP_GEMM/results/openmp_results_k1-rvv_1024_20261003_063355/raw_logs/GEMM_RVV_FP32_INT8_8x4_Baseline_RVV_IGEMM_INT8_I8I32_8x4_igemm_kernel_8x4_zvl256b_lmul1_unroll1_i8i32_run6_perf.csv",0.136207830,2.124557413,0.000000000,"aggregate_worker_time;TOTAL_TIME_SEC=wall_clock","NOT_PRESENT_IN_CURRENT_DRIVER"
k1_strong_scaling,RVV,cores,2,2026-10-03T06:35:28,k1-rvv,"GEMM_RVV_FP32_INT8_8x4_Baseline","RVV_IGEMM_INT8_I8I32_8x4","igemm_kernel_8x4_zvl256b_lmul1_unroll1_i8i32",8x4,256b,1,1,INT8_RVV,0-7,2,2,1024,1024,1024,32,7,OK,0,NONE,1.143071834,GOPS,1.878695,parallel_tiles_including_required_packing,DISABLED,0,0,"0:cpu0:tiles16;1:cpu1:tiles16","NA",static,0,"NA","NA","/home/bananapi/MAT/kernels riscv rvv 1.0/FINAL/riscv-gemm-optimization/microkernels/HETEROGENEOUS_RVV_IME_OPENMP_GEMM/results/openmp_results_k1-rvv_1024_20261003_063355/raw_logs/GEMM_RVV_FP32_INT8_8x4_Baseline_RVV_IGEMM_INT8_I8I32_8x4_igemm_kernel_8x4_zvl256b_lmul1_unroll1_i8i32_run7.log",7432265891,2400972025,0.3230471111,NA,NA,NA,"/home/bananapi/MAT/kernels riscv rvv 1.0/FINAL/riscv-gemm-optimization/microkernels/HETEROGENEOUS_RVV_IME_OPENMP_GEMM/results/openmp_results_k1-rvv_1024_20261003_063355/raw_logs/GEMM_RVV_FP32_INT8_8x4_Baseline_RVV_IGEMM_INT8_I8I32_8x4_igemm_kernel_8x4_zvl256b_lmul1_unroll1_i8i32_run7_perf.csv",0.161237977,2.120423429,0.000000000,"aggregate_worker_time;TOTAL_TIME_SEC=wall_clock","NOT_PRESENT_IN_CURRENT_DRIVER"
k1_strong_scaling,RVV,cores,4,2026-10-03T06:36:29,k1-rvv,"GEMM_RVV_FP32_INT8_8x4_Baseline","RVV_IGEMM_INT8_I8I32_8x4","igemm_kernel_8x4_zvl256b_lmul1_unroll1_i8i32",8x4,256b,1,1,INT8_RVV,0-7,4,4,1024,1024,1024,32,1,OK,0,NONE,0.606817003,GOPS,3.538931,parallel_tiles_including_required_packing,INDEPENDENT_INT64_REFERENCE_EXACT_INT32,0,0,"0:cpu0:tiles8;1:cpu1:tiles8;2:cpu2:tiles8;3:cpu3:tiles8","NA",static,0,"NA","NA","/home/bananapi/MAT/kernels riscv rvv 1.0/FINAL/riscv-gemm-optimization/microkernels/HETEROGENEOUS_RVV_IME_OPENMP_GEMM/results/openmp_results_k1-rvv_1024_20261003_063536/raw_logs/GEMM_RVV_FP32_INT8_8x4_Baseline_RVV_IGEMM_INT8_I8I32_8x4_igemm_kernel_8x4_zvl256b_lmul1_unroll1_i8i32_run1.log",271131071704,6469077841,0.02385959603,NA,NA,NA,"/home/bananapi/MAT/kernels riscv rvv 1.0/FINAL/riscv-gemm-optimization/microkernels/HETEROGENEOUS_RVV_IME_OPENMP_GEMM/results/openmp_results_k1-rvv_1024_20261003_063536/raw_logs/GEMM_RVV_FP32_INT8_8x4_Baseline_RVV_IGEMM_INT8_I8I32_8x4_igemm_kernel_8x4_zvl256b_lmul1_unroll1_i8i32_run1_perf.csv",0.299397565,2.121006675,0.000000000,"aggregate_worker_time;TOTAL_TIME_SEC=wall_clock","NOT_PRESENT_IN_CURRENT_DRIVER"
k1_strong_scaling,RVV,cores,4,2026-10-03T06:36:30,k1-rvv,"GEMM_RVV_FP32_INT8_8x4_Baseline","RVV_IGEMM_INT8_I8I32_8x4","igemm_kernel_8x4_zvl256b_lmul1_unroll1_i8i32",8x4,256b,1,1,INT8_RVV,0-7,4,4,1024,1024,1024,32,2,OK,0,NONE,0.613063041,GOPS,3.502876,parallel_tiles_including_required_packing,DISABLED,0,0,"0:cpu0:tiles8;1:cpu1:tiles8;2:cpu2:tiles8;3:cpu3:tiles8","NA",static,0,"NA","NA","/home/bananapi/MAT/kernels riscv rvv 1.0/FINAL/riscv-gemm-optimization/microkernels/HETEROGENEOUS_RVV_IME_OPENMP_GEMM/results/openmp_results_k1-rvv_1024_20261003_063536/raw_logs/GEMM_RVV_FP32_INT8_8x4_Baseline_RVV_IGEMM_INT8_I8I32_8x4_igemm_kernel_8x4_zvl256b_lmul1_unroll1_i8i32_run2.log",7690658545,2411575454,0.3135720355,NA,NA,NA,"/home/bananapi/MAT/kernels riscv rvv 1.0/FINAL/riscv-gemm-optimization/microkernels/HETEROGENEOUS_RVV_IME_OPENMP_GEMM/results/openmp_results_k1-rvv_1024_20261003_063536/raw_logs/GEMM_RVV_FP32_INT8_8x4_Baseline_RVV_IGEMM_INT8_I8I32_8x4_igemm_kernel_8x4_zvl256b_lmul1_unroll1_i8i32_run2_perf.csv",0.222363885,2.170578271,0.000000000,"aggregate_worker_time;TOTAL_TIME_SEC=wall_clock","NOT_PRESENT_IN_CURRENT_DRIVER"
k1_strong_scaling,RVV,cores,4,2026-10-03T06:36:32,k1-rvv,"GEMM_RVV_FP32_INT8_8x4_Baseline","RVV_IGEMM_INT8_I8I32_8x4","igemm_kernel_8x4_zvl256b_lmul1_unroll1_i8i32",8x4,256b,1,1,INT8_RVV,0-7,4,4,1024,1024,1024,32,3,OK,0,NONE,0.602940500,GOPS,3.561684,parallel_tiles_including_required_packing,DISABLED,0,0,"0:cpu0:tiles8;1:cpu1:tiles8;2:cpu2:tiles8;3:cpu3:tiles8","NA",static,0,"NA","NA","/home/bananapi/MAT/kernels riscv rvv 1.0/FINAL/riscv-gemm-optimization/microkernels/HETEROGENEOUS_RVV_IME_OPENMP_GEMM/results/openmp_results_k1-rvv_1024_20261003_063536/raw_logs/GEMM_RVV_FP32_INT8_8x4_Baseline_RVV_IGEMM_INT8_I8I32_8x4_igemm_kernel_8x4_zvl256b_lmul1_unroll1_i8i32_run3.log",7688575386,2406374329,0.3129805209,NA,NA,NA,"/home/bananapi/MAT/kernels riscv rvv 1.0/FINAL/riscv-gemm-optimization/microkernels/HETEROGENEOUS_RVV_IME_OPENMP_GEMM/results/openmp_results_k1-rvv_1024_20261003_063536/raw_logs/GEMM_RVV_FP32_INT8_8x4_Baseline_RVV_IGEMM_INT8_I8I32_8x4_igemm_kernel_8x4_zvl256b_lmul1_unroll1_i8i32_run3_perf.csv",0.225172121,2.145060346,0.000000000,"aggregate_worker_time;TOTAL_TIME_SEC=wall_clock","NOT_PRESENT_IN_CURRENT_DRIVER"
k1_strong_scaling,RVV,cores,4,2026-10-03T06:36:34,k1-rvv,"GEMM_RVV_FP32_INT8_8x4_Baseline","RVV_IGEMM_INT8_I8I32_8x4","igemm_kernel_8x4_zvl256b_lmul1_unroll1_i8i32",8x4,256b,1,1,INT8_RVV,0-7,4,4,1024,1024,1024,32,4,OK,0,NONE,0.602387708,GOPS,3.564953,parallel_tiles_including_required_packing,DISABLED,0,0,"0:cpu0:tiles8;1:cpu1:tiles8;2:cpu2:tiles8;3:cpu3:tiles8","NA",static,0,"NA","NA","/home/bananapi/MAT/kernels riscv rvv 1.0/FINAL/riscv-gemm-optimization/microkernels/HETEROGENEOUS_RVV_IME_OPENMP_GEMM/results/openmp_results_k1-rvv_1024_20261003_063536/raw_logs/GEMM_RVV_FP32_INT8_8x4_Baseline_RVV_IGEMM_INT8_I8I32_8x4_igemm_kernel_8x4_zvl256b_lmul1_unroll1_i8i32_run4.log",7690352025,2414500284,0.3139648583,NA,NA,NA,"/home/bananapi/MAT/kernels riscv rvv 1.0/FINAL/riscv-gemm-optimization/microkernels/HETEROGENEOUS_RVV_IME_OPENMP_GEMM/results/openmp_results_k1-rvv_1024_20261003_063536/raw_logs/GEMM_RVV_FP32_INT8_8x4_Baseline_RVV_IGEMM_INT8_I8I32_8x4_igemm_kernel_8x4_zvl256b_lmul1_unroll1_i8i32_run4_perf.csv",0.216860082,2.144744627,0.000000000,"aggregate_worker_time;TOTAL_TIME_SEC=wall_clock","NOT_PRESENT_IN_CURRENT_DRIVER"
k1_strong_scaling,RVV,cores,4,2026-10-03T06:36:36,k1-rvv,"GEMM_RVV_FP32_INT8_8x4_Baseline","RVV_IGEMM_INT8_I8I32_8x4","igemm_kernel_8x4_zvl256b_lmul1_unroll1_i8i32",8x4,256b,1,1,INT8_RVV,0-7,4,4,1024,1024,1024,32,5,OK,0,NONE,0.600997083,GOPS,3.573201,parallel_tiles_including_required_packing,DISABLED,0,0,"0:cpu0:tiles8;1:cpu1:tiles8;2:cpu2:tiles8;3:cpu3:tiles8","NA",static,0,"NA","NA","/home/bananapi/MAT/kernels riscv rvv 1.0/FINAL/riscv-gemm-optimization/microkernels/HETEROGENEOUS_RVV_IME_OPENMP_GEMM/results/openmp_results_k1-rvv_1024_20261003_063536/raw_logs/GEMM_RVV_FP32_INT8_8x4_Baseline_RVV_IGEMM_INT8_I8I32_8x4_igemm_kernel_8x4_zvl256b_lmul1_unroll1_i8i32_run5.log",7709491594,2397785876,0.3110173799,NA,NA,NA,"/home/bananapi/MAT/kernels riscv rvv 1.0/FINAL/riscv-gemm-optimization/microkernels/HETEROGENEOUS_RVV_IME_OPENMP_GEMM/results/openmp_results_k1-rvv_1024_20261003_063536/raw_logs/GEMM_RVV_FP32_INT8_8x4_Baseline_RVV_IGEMM_INT8_I8I32_8x4_igemm_kernel_8x4_zvl256b_lmul1_unroll1_i8i32_run5_perf.csv",0.261079289,2.126818817,0.000000000,"aggregate_worker_time;TOTAL_TIME_SEC=wall_clock","NOT_PRESENT_IN_CURRENT_DRIVER"
k1_strong_scaling,RVV,cores,4,2026-10-03T06:36:37,k1-rvv,"GEMM_RVV_FP32_INT8_8x4_Baseline","RVV_IGEMM_INT8_I8I32_8x4","igemm_kernel_8x4_zvl256b_lmul1_unroll1_i8i32",8x4,256b,1,1,INT8_RVV,0-7,4,4,1024,1024,1024,32,6,OK,0,NONE,0.604218669,GOPS,3.554150,parallel_tiles_including_required_packing,DISABLED,0,0,"0:cpu0:tiles8;1:cpu1:tiles8;2:cpu2:tiles8;3:cpu3:tiles8","NA",static,0,"NA","NA","/home/bananapi/MAT/kernels riscv rvv 1.0/FINAL/riscv-gemm-optimization/microkernels/HETEROGENEOUS_RVV_IME_OPENMP_GEMM/results/openmp_results_k1-rvv_1024_20261003_063536/raw_logs/GEMM_RVV_FP32_INT8_8x4_Baseline_RVV_IGEMM_INT8_I8I32_8x4_igemm_kernel_8x4_zvl256b_lmul1_unroll1_i8i32_run6.log",7783497866,2404555499,0.3089299362,NA,NA,NA,"/home/bananapi/MAT/kernels riscv rvv 1.0/FINAL/riscv-gemm-optimization/microkernels/HETEROGENEOUS_RVV_IME_OPENMP_GEMM/results/openmp_results_k1-rvv_1024_20261003_063536/raw_logs/GEMM_RVV_FP32_INT8_8x4_Baseline_RVV_IGEMM_INT8_I8I32_8x4_igemm_kernel_8x4_zvl256b_lmul1_unroll1_i8i32_run6_perf.csv",0.286958329,2.124295041,0.000000000,"aggregate_worker_time;TOTAL_TIME_SEC=wall_clock","NOT_PRESENT_IN_CURRENT_DRIVER"
k1_strong_scaling,RVV,cores,4,2026-10-03T06:36:39,k1-rvv,"GEMM_RVV_FP32_INT8_8x4_Baseline","RVV_IGEMM_INT8_I8I32_8x4","igemm_kernel_8x4_zvl256b_lmul1_unroll1_i8i32",8x4,256b,1,1,INT8_RVV,0-7,4,4,1024,1024,1024,32,7,OK,0,NONE,0.601686414,GOPS,3.569108,parallel_tiles_including_required_packing,DISABLED,0,0,"0:cpu0:tiles8;1:cpu1:tiles8;2:cpu2:tiles8;3:cpu3:tiles8","NA",static,0,"NA","NA","/home/bananapi/MAT/kernels riscv rvv 1.0/FINAL/riscv-gemm-optimization/microkernels/HETEROGENEOUS_RVV_IME_OPENMP_GEMM/results/openmp_results_k1-rvv_1024_20261003_063536/raw_logs/GEMM_RVV_FP32_INT8_8x4_Baseline_RVV_IGEMM_INT8_I8I32_8x4_igemm_kernel_8x4_zvl256b_lmul1_unroll1_i8i32_run7.log",7716158027,2404147269,0.311573099,NA,NA,NA,"/home/bananapi/MAT/kernels riscv rvv 1.0/FINAL/riscv-gemm-optimization/microkernels/HETEROGENEOUS_RVV_IME_OPENMP_GEMM/results/openmp_results_k1-rvv_1024_20261003_063536/raw_logs/GEMM_RVV_FP32_INT8_8x4_Baseline_RVV_IGEMM_INT8_I8I32_8x4_igemm_kernel_8x4_zvl256b_lmul1_unroll1_i8i32_run7_perf.csv",0.258012336,2.126602829,0.000000000,"aggregate_worker_time;TOTAL_TIME_SEC=wall_clock","NOT_PRESENT_IN_CURRENT_DRIVER"
k1_strong_scaling,RVV,cores,8,2026-10-03T06:37:17,k1-rvv,"GEMM_RVV_FP32_INT8_8x4_Baseline","RVV_IGEMM_INT8_I8I32_8x4","igemm_kernel_8x4_zvl256b_lmul1_unroll1_i8i32",8x4,256b,1,1,INT8_RVV,0-7,8,8,1024,1024,1024,32,1,OK,0,NONE,0.316215541,GOPS,6.791202,parallel_tiles_including_required_packing,INDEPENDENT_INT64_REFERENCE_EXACT_INT32,0,0,"0:cpu0:tiles4;1:cpu1:tiles4;2:cpu2:tiles4;3:cpu3:tiles4;4:cpu4:tiles4;5:cpu5:tiles4;6:cpu6:tiles4;7:cpu7:tiles4","NA",static,0,"NA","NA","/home/bananapi/MAT/kernels riscv rvv 1.0/FINAL/riscv-gemm-optimization/microkernels/HETEROGENEOUS_RVV_IME_OPENMP_GEMM/results/openmp_results_k1-rvv_1024_20261003_063648/raw_logs/GEMM_RVV_FP32_INT8_8x4_Baseline_RVV_IGEMM_INT8_I8I32_8x4_igemm_kernel_8x4_zvl256b_lmul1_unroll1_i8i32_run1.log",248562906413,6513637077,0.02620518552,NA,NA,NA,"/home/bananapi/MAT/kernels riscv rvv 1.0/FINAL/riscv-gemm-optimization/microkernels/HETEROGENEOUS_RVV_IME_OPENMP_GEMM/results/openmp_results_k1-rvv_1024_20261003_063648/raw_logs/GEMM_RVV_FP32_INT8_8x4_Baseline_RVV_IGEMM_INT8_I8I32_8x4_igemm_kernel_8x4_zvl256b_lmul1_unroll1_i8i32_run1_perf.csv",0.329415396,2.156767037,0.000000000,"aggregate_worker_time;TOTAL_TIME_SEC=wall_clock","NOT_PRESENT_IN_CURRENT_DRIVER"
k1_strong_scaling,RVV,cores,8,2026-10-03T06:37:18,k1-rvv,"GEMM_RVV_FP32_INT8_8x4_Baseline","RVV_IGEMM_INT8_I8I32_8x4","igemm_kernel_8x4_zvl256b_lmul1_unroll1_i8i32",8x4,256b,1,1,INT8_RVV,0-7,8,8,1024,1024,1024,32,2,OK,0,NONE,0.315099582,GOPS,6.815254,parallel_tiles_including_required_packing,DISABLED,0,0,"0:cpu0:tiles4;1:cpu1:tiles4;2:cpu2:tiles4;3:cpu3:tiles4;4:cpu4:tiles4;5:cpu5:tiles4;6:cpu6:tiles4;7:cpu7:tiles4","NA",static,0,"NA","NA","/home/bananapi/MAT/kernels riscv rvv 1.0/FINAL/riscv-gemm-optimization/microkernels/HETEROGENEOUS_RVV_IME_OPENMP_GEMM/results/openmp_results_k1-rvv_1024_20261003_063648/raw_logs/GEMM_RVV_FP32_INT8_8x4_Baseline_RVV_IGEMM_INT8_I8I32_8x4_igemm_kernel_8x4_zvl256b_lmul1_unroll1_i8i32_run2.log",7993336409,2428588492,0.3038266336,NA,NA,NA,"/home/bananapi/MAT/kernels riscv rvv 1.0/FINAL/riscv-gemm-optimization/microkernels/HETEROGENEOUS_RVV_IME_OPENMP_GEMM/results/openmp_results_k1-rvv_1024_20261003_063648/raw_logs/GEMM_RVV_FP32_INT8_8x4_Baseline_RVV_IGEMM_INT8_I8I32_8x4_igemm_kernel_8x4_zvl256b_lmul1_unroll1_i8i32_run2_perf.csv",0.349570520,2.143040750,0.000000000,"aggregate_worker_time;TOTAL_TIME_SEC=wall_clock","NOT_PRESENT_IN_CURRENT_DRIVER"
k1_strong_scaling,RVV,cores,8,2026-10-03T06:37:19,k1-rvv,"GEMM_RVV_FP32_INT8_8x4_Baseline","RVV_IGEMM_INT8_I8I32_8x4","igemm_kernel_8x4_zvl256b_lmul1_unroll1_i8i32",8x4,256b,1,1,INT8_RVV,0-7,8,8,1024,1024,1024,32,3,OK,0,NONE,0.316259291,GOPS,6.790263,parallel_tiles_including_required_packing,DISABLED,0,0,"0:cpu0:tiles4;1:cpu1:tiles4;2:cpu2:tiles4;3:cpu3:tiles4;4:cpu4:tiles4;5:cpu5:tiles4;6:cpu6:tiles4;7:cpu7:tiles4","NA",static,0,"NA","NA","/home/bananapi/MAT/kernels riscv rvv 1.0/FINAL/riscv-gemm-optimization/microkernels/HETEROGENEOUS_RVV_IME_OPENMP_GEMM/results/openmp_results_k1-rvv_1024_20261003_063648/raw_logs/GEMM_RVV_FP32_INT8_8x4_Baseline_RVV_IGEMM_INT8_I8I32_8x4_igemm_kernel_8x4_zvl256b_lmul1_unroll1_i8i32_run3.log",8080184845,2465244774,0.3050975716,NA,NA,NA,"/home/bananapi/MAT/kernels riscv rvv 1.0/FINAL/riscv-gemm-optimization/microkernels/HETEROGENEOUS_RVV_IME_OPENMP_GEMM/results/openmp_results_k1-rvv_1024_20261003_063648/raw_logs/GEMM_RVV_FP32_INT8_8x4_Baseline_RVV_IGEMM_INT8_I8I32_8x4_igemm_kernel_8x4_zvl256b_lmul1_unroll1_i8i32_run3_perf.csv",0.362098332,2.140930917,0.000000000,"aggregate_worker_time;TOTAL_TIME_SEC=wall_clock","NOT_PRESENT_IN_CURRENT_DRIVER"
k1_strong_scaling,RVV,cores,8,2026-10-03T06:37:20,k1-rvv,"GEMM_RVV_FP32_INT8_8x4_Baseline","RVV_IGEMM_INT8_I8I32_8x4","igemm_kernel_8x4_zvl256b_lmul1_unroll1_i8i32",8x4,256b,1,1,INT8_RVV,0-7,8,8,1024,1024,1024,32,4,OK,0,NONE,0.317832999,GOPS,6.756642,parallel_tiles_including_required_packing,DISABLED,0,0,"0:cpu0:tiles4;1:cpu1:tiles4;2:cpu2:tiles4;3:cpu3:tiles4;4:cpu4:tiles4;5:cpu5:tiles4;6:cpu6:tiles4;7:cpu7:tiles4","NA",static,0,"NA","NA","/home/bananapi/MAT/kernels riscv rvv 1.0/FINAL/riscv-gemm-optimization/microkernels/HETEROGENEOUS_RVV_IME_OPENMP_GEMM/results/openmp_results_k1-rvv_1024_20261003_063648/raw_logs/GEMM_RVV_FP32_INT8_8x4_Baseline_RVV_IGEMM_INT8_I8I32_8x4_igemm_kernel_8x4_zvl256b_lmul1_unroll1_i8i32_run4.log",8098954645,2436264672,0.300812238,NA,NA,NA,"/home/bananapi/MAT/kernels riscv rvv 1.0/FINAL/riscv-gemm-optimization/microkernels/HETEROGENEOUS_RVV_IME_OPENMP_GEMM/results/openmp_results_k1-rvv_1024_20261003_063648/raw_logs/GEMM_RVV_FP32_INT8_8x4_Baseline_RVV_IGEMM_INT8_I8I32_8x4_igemm_kernel_8x4_zvl256b_lmul1_unroll1_i8i32_run4_perf.csv",0.350099530,2.148332916,0.000000000,"aggregate_worker_time;TOTAL_TIME_SEC=wall_clock","NOT_PRESENT_IN_CURRENT_DRIVER"
k1_strong_scaling,RVV,cores,8,2026-10-03T06:37:22,k1-rvv,"GEMM_RVV_FP32_INT8_8x4_Baseline","RVV_IGEMM_INT8_I8I32_8x4","igemm_kernel_8x4_zvl256b_lmul1_unroll1_i8i32",8x4,256b,1,1,INT8_RVV,0-7,8,8,1024,1024,1024,32,5,OK,0,NONE,0.314156540,GOPS,6.835712,parallel_tiles_including_required_packing,DISABLED,0,0,"0:cpu0:tiles4;1:cpu1:tiles4;2:cpu2:tiles4;3:cpu3:tiles4;4:cpu4:tiles4;5:cpu5:tiles4;6:cpu6:tiles4;7:cpu7:tiles4","NA",static,0,"NA","NA","/home/bananapi/MAT/kernels riscv rvv 1.0/FINAL/riscv-gemm-optimization/microkernels/HETEROGENEOUS_RVV_IME_OPENMP_GEMM/results/openmp_results_k1-rvv_1024_20261003_063648/raw_logs/GEMM_RVV_FP32_INT8_8x4_Baseline_RVV_IGEMM_INT8_I8I32_8x4_igemm_kernel_8x4_zvl256b_lmul1_unroll1_i8i32_run5.log",8032767524,2419071507,0.3011504441,NA,NA,NA,"/home/bananapi/MAT/kernels riscv rvv 1.0/FINAL/riscv-gemm-optimization/microkernels/HETEROGENEOUS_RVV_IME_OPENMP_GEMM/results/openmp_results_k1-rvv_1024_20261003_063648/raw_logs/GEMM_RVV_FP32_INT8_8x4_Baseline_RVV_IGEMM_INT8_I8I32_8x4_igemm_kernel_8x4_zvl256b_lmul1_unroll1_i8i32_run5_perf.csv",0.328776654,2.144813586,0.000000000,"aggregate_worker_time;TOTAL_TIME_SEC=wall_clock","NOT_PRESENT_IN_CURRENT_DRIVER"
k1_strong_scaling,RVV,cores,8,2026-10-03T06:37:23,k1-rvv,"GEMM_RVV_FP32_INT8_8x4_Baseline","RVV_IGEMM_INT8_I8I32_8x4","igemm_kernel_8x4_zvl256b_lmul1_unroll1_i8i32",8x4,256b,1,1,INT8_RVV,0-7,8,8,1024,1024,1024,32,6,OK,0,NONE,0.311530083,GOPS,6.893343,parallel_tiles_including_required_packing,DISABLED,0,0,"0:cpu0:tiles4;1:cpu1:tiles4;2:cpu2:tiles4;3:cpu3:tiles4;4:cpu4:tiles4;5:cpu5:tiles4;6:cpu6:tiles4;7:cpu7:tiles4","NA",static,0,"NA","NA","/home/bananapi/MAT/kernels riscv rvv 1.0/FINAL/riscv-gemm-optimization/microkernels/HETEROGENEOUS_RVV_IME_OPENMP_GEMM/results/openmp_results_k1-rvv_1024_20261003_063648/raw_logs/GEMM_RVV_FP32_INT8_8x4_Baseline_RVV_IGEMM_INT8_I8I32_8x4_igemm_kernel_8x4_zvl256b_lmul1_unroll1_i8i32_run6.log",7994291750,2408655643,0.3012969402,NA,NA,NA,"/home/bananapi/MAT/kernels riscv rvv 1.0/FINAL/riscv-gemm-optimization/microkernels/HETEROGENEOUS_RVV_IME_OPENMP_GEMM/results/openmp_results_k1-rvv_1024_20261003_063648/raw_logs/GEMM_RVV_FP32_INT8_8x4_Baseline_RVV_IGEMM_INT8_I8I32_8x4_igemm_kernel_8x4_zvl256b_lmul1_unroll1_i8i32_run6_perf.csv",0.301048465,2.153887302,0.000000000,"aggregate_worker_time;TOTAL_TIME_SEC=wall_clock","NOT_PRESENT_IN_CURRENT_DRIVER"
k1_strong_scaling,RVV,cores,8,2026-10-03T06:37:24,k1-rvv,"GEMM_RVV_FP32_INT8_8x4_Baseline","RVV_IGEMM_INT8_I8I32_8x4","igemm_kernel_8x4_zvl256b_lmul1_unroll1_i8i32",8x4,256b,1,1,INT8_RVV,0-7,8,8,1024,1024,1024,32,7,OK,0,NONE,0.317942251,GOPS,6.754320,parallel_tiles_including_required_packing,DISABLED,0,0,"0:cpu0:tiles4;1:cpu1:tiles4;2:cpu2:tiles4;3:cpu3:tiles4;4:cpu4:tiles4;5:cpu5:tiles4;6:cpu6:tiles4;7:cpu7:tiles4","NA",static,0,"NA","NA","/home/bananapi/MAT/kernels riscv rvv 1.0/FINAL/riscv-gemm-optimization/microkernels/HETEROGENEOUS_RVV_IME_OPENMP_GEMM/results/openmp_results_k1-rvv_1024_20261003_063648/raw_logs/GEMM_RVV_FP32_INT8_8x4_Baseline_RVV_IGEMM_INT8_I8I32_8x4_igemm_kernel_8x4_zvl256b_lmul1_unroll1_i8i32_run7.log",7957767271,2443769129,0.3070923094,NA,NA,NA,"/home/bananapi/MAT/kernels riscv rvv 1.0/FINAL/riscv-gemm-optimization/microkernels/HETEROGENEOUS_RVV_IME_OPENMP_GEMM/results/openmp_results_k1-rvv_1024_20261003_063648/raw_logs/GEMM_RVV_FP32_INT8_8x4_Baseline_RVV_IGEMM_INT8_I8I32_8x4_igemm_kernel_8x4_zvl256b_lmul1_unroll1_i8i32_run7_perf.csv",0.271821968,2.172476951,0.000000000,"aggregate_worker_time;TOTAL_TIME_SEC=wall_clock","NOT_PRESENT_IN_CURRENT_DRIVER"
k1_strong_scaling,IME,cores,1,2026-10-03T06:38:23,k1-ime,"IME_NATIVE_KERNELS","IME_GEMM_INT8_I8I32_8x4_NATIVE","ime_kernel_8x4_zvl256b_lmul1_unroll1",8x4,256b,1,1,INT8_IME,0-3,1,1,1024,1024,1024,32,1,OK,0,NONE,0.374355957,GOPS,5.736475,parallel_tiles_including_required_packing,INDEPENDENT_INT64_REFERENCE_EXACT_INT32,0,0,"0:cpu0:tiles32","NA",static,0,"NA","NA","/home/bananapi/MAT/kernels riscv rvv 1.0/FINAL/riscv-gemm-optimization/microkernels/HETEROGENEOUS_RVV_IME_OPENMP_GEMM/results/openmp_results_k1-ime_1024_20261003_063733/raw_logs/IME_NATIVE_KERNELS_IME_GEMM_INT8_I8I32_8x4_NATIVE_ime_kernel_8x4_zvl256b_lmul1_unroll1_run1.log",64294473919,4320035157,0.06719139132,NA,NA,NA,"/home/bananapi/MAT/kernels riscv rvv 1.0/FINAL/riscv-gemm-optimization/microkernels/HETEROGENEOUS_RVV_IME_OPENMP_GEMM/results/openmp_results_k1-ime_1024_20261003_063733/raw_logs/IME_NATIVE_KERNELS_IME_GEMM_INT8_I8I32_8x4_NATIVE_ime_kernel_8x4_zvl256b_lmul1_unroll1_run1_perf.csv",0.001021501,0.373132873,0.000000000,"aggregate_worker_time;TOTAL_TIME_SEC=wall_clock","NOT_PRESENT_IN_CURRENT_DRIVER"
k1_strong_scaling,IME,cores,1,2026-10-03T06:38:25,k1-ime,"IME_NATIVE_KERNELS","IME_GEMM_INT8_I8I32_8x4_NATIVE","ime_kernel_8x4_zvl256b_lmul1_unroll1",8x4,256b,1,1,INT8_IME,0-3,1,1,1024,1024,1024,32,2,OK,0,NONE,0.460115541,GOPS,4.667270,parallel_tiles_including_required_packing,DISABLED,0,0,"0:cpu0:tiles32","NA",static,0,"NA","NA","/home/bananapi/MAT/kernels riscv rvv 1.0/FINAL/riscv-gemm-optimization/microkernels/HETEROGENEOUS_RVV_IME_OPENMP_GEMM/results/openmp_results_k1-ime_1024_20261003_063733/raw_logs/IME_NATIVE_KERNELS_IME_GEMM_INT8_I8I32_8x4_NATIVE_ime_kernel_8x4_zvl256b_lmul1_unroll1_run2.log",1517768796,589805909,0.3886006291,NA,NA,NA,"/home/bananapi/MAT/kernels riscv rvv 1.0/FINAL/riscv-gemm-optimization/microkernels/HETEROGENEOUS_RVV_IME_OPENMP_GEMM/results/openmp_results_k1-ime_1024_20261003_063733/raw_logs/IME_NATIVE_KERNELS_IME_GEMM_INT8_I8I32_8x4_NATIVE_ime_kernel_8x4_zvl256b_lmul1_unroll1_run2_perf.csv",0.001100246,0.458855886,0.000000000,"aggregate_worker_time;TOTAL_TIME_SEC=wall_clock","NOT_PRESENT_IN_CURRENT_DRIVER"
k1_strong_scaling,IME,cores,1,2026-10-03T06:38:25,k1-ime,"IME_NATIVE_KERNELS","IME_GEMM_INT8_I8I32_8x4_NATIVE","ime_kernel_8x4_zvl256b_lmul1_unroll1",8x4,256b,1,1,INT8_IME,0-3,1,1,1024,1024,1024,32,3,OK,0,NONE,0.222874206,GOPS,9.635407,parallel_tiles_including_required_packing,DISABLED,0,0,"0:cpu0:tiles32","NA",static,0,"NA","NA","/home/bananapi/MAT/kernels riscv rvv 1.0/FINAL/riscv-gemm-optimization/microkernels/HETEROGENEOUS_RVV_IME_OPENMP_GEMM/results/openmp_results_k1-ime_1024_20261003_063733/raw_logs/IME_NATIVE_KERNELS_IME_GEMM_INT8_I8I32_8x4_NATIVE_ime_kernel_8x4_zvl256b_lmul1_unroll1_run3.log",838268653,589129274,0.7027929195,NA,NA,NA,"/home/bananapi/MAT/kernels riscv rvv 1.0/FINAL/riscv-gemm-optimization/microkernels/HETEROGENEOUS_RVV_IME_OPENMP_GEMM/results/openmp_results_k1-ime_1024_20261003_063733/raw_logs/IME_NATIVE_KERNELS_IME_GEMM_INT8_I8I32_8x4_NATIVE_ime_kernel_8x4_zvl256b_lmul1_unroll1_run3_perf.csv",0.000987578,0.221711453,0.000000000,"aggregate_worker_time;TOTAL_TIME_SEC=wall_clock","NOT_PRESENT_IN_CURRENT_DRIVER"
k1_strong_scaling,IME,cores,1,2026-10-03T06:38:27,k1-ime,"IME_NATIVE_KERNELS","IME_GEMM_INT8_I8I32_8x4_NATIVE","ime_kernel_8x4_zvl256b_lmul1_unroll1",8x4,256b,1,1,INT8_IME,0-3,1,1,1024,1024,1024,32,4,OK,0,NONE,0.376832128,GOPS,5.698781,parallel_tiles_including_required_packing,DISABLED,0,0,"0:cpu0:tiles32","NA",static,0,"NA","NA","/home/bananapi/MAT/kernels riscv rvv 1.0/FINAL/riscv-gemm-optimization/microkernels/HETEROGENEOUS_RVV_IME_OPENMP_GEMM/results/openmp_results_k1-ime_1024_20261003_063733/raw_logs/IME_NATIVE_KERNELS_IME_GEMM_INT8_I8I32_8x4_NATIVE_ime_kernel_8x4_zvl256b_lmul1_unroll1_run4.log",1228376495,586731921,0.4776482808,NA,NA,NA,"/home/bananapi/MAT/kernels riscv rvv 1.0/FINAL/riscv-gemm-optimization/microkernels/HETEROGENEOUS_RVV_IME_OPENMP_GEMM/results/openmp_results_k1-ime_1024_20261003_063733/raw_logs/IME_NATIVE_KERNELS_IME_GEMM_INT8_I8I32_8x4_NATIVE_ime_kernel_8x4_zvl256b_lmul1_unroll1_run4_perf.csv",0.001040220,0.375616420,0.000000000,"aggregate_worker_time;TOTAL_TIME_SEC=wall_clock","NOT_PRESENT_IN_CURRENT_DRIVER"
k1_strong_scaling,IME,cores,1,2026-10-03T06:38:28,k1-ime,"IME_NATIVE_KERNELS","IME_GEMM_INT8_I8I32_8x4_NATIVE","ime_kernel_8x4_zvl256b_lmul1_unroll1",8x4,256b,1,1,INT8_IME,0-3,1,1,1024,1024,1024,32,5,OK,0,NONE,0.312371124,GOPS,6.874783,parallel_tiles_including_required_packing,DISABLED,0,0,"0:cpu0:tiles32","NA",static,0,"NA","NA","/home/bananapi/MAT/kernels riscv rvv 1.0/FINAL/riscv-gemm-optimization/microkernels/HETEROGENEOUS_RVV_IME_OPENMP_GEMM/results/openmp_results_k1-ime_1024_20261003_063733/raw_logs/IME_NATIVE_KERNELS_IME_GEMM_INT8_I8I32_8x4_NATIVE_ime_kernel_8x4_zvl256b_lmul1_unroll1_run5.log",1184578329,591507882,0.4993404552,NA,NA,NA,"/home/bananapi/MAT/kernels riscv rvv 1.0/FINAL/riscv-gemm-optimization/microkernels/HETEROGENEOUS_RVV_IME_OPENMP_GEMM/results/openmp_results_k1-ime_1024_20261003_063733/raw_logs/IME_NATIVE_KERNELS_IME_GEMM_INT8_I8I32_8x4_NATIVE_ime_kernel_8x4_zvl256b_lmul1_unroll1_run5_perf.csv",0.000968620,0.311219256,0.000000000,"aggregate_worker_time;TOTAL_TIME_SEC=wall_clock","NOT_PRESENT_IN_CURRENT_DRIVER"
k1_strong_scaling,IME,cores,1,2026-10-03T06:38:29,k1-ime,"IME_NATIVE_KERNELS","IME_GEMM_INT8_I8I32_8x4_NATIVE","ime_kernel_8x4_zvl256b_lmul1_unroll1",8x4,256b,1,1,INT8_IME,0-3,1,1,1024,1024,1024,32,6,OK,0,NONE,0.342537791,GOPS,6.269334,parallel_tiles_including_required_packing,DISABLED,0,0,"0:cpu0:tiles32","NA",static,0,"NA","NA","/home/bananapi/MAT/kernels riscv rvv 1.0/FINAL/riscv-gemm-optimization/microkernels/HETEROGENEOUS_RVV_IME_OPENMP_GEMM/results/openmp_results_k1-ime_1024_20261003_063733/raw_logs/IME_NATIVE_KERNELS_IME_GEMM_INT8_I8I32_8x4_NATIVE_ime_kernel_8x4_zvl256b_lmul1_unroll1_run6.log",1051989746,588715889,0.5596213188,NA,NA,NA,"/home/bananapi/MAT/kernels riscv rvv 1.0/FINAL/riscv-gemm-optimization/microkernels/HETEROGENEOUS_RVV_IME_OPENMP_GEMM/results/openmp_results_k1-ime_1024_20261003_063733/raw_logs/IME_NATIVE_KERNELS_IME_GEMM_INT8_I8I32_8x4_NATIVE_ime_kernel_8x4_zvl256b_lmul1_unroll1_run6_perf.csv",0.001007818,0.341392197,0.000000000,"aggregate_worker_time;TOTAL_TIME_SEC=wall_clock","NOT_PRESENT_IN_CURRENT_DRIVER"
k1_strong_scaling,IME,cores,1,2026-10-03T06:38:30,k1-ime,"IME_NATIVE_KERNELS","IME_GEMM_INT8_I8I32_8x4_NATIVE","ime_kernel_8x4_zvl256b_lmul1_unroll1",8x4,256b,1,1,INT8_IME,0-3,1,1,1024,1024,1024,32,7,OK,0,NONE,0.369711667,GOPS,5.808536,parallel_tiles_including_required_packing,DISABLED,0,0,"0:cpu0:tiles32","NA",static,0,"NA","NA","/home/bananapi/MAT/kernels riscv rvv 1.0/FINAL/riscv-gemm-optimization/microkernels/HETEROGENEOUS_RVV_IME_OPENMP_GEMM/results/openmp_results_k1-ime_1024_20261003_063733/raw_logs/IME_NATIVE_KERNELS_IME_GEMM_INT8_I8I32_8x4_NATIVE_ime_kernel_8x4_zvl256b_lmul1_unroll1_run7.log",1271347816,585680012,0.4606764605,NA,NA,NA,"/home/bananapi/MAT/kernels riscv rvv 1.0/FINAL/riscv-gemm-optimization/microkernels/HETEROGENEOUS_RVV_IME_OPENMP_GEMM/results/openmp_results_k1-ime_1024_20261003_063733/raw_logs/IME_NATIVE_KERNELS_IME_GEMM_INT8_I8I32_8x4_NATIVE_ime_kernel_8x4_zvl256b_lmul1_unroll1_run7_perf.csv",0.001023911,0.368546415,0.000000000,"aggregate_worker_time;TOTAL_TIME_SEC=wall_clock","NOT_PRESENT_IN_CURRENT_DRIVER"
k1_strong_scaling,IME,cores,2,2026-10-03T06:39:44,k1-ime,"IME_NATIVE_KERNELS","IME_GEMM_INT8_I8I32_8x4_NATIVE","ime_kernel_8x4_zvl256b_lmul1_unroll1",8x4,256b,1,1,INT8_IME,0-3,2,2,1024,1024,1024,32,1,OK,0,NONE,0.176445045,GOPS,12.170836,parallel_tiles_including_required_packing,INDEPENDENT_INT64_REFERENCE_EXACT_INT32,0,0,"0:cpu0:tiles16;1:cpu1:tiles16","NA",static,0,"NA","NA","/home/bananapi/MAT/kernels riscv rvv 1.0/FINAL/riscv-gemm-optimization/microkernels/HETEROGENEOUS_RVV_IME_OPENMP_GEMM/results/openmp_results_k1-ime_1024_20261003_063831/raw_logs/IME_NATIVE_KERNELS_IME_GEMM_INT8_I8I32_8x4_NATIVE_ime_kernel_8x4_zvl256b_lmul1_unroll1_run1.log",193054387613,4623209532,0.02394770504,NA,NA,NA,"/home/bananapi/MAT/kernels riscv rvv 1.0/FINAL/riscv-gemm-optimization/microkernels/HETEROGENEOUS_RVV_IME_OPENMP_GEMM/results/openmp_results_k1-ime_1024_20261003_063831/raw_logs/IME_NATIVE_KERNELS_IME_GEMM_INT8_I8I32_8x4_NATIVE_ime_kernel_8x4_zvl256b_lmul1_unroll1_run1_perf.csv",0.001474045,0.347527463,0.000000000,"aggregate_worker_time;TOTAL_TIME_SEC=wall_clock","NOT_PRESENT_IN_CURRENT_DRIVER"
k1_strong_scaling,IME,cores,2,2026-10-03T06:39:45,k1-ime,"IME_NATIVE_KERNELS","IME_GEMM_INT8_I8I32_8x4_NATIVE","ime_kernel_8x4_zvl256b_lmul1_unroll1",8x4,256b,1,1,INT8_IME,0-3,2,2,1024,1024,1024,32,2,OK,0,NONE,0.218752790,GOPS,9.816943,parallel_tiles_including_required_packing,DISABLED,0,0,"0:cpu0:tiles16;1:cpu1:tiles16","NA",static,0,"NA","NA","/home/bananapi/MAT/kernels riscv rvv 1.0/FINAL/riscv-gemm-optimization/microkernels/HETEROGENEOUS_RVV_IME_OPENMP_GEMM/results/openmp_results_k1-ime_1024_20261003_063831/raw_logs/IME_NATIVE_KERNELS_IME_GEMM_INT8_I8I32_8x4_NATIVE_ime_kernel_8x4_zvl256b_lmul1_unroll1_run2.log",1449163369,586631843,0.4048072533,NA,NA,NA,"/home/bananapi/MAT/kernels riscv rvv 1.0/FINAL/riscv-gemm-optimization/microkernels/HETEROGENEOUS_RVV_IME_OPENMP_GEMM/results/openmp_results_k1-ime_1024_20261003_063831/raw_logs/IME_NATIVE_KERNELS_IME_GEMM_INT8_I8I32_8x4_NATIVE_ime_kernel_8x4_zvl256b_lmul1_unroll1_run2_perf.csv",0.001350671,0.428070236,0.000000000,"aggregate_worker_time;TOTAL_TIME_SEC=wall_clock","NOT_PRESENT_IN_CURRENT_DRIVER"
k1_strong_scaling,IME,cores,2,2026-10-03T06:39:46,k1-ime,"IME_NATIVE_KERNELS","IME_GEMM_INT8_I8I32_8x4_NATIVE","ime_kernel_8x4_zvl256b_lmul1_unroll1",8x4,256b,1,1,INT8_IME,0-3,2,2,1024,1024,1024,32,3,OK,0,NONE,0.223687667,GOPS,9.600367,parallel_tiles_including_required_packing,DISABLED,0,0,"0:cpu0:tiles16;1:cpu1:tiles16","NA",static,0,"NA","NA","/home/bananapi/MAT/kernels riscv rvv 1.0/FINAL/riscv-gemm-optimization/microkernels/HETEROGENEOUS_RVV_IME_OPENMP_GEMM/results/openmp_results_k1-ime_1024_20261003_063831/raw_logs/IME_NATIVE_KERNELS_IME_GEMM_INT8_I8I32_8x4_NATIVE_ime_kernel_8x4_zvl256b_lmul1_unroll1_run3.log",1467284606,603043779,0.4109930524,NA,NA,NA,"/home/bananapi/MAT/kernels riscv rvv 1.0/FINAL/riscv-gemm-optimization/microkernels/HETEROGENEOUS_RVV_IME_OPENMP_GEMM/results/openmp_results_k1-ime_1024_20261003_063831/raw_logs/IME_NATIVE_KERNELS_IME_GEMM_INT8_I8I32_8x4_NATIVE_ime_kernel_8x4_zvl256b_lmul1_unroll1_run3_perf.csv",0.001273956,0.434880305,0.000000000,"aggregate_worker_time;TOTAL_TIME_SEC=wall_clock","NOT_PRESENT_IN_CURRENT_DRIVER"
k1_strong_scaling,IME,cores,2,2026-10-03T06:39:47,k1-ime,"IME_NATIVE_KERNELS","IME_GEMM_INT8_I8I32_8x4_NATIVE","ime_kernel_8x4_zvl256b_lmul1_unroll1",8x4,256b,1,1,INT8_IME,0-3,2,2,1024,1024,1024,32,4,OK,0,NONE,0.171854082,GOPS,12.495971,parallel_tiles_including_required_packing,DISABLED,0,0,"0:cpu0:tiles16;1:cpu1:tiles16","NA",static,0,"NA","NA","/home/bananapi/MAT/kernels riscv rvv 1.0/FINAL/riscv-gemm-optimization/microkernels/HETEROGENEOUS_RVV_IME_OPENMP_GEMM/results/openmp_results_k1-ime_1024_20261003_063831/raw_logs/IME_NATIVE_KERNELS_IME_GEMM_INT8_I8I32_8x4_NATIVE_ime_kernel_8x4_zvl256b_lmul1_unroll1_run4.log",1199744838,595917887,0.4967038558,NA,NA,NA,"/home/bananapi/MAT/kernels riscv rvv 1.0/FINAL/riscv-gemm-optimization/microkernels/HETEROGENEOUS_RVV_IME_OPENMP_GEMM/results/openmp_results_k1-ime_1024_20261003_063831/raw_logs/IME_NATIVE_KERNELS_IME_GEMM_INT8_I8I32_8x4_NATIVE_ime_kernel_8x4_zvl256b_lmul1_unroll1_run4_perf.csv",0.001413193,0.335703287,0.000000000,"aggregate_worker_time;TOTAL_TIME_SEC=wall_clock","NOT_PRESENT_IN_CURRENT_DRIVER"
k1_strong_scaling,IME,cores,2,2026-10-03T06:39:48,k1-ime,"IME_NATIVE_KERNELS","IME_GEMM_INT8_I8I32_8x4_NATIVE","ime_kernel_8x4_zvl256b_lmul1_unroll1",8x4,256b,1,1,INT8_IME,0-3,2,2,1024,1024,1024,32,5,OK,0,NONE,0.171051290,GOPS,12.554618,parallel_tiles_including_required_packing,DISABLED,0,0,"0:cpu0:tiles16;1:cpu1:tiles16","NA",static,0,"NA","NA","/home/bananapi/MAT/kernels riscv rvv 1.0/FINAL/riscv-gemm-optimization/microkernels/HETEROGENEOUS_RVV_IME_OPENMP_GEMM/results/openmp_results_k1-ime_1024_20261003_063831/raw_logs/IME_NATIVE_KERNELS_IME_GEMM_INT8_I8I32_8x4_NATIVE_ime_kernel_8x4_zvl256b_lmul1_unroll1_run5.log",1138596830,596716845,0.5240808944,NA,NA,NA,"/home/bananapi/MAT/kernels riscv rvv 1.0/FINAL/riscv-gemm-optimization/microkernels/HETEROGENEOUS_RVV_IME_OPENMP_GEMM/results/openmp_results_k1-ime_1024_20261003_063831/raw_logs/IME_NATIVE_KERNELS_IME_GEMM_INT8_I8I32_8x4_NATIVE_ime_kernel_8x4_zvl256b_lmul1_unroll1_run5_perf.csv",0.001434810,0.313753091,0.000000000,"aggregate_worker_time;TOTAL_TIME_SEC=wall_clock","NOT_PRESENT_IN_CURRENT_DRIVER"
k1_strong_scaling,IME,cores,2,2026-10-03T06:39:49,k1-ime,"IME_NATIVE_KERNELS","IME_GEMM_INT8_I8I32_8x4_NATIVE","ime_kernel_8x4_zvl256b_lmul1_unroll1",8x4,256b,1,1,INT8_IME,0-3,2,2,1024,1024,1024,32,6,OK,0,NONE,0.213101666,GOPS,10.077273,parallel_tiles_including_required_packing,DISABLED,0,0,"0:cpu0:tiles16;1:cpu1:tiles16","NA",static,0,"NA","NA","/home/bananapi/MAT/kernels riscv rvv 1.0/FINAL/riscv-gemm-optimization/microkernels/HETEROGENEOUS_RVV_IME_OPENMP_GEMM/results/openmp_results_k1-ime_1024_20261003_063831/raw_logs/IME_NATIVE_KERNELS_IME_GEMM_INT8_I8I32_8x4_NATIVE_ime_kernel_8x4_zvl256b_lmul1_unroll1_run6.log",1402977579,600483178,0.428006254,NA,NA,NA,"/home/bananapi/MAT/kernels riscv rvv 1.0/FINAL/riscv-gemm-optimization/microkernels/HETEROGENEOUS_RVV_IME_OPENMP_GEMM/results/openmp_results_k1-ime_1024_20261003_063831/raw_logs/IME_NATIVE_KERNELS_IME_GEMM_INT8_I8I32_8x4_NATIVE_ime_kernel_8x4_zvl256b_lmul1_unroll1_run6_perf.csv",0.001398806,0.416790262,0.000000000,"aggregate_worker_time;TOTAL_TIME_SEC=wall_clock","NOT_PRESENT_IN_CURRENT_DRIVER"
k1_strong_scaling,IME,cores,2,2026-10-03T06:39:49,k1-ime,"IME_NATIVE_KERNELS","IME_GEMM_INT8_I8I32_8x4_NATIVE","ime_kernel_8x4_zvl256b_lmul1_unroll1",8x4,256b,1,1,INT8_IME,0-3,2,2,1024,1024,1024,32,7,OK,0,NONE,0.165505961,GOPS,12.975265,parallel_tiles_including_required_packing,DISABLED,0,0,"0:cpu0:tiles16;1:cpu1:tiles16","NA",static,0,"NA","NA","/home/bananapi/MAT/kernels riscv rvv 1.0/FINAL/riscv-gemm-optimization/microkernels/HETEROGENEOUS_RVV_IME_OPENMP_GEMM/results/openmp_results_k1-ime_1024_20261003_063831/raw_logs/IME_NATIVE_KERNELS_IME_GEMM_INT8_I8I32_8x4_NATIVE_ime_kernel_8x4_zvl256b_lmul1_unroll1_run7.log",1161685517,586373365,0.5047608466,NA,NA,NA,"/home/bananapi/MAT/kernels riscv rvv 1.0/FINAL/riscv-gemm-optimization/microkernels/HETEROGENEOUS_RVV_IME_OPENMP_GEMM/results/openmp_results_k1-ime_1024_20261003_063831/raw_logs/IME_NATIVE_KERNELS_IME_GEMM_INT8_I8I32_8x4_NATIVE_ime_kernel_8x4_zvl256b_lmul1_unroll1_run7_perf.csv",0.001499295,0.322580457,0.000000000,"aggregate_worker_time;TOTAL_TIME_SEC=wall_clock","NOT_PRESENT_IN_CURRENT_DRIVER"
k1_strong_scaling,IME,cores,4,2026-10-03T06:40:45,k1-ime,"IME_NATIVE_KERNELS","IME_GEMM_INT8_I8I32_8x4_NATIVE","ime_kernel_8x4_zvl256b_lmul1_unroll1",8x4,256b,1,1,INT8_IME,0-3,4,4,1024,1024,1024,32,1,OK,0,NONE,0.133596420,GOPS,16.074410,parallel_tiles_including_required_packing,INDEPENDENT_INT64_REFERENCE_EXACT_INT32,0,0,"0:cpu0:tiles8;1:cpu1:tiles8;2:cpu2:tiles8;3:cpu3:tiles8","NA",static,0,"NA","NA","/home/bananapi/MAT/kernels riscv rvv 1.0/FINAL/riscv-gemm-optimization/microkernels/HETEROGENEOUS_RVV_IME_OPENMP_GEMM/results/openmp_results_k1-ime_1024_20261003_063951/raw_logs/IME_NATIVE_KERNELS_IME_GEMM_INT8_I8I32_8x4_NATIVE_ime_kernel_8x4_zvl256b_lmul1_unroll1_run1.log",262393826685,4751491250,0.01810824328,NA,NA,NA,"/home/bananapi/MAT/kernels riscv rvv 1.0/FINAL/riscv-gemm-optimization/microkernels/HETEROGENEOUS_RVV_IME_OPENMP_GEMM/results/openmp_results_k1-ime_1024_20261003_063951/raw_logs/IME_NATIVE_KERNELS_IME_GEMM_INT8_I8I32_8x4_NATIVE_ime_kernel_8x4_zvl256b_lmul1_unroll1_run1_perf.csv",0.002737049,0.507975042,0.000000000,"aggregate_worker_time;TOTAL_TIME_SEC=wall_clock","NOT_PRESENT_IN_CURRENT_DRIVER"
k1_strong_scaling,IME,cores,4,2026-10-03T06:40:45,k1-ime,"IME_NATIVE_KERNELS","IME_GEMM_INT8_I8I32_8x4_NATIVE","ime_kernel_8x4_zvl256b_lmul1_unroll1",8x4,256b,1,1,INT8_IME,0-3,4,4,1024,1024,1024,32,2,OK,0,NONE,0.135535918,GOPS,15.844388,parallel_tiles_including_required_packing,DISABLED,0,0,"0:cpu0:tiles8;1:cpu1:tiles8;2:cpu2:tiles8;3:cpu3:tiles8","NA",static,0,"NA","NA","/home/bananapi/MAT/kernels riscv rvv 1.0/FINAL/riscv-gemm-optimization/microkernels/HETEROGENEOUS_RVV_IME_OPENMP_GEMM/results/openmp_results_k1-ime_1024_20261003_063951/raw_logs/IME_NATIVE_KERNELS_IME_GEMM_INT8_I8I32_8x4_NATIVE_ime_kernel_8x4_zvl256b_lmul1_unroll1_run2.log",1772279728,601313934,0.3392883891,NA,NA,NA,"/home/bananapi/MAT/kernels riscv rvv 1.0/FINAL/riscv-gemm-optimization/microkernels/HETEROGENEOUS_RVV_IME_OPENMP_GEMM/results/openmp_results_k1-ime_1024_20261003_063951/raw_logs/IME_NATIVE_KERNELS_IME_GEMM_INT8_I8I32_8x4_NATIVE_ime_kernel_8x4_zvl256b_lmul1_unroll1_run2_perf.csv",0.002776235,0.500482619,0.000000000,"aggregate_worker_time;TOTAL_TIME_SEC=wall_clock","NOT_PRESENT_IN_CURRENT_DRIVER"
k1_strong_scaling,IME,cores,4,2026-10-03T06:40:46,k1-ime,"IME_NATIVE_KERNELS","IME_GEMM_INT8_I8I32_8x4_NATIVE","ime_kernel_8x4_zvl256b_lmul1_unroll1",8x4,256b,1,1,INT8_IME,0-3,4,4,1024,1024,1024,32,3,OK,0,NONE,0.147367418,GOPS,14.572310,parallel_tiles_including_required_packing,DISABLED,0,0,"0:cpu0:tiles8;1:cpu1:tiles8;2:cpu2:tiles8;3:cpu3:tiles8","NA",static,0,"NA","NA","/home/bananapi/MAT/kernels riscv rvv 1.0/FINAL/riscv-gemm-optimization/microkernels/HETEROGENEOUS_RVV_IME_OPENMP_GEMM/results/openmp_results_k1-ime_1024_20261003_063951/raw_logs/IME_NATIVE_KERNELS_IME_GEMM_INT8_I8I32_8x4_NATIVE_ime_kernel_8x4_zvl256b_lmul1_unroll1_run3.log",1878590891,616100285,0.3279587312,NA,NA,NA,"/home/bananapi/MAT/kernels riscv rvv 1.0/FINAL/riscv-gemm-optimization/microkernels/HETEROGENEOUS_RVV_IME_OPENMP_GEMM/results/openmp_results_k1-ime_1024_20261003_063951/raw_logs/IME_NATIVE_KERNELS_IME_GEMM_INT8_I8I32_8x4_NATIVE_ime_kernel_8x4_zvl256b_lmul1_unroll1_run3_perf.csv",0.002237499,0.567450285,0.000000000,"aggregate_worker_time;TOTAL_TIME_SEC=wall_clock","NOT_PRESENT_IN_CURRENT_DRIVER"
k1_strong_scaling,IME,cores,4,2026-10-03T06:40:47,k1-ime,"IME_NATIVE_KERNELS","IME_GEMM_INT8_I8I32_8x4_NATIVE","ime_kernel_8x4_zvl256b_lmul1_unroll1",8x4,256b,1,1,INT8_IME,0-3,4,4,1024,1024,1024,32,4,OK,0,NONE,0.150357082,GOPS,14.282557,parallel_tiles_including_required_packing,DISABLED,0,0,"0:cpu0:tiles8;1:cpu1:tiles8;2:cpu2:tiles8;3:cpu3:tiles8","NA",static,0,"NA","NA","/home/bananapi/MAT/kernels riscv rvv 1.0/FINAL/riscv-gemm-optimization/microkernels/HETEROGENEOUS_RVV_IME_OPENMP_GEMM/results/openmp_results_k1-ime_1024_20261003_063951/raw_logs/IME_NATIVE_KERNELS_IME_GEMM_INT8_I8I32_8x4_NATIVE_ime_kernel_8x4_zvl256b_lmul1_unroll1_run4.log",1858400890,598293820,0.3219401278,NA,NA,NA,"/home/bananapi/MAT/kernels riscv rvv 1.0/FINAL/riscv-gemm-optimization/microkernels/HETEROGENEOUS_RVV_IME_OPENMP_GEMM/results/openmp_results_k1-ime_1024_20261003_063951/raw_logs/IME_NATIVE_KERNELS_IME_GEMM_INT8_I8I32_8x4_NATIVE_ime_kernel_8x4_zvl256b_lmul1_unroll1_run4_perf.csv",0.002216212,0.580364786,0.000000000,"aggregate_worker_time;TOTAL_TIME_SEC=wall_clock","NOT_PRESENT_IN_CURRENT_DRIVER"
k1_strong_scaling,IME,cores,4,2026-10-03T06:40:48,k1-ime,"IME_NATIVE_KERNELS","IME_GEMM_INT8_I8I32_8x4_NATIVE","ime_kernel_8x4_zvl256b_lmul1_unroll1",8x4,256b,1,1,INT8_IME,0-3,4,4,1024,1024,1024,32,5,OK,0,NONE,0.140630290,GOPS,15.270420,parallel_tiles_including_required_packing,DISABLED,0,0,"0:cpu0:tiles8;1:cpu1:tiles8;2:cpu2:tiles8;3:cpu3:tiles8","NA",static,0,"NA","NA","/home/bananapi/MAT/kernels riscv rvv 1.0/FINAL/riscv-gemm-optimization/microkernels/HETEROGENEOUS_RVV_IME_OPENMP_GEMM/results/openmp_results_k1-ime_1024_20261003_063951/raw_logs/IME_NATIVE_KERNELS_IME_GEMM_INT8_I8I32_8x4_NATIVE_ime_kernel_8x4_zvl256b_lmul1_unroll1_run5.log",1833582262,607480412,0.3313079672,NA,NA,NA,"/home/bananapi/MAT/kernels riscv rvv 1.0/FINAL/riscv-gemm-optimization/microkernels/HETEROGENEOUS_RVV_IME_OPENMP_GEMM/results/openmp_results_k1-ime_1024_20261003_063951/raw_logs/IME_NATIVE_KERNELS_IME_GEMM_INT8_I8I32_8x4_NATIVE_ime_kernel_8x4_zvl256b_lmul1_unroll1_run5_perf.csv",0.002343126,0.524117328,0.000000000,"aggregate_worker_time;TOTAL_TIME_SEC=wall_clock","NOT_PRESENT_IN_CURRENT_DRIVER"
k1_strong_scaling,IME,cores,4,2026-10-03T06:40:49,k1-ime,"IME_NATIVE_KERNELS","IME_GEMM_INT8_I8I32_8x4_NATIVE","ime_kernel_8x4_zvl256b_lmul1_unroll1",8x4,256b,1,1,INT8_IME,0-3,4,4,1024,1024,1024,32,6,OK,0,NONE,0.139136497,GOPS,15.434366,parallel_tiles_including_required_packing,DISABLED,0,0,"0:cpu0:tiles8;1:cpu1:tiles8;2:cpu2:tiles8;3:cpu3:tiles8","NA",static,0,"NA","NA","/home/bananapi/MAT/kernels riscv rvv 1.0/FINAL/riscv-gemm-optimization/microkernels/HETEROGENEOUS_RVV_IME_OPENMP_GEMM/results/openmp_results_k1-ime_1024_20261003_063951/raw_logs/IME_NATIVE_KERNELS_IME_GEMM_INT8_I8I32_8x4_NATIVE_ime_kernel_8x4_zvl256b_lmul1_unroll1_run6.log",1818883817,591950112,0.3254469068,NA,NA,NA,"/home/bananapi/MAT/kernels riscv rvv 1.0/FINAL/riscv-gemm-optimization/microkernels/HETEROGENEOUS_RVV_IME_OPENMP_GEMM/results/openmp_results_k1-ime_1024_20261003_063951/raw_logs/IME_NATIVE_KERNELS_IME_GEMM_INT8_I8I32_8x4_NATIVE_ime_kernel_8x4_zvl256b_lmul1_unroll1_run6_perf.csv",0.002557006,0.509668242,0.000000000,"aggregate_worker_time;TOTAL_TIME_SEC=wall_clock","NOT_PRESENT_IN_CURRENT_DRIVER"
k1_strong_scaling,IME,cores,4,2026-10-03T06:40:50,k1-ime,"IME_NATIVE_KERNELS","IME_GEMM_INT8_I8I32_8x4_NATIVE","ime_kernel_8x4_zvl256b_lmul1_unroll1",8x4,256b,1,1,INT8_IME,0-3,4,4,1024,1024,1024,32,7,OK,0,NONE,0.138047874,GOPS,15.556079,parallel_tiles_including_required_packing,DISABLED,0,0,"0:cpu0:tiles8;1:cpu1:tiles8;2:cpu2:tiles8;3:cpu3:tiles8","NA",static,0,"NA","NA","/home/bananapi/MAT/kernels riscv rvv 1.0/FINAL/riscv-gemm-optimization/microkernels/HETEROGENEOUS_RVV_IME_OPENMP_GEMM/results/openmp_results_k1-ime_1024_20261003_063951/raw_logs/IME_NATIVE_KERNELS_IME_GEMM_INT8_I8I32_8x4_NATIVE_ime_kernel_8x4_zvl256b_lmul1_unroll1_run7.log",1850789756,615997356,0.3328294605,NA,NA,NA,"/home/bananapi/MAT/kernels riscv rvv 1.0/FINAL/riscv-gemm-optimization/microkernels/HETEROGENEOUS_RVV_IME_OPENMP_GEMM/results/openmp_results_k1-ime_1024_20261003_063951/raw_logs/IME_NATIVE_KERNELS_IME_GEMM_INT8_I8I32_8x4_NATIVE_ime_kernel_8x4_zvl256b_lmul1_unroll1_run7_perf.csv",0.002442840,0.525193039,0.000000000,"aggregate_worker_time;TOTAL_TIME_SEC=wall_clock","NOT_PRESENT_IN_CURRENT_DRIVER"
k1_strong_scaling,RVV,cores,1,2026-10-03T06:42:53,k1-rvv,"GEMM_RVV_FP32_INT8_8x4_Baseline","RVV_IGEMM_INT8_I8I32_8x4","igemm_kernel_8x4_zvl256b_lmul1_unroll2_i8i32",8x4,256b,1,2,INT8_RVV,0-7,1,1,1024,1024,1024,32,1,OK,0,NONE,3.448138628,GOPS,0.622795,parallel_tiles_including_required_packing,INDEPENDENT_INT64_REFERENCE_EXACT_INT32,0,0,"0:cpu0:tiles32","NA",static,0,"NA","NA","/home/bananapi/MAT/kernels riscv rvv 1.0/FINAL/riscv-gemm-optimization/microkernels/HETEROGENEOUS_RVV_IME_OPENMP_GEMM/results/openmp_results_k1-rvv_1024_20261003_064051/raw_logs/GEMM_RVV_FP32_INT8_8x4_Baseline_RVV_IGEMM_INT8_I8I32_8x4_igemm_kernel_8x4_zvl256b_lmul1_unroll2_i8i32_run1.log",180861440333,7462955793,0.04126338803,NA,NA,NA,"/home/bananapi/MAT/kernels riscv rvv 1.0/FINAL/riscv-gemm-optimization/microkernels/HETEROGENEOUS_RVV_IME_OPENMP_GEMM/results/openmp_results_k1-rvv_1024_20261003_064051/raw_logs/GEMM_RVV_FP32_INT8_8x4_Baseline_RVV_IGEMM_INT8_I8I32_8x4_igemm_kernel_8x4_zvl256b_lmul1_unroll2_i8i32_run1_perf.csv",0.126340605,3.321558170,0.000000000,"aggregate_worker_time;TOTAL_TIME_SEC=wall_clock","NOT_PRESENT_IN_CURRENT_DRIVER"
k1_strong_scaling,RVV,cores,1,2026-10-03T06:43:01,k1-rvv,"GEMM_RVV_FP32_INT8_8x4_Baseline","RVV_IGEMM_INT8_I8I32_8x4","igemm_kernel_8x4_zvl256b_lmul1_unroll2_i8i32",8x4,256b,1,2,INT8_RVV,0-7,1,1,1024,1024,1024,32,2,OK,0,NONE,3.450212877,GOPS,0.622421,parallel_tiles_including_required_packing,DISABLED,0,0,"0:cpu0:tiles32","NA",static,0,"NA","NA","/home/bananapi/MAT/kernels riscv rvv 1.0/FINAL/riscv-gemm-optimization/microkernels/HETEROGENEOUS_RVV_IME_OPENMP_GEMM/results/openmp_results_k1-rvv_1024_20261003_064051/raw_logs/GEMM_RVV_FP32_INT8_8x4_Baseline_RVV_IGEMM_INT8_I8I32_8x4_igemm_kernel_8x4_zvl256b_lmul1_unroll2_i8i32_run2.log",11140552503,3348823456,0.30059761,NA,NA,NA,"/home/bananapi/MAT/kernels riscv rvv 1.0/FINAL/riscv-gemm-optimization/microkernels/HETEROGENEOUS_RVV_IME_OPENMP_GEMM/results/openmp_results_k1-rvv_1024_20261003_064051/raw_logs/GEMM_RVV_FP32_INT8_8x4_Baseline_RVV_IGEMM_INT8_I8I32_8x4_igemm_kernel_8x4_zvl256b_lmul1_unroll2_i8i32_run2_perf.csv",0.122619223,3.327349965,0.000000000,"aggregate_worker_time;TOTAL_TIME_SEC=wall_clock","NOT_PRESENT_IN_CURRENT_DRIVER"
k1_strong_scaling,RVV,cores,1,2026-10-03T06:43:08,k1-rvv,"GEMM_RVV_FP32_INT8_8x4_Baseline","RVV_IGEMM_INT8_I8I32_8x4","igemm_kernel_8x4_zvl256b_lmul1_unroll2_i8i32",8x4,256b,1,2,INT8_RVV,0-7,1,1,1024,1024,1024,32,3,OK,0,NONE,3.438248754,GOPS,0.624586,parallel_tiles_including_required_packing,DISABLED,0,0,"0:cpu0:tiles32","NA",static,0,"NA","NA","/home/bananapi/MAT/kernels riscv rvv 1.0/FINAL/riscv-gemm-optimization/microkernels/HETEROGENEOUS_RVV_IME_OPENMP_GEMM/results/openmp_results_k1-rvv_1024_20261003_064051/raw_logs/GEMM_RVV_FP32_INT8_8x4_Baseline_RVV_IGEMM_INT8_I8I32_8x4_igemm_kernel_8x4_zvl256b_lmul1_unroll2_i8i32_run3.log",11105397920,3345014909,0.3012062182,NA,NA,NA,"/home/bananapi/MAT/kernels riscv rvv 1.0/FINAL/riscv-gemm-optimization/microkernels/HETEROGENEOUS_RVV_IME_OPENMP_GEMM/results/openmp_results_k1-rvv_1024_20261003_064051/raw_logs/GEMM_RVV_FP32_INT8_8x4_Baseline_RVV_IGEMM_INT8_I8I32_8x4_igemm_kernel_8x4_zvl256b_lmul1_unroll2_i8i32_run3_perf.csv",0.117712654,3.320319913,0.000000000,"aggregate_worker_time;TOTAL_TIME_SEC=wall_clock","NOT_PRESENT_IN_CURRENT_DRIVER"
k1_strong_scaling,RVV,cores,1,2026-10-03T06:43:15,k1-rvv,"GEMM_RVV_FP32_INT8_8x4_Baseline","RVV_IGEMM_INT8_I8I32_8x4","igemm_kernel_8x4_zvl256b_lmul1_unroll2_i8i32",8x4,256b,1,2,INT8_RVV,0-7,1,1,1024,1024,1024,32,4,OK,0,NONE,3.449265834,GOPS,0.622592,parallel_tiles_including_required_packing,DISABLED,0,0,"0:cpu0:tiles32","NA",static,0,"NA","NA","/home/bananapi/MAT/kernels riscv rvv 1.0/FINAL/riscv-gemm-optimization/microkernels/HETEROGENEOUS_RVV_IME_OPENMP_GEMM/results/openmp_results_k1-rvv_1024_20261003_064051/raw_logs/GEMM_RVV_FP32_INT8_8x4_Baseline_RVV_IGEMM_INT8_I8I32_8x4_igemm_kernel_8x4_zvl256b_lmul1_unroll2_i8i32_run4.log",11133199178,3342556788,0.3002332694,NA,NA,NA,"/home/bananapi/MAT/kernels riscv rvv 1.0/FINAL/riscv-gemm-optimization/microkernels/HETEROGENEOUS_RVV_IME_OPENMP_GEMM/results/openmp_results_k1-rvv_1024_20261003_064051/raw_logs/GEMM_RVV_FP32_INT8_8x4_Baseline_RVV_IGEMM_INT8_I8I32_8x4_igemm_kernel_8x4_zvl256b_lmul1_unroll2_i8i32_run4_perf.csv",0.123738464,3.325297792,0.000000000,"aggregate_worker_time;TOTAL_TIME_SEC=wall_clock","NOT_PRESENT_IN_CURRENT_DRIVER"
k1_strong_scaling,RVV,cores,1,2026-10-03T06:43:23,k1-rvv,"GEMM_RVV_FP32_INT8_8x4_Baseline","RVV_IGEMM_INT8_I8I32_8x4","igemm_kernel_8x4_zvl256b_lmul1_unroll2_i8i32",8x4,256b,1,2,INT8_RVV,0-7,1,1,1024,1024,1024,32,5,OK,0,NONE,3.454611335,GOPS,0.621628,parallel_tiles_including_required_packing,DISABLED,0,0,"0:cpu0:tiles32","NA",static,0,"NA","NA","/home/bananapi/MAT/kernels riscv rvv 1.0/FINAL/riscv-gemm-optimization/microkernels/HETEROGENEOUS_RVV_IME_OPENMP_GEMM/results/openmp_results_k1-rvv_1024_20261003_064051/raw_logs/GEMM_RVV_FP32_INT8_8x4_Baseline_RVV_IGEMM_INT8_I8I32_8x4_igemm_kernel_8x4_zvl256b_lmul1_unroll2_i8i32_run5.log",11156913662,3350503038,0.3003073376,NA,NA,NA,"/home/bananapi/MAT/kernels riscv rvv 1.0/FINAL/riscv-gemm-optimization/microkernels/HETEROGENEOUS_RVV_IME_OPENMP_GEMM/results/openmp_results_k1-rvv_1024_20261003_064051/raw_logs/GEMM_RVV_FP32_INT8_8x4_Baseline_RVV_IGEMM_INT8_I8I32_8x4_igemm_kernel_8x4_zvl256b_lmul1_unroll2_i8i32_run5_perf.csv",0.124891605,3.329494778,0.000000000,"aggregate_worker_time;TOTAL_TIME_SEC=wall_clock","NOT_PRESENT_IN_CURRENT_DRIVER"
k1_strong_scaling,RVV,cores,1,2026-10-03T06:43:30,k1-rvv,"GEMM_RVV_FP32_INT8_8x4_Baseline","RVV_IGEMM_INT8_I8I32_8x4","igemm_kernel_8x4_zvl256b_lmul1_unroll2_i8i32",8x4,256b,1,2,INT8_RVV,0-7,1,1,1024,1024,1024,32,6,OK,0,NONE,3.456217792,GOPS,0.621339,parallel_tiles_including_required_packing,DISABLED,0,0,"0:cpu0:tiles32","NA",static,0,"NA","NA","/home/bananapi/MAT/kernels riscv rvv 1.0/FINAL/riscv-gemm-optimization/microkernels/HETEROGENEOUS_RVV_IME_OPENMP_GEMM/results/openmp_results_k1-rvv_1024_20261003_064051/raw_logs/GEMM_RVV_FP32_INT8_8x4_Baseline_RVV_IGEMM_INT8_I8I32_8x4_igemm_kernel_8x4_zvl256b_lmul1_unroll2_i8i32_run6.log",11162632851,3344929547,0.2996541758,NA,NA,NA,"/home/bananapi/MAT/kernels riscv rvv 1.0/FINAL/riscv-gemm-optimization/microkernels/HETEROGENEOUS_RVV_IME_OPENMP_GEMM/results/openmp_results_k1-rvv_1024_20261003_064051/raw_logs/GEMM_RVV_FP32_INT8_8x4_Baseline_RVV_IGEMM_INT8_I8I32_8x4_igemm_kernel_8x4_zvl256b_lmul1_unroll2_i8i32_run6_perf.csv",0.128628630,3.327350743,0.000000000,"aggregate_worker_time;TOTAL_TIME_SEC=wall_clock","NOT_PRESENT_IN_CURRENT_DRIVER"
k1_strong_scaling,RVV,cores,1,2026-10-03T06:43:38,k1-rvv,"GEMM_RVV_FP32_INT8_8x4_Baseline","RVV_IGEMM_INT8_I8I32_8x4","igemm_kernel_8x4_zvl256b_lmul1_unroll2_i8i32",8x4,256b,1,2,INT8_RVV,0-7,1,1,1024,1024,1024,32,7,OK,0,NONE,3.445411082,GOPS,0.623288,parallel_tiles_including_required_packing,DISABLED,0,0,"0:cpu0:tiles32","NA",static,0,"NA","NA","/home/bananapi/MAT/kernels riscv rvv 1.0/FINAL/riscv-gemm-optimization/microkernels/HETEROGENEOUS_RVV_IME_OPENMP_GEMM/results/openmp_results_k1-rvv_1024_20261003_064051/raw_logs/GEMM_RVV_FP32_INT8_8x4_Baseline_RVV_IGEMM_INT8_I8I32_8x4_igemm_kernel_8x4_zvl256b_lmul1_unroll2_i8i32_run7.log",11122458891,3348336738,0.3010428513,NA,NA,NA,"/home/bananapi/MAT/kernels riscv rvv 1.0/FINAL/riscv-gemm-optimization/microkernels/HETEROGENEOUS_RVV_IME_OPENMP_GEMM/results/openmp_results_k1-rvv_1024_20261003_064051/raw_logs/GEMM_RVV_FP32_INT8_8x4_Baseline_RVV_IGEMM_INT8_I8I32_8x4_igemm_kernel_8x4_zvl256b_lmul1_unroll2_i8i32_run7_perf.csv",0.118394826,3.326781221,0.000000000,"aggregate_worker_time;TOTAL_TIME_SEC=wall_clock","NOT_PRESENT_IN_CURRENT_DRIVER"
k1_strong_scaling,RVV,cores,2,2026-10-03T06:45:03,k1-rvv,"GEMM_RVV_FP32_INT8_8x4_Baseline","RVV_IGEMM_INT8_I8I32_8x4","igemm_kernel_8x4_zvl256b_lmul1_unroll2_i8i32",8x4,256b,1,2,INT8_RVV,0-7,2,2,1024,1024,1024,32,1,OK,0,NONE,1.745087296,GOPS,1.230588,parallel_tiles_including_required_packing,INDEPENDENT_INT64_REFERENCE_EXACT_INT32,0,0,"0:cpu0:tiles16;1:cpu1:tiles16","NA",static,0,"NA","NA","/home/bananapi/MAT/kernels riscv rvv 1.0/FINAL/riscv-gemm-optimization/microkernels/HETEROGENEOUS_RVV_IME_OPENMP_GEMM/results/openmp_results_k1-rvv_1024_20261003_064346/raw_logs/GEMM_RVV_FP32_INT8_8x4_Baseline_RVV_IGEMM_INT8_I8I32_8x4_igemm_kernel_8x4_zvl256b_lmul1_unroll2_i8i32_run1.log",208601645665,7494951791,0.03592949503,NA,NA,NA,"/home/bananapi/MAT/kernels riscv rvv 1.0/FINAL/riscv-gemm-optimization/microkernels/HETEROGENEOUS_RVV_IME_OPENMP_GEMM/results/openmp_results_k1-rvv_1024_20261003_064346/raw_logs/GEMM_RVV_FP32_INT8_8x4_Baseline_RVV_IGEMM_INT8_I8I32_8x4_igemm_kernel_8x4_zvl256b_lmul1_unroll2_i8i32_run1_perf.csv",0.144849174,3.334407080,0.000000000,"aggregate_worker_time;TOTAL_TIME_SEC=wall_clock","NOT_PRESENT_IN_CURRENT_DRIVER"
k1_strong_scaling,RVV,cores,2,2026-10-03T06:45:07,k1-rvv,"GEMM_RVV_FP32_INT8_8x4_Baseline","RVV_IGEMM_INT8_I8I32_8x4","igemm_kernel_8x4_zvl256b_lmul1_unroll2_i8i32",8x4,256b,1,2,INT8_RVV,0-7,2,2,1024,1024,1024,32,2,OK,0,NONE,1.746931124,GOPS,1.229289,parallel_tiles_including_required_packing,DISABLED,0,0,"0:cpu0:tiles16;1:cpu1:tiles16","NA",static,0,"NA","NA","/home/bananapi/MAT/kernels riscv rvv 1.0/FINAL/riscv-gemm-optimization/microkernels/HETEROGENEOUS_RVV_IME_OPENMP_GEMM/results/openmp_results_k1-rvv_1024_20261003_064346/raw_logs/GEMM_RVV_FP32_INT8_8x4_Baseline_RVV_IGEMM_INT8_I8I32_8x4_igemm_kernel_8x4_zvl256b_lmul1_unroll2_i8i32_run2.log",11256413411,3350812973,0.2976803401,NA,NA,NA,"/home/bananapi/MAT/kernels riscv rvv 1.0/FINAL/riscv-gemm-optimization/microkernels/HETEROGENEOUS_RVV_IME_OPENMP_GEMM/results/openmp_results_k1-rvv_1024_20261003_064346/raw_logs/GEMM_RVV_FP32_INT8_8x4_Baseline_RVV_IGEMM_INT8_I8I32_8x4_igemm_kernel_8x4_zvl256b_lmul1_unroll2_i8i32_run2_perf.csv",0.141696744,3.340666160,0.000000000,"aggregate_worker_time;TOTAL_TIME_SEC=wall_clock","NOT_PRESENT_IN_CURRENT_DRIVER"
k1_strong_scaling,RVV,cores,2,2026-10-03T06:45:11,k1-rvv,"GEMM_RVV_FP32_INT8_8x4_Baseline","RVV_IGEMM_INT8_I8I32_8x4","igemm_kernel_8x4_zvl256b_lmul1_unroll2_i8i32",8x4,256b,1,2,INT8_RVV,0-7,2,2,1024,1024,1024,32,3,OK,0,NONE,1.740364041,GOPS,1.233928,parallel_tiles_including_required_packing,DISABLED,0,0,"0:cpu0:tiles16;1:cpu1:tiles16","NA",static,0,"NA","NA","/home/bananapi/MAT/kernels riscv rvv 1.0/FINAL/riscv-gemm-optimization/microkernels/HETEROGENEOUS_RVV_IME_OPENMP_GEMM/results/openmp_results_k1-rvv_1024_20261003_064346/raw_logs/GEMM_RVV_FP32_INT8_8x4_Baseline_RVV_IGEMM_INT8_I8I32_8x4_igemm_kernel_8x4_zvl256b_lmul1_unroll2_i8i32_run3.log",11226322047,3352161009,0.2985983294,NA,NA,NA,"/home/bananapi/MAT/kernels riscv rvv 1.0/FINAL/riscv-gemm-optimization/microkernels/HETEROGENEOUS_RVV_IME_OPENMP_GEMM/results/openmp_results_k1-rvv_1024_20261003_064346/raw_logs/GEMM_RVV_FP32_INT8_8x4_Baseline_RVV_IGEMM_INT8_I8I32_8x4_igemm_kernel_8x4_zvl256b_lmul1_unroll2_i8i32_run3_perf.csv",0.134850744,3.333934080,0.000000000,"aggregate_worker_time;TOTAL_TIME_SEC=wall_clock","NOT_PRESENT_IN_CURRENT_DRIVER"
k1_strong_scaling,RVV,cores,2,2026-10-03T06:45:15,k1-rvv,"GEMM_RVV_FP32_INT8_8x4_Baseline","RVV_IGEMM_INT8_I8I32_8x4","igemm_kernel_8x4_zvl256b_lmul1_unroll2_i8i32",8x4,256b,1,2,INT8_RVV,0-7,2,2,1024,1024,1024,32,4,OK,0,NONE,1.739904918,GOPS,1.234253,parallel_tiles_including_required_packing,DISABLED,0,0,"0:cpu0:tiles16;1:cpu1:tiles16","NA",static,0,"NA","NA","/home/bananapi/MAT/kernels riscv rvv 1.0/FINAL/riscv-gemm-optimization/microkernels/HETEROGENEOUS_RVV_IME_OPENMP_GEMM/results/openmp_results_k1-rvv_1024_20261003_064346/raw_logs/GEMM_RVV_FP32_INT8_8x4_Baseline_RVV_IGEMM_INT8_I8I32_8x4_igemm_kernel_8x4_zvl256b_lmul1_unroll2_i8i32_run4.log",11227657842,3344617715,0.2978909548,NA,NA,NA,"/home/bananapi/MAT/kernels riscv rvv 1.0/FINAL/riscv-gemm-optimization/microkernels/HETEROGENEOUS_RVV_IME_OPENMP_GEMM/results/openmp_results_k1-rvv_1024_20261003_064346/raw_logs/GEMM_RVV_FP32_INT8_8x4_Baseline_RVV_IGEMM_INT8_I8I32_8x4_igemm_kernel_8x4_zvl256b_lmul1_unroll2_i8i32_run4_perf.csv",0.129492886,3.339806627,0.000000000,"aggregate_worker_time;TOTAL_TIME_SEC=wall_clock","NOT_PRESENT_IN_CURRENT_DRIVER"
k1_strong_scaling,RVV,cores,2,2026-10-03T06:45:19,k1-rvv,"GEMM_RVV_FP32_INT8_8x4_Baseline","RVV_IGEMM_INT8_I8I32_8x4","igemm_kernel_8x4_zvl256b_lmul1_unroll2_i8i32",8x4,256b,1,2,INT8_RVV,0-7,2,2,1024,1024,1024,32,5,OK,0,NONE,1.738005251,GOPS,1.235603,parallel_tiles_including_required_packing,DISABLED,0,0,"0:cpu0:tiles16;1:cpu1:tiles16","NA",static,0,"NA","NA","/home/bananapi/MAT/kernels riscv rvv 1.0/FINAL/riscv-gemm-optimization/microkernels/HETEROGENEOUS_RVV_IME_OPENMP_GEMM/results/openmp_results_k1-rvv_1024_20261003_064346/raw_logs/GEMM_RVV_FP32_INT8_8x4_Baseline_RVV_IGEMM_INT8_I8I32_8x4_igemm_kernel_8x4_zvl256b_lmul1_unroll2_i8i32_run5.log",11209361122,3350249037,0.2988795704,NA,NA,NA,"/home/bananapi/MAT/kernels riscv rvv 1.0/FINAL/riscv-gemm-optimization/microkernels/HETEROGENEOUS_RVV_IME_OPENMP_GEMM/results/openmp_results_k1-rvv_1024_20261003_064346/raw_logs/GEMM_RVV_FP32_INT8_8x4_Baseline_RVV_IGEMM_INT8_I8I32_8x4_igemm_kernel_8x4_zvl256b_lmul1_unroll2_i8i32_run5_perf.csv",0.130652580,3.335695121,0.000000000,"aggregate_worker_time;TOTAL_TIME_SEC=wall_clock","NOT_PRESENT_IN_CURRENT_DRIVER"
k1_strong_scaling,RVV,cores,2,2026-10-03T06:45:23,k1-rvv,"GEMM_RVV_FP32_INT8_8x4_Baseline","RVV_IGEMM_INT8_I8I32_8x4","igemm_kernel_8x4_zvl256b_lmul1_unroll2_i8i32",8x4,256b,1,2,INT8_RVV,0-7,2,2,1024,1024,1024,32,6,OK,0,NONE,1.739340417,GOPS,1.234654,parallel_tiles_including_required_packing,DISABLED,0,0,"0:cpu0:tiles16;1:cpu1:tiles16","NA",static,0,"NA","NA","/home/bananapi/MAT/kernels riscv rvv 1.0/FINAL/riscv-gemm-optimization/microkernels/HETEROGENEOUS_RVV_IME_OPENMP_GEMM/results/openmp_results_k1-rvv_1024_20261003_064346/raw_logs/GEMM_RVV_FP32_INT8_8x4_Baseline_RVV_IGEMM_INT8_I8I32_8x4_igemm_kernel_8x4_zvl256b_lmul1_unroll2_i8i32_run6.log",11216091165,3347549097,0.2984595121,NA,NA,NA,"/home/bananapi/MAT/kernels riscv rvv 1.0/FINAL/riscv-gemm-optimization/microkernels/HETEROGENEOUS_RVV_IME_OPENMP_GEMM/results/openmp_results_k1-rvv_1024_20261003_064346/raw_logs/GEMM_RVV_FP32_INT8_8x4_Baseline_RVV_IGEMM_INT8_I8I32_8x4_igemm_kernel_8x4_zvl256b_lmul1_unroll2_i8i32_run6_perf.csv",0.133376002,3.335709624,0.000000000,"aggregate_worker_time;TOTAL_TIME_SEC=wall_clock","NOT_PRESENT_IN_CURRENT_DRIVER"
k1_strong_scaling,RVV,cores,2,2026-10-03T06:45:27,k1-rvv,"GEMM_RVV_FP32_INT8_8x4_Baseline","RVV_IGEMM_INT8_I8I32_8x4","igemm_kernel_8x4_zvl256b_lmul1_unroll2_i8i32",8x4,256b,1,2,INT8_RVV,0-7,2,2,1024,1024,1024,32,7,OK,0,NONE,1.744200960,GOPS,1.231213,parallel_tiles_including_required_packing,DISABLED,0,0,"0:cpu0:tiles16;1:cpu1:tiles16","NA",static,0,"NA","NA","/home/bananapi/MAT/kernels riscv rvv 1.0/FINAL/riscv-gemm-optimization/microkernels/HETEROGENEOUS_RVV_IME_OPENMP_GEMM/results/openmp_results_k1-rvv_1024_20261003_064346/raw_logs/GEMM_RVV_FP32_INT8_8x4_Baseline_RVV_IGEMM_INT8_I8I32_8x4_igemm_kernel_8x4_zvl256b_lmul1_unroll2_i8i32_run7.log",11253425679,3353792527,0.2980241415,NA,NA,NA,"/home/bananapi/MAT/kernels riscv rvv 1.0/FINAL/riscv-gemm-optimization/microkernels/HETEROGENEOUS_RVV_IME_OPENMP_GEMM/results/openmp_results_k1-rvv_1024_20261003_064346/raw_logs/GEMM_RVV_FP32_INT8_8x4_Baseline_RVV_IGEMM_INT8_I8I32_8x4_igemm_kernel_8x4_zvl256b_lmul1_unroll2_i8i32_run7_perf.csv",0.140676979,3.338903423,0.000000000,"aggregate_worker_time;TOTAL_TIME_SEC=wall_clock","NOT_PRESENT_IN_CURRENT_DRIVER"
k1_strong_scaling,RVV,cores,4,2026-10-03T06:46:30,k1-rvv,"GEMM_RVV_FP32_INT8_8x4_Baseline","RVV_IGEMM_INT8_I8I32_8x4","igemm_kernel_8x4_zvl256b_lmul1_unroll2_i8i32",8x4,256b,1,2,INT8_RVV,0-7,4,4,1024,1024,1024,32,1,OK,0,NONE,0.902414333,GOPS,2.379709,parallel_tiles_including_required_packing,INDEPENDENT_INT64_REFERENCE_EXACT_INT32,0,0,"0:cpu0:tiles8;1:cpu1:tiles8;2:cpu2:tiles8;3:cpu3:tiles8","NA",static,0,"NA","NA","/home/bananapi/MAT/kernels riscv rvv 1.0/FINAL/riscv-gemm-optimization/microkernels/HETEROGENEOUS_RVV_IME_OPENMP_GEMM/results/openmp_results_k1-rvv_1024_20261003_064536/raw_logs/GEMM_RVV_FP32_INT8_8x4_Baseline_RVV_IGEMM_INT8_I8I32_8x4_igemm_kernel_8x4_zvl256b_lmul1_unroll2_i8i32_run1.log",276985727382,7443424973,0.02687295495,NA,NA,NA,"/home/bananapi/MAT/kernels riscv rvv 1.0/FINAL/riscv-gemm-optimization/microkernels/HETEROGENEOUS_RVV_IME_OPENMP_GEMM/results/openmp_results_k1-rvv_1024_20261003_064536/raw_logs/GEMM_RVV_FP32_INT8_8x4_Baseline_RVV_IGEMM_INT8_I8I32_8x4_igemm_kernel_8x4_zvl256b_lmul1_unroll2_i8i32_run1_perf.csv",0.252426133,3.337308310,0.000000000,"aggregate_worker_time;TOTAL_TIME_SEC=wall_clock","NOT_PRESENT_IN_CURRENT_DRIVER"
k1_strong_scaling,RVV,cores,4,2026-10-03T06:46:32,k1-rvv,"GEMM_RVV_FP32_INT8_8x4_Baseline","RVV_IGEMM_INT8_I8I32_8x4","igemm_kernel_8x4_zvl256b_lmul1_unroll2_i8i32",8x4,256b,1,2,INT8_RVV,0-7,4,4,1024,1024,1024,32,2,OK,0,NONE,0.904276583,GOPS,2.374808,parallel_tiles_including_required_packing,DISABLED,0,0,"0:cpu0:tiles8;1:cpu1:tiles8;2:cpu2:tiles8;3:cpu3:tiles8","NA",static,0,"NA","NA","/home/bananapi/MAT/kernels riscv rvv 1.0/FINAL/riscv-gemm-optimization/microkernels/HETEROGENEOUS_RVV_IME_OPENMP_GEMM/results/openmp_results_k1-rvv_1024_20261003_064536/raw_logs/GEMM_RVV_FP32_INT8_8x4_Baseline_RVV_IGEMM_INT8_I8I32_8x4_igemm_kernel_8x4_zvl256b_lmul1_unroll2_i8i32_run2.log",11574118105,3359766677,0.2902827366,NA,NA,NA,"/home/bananapi/MAT/kernels riscv rvv 1.0/FINAL/riscv-gemm-optimization/microkernels/HETEROGENEOUS_RVV_IME_OPENMP_GEMM/results/openmp_results_k1-rvv_1024_20261003_064536/raw_logs/GEMM_RVV_FP32_INT8_8x4_Baseline_RVV_IGEMM_INT8_I8I32_8x4_igemm_kernel_8x4_zvl256b_lmul1_unroll2_i8i32_run2_perf.csv",0.255649824,3.343210049,0.000000000,"aggregate_worker_time;TOTAL_TIME_SEC=wall_clock","NOT_PRESENT_IN_CURRENT_DRIVER"
k1_strong_scaling,RVV,cores,4,2026-10-03T06:46:34,k1-rvv,"GEMM_RVV_FP32_INT8_8x4_Baseline","RVV_IGEMM_INT8_I8I32_8x4","igemm_kernel_8x4_zvl256b_lmul1_unroll2_i8i32",8x4,256b,1,2,INT8_RVV,0-7,4,4,1024,1024,1024,32,3,OK,0,NONE,0.903765168,GOPS,2.376152,parallel_tiles_including_required_packing,DISABLED,0,0,"0:cpu0:tiles8;1:cpu1:tiles8;2:cpu2:tiles8;3:cpu3:tiles8","NA",static,0,"NA","NA","/home/bananapi/MAT/kernels riscv rvv 1.0/FINAL/riscv-gemm-optimization/microkernels/HETEROGENEOUS_RVV_IME_OPENMP_GEMM/results/openmp_results_k1-rvv_1024_20261003_064536/raw_logs/GEMM_RVV_FP32_INT8_8x4_Baseline_RVV_IGEMM_INT8_I8I32_8x4_igemm_kernel_8x4_zvl256b_lmul1_unroll2_i8i32_run3.log",11597242983,3343327935,0.2882864436,NA,NA,NA,"/home/bananapi/MAT/kernels riscv rvv 1.0/FINAL/riscv-gemm-optimization/microkernels/HETEROGENEOUS_RVV_IME_OPENMP_GEMM/results/openmp_results_k1-rvv_1024_20261003_064536/raw_logs/GEMM_RVV_FP32_INT8_8x4_Baseline_RVV_IGEMM_INT8_I8I32_8x4_igemm_kernel_8x4_zvl256b_lmul1_unroll2_i8i32_run3_perf.csv",0.241325699,3.343839556,0.000000000,"aggregate_worker_time;TOTAL_TIME_SEC=wall_clock","NOT_PRESENT_IN_CURRENT_DRIVER"
k1_strong_scaling,RVV,cores,4,2026-10-03T06:46:37,k1-rvv,"GEMM_RVV_FP32_INT8_8x4_Baseline","RVV_IGEMM_INT8_I8I32_8x4","igemm_kernel_8x4_zvl256b_lmul1_unroll2_i8i32",8x4,256b,1,2,INT8_RVV,0-7,4,4,1024,1024,1024,32,4,OK,0,NONE,0.915988456,GOPS,2.344444,parallel_tiles_including_required_packing,DISABLED,0,0,"0:cpu0:tiles8;1:cpu1:tiles8;2:cpu2:tiles8;3:cpu3:tiles8","NA",static,0,"NA","NA","/home/bananapi/MAT/kernels riscv rvv 1.0/FINAL/riscv-gemm-optimization/microkernels/HETEROGENEOUS_RVV_IME_OPENMP_GEMM/results/openmp_results_k1-rvv_1024_20261003_064536/raw_logs/GEMM_RVV_FP32_INT8_8x4_Baseline_RVV_IGEMM_INT8_I8I32_8x4_igemm_kernel_8x4_zvl256b_lmul1_unroll2_i8i32_run4.log",11595651966,3376856571,0.2912174823,NA,NA,NA,"/home/bananapi/MAT/kernels riscv rvv 1.0/FINAL/riscv-gemm-optimization/microkernels/HETEROGENEOUS_RVV_IME_OPENMP_GEMM/results/openmp_results_k1-rvv_1024_20261003_064536/raw_logs/GEMM_RVV_FP32_INT8_8x4_Baseline_RVV_IGEMM_INT8_I8I32_8x4_igemm_kernel_8x4_zvl256b_lmul1_unroll2_i8i32_run4_perf.csv",0.221318793,3.379630826,0.000000000,"aggregate_worker_time;TOTAL_TIME_SEC=wall_clock","NOT_PRESENT_IN_CURRENT_DRIVER"
k1_strong_scaling,RVV,cores,4,2026-10-03T06:46:39,k1-rvv,"GEMM_RVV_FP32_INT8_8x4_Baseline","RVV_IGEMM_INT8_I8I32_8x4","igemm_kernel_8x4_zvl256b_lmul1_unroll2_i8i32",8x4,256b,1,2,INT8_RVV,0-7,4,4,1024,1024,1024,32,5,OK,0,NONE,0.910536084,GOPS,2.358483,parallel_tiles_including_required_packing,DISABLED,0,0,"0:cpu0:tiles8;1:cpu1:tiles8;2:cpu2:tiles8;3:cpu3:tiles8","NA",static,0,"NA","NA","/home/bananapi/MAT/kernels riscv rvv 1.0/FINAL/riscv-gemm-optimization/microkernels/HETEROGENEOUS_RVV_IME_OPENMP_GEMM/results/openmp_results_k1-rvv_1024_20261003_064536/raw_logs/GEMM_RVV_FP32_INT8_8x4_Baseline_RVV_IGEMM_INT8_I8I32_8x4_igemm_kernel_8x4_zvl256b_lmul1_unroll2_i8i32_run5.log",11556432736,3316383620,0.2869729523,NA,NA,NA,"/home/bananapi/MAT/kernels riscv rvv 1.0/FINAL/riscv-gemm-optimization/microkernels/HETEROGENEOUS_RVV_IME_OPENMP_GEMM/results/openmp_results_k1-rvv_1024_20261003_064536/raw_logs/GEMM_RVV_FP32_INT8_8x4_Baseline_RVV_IGEMM_INT8_I8I32_8x4_igemm_kernel_8x4_zvl256b_lmul1_unroll2_i8i32_run5_perf.csv",0.226061121,3.373755831,0.000000000,"aggregate_worker_time;TOTAL_TIME_SEC=wall_clock","NOT_PRESENT_IN_CURRENT_DRIVER"
k1_strong_scaling,RVV,cores,4,2026-10-03T06:46:41,k1-rvv,"GEMM_RVV_FP32_INT8_8x4_Baseline","RVV_IGEMM_INT8_I8I32_8x4","igemm_kernel_8x4_zvl256b_lmul1_unroll2_i8i32",8x4,256b,1,2,INT8_RVV,0-7,4,4,1024,1024,1024,32,6,OK,0,NONE,0.911121540,GOPS,2.356967,parallel_tiles_including_required_packing,DISABLED,0,0,"0:cpu0:tiles8;1:cpu1:tiles8;2:cpu2:tiles8;3:cpu3:tiles8","NA",static,0,"NA","NA","/home/bananapi/MAT/kernels riscv rvv 1.0/FINAL/riscv-gemm-optimization/microkernels/HETEROGENEOUS_RVV_IME_OPENMP_GEMM/results/openmp_results_k1-rvv_1024_20261003_064536/raw_logs/GEMM_RVV_FP32_INT8_8x4_Baseline_RVV_IGEMM_INT8_I8I32_8x4_igemm_kernel_8x4_zvl256b_lmul1_unroll2_i8i32_run6.log",11550869956,3332611663,0.288516075,NA,NA,NA,"/home/bananapi/MAT/kernels riscv rvv 1.0/FINAL/riscv-gemm-optimization/microkernels/HETEROGENEOUS_RVV_IME_OPENMP_GEMM/results/openmp_results_k1-rvv_1024_20261003_064536/raw_logs/GEMM_RVV_FP32_INT8_8x4_Baseline_RVV_IGEMM_INT8_I8I32_8x4_igemm_kernel_8x4_zvl256b_lmul1_unroll2_i8i32_run6_perf.csv",0.217138290,3.370400921,0.000000000,"aggregate_worker_time;TOTAL_TIME_SEC=wall_clock","NOT_PRESENT_IN_CURRENT_DRIVER"
k1_strong_scaling,RVV,cores,4,2026-10-03T06:46:44,k1-rvv,"GEMM_RVV_FP32_INT8_8x4_Baseline","RVV_IGEMM_INT8_I8I32_8x4","igemm_kernel_8x4_zvl256b_lmul1_unroll2_i8i32",8x4,256b,1,2,INT8_RVV,0-7,4,4,1024,1024,1024,32,7,OK,0,NONE,0.893904872,GOPS,2.402363,parallel_tiles_including_required_packing,DISABLED,0,0,"0:cpu0:tiles8;1:cpu1:tiles8;2:cpu2:tiles8;3:cpu3:tiles8","NA",static,0,"NA","NA","/home/bananapi/MAT/kernels riscv rvv 1.0/FINAL/riscv-gemm-optimization/microkernels/HETEROGENEOUS_RVV_IME_OPENMP_GEMM/results/openmp_results_k1-rvv_1024_20261003_064536/raw_logs/GEMM_RVV_FP32_INT8_8x4_Baseline_RVV_IGEMM_INT8_I8I32_8x4_igemm_kernel_8x4_zvl256b_lmul1_unroll2_i8i32_run7.log",11502345840,3391268735,0.2948327917,NA,NA,NA,"/home/bananapi/MAT/kernels riscv rvv 1.0/FINAL/riscv-gemm-optimization/microkernels/HETEROGENEOUS_RVV_IME_OPENMP_GEMM/results/openmp_results_k1-rvv_1024_20261003_064536/raw_logs/GEMM_RVV_FP32_INT8_8x4_Baseline_RVV_IGEMM_INT8_I8I32_8x4_igemm_kernel_8x4_zvl256b_lmul1_unroll2_i8i32_run7_perf.csv",0.194563325,3.353814039,0.000000000,"aggregate_worker_time;TOTAL_TIME_SEC=wall_clock","NOT_PRESENT_IN_CURRENT_DRIVER"
k1_strong_scaling,RVV,cores,8,2026-10-03T06:47:28,k1-rvv,"GEMM_RVV_FP32_INT8_8x4_Baseline","RVV_IGEMM_INT8_I8I32_8x4","igemm_kernel_8x4_zvl256b_lmul1_unroll2_i8i32",8x4,256b,1,2,INT8_RVV,0-7,8,8,1024,1024,1024,32,1,OK,0,NONE,0.470308624,GOPS,4.566116,parallel_tiles_including_required_packing,INDEPENDENT_INT64_REFERENCE_EXACT_INT32,0,0,"0:cpu0:tiles4;1:cpu1:tiles4;2:cpu2:tiles4;3:cpu3:tiles4;4:cpu4:tiles4;5:cpu5:tiles4;6:cpu6:tiles4;7:cpu7:tiles4","NA",static,0,"NA","NA","/home/bananapi/MAT/kernels riscv rvv 1.0/FINAL/riscv-gemm-optimization/microkernels/HETEROGENEOUS_RVV_IME_OPENMP_GEMM/results/openmp_results_k1-rvv_1024_20261003_064652/raw_logs/GEMM_RVV_FP32_INT8_8x4_Baseline_RVV_IGEMM_INT8_I8I32_8x4_igemm_kernel_8x4_zvl256b_lmul1_unroll2_i8i32_run1.log",314159035161,7638057434,0.02431270974,NA,NA,NA,"/home/bananapi/MAT/kernels riscv rvv 1.0/FINAL/riscv-gemm-optimization/microkernels/HETEROGENEOUS_RVV_IME_OPENMP_GEMM/results/openmp_results_k1-rvv_1024_20261003_064652/raw_logs/GEMM_RVV_FP32_INT8_8x4_Baseline_RVV_IGEMM_INT8_I8I32_8x4_igemm_kernel_8x4_zvl256b_lmul1_unroll2_i8i32_run1_perf.csv",0.312501799,3.385351412,0.000000000,"aggregate_worker_time;TOTAL_TIME_SEC=wall_clock","NOT_PRESENT_IN_CURRENT_DRIVER"
k1_strong_scaling,RVV,cores,8,2026-10-03T06:47:30,k1-rvv,"GEMM_RVV_FP32_INT8_8x4_Baseline","RVV_IGEMM_INT8_I8I32_8x4","igemm_kernel_8x4_zvl256b_lmul1_unroll2_i8i32",8x4,256b,1,2,INT8_RVV,0-7,8,8,1024,1024,1024,32,2,OK,0,NONE,0.470830791,GOPS,4.561052,parallel_tiles_including_required_packing,DISABLED,0,0,"0:cpu0:tiles4;1:cpu1:tiles4;2:cpu2:tiles4;3:cpu3:tiles4;4:cpu4:tiles4;5:cpu5:tiles4;6:cpu6:tiles4;7:cpu7:tiles4","NA",static,0,"NA","NA","/home/bananapi/MAT/kernels riscv rvv 1.0/FINAL/riscv-gemm-optimization/microkernels/HETEROGENEOUS_RVV_IME_OPENMP_GEMM/results/openmp_results_k1-rvv_1024_20261003_064652/raw_logs/GEMM_RVV_FP32_INT8_8x4_Baseline_RVV_IGEMM_INT8_I8I32_8x4_igemm_kernel_8x4_zvl256b_lmul1_unroll2_i8i32_run2.log",11957093007,3368236770,0.2816936163,NA,NA,NA,"/home/bananapi/MAT/kernels riscv rvv 1.0/FINAL/riscv-gemm-optimization/microkernels/HETEROGENEOUS_RVV_IME_OPENMP_GEMM/results/openmp_results_k1-rvv_1024_20261003_064652/raw_logs/GEMM_RVV_FP32_INT8_8x4_Baseline_RVV_IGEMM_INT8_I8I32_8x4_igemm_kernel_8x4_zvl256b_lmul1_unroll2_i8i32_run2_perf.csv",0.342506420,3.389849793,0.000000000,"aggregate_worker_time;TOTAL_TIME_SEC=wall_clock","NOT_PRESENT_IN_CURRENT_DRIVER"
k1_strong_scaling,RVV,cores,8,2026-10-03T06:47:31,k1-rvv,"GEMM_RVV_FP32_INT8_8x4_Baseline","RVV_IGEMM_INT8_I8I32_8x4","igemm_kernel_8x4_zvl256b_lmul1_unroll2_i8i32",8x4,256b,1,2,INT8_RVV,0-7,8,8,1024,1024,1024,32,3,OK,0,NONE,0.469070625,GOPS,4.578167,parallel_tiles_including_required_packing,DISABLED,0,0,"0:cpu0:tiles4;1:cpu1:tiles4;2:cpu2:tiles4;3:cpu3:tiles4;4:cpu4:tiles4;5:cpu5:tiles4;6:cpu6:tiles4;7:cpu7:tiles4","NA",static,0,"NA","NA","/home/bananapi/MAT/kernels riscv rvv 1.0/FINAL/riscv-gemm-optimization/microkernels/HETEROGENEOUS_RVV_IME_OPENMP_GEMM/results/openmp_results_k1-rvv_1024_20261003_064652/raw_logs/GEMM_RVV_FP32_INT8_8x4_Baseline_RVV_IGEMM_INT8_I8I32_8x4_igemm_kernel_8x4_zvl256b_lmul1_unroll2_i8i32_run3.log",11926631589,3389913951,0.284230625,NA,NA,NA,"/home/bananapi/MAT/kernels riscv rvv 1.0/FINAL/riscv-gemm-optimization/microkernels/HETEROGENEOUS_RVV_IME_OPENMP_GEMM/results/openmp_results_k1-rvv_1024_20261003_064652/raw_logs/GEMM_RVV_FP32_INT8_8x4_Baseline_RVV_IGEMM_INT8_I8I32_8x4_igemm_kernel_8x4_zvl256b_lmul1_unroll2_i8i32_run3_perf.csv",0.308551662,3.399157763,0.000000000,"aggregate_worker_time;TOTAL_TIME_SEC=wall_clock","NOT_PRESENT_IN_CURRENT_DRIVER"
k1_strong_scaling,RVV,cores,8,2026-10-03T06:47:33,k1-rvv,"GEMM_RVV_FP32_INT8_8x4_Baseline","RVV_IGEMM_INT8_I8I32_8x4","igemm_kernel_8x4_zvl256b_lmul1_unroll2_i8i32",8x4,256b,1,2,INT8_RVV,0-7,8,8,1024,1024,1024,32,4,OK,0,NONE,0.467547834,GOPS,4.593078,parallel_tiles_including_required_packing,DISABLED,0,0,"0:cpu0:tiles4;1:cpu1:tiles4;2:cpu2:tiles4;3:cpu3:tiles4;4:cpu4:tiles4;5:cpu5:tiles4;6:cpu6:tiles4;7:cpu7:tiles4","NA",static,0,"NA","NA","/home/bananapi/MAT/kernels riscv rvv 1.0/FINAL/riscv-gemm-optimization/microkernels/HETEROGENEOUS_RVV_IME_OPENMP_GEMM/results/openmp_results_k1-rvv_1024_20261003_064652/raw_logs/GEMM_RVV_FP32_INT8_8x4_Baseline_RVV_IGEMM_INT8_I8I32_8x4_igemm_kernel_8x4_zvl256b_lmul1_unroll2_i8i32_run4.log",11914866447,3412395179,0.2863981056,NA,NA,NA,"/home/bananapi/MAT/kernels riscv rvv 1.0/FINAL/riscv-gemm-optimization/microkernels/HETEROGENEOUS_RVV_IME_OPENMP_GEMM/results/openmp_results_k1-rvv_1024_20261003_064652/raw_logs/GEMM_RVV_FP32_INT8_8x4_Baseline_RVV_IGEMM_INT8_I8I32_8x4_igemm_kernel_8x4_zvl256b_lmul1_unroll2_i8i32_run4_perf.csv",0.305526976,3.389468960,0.000000000,"aggregate_worker_time;TOTAL_TIME_SEC=wall_clock","NOT_PRESENT_IN_CURRENT_DRIVER"
k1_strong_scaling,RVV,cores,8,2026-10-03T06:47:34,k1-rvv,"GEMM_RVV_FP32_INT8_8x4_Baseline","RVV_IGEMM_INT8_I8I32_8x4","igemm_kernel_8x4_zvl256b_lmul1_unroll2_i8i32",8x4,256b,1,2,INT8_RVV,0-7,8,8,1024,1024,1024,32,5,OK,0,NONE,0.469838206,GOPS,4.570688,parallel_tiles_including_required_packing,DISABLED,0,0,"0:cpu0:tiles4;1:cpu1:tiles4;2:cpu2:tiles4;3:cpu3:tiles4;4:cpu4:tiles4;5:cpu5:tiles4;6:cpu6:tiles4;7:cpu7:tiles4","NA",static,0,"NA","NA","/home/bananapi/MAT/kernels riscv rvv 1.0/FINAL/riscv-gemm-optimization/microkernels/HETEROGENEOUS_RVV_IME_OPENMP_GEMM/results/openmp_results_k1-rvv_1024_20261003_064652/raw_logs/GEMM_RVV_FP32_INT8_8x4_Baseline_RVV_IGEMM_INT8_I8I32_8x4_igemm_kernel_8x4_zvl256b_lmul1_unroll2_i8i32_run5.log",11959165180,3392384346,0.2836639761,NA,NA,NA,"/home/bananapi/MAT/kernels riscv rvv 1.0/FINAL/riscv-gemm-optimization/microkernels/HETEROGENEOUS_RVV_IME_OPENMP_GEMM/results/openmp_results_k1-rvv_1024_20261003_064652/raw_logs/GEMM_RVV_FP32_INT8_8x4_Baseline_RVV_IGEMM_INT8_I8I32_8x4_igemm_kernel_8x4_zvl256b_lmul1_unroll2_i8i32_run5_perf.csv",0.322764155,3.386121500,0.000000000,"aggregate_worker_time;TOTAL_TIME_SEC=wall_clock","NOT_PRESENT_IN_CURRENT_DRIVER"
k1_strong_scaling,RVV,cores,8,2026-10-03T06:47:36,k1-rvv,"GEMM_RVV_FP32_INT8_8x4_Baseline","RVV_IGEMM_INT8_I8I32_8x4","igemm_kernel_8x4_zvl256b_lmul1_unroll2_i8i32",8x4,256b,1,2,INT8_RVV,0-7,8,8,1024,1024,1024,32,6,OK,0,NONE,0.467355169,GOPS,4.594971,parallel_tiles_including_required_packing,DISABLED,0,0,"0:cpu0:tiles4;1:cpu1:tiles4;2:cpu2:tiles4;3:cpu3:tiles4;4:cpu4:tiles4;5:cpu5:tiles4;6:cpu6:tiles4;7:cpu7:tiles4","NA",static,0,"NA","NA","/home/bananapi/MAT/kernels riscv rvv 1.0/FINAL/riscv-gemm-optimization/microkernels/HETEROGENEOUS_RVV_IME_OPENMP_GEMM/results/openmp_results_k1-rvv_1024_20261003_064652/raw_logs/GEMM_RVV_FP32_INT8_8x4_Baseline_RVV_IGEMM_INT8_I8I32_8x4_igemm_kernel_8x4_zvl256b_lmul1_unroll2_i8i32_run6.log",11949612299,3383757046,0.2831687725,NA,NA,NA,"/home/bananapi/MAT/kernels riscv rvv 1.0/FINAL/riscv-gemm-optimization/microkernels/HETEROGENEOUS_RVV_IME_OPENMP_GEMM/results/openmp_results_k1-rvv_1024_20261003_064652/raw_logs/GEMM_RVV_FP32_INT8_8x4_Baseline_RVV_IGEMM_INT8_I8I32_8x4_igemm_kernel_8x4_zvl256b_lmul1_unroll2_i8i32_run6_perf.csv",0.323709272,3.387935653,0.000000000,"aggregate_worker_time;TOTAL_TIME_SEC=wall_clock","NOT_PRESENT_IN_CURRENT_DRIVER"
k1_strong_scaling,RVV,cores,8,2026-10-03T06:47:37,k1-rvv,"GEMM_RVV_FP32_INT8_8x4_Baseline","RVV_IGEMM_INT8_I8I32_8x4","igemm_kernel_8x4_zvl256b_lmul1_unroll2_i8i32",8x4,256b,1,2,INT8_RVV,0-7,8,8,1024,1024,1024,32,7,OK,0,NONE,0.471517000,GOPS,4.554414,parallel_tiles_including_required_packing,DISABLED,0,0,"0:cpu0:tiles4;1:cpu1:tiles4;2:cpu2:tiles4;3:cpu3:tiles4;4:cpu4:tiles4;5:cpu5:tiles4;6:cpu6:tiles4;7:cpu7:tiles4","NA",static,0,"NA","NA","/home/bananapi/MAT/kernels riscv rvv 1.0/FINAL/riscv-gemm-optimization/microkernels/HETEROGENEOUS_RVV_IME_OPENMP_GEMM/results/openmp_results_k1-rvv_1024_20261003_064652/raw_logs/GEMM_RVV_FP32_INT8_8x4_Baseline_RVV_IGEMM_INT8_I8I32_8x4_igemm_kernel_8x4_zvl256b_lmul1_unroll2_i8i32_run7.log",11878747958,3394637356,0.2857740031,NA,NA,NA,"/home/bananapi/MAT/kernels riscv rvv 1.0/FINAL/riscv-gemm-optimization/microkernels/HETEROGENEOUS_RVV_IME_OPENMP_GEMM/results/openmp_results_k1-rvv_1024_20261003_064652/raw_logs/GEMM_RVV_FP32_INT8_8x4_Baseline_RVV_IGEMM_INT8_I8I32_8x4_igemm_kernel_8x4_zvl256b_lmul1_unroll2_i8i32_run7_perf.csv",0.305473637,3.398924209,0.000000000,"aggregate_worker_time;TOTAL_TIME_SEC=wall_clock","NOT_PRESENT_IN_CURRENT_DRIVER"
k1_strong_scaling,IME,cores,1,2026-10-03T06:49:43,k1-ime,"IME_NATIVE_KERNELS","IME_GEMM_INT8_I8I32_8x4_NATIVE","ime_kernel_8x4_zvl256b_lmul1_unroll2",8x4,256b,1,2,INT8_IME,0-3,1,1,1024,1024,1024,32,1,OK,0,NONE,0.271993041,GOPS,7.895362,parallel_tiles_including_required_packing,INDEPENDENT_INT64_REFERENCE_EXACT_INT32,0,0,"0:cpu0:tiles32","NA",static,0,"NA","NA","/home/bananapi/MAT/kernels riscv rvv 1.0/FINAL/riscv-gemm-optimization/microkernels/HETEROGENEOUS_RVV_IME_OPENMP_GEMM/results/openmp_results_k1-ime_1024_20261003_064746/raw_logs/IME_NATIVE_KERNELS_IME_GEMM_INT8_I8I32_8x4_NATIVE_ime_kernel_8x4_zvl256b_lmul1_unroll2_run1.log",170036759300,4724559584,0.02778551887,NA,NA,NA,"/home/bananapi/MAT/kernels riscv rvv 1.0/FINAL/riscv-gemm-optimization/microkernels/HETEROGENEOUS_RVV_IME_OPENMP_GEMM/results/openmp_results_k1-ime_1024_20261003_064746/raw_logs/IME_NATIVE_KERNELS_IME_GEMM_INT8_I8I32_8x4_NATIVE_ime_kernel_8x4_zvl256b_lmul1_unroll2_run1_perf.csv",0.001254950,0.270551182,0.000000000,"aggregate_worker_time;TOTAL_TIME_SEC=wall_clock","NOT_PRESENT_IN_CURRENT_DRIVER"
k1_strong_scaling,IME,cores,1,2026-10-03T06:49:44,k1-ime,"IME_NATIVE_KERNELS","IME_GEMM_INT8_I8I32_8x4_NATIVE","ime_kernel_8x4_zvl256b_lmul1_unroll2",8x4,256b,1,2,INT8_IME,0-3,1,1,1024,1024,1024,32,2,OK,0,NONE,0.235904627,GOPS,9.103186,parallel_tiles_including_required_packing,DISABLED,0,0,"0:cpu0:tiles32","NA",static,0,"NA","NA","/home/bananapi/MAT/kernels riscv rvv 1.0/FINAL/riscv-gemm-optimization/microkernels/HETEROGENEOUS_RVV_IME_OPENMP_GEMM/results/openmp_results_k1-ime_1024_20261003_064746/raw_logs/IME_NATIVE_KERNELS_IME_GEMM_INT8_I8I32_8x4_NATIVE_ime_kernel_8x4_zvl256b_lmul1_unroll2_run2.log",867039818,576559062,0.6649741454,NA,NA,NA,"/home/bananapi/MAT/kernels riscv rvv 1.0/FINAL/riscv-gemm-optimization/microkernels/HETEROGENEOUS_RVV_IME_OPENMP_GEMM/results/openmp_results_k1-ime_1024_20261003_064746/raw_logs/IME_NATIVE_KERNELS_IME_GEMM_INT8_I8I32_8x4_NATIVE_ime_kernel_8x4_zvl256b_lmul1_unroll2_run2_perf.csv",0.001318455,0.234404463,0.000000000,"aggregate_worker_time;TOTAL_TIME_SEC=wall_clock","NOT_PRESENT_IN_CURRENT_DRIVER"
k1_strong_scaling,IME,cores,1,2026-10-03T06:49:45,k1-ime,"IME_NATIVE_KERNELS","IME_GEMM_INT8_I8I32_8x4_NATIVE","ime_kernel_8x4_zvl256b_lmul1_unroll2",8x4,256b,1,2,INT8_IME,0-3,1,1,1024,1024,1024,32,3,OK,0,NONE,0.342462793,GOPS,6.270706,parallel_tiles_including_required_packing,DISABLED,0,0,"0:cpu0:tiles32","NA",static,0,"NA","NA","/home/bananapi/MAT/kernels riscv rvv 1.0/FINAL/riscv-gemm-optimization/microkernels/HETEROGENEOUS_RVV_IME_OPENMP_GEMM/results/openmp_results_k1-ime_1024_20261003_064746/raw_logs/IME_NATIVE_KERNELS_IME_GEMM_INT8_I8I32_8x4_NATIVE_ime_kernel_8x4_zvl256b_lmul1_unroll2_run3.log",1217593698,577294212,0.4741271353,NA,NA,NA,"/home/bananapi/MAT/kernels riscv rvv 1.0/FINAL/riscv-gemm-optimization/microkernels/HETEROGENEOUS_RVV_IME_OPENMP_GEMM/results/openmp_results_k1-ime_1024_20261003_064746/raw_logs/IME_NATIVE_KERNELS_IME_GEMM_INT8_I8I32_8x4_NATIVE_ime_kernel_8x4_zvl256b_lmul1_unroll2_run3_perf.csv",0.001217682,0.341050766,0.000000000,"aggregate_worker_time;TOTAL_TIME_SEC=wall_clock","NOT_PRESENT_IN_CURRENT_DRIVER"
k1_strong_scaling,IME,cores,1,2026-10-03T06:49:46,k1-ime,"IME_NATIVE_KERNELS","IME_GEMM_INT8_I8I32_8x4_NATIVE","ime_kernel_8x4_zvl256b_lmul1_unroll2",8x4,256b,1,2,INT8_IME,0-3,1,1,1024,1024,1024,32,4,OK,0,NONE,0.321758665,GOPS,6.674206,parallel_tiles_including_required_packing,DISABLED,0,0,"0:cpu0:tiles32","NA",static,0,"NA","NA","/home/bananapi/MAT/kernels riscv rvv 1.0/FINAL/riscv-gemm-optimization/microkernels/HETEROGENEOUS_RVV_IME_OPENMP_GEMM/results/openmp_results_k1-ime_1024_20261003_064746/raw_logs/IME_NATIVE_KERNELS_IME_GEMM_INT8_I8I32_8x4_NATIVE_ime_kernel_8x4_zvl256b_lmul1_unroll2_run4.log",1251247144,577105664,0.4612243606,NA,NA,NA,"/home/bananapi/MAT/kernels riscv rvv 1.0/FINAL/riscv-gemm-optimization/microkernels/HETEROGENEOUS_RVV_IME_OPENMP_GEMM/results/openmp_results_k1-ime_1024_20261003_064746/raw_logs/IME_NATIVE_KERNELS_IME_GEMM_INT8_I8I32_8x4_NATIVE_ime_kernel_8x4_zvl256b_lmul1_unroll2_run4_perf.csv",0.001222573,0.320250660,0.000000000,"aggregate_worker_time;TOTAL_TIME_SEC=wall_clock","NOT_PRESENT_IN_CURRENT_DRIVER"
k1_strong_scaling,IME,cores,1,2026-10-03T06:49:47,k1-ime,"IME_NATIVE_KERNELS","IME_GEMM_INT8_I8I32_8x4_NATIVE","ime_kernel_8x4_zvl256b_lmul1_unroll2",8x4,256b,1,2,INT8_IME,0-3,1,1,1024,1024,1024,32,5,OK,0,NONE,0.243281666,GOPS,8.827150,parallel_tiles_including_required_packing,DISABLED,0,0,"0:cpu0:tiles32","NA",static,0,"NA","NA","/home/bananapi/MAT/kernels riscv rvv 1.0/FINAL/riscv-gemm-optimization/microkernels/HETEROGENEOUS_RVV_IME_OPENMP_GEMM/results/openmp_results_k1-ime_1024_20261003_064746/raw_logs/IME_NATIVE_KERNELS_IME_GEMM_INT8_I8I32_8x4_NATIVE_ime_kernel_8x4_zvl256b_lmul1_unroll2_run5.log",873501180,576088849,0.6595169671,NA,NA,NA,"/home/bananapi/MAT/kernels riscv rvv 1.0/FINAL/riscv-gemm-optimization/microkernels/HETEROGENEOUS_RVV_IME_OPENMP_GEMM/results/openmp_results_k1-ime_1024_20261003_064746/raw_logs/IME_NATIVE_KERNELS_IME_GEMM_INT8_I8I32_8x4_NATIVE_ime_kernel_8x4_zvl256b_lmul1_unroll2_run5_perf.csv",0.001236420,0.241860125,0.000000000,"aggregate_worker_time;TOTAL_TIME_SEC=wall_clock","NOT_PRESENT_IN_CURRENT_DRIVER"
k1_strong_scaling,IME,cores,1,2026-10-03T06:49:48,k1-ime,"IME_NATIVE_KERNELS","IME_GEMM_INT8_I8I32_8x4_NATIVE","ime_kernel_8x4_zvl256b_lmul1_unroll2",8x4,256b,1,2,INT8_IME,0-3,1,1,1024,1024,1024,32,6,OK,0,NONE,0.242083501,GOPS,8.870839,parallel_tiles_including_required_packing,DISABLED,0,0,"0:cpu0:tiles32","NA",static,0,"NA","NA","/home/bananapi/MAT/kernels riscv rvv 1.0/FINAL/riscv-gemm-optimization/microkernels/HETEROGENEOUS_RVV_IME_OPENMP_GEMM/results/openmp_results_k1-ime_1024_20261003_064746/raw_logs/IME_NATIVE_KERNELS_IME_GEMM_INT8_I8I32_8x4_NATIVE_ime_kernel_8x4_zvl256b_lmul1_unroll2_run6.log",930026060,576691541,0.6200810556,NA,NA,NA,"/home/bananapi/MAT/kernels riscv rvv 1.0/FINAL/riscv-gemm-optimization/microkernels/HETEROGENEOUS_RVV_IME_OPENMP_GEMM/results/openmp_results_k1-ime_1024_20261003_064746/raw_logs/IME_NATIVE_KERNELS_IME_GEMM_INT8_I8I32_8x4_NATIVE_ime_kernel_8x4_zvl256b_lmul1_unroll2_run6_perf.csv",0.001192432,0.240714893,0.000000000,"aggregate_worker_time;TOTAL_TIME_SEC=wall_clock","NOT_PRESENT_IN_CURRENT_DRIVER"
k1_strong_scaling,IME,cores,1,2026-10-03T06:49:49,k1-ime,"IME_NATIVE_KERNELS","IME_GEMM_INT8_I8I32_8x4_NATIVE","ime_kernel_8x4_zvl256b_lmul1_unroll2",8x4,256b,1,2,INT8_IME,0-3,1,1,1024,1024,1024,32,7,OK,0,NONE,0.367299456,GOPS,5.846683,parallel_tiles_including_required_packing,DISABLED,0,0,"0:cpu0:tiles32","NA",static,0,"NA","NA","/home/bananapi/MAT/kernels riscv rvv 1.0/FINAL/riscv-gemm-optimization/microkernels/HETEROGENEOUS_RVV_IME_OPENMP_GEMM/results/openmp_results_k1-ime_1024_20261003_064746/raw_logs/IME_NATIVE_KERNELS_IME_GEMM_INT8_I8I32_8x4_NATIVE_ime_kernel_8x4_zvl256b_lmul1_unroll2_run7.log",1308614996,580985522,0.4439697877,NA,NA,NA,"/home/bananapi/MAT/kernels riscv rvv 1.0/FINAL/riscv-gemm-optimization/microkernels/HETEROGENEOUS_RVV_IME_OPENMP_GEMM/results/openmp_results_k1-ime_1024_20261003_064746/raw_logs/IME_NATIVE_KERNELS_IME_GEMM_INT8_I8I32_8x4_NATIVE_ime_kernel_8x4_zvl256b_lmul1_unroll2_run7_perf.csv",0.001124039,0.365974791,0.000000000,"aggregate_worker_time;TOTAL_TIME_SEC=wall_clock","NOT_PRESENT_IN_CURRENT_DRIVER"
k1_strong_scaling,IME,cores,2,2026-10-03T06:51:02,k1-ime,"IME_NATIVE_KERNELS","IME_GEMM_INT8_I8I32_8x4_NATIVE","ime_kernel_8x4_zvl256b_lmul1_unroll2",8x4,256b,1,2,INT8_IME,0-3,2,2,1024,1024,1024,32,1,OK,0,NONE,0.160824336,GOPS,13.352977,parallel_tiles_including_required_packing,INDEPENDENT_INT64_REFERENCE_EXACT_INT32,0,0,"0:cpu0:tiles16;1:cpu1:tiles16","NA",static,0,"NA","NA","/home/bananapi/MAT/kernels riscv rvv 1.0/FINAL/riscv-gemm-optimization/microkernels/HETEROGENEOUS_RVV_IME_OPENMP_GEMM/results/openmp_results_k1-ime_1024_20261003_064950/raw_logs/IME_NATIVE_KERNELS_IME_GEMM_INT8_I8I32_8x4_NATIVE_ime_kernel_8x4_zvl256b_lmul1_unroll2_run1.log",189805099155,4628299666,0.02438448538,NA,NA,NA,"/home/bananapi/MAT/kernels riscv rvv 1.0/FINAL/riscv-gemm-optimization/microkernels/HETEROGENEOUS_RVV_IME_OPENMP_GEMM/results/openmp_results_k1-ime_1024_20261003_064950/raw_logs/IME_NATIVE_KERNELS_IME_GEMM_INT8_I8I32_8x4_NATIVE_ime_kernel_8x4_zvl256b_lmul1_unroll2_run1_perf.csv",0.001671869,0.319282655,0.000000000,"aggregate_worker_time;TOTAL_TIME_SEC=wall_clock","NOT_PRESENT_IN_CURRENT_DRIVER"
k1_strong_scaling,IME,cores,2,2026-10-03T06:51:03,k1-ime,"IME_NATIVE_KERNELS","IME_GEMM_INT8_I8I32_8x4_NATIVE","ime_kernel_8x4_zvl256b_lmul1_unroll2",8x4,256b,1,2,INT8_IME,0-3,2,2,1024,1024,1024,32,2,OK,0,NONE,0.227579001,GOPS,9.436212,parallel_tiles_including_required_packing,DISABLED,0,0,"0:cpu0:tiles16;1:cpu1:tiles16","NA",static,0,"NA","NA","/home/bananapi/MAT/kernels riscv rvv 1.0/FINAL/riscv-gemm-optimization/microkernels/HETEROGENEOUS_RVV_IME_OPENMP_GEMM/results/openmp_results_k1-ime_1024_20261003_064950/raw_logs/IME_NATIVE_KERNELS_IME_GEMM_INT8_I8I32_8x4_NATIVE_ime_kernel_8x4_zvl256b_lmul1_unroll2_run2.log",1516199658,584214079,0.3853147413,NA,NA,NA,"/home/bananapi/MAT/kernels riscv rvv 1.0/FINAL/riscv-gemm-optimization/microkernels/HETEROGENEOUS_RVV_IME_OPENMP_GEMM/results/openmp_results_k1-ime_1024_20261003_064950/raw_logs/IME_NATIVE_KERNELS_IME_GEMM_INT8_I8I32_8x4_NATIVE_ime_kernel_8x4_zvl256b_lmul1_unroll2_run2_perf.csv",0.001488034,0.436530672,0.000000000,"aggregate_worker_time;TOTAL_TIME_SEC=wall_clock","NOT_PRESENT_IN_CURRENT_DRIVER"
k1_strong_scaling,IME,cores,2,2026-10-03T06:51:04,k1-ime,"IME_NATIVE_KERNELS","IME_GEMM_INT8_I8I32_8x4_NATIVE","ime_kernel_8x4_zvl256b_lmul1_unroll2",8x4,256b,1,2,INT8_IME,0-3,2,2,1024,1024,1024,32,3,OK,0,NONE,0.179331083,GOPS,11.974966,parallel_tiles_including_required_packing,DISABLED,0,0,"0:cpu0:tiles16;1:cpu1:tiles16","NA",static,0,"NA","NA","/home/bananapi/MAT/kernels riscv rvv 1.0/FINAL/riscv-gemm-optimization/microkernels/HETEROGENEOUS_RVV_IME_OPENMP_GEMM/results/openmp_results_k1-ime_1024_20261003_064950/raw_logs/IME_NATIVE_KERNELS_IME_GEMM_INT8_I8I32_8x4_NATIVE_ime_kernel_8x4_zvl256b_lmul1_unroll2_run3.log",1200399097,580096737,0.4832532267,NA,NA,NA,"/home/bananapi/MAT/kernels riscv rvv 1.0/FINAL/riscv-gemm-optimization/microkernels/HETEROGENEOUS_RVV_IME_OPENMP_GEMM/results/openmp_results_k1-ime_1024_20261003_064950/raw_logs/IME_NATIVE_KERNELS_IME_GEMM_INT8_I8I32_8x4_NATIVE_ime_kernel_8x4_zvl256b_lmul1_unroll2_run3_perf.csv",0.001720525,0.337809365,0.000000000,"aggregate_worker_time;TOTAL_TIME_SEC=wall_clock","NOT_PRESENT_IN_CURRENT_DRIVER"
k1_strong_scaling,IME,cores,2,2026-10-03T06:51:05,k1-ime,"IME_NATIVE_KERNELS","IME_GEMM_INT8_I8I32_8x4_NATIVE","ime_kernel_8x4_zvl256b_lmul1_unroll2",8x4,256b,1,2,INT8_IME,0-3,2,2,1024,1024,1024,32,4,OK,0,NONE,0.230811585,GOPS,9.304055,parallel_tiles_including_required_packing,DISABLED,0,0,"0:cpu0:tiles16;1:cpu1:tiles16","NA",static,0,"NA","NA","/home/bananapi/MAT/kernels riscv rvv 1.0/FINAL/riscv-gemm-optimization/microkernels/HETEROGENEOUS_RVV_IME_OPENMP_GEMM/results/openmp_results_k1-ime_1024_20261003_064950/raw_logs/IME_NATIVE_KERNELS_IME_GEMM_INT8_I8I32_8x4_NATIVE_ime_kernel_8x4_zvl256b_lmul1_unroll2_run4.log",1463516774,577807214,0.3948073738,NA,NA,NA,"/home/bananapi/MAT/kernels riscv rvv 1.0/FINAL/riscv-gemm-optimization/microkernels/HETEROGENEOUS_RVV_IME_OPENMP_GEMM/results/openmp_results_k1-ime_1024_20261003_064950/raw_logs/IME_NATIVE_KERNELS_IME_GEMM_INT8_I8I32_8x4_NATIVE_ime_kernel_8x4_zvl256b_lmul1_unroll2_run4_perf.csv",0.001457322,0.423141658,0.000000000,"aggregate_worker_time;TOTAL_TIME_SEC=wall_clock","NOT_PRESENT_IN_CURRENT_DRIVER"
k1_strong_scaling,IME,cores,2,2026-10-03T06:51:06,k1-ime,"IME_NATIVE_KERNELS","IME_GEMM_INT8_I8I32_8x4_NATIVE","ime_kernel_8x4_zvl256b_lmul1_unroll2",8x4,256b,1,2,INT8_IME,0-3,2,2,1024,1024,1024,32,5,OK,0,NONE,0.207573876,GOPS,10.345635,parallel_tiles_including_required_packing,DISABLED,0,0,"0:cpu0:tiles16;1:cpu1:tiles16","NA",static,0,"NA","NA","/home/bananapi/MAT/kernels riscv rvv 1.0/FINAL/riscv-gemm-optimization/microkernels/HETEROGENEOUS_RVV_IME_OPENMP_GEMM/results/openmp_results_k1-ime_1024_20261003_064950/raw_logs/IME_NATIVE_KERNELS_IME_GEMM_INT8_I8I32_8x4_NATIVE_ime_kernel_8x4_zvl256b_lmul1_unroll2_run5.log",1443913129,586888495,0.4064569282,NA,NA,NA,"/home/bananapi/MAT/kernels riscv rvv 1.0/FINAL/riscv-gemm-optimization/microkernels/HETEROGENEOUS_RVV_IME_OPENMP_GEMM/results/openmp_results_k1-ime_1024_20261003_064950/raw_logs/IME_NATIVE_KERNELS_IME_GEMM_INT8_I8I32_8x4_NATIVE_ime_kernel_8x4_zvl256b_lmul1_unroll2_run5_perf.csv",0.001593336,0.394520119,0.000000000,"aggregate_worker_time;TOTAL_TIME_SEC=wall_clock","NOT_PRESENT_IN_CURRENT_DRIVER"
k1_strong_scaling,IME,cores,2,2026-10-03T06:51:07,k1-ime,"IME_NATIVE_KERNELS","IME_GEMM_INT8_I8I32_8x4_NATIVE","ime_kernel_8x4_zvl256b_lmul1_unroll2",8x4,256b,1,2,INT8_IME,0-3,2,2,1024,1024,1024,32,6,OK,0,NONE,0.158694290,GOPS,13.532205,parallel_tiles_including_required_packing,DISABLED,0,0,"0:cpu0:tiles16;1:cpu1:tiles16","NA",static,0,"NA","NA","/home/bananapi/MAT/kernels riscv rvv 1.0/FINAL/riscv-gemm-optimization/microkernels/HETEROGENEOUS_RVV_IME_OPENMP_GEMM/results/openmp_results_k1-ime_1024_20261003_064950/raw_logs/IME_NATIVE_KERNELS_IME_GEMM_INT8_I8I32_8x4_NATIVE_ime_kernel_8x4_zvl256b_lmul1_unroll2_run6.log",1144744780,585392943,0.5113741973,NA,NA,NA,"/home/bananapi/MAT/kernels riscv rvv 1.0/FINAL/riscv-gemm-optimization/microkernels/HETEROGENEOUS_RVV_IME_OPENMP_GEMM/results/openmp_results_k1-ime_1024_20261003_064950/raw_logs/IME_NATIVE_KERNELS_IME_GEMM_INT8_I8I32_8x4_NATIVE_ime_kernel_8x4_zvl256b_lmul1_unroll2_run6_perf.csv",0.001613494,0.311021741,0.000000000,"aggregate_worker_time;TOTAL_TIME_SEC=wall_clock","NOT_PRESENT_IN_CURRENT_DRIVER"
k1_strong_scaling,IME,cores,2,2026-10-03T06:51:08,k1-ime,"IME_NATIVE_KERNELS","IME_GEMM_INT8_I8I32_8x4_NATIVE","ime_kernel_8x4_zvl256b_lmul1_unroll2",8x4,256b,1,2,INT8_IME,0-3,2,2,1024,1024,1024,32,7,OK,0,NONE,0.219378166,GOPS,9.788958,parallel_tiles_including_required_packing,DISABLED,0,0,"0:cpu0:tiles16;1:cpu1:tiles16","NA",static,0,"NA","NA","/home/bananapi/MAT/kernels riscv rvv 1.0/FINAL/riscv-gemm-optimization/microkernels/HETEROGENEOUS_RVV_IME_OPENMP_GEMM/results/openmp_results_k1-ime_1024_20261003_064950/raw_logs/IME_NATIVE_KERNELS_IME_GEMM_INT8_I8I32_8x4_NATIVE_ime_kernel_8x4_zvl256b_lmul1_unroll2_run7.log",1446999579,587508752,0.406018606,NA,NA,NA,"/home/bananapi/MAT/kernels riscv rvv 1.0/FINAL/riscv-gemm-optimization/microkernels/HETEROGENEOUS_RVV_IME_OPENMP_GEMM/results/openmp_results_k1-ime_1024_20261003_064950/raw_logs/IME_NATIVE_KERNELS_IME_GEMM_INT8_I8I32_8x4_NATIVE_ime_kernel_8x4_zvl256b_lmul1_unroll2_run7_perf.csv",0.001619589,0.424216915,0.000000000,"aggregate_worker_time;TOTAL_TIME_SEC=wall_clock","NOT_PRESENT_IN_CURRENT_DRIVER"
k1_strong_scaling,IME,cores,4,2026-10-03T06:51:51,k1-ime,"IME_NATIVE_KERNELS","IME_GEMM_INT8_I8I32_8x4_NATIVE","ime_kernel_8x4_zvl256b_lmul1_unroll2",8x4,256b,1,2,INT8_IME,0-3,4,4,1024,1024,1024,32,1,OK,0,NONE,0.144328583,GOPS,14.879129,parallel_tiles_including_required_packing,INDEPENDENT_INT64_REFERENCE_EXACT_INT32,0,0,"0:cpu0:tiles8;1:cpu1:tiles8;2:cpu2:tiles8;3:cpu3:tiles8","NA",static,0,"NA","NA","/home/bananapi/MAT/kernels riscv rvv 1.0/FINAL/riscv-gemm-optimization/microkernels/HETEROGENEOUS_RVV_IME_OPENMP_GEMM/results/openmp_results_k1-ime_1024_20261003_065109/raw_logs/IME_NATIVE_KERNELS_IME_GEMM_INT8_I8I32_8x4_NATIVE_ime_kernel_8x4_zvl256b_lmul1_unroll2_run1.log",200784737044,4552646228,0.02267426446,NA,NA,NA,"/home/bananapi/MAT/kernels riscv rvv 1.0/FINAL/riscv-gemm-optimization/microkernels/HETEROGENEOUS_RVV_IME_OPENMP_GEMM/results/openmp_results_k1-ime_1024_20261003_065109/raw_logs/IME_NATIVE_KERNELS_IME_GEMM_INT8_I8I32_8x4_NATIVE_ime_kernel_8x4_zvl256b_lmul1_unroll2_run1_perf.csv",0.002447288,0.533820085,0.000000000,"aggregate_worker_time;TOTAL_TIME_SEC=wall_clock","NOT_PRESENT_IN_CURRENT_DRIVER"
k1_strong_scaling,IME,cores,4,2026-10-03T06:51:52,k1-ime,"IME_NATIVE_KERNELS","IME_GEMM_INT8_I8I32_8x4_NATIVE","ime_kernel_8x4_zvl256b_lmul1_unroll2",8x4,256b,1,2,INT8_IME,0-3,4,4,1024,1024,1024,32,2,OK,0,NONE,0.136427749,GOPS,15.740813,parallel_tiles_including_required_packing,DISABLED,0,0,"0:cpu0:tiles8;1:cpu1:tiles8;2:cpu2:tiles8;3:cpu3:tiles8","NA",static,0,"NA","NA","/home/bananapi/MAT/kernels riscv rvv 1.0/FINAL/riscv-gemm-optimization/microkernels/HETEROGENEOUS_RVV_IME_OPENMP_GEMM/results/openmp_results_k1-ime_1024_20261003_065109/raw_logs/IME_NATIVE_KERNELS_IME_GEMM_INT8_I8I32_8x4_NATIVE_ime_kernel_8x4_zvl256b_lmul1_unroll2_run2.log",1775149984,575295359,0.3240826771,NA,NA,NA,"/home/bananapi/MAT/kernels riscv rvv 1.0/FINAL/riscv-gemm-optimization/microkernels/HETEROGENEOUS_RVV_IME_OPENMP_GEMM/results/openmp_results_k1-ime_1024_20261003_065109/raw_logs/IME_NATIVE_KERNELS_IME_GEMM_INT8_I8I32_8x4_NATIVE_ime_kernel_8x4_zvl256b_lmul1_unroll2_run2_perf.csv",0.002650503,0.516326036,0.000000000,"aggregate_worker_time;TOTAL_TIME_SEC=wall_clock","NOT_PRESENT_IN_CURRENT_DRIVER"
k1_strong_scaling,IME,cores,4,2026-10-03T06:51:53,k1-ime,"IME_NATIVE_KERNELS","IME_GEMM_INT8_I8I32_8x4_NATIVE","ime_kernel_8x4_zvl256b_lmul1_unroll2",8x4,256b,1,2,INT8_IME,0-3,4,4,1024,1024,1024,32,3,OK,0,NONE,0.141260210,GOPS,15.202325,parallel_tiles_including_required_packing,DISABLED,0,0,"0:cpu0:tiles8;1:cpu1:tiles8;2:cpu2:tiles8;3:cpu3:tiles8","NA",static,0,"NA","NA","/home/bananapi/MAT/kernels riscv rvv 1.0/FINAL/riscv-gemm-optimization/microkernels/HETEROGENEOUS_RVV_IME_OPENMP_GEMM/results/openmp_results_k1-ime_1024_20261003_065109/raw_logs/IME_NATIVE_KERNELS_IME_GEMM_INT8_I8I32_8x4_NATIVE_ime_kernel_8x4_zvl256b_lmul1_unroll2_run3.log",1868363034,567170497,0.303565467,NA,NA,NA,"/home/bananapi/MAT/kernels riscv rvv 1.0/FINAL/riscv-gemm-optimization/microkernels/HETEROGENEOUS_RVV_IME_OPENMP_GEMM/results/openmp_results_k1-ime_1024_20261003_065109/raw_logs/IME_NATIVE_KERNELS_IME_GEMM_INT8_I8I32_8x4_NATIVE_ime_kernel_8x4_zvl256b_lmul1_unroll2_run3_perf.csv",0.002375100,0.537907664,0.000000000,"aggregate_worker_time;TOTAL_TIME_SEC=wall_clock","NOT_PRESENT_IN_CURRENT_DRIVER"
k1_strong_scaling,IME,cores,4,2026-10-03T06:51:54,k1-ime,"IME_NATIVE_KERNELS","IME_GEMM_INT8_I8I32_8x4_NATIVE","ime_kernel_8x4_zvl256b_lmul1_unroll2",8x4,256b,1,2,INT8_IME,0-3,4,4,1024,1024,1024,32,4,OK,0,NONE,0.127787333,GOPS,16.805137,parallel_tiles_including_required_packing,DISABLED,0,0,"0:cpu0:tiles8;1:cpu1:tiles8;2:cpu2:tiles8;3:cpu3:tiles8","NA",static,0,"NA","NA","/home/bananapi/MAT/kernels riscv rvv 1.0/FINAL/riscv-gemm-optimization/microkernels/HETEROGENEOUS_RVV_IME_OPENMP_GEMM/results/openmp_results_k1-ime_1024_20261003_065109/raw_logs/IME_NATIVE_KERNELS_IME_GEMM_INT8_I8I32_8x4_NATIVE_ime_kernel_8x4_zvl256b_lmul1_unroll2_run4.log",1779084596,624205256,0.3508575463,NA,NA,NA,"/home/bananapi/MAT/kernels riscv rvv 1.0/FINAL/riscv-gemm-optimization/microkernels/HETEROGENEOUS_RVV_IME_OPENMP_GEMM/results/openmp_results_k1-ime_1024_20261003_065109/raw_logs/IME_NATIVE_KERNELS_IME_GEMM_INT8_I8I32_8x4_NATIVE_ime_kernel_8x4_zvl256b_lmul1_unroll2_run4_perf.csv",0.002928253,0.503529739,0.000000000,"aggregate_worker_time;TOTAL_TIME_SEC=wall_clock","NOT_PRESENT_IN_CURRENT_DRIVER"
k1_strong_scaling,IME,cores,4,2026-10-03T06:51:54,k1-ime,"IME_NATIVE_KERNELS","IME_GEMM_INT8_I8I32_8x4_NATIVE","ime_kernel_8x4_zvl256b_lmul1_unroll2",8x4,256b,1,2,INT8_IME,0-3,4,4,1024,1024,1024,32,5,OK,0,NONE,0.146523960,GOPS,14.656194,parallel_tiles_including_required_packing,DISABLED,0,0,"0:cpu0:tiles8;1:cpu1:tiles8;2:cpu2:tiles8;3:cpu3:tiles8","NA",static,0,"NA","NA","/home/bananapi/MAT/kernels riscv rvv 1.0/FINAL/riscv-gemm-optimization/microkernels/HETEROGENEOUS_RVV_IME_OPENMP_GEMM/results/openmp_results_k1-ime_1024_20261003_065109/raw_logs/IME_NATIVE_KERNELS_IME_GEMM_INT8_I8I32_8x4_NATIVE_ime_kernel_8x4_zvl256b_lmul1_unroll2_run5.log",1892498962,606983896,0.3207314288,NA,NA,NA,"/home/bananapi/MAT/kernels riscv rvv 1.0/FINAL/riscv-gemm-optimization/microkernels/HETEROGENEOUS_RVV_IME_OPENMP_GEMM/results/openmp_results_k1-ime_1024_20261003_065109/raw_logs/IME_NATIVE_KERNELS_IME_GEMM_INT8_I8I32_8x4_NATIVE_ime_kernel_8x4_zvl256b_lmul1_unroll2_run5_perf.csv",0.002448838,0.564326227,0.000000000,"aggregate_worker_time;TOTAL_TIME_SEC=wall_clock","NOT_PRESENT_IN_CURRENT_DRIVER"
k1_strong_scaling,IME,cores,4,2026-10-03T06:51:55,k1-ime,"IME_NATIVE_KERNELS","IME_GEMM_INT8_I8I32_8x4_NATIVE","ime_kernel_8x4_zvl256b_lmul1_unroll2",8x4,256b,1,2,INT8_IME,0-3,4,4,1024,1024,1024,32,6,OK,0,NONE,0.133951295,GOPS,16.031824,parallel_tiles_including_required_packing,DISABLED,0,0,"0:cpu0:tiles8;1:cpu1:tiles8;2:cpu2:tiles8;3:cpu3:tiles8","NA",static,0,"NA","NA","/home/bananapi/MAT/kernels riscv rvv 1.0/FINAL/riscv-gemm-optimization/microkernels/HETEROGENEOUS_RVV_IME_OPENMP_GEMM/results/openmp_results_k1-ime_1024_20261003_065109/raw_logs/IME_NATIVE_KERNELS_IME_GEMM_INT8_I8I32_8x4_NATIVE_ime_kernel_8x4_zvl256b_lmul1_unroll2_run6.log",1745305927,514540400,0.2948138731,NA,NA,NA,"/home/bananapi/MAT/kernels riscv rvv 1.0/FINAL/riscv-gemm-optimization/microkernels/HETEROGENEOUS_RVV_IME_OPENMP_GEMM/results/openmp_results_k1-ime_1024_20261003_065109/raw_logs/IME_NATIVE_KERNELS_IME_GEMM_INT8_I8I32_8x4_NATIVE_ime_kernel_8x4_zvl256b_lmul1_unroll2_run6_perf.csv",0.002684049,0.506038461,0.000000000,"aggregate_worker_time;TOTAL_TIME_SEC=wall_clock","NOT_PRESENT_IN_CURRENT_DRIVER"
k1_strong_scaling,IME,cores,4,2026-10-03T06:51:56,k1-ime,"IME_NATIVE_KERNELS","IME_GEMM_INT8_I8I32_8x4_NATIVE","ime_kernel_8x4_zvl256b_lmul1_unroll2",8x4,256b,1,2,INT8_IME,0-3,4,4,1024,1024,1024,32,7,OK,0,NONE,0.147491250,GOPS,14.560075,parallel_tiles_including_required_packing,DISABLED,0,0,"0:cpu0:tiles8;1:cpu1:tiles8;2:cpu2:tiles8;3:cpu3:tiles8","NA",static,0,"NA","NA","/home/bananapi/MAT/kernels riscv rvv 1.0/FINAL/riscv-gemm-optimization/microkernels/HETEROGENEOUS_RVV_IME_OPENMP_GEMM/results/openmp_results_k1-ime_1024_20261003_065109/raw_logs/IME_NATIVE_KERNELS_IME_GEMM_INT8_I8I32_8x4_NATIVE_ime_kernel_8x4_zvl256b_lmul1_unroll2_run7.log",1849916850,599501126,0.3240692283,NA,NA,NA,"/home/bananapi/MAT/kernels riscv rvv 1.0/FINAL/riscv-gemm-optimization/microkernels/HETEROGENEOUS_RVV_IME_OPENMP_GEMM/results/openmp_results_k1-ime_1024_20261003_065109/raw_logs/IME_NATIVE_KERNELS_IME_GEMM_INT8_I8I32_8x4_NATIVE_ime_kernel_8x4_zvl256b_lmul1_unroll2_run7_perf.csv",0.002236433,0.559152085,0.000000000,"aggregate_worker_time;TOTAL_TIME_SEC=wall_clock","NOT_PRESENT_IN_CURRENT_DRIVER"
k1_strong_scaling,RVV,cores,1,2026-10-03T06:54:01,k1-rvv,"GEMM_RVV_FP32_INT8_8x4_Baseline","RVV_IGEMM_INT8_I8I32_8x4","igemm_kernel_8x4_zvl256b_lmul1_unroll4_i8i32",8x4,256b,1,4,INT8_RVV,0-7,1,1,1024,1024,1024,32,1,OK,0,NONE,3.541069418,GOPS,0.606451,parallel_tiles_including_required_packing,INDEPENDENT_INT64_REFERENCE_EXACT_INT32,0,0,"0:cpu0:tiles32","NA",static,0,"NA","NA","/home/bananapi/MAT/kernels riscv rvv 1.0/FINAL/riscv-gemm-optimization/microkernels/HETEROGENEOUS_RVV_IME_OPENMP_GEMM/results/openmp_results_k1-rvv_1024_20261003_065157/raw_logs/GEMM_RVV_FP32_INT8_8x4_Baseline_RVV_IGEMM_INT8_I8I32_8x4_igemm_kernel_8x4_zvl256b_lmul1_unroll4_i8i32_run1.log",182223700129,7707416582,0.04229645527,NA,NA,NA,"/home/bananapi/MAT/kernels riscv rvv 1.0/FINAL/riscv-gemm-optimization/microkernels/HETEROGENEOUS_RVV_IME_OPENMP_GEMM/results/openmp_results_k1-rvv_1024_20261003_065157/raw_logs/GEMM_RVV_FP32_INT8_8x4_Baseline_RVV_IGEMM_INT8_I8I32_8x4_igemm_kernel_8x4_zvl256b_lmul1_unroll4_i8i32_run1_perf.csv",0.124346234,3.416486133,0.000000000,"aggregate_worker_time;TOTAL_TIME_SEC=wall_clock","NOT_PRESENT_IN_CURRENT_DRIVER"
k1_strong_scaling,RVV,cores,1,2026-10-03T06:54:09,k1-rvv,"GEMM_RVV_FP32_INT8_8x4_Baseline","RVV_IGEMM_INT8_I8I32_8x4","igemm_kernel_8x4_zvl256b_lmul1_unroll4_i8i32",8x4,256b,1,4,INT8_RVV,0-7,1,1,1024,1024,1024,32,2,OK,0,NONE,3.538756836,GOPS,0.606847,parallel_tiles_including_required_packing,DISABLED,0,0,"0:cpu0:tiles32","NA",static,0,"NA","NA","/home/bananapi/MAT/kernels riscv rvv 1.0/FINAL/riscv-gemm-optimization/microkernels/HETEROGENEOUS_RVV_IME_OPENMP_GEMM/results/openmp_results_k1-rvv_1024_20261003_065157/raw_logs/GEMM_RVV_FP32_INT8_8x4_Baseline_RVV_IGEMM_INT8_I8I32_8x4_igemm_kernel_8x4_zvl256b_lmul1_unroll4_i8i32_run2.log",11433984156,3536666144,0.3093117933,NA,NA,NA,"/home/bananapi/MAT/kernels riscv rvv 1.0/FINAL/riscv-gemm-optimization/microkernels/HETEROGENEOUS_RVV_IME_OPENMP_GEMM/results/openmp_results_k1-rvv_1024_20261003_065157/raw_logs/GEMM_RVV_FP32_INT8_8x4_Baseline_RVV_IGEMM_INT8_I8I32_8x4_igemm_kernel_8x4_zvl256b_lmul1_unroll4_i8i32_run2_perf.csv",0.114093848,3.424440090,0.000000000,"aggregate_worker_time;TOTAL_TIME_SEC=wall_clock","NOT_PRESENT_IN_CURRENT_DRIVER"
k1_strong_scaling,RVV,cores,1,2026-10-03T06:54:16,k1-rvv,"GEMM_RVV_FP32_INT8_8x4_Baseline","RVV_IGEMM_INT8_I8I32_8x4","igemm_kernel_8x4_zvl256b_lmul1_unroll4_i8i32",8x4,256b,1,4,INT8_RVV,0-7,1,1,1024,1024,1024,32,3,OK,0,NONE,3.540927544,GOPS,0.606475,parallel_tiles_including_required_packing,DISABLED,0,0,"0:cpu0:tiles32","NA",static,0,"NA","NA","/home/bananapi/MAT/kernels riscv rvv 1.0/FINAL/riscv-gemm-optimization/microkernels/HETEROGENEOUS_RVV_IME_OPENMP_GEMM/results/openmp_results_k1-rvv_1024_20261003_065157/raw_logs/GEMM_RVV_FP32_INT8_8x4_Baseline_RVV_IGEMM_INT8_I8I32_8x4_igemm_kernel_8x4_zvl256b_lmul1_unroll4_i8i32_run3.log",11439934877,3531633162,0.3087109498,NA,NA,NA,"/home/bananapi/MAT/kernels riscv rvv 1.0/FINAL/riscv-gemm-optimization/microkernels/HETEROGENEOUS_RVV_IME_OPENMP_GEMM/results/openmp_results_k1-rvv_1024_20261003_065157/raw_logs/GEMM_RVV_FP32_INT8_8x4_Baseline_RVV_IGEMM_INT8_I8I32_8x4_igemm_kernel_8x4_zvl256b_lmul1_unroll4_i8i32_run3_perf.csv",0.120202467,3.420491081,0.000000000,"aggregate_worker_time;TOTAL_TIME_SEC=wall_clock","NOT_PRESENT_IN_CURRENT_DRIVER"
k1_strong_scaling,RVV,cores,1,2026-10-03T06:54:24,k1-rvv,"GEMM_RVV_FP32_INT8_8x4_Baseline","RVV_IGEMM_INT8_I8I32_8x4","igemm_kernel_8x4_zvl256b_lmul1_unroll4_i8i32",8x4,256b,1,4,INT8_RVV,0-7,1,1,1024,1024,1024,32,4,OK,0,NONE,3.543279544,GOPS,0.606072,parallel_tiles_including_required_packing,DISABLED,0,0,"0:cpu0:tiles32","NA",static,0,"NA","NA","/home/bananapi/MAT/kernels riscv rvv 1.0/FINAL/riscv-gemm-optimization/microkernels/HETEROGENEOUS_RVV_IME_OPENMP_GEMM/results/openmp_results_k1-rvv_1024_20261003_065157/raw_logs/GEMM_RVV_FP32_INT8_8x4_Baseline_RVV_IGEMM_INT8_I8I32_8x4_igemm_kernel_8x4_zvl256b_lmul1_unroll4_i8i32_run4.log",11450697291,3533958175,0.3086238406,NA,NA,NA,"/home/bananapi/MAT/kernels riscv rvv 1.0/FINAL/riscv-gemm-optimization/microkernels/HETEROGENEOUS_RVV_IME_OPENMP_GEMM/results/openmp_results_k1-rvv_1024_20261003_065157/raw_logs/GEMM_RVV_FP32_INT8_8x4_Baseline_RVV_IGEMM_INT8_I8I32_8x4_igemm_kernel_8x4_zvl256b_lmul1_unroll4_i8i32_run4_perf.csv",0.123124167,3.419912972,0.000000000,"aggregate_worker_time;TOTAL_TIME_SEC=wall_clock","NOT_PRESENT_IN_CURRENT_DRIVER"
k1_strong_scaling,RVV,cores,1,2026-10-03T06:54:32,k1-rvv,"GEMM_RVV_FP32_INT8_8x4_Baseline","RVV_IGEMM_INT8_I8I32_8x4","igemm_kernel_8x4_zvl256b_lmul1_unroll4_i8i32",8x4,256b,1,4,INT8_RVV,0-7,1,1,1024,1024,1024,32,5,OK,0,NONE,3.540181879,GOPS,0.606603,parallel_tiles_including_required_packing,DISABLED,0,0,"0:cpu0:tiles32","NA",static,0,"NA","NA","/home/bananapi/MAT/kernels riscv rvv 1.0/FINAL/riscv-gemm-optimization/microkernels/HETEROGENEOUS_RVV_IME_OPENMP_GEMM/results/openmp_results_k1-rvv_1024_20261003_065157/raw_logs/GEMM_RVV_FP32_INT8_8x4_Baseline_RVV_IGEMM_INT8_I8I32_8x4_igemm_kernel_8x4_zvl256b_lmul1_unroll4_i8i32_run5.log",11431339566,3531706065,0.3089494494,NA,NA,NA,"/home/bananapi/MAT/kernels riscv rvv 1.0/FINAL/riscv-gemm-optimization/microkernels/HETEROGENEOUS_RVV_IME_OPENMP_GEMM/results/openmp_results_k1-rvv_1024_20261003_065157/raw_logs/GEMM_RVV_FP32_INT8_8x4_Baseline_RVV_IGEMM_INT8_I8I32_8x4_igemm_kernel_8x4_zvl256b_lmul1_unroll4_i8i32_run5_perf.csv",0.115853056,3.424098425,0.000000000,"aggregate_worker_time;TOTAL_TIME_SEC=wall_clock","NOT_PRESENT_IN_CURRENT_DRIVER"
k1_strong_scaling,RVV,cores,1,2026-10-03T06:54:39,k1-rvv,"GEMM_RVV_FP32_INT8_8x4_Baseline","RVV_IGEMM_INT8_I8I32_8x4","igemm_kernel_8x4_zvl256b_lmul1_unroll4_i8i32",8x4,256b,1,4,INT8_RVV,0-7,1,1,1024,1024,1024,32,6,OK,0,NONE,3.543210089,GOPS,0.606084,parallel_tiles_including_required_packing,DISABLED,0,0,"0:cpu0:tiles32","NA",static,0,"NA","NA","/home/bananapi/MAT/kernels riscv rvv 1.0/FINAL/riscv-gemm-optimization/microkernels/HETEROGENEOUS_RVV_IME_OPENMP_GEMM/results/openmp_results_k1-rvv_1024_20261003_065157/raw_logs/GEMM_RVV_FP32_INT8_8x4_Baseline_RVV_IGEMM_INT8_I8I32_8x4_igemm_kernel_8x4_zvl256b_lmul1_unroll4_i8i32_run6.log",11443097183,3533737004,0.3088094899,NA,NA,NA,"/home/bananapi/MAT/kernels riscv rvv 1.0/FINAL/riscv-gemm-optimization/microkernels/HETEROGENEOUS_RVV_IME_OPENMP_GEMM/results/openmp_results_k1-rvv_1024_20261003_065157/raw_logs/GEMM_RVV_FP32_INT8_8x4_Baseline_RVV_IGEMM_INT8_I8I32_8x4_igemm_kernel_8x4_zvl256b_lmul1_unroll4_i8i32_run6_perf.csv",0.120645296,3.422336966,0.000000000,"aggregate_worker_time;TOTAL_TIME_SEC=wall_clock","NOT_PRESENT_IN_CURRENT_DRIVER"
k1_strong_scaling,RVV,cores,1,2026-10-03T06:54:47,k1-rvv,"GEMM_RVV_FP32_INT8_8x4_Baseline","RVV_IGEMM_INT8_I8I32_8x4","igemm_kernel_8x4_zvl256b_lmul1_unroll4_i8i32",8x4,256b,1,4,INT8_RVV,0-7,1,1,1024,1024,1024,32,7,OK,0,NONE,3.547402877,GOPS,0.605368,parallel_tiles_including_required_packing,DISABLED,0,0,"0:cpu0:tiles32","NA",static,0,"NA","NA","/home/bananapi/MAT/kernels riscv rvv 1.0/FINAL/riscv-gemm-optimization/microkernels/HETEROGENEOUS_RVV_IME_OPENMP_GEMM/results/openmp_results_k1-rvv_1024_20261003_065157/raw_logs/GEMM_RVV_FP32_INT8_8x4_Baseline_RVV_IGEMM_INT8_I8I32_8x4_igemm_kernel_8x4_zvl256b_lmul1_unroll4_i8i32_run7.log",11588362826,3585011441,0.3093630649,NA,NA,NA,"/home/bananapi/MAT/kernels riscv rvv 1.0/FINAL/riscv-gemm-optimization/microkernels/HETEROGENEOUS_RVV_IME_OPENMP_GEMM/results/openmp_results_k1-rvv_1024_20261003_065157/raw_logs/GEMM_RVV_FP32_INT8_8x4_Baseline_RVV_IGEMM_INT8_I8I32_8x4_igemm_kernel_8x4_zvl256b_lmul1_unroll4_i8i32_run7_perf.csv",0.128212910,3.418953590,0.000000000,"aggregate_worker_time;TOTAL_TIME_SEC=wall_clock","NOT_PRESENT_IN_CURRENT_DRIVER"
k1_strong_scaling,RVV,cores,2,2026-10-03T06:55:41,k1-rvv,"GEMM_RVV_FP32_INT8_8x4_Baseline","RVV_IGEMM_INT8_I8I32_8x4","igemm_kernel_8x4_zvl256b_lmul1_unroll4_i8i32",8x4,256b,1,4,INT8_RVV,0-7,2,2,1024,1024,1024,32,1,OK,0,NONE,1.789967127,GOPS,1.199734,parallel_tiles_including_required_packing,INDEPENDENT_INT64_REFERENCE_EXACT_INT32,0,0,"0:cpu0:tiles16;1:cpu1:tiles16","NA",static,0,"NA","NA","/home/bananapi/MAT/kernels riscv rvv 1.0/FINAL/riscv-gemm-optimization/microkernels/HETEROGENEOUS_RVV_IME_OPENMP_GEMM/results/openmp_results_k1-rvv_1024_20261003_065455/raw_logs/GEMM_RVV_FP32_INT8_8x4_Baseline_RVV_IGEMM_INT8_I8I32_8x4_igemm_kernel_8x4_zvl256b_lmul1_unroll4_i8i32_run1.log",114755744332,7277492026,0.06341723518,NA,NA,NA,"/home/bananapi/MAT/kernels riscv rvv 1.0/FINAL/riscv-gemm-optimization/microkernels/HETEROGENEOUS_RVV_IME_OPENMP_GEMM/results/openmp_results_k1-rvv_1024_20261003_065455/raw_logs/GEMM_RVV_FP32_INT8_8x4_Baseline_RVV_IGEMM_INT8_I8I32_8x4_igemm_kernel_8x4_zvl256b_lmul1_unroll4_i8i32_run1_perf.csv",0.137651298,3.429672293,0.000000000,"aggregate_worker_time;TOTAL_TIME_SEC=wall_clock","NOT_PRESENT_IN_CURRENT_DRIVER"
k1_strong_scaling,RVV,cores,2,2026-10-03T06:55:45,k1-rvv,"GEMM_RVV_FP32_INT8_8x4_Baseline","RVV_IGEMM_INT8_I8I32_8x4","igemm_kernel_8x4_zvl256b_lmul1_unroll4_i8i32",8x4,256b,1,4,INT8_RVV,0-7,2,2,1024,1024,1024,32,2,OK,0,NONE,1.787633292,GOPS,1.201300,parallel_tiles_including_required_packing,DISABLED,0,0,"0:cpu0:tiles16;1:cpu1:tiles16","NA",static,0,"NA","NA","/home/bananapi/MAT/kernels riscv rvv 1.0/FINAL/riscv-gemm-optimization/microkernels/HETEROGENEOUS_RVV_IME_OPENMP_GEMM/results/openmp_results_k1-rvv_1024_20261003_065455/raw_logs/GEMM_RVV_FP32_INT8_8x4_Baseline_RVV_IGEMM_INT8_I8I32_8x4_igemm_kernel_8x4_zvl256b_lmul1_unroll4_i8i32_run2.log",11519953987,3530390436,0.3064587272,NA,NA,NA,"/home/bananapi/MAT/kernels riscv rvv 1.0/FINAL/riscv-gemm-optimization/microkernels/HETEROGENEOUS_RVV_IME_OPENMP_GEMM/results/openmp_results_k1-rvv_1024_20261003_065455/raw_logs/GEMM_RVV_FP32_INT8_8x4_Baseline_RVV_IGEMM_INT8_I8I32_8x4_igemm_kernel_8x4_zvl256b_lmul1_unroll4_i8i32_run2_perf.csv",0.139105961,3.426794991,0.000000000,"aggregate_worker_time;TOTAL_TIME_SEC=wall_clock","NOT_PRESENT_IN_CURRENT_DRIVER"
k1_strong_scaling,RVV,cores,2,2026-10-03T06:55:50,k1-rvv,"GEMM_RVV_FP32_INT8_8x4_Baseline","RVV_IGEMM_INT8_I8I32_8x4","igemm_kernel_8x4_zvl256b_lmul1_unroll4_i8i32",8x4,256b,1,4,INT8_RVV,0-7,2,2,1024,1024,1024,32,3,OK,0,NONE,1.796642419,GOPS,1.195276,parallel_tiles_including_required_packing,DISABLED,0,0,"0:cpu0:tiles16;1:cpu1:tiles16","NA",static,0,"NA","NA","/home/bananapi/MAT/kernels riscv rvv 1.0/FINAL/riscv-gemm-optimization/microkernels/HETEROGENEOUS_RVV_IME_OPENMP_GEMM/results/openmp_results_k1-rvv_1024_20261003_065455/raw_logs/GEMM_RVV_FP32_INT8_8x4_Baseline_RVV_IGEMM_INT8_I8I32_8x4_igemm_kernel_8x4_zvl256b_lmul1_unroll4_i8i32_run3.log",11565605635,3471976067,0.3001983793,NA,NA,NA,"/home/bananapi/MAT/kernels riscv rvv 1.0/FINAL/riscv-gemm-optimization/microkernels/HETEROGENEOUS_RVV_IME_OPENMP_GEMM/results/openmp_results_k1-rvv_1024_20261003_065455/raw_logs/GEMM_RVV_FP32_INT8_8x4_Baseline_RVV_IGEMM_INT8_I8I32_8x4_igemm_kernel_8x4_zvl256b_lmul1_unroll4_i8i32_run3_perf.csv",0.166916959,3.423838969,0.000000000,"aggregate_worker_time;TOTAL_TIME_SEC=wall_clock","NOT_PRESENT_IN_CURRENT_DRIVER"
k1_strong_scaling,RVV,cores,2,2026-10-03T06:55:54,k1-rvv,"GEMM_RVV_FP32_INT8_8x4_Baseline","RVV_IGEMM_INT8_I8I32_8x4","igemm_kernel_8x4_zvl256b_lmul1_unroll4_i8i32",8x4,256b,1,4,INT8_RVV,0-7,2,2,1024,1024,1024,32,4,OK,0,NONE,1.793457378,GOPS,1.197399,parallel_tiles_including_required_packing,DISABLED,0,0,"0:cpu0:tiles16;1:cpu1:tiles16","NA",static,0,"NA","NA","/home/bananapi/MAT/kernels riscv rvv 1.0/FINAL/riscv-gemm-optimization/microkernels/HETEROGENEOUS_RVV_IME_OPENMP_GEMM/results/openmp_results_k1-rvv_1024_20261003_065455/raw_logs/GEMM_RVV_FP32_INT8_8x4_Baseline_RVV_IGEMM_INT8_I8I32_8x4_igemm_kernel_8x4_zvl256b_lmul1_unroll4_i8i32_run4.log",11535182147,3526125734,0.3056844434,NA,NA,NA,"/home/bananapi/MAT/kernels riscv rvv 1.0/FINAL/riscv-gemm-optimization/microkernels/HETEROGENEOUS_RVV_IME_OPENMP_GEMM/results/openmp_results_k1-rvv_1024_20261003_065455/raw_logs/GEMM_RVV_FP32_INT8_8x4_Baseline_RVV_IGEMM_INT8_I8I32_8x4_igemm_kernel_8x4_zvl256b_lmul1_unroll4_i8i32_run4_perf.csv",0.152696129,3.425998054,0.000000000,"aggregate_worker_time;TOTAL_TIME_SEC=wall_clock","NOT_PRESENT_IN_CURRENT_DRIVER"
k1_strong_scaling,RVV,cores,2,2026-10-03T06:55:58,k1-rvv,"GEMM_RVV_FP32_INT8_8x4_Baseline","RVV_IGEMM_INT8_I8I32_8x4","igemm_kernel_8x4_zvl256b_lmul1_unroll4_i8i32",8x4,256b,1,4,INT8_RVV,0-7,2,2,1024,1024,1024,32,5,OK,0,NONE,1.785313252,GOPS,1.202861,parallel_tiles_including_required_packing,DISABLED,0,0,"0:cpu0:tiles16;1:cpu1:tiles16","NA",static,0,"NA","NA","/home/bananapi/MAT/kernels riscv rvv 1.0/FINAL/riscv-gemm-optimization/microkernels/HETEROGENEOUS_RVV_IME_OPENMP_GEMM/results/openmp_results_k1-rvv_1024_20261003_065455/raw_logs/GEMM_RVV_FP32_INT8_8x4_Baseline_RVV_IGEMM_INT8_I8I32_8x4_igemm_kernel_8x4_zvl256b_lmul1_unroll4_i8i32_run5.log",11517650345,3561344537,0.309207558,NA,NA,NA,"/home/bananapi/MAT/kernels riscv rvv 1.0/FINAL/riscv-gemm-optimization/microkernels/HETEROGENEOUS_RVV_IME_OPENMP_GEMM/results/openmp_results_k1-rvv_1024_20261003_065455/raw_logs/GEMM_RVV_FP32_INT8_8x4_Baseline_RVV_IGEMM_INT8_I8I32_8x4_igemm_kernel_8x4_zvl256b_lmul1_unroll4_i8i32_run5_perf.csv",0.141808085,3.422940549,0.000000000,"aggregate_worker_time;TOTAL_TIME_SEC=wall_clock","NOT_PRESENT_IN_CURRENT_DRIVER"
k1_strong_scaling,RVV,cores,2,2026-10-03T06:56:02,k1-rvv,"GEMM_RVV_FP32_INT8_8x4_Baseline","RVV_IGEMM_INT8_I8I32_8x4","igemm_kernel_8x4_zvl256b_lmul1_unroll4_i8i32",8x4,256b,1,4,INT8_RVV,0-7,2,2,1024,1024,1024,32,6,OK,0,NONE,1.791160915,GOPS,1.198934,parallel_tiles_including_required_packing,DISABLED,0,0,"0:cpu0:tiles16;1:cpu1:tiles16","NA",static,0,"NA","NA","/home/bananapi/MAT/kernels riscv rvv 1.0/FINAL/riscv-gemm-optimization/microkernels/HETEROGENEOUS_RVV_IME_OPENMP_GEMM/results/openmp_results_k1-rvv_1024_20261003_065455/raw_logs/GEMM_RVV_FP32_INT8_8x4_Baseline_RVV_IGEMM_INT8_I8I32_8x4_igemm_kernel_8x4_zvl256b_lmul1_unroll4_i8i32_run6.log",11534631334,3550681890,0.3078279476,NA,NA,NA,"/home/bananapi/MAT/kernels riscv rvv 1.0/FINAL/riscv-gemm-optimization/microkernels/HETEROGENEOUS_RVV_IME_OPENMP_GEMM/results/openmp_results_k1-rvv_1024_20261003_065455/raw_logs/GEMM_RVV_FP32_INT8_8x4_Baseline_RVV_IGEMM_INT8_I8I32_8x4_igemm_kernel_8x4_zvl256b_lmul1_unroll4_i8i32_run6_perf.csv",0.155655496,3.421133131,0.000000000,"aggregate_worker_time;TOTAL_TIME_SEC=wall_clock","NOT_PRESENT_IN_CURRENT_DRIVER"
k1_strong_scaling,RVV,cores,2,2026-10-03T06:56:06,k1-rvv,"GEMM_RVV_FP32_INT8_8x4_Baseline","RVV_IGEMM_INT8_I8I32_8x4","igemm_kernel_8x4_zvl256b_lmul1_unroll4_i8i32",8x4,256b,1,4,INT8_RVV,0-7,2,2,1024,1024,1024,32,7,OK,0,NONE,1.787410460,GOPS,1.201450,parallel_tiles_including_required_packing,DISABLED,0,0,"0:cpu0:tiles16;1:cpu1:tiles16","NA",static,0,"NA","NA","/home/bananapi/MAT/kernels riscv rvv 1.0/FINAL/riscv-gemm-optimization/microkernels/HETEROGENEOUS_RVV_IME_OPENMP_GEMM/results/openmp_results_k1-rvv_1024_20261003_065455/raw_logs/GEMM_RVV_FP32_INT8_8x4_Baseline_RVV_IGEMM_INT8_I8I32_8x4_igemm_kernel_8x4_zvl256b_lmul1_unroll4_i8i32_run7.log",11519300994,3530197178,0.3064593225,NA,NA,NA,"/home/bananapi/MAT/kernels riscv rvv 1.0/FINAL/riscv-gemm-optimization/microkernels/HETEROGENEOUS_RVV_IME_OPENMP_GEMM/results/openmp_results_k1-rvv_1024_20261003_065455/raw_logs/GEMM_RVV_FP32_INT8_8x4_Baseline_RVV_IGEMM_INT8_I8I32_8x4_igemm_kernel_8x4_zvl256b_lmul1_unroll4_i8i32_run7_perf.csv",0.138670627,3.424379628,0.000000000,"aggregate_worker_time;TOTAL_TIME_SEC=wall_clock","NOT_PRESENT_IN_CURRENT_DRIVER"
k1_strong_scaling,RVV,cores,4,2026-10-03T06:56:58,k1-rvv,"GEMM_RVV_FP32_INT8_8x4_Baseline","RVV_IGEMM_INT8_I8I32_8x4","igemm_kernel_8x4_zvl256b_lmul1_unroll4_i8i32",8x4,256b,1,4,INT8_RVV,0-7,4,4,1024,1024,1024,32,1,OK,0,NONE,0.920071833,GOPS,2.334039,parallel_tiles_including_required_packing,INDEPENDENT_INT64_REFERENCE_EXACT_INT32,0,0,"0:cpu0:tiles8;1:cpu1:tiles8;2:cpu2:tiles8;3:cpu3:tiles8","NA",static,0,"NA","NA","/home/bananapi/MAT/kernels riscv rvv 1.0/FINAL/riscv-gemm-optimization/microkernels/HETEROGENEOUS_RVV_IME_OPENMP_GEMM/results/openmp_results_k1-rvv_1024_20261003_065614/raw_logs/GEMM_RVV_FP32_INT8_8x4_Baseline_RVV_IGEMM_INT8_I8I32_8x4_igemm_kernel_8x4_zvl256b_lmul1_unroll4_i8i32_run1.log",212877008430,7526475996,0.03535598349,NA,NA,NA,"/home/bananapi/MAT/kernels riscv rvv 1.0/FINAL/riscv-gemm-optimization/microkernels/HETEROGENEOUS_RVV_IME_OPENMP_GEMM/results/openmp_results_k1-rvv_1024_20261003_065614/raw_logs/GEMM_RVV_FP32_INT8_8x4_Baseline_RVV_IGEMM_INT8_I8I32_8x4_igemm_kernel_8x4_zvl256b_lmul1_unroll4_i8i32_run1_perf.csv",0.212816894,3.439993117,0.000000000,"aggregate_worker_time;TOTAL_TIME_SEC=wall_clock","NOT_PRESENT_IN_CURRENT_DRIVER"
k1_strong_scaling,RVV,cores,4,2026-10-03T06:57:00,k1-rvv,"GEMM_RVV_FP32_INT8_8x4_Baseline","RVV_IGEMM_INT8_I8I32_8x4","igemm_kernel_8x4_zvl256b_lmul1_unroll4_i8i32",8x4,256b,1,4,INT8_RVV,0-7,4,4,1024,1024,1024,32,2,OK,0,NONE,0.917581126,GOPS,2.340375,parallel_tiles_including_required_packing,DISABLED,0,0,"0:cpu0:tiles8;1:cpu1:tiles8;2:cpu2:tiles8;3:cpu3:tiles8","NA",static,0,"NA","NA","/home/bananapi/MAT/kernels riscv rvv 1.0/FINAL/riscv-gemm-optimization/microkernels/HETEROGENEOUS_RVV_IME_OPENMP_GEMM/results/openmp_results_k1-rvv_1024_20261003_065614/raw_logs/GEMM_RVV_FP32_INT8_8x4_Baseline_RVV_IGEMM_INT8_I8I32_8x4_igemm_kernel_8x4_zvl256b_lmul1_unroll4_i8i32_run2.log",11817335210,3531780106,0.2988643415,NA,NA,NA,"/home/bananapi/MAT/kernels riscv rvv 1.0/FINAL/riscv-gemm-optimization/microkernels/HETEROGENEOUS_RVV_IME_OPENMP_GEMM/results/openmp_results_k1-rvv_1024_20261003_065614/raw_logs/GEMM_RVV_FP32_INT8_8x4_Baseline_RVV_IGEMM_INT8_I8I32_8x4_igemm_kernel_8x4_zvl256b_lmul1_unroll4_i8i32_run2_perf.csv",0.202177715,3.439782295,0.000000000,"aggregate_worker_time;TOTAL_TIME_SEC=wall_clock","NOT_PRESENT_IN_CURRENT_DRIVER"
k1_strong_scaling,RVV,cores,4,2026-10-03T06:57:03,k1-rvv,"GEMM_RVV_FP32_INT8_8x4_Baseline","RVV_IGEMM_INT8_I8I32_8x4","igemm_kernel_8x4_zvl256b_lmul1_unroll4_i8i32",8x4,256b,1,4,INT8_RVV,0-7,4,4,1024,1024,1024,32,3,OK,0,NONE,0.927211542,GOPS,2.316067,parallel_tiles_including_required_packing,DISABLED,0,0,"0:cpu0:tiles8;1:cpu1:tiles8;2:cpu2:tiles8;3:cpu3:tiles8","NA",static,0,"NA","NA","/home/bananapi/MAT/kernels riscv rvv 1.0/FINAL/riscv-gemm-optimization/microkernels/HETEROGENEOUS_RVV_IME_OPENMP_GEMM/results/openmp_results_k1-rvv_1024_20261003_065614/raw_logs/GEMM_RVV_FP32_INT8_8x4_Baseline_RVV_IGEMM_INT8_I8I32_8x4_igemm_kernel_8x4_zvl256b_lmul1_unroll4_i8i32_run3.log",11884134939,3528722742,0.2969271857,NA,NA,NA,"/home/bananapi/MAT/kernels riscv rvv 1.0/FINAL/riscv-gemm-optimization/microkernels/HETEROGENEOUS_RVV_IME_OPENMP_GEMM/results/openmp_results_k1-rvv_1024_20261003_065614/raw_logs/GEMM_RVV_FP32_INT8_8x4_Baseline_RVV_IGEMM_INT8_I8I32_8x4_igemm_kernel_8x4_zvl256b_lmul1_unroll4_i8i32_run3_perf.csv",0.251796070,3.435388424,0.000000000,"aggregate_worker_time;TOTAL_TIME_SEC=wall_clock","NOT_PRESENT_IN_CURRENT_DRIVER"
k1_strong_scaling,RVV,cores,4,2026-10-03T06:57:05,k1-rvv,"GEMM_RVV_FP32_INT8_8x4_Baseline","RVV_IGEMM_INT8_I8I32_8x4","igemm_kernel_8x4_zvl256b_lmul1_unroll4_i8i32",8x4,256b,1,4,INT8_RVV,0-7,4,4,1024,1024,1024,32,4,OK,0,NONE,0.923665583,GOPS,2.324958,parallel_tiles_including_required_packing,DISABLED,0,0,"0:cpu0:tiles8;1:cpu1:tiles8;2:cpu2:tiles8;3:cpu3:tiles8","NA",static,0,"NA","NA","/home/bananapi/MAT/kernels riscv rvv 1.0/FINAL/riscv-gemm-optimization/microkernels/HETEROGENEOUS_RVV_IME_OPENMP_GEMM/results/openmp_results_k1-rvv_1024_20261003_065614/raw_logs/GEMM_RVV_FP32_INT8_8x4_Baseline_RVV_IGEMM_INT8_I8I32_8x4_igemm_kernel_8x4_zvl256b_lmul1_unroll4_i8i32_run4.log",11872347682,3542246878,0.2983611138,NA,NA,NA,"/home/bananapi/MAT/kernels riscv rvv 1.0/FINAL/riscv-gemm-optimization/microkernels/HETEROGENEOUS_RVV_IME_OPENMP_GEMM/results/openmp_results_k1-rvv_1024_20261003_065614/raw_logs/GEMM_RVV_FP32_INT8_8x4_Baseline_RVV_IGEMM_INT8_I8I32_8x4_igemm_kernel_8x4_zvl256b_lmul1_unroll4_i8i32_run4_perf.csv",0.238967955,3.435646161,0.000000000,"aggregate_worker_time;TOTAL_TIME_SEC=wall_clock","NOT_PRESENT_IN_CURRENT_DRIVER"
k1_strong_scaling,RVV,cores,4,2026-10-03T06:57:07,k1-rvv,"GEMM_RVV_FP32_INT8_8x4_Baseline","RVV_IGEMM_INT8_I8I32_8x4","igemm_kernel_8x4_zvl256b_lmul1_unroll4_i8i32",8x4,256b,1,4,INT8_RVV,0-7,4,4,1024,1024,1024,32,5,OK,0,NONE,0.927955959,GOPS,2.314209,parallel_tiles_including_required_packing,DISABLED,0,0,"0:cpu0:tiles8;1:cpu1:tiles8;2:cpu2:tiles8;3:cpu3:tiles8","NA",static,0,"NA","NA","/home/bananapi/MAT/kernels riscv rvv 1.0/FINAL/riscv-gemm-optimization/microkernels/HETEROGENEOUS_RVV_IME_OPENMP_GEMM/results/openmp_results_k1-rvv_1024_20261003_065614/raw_logs/GEMM_RVV_FP32_INT8_8x4_Baseline_RVV_IGEMM_INT8_I8I32_8x4_igemm_kernel_8x4_zvl256b_lmul1_unroll4_i8i32_run5.log",11907219712,3539165349,0.2972285248,NA,NA,NA,"/home/bananapi/MAT/kernels riscv rvv 1.0/FINAL/riscv-gemm-optimization/microkernels/HETEROGENEOUS_RVV_IME_OPENMP_GEMM/results/openmp_results_k1-rvv_1024_20261003_065614/raw_logs/GEMM_RVV_FP32_INT8_8x4_Baseline_RVV_IGEMM_INT8_I8I32_8x4_igemm_kernel_8x4_zvl256b_lmul1_unroll4_i8i32_run5_perf.csv",0.256477088,3.435202084,0.000000000,"aggregate_worker_time;TOTAL_TIME_SEC=wall_clock","NOT_PRESENT_IN_CURRENT_DRIVER"
k1_strong_scaling,RVV,cores,4,2026-10-03T06:57:10,k1-rvv,"GEMM_RVV_FP32_INT8_8x4_Baseline","RVV_IGEMM_INT8_I8I32_8x4","igemm_kernel_8x4_zvl256b_lmul1_unroll4_i8i32",8x4,256b,1,4,INT8_RVV,0-7,4,4,1024,1024,1024,32,6,OK,0,NONE,0.931835666,GOPS,2.304573,parallel_tiles_including_required_packing,DISABLED,0,0,"0:cpu0:tiles8;1:cpu1:tiles8;2:cpu2:tiles8;3:cpu3:tiles8","NA",static,0,"NA","NA","/home/bananapi/MAT/kernels riscv rvv 1.0/FINAL/riscv-gemm-optimization/microkernels/HETEROGENEOUS_RVV_IME_OPENMP_GEMM/results/openmp_results_k1-rvv_1024_20261003_065614/raw_logs/GEMM_RVV_FP32_INT8_8x4_Baseline_RVV_IGEMM_INT8_I8I32_8x4_igemm_kernel_8x4_zvl256b_lmul1_unroll4_i8i32_run6.log",11807193024,3540116652,0.2998271177,NA,NA,NA,"/home/bananapi/MAT/kernels riscv rvv 1.0/FINAL/riscv-gemm-optimization/microkernels/HETEROGENEOUS_RVV_IME_OPENMP_GEMM/results/openmp_results_k1-rvv_1024_20261003_065614/raw_logs/GEMM_RVV_FP32_INT8_8x4_Baseline_RVV_IGEMM_INT8_I8I32_8x4_igemm_kernel_8x4_zvl256b_lmul1_unroll4_i8i32_run6_perf.csv",0.222357370,3.456884161,0.000000000,"aggregate_worker_time;TOTAL_TIME_SEC=wall_clock","NOT_PRESENT_IN_CURRENT_DRIVER"
k1_strong_scaling,RVV,cores,4,2026-10-03T06:57:12,k1-rvv,"GEMM_RVV_FP32_INT8_8x4_Baseline","RVV_IGEMM_INT8_I8I32_8x4","igemm_kernel_8x4_zvl256b_lmul1_unroll4_i8i32",8x4,256b,1,4,INT8_RVV,0-7,4,4,1024,1024,1024,32,7,OK,0,NONE,0.926955417,GOPS,2.316707,parallel_tiles_including_required_packing,DISABLED,0,0,"0:cpu0:tiles8;1:cpu1:tiles8;2:cpu2:tiles8;3:cpu3:tiles8","NA",static,0,"NA","NA","/home/bananapi/MAT/kernels riscv rvv 1.0/FINAL/riscv-gemm-optimization/microkernels/HETEROGENEOUS_RVV_IME_OPENMP_GEMM/results/openmp_results_k1-rvv_1024_20261003_065614/raw_logs/GEMM_RVV_FP32_INT8_8x4_Baseline_RVV_IGEMM_INT8_I8I32_8x4_igemm_kernel_8x4_zvl256b_lmul1_unroll4_i8i32_run7.log",11894372596,3538861467,0.297524013,NA,NA,NA,"/home/bananapi/MAT/kernels riscv rvv 1.0/FINAL/riscv-gemm-optimization/microkernels/HETEROGENEOUS_RVV_IME_OPENMP_GEMM/results/openmp_results_k1-rvv_1024_20261003_065614/raw_logs/GEMM_RVV_FP32_INT8_8x4_Baseline_RVV_IGEMM_INT8_I8I32_8x4_igemm_kernel_8x4_zvl256b_lmul1_unroll4_i8i32_run7_perf.csv",0.249138005,3.439816199,0.000000000,"aggregate_worker_time;TOTAL_TIME_SEC=wall_clock","NOT_PRESENT_IN_CURRENT_DRIVER"
k1_strong_scaling,RVV,cores,8,2026-10-03T06:57:57,k1-rvv,"GEMM_RVV_FP32_INT8_8x4_Baseline","RVV_IGEMM_INT8_I8I32_8x4","igemm_kernel_8x4_zvl256b_lmul1_unroll4_i8i32",8x4,256b,1,4,INT8_RVV,0-7,8,8,1024,1024,1024,32,1,OK,0,NONE,0.478299085,GOPS,4.489834,parallel_tiles_including_required_packing,INDEPENDENT_INT64_REFERENCE_EXACT_INT32,0,0,"0:cpu0:tiles4;1:cpu1:tiles4;2:cpu2:tiles4;3:cpu3:tiles4;4:cpu4:tiles4;5:cpu5:tiles4;6:cpu6:tiles4;7:cpu7:tiles4","NA",static,0,"NA","NA","/home/bananapi/MAT/kernels riscv rvv 1.0/FINAL/riscv-gemm-optimization/microkernels/HETEROGENEOUS_RVV_IME_OPENMP_GEMM/results/openmp_results_k1-rvv_1024_20261003_065721/raw_logs/GEMM_RVV_FP32_INT8_8x4_Baseline_RVV_IGEMM_INT8_I8I32_8x4_igemm_kernel_8x4_zvl256b_lmul1_unroll4_i8i32_run1.log",314683495532,7739029092,0.02459305684,NA,NA,NA,"/home/bananapi/MAT/kernels riscv rvv 1.0/FINAL/riscv-gemm-optimization/microkernels/HETEROGENEOUS_RVV_IME_OPENMP_GEMM/results/openmp_results_k1-rvv_1024_20261003_065721/raw_logs/GEMM_RVV_FP32_INT8_8x4_Baseline_RVV_IGEMM_INT8_I8I32_8x4_igemm_kernel_8x4_zvl256b_lmul1_unroll4_i8i32_run1_perf.csv",0.309764836,3.463367168,0.000000000,"aggregate_worker_time;TOTAL_TIME_SEC=wall_clock","NOT_PRESENT_IN_CURRENT_DRIVER"
k1_strong_scaling,RVV,cores,8,2026-10-03T06:57:58,k1-rvv,"GEMM_RVV_FP32_INT8_8x4_Baseline","RVV_IGEMM_INT8_I8I32_8x4","igemm_kernel_8x4_zvl256b_lmul1_unroll4_i8i32",8x4,256b,1,4,INT8_RVV,0-7,8,8,1024,1024,1024,32,2,OK,0,NONE,0.478485916,GOPS,4.488081,parallel_tiles_including_required_packing,DISABLED,0,0,"0:cpu0:tiles4;1:cpu1:tiles4;2:cpu2:tiles4;3:cpu3:tiles4;4:cpu4:tiles4;5:cpu5:tiles4;6:cpu6:tiles4;7:cpu7:tiles4","NA",static,0,"NA","NA","/home/bananapi/MAT/kernels riscv rvv 1.0/FINAL/riscv-gemm-optimization/microkernels/HETEROGENEOUS_RVV_IME_OPENMP_GEMM/results/openmp_results_k1-rvv_1024_20261003_065721/raw_logs/GEMM_RVV_FP32_INT8_8x4_Baseline_RVV_IGEMM_INT8_I8I32_8x4_igemm_kernel_8x4_zvl256b_lmul1_unroll4_i8i32_run2.log",12213228852,3584627320,0.293503656,NA,NA,NA,"/home/bananapi/MAT/kernels riscv rvv 1.0/FINAL/riscv-gemm-optimization/microkernels/HETEROGENEOUS_RVV_IME_OPENMP_GEMM/results/openmp_results_k1-rvv_1024_20261003_065721/raw_logs/GEMM_RVV_FP32_INT8_8x4_Baseline_RVV_IGEMM_INT8_I8I32_8x4_igemm_kernel_8x4_zvl256b_lmul1_unroll4_i8i32_run2_perf.csv",0.324233893,3.465640891,0.000000000,"aggregate_worker_time;TOTAL_TIME_SEC=wall_clock","NOT_PRESENT_IN_CURRENT_DRIVER"
k1_strong_scaling,RVV,cores,8,2026-10-03T06:58:00,k1-rvv,"GEMM_RVV_FP32_INT8_8x4_Baseline","RVV_IGEMM_INT8_I8I32_8x4","igemm_kernel_8x4_zvl256b_lmul1_unroll4_i8i32",8x4,256b,1,4,INT8_RVV,0-7,8,8,1024,1024,1024,32,3,OK,0,NONE,0.476138085,GOPS,4.510212,parallel_tiles_including_required_packing,DISABLED,0,0,"0:cpu0:tiles4;1:cpu1:tiles4;2:cpu2:tiles4;3:cpu3:tiles4;4:cpu4:tiles4;5:cpu5:tiles4;6:cpu6:tiles4;7:cpu7:tiles4","NA",static,0,"NA","NA","/home/bananapi/MAT/kernels riscv rvv 1.0/FINAL/riscv-gemm-optimization/microkernels/HETEROGENEOUS_RVV_IME_OPENMP_GEMM/results/openmp_results_k1-rvv_1024_20261003_065721/raw_logs/GEMM_RVV_FP32_INT8_8x4_Baseline_RVV_IGEMM_INT8_I8I32_8x4_igemm_kernel_8x4_zvl256b_lmul1_unroll4_i8i32_run3.log",12200400183,3574734802,0.2930014383,NA,NA,NA,"/home/bananapi/MAT/kernels riscv rvv 1.0/FINAL/riscv-gemm-optimization/microkernels/HETEROGENEOUS_RVV_IME_OPENMP_GEMM/results/openmp_results_k1-rvv_1024_20261003_065721/raw_logs/GEMM_RVV_FP32_INT8_8x4_Baseline_RVV_IGEMM_INT8_I8I32_8x4_igemm_kernel_8x4_zvl256b_lmul1_unroll4_i8i32_run3_perf.csv",0.317135297,3.457995784,0.000000000,"aggregate_worker_time;TOTAL_TIME_SEC=wall_clock","NOT_PRESENT_IN_CURRENT_DRIVER"
k1_strong_scaling,RVV,cores,8,2026-10-03T06:58:01,k1-rvv,"GEMM_RVV_FP32_INT8_8x4_Baseline","RVV_IGEMM_INT8_I8I32_8x4","igemm_kernel_8x4_zvl256b_lmul1_unroll4_i8i32",8x4,256b,1,4,INT8_RVV,0-7,8,8,1024,1024,1024,32,4,OK,0,NONE,0.482432000,GOPS,4.451371,parallel_tiles_including_required_packing,DISABLED,0,0,"0:cpu0:tiles4;1:cpu1:tiles4;2:cpu2:tiles4;3:cpu3:tiles4;4:cpu4:tiles4;5:cpu5:tiles4;6:cpu6:tiles4;7:cpu7:tiles4","NA",static,0,"NA","NA","/home/bananapi/MAT/kernels riscv rvv 1.0/FINAL/riscv-gemm-optimization/microkernels/HETEROGENEOUS_RVV_IME_OPENMP_GEMM/results/openmp_results_k1-rvv_1024_20261003_065721/raw_logs/GEMM_RVV_FP32_INT8_8x4_Baseline_RVV_IGEMM_INT8_I8I32_8x4_igemm_kernel_8x4_zvl256b_lmul1_unroll4_i8i32_run4.log",12186554750,3573222244,0.2932102073,NA,NA,NA,"/home/bananapi/MAT/kernels riscv rvv 1.0/FINAL/riscv-gemm-optimization/microkernels/HETEROGENEOUS_RVV_IME_OPENMP_GEMM/results/openmp_results_k1-rvv_1024_20261003_065721/raw_logs/GEMM_RVV_FP32_INT8_8x4_Baseline_RVV_IGEMM_INT8_I8I32_8x4_igemm_kernel_8x4_zvl256b_lmul1_unroll4_i8i32_run4_perf.csv",0.329590000,3.467004813,0.000000000,"aggregate_worker_time;TOTAL_TIME_SEC=wall_clock","NOT_PRESENT_IN_CURRENT_DRIVER"
k1_strong_scaling,RVV,cores,8,2026-10-03T06:58:03,k1-rvv,"GEMM_RVV_FP32_INT8_8x4_Baseline","RVV_IGEMM_INT8_I8I32_8x4","igemm_kernel_8x4_zvl256b_lmul1_unroll4_i8i32",8x4,256b,1,4,INT8_RVV,0-7,8,8,1024,1024,1024,32,5,OK,0,NONE,0.485405374,GOPS,4.424104,parallel_tiles_including_required_packing,DISABLED,0,0,"0:cpu0:tiles4;1:cpu1:tiles4;2:cpu2:tiles4;3:cpu3:tiles4;4:cpu4:tiles4;5:cpu5:tiles4;6:cpu6:tiles4;7:cpu7:tiles4","NA",static,0,"NA","NA","/home/bananapi/MAT/kernels riscv rvv 1.0/FINAL/riscv-gemm-optimization/microkernels/HETEROGENEOUS_RVV_IME_OPENMP_GEMM/results/openmp_results_k1-rvv_1024_20261003_065721/raw_logs/GEMM_RVV_FP32_INT8_8x4_Baseline_RVV_IGEMM_INT8_I8I32_8x4_igemm_kernel_8x4_zvl256b_lmul1_unroll4_i8i32_run5.log",12169942979,3579033787,0.2940879668,NA,NA,NA,"/home/bananapi/MAT/kernels riscv rvv 1.0/FINAL/riscv-gemm-optimization/microkernels/HETEROGENEOUS_RVV_IME_OPENMP_GEMM/results/openmp_results_k1-rvv_1024_20261003_065721/raw_logs/GEMM_RVV_FP32_INT8_8x4_Baseline_RVV_IGEMM_INT8_I8I32_8x4_igemm_kernel_8x4_zvl256b_lmul1_unroll4_i8i32_run5_perf.csv",0.291250043,3.487062130,0.000000000,"aggregate_worker_time;TOTAL_TIME_SEC=wall_clock","NOT_PRESENT_IN_CURRENT_DRIVER"
k1_strong_scaling,RVV,cores,8,2026-10-03T06:58:04,k1-rvv,"GEMM_RVV_FP32_INT8_8x4_Baseline","RVV_IGEMM_INT8_I8I32_8x4","igemm_kernel_8x4_zvl256b_lmul1_unroll4_i8i32",8x4,256b,1,4,INT8_RVV,0-7,8,8,1024,1024,1024,32,6,OK,0,NONE,0.478632167,GOPS,4.486710,parallel_tiles_including_required_packing,DISABLED,0,0,"0:cpu0:tiles4;1:cpu1:tiles4;2:cpu2:tiles4;3:cpu3:tiles4;4:cpu4:tiles4;5:cpu5:tiles4;6:cpu6:tiles4;7:cpu7:tiles4","NA",static,0,"NA","NA","/home/bananapi/MAT/kernels riscv rvv 1.0/FINAL/riscv-gemm-optimization/microkernels/HETEROGENEOUS_RVV_IME_OPENMP_GEMM/results/openmp_results_k1-rvv_1024_20261003_065721/raw_logs/GEMM_RVV_FP32_INT8_8x4_Baseline_RVV_IGEMM_INT8_I8I32_8x4_igemm_kernel_8x4_zvl256b_lmul1_unroll4_i8i32_run6.log",12228613129,3588662015,0.293464351,NA,NA,NA,"/home/bananapi/MAT/kernels riscv rvv 1.0/FINAL/riscv-gemm-optimization/microkernels/HETEROGENEOUS_RVV_IME_OPENMP_GEMM/results/openmp_results_k1-rvv_1024_20261003_065721/raw_logs/GEMM_RVV_FP32_INT8_8x4_Baseline_RVV_IGEMM_INT8_I8I32_8x4_igemm_kernel_8x4_zvl256b_lmul1_unroll4_i8i32_run6_perf.csv",0.331712257,3.462036371,0.000000000,"aggregate_worker_time;TOTAL_TIME_SEC=wall_clock","NOT_PRESENT_IN_CURRENT_DRIVER"
k1_strong_scaling,RVV,cores,8,2026-10-03T06:58:06,k1-rvv,"GEMM_RVV_FP32_INT8_8x4_Baseline","RVV_IGEMM_INT8_I8I32_8x4","igemm_kernel_8x4_zvl256b_lmul1_unroll4_i8i32",8x4,256b,1,4,INT8_RVV,0-7,8,8,1024,1024,1024,32,7,OK,0,NONE,0.481143501,GOPS,4.463291,parallel_tiles_including_required_packing,DISABLED,0,0,"0:cpu0:tiles4;1:cpu1:tiles4;2:cpu2:tiles4;3:cpu3:tiles4;4:cpu4:tiles4;5:cpu5:tiles4;6:cpu6:tiles4;7:cpu7:tiles4","NA",static,0,"NA","NA","/home/bananapi/MAT/kernels riscv rvv 1.0/FINAL/riscv-gemm-optimization/microkernels/HETEROGENEOUS_RVV_IME_OPENMP_GEMM/results/openmp_results_k1-rvv_1024_20261003_065721/raw_logs/GEMM_RVV_FP32_INT8_8x4_Baseline_RVV_IGEMM_INT8_I8I32_8x4_igemm_kernel_8x4_zvl256b_lmul1_unroll4_i8i32_run7.log",12243866268,3592186544,0.2933866203,NA,NA,NA,"/home/bananapi/MAT/kernels riscv rvv 1.0/FINAL/riscv-gemm-optimization/microkernels/HETEROGENEOUS_RVV_IME_OPENMP_GEMM/results/openmp_results_k1-rvv_1024_20261003_065721/raw_logs/GEMM_RVV_FP32_INT8_8x4_Baseline_RVV_IGEMM_INT8_I8I32_8x4_igemm_kernel_8x4_zvl256b_lmul1_unroll4_i8i32_run7_perf.csv",0.354538664,3.459631171,0.000000000,"aggregate_worker_time;TOTAL_TIME_SEC=wall_clock","NOT_PRESENT_IN_CURRENT_DRIVER"
k1_strong_scaling,IME,cores,1,2026-10-03T07:00:10,k1-ime,"IME_NATIVE_KERNELS","IME_GEMM_INT8_I8I32_8x4_NATIVE","ime_kernel_8x4_zvl256b_lmul1_unroll4",8x4,256b,1,4,INT8_IME,0-3,1,1,1024,1024,1024,32,1,OK,0,NONE,0.284556415,GOPS,7.546776,parallel_tiles_including_required_packing,INDEPENDENT_INT64_REFERENCE_EXACT_INT32,0,0,"0:cpu0:tiles32","NA",static,0,"NA","NA","/home/bananapi/MAT/kernels riscv rvv 1.0/FINAL/riscv-gemm-optimization/microkernels/HETEROGENEOUS_RVV_IME_OPENMP_GEMM/results/openmp_results_k1-ime_1024_20261003_065814/raw_logs/IME_NATIVE_KERNELS_IME_GEMM_INT8_I8I32_8x4_NATIVE_ime_kernel_8x4_zvl256b_lmul1_unroll4_run1.log",168675152787,4774253407,0.02830442616,NA,NA,NA,"/home/bananapi/MAT/kernels riscv rvv 1.0/FINAL/riscv-gemm-optimization/microkernels/HETEROGENEOUS_RVV_IME_OPENMP_GEMM/results/openmp_results_k1-ime_1024_20261003_065814/raw_logs/IME_NATIVE_KERNELS_IME_GEMM_INT8_I8I32_8x4_NATIVE_ime_kernel_8x4_zvl256b_lmul1_unroll4_run1_perf.csv",0.001205716,0.283148956,0.000000000,"aggregate_worker_time;TOTAL_TIME_SEC=wall_clock","NOT_PRESENT_IN_CURRENT_DRIVER"
k1_strong_scaling,IME,cores,1,2026-10-03T07:00:11,k1-ime,"IME_NATIVE_KERNELS","IME_GEMM_INT8_I8I32_8x4_NATIVE","ime_kernel_8x4_zvl256b_lmul1_unroll4",8x4,256b,1,4,INT8_IME,0-3,1,1,1024,1024,1024,32,2,OK,0,NONE,0.317609917,GOPS,6.761387,parallel_tiles_including_required_packing,DISABLED,0,0,"0:cpu0:tiles32","NA",static,0,"NA","NA","/home/bananapi/MAT/kernels riscv rvv 1.0/FINAL/riscv-gemm-optimization/microkernels/HETEROGENEOUS_RVV_IME_OPENMP_GEMM/results/openmp_results_k1-ime_1024_20261003_065814/raw_logs/IME_NATIVE_KERNELS_IME_GEMM_INT8_I8I32_8x4_NATIVE_ime_kernel_8x4_zvl256b_lmul1_unroll4_run2.log",1145936107,570388046,0.497748559,NA,NA,NA,"/home/bananapi/MAT/kernels riscv rvv 1.0/FINAL/riscv-gemm-optimization/microkernels/HETEROGENEOUS_RVV_IME_OPENMP_GEMM/results/openmp_results_k1-ime_1024_20261003_065814/raw_logs/IME_NATIVE_KERNELS_IME_GEMM_INT8_I8I32_8x4_NATIVE_ime_kernel_8x4_zvl256b_lmul1_unroll4_run2_perf.csv",0.001184408,0.316240240,0.000000000,"aggregate_worker_time;TOTAL_TIME_SEC=wall_clock","NOT_PRESENT_IN_CURRENT_DRIVER"
k1_strong_scaling,IME,cores,1,2026-10-03T07:00:12,k1-ime,"IME_NATIVE_KERNELS","IME_GEMM_INT8_I8I32_8x4_NATIVE","ime_kernel_8x4_zvl256b_lmul1_unroll4",8x4,256b,1,4,INT8_IME,0-3,1,1,1024,1024,1024,32,3,OK,0,NONE,0.228053626,GOPS,9.416573,parallel_tiles_including_required_packing,DISABLED,0,0,"0:cpu0:tiles32","NA",static,0,"NA","NA","/home/bananapi/MAT/kernels riscv rvv 1.0/FINAL/riscv-gemm-optimization/microkernels/HETEROGENEOUS_RVV_IME_OPENMP_GEMM/results/openmp_results_k1-ime_1024_20261003_065814/raw_logs/IME_NATIVE_KERNELS_IME_GEMM_INT8_I8I32_8x4_NATIVE_ime_kernel_8x4_zvl256b_lmul1_unroll4_run3.log",843563466,572394914,0.6785439828,NA,NA,NA,"/home/bananapi/MAT/kernels riscv rvv 1.0/FINAL/riscv-gemm-optimization/microkernels/HETEROGENEOUS_RVV_IME_OPENMP_GEMM/results/openmp_results_k1-ime_1024_20261003_065814/raw_logs/IME_NATIVE_KERNELS_IME_GEMM_INT8_I8I32_8x4_NATIVE_ime_kernel_8x4_zvl256b_lmul1_unroll4_run3_perf.csv",0.001285374,0.226590056,0.000000000,"aggregate_worker_time;TOTAL_TIME_SEC=wall_clock","NOT_PRESENT_IN_CURRENT_DRIVER"
k1_strong_scaling,IME,cores,1,2026-10-03T07:00:13,k1-ime,"IME_NATIVE_KERNELS","IME_GEMM_INT8_I8I32_8x4_NATIVE","ime_kernel_8x4_zvl256b_lmul1_unroll4",8x4,256b,1,4,INT8_IME,0-3,1,1,1024,1024,1024,32,4,OK,0,NONE,0.253280334,GOPS,8.478683,parallel_tiles_including_required_packing,DISABLED,0,0,"0:cpu0:tiles32","NA",static,0,"NA","NA","/home/bananapi/MAT/kernels riscv rvv 1.0/FINAL/riscv-gemm-optimization/microkernels/HETEROGENEOUS_RVV_IME_OPENMP_GEMM/results/openmp_results_k1-ime_1024_20261003_065814/raw_logs/IME_NATIVE_KERNELS_IME_GEMM_INT8_I8I32_8x4_NATIVE_ime_kernel_8x4_zvl256b_lmul1_unroll4_run4.log",924925810,568302466,0.614430325,NA,NA,NA,"/home/bananapi/MAT/kernels riscv rvv 1.0/FINAL/riscv-gemm-optimization/microkernels/HETEROGENEOUS_RVV_IME_OPENMP_GEMM/results/openmp_results_k1-ime_1024_20261003_065814/raw_logs/IME_NATIVE_KERNELS_IME_GEMM_INT8_I8I32_8x4_NATIVE_ime_kernel_8x4_zvl256b_lmul1_unroll4_run4_perf.csv",0.001110841,0.251983397,0.000000000,"aggregate_worker_time;TOTAL_TIME_SEC=wall_clock","NOT_PRESENT_IN_CURRENT_DRIVER"
k1_strong_scaling,IME,cores,1,2026-10-03T07:00:15,k1-ime,"IME_NATIVE_KERNELS","IME_GEMM_INT8_I8I32_8x4_NATIVE","ime_kernel_8x4_zvl256b_lmul1_unroll4",8x4,256b,1,4,INT8_IME,0-3,1,1,1024,1024,1024,32,5,OK,0,NONE,0.407221876,GOPS,5.273498,parallel_tiles_including_required_packing,DISABLED,0,0,"0:cpu0:tiles32","NA",static,0,"NA","NA","/home/bananapi/MAT/kernels riscv rvv 1.0/FINAL/riscv-gemm-optimization/microkernels/HETEROGENEOUS_RVV_IME_OPENMP_GEMM/results/openmp_results_k1-ime_1024_20261003_065814/raw_logs/IME_NATIVE_KERNELS_IME_GEMM_INT8_I8I32_8x4_NATIVE_ime_kernel_8x4_zvl256b_lmul1_unroll4_run5.log",1330601850,572877620,0.4305402251,NA,NA,NA,"/home/bananapi/MAT/kernels riscv rvv 1.0/FINAL/riscv-gemm-optimization/microkernels/HETEROGENEOUS_RVV_IME_OPENMP_GEMM/results/openmp_results_k1-ime_1024_20261003_065814/raw_logs/IME_NATIVE_KERNELS_IME_GEMM_INT8_I8I32_8x4_NATIVE_ime_kernel_8x4_zvl256b_lmul1_unroll4_run5_perf.csv",0.001276929,0.405680381,0.000000000,"aggregate_worker_time;TOTAL_TIME_SEC=wall_clock","NOT_PRESENT_IN_CURRENT_DRIVER"
k1_strong_scaling,IME,cores,1,2026-10-03T07:00:16,k1-ime,"IME_NATIVE_KERNELS","IME_GEMM_INT8_I8I32_8x4_NATIVE","ime_kernel_8x4_zvl256b_lmul1_unroll4",8x4,256b,1,4,INT8_IME,0-3,1,1,1024,1024,1024,32,6,OK,0,NONE,0.257203460,GOPS,8.349358,parallel_tiles_including_required_packing,DISABLED,0,0,"0:cpu0:tiles32","NA",static,0,"NA","NA","/home/bananapi/MAT/kernels riscv rvv 1.0/FINAL/riscv-gemm-optimization/microkernels/HETEROGENEOUS_RVV_IME_OPENMP_GEMM/results/openmp_results_k1-ime_1024_20261003_065814/raw_logs/IME_NATIVE_KERNELS_IME_GEMM_INT8_I8I32_8x4_NATIVE_ime_kernel_8x4_zvl256b_lmul1_unroll4_run6.log",915569841,572887484,0.6257168578,NA,NA,NA,"/home/bananapi/MAT/kernels riscv rvv 1.0/FINAL/riscv-gemm-optimization/microkernels/HETEROGENEOUS_RVV_IME_OPENMP_GEMM/results/openmp_results_k1-ime_1024_20261003_065814/raw_logs/IME_NATIVE_KERNELS_IME_GEMM_INT8_I8I32_8x4_NATIVE_ime_kernel_8x4_zvl256b_lmul1_unroll4_run6_perf.csv",0.001301352,0.255767673,0.000000000,"aggregate_worker_time;TOTAL_TIME_SEC=wall_clock","NOT_PRESENT_IN_CURRENT_DRIVER"
k1_strong_scaling,IME,cores,1,2026-10-03T07:00:17,k1-ime,"IME_NATIVE_KERNELS","IME_GEMM_INT8_I8I32_8x4_NATIVE","ime_kernel_8x4_zvl256b_lmul1_unroll4",8x4,256b,1,4,INT8_IME,0-3,1,1,1024,1024,1024,32,7,OK,0,NONE,0.229380917,GOPS,9.362085,parallel_tiles_including_required_packing,DISABLED,0,0,"0:cpu0:tiles32","NA",static,0,"NA","NA","/home/bananapi/MAT/kernels riscv rvv 1.0/FINAL/riscv-gemm-optimization/microkernels/HETEROGENEOUS_RVV_IME_OPENMP_GEMM/results/openmp_results_k1-ime_1024_20261003_065814/raw_logs/IME_NATIVE_KERNELS_IME_GEMM_INT8_I8I32_8x4_NATIVE_ime_kernel_8x4_zvl256b_lmul1_unroll4_run7.log",869727827,566731910,0.6516198429,NA,NA,NA,"/home/bananapi/MAT/kernels riscv rvv 1.0/FINAL/riscv-gemm-optimization/microkernels/HETEROGENEOUS_RVV_IME_OPENMP_GEMM/results/openmp_results_k1-ime_1024_20261003_065814/raw_logs/IME_NATIVE_KERNELS_IME_GEMM_INT8_I8I32_8x4_NATIVE_ime_kernel_8x4_zvl256b_lmul1_unroll4_run7_perf.csv",0.001191296,0.228002578,0.000000000,"aggregate_worker_time;TOTAL_TIME_SEC=wall_clock","NOT_PRESENT_IN_CURRENT_DRIVER"
k1_strong_scaling,IME,cores,2,2026-10-03T07:01:01,k1-ime,"IME_NATIVE_KERNELS","IME_GEMM_INT8_I8I32_8x4_NATIVE","ime_kernel_8x4_zvl256b_lmul1_unroll4",8x4,256b,1,4,INT8_IME,0-3,2,2,1024,1024,1024,32,1,OK,0,NONE,0.174776420,GOPS,12.287033,parallel_tiles_including_required_packing,INDEPENDENT_INT64_REFERENCE_EXACT_INT32,0,0,"0:cpu0:tiles16;1:cpu1:tiles16","NA",static,0,"NA","NA","/home/bananapi/MAT/kernels riscv rvv 1.0/FINAL/riscv-gemm-optimization/microkernels/HETEROGENEOUS_RVV_IME_OPENMP_GEMM/results/openmp_results_k1-ime_1024_20261003_070018/raw_logs/IME_NATIVE_KERNELS_IME_GEMM_INT8_I8I32_8x4_NATIVE_ime_kernel_8x4_zvl256b_lmul1_unroll4_run1.log",105071637105,4438408908,0.04224174126,NA,NA,NA,"/home/bananapi/MAT/kernels riscv rvv 1.0/FINAL/riscv-gemm-optimization/microkernels/HETEROGENEOUS_RVV_IME_OPENMP_GEMM/results/openmp_results_k1-ime_1024_20261003_070018/raw_logs/IME_NATIVE_KERNELS_IME_GEMM_INT8_I8I32_8x4_NATIVE_ime_kernel_8x4_zvl256b_lmul1_unroll4_run1_perf.csv",0.001581546,0.337536670,0.000000000,"aggregate_worker_time;TOTAL_TIME_SEC=wall_clock","NOT_PRESENT_IN_CURRENT_DRIVER"
k1_strong_scaling,IME,cores,2,2026-10-03T07:01:02,k1-ime,"IME_NATIVE_KERNELS","IME_GEMM_INT8_I8I32_8x4_NATIVE","ime_kernel_8x4_zvl256b_lmul1_unroll4",8x4,256b,1,4,INT8_IME,0-3,2,2,1024,1024,1024,32,2,OK,0,NONE,0.218793917,GOPS,9.815098,parallel_tiles_including_required_packing,DISABLED,0,0,"0:cpu0:tiles16;1:cpu1:tiles16","NA",static,0,"NA","NA","/home/bananapi/MAT/kernels riscv rvv 1.0/FINAL/riscv-gemm-optimization/microkernels/HETEROGENEOUS_RVV_IME_OPENMP_GEMM/results/openmp_results_k1-ime_1024_20261003_070018/raw_logs/IME_NATIVE_KERNELS_IME_GEMM_INT8_I8I32_8x4_NATIVE_ime_kernel_8x4_zvl256b_lmul1_unroll4_run2.log",1398044440,572442133,0.4094591821,NA,NA,NA,"/home/bananapi/MAT/kernels riscv rvv 1.0/FINAL/riscv-gemm-optimization/microkernels/HETEROGENEOUS_RVV_IME_OPENMP_GEMM/results/openmp_results_k1-ime_1024_20261003_070018/raw_logs/IME_NATIVE_KERNELS_IME_GEMM_INT8_I8I32_8x4_NATIVE_ime_kernel_8x4_zvl256b_lmul1_unroll4_run2_perf.csv",0.001462169,0.423361998,0.000000000,"aggregate_worker_time;TOTAL_TIME_SEC=wall_clock","NOT_PRESENT_IN_CURRENT_DRIVER"
k1_strong_scaling,IME,cores,2,2026-10-03T07:01:03,k1-ime,"IME_NATIVE_KERNELS","IME_GEMM_INT8_I8I32_8x4_NATIVE","ime_kernel_8x4_zvl256b_lmul1_unroll4",8x4,256b,1,4,INT8_IME,0-3,2,2,1024,1024,1024,32,3,OK,0,NONE,0.198567584,GOPS,10.814875,parallel_tiles_including_required_packing,DISABLED,0,0,"0:cpu0:tiles16;1:cpu1:tiles16","NA",static,0,"NA","NA","/home/bananapi/MAT/kernels riscv rvv 1.0/FINAL/riscv-gemm-optimization/microkernels/HETEROGENEOUS_RVV_IME_OPENMP_GEMM/results/openmp_results_k1-ime_1024_20261003_070018/raw_logs/IME_NATIVE_KERNELS_IME_GEMM_INT8_I8I32_8x4_NATIVE_ime_kernel_8x4_zvl256b_lmul1_unroll4_run3.log",1339785377,570706872,0.4259688767,NA,NA,NA,"/home/bananapi/MAT/kernels riscv rvv 1.0/FINAL/riscv-gemm-optimization/microkernels/HETEROGENEOUS_RVV_IME_OPENMP_GEMM/results/openmp_results_k1-ime_1024_20261003_070018/raw_logs/IME_NATIVE_KERNELS_IME_GEMM_INT8_I8I32_8x4_NATIVE_ime_kernel_8x4_zvl256b_lmul1_unroll4_run3_perf.csv",0.001569580,0.374114912,0.000000000,"aggregate_worker_time;TOTAL_TIME_SEC=wall_clock","NOT_PRESENT_IN_CURRENT_DRIVER"
k1_strong_scaling,IME,cores,2,2026-10-03T07:01:04,k1-ime,"IME_NATIVE_KERNELS","IME_GEMM_INT8_I8I32_8x4_NATIVE","ime_kernel_8x4_zvl256b_lmul1_unroll4",8x4,256b,1,4,INT8_IME,0-3,2,2,1024,1024,1024,32,4,OK,0,NONE,0.173841417,GOPS,12.353119,parallel_tiles_including_required_packing,DISABLED,0,0,"0:cpu0:tiles16;1:cpu1:tiles16","NA",static,0,"NA","NA","/home/bananapi/MAT/kernels riscv rvv 1.0/FINAL/riscv-gemm-optimization/microkernels/HETEROGENEOUS_RVV_IME_OPENMP_GEMM/results/openmp_results_k1-ime_1024_20261003_070018/raw_logs/IME_NATIVE_KERNELS_IME_GEMM_INT8_I8I32_8x4_NATIVE_ime_kernel_8x4_zvl256b_lmul1_unroll4_run4.log",1198358227,574505938,0.4794108515,NA,NA,NA,"/home/bananapi/MAT/kernels riscv rvv 1.0/FINAL/riscv-gemm-optimization/microkernels/HETEROGENEOUS_RVV_IME_OPENMP_GEMM/results/openmp_results_k1-ime_1024_20261003_070018/raw_logs/IME_NATIVE_KERNELS_IME_GEMM_INT8_I8I32_8x4_NATIVE_ime_kernel_8x4_zvl256b_lmul1_unroll4_run4_perf.csv",0.001512446,0.342968903,0.000000000,"aggregate_worker_time;TOTAL_TIME_SEC=wall_clock","NOT_PRESENT_IN_CURRENT_DRIVER"
k1_strong_scaling,IME,cores,2,2026-10-03T07:01:05,k1-ime,"IME_NATIVE_KERNELS","IME_GEMM_INT8_I8I32_8x4_NATIVE","ime_kernel_8x4_zvl256b_lmul1_unroll4",8x4,256b,1,4,INT8_IME,0-3,2,2,1024,1024,1024,32,5,OK,0,NONE,0.166057084,GOPS,12.932201,parallel_tiles_including_required_packing,DISABLED,0,0,"0:cpu0:tiles16;1:cpu1:tiles16","NA",static,0,"NA","NA","/home/bananapi/MAT/kernels riscv rvv 1.0/FINAL/riscv-gemm-optimization/microkernels/HETEROGENEOUS_RVV_IME_OPENMP_GEMM/results/openmp_results_k1-ime_1024_20261003_070018/raw_logs/IME_NATIVE_KERNELS_IME_GEMM_INT8_I8I32_8x4_NATIVE_ime_kernel_8x4_zvl256b_lmul1_unroll4_run5.log",1136322280,578180698,0.5088175319,NA,NA,NA,"/home/bananapi/MAT/kernels riscv rvv 1.0/FINAL/riscv-gemm-optimization/microkernels/HETEROGENEOUS_RVV_IME_OPENMP_GEMM/results/openmp_results_k1-ime_1024_20261003_070018/raw_logs/IME_NATIVE_KERNELS_IME_GEMM_INT8_I8I32_8x4_NATIVE_ime_kernel_8x4_zvl256b_lmul1_unroll4_run5_perf.csv",0.001550756,0.307007380,0.000000000,"aggregate_worker_time;TOTAL_TIME_SEC=wall_clock","NOT_PRESENT_IN_CURRENT_DRIVER"
k1_strong_scaling,IME,cores,2,2026-10-03T07:01:06,k1-ime,"IME_NATIVE_KERNELS","IME_GEMM_INT8_I8I32_8x4_NATIVE","ime_kernel_8x4_zvl256b_lmul1_unroll4",8x4,256b,1,4,INT8_IME,0-3,2,2,1024,1024,1024,32,6,OK,0,NONE,0.167990707,GOPS,12.783348,parallel_tiles_including_required_packing,DISABLED,0,0,"0:cpu0:tiles16;1:cpu1:tiles16","NA",static,0,"NA","NA","/home/bananapi/MAT/kernels riscv rvv 1.0/FINAL/riscv-gemm-optimization/microkernels/HETEROGENEOUS_RVV_IME_OPENMP_GEMM/results/openmp_results_k1-ime_1024_20261003_070018/raw_logs/IME_NATIVE_KERNELS_IME_GEMM_INT8_I8I32_8x4_NATIVE_ime_kernel_8x4_zvl256b_lmul1_unroll4_run6.log",1212663530,576594324,0.4754775828,NA,NA,NA,"/home/bananapi/MAT/kernels riscv rvv 1.0/FINAL/riscv-gemm-optimization/microkernels/HETEROGENEOUS_RVV_IME_OPENMP_GEMM/results/openmp_results_k1-ime_1024_20261003_070018/raw_logs/IME_NATIVE_KERNELS_IME_GEMM_INT8_I8I32_8x4_NATIVE_ime_kernel_8x4_zvl256b_lmul1_unroll4_run6_perf.csv",0.001613200,0.332107965,0.000000000,"aggregate_worker_time;TOTAL_TIME_SEC=wall_clock","NOT_PRESENT_IN_CURRENT_DRIVER"
k1_strong_scaling,IME,cores,2,2026-10-03T07:01:07,k1-ime,"IME_NATIVE_KERNELS","IME_GEMM_INT8_I8I32_8x4_NATIVE","ime_kernel_8x4_zvl256b_lmul1_unroll4",8x4,256b,1,4,INT8_IME,0-3,2,2,1024,1024,1024,32,7,OK,0,NONE,0.228929706,GOPS,9.380537,parallel_tiles_including_required_packing,DISABLED,0,0,"0:cpu0:tiles16;1:cpu1:tiles16","NA",static,0,"NA","NA","/home/bananapi/MAT/kernels riscv rvv 1.0/FINAL/riscv-gemm-optimization/microkernels/HETEROGENEOUS_RVV_IME_OPENMP_GEMM/results/openmp_results_k1-ime_1024_20261003_070018/raw_logs/IME_NATIVE_KERNELS_IME_GEMM_INT8_I8I32_8x4_NATIVE_ime_kernel_8x4_zvl256b_lmul1_unroll4_run7.log",1499274679,583274021,0.3890374654,NA,NA,NA,"/home/bananapi/MAT/kernels riscv rvv 1.0/FINAL/riscv-gemm-optimization/microkernels/HETEROGENEOUS_RVV_IME_OPENMP_GEMM/results/openmp_results_k1-ime_1024_20261003_070018/raw_logs/IME_NATIVE_KERNELS_IME_GEMM_INT8_I8I32_8x4_NATIVE_ime_kernel_8x4_zvl256b_lmul1_unroll4_run7_perf.csv",0.001319215,0.454731666,0.000000000,"aggregate_worker_time;TOTAL_TIME_SEC=wall_clock","NOT_PRESENT_IN_CURRENT_DRIVER"
k1_strong_scaling,IME,cores,4,2026-10-03T07:01:50,k1-ime,"IME_NATIVE_KERNELS","IME_GEMM_INT8_I8I32_8x4_NATIVE","ime_kernel_8x4_zvl256b_lmul1_unroll4",8x4,256b,1,4,INT8_IME,0-3,4,4,1024,1024,1024,32,1,OK,0,NONE,0.146379873,GOPS,14.670621,parallel_tiles_including_required_packing,INDEPENDENT_INT64_REFERENCE_EXACT_INT32,0,0,"0:cpu0:tiles8;1:cpu1:tiles8;2:cpu2:tiles8;3:cpu3:tiles8","NA",static,0,"NA","NA","/home/bananapi/MAT/kernels riscv rvv 1.0/FINAL/riscv-gemm-optimization/microkernels/HETEROGENEOUS_RVV_IME_OPENMP_GEMM/results/openmp_results_k1-ime_1024_20261003_070108/raw_logs/IME_NATIVE_KERNELS_IME_GEMM_INT8_I8I32_8x4_NATIVE_ime_kernel_8x4_zvl256b_lmul1_unroll4_run1.log",204249737582,4501379808,0.02203860755,NA,NA,NA,"/home/bananapi/MAT/kernels riscv rvv 1.0/FINAL/riscv-gemm-optimization/microkernels/HETEROGENEOUS_RVV_IME_OPENMP_GEMM/results/openmp_results_k1-ime_1024_20261003_070108/raw_logs/IME_NATIVE_KERNELS_IME_GEMM_INT8_I8I32_8x4_NATIVE_ime_kernel_8x4_zvl256b_lmul1_unroll4_run1_perf.csv",0.002653547,0.515073918,0.000000000,"aggregate_worker_time;TOTAL_TIME_SEC=wall_clock","NOT_PRESENT_IN_CURRENT_DRIVER"
k1_strong_scaling,IME,cores,4,2026-10-03T07:01:51,k1-ime,"IME_NATIVE_KERNELS","IME_GEMM_INT8_I8I32_8x4_NATIVE","ime_kernel_8x4_zvl256b_lmul1_unroll4",8x4,256b,1,4,INT8_IME,0-3,4,4,1024,1024,1024,32,2,OK,0,NONE,0.130365331,GOPS,16.472812,parallel_tiles_including_required_packing,DISABLED,0,0,"0:cpu0:tiles8;1:cpu1:tiles8;2:cpu2:tiles8;3:cpu3:tiles8","NA",static,0,"NA","NA","/home/bananapi/MAT/kernels riscv rvv 1.0/FINAL/riscv-gemm-optimization/microkernels/HETEROGENEOUS_RVV_IME_OPENMP_GEMM/results/openmp_results_k1-ime_1024_20261003_070108/raw_logs/IME_NATIVE_KERNELS_IME_GEMM_INT8_I8I32_8x4_NATIVE_ime_kernel_8x4_zvl256b_lmul1_unroll4_run2.log",1795626205,609058349,0.3391899424,NA,NA,NA,"/home/bananapi/MAT/kernels riscv rvv 1.0/FINAL/riscv-gemm-optimization/microkernels/HETEROGENEOUS_RVV_IME_OPENMP_GEMM/results/openmp_results_k1-ime_1024_20261003_070108/raw_logs/IME_NATIVE_KERNELS_IME_GEMM_INT8_I8I32_8x4_NATIVE_ime_kernel_8x4_zvl256b_lmul1_unroll4_run2_perf.csv",0.002749912,0.503864080,0.000000000,"aggregate_worker_time;TOTAL_TIME_SEC=wall_clock","NOT_PRESENT_IN_CURRENT_DRIVER"
k1_strong_scaling,IME,cores,4,2026-10-03T07:01:52,k1-ime,"IME_NATIVE_KERNELS","IME_GEMM_INT8_I8I32_8x4_NATIVE","ime_kernel_8x4_zvl256b_lmul1_unroll4",8x4,256b,1,4,INT8_IME,0-3,4,4,1024,1024,1024,32,3,OK,0,NONE,0.147569999,GOPS,14.552305,parallel_tiles_including_required_packing,DISABLED,0,0,"0:cpu0:tiles8;1:cpu1:tiles8;2:cpu2:tiles8;3:cpu3:tiles8","NA",static,0,"NA","NA","/home/bananapi/MAT/kernels riscv rvv 1.0/FINAL/riscv-gemm-optimization/microkernels/HETEROGENEOUS_RVV_IME_OPENMP_GEMM/results/openmp_results_k1-ime_1024_20261003_070108/raw_logs/IME_NATIVE_KERNELS_IME_GEMM_INT8_I8I32_8x4_NATIVE_ime_kernel_8x4_zvl256b_lmul1_unroll4_run3.log",1832930830,584859887,0.319084538,NA,NA,NA,"/home/bananapi/MAT/kernels riscv rvv 1.0/FINAL/riscv-gemm-optimization/microkernels/HETEROGENEOUS_RVV_IME_OPENMP_GEMM/results/openmp_results_k1-ime_1024_20261003_070108/raw_logs/IME_NATIVE_KERNELS_IME_GEMM_INT8_I8I32_8x4_NATIVE_ime_kernel_8x4_zvl256b_lmul1_unroll4_run3_perf.csv",0.002646700,0.550239112,0.000000000,"aggregate_worker_time;TOTAL_TIME_SEC=wall_clock","NOT_PRESENT_IN_CURRENT_DRIVER"
k1_strong_scaling,IME,cores,4,2026-10-03T07:01:53,k1-ime,"IME_NATIVE_KERNELS","IME_GEMM_INT8_I8I32_8x4_NATIVE","ime_kernel_8x4_zvl256b_lmul1_unroll4",8x4,256b,1,4,INT8_IME,0-3,4,4,1024,1024,1024,32,4,OK,0,NONE,0.133240584,GOPS,16.117339,parallel_tiles_including_required_packing,DISABLED,0,0,"0:cpu0:tiles8;1:cpu1:tiles8;2:cpu2:tiles8;3:cpu3:tiles8","NA",static,0,"NA","NA","/home/bananapi/MAT/kernels riscv rvv 1.0/FINAL/riscv-gemm-optimization/microkernels/HETEROGENEOUS_RVV_IME_OPENMP_GEMM/results/openmp_results_k1-ime_1024_20261003_070108/raw_logs/IME_NATIVE_KERNELS_IME_GEMM_INT8_I8I32_8x4_NATIVE_ime_kernel_8x4_zvl256b_lmul1_unroll4_run4.log",1793880361,607280789,0.3385291473,NA,NA,NA,"/home/bananapi/MAT/kernels riscv rvv 1.0/FINAL/riscv-gemm-optimization/microkernels/HETEROGENEOUS_RVV_IME_OPENMP_GEMM/results/openmp_results_k1-ime_1024_20261003_070108/raw_logs/IME_NATIVE_KERNELS_IME_GEMM_INT8_I8I32_8x4_NATIVE_ime_kernel_8x4_zvl256b_lmul1_unroll4_run4_perf.csv",0.007038720,0.514678575,0.000000000,"aggregate_worker_time;TOTAL_TIME_SEC=wall_clock","NOT_PRESENT_IN_CURRENT_DRIVER"
k1_strong_scaling,IME,cores,4,2026-10-03T07:01:54,k1-ime,"IME_NATIVE_KERNELS","IME_GEMM_INT8_I8I32_8x4_NATIVE","ime_kernel_8x4_zvl256b_lmul1_unroll4",8x4,256b,1,4,INT8_IME,0-3,4,4,1024,1024,1024,32,5,OK,0,NONE,0.136595540,GOPS,15.721477,parallel_tiles_including_required_packing,DISABLED,0,0,"0:cpu0:tiles8;1:cpu1:tiles8;2:cpu2:tiles8;3:cpu3:tiles8","NA",static,0,"NA","NA","/home/bananapi/MAT/kernels riscv rvv 1.0/FINAL/riscv-gemm-optimization/microkernels/HETEROGENEOUS_RVV_IME_OPENMP_GEMM/results/openmp_results_k1-ime_1024_20261003_070108/raw_logs/IME_NATIVE_KERNELS_IME_GEMM_INT8_I8I32_8x4_NATIVE_ime_kernel_8x4_zvl256b_lmul1_unroll4_run5.log",1767435245,569286319,0.3220974124,NA,NA,NA,"/home/bananapi/MAT/kernels riscv rvv 1.0/FINAL/riscv-gemm-optimization/microkernels/HETEROGENEOUS_RVV_IME_OPENMP_GEMM/results/openmp_results_k1-ime_1024_20261003_070108/raw_logs/IME_NATIVE_KERNELS_IME_GEMM_INT8_I8I32_8x4_NATIVE_ime_kernel_8x4_zvl256b_lmul1_unroll4_run5_perf.csv",0.002607748,0.527487554,0.000000000,"aggregate_worker_time;TOTAL_TIME_SEC=wall_clock","NOT_PRESENT_IN_CURRENT_DRIVER"
k1_strong_scaling,IME,cores,4,2026-10-03T07:01:54,k1-ime,"IME_NATIVE_KERNELS","IME_GEMM_INT8_I8I32_8x4_NATIVE","ime_kernel_8x4_zvl256b_lmul1_unroll4",8x4,256b,1,4,INT8_IME,0-3,4,4,1024,1024,1024,32,6,OK,0,NONE,0.141238000,GOPS,15.204716,parallel_tiles_including_required_packing,DISABLED,0,0,"0:cpu0:tiles8;1:cpu1:tiles8;2:cpu2:tiles8;3:cpu3:tiles8","NA",static,0,"NA","NA","/home/bananapi/MAT/kernels riscv rvv 1.0/FINAL/riscv-gemm-optimization/microkernels/HETEROGENEOUS_RVV_IME_OPENMP_GEMM/results/openmp_results_k1-ime_1024_20261003_070108/raw_logs/IME_NATIVE_KERNELS_IME_GEMM_INT8_I8I32_8x4_NATIVE_ime_kernel_8x4_zvl256b_lmul1_unroll4_run6.log",1852257495,599330657,0.3235676782,NA,NA,NA,"/home/bananapi/MAT/kernels riscv rvv 1.0/FINAL/riscv-gemm-optimization/microkernels/HETEROGENEOUS_RVV_IME_OPENMP_GEMM/results/openmp_results_k1-ime_1024_20261003_070108/raw_logs/IME_NATIVE_KERNELS_IME_GEMM_INT8_I8I32_8x4_NATIVE_ime_kernel_8x4_zvl256b_lmul1_unroll4_run6_perf.csv",0.002685547,0.540999621,0.000000000,"aggregate_worker_time;TOTAL_TIME_SEC=wall_clock","NOT_PRESENT_IN_CURRENT_DRIVER"
k1_strong_scaling,IME,cores,4,2026-10-03T07:01:55,k1-ime,"IME_NATIVE_KERNELS","IME_GEMM_INT8_I8I32_8x4_NATIVE","ime_kernel_8x4_zvl256b_lmul1_unroll4",8x4,256b,1,4,INT8_IME,0-3,4,4,1024,1024,1024,32,7,OK,0,NONE,0.156642377,GOPS,13.709468,parallel_tiles_including_required_packing,DISABLED,0,0,"0:cpu0:tiles8;1:cpu1:tiles8;2:cpu2:tiles8;3:cpu3:tiles8","NA",static,0,"NA","NA","/home/bananapi/MAT/kernels riscv rvv 1.0/FINAL/riscv-gemm-optimization/microkernels/HETEROGENEOUS_RVV_IME_OPENMP_GEMM/results/openmp_results_k1-ime_1024_20261003_070108/raw_logs/IME_NATIVE_KERNELS_IME_GEMM_INT8_I8I32_8x4_NATIVE_ime_kernel_8x4_zvl256b_lmul1_unroll4_run7.log",1863178794,632224958,0.3393259735,NA,NA,NA,"/home/bananapi/MAT/kernels riscv rvv 1.0/FINAL/riscv-gemm-optimization/microkernels/HETEROGENEOUS_RVV_IME_OPENMP_GEMM/results/openmp_results_k1-ime_1024_20261003_070108/raw_logs/IME_NATIVE_KERNELS_IME_GEMM_INT8_I8I32_8x4_NATIVE_ime_kernel_8x4_zvl256b_lmul1_unroll4_run7_perf.csv",0.002322458,0.552924212,0.000000000,"aggregate_worker_time;TOTAL_TIME_SEC=wall_clock","NOT_PRESENT_IN_CURRENT_DRIVER"
k1_strong_scaling,RVV,cores,1,2026-10-03T07:03:55,k1-rvv,"GEMM_RVV_FP32_INT8_8x4_Baseline","RVV_IGEMM_INT8_I8I32_8x4","igemm_kernel_8x4_zvl256b_lmul1_unroll8_i8i32",8x4,256b,1,8,INT8_RVV,0-7,1,1,1024,1024,1024,32,1,OK,0,NONE,3.245221876,GOPS,0.661737,parallel_tiles_including_required_packing,INDEPENDENT_INT64_REFERENCE_EXACT_INT32,0,0,"0:cpu0:tiles32","NA",static,0,"NA","NA","/home/bananapi/MAT/kernels riscv rvv 1.0/FINAL/riscv-gemm-optimization/microkernels/HETEROGENEOUS_RVV_IME_OPENMP_GEMM/results/openmp_results_k1-rvv_1024_20261003_070156/raw_logs/GEMM_RVV_FP32_INT8_8x4_Baseline_RVV_IGEMM_INT8_I8I32_8x4_igemm_kernel_8x4_zvl256b_lmul1_unroll8_i8i32_run1.log",173403282385,7205993294,0.04155626811,NA,NA,NA,"/home/bananapi/MAT/kernels riscv rvv 1.0/FINAL/riscv-gemm-optimization/microkernels/HETEROGENEOUS_RVV_IME_OPENMP_GEMM/results/openmp_results_k1-rvv_1024_20261003_070156/raw_logs/GEMM_RVV_FP32_INT8_8x4_Baseline_RVV_IGEMM_INT8_I8I32_8x4_igemm_kernel_8x4_zvl256b_lmul1_unroll8_i8i32_run1_perf.csv",0.125002872,3.119983256,0.000000000,"aggregate_worker_time;TOTAL_TIME_SEC=wall_clock","NOT_PRESENT_IN_CURRENT_DRIVER"
k1_strong_scaling,RVV,cores,1,2026-10-03T07:04:02,k1-rvv,"GEMM_RVV_FP32_INT8_8x4_Baseline","RVV_IGEMM_INT8_I8I32_8x4","igemm_kernel_8x4_zvl256b_lmul1_unroll8_i8i32",8x4,256b,1,8,INT8_RVV,0-7,1,1,1024,1024,1024,32,2,OK,0,NONE,3.231014624,GOPS,0.664647,parallel_tiles_including_required_packing,DISABLED,0,0,"0:cpu0:tiles32","NA",static,0,"NA","NA","/home/bananapi/MAT/kernels riscv rvv 1.0/FINAL/riscv-gemm-optimization/microkernels/HETEROGENEOUS_RVV_IME_OPENMP_GEMM/results/openmp_results_k1-rvv_1024_20261003_070156/raw_logs/GEMM_RVV_FP32_INT8_8x4_Baseline_RVV_IGEMM_INT8_I8I32_8x4_igemm_kernel_8x4_zvl256b_lmul1_unroll8_i8i32_run2.log",10449975638,3131584398,0.2996738468,NA,NA,NA,"/home/bananapi/MAT/kernels riscv rvv 1.0/FINAL/riscv-gemm-optimization/microkernels/HETEROGENEOUS_RVV_IME_OPENMP_GEMM/results/openmp_results_k1-rvv_1024_20261003_070156/raw_logs/GEMM_RVV_FP32_INT8_8x4_Baseline_RVV_IGEMM_INT8_I8I32_8x4_igemm_kernel_8x4_zvl256b_lmul1_unroll8_i8i32_run2_perf.csv",0.116405062,3.114375331,0.000000000,"aggregate_worker_time;TOTAL_TIME_SEC=wall_clock","NOT_PRESENT_IN_CURRENT_DRIVER"
k1_strong_scaling,RVV,cores,1,2026-10-03T07:04:09,k1-rvv,"GEMM_RVV_FP32_INT8_8x4_Baseline","RVV_IGEMM_INT8_I8I32_8x4","igemm_kernel_8x4_zvl256b_lmul1_unroll8_i8i32",8x4,256b,1,8,INT8_RVV,0-7,1,1,1024,1024,1024,32,3,OK,0,NONE,3.238445170,GOPS,0.663122,parallel_tiles_including_required_packing,DISABLED,0,0,"0:cpu0:tiles32","NA",static,0,"NA","NA","/home/bananapi/MAT/kernels riscv rvv 1.0/FINAL/riscv-gemm-optimization/microkernels/HETEROGENEOUS_RVV_IME_OPENMP_GEMM/results/openmp_results_k1-rvv_1024_20261003_070156/raw_logs/GEMM_RVV_FP32_INT8_8x4_Baseline_RVV_IGEMM_INT8_I8I32_8x4_igemm_kernel_8x4_zvl256b_lmul1_unroll8_i8i32_run3.log",10471050336,3132967301,0.2992027734,NA,NA,NA,"/home/bananapi/MAT/kernels riscv rvv 1.0/FINAL/riscv-gemm-optimization/microkernels/HETEROGENEOUS_RVV_IME_OPENMP_GEMM/results/openmp_results_k1-rvv_1024_20261003_070156/raw_logs/GEMM_RVV_FP32_INT8_8x4_Baseline_RVV_IGEMM_INT8_I8I32_8x4_igemm_kernel_8x4_zvl256b_lmul1_unroll8_i8i32_run3_perf.csv",0.123883259,3.114338912,0.000000000,"aggregate_worker_time;TOTAL_TIME_SEC=wall_clock","NOT_PRESENT_IN_CURRENT_DRIVER"
k1_strong_scaling,RVV,cores,1,2026-10-03T07:04:16,k1-rvv,"GEMM_RVV_FP32_INT8_8x4_Baseline","RVV_IGEMM_INT8_I8I32_8x4","igemm_kernel_8x4_zvl256b_lmul1_unroll8_i8i32",8x4,256b,1,8,INT8_RVV,0-7,1,1,1024,1024,1024,32,4,OK,0,NONE,3.236835375,GOPS,0.663452,parallel_tiles_including_required_packing,DISABLED,0,0,"0:cpu0:tiles32","NA",static,0,"NA","NA","/home/bananapi/MAT/kernels riscv rvv 1.0/FINAL/riscv-gemm-optimization/microkernels/HETEROGENEOUS_RVV_IME_OPENMP_GEMM/results/openmp_results_k1-rvv_1024_20261003_070156/raw_logs/GEMM_RVV_FP32_INT8_8x4_Baseline_RVV_IGEMM_INT8_I8I32_8x4_igemm_kernel_8x4_zvl256b_lmul1_unroll8_i8i32_run4.log",10460586831,3132475469,0.299455042,NA,NA,NA,"/home/bananapi/MAT/kernels riscv rvv 1.0/FINAL/riscv-gemm-optimization/microkernels/HETEROGENEOUS_RVV_IME_OPENMP_GEMM/results/openmp_results_k1-rvv_1024_20261003_070156/raw_logs/GEMM_RVV_FP32_INT8_8x4_Baseline_RVV_IGEMM_INT8_I8I32_8x4_igemm_kernel_8x4_zvl256b_lmul1_unroll8_i8i32_run4_perf.csv",0.121677171,3.114899289,0.000000000,"aggregate_worker_time;TOTAL_TIME_SEC=wall_clock","NOT_PRESENT_IN_CURRENT_DRIVER"
k1_strong_scaling,RVV,cores,1,2026-10-03T07:04:23,k1-rvv,"GEMM_RVV_FP32_INT8_8x4_Baseline","RVV_IGEMM_INT8_I8I32_8x4","igemm_kernel_8x4_zvl256b_lmul1_unroll8_i8i32",8x4,256b,1,8,INT8_RVV,0-7,1,1,1024,1024,1024,32,5,OK,0,NONE,3.241151378,GOPS,0.662568,parallel_tiles_including_required_packing,DISABLED,0,0,"0:cpu0:tiles32","NA",static,0,"NA","NA","/home/bananapi/MAT/kernels riscv rvv 1.0/FINAL/riscv-gemm-optimization/microkernels/HETEROGENEOUS_RVV_IME_OPENMP_GEMM/results/openmp_results_k1-rvv_1024_20261003_070156/raw_logs/GEMM_RVV_FP32_INT8_8x4_Baseline_RVV_IGEMM_INT8_I8I32_8x4_igemm_kernel_8x4_zvl256b_lmul1_unroll8_i8i32_run5.log",10488862915,3135547382,0.298940639,NA,NA,NA,"/home/bananapi/MAT/kernels riscv rvv 1.0/FINAL/riscv-gemm-optimization/microkernels/HETEROGENEOUS_RVV_IME_OPENMP_GEMM/results/openmp_results_k1-rvv_1024_20261003_070156/raw_logs/GEMM_RVV_FP32_INT8_8x4_Baseline_RVV_IGEMM_INT8_I8I32_8x4_igemm_kernel_8x4_zvl256b_lmul1_unroll8_i8i32_run5_perf.csv",0.124075465,3.116782334,0.000000000,"aggregate_worker_time;TOTAL_TIME_SEC=wall_clock","NOT_PRESENT_IN_CURRENT_DRIVER"
k1_strong_scaling,RVV,cores,1,2026-10-03T07:04:30,k1-rvv,"GEMM_RVV_FP32_INT8_8x4_Baseline","RVV_IGEMM_INT8_I8I32_8x4","igemm_kernel_8x4_zvl256b_lmul1_unroll8_i8i32",8x4,256b,1,8,INT8_RVV,0-7,1,1,1024,1024,1024,32,6,OK,0,NONE,3.234671585,GOPS,0.663895,parallel_tiles_including_required_packing,DISABLED,0,0,"0:cpu0:tiles32","NA",static,0,"NA","NA","/home/bananapi/MAT/kernels riscv rvv 1.0/FINAL/riscv-gemm-optimization/microkernels/HETEROGENEOUS_RVV_IME_OPENMP_GEMM/results/openmp_results_k1-rvv_1024_20261003_070156/raw_logs/GEMM_RVV_FP32_INT8_8x4_Baseline_RVV_IGEMM_INT8_I8I32_8x4_igemm_kernel_8x4_zvl256b_lmul1_unroll8_i8i32_run6.log",10456283735,3130951893,0.2994325682,NA,NA,NA,"/home/bananapi/MAT/kernels riscv rvv 1.0/FINAL/riscv-gemm-optimization/microkernels/HETEROGENEOUS_RVV_IME_OPENMP_GEMM/results/openmp_results_k1-rvv_1024_20261003_070156/raw_logs/GEMM_RVV_FP32_INT8_8x4_Baseline_RVV_IGEMM_INT8_I8I32_8x4_igemm_kernel_8x4_zvl256b_lmul1_unroll8_i8i32_run6_perf.csv",0.116265252,3.118175048,0.000000000,"aggregate_worker_time;TOTAL_TIME_SEC=wall_clock","NOT_PRESENT_IN_CURRENT_DRIVER"
k1_strong_scaling,RVV,cores,1,2026-10-03T07:04:37,k1-rvv,"GEMM_RVV_FP32_INT8_8x4_Baseline","RVV_IGEMM_INT8_I8I32_8x4","igemm_kernel_8x4_zvl256b_lmul1_unroll8_i8i32",8x4,256b,1,8,INT8_RVV,0-7,1,1,1024,1024,1024,32,7,OK,0,NONE,3.228149667,GOPS,0.665237,parallel_tiles_including_required_packing,DISABLED,0,0,"0:cpu0:tiles32","NA",static,0,"NA","NA","/home/bananapi/MAT/kernels riscv rvv 1.0/FINAL/riscv-gemm-optimization/microkernels/HETEROGENEOUS_RVV_IME_OPENMP_GEMM/results/openmp_results_k1-rvv_1024_20261003_070156/raw_logs/GEMM_RVV_FP32_INT8_8x4_Baseline_RVV_IGEMM_INT8_I8I32_8x4_igemm_kernel_8x4_zvl256b_lmul1_unroll8_i8i32_run7.log",10440119031,3131744895,0.2999721445,NA,NA,NA,"/home/bananapi/MAT/kernels riscv rvv 1.0/FINAL/riscv-gemm-optimization/microkernels/HETEROGENEOUS_RVV_IME_OPENMP_GEMM/results/openmp_results_k1-rvv_1024_20261003_070156/raw_logs/GEMM_RVV_FP32_INT8_8x4_Baseline_RVV_IGEMM_INT8_I8I32_8x4_igemm_kernel_8x4_zvl256b_lmul1_unroll8_i8i32_run7_perf.csv",0.116499711,3.111414678,0.000000000,"aggregate_worker_time;TOTAL_TIME_SEC=wall_clock","NOT_PRESENT_IN_CURRENT_DRIVER"
k1_strong_scaling,RVV,cores,2,2026-10-03T07:05:32,k1-rvv,"GEMM_RVV_FP32_INT8_8x4_Baseline","RVV_IGEMM_INT8_I8I32_8x4","igemm_kernel_8x4_zvl256b_lmul1_unroll8_i8i32",8x4,256b,1,8,INT8_RVV,0-7,2,2,1024,1024,1024,32,1,OK,0,NONE,1.640797168,GOPS,1.308805,parallel_tiles_including_required_packing,INDEPENDENT_INT64_REFERENCE_EXACT_INT32,0,0,"0:cpu0:tiles16;1:cpu1:tiles16","NA",static,0,"NA","NA","/home/bananapi/MAT/kernels riscv rvv 1.0/FINAL/riscv-gemm-optimization/microkernels/HETEROGENEOUS_RVV_IME_OPENMP_GEMM/results/openmp_results_k1-rvv_1024_20261003_070446/raw_logs/GEMM_RVV_FP32_INT8_8x4_Baseline_RVV_IGEMM_INT8_I8I32_8x4_igemm_kernel_8x4_zvl256b_lmul1_unroll8_i8i32_run1.log",113708374169,6916179056,0.06082383208,NA,NA,NA,"/home/bananapi/MAT/kernels riscv rvv 1.0/FINAL/riscv-gemm-optimization/microkernels/HETEROGENEOUS_RVV_IME_OPENMP_GEMM/results/openmp_results_k1-rvv_1024_20261003_070446/raw_logs/GEMM_RVV_FP32_INT8_8x4_Baseline_RVV_IGEMM_INT8_I8I32_8x4_igemm_kernel_8x4_zvl256b_lmul1_unroll8_i8i32_run1_perf.csv",0.145612668,3.125802465,0.000000000,"aggregate_worker_time;TOTAL_TIME_SEC=wall_clock","NOT_PRESENT_IN_CURRENT_DRIVER"
k1_strong_scaling,RVV,cores,2,2026-10-03T07:05:36,k1-rvv,"GEMM_RVV_FP32_INT8_8x4_Baseline","RVV_IGEMM_INT8_I8I32_8x4","igemm_kernel_8x4_zvl256b_lmul1_unroll8_i8i32",8x4,256b,1,8,INT8_RVV,0-7,2,2,1024,1024,1024,32,2,OK,0,NONE,1.647163253,GOPS,1.303747,parallel_tiles_including_required_packing,DISABLED,0,0,"0:cpu0:tiles16;1:cpu1:tiles16","NA",static,0,"NA","NA","/home/bananapi/MAT/kernels riscv rvv 1.0/FINAL/riscv-gemm-optimization/microkernels/HETEROGENEOUS_RVV_IME_OPENMP_GEMM/results/openmp_results_k1-rvv_1024_20261003_070446/raw_logs/GEMM_RVV_FP32_INT8_8x4_Baseline_RVV_IGEMM_INT8_I8I32_8x4_igemm_kernel_8x4_zvl256b_lmul1_unroll8_i8i32_run2.log",10586584615,3128161897,0.2954835776,NA,NA,NA,"/home/bananapi/MAT/kernels riscv rvv 1.0/FINAL/riscv-gemm-optimization/microkernels/HETEROGENEOUS_RVV_IME_OPENMP_GEMM/results/openmp_results_k1-rvv_1024_20261003_070446/raw_logs/GEMM_RVV_FP32_INT8_8x4_Baseline_RVV_IGEMM_INT8_I8I32_8x4_igemm_kernel_8x4_zvl256b_lmul1_unroll8_i8i32_run2_perf.csv",0.174110822,3.119409002,0.000000000,"aggregate_worker_time;TOTAL_TIME_SEC=wall_clock","NOT_PRESENT_IN_CURRENT_DRIVER"
k1_strong_scaling,RVV,cores,2,2026-10-03T07:05:40,k1-rvv,"GEMM_RVV_FP32_INT8_8x4_Baseline","RVV_IGEMM_INT8_I8I32_8x4","igemm_kernel_8x4_zvl256b_lmul1_unroll8_i8i32",8x4,256b,1,8,INT8_RVV,0-7,2,2,1024,1024,1024,32,3,OK,0,NONE,1.636463083,GOPS,1.312271,parallel_tiles_including_required_packing,DISABLED,0,0,"0:cpu0:tiles16;1:cpu1:tiles16","NA",static,0,"NA","NA","/home/bananapi/MAT/kernels riscv rvv 1.0/FINAL/riscv-gemm-optimization/microkernels/HETEROGENEOUS_RVV_IME_OPENMP_GEMM/results/openmp_results_k1-rvv_1024_20261003_070446/raw_logs/GEMM_RVV_FP32_INT8_8x4_Baseline_RVV_IGEMM_INT8_I8I32_8x4_igemm_kernel_8x4_zvl256b_lmul1_unroll8_i8i32_run3.log",10606663261,3124162777,0.2945471823,NA,NA,NA,"/home/bananapi/MAT/kernels riscv rvv 1.0/FINAL/riscv-gemm-optimization/microkernels/HETEROGENEOUS_RVV_IME_OPENMP_GEMM/results/openmp_results_k1-rvv_1024_20261003_070446/raw_logs/GEMM_RVV_FP32_INT8_8x4_Baseline_RVV_IGEMM_INT8_I8I32_8x4_igemm_kernel_8x4_zvl256b_lmul1_unroll8_i8i32_run3_perf.csv",0.154701065,3.115272753,0.000000000,"aggregate_worker_time;TOTAL_TIME_SEC=wall_clock","NOT_PRESENT_IN_CURRENT_DRIVER"
k1_strong_scaling,RVV,cores,2,2026-10-03T07:05:43,k1-rvv,"GEMM_RVV_FP32_INT8_8x4_Baseline","RVV_IGEMM_INT8_I8I32_8x4","igemm_kernel_8x4_zvl256b_lmul1_unroll8_i8i32",8x4,256b,1,8,INT8_RVV,0-7,2,2,1024,1024,1024,32,4,OK,0,NONE,1.633016627,GOPS,1.315041,parallel_tiles_including_required_packing,DISABLED,0,0,"0:cpu0:tiles16;1:cpu1:tiles16","NA",static,0,"NA","NA","/home/bananapi/MAT/kernels riscv rvv 1.0/FINAL/riscv-gemm-optimization/microkernels/HETEROGENEOUS_RVV_IME_OPENMP_GEMM/results/openmp_results_k1-rvv_1024_20261003_070446/raw_logs/GEMM_RVV_FP32_INT8_8x4_Baseline_RVV_IGEMM_INT8_I8I32_8x4_igemm_kernel_8x4_zvl256b_lmul1_unroll8_i8i32_run4.log",10558985979,3128981290,0.2963335017,NA,NA,NA,"/home/bananapi/MAT/kernels riscv rvv 1.0/FINAL/riscv-gemm-optimization/microkernels/HETEROGENEOUS_RVV_IME_OPENMP_GEMM/results/openmp_results_k1-rvv_1024_20261003_070446/raw_logs/GEMM_RVV_FP32_INT8_8x4_Baseline_RVV_IGEMM_INT8_I8I32_8x4_igemm_kernel_8x4_zvl256b_lmul1_unroll8_i8i32_run4_perf.csv",0.136022992,3.121943790,0.000000000,"aggregate_worker_time;TOTAL_TIME_SEC=wall_clock","NOT_PRESENT_IN_CURRENT_DRIVER"
k1_strong_scaling,RVV,cores,2,2026-10-03T07:05:47,k1-rvv,"GEMM_RVV_FP32_INT8_8x4_Baseline","RVV_IGEMM_INT8_I8I32_8x4","igemm_kernel_8x4_zvl256b_lmul1_unroll8_i8i32",8x4,256b,1,8,INT8_RVV,0-7,2,2,1024,1024,1024,32,5,OK,0,NONE,1.638831709,GOPS,1.310375,parallel_tiles_including_required_packing,DISABLED,0,0,"0:cpu0:tiles16;1:cpu1:tiles16","NA",static,0,"NA","NA","/home/bananapi/MAT/kernels riscv rvv 1.0/FINAL/riscv-gemm-optimization/microkernels/HETEROGENEOUS_RVV_IME_OPENMP_GEMM/results/openmp_results_k1-rvv_1024_20261003_070446/raw_logs/GEMM_RVV_FP32_INT8_8x4_Baseline_RVV_IGEMM_INT8_I8I32_8x4_igemm_kernel_8x4_zvl256b_lmul1_unroll8_i8i32_run5.log",10589070394,3135517424,0.2961088469,NA,NA,NA,"/home/bananapi/MAT/kernels riscv rvv 1.0/FINAL/riscv-gemm-optimization/microkernels/HETEROGENEOUS_RVV_IME_OPENMP_GEMM/results/openmp_results_k1-rvv_1024_20261003_070446/raw_logs/GEMM_RVV_FP32_INT8_8x4_Baseline_RVV_IGEMM_INT8_I8I32_8x4_igemm_kernel_8x4_zvl256b_lmul1_unroll8_i8i32_run5_perf.csv",0.147729699,3.123257406,0.000000000,"aggregate_worker_time;TOTAL_TIME_SEC=wall_clock","NOT_PRESENT_IN_CURRENT_DRIVER"
k1_strong_scaling,RVV,cores,2,2026-10-03T07:05:51,k1-rvv,"GEMM_RVV_FP32_INT8_8x4_Baseline","RVV_IGEMM_INT8_I8I32_8x4","igemm_kernel_8x4_zvl256b_lmul1_unroll8_i8i32",8x4,256b,1,8,INT8_RVV,0-7,2,2,1024,1024,1024,32,6,OK,0,NONE,1.640295669,GOPS,1.309205,parallel_tiles_including_required_packing,DISABLED,0,0,"0:cpu0:tiles16;1:cpu1:tiles16","NA",static,0,"NA","NA","/home/bananapi/MAT/kernels riscv rvv 1.0/FINAL/riscv-gemm-optimization/microkernels/HETEROGENEOUS_RVV_IME_OPENMP_GEMM/results/openmp_results_k1-rvv_1024_20261003_070446/raw_logs/GEMM_RVV_FP32_INT8_8x4_Baseline_RVV_IGEMM_INT8_I8I32_8x4_igemm_kernel_8x4_zvl256b_lmul1_unroll8_i8i32_run6.log",10566857536,3134459449,0.2966311828,NA,NA,NA,"/home/bananapi/MAT/kernels riscv rvv 1.0/FINAL/riscv-gemm-optimization/microkernels/HETEROGENEOUS_RVV_IME_OPENMP_GEMM/results/openmp_results_k1-rvv_1024_20261003_070446/raw_logs/GEMM_RVV_FP32_INT8_8x4_Baseline_RVV_IGEMM_INT8_I8I32_8x4_igemm_kernel_8x4_zvl256b_lmul1_unroll8_i8i32_run6_perf.csv",0.144569706,3.127183072,0.000000000,"aggregate_worker_time;TOTAL_TIME_SEC=wall_clock","NOT_PRESENT_IN_CURRENT_DRIVER"
k1_strong_scaling,RVV,cores,2,2026-10-03T07:05:55,k1-rvv,"GEMM_RVV_FP32_INT8_8x4_Baseline","RVV_IGEMM_INT8_I8I32_8x4","igemm_kernel_8x4_zvl256b_lmul1_unroll8_i8i32",8x4,256b,1,8,INT8_RVV,0-7,2,2,1024,1024,1024,32,7,OK,0,NONE,1.637634750,GOPS,1.311332,parallel_tiles_including_required_packing,DISABLED,0,0,"0:cpu0:tiles16;1:cpu1:tiles16","NA",static,0,"NA","NA","/home/bananapi/MAT/kernels riscv rvv 1.0/FINAL/riscv-gemm-optimization/microkernels/HETEROGENEOUS_RVV_IME_OPENMP_GEMM/results/openmp_results_k1-rvv_1024_20261003_070446/raw_logs/GEMM_RVV_FP32_INT8_8x4_Baseline_RVV_IGEMM_INT8_I8I32_8x4_igemm_kernel_8x4_zvl256b_lmul1_unroll8_i8i32_run7.log",10549501406,3120028128,0.2957512405,NA,NA,NA,"/home/bananapi/MAT/kernels riscv rvv 1.0/FINAL/riscv-gemm-optimization/microkernels/HETEROGENEOUS_RVV_IME_OPENMP_GEMM/results/openmp_results_k1-rvv_1024_20261003_070446/raw_logs/GEMM_RVV_FP32_INT8_8x4_Baseline_RVV_IGEMM_INT8_I8I32_8x4_igemm_kernel_8x4_zvl256b_lmul1_unroll8_i8i32_run7_perf.csv",0.148668703,3.120000008,0.000000000,"aggregate_worker_time;TOTAL_TIME_SEC=wall_clock","NOT_PRESENT_IN_CURRENT_DRIVER"
k1_strong_scaling,RVV,cores,4,2026-10-03T07:06:59,k1-rvv,"GEMM_RVV_FP32_INT8_8x4_Baseline","RVV_IGEMM_INT8_I8I32_8x4","igemm_kernel_8x4_zvl256b_lmul1_unroll8_i8i32",8x4,256b,1,8,INT8_RVV,0-7,4,4,1024,1024,1024,32,1,OK,0,NONE,0.844285417,GOPS,2.543552,parallel_tiles_including_required_packing,INDEPENDENT_INT64_REFERENCE_EXACT_INT32,0,0,"0:cpu0:tiles8;1:cpu1:tiles8;2:cpu2:tiles8;3:cpu3:tiles8","NA",static,0,"NA","NA","/home/bananapi/MAT/kernels riscv rvv 1.0/FINAL/riscv-gemm-optimization/microkernels/HETEROGENEOUS_RVV_IME_OPENMP_GEMM/results/openmp_results_k1-rvv_1024_20261003_070603/raw_logs/GEMM_RVV_FP32_INT8_8x4_Baseline_RVV_IGEMM_INT8_I8I32_8x4_igemm_kernel_8x4_zvl256b_lmul1_unroll8_i8i32_run1.log",274355454870,7272477071,0.02650749946,NA,NA,NA,"/home/bananapi/MAT/kernels riscv rvv 1.0/FINAL/riscv-gemm-optimization/microkernels/HETEROGENEOUS_RVV_IME_OPENMP_GEMM/results/openmp_results_k1-rvv_1024_20261003_070603/raw_logs/GEMM_RVV_FP32_INT8_8x4_Baseline_RVV_IGEMM_INT8_I8I32_8x4_igemm_kernel_8x4_zvl256b_lmul1_unroll8_i8i32_run1_perf.csv",0.191066839,3.150370140,0.000000000,"aggregate_worker_time;TOTAL_TIME_SEC=wall_clock","NOT_PRESENT_IN_CURRENT_DRIVER"
k1_strong_scaling,RVV,cores,4,2026-10-03T07:07:01,k1-rvv,"GEMM_RVV_FP32_INT8_8x4_Baseline","RVV_IGEMM_INT8_I8I32_8x4","igemm_kernel_8x4_zvl256b_lmul1_unroll8_i8i32",8x4,256b,1,8,INT8_RVV,0-7,4,4,1024,1024,1024,32,2,OK,0,NONE,0.852586333,GOPS,2.518787,parallel_tiles_including_required_packing,DISABLED,0,0,"0:cpu0:tiles8;1:cpu1:tiles8;2:cpu2:tiles8;3:cpu3:tiles8","NA",static,0,"NA","NA","/home/bananapi/MAT/kernels riscv rvv 1.0/FINAL/riscv-gemm-optimization/microkernels/HETEROGENEOUS_RVV_IME_OPENMP_GEMM/results/openmp_results_k1-rvv_1024_20261003_070603/raw_logs/GEMM_RVV_FP32_INT8_8x4_Baseline_RVV_IGEMM_INT8_I8I32_8x4_igemm_kernel_8x4_zvl256b_lmul1_unroll8_i8i32_run2.log",10911058748,3140311607,0.2878099806,NA,NA,NA,"/home/bananapi/MAT/kernels riscv rvv 1.0/FINAL/riscv-gemm-optimization/microkernels/HETEROGENEOUS_RVV_IME_OPENMP_GEMM/results/openmp_results_k1-rvv_1024_20261003_070603/raw_logs/GEMM_RVV_FP32_INT8_8x4_Baseline_RVV_IGEMM_INT8_I8I32_8x4_igemm_kernel_8x4_zvl256b_lmul1_unroll8_i8i32_run2_perf.csv",0.255236212,3.134441078,0.000000000,"aggregate_worker_time;TOTAL_TIME_SEC=wall_clock","NOT_PRESENT_IN_CURRENT_DRIVER"
k1_strong_scaling,RVV,cores,4,2026-10-03T07:07:04,k1-rvv,"GEMM_RVV_FP32_INT8_8x4_Baseline","RVV_IGEMM_INT8_I8I32_8x4","igemm_kernel_8x4_zvl256b_lmul1_unroll8_i8i32",8x4,256b,1,8,INT8_RVV,0-7,4,4,1024,1024,1024,32,3,OK,0,NONE,0.851153083,GOPS,2.523029,parallel_tiles_including_required_packing,DISABLED,0,0,"0:cpu0:tiles8;1:cpu1:tiles8;2:cpu2:tiles8;3:cpu3:tiles8","NA",static,0,"NA","NA","/home/bananapi/MAT/kernels riscv rvv 1.0/FINAL/riscv-gemm-optimization/microkernels/HETEROGENEOUS_RVV_IME_OPENMP_GEMM/results/openmp_results_k1-rvv_1024_20261003_070603/raw_logs/GEMM_RVV_FP32_INT8_8x4_Baseline_RVV_IGEMM_INT8_I8I32_8x4_igemm_kernel_8x4_zvl256b_lmul1_unroll8_i8i32_run3.log",10934164870,3152004719,0.28827119,NA,NA,NA,"/home/bananapi/MAT/kernels riscv rvv 1.0/FINAL/riscv-gemm-optimization/microkernels/HETEROGENEOUS_RVV_IME_OPENMP_GEMM/results/openmp_results_k1-rvv_1024_20261003_070603/raw_logs/GEMM_RVV_FP32_INT8_8x4_Baseline_RVV_IGEMM_INT8_I8I32_8x4_igemm_kernel_8x4_zvl256b_lmul1_unroll8_i8i32_run3_perf.csv",0.249566372,3.133806869,0.000000000,"aggregate_worker_time;TOTAL_TIME_SEC=wall_clock","NOT_PRESENT_IN_CURRENT_DRIVER"
k1_strong_scaling,RVV,cores,4,2026-10-03T07:07:06,k1-rvv,"GEMM_RVV_FP32_INT8_8x4_Baseline","RVV_IGEMM_INT8_I8I32_8x4","igemm_kernel_8x4_zvl256b_lmul1_unroll8_i8i32",8x4,256b,1,8,INT8_RVV,0-7,4,4,1024,1024,1024,32,4,OK,0,NONE,0.849020876,GOPS,2.529365,parallel_tiles_including_required_packing,DISABLED,0,0,"0:cpu0:tiles8;1:cpu1:tiles8;2:cpu2:tiles8;3:cpu3:tiles8","NA",static,0,"NA","NA","/home/bananapi/MAT/kernels riscv rvv 1.0/FINAL/riscv-gemm-optimization/microkernels/HETEROGENEOUS_RVV_IME_OPENMP_GEMM/results/openmp_results_k1-rvv_1024_20261003_070603/raw_logs/GEMM_RVV_FP32_INT8_8x4_Baseline_RVV_IGEMM_INT8_I8I32_8x4_igemm_kernel_8x4_zvl256b_lmul1_unroll8_i8i32_run4.log",10862426138,3133168810,0.2884409772,NA,NA,NA,"/home/bananapi/MAT/kernels riscv rvv 1.0/FINAL/riscv-gemm-optimization/microkernels/HETEROGENEOUS_RVV_IME_OPENMP_GEMM/results/openmp_results_k1-rvv_1024_20261003_070603/raw_logs/GEMM_RVV_FP32_INT8_8x4_Baseline_RVV_IGEMM_INT8_I8I32_8x4_igemm_kernel_8x4_zvl256b_lmul1_unroll8_i8i32_run4_perf.csv",0.234419949,3.136558484,0.000000000,"aggregate_worker_time;TOTAL_TIME_SEC=wall_clock","NOT_PRESENT_IN_CURRENT_DRIVER"
k1_strong_scaling,RVV,cores,4,2026-10-03T07:07:08,k1-rvv,"GEMM_RVV_FP32_INT8_8x4_Baseline","RVV_IGEMM_INT8_I8I32_8x4","igemm_kernel_8x4_zvl256b_lmul1_unroll8_i8i32",8x4,256b,1,8,INT8_RVV,0-7,4,4,1024,1024,1024,32,5,OK,0,NONE,0.843470294,GOPS,2.546010,parallel_tiles_including_required_packing,DISABLED,0,0,"0:cpu0:tiles8;1:cpu1:tiles8;2:cpu2:tiles8;3:cpu3:tiles8","NA",static,0,"NA","NA","/home/bananapi/MAT/kernels riscv rvv 1.0/FINAL/riscv-gemm-optimization/microkernels/HETEROGENEOUS_RVV_IME_OPENMP_GEMM/results/openmp_results_k1-rvv_1024_20261003_070603/raw_logs/GEMM_RVV_FP32_INT8_8x4_Baseline_RVV_IGEMM_INT8_I8I32_8x4_igemm_kernel_8x4_zvl256b_lmul1_unroll8_i8i32_run5.log",10867647012,3131262198,0.2881269694,NA,NA,NA,"/home/bananapi/MAT/kernels riscv rvv 1.0/FINAL/riscv-gemm-optimization/microkernels/HETEROGENEOUS_RVV_IME_OPENMP_GEMM/results/openmp_results_k1-rvv_1024_20261003_070603/raw_logs/GEMM_RVV_FP32_INT8_8x4_Baseline_RVV_IGEMM_INT8_I8I32_8x4_igemm_kernel_8x4_zvl256b_lmul1_unroll8_i8i32_run5_perf.csv",0.217602875,3.133063111,0.000000000,"aggregate_worker_time;TOTAL_TIME_SEC=wall_clock","NOT_PRESENT_IN_CURRENT_DRIVER"
k1_strong_scaling,RVV,cores,4,2026-10-03T07:07:10,k1-rvv,"GEMM_RVV_FP32_INT8_8x4_Baseline","RVV_IGEMM_INT8_I8I32_8x4","igemm_kernel_8x4_zvl256b_lmul1_unroll8_i8i32",8x4,256b,1,8,INT8_RVV,0-7,4,4,1024,1024,1024,32,6,OK,0,NONE,0.851272166,GOPS,2.522676,parallel_tiles_including_required_packing,DISABLED,0,0,"0:cpu0:tiles8;1:cpu1:tiles8;2:cpu2:tiles8;3:cpu3:tiles8","NA",static,0,"NA","NA","/home/bananapi/MAT/kernels riscv rvv 1.0/FINAL/riscv-gemm-optimization/microkernels/HETEROGENEOUS_RVV_IME_OPENMP_GEMM/results/openmp_results_k1-rvv_1024_20261003_070603/raw_logs/GEMM_RVV_FP32_INT8_8x4_Baseline_RVV_IGEMM_INT8_I8I32_8x4_igemm_kernel_8x4_zvl256b_lmul1_unroll8_i8i32_run6.log",10930705767,3136221678,0.2869184977,NA,NA,NA,"/home/bananapi/MAT/kernels riscv rvv 1.0/FINAL/riscv-gemm-optimization/microkernels/HETEROGENEOUS_RVV_IME_OPENMP_GEMM/results/openmp_results_k1-rvv_1024_20261003_070603/raw_logs/GEMM_RVV_FP32_INT8_8x4_Baseline_RVV_IGEMM_INT8_I8I32_8x4_igemm_kernel_8x4_zvl256b_lmul1_unroll8_i8i32_run6_perf.csv",0.238870040,3.139537670,0.000000000,"aggregate_worker_time;TOTAL_TIME_SEC=wall_clock","NOT_PRESENT_IN_CURRENT_DRIVER"
k1_strong_scaling,RVV,cores,4,2026-10-03T07:07:13,k1-rvv,"GEMM_RVV_FP32_INT8_8x4_Baseline","RVV_IGEMM_INT8_I8I32_8x4","igemm_kernel_8x4_zvl256b_lmul1_unroll8_i8i32",8x4,256b,1,8,INT8_RVV,0-7,4,4,1024,1024,1024,32,7,OK,0,NONE,0.849405419,GOPS,2.528220,parallel_tiles_including_required_packing,DISABLED,0,0,"0:cpu0:tiles8;1:cpu1:tiles8;2:cpu2:tiles8;3:cpu3:tiles8","NA",static,0,"NA","NA","/home/bananapi/MAT/kernels riscv rvv 1.0/FINAL/riscv-gemm-optimization/microkernels/HETEROGENEOUS_RVV_IME_OPENMP_GEMM/results/openmp_results_k1-rvv_1024_20261003_070603/raw_logs/GEMM_RVV_FP32_INT8_8x4_Baseline_RVV_IGEMM_INT8_I8I32_8x4_igemm_kernel_8x4_zvl256b_lmul1_unroll8_i8i32_run7.log",10893168216,3133990507,0.2877023879,NA,NA,NA,"/home/bananapi/MAT/kernels riscv rvv 1.0/FINAL/riscv-gemm-optimization/microkernels/HETEROGENEOUS_RVV_IME_OPENMP_GEMM/results/openmp_results_k1-rvv_1024_20261003_070603/raw_logs/GEMM_RVV_FP32_INT8_8x4_Baseline_RVV_IGEMM_INT8_I8I32_8x4_igemm_kernel_8x4_zvl256b_lmul1_unroll8_i8i32_run7_perf.csv",0.234115411,3.136610288,0.000000000,"aggregate_worker_time;TOTAL_TIME_SEC=wall_clock","NOT_PRESENT_IN_CURRENT_DRIVER"
k1_strong_scaling,RVV,cores,8,2026-10-03T07:07:59,k1-rvv,"GEMM_RVV_FP32_INT8_8x4_Baseline","RVV_IGEMM_INT8_I8I32_8x4","igemm_kernel_8x4_zvl256b_lmul1_unroll8_i8i32",8x4,256b,1,8,INT8_RVV,0-7,8,8,1024,1024,1024,32,1,OK,0,NONE,0.441816211,GOPS,4.860581,parallel_tiles_including_required_packing,INDEPENDENT_INT64_REFERENCE_EXACT_INT32,0,0,"0:cpu0:tiles4;1:cpu1:tiles4;2:cpu2:tiles4;3:cpu3:tiles4;4:cpu4:tiles4;5:cpu5:tiles4;6:cpu6:tiles4;7:cpu7:tiles4","NA",static,0,"NA","NA","/home/bananapi/MAT/kernels riscv rvv 1.0/FINAL/riscv-gemm-optimization/microkernels/HETEROGENEOUS_RVV_IME_OPENMP_GEMM/results/openmp_results_k1-rvv_1024_20261003_070721/raw_logs/GEMM_RVV_FP32_INT8_8x4_Baseline_RVV_IGEMM_INT8_I8I32_8x4_igemm_kernel_8x4_zvl256b_lmul1_unroll8_i8i32_run1.log",315389695970,7409350669,0.02349268465,NA,NA,NA,"/home/bananapi/MAT/kernels riscv rvv 1.0/FINAL/riscv-gemm-optimization/microkernels/HETEROGENEOUS_RVV_IME_OPENMP_GEMM/results/openmp_results_k1-rvv_1024_20261003_070721/raw_logs/GEMM_RVV_FP32_INT8_8x4_Baseline_RVV_IGEMM_INT8_I8I32_8x4_igemm_kernel_8x4_zvl256b_lmul1_unroll8_i8i32_run1_perf.csv",0.299901407,3.193304036,0.000000000,"aggregate_worker_time;TOTAL_TIME_SEC=wall_clock","NOT_PRESENT_IN_CURRENT_DRIVER"
k1_strong_scaling,RVV,cores,8,2026-10-03T07:08:00,k1-rvv,"GEMM_RVV_FP32_INT8_8x4_Baseline","RVV_IGEMM_INT8_I8I32_8x4","igemm_kernel_8x4_zvl256b_lmul1_unroll8_i8i32",8x4,256b,1,8,INT8_RVV,0-7,8,8,1024,1024,1024,32,2,OK,0,NONE,0.449267123,GOPS,4.779971,parallel_tiles_including_required_packing,DISABLED,0,0,"0:cpu0:tiles4;1:cpu1:tiles4;2:cpu2:tiles4;3:cpu3:tiles4;4:cpu4:tiles4;5:cpu5:tiles4;6:cpu6:tiles4;7:cpu7:tiles4","NA",static,0,"NA","NA","/home/bananapi/MAT/kernels riscv rvv 1.0/FINAL/riscv-gemm-optimization/microkernels/HETEROGENEOUS_RVV_IME_OPENMP_GEMM/results/openmp_results_k1-rvv_1024_20261003_070721/raw_logs/GEMM_RVV_FP32_INT8_8x4_Baseline_RVV_IGEMM_INT8_I8I32_8x4_igemm_kernel_8x4_zvl256b_lmul1_unroll8_i8i32_run2.log",11321780308,3168490456,0.2798579702,NA,NA,NA,"/home/bananapi/MAT/kernels riscv rvv 1.0/FINAL/riscv-gemm-optimization/microkernels/HETEROGENEOUS_RVV_IME_OPENMP_GEMM/results/openmp_results_k1-rvv_1024_20261003_070721/raw_logs/GEMM_RVV_FP32_INT8_8x4_Baseline_RVV_IGEMM_INT8_I8I32_8x4_igemm_kernel_8x4_zvl256b_lmul1_unroll8_i8i32_run2_perf.csv",0.328784071,3.195093233,0.000000000,"aggregate_worker_time;TOTAL_TIME_SEC=wall_clock","NOT_PRESENT_IN_CURRENT_DRIVER"
k1_strong_scaling,RVV,cores,8,2026-10-03T07:08:02,k1-rvv,"GEMM_RVV_FP32_INT8_8x4_Baseline","RVV_IGEMM_INT8_I8I32_8x4","igemm_kernel_8x4_zvl256b_lmul1_unroll8_i8i32",8x4,256b,1,8,INT8_RVV,0-7,8,8,1024,1024,1024,32,3,OK,0,NONE,0.456443205,GOPS,4.704821,parallel_tiles_including_required_packing,DISABLED,0,0,"0:cpu0:tiles4;1:cpu1:tiles4;2:cpu2:tiles4;3:cpu3:tiles4;4:cpu4:tiles4;5:cpu5:tiles4;6:cpu6:tiles4;7:cpu7:tiles4","NA",static,0,"NA","NA","/home/bananapi/MAT/kernels riscv rvv 1.0/FINAL/riscv-gemm-optimization/microkernels/HETEROGENEOUS_RVV_IME_OPENMP_GEMM/results/openmp_results_k1-rvv_1024_20261003_070721/raw_logs/GEMM_RVV_FP32_INT8_8x4_Baseline_RVV_IGEMM_INT8_I8I32_8x4_igemm_kernel_8x4_zvl256b_lmul1_unroll8_i8i32_run3.log",11268465600,3177726392,0.2820016944,NA,NA,NA,"/home/bananapi/MAT/kernels riscv rvv 1.0/FINAL/riscv-gemm-optimization/microkernels/HETEROGENEOUS_RVV_IME_OPENMP_GEMM/results/openmp_results_k1-rvv_1024_20261003_070721/raw_logs/GEMM_RVV_FP32_INT8_8x4_Baseline_RVV_IGEMM_INT8_I8I32_8x4_igemm_kernel_8x4_zvl256b_lmul1_unroll8_i8i32_run3_perf.csv",0.299950998,3.199844304,0.000000000,"aggregate_worker_time;TOTAL_TIME_SEC=wall_clock","NOT_PRESENT_IN_CURRENT_DRIVER"
k1_strong_scaling,RVV,cores,8,2026-10-03T07:08:03,k1-rvv,"GEMM_RVV_FP32_INT8_8x4_Baseline","RVV_IGEMM_INT8_I8I32_8x4","igemm_kernel_8x4_zvl256b_lmul1_unroll8_i8i32",8x4,256b,1,8,INT8_RVV,0-7,8,8,1024,1024,1024,32,4,OK,0,NONE,0.446150959,GOPS,4.813357,parallel_tiles_including_required_packing,DISABLED,0,0,"0:cpu0:tiles4;1:cpu1:tiles4;2:cpu2:tiles4;3:cpu3:tiles4;4:cpu4:tiles4;5:cpu5:tiles4;6:cpu6:tiles4;7:cpu7:tiles4","NA",static,0,"NA","NA","/home/bananapi/MAT/kernels riscv rvv 1.0/FINAL/riscv-gemm-optimization/microkernels/HETEROGENEOUS_RVV_IME_OPENMP_GEMM/results/openmp_results_k1-rvv_1024_20261003_070721/raw_logs/GEMM_RVV_FP32_INT8_8x4_Baseline_RVV_IGEMM_INT8_I8I32_8x4_igemm_kernel_8x4_zvl256b_lmul1_unroll8_i8i32_run4.log",11325841249,3185170236,0.2812303445,NA,NA,NA,"/home/bananapi/MAT/kernels riscv rvv 1.0/FINAL/riscv-gemm-optimization/microkernels/HETEROGENEOUS_RVV_IME_OPENMP_GEMM/results/openmp_results_k1-rvv_1024_20261003_070721/raw_logs/GEMM_RVV_FP32_INT8_8x4_Baseline_RVV_IGEMM_INT8_I8I32_8x4_igemm_kernel_8x4_zvl256b_lmul1_unroll8_i8i32_run4_perf.csv",0.322444398,3.180413213,0.000000000,"aggregate_worker_time;TOTAL_TIME_SEC=wall_clock","NOT_PRESENT_IN_CURRENT_DRIVER"
k1_strong_scaling,RVV,cores,8,2026-10-03T07:08:05,k1-rvv,"GEMM_RVV_FP32_INT8_8x4_Baseline","RVV_IGEMM_INT8_I8I32_8x4","igemm_kernel_8x4_zvl256b_lmul1_unroll8_i8i32",8x4,256b,1,8,INT8_RVV,0-7,8,8,1024,1024,1024,32,5,OK,0,NONE,0.445825752,GOPS,4.816868,parallel_tiles_including_required_packing,DISABLED,0,0,"0:cpu0:tiles4;1:cpu1:tiles4;2:cpu2:tiles4;3:cpu3:tiles4;4:cpu4:tiles4;5:cpu5:tiles4;6:cpu6:tiles4;7:cpu7:tiles4","NA",static,0,"NA","NA","/home/bananapi/MAT/kernels riscv rvv 1.0/FINAL/riscv-gemm-optimization/microkernels/HETEROGENEOUS_RVV_IME_OPENMP_GEMM/results/openmp_results_k1-rvv_1024_20261003_070721/raw_logs/GEMM_RVV_FP32_INT8_8x4_Baseline_RVV_IGEMM_INT8_I8I32_8x4_igemm_kernel_8x4_zvl256b_lmul1_unroll8_i8i32_run5.log",11340480236,3168832384,0.2794266484,NA,NA,NA,"/home/bananapi/MAT/kernels riscv rvv 1.0/FINAL/riscv-gemm-optimization/microkernels/HETEROGENEOUS_RVV_IME_OPENMP_GEMM/results/openmp_results_k1-rvv_1024_20261003_070721/raw_logs/GEMM_RVV_FP32_INT8_8x4_Baseline_RVV_IGEMM_INT8_I8I32_8x4_igemm_kernel_8x4_zvl256b_lmul1_unroll8_i8i32_run5_perf.csv",0.333735399,3.175716545,0.000000000,"aggregate_worker_time;TOTAL_TIME_SEC=wall_clock","NOT_PRESENT_IN_CURRENT_DRIVER"
k1_strong_scaling,RVV,cores,8,2026-10-03T07:08:06,k1-rvv,"GEMM_RVV_FP32_INT8_8x4_Baseline","RVV_IGEMM_INT8_I8I32_8x4","igemm_kernel_8x4_zvl256b_lmul1_unroll8_i8i32",8x4,256b,1,8,INT8_RVV,0-7,8,8,1024,1024,1024,32,6,OK,0,NONE,0.447753832,GOPS,4.796126,parallel_tiles_including_required_packing,DISABLED,0,0,"0:cpu0:tiles4;1:cpu1:tiles4;2:cpu2:tiles4;3:cpu3:tiles4;4:cpu4:tiles4;5:cpu5:tiles4;6:cpu6:tiles4;7:cpu7:tiles4","NA",static,0,"NA","NA","/home/bananapi/MAT/kernels riscv rvv 1.0/FINAL/riscv-gemm-optimization/microkernels/HETEROGENEOUS_RVV_IME_OPENMP_GEMM/results/openmp_results_k1-rvv_1024_20261003_070721/raw_logs/GEMM_RVV_FP32_INT8_8x4_Baseline_RVV_IGEMM_INT8_I8I32_8x4_igemm_kernel_8x4_zvl256b_lmul1_unroll8_i8i32_run6.log",11335848019,3183278514,0.2808152075,NA,NA,NA,"/home/bananapi/MAT/kernels riscv rvv 1.0/FINAL/riscv-gemm-optimization/microkernels/HETEROGENEOUS_RVV_IME_OPENMP_GEMM/results/openmp_results_k1-rvv_1024_20261003_070721/raw_logs/GEMM_RVV_FP32_INT8_8x4_Baseline_RVV_IGEMM_INT8_I8I32_8x4_igemm_kernel_8x4_zvl256b_lmul1_unroll8_i8i32_run6_perf.csv",0.316968262,3.184670251,0.000000000,"aggregate_worker_time;TOTAL_TIME_SEC=wall_clock","NOT_PRESENT_IN_CURRENT_DRIVER"
k1_strong_scaling,RVV,cores,8,2026-10-03T07:08:07,k1-rvv,"GEMM_RVV_FP32_INT8_8x4_Baseline","RVV_IGEMM_INT8_I8I32_8x4","igemm_kernel_8x4_zvl256b_lmul1_unroll8_i8i32",8x4,256b,1,8,INT8_RVV,0-7,8,8,1024,1024,1024,32,7,OK,0,NONE,0.445010666,GOPS,4.825690,parallel_tiles_including_required_packing,DISABLED,0,0,"0:cpu0:tiles4;1:cpu1:tiles4;2:cpu2:tiles4;3:cpu3:tiles4;4:cpu4:tiles4;5:cpu5:tiles4;6:cpu6:tiles4;7:cpu7:tiles4","NA",static,0,"NA","NA","/home/bananapi/MAT/kernels riscv rvv 1.0/FINAL/riscv-gemm-optimization/microkernels/HETEROGENEOUS_RVV_IME_OPENMP_GEMM/results/openmp_results_k1-rvv_1024_20261003_070721/raw_logs/GEMM_RVV_FP32_INT8_8x4_Baseline_RVV_IGEMM_INT8_I8I32_8x4_igemm_kernel_8x4_zvl256b_lmul1_unroll8_i8i32_run7.log",11287139143,3141854749,0.2783570495,NA,NA,NA,"/home/bananapi/MAT/kernels riscv rvv 1.0/FINAL/riscv-gemm-optimization/microkernels/HETEROGENEOUS_RVV_IME_OPENMP_GEMM/results/openmp_results_k1-rvv_1024_20261003_070721/raw_logs/GEMM_RVV_FP32_INT8_8x4_Baseline_RVV_IGEMM_INT8_I8I32_8x4_igemm_kernel_8x4_zvl256b_lmul1_unroll8_i8i32_run7_perf.csv",0.318091508,3.176061716,0.000000000,"aggregate_worker_time;TOTAL_TIME_SEC=wall_clock","NOT_PRESENT_IN_CURRENT_DRIVER"
k1_strong_scaling,IME,cores,1,2026-10-03T07:09:08,k1-ime,"IME_NATIVE_KERNELS","IME_GEMM_INT8_I8I32_8x4_NATIVE","ime_kernel_8x4_zvl256b_lmul1_unroll8",8x4,256b,1,8,INT8_IME,0-3,1,1,1024,1024,1024,32,1,OK,0,NONE,0.374088917,GOPS,5.740570,parallel_tiles_including_required_packing,INDEPENDENT_INT64_REFERENCE_EXACT_INT32,0,0,"0:cpu0:tiles32","NA",static,0,"NA","NA","/home/bananapi/MAT/kernels riscv rvv 1.0/FINAL/riscv-gemm-optimization/microkernels/HETEROGENEOUS_RVV_IME_OPENMP_GEMM/results/openmp_results_k1-ime_1024_20261003_070816/raw_logs/IME_NATIVE_KERNELS_IME_GEMM_INT8_I8I32_8x4_NATIVE_ime_kernel_8x4_zvl256b_lmul1_unroll8_run1.log",66633252898,4377344662,0.06569309574,NA,NA,NA,"/home/bananapi/MAT/kernels riscv rvv 1.0/FINAL/riscv-gemm-optimization/microkernels/HETEROGENEOUS_RVV_IME_OPENMP_GEMM/results/openmp_results_k1-ime_1024_20261003_070816/raw_logs/IME_NATIVE_KERNELS_IME_GEMM_INT8_I8I32_8x4_NATIVE_ime_kernel_8x4_zvl256b_lmul1_unroll8_run1_perf.csv",0.001219373,0.372685496,0.000000000,"aggregate_worker_time;TOTAL_TIME_SEC=wall_clock","NOT_PRESENT_IN_CURRENT_DRIVER"
k1_strong_scaling,IME,cores,1,2026-10-03T07:09:09,k1-ime,"IME_NATIVE_KERNELS","IME_GEMM_INT8_I8I32_8x4_NATIVE","ime_kernel_8x4_zvl256b_lmul1_unroll8",8x4,256b,1,8,INT8_IME,0-3,1,1,1024,1024,1024,32,2,OK,0,NONE,0.268302210,GOPS,8.003973,parallel_tiles_including_required_packing,DISABLED,0,0,"0:cpu0:tiles32","NA",static,0,"NA","NA","/home/bananapi/MAT/kernels riscv rvv 1.0/FINAL/riscv-gemm-optimization/microkernels/HETEROGENEOUS_RVV_IME_OPENMP_GEMM/results/openmp_results_k1-ime_1024_20261003_070816/raw_logs/IME_NATIVE_KERNELS_IME_GEMM_INT8_I8I32_8x4_NATIVE_ime_kernel_8x4_zvl256b_lmul1_unroll8_run2.log",923700470,567192053,0.6140432656,NA,NA,NA,"/home/bananapi/MAT/kernels riscv rvv 1.0/FINAL/riscv-gemm-optimization/microkernels/HETEROGENEOUS_RVV_IME_OPENMP_GEMM/results/openmp_results_k1-ime_1024_20261003_070816/raw_logs/IME_NATIVE_KERNELS_IME_GEMM_INT8_I8I32_8x4_NATIVE_ime_kernel_8x4_zvl256b_lmul1_unroll8_run2_perf.csv",0.001219291,0.266901545,0.000000000,"aggregate_worker_time;TOTAL_TIME_SEC=wall_clock","NOT_PRESENT_IN_CURRENT_DRIVER"
k1_strong_scaling,IME,cores,1,2026-10-03T07:09:10,k1-ime,"IME_NATIVE_KERNELS","IME_GEMM_INT8_I8I32_8x4_NATIVE","ime_kernel_8x4_zvl256b_lmul1_unroll8",8x4,256b,1,8,INT8_IME,0-3,1,1,1024,1024,1024,32,3,OK,0,NONE,0.254347418,GOPS,8.443112,parallel_tiles_including_required_packing,DISABLED,0,0,"0:cpu0:tiles32","NA",static,0,"NA","NA","/home/bananapi/MAT/kernels riscv rvv 1.0/FINAL/riscv-gemm-optimization/microkernels/HETEROGENEOUS_RVV_IME_OPENMP_GEMM/results/openmp_results_k1-ime_1024_20261003_070816/raw_logs/IME_NATIVE_KERNELS_IME_GEMM_INT8_I8I32_8x4_NATIVE_ime_kernel_8x4_zvl256b_lmul1_unroll8_run3.log",919537344,575021194,0.625337511,NA,NA,NA,"/home/bananapi/MAT/kernels riscv rvv 1.0/FINAL/riscv-gemm-optimization/microkernels/HETEROGENEOUS_RVV_IME_OPENMP_GEMM/results/openmp_results_k1-ime_1024_20261003_070816/raw_logs/IME_NATIVE_KERNELS_IME_GEMM_INT8_I8I32_8x4_NATIVE_ime_kernel_8x4_zvl256b_lmul1_unroll8_run3_perf.csv",0.001246270,0.252915006,0.000000000,"aggregate_worker_time;TOTAL_TIME_SEC=wall_clock","NOT_PRESENT_IN_CURRENT_DRIVER"
k1_strong_scaling,IME,cores,1,2026-10-03T07:09:11,k1-ime,"IME_NATIVE_KERNELS","IME_GEMM_INT8_I8I32_8x4_NATIVE","ime_kernel_8x4_zvl256b_lmul1_unroll8",8x4,256b,1,8,INT8_IME,0-3,1,1,1024,1024,1024,32,4,OK,0,NONE,0.224156581,GOPS,9.580284,parallel_tiles_including_required_packing,DISABLED,0,0,"0:cpu0:tiles32","NA",static,0,"NA","NA","/home/bananapi/MAT/kernels riscv rvv 1.0/FINAL/riscv-gemm-optimization/microkernels/HETEROGENEOUS_RVV_IME_OPENMP_GEMM/results/openmp_results_k1-ime_1024_20261003_070816/raw_logs/IME_NATIVE_KERNELS_IME_GEMM_INT8_I8I32_8x4_NATIVE_ime_kernel_8x4_zvl256b_lmul1_unroll8_run4.log",844132939,569781016,0.6749896725,NA,NA,NA,"/home/bananapi/MAT/kernels riscv rvv 1.0/FINAL/riscv-gemm-optimization/microkernels/HETEROGENEOUS_RVV_IME_OPENMP_GEMM/results/openmp_results_k1-ime_1024_20261003_070816/raw_logs/IME_NATIVE_KERNELS_IME_GEMM_INT8_I8I32_8x4_NATIVE_ime_kernel_8x4_zvl256b_lmul1_unroll8_run4_perf.csv",0.001301035,0.222664598,0.000000000,"aggregate_worker_time;TOTAL_TIME_SEC=wall_clock","NOT_PRESENT_IN_CURRENT_DRIVER"
k1_strong_scaling,IME,cores,1,2026-10-03T07:09:12,k1-ime,"IME_NATIVE_KERNELS","IME_GEMM_INT8_I8I32_8x4_NATIVE","ime_kernel_8x4_zvl256b_lmul1_unroll8",8x4,256b,1,8,INT8_IME,0-3,1,1,1024,1024,1024,32,5,OK,0,NONE,0.359094836,GOPS,5.980269,parallel_tiles_including_required_packing,DISABLED,0,0,"0:cpu0:tiles32","NA",static,0,"NA","NA","/home/bananapi/MAT/kernels riscv rvv 1.0/FINAL/riscv-gemm-optimization/microkernels/HETEROGENEOUS_RVV_IME_OPENMP_GEMM/results/openmp_results_k1-ime_1024_20261003_070816/raw_logs/IME_NATIVE_KERNELS_IME_GEMM_INT8_I8I32_8x4_NATIVE_ime_kernel_8x4_zvl256b_lmul1_unroll8_run5.log",1329839882,563980663,0.4240966681,NA,NA,NA,"/home/bananapi/MAT/kernels riscv rvv 1.0/FINAL/riscv-gemm-optimization/microkernels/HETEROGENEOUS_RVV_IME_OPENMP_GEMM/results/openmp_results_k1-ime_1024_20261003_070816/raw_logs/IME_NATIVE_KERNELS_IME_GEMM_INT8_I8I32_8x4_NATIVE_ime_kernel_8x4_zvl256b_lmul1_unroll8_run5_perf.csv",0.001314834,0.357596915,0.000000000,"aggregate_worker_time;TOTAL_TIME_SEC=wall_clock","NOT_PRESENT_IN_CURRENT_DRIVER"
k1_strong_scaling,IME,cores,1,2026-10-03T07:09:13,k1-ime,"IME_NATIVE_KERNELS","IME_GEMM_INT8_I8I32_8x4_NATIVE","ime_kernel_8x4_zvl256b_lmul1_unroll8",8x4,256b,1,8,INT8_IME,0-3,1,1,1024,1024,1024,32,6,OK,0,NONE,0.241744459,GOPS,8.883280,parallel_tiles_including_required_packing,DISABLED,0,0,"0:cpu0:tiles32","NA",static,0,"NA","NA","/home/bananapi/MAT/kernels riscv rvv 1.0/FINAL/riscv-gemm-optimization/microkernels/HETEROGENEOUS_RVV_IME_OPENMP_GEMM/results/openmp_results_k1-ime_1024_20261003_070816/raw_logs/IME_NATIVE_KERNELS_IME_GEMM_INT8_I8I32_8x4_NATIVE_ime_kernel_8x4_zvl256b_lmul1_unroll8_run6.log",889240757,564120292,0.6343842065,NA,NA,NA,"/home/bananapi/MAT/kernels riscv rvv 1.0/FINAL/riscv-gemm-optimization/microkernels/HETEROGENEOUS_RVV_IME_OPENMP_GEMM/results/openmp_results_k1-ime_1024_20261003_070816/raw_logs/IME_NATIVE_KERNELS_IME_GEMM_INT8_I8I32_8x4_NATIVE_ime_kernel_8x4_zvl256b_lmul1_unroll8_run6_perf.csv",0.001203332,0.240359627,0.000000000,"aggregate_worker_time;TOTAL_TIME_SEC=wall_clock","NOT_PRESENT_IN_CURRENT_DRIVER"
k1_strong_scaling,IME,cores,1,2026-10-03T07:09:15,k1-ime,"IME_NATIVE_KERNELS","IME_GEMM_INT8_I8I32_8x4_NATIVE","ime_kernel_8x4_zvl256b_lmul1_unroll8",8x4,256b,1,8,INT8_IME,0-3,1,1,1024,1024,1024,32,7,OK,0,NONE,0.394184291,GOPS,5.447918,parallel_tiles_including_required_packing,DISABLED,0,0,"0:cpu0:tiles32","NA",static,0,"NA","NA","/home/bananapi/MAT/kernels riscv rvv 1.0/FINAL/riscv-gemm-optimization/microkernels/HETEROGENEOUS_RVV_IME_OPENMP_GEMM/results/openmp_results_k1-ime_1024_20261003_070816/raw_logs/IME_NATIVE_KERNELS_IME_GEMM_INT8_I8I32_8x4_NATIVE_ime_kernel_8x4_zvl256b_lmul1_unroll8_run7.log",1303869206,581865887,0.4462609319,NA,NA,NA,"/home/bananapi/MAT/kernels riscv rvv 1.0/FINAL/riscv-gemm-optimization/microkernels/HETEROGENEOUS_RVV_IME_OPENMP_GEMM/results/openmp_results_k1-ime_1024_20261003_070816/raw_logs/IME_NATIVE_KERNELS_IME_GEMM_INT8_I8I32_8x4_NATIVE_ime_kernel_8x4_zvl256b_lmul1_unroll8_run7_perf.csv",0.001181912,0.392813135,0.000000000,"aggregate_worker_time;TOTAL_TIME_SEC=wall_clock","NOT_PRESENT_IN_CURRENT_DRIVER"
k1_strong_scaling,IME,cores,2,2026-10-03T07:10:26,k1-ime,"IME_NATIVE_KERNELS","IME_GEMM_INT8_I8I32_8x4_NATIVE","ime_kernel_8x4_zvl256b_lmul1_unroll8",8x4,256b,1,8,INT8_IME,0-3,2,2,1024,1024,1024,32,1,OK,0,NONE,0.178941123,GOPS,12.001063,parallel_tiles_including_required_packing,INDEPENDENT_INT64_REFERENCE_EXACT_INT32,0,0,"0:cpu0:tiles16;1:cpu1:tiles16","NA",static,0,"NA","NA","/home/bananapi/MAT/kernels riscv rvv 1.0/FINAL/riscv-gemm-optimization/microkernels/HETEROGENEOUS_RVV_IME_OPENMP_GEMM/results/openmp_results_k1-ime_1024_20261003_070916/raw_logs/IME_NATIVE_KERNELS_IME_GEMM_INT8_I8I32_8x4_NATIVE_ime_kernel_8x4_zvl256b_lmul1_unroll8_run1.log",190714868173,4614224569,0.02419436205,NA,NA,NA,"/home/bananapi/MAT/kernels riscv rvv 1.0/FINAL/riscv-gemm-optimization/microkernels/HETEROGENEOUS_RVV_IME_OPENMP_GEMM/results/openmp_results_k1-ime_1024_20261003_070916/raw_logs/IME_NATIVE_KERNELS_IME_GEMM_INT8_I8I32_8x4_NATIVE_ime_kernel_8x4_zvl256b_lmul1_unroll8_run1_perf.csv",0.001643486,0.342872236,0.000000000,"aggregate_worker_time;TOTAL_TIME_SEC=wall_clock","NOT_PRESENT_IN_CURRENT_DRIVER"
k1_strong_scaling,IME,cores,2,2026-10-03T07:10:27,k1-ime,"IME_NATIVE_KERNELS","IME_GEMM_INT8_I8I32_8x4_NATIVE","ime_kernel_8x4_zvl256b_lmul1_unroll8",8x4,256b,1,8,INT8_IME,0-3,2,2,1024,1024,1024,32,2,OK,0,NONE,0.173477251,GOPS,12.379050,parallel_tiles_including_required_packing,DISABLED,0,0,"0:cpu0:tiles16;1:cpu1:tiles16","NA",static,0,"NA","NA","/home/bananapi/MAT/kernels riscv rvv 1.0/FINAL/riscv-gemm-optimization/microkernels/HETEROGENEOUS_RVV_IME_OPENMP_GEMM/results/openmp_results_k1-ime_1024_20261003_070916/raw_logs/IME_NATIVE_KERNELS_IME_GEMM_INT8_I8I32_8x4_NATIVE_ime_kernel_8x4_zvl256b_lmul1_unroll8_run2.log",1135698834,574021334,0.5054344663,NA,NA,NA,"/home/bananapi/MAT/kernels riscv rvv 1.0/FINAL/riscv-gemm-optimization/microkernels/HETEROGENEOUS_RVV_IME_OPENMP_GEMM/results/openmp_results_k1-ime_1024_20261003_070916/raw_logs/IME_NATIVE_KERNELS_IME_GEMM_INT8_I8I32_8x4_NATIVE_ime_kernel_8x4_zvl256b_lmul1_unroll8_run2_perf.csv",0.001526371,0.323149707,0.000000000,"aggregate_worker_time;TOTAL_TIME_SEC=wall_clock","NOT_PRESENT_IN_CURRENT_DRIVER"
k1_strong_scaling,IME,cores,2,2026-10-03T07:10:28,k1-ime,"IME_NATIVE_KERNELS","IME_GEMM_INT8_I8I32_8x4_NATIVE","ime_kernel_8x4_zvl256b_lmul1_unroll8",8x4,256b,1,8,INT8_IME,0-3,2,2,1024,1024,1024,32,3,OK,0,NONE,0.162562586,GOPS,13.210196,parallel_tiles_including_required_packing,DISABLED,0,0,"0:cpu0:tiles16;1:cpu1:tiles16","NA",static,0,"NA","NA","/home/bananapi/MAT/kernels riscv rvv 1.0/FINAL/riscv-gemm-optimization/microkernels/HETEROGENEOUS_RVV_IME_OPENMP_GEMM/results/openmp_results_k1-ime_1024_20261003_070916/raw_logs/IME_NATIVE_KERNELS_IME_GEMM_INT8_I8I32_8x4_NATIVE_ime_kernel_8x4_zvl256b_lmul1_unroll8_run3.log",1159457445,578674415,0.4990906889,NA,NA,NA,"/home/bananapi/MAT/kernels riscv rvv 1.0/FINAL/riscv-gemm-optimization/microkernels/HETEROGENEOUS_RVV_IME_OPENMP_GEMM/results/openmp_results_k1-ime_1024_20261003_070916/raw_logs/IME_NATIVE_KERNELS_IME_GEMM_INT8_I8I32_8x4_NATIVE_ime_kernel_8x4_zvl256b_lmul1_unroll8_run3_perf.csv",0.001667436,0.307066582,0.000000000,"aggregate_worker_time;TOTAL_TIME_SEC=wall_clock","NOT_PRESENT_IN_CURRENT_DRIVER"
k1_strong_scaling,IME,cores,2,2026-10-03T07:10:29,k1-ime,"IME_NATIVE_KERNELS","IME_GEMM_INT8_I8I32_8x4_NATIVE","ime_kernel_8x4_zvl256b_lmul1_unroll8",8x4,256b,1,8,INT8_IME,0-3,2,2,1024,1024,1024,32,4,OK,0,NONE,0.172900498,GOPS,12.420344,parallel_tiles_including_required_packing,DISABLED,0,0,"0:cpu0:tiles16;1:cpu1:tiles16","NA",static,0,"NA","NA","/home/bananapi/MAT/kernels riscv rvv 1.0/FINAL/riscv-gemm-optimization/microkernels/HETEROGENEOUS_RVV_IME_OPENMP_GEMM/results/openmp_results_k1-ime_1024_20261003_070916/raw_logs/IME_NATIVE_KERNELS_IME_GEMM_INT8_I8I32_8x4_NATIVE_ime_kernel_8x4_zvl256b_lmul1_unroll8_run4.log",1188078445,579806673,0.4880205305,NA,NA,NA,"/home/bananapi/MAT/kernels riscv rvv 1.0/FINAL/riscv-gemm-optimization/microkernels/HETEROGENEOUS_RVV_IME_OPENMP_GEMM/results/openmp_results_k1-ime_1024_20261003_070916/raw_logs/IME_NATIVE_KERNELS_IME_GEMM_INT8_I8I32_8x4_NATIVE_ime_kernel_8x4_zvl256b_lmul1_unroll8_run4_perf.csv",0.001528643,0.316507064,0.000000000,"aggregate_worker_time;TOTAL_TIME_SEC=wall_clock","NOT_PRESENT_IN_CURRENT_DRIVER"
k1_strong_scaling,IME,cores,2,2026-10-03T07:10:30,k1-ime,"IME_NATIVE_KERNELS","IME_GEMM_INT8_I8I32_8x4_NATIVE","ime_kernel_8x4_zvl256b_lmul1_unroll8",8x4,256b,1,8,INT8_IME,0-3,2,2,1024,1024,1024,32,5,OK,0,NONE,0.221567623,GOPS,9.692227,parallel_tiles_including_required_packing,DISABLED,0,0,"0:cpu0:tiles16;1:cpu1:tiles16","NA",static,0,"NA","NA","/home/bananapi/MAT/kernels riscv rvv 1.0/FINAL/riscv-gemm-optimization/microkernels/HETEROGENEOUS_RVV_IME_OPENMP_GEMM/results/openmp_results_k1-ime_1024_20261003_070916/raw_logs/IME_NATIVE_KERNELS_IME_GEMM_INT8_I8I32_8x4_NATIVE_ime_kernel_8x4_zvl256b_lmul1_unroll8_run5.log",1465984327,581534612,0.3966854224,NA,NA,NA,"/home/bananapi/MAT/kernels riscv rvv 1.0/FINAL/riscv-gemm-optimization/microkernels/HETEROGENEOUS_RVV_IME_OPENMP_GEMM/results/openmp_results_k1-ime_1024_20261003_070916/raw_logs/IME_NATIVE_KERNELS_IME_GEMM_INT8_I8I32_8x4_NATIVE_ime_kernel_8x4_zvl256b_lmul1_unroll8_run5_perf.csv",0.001413163,0.426721364,0.000000000,"aggregate_worker_time;TOTAL_TIME_SEC=wall_clock","NOT_PRESENT_IN_CURRENT_DRIVER"
k1_strong_scaling,IME,cores,2,2026-10-03T07:10:30,k1-ime,"IME_NATIVE_KERNELS","IME_GEMM_INT8_I8I32_8x4_NATIVE","ime_kernel_8x4_zvl256b_lmul1_unroll8",8x4,256b,1,8,INT8_IME,0-3,2,2,1024,1024,1024,32,6,OK,0,NONE,0.156414375,GOPS,13.729452,parallel_tiles_including_required_packing,DISABLED,0,0,"0:cpu0:tiles16;1:cpu1:tiles16","NA",static,0,"NA","NA","/home/bananapi/MAT/kernels riscv rvv 1.0/FINAL/riscv-gemm-optimization/microkernels/HETEROGENEOUS_RVV_IME_OPENMP_GEMM/results/openmp_results_k1-ime_1024_20261003_070916/raw_logs/IME_NATIVE_KERNELS_IME_GEMM_INT8_I8I32_8x4_NATIVE_ime_kernel_8x4_zvl256b_lmul1_unroll8_run6.log",1114547704,576852917,0.5175668255,NA,NA,NA,"/home/bananapi/MAT/kernels riscv rvv 1.0/FINAL/riscv-gemm-optimization/microkernels/HETEROGENEOUS_RVV_IME_OPENMP_GEMM/results/openmp_results_k1-ime_1024_20261003_070916/raw_logs/IME_NATIVE_KERNELS_IME_GEMM_INT8_I8I32_8x4_NATIVE_ime_kernel_8x4_zvl256b_lmul1_unroll8_run6_perf.csv",0.001649879,0.298518673,0.000000000,"aggregate_worker_time;TOTAL_TIME_SEC=wall_clock","NOT_PRESENT_IN_CURRENT_DRIVER"
k1_strong_scaling,IME,cores,2,2026-10-03T07:10:31,k1-ime,"IME_NATIVE_KERNELS","IME_GEMM_INT8_I8I32_8x4_NATIVE","ime_kernel_8x4_zvl256b_lmul1_unroll8",8x4,256b,1,8,INT8_IME,0-3,2,2,1024,1024,1024,32,7,OK,0,NONE,0.212515168,GOPS,10.105084,parallel_tiles_including_required_packing,DISABLED,0,0,"0:cpu0:tiles16;1:cpu1:tiles16","NA",static,0,"NA","NA","/home/bananapi/MAT/kernels riscv rvv 1.0/FINAL/riscv-gemm-optimization/microkernels/HETEROGENEOUS_RVV_IME_OPENMP_GEMM/results/openmp_results_k1-ime_1024_20261003_070916/raw_logs/IME_NATIVE_KERNELS_IME_GEMM_INT8_I8I32_8x4_NATIVE_ime_kernel_8x4_zvl256b_lmul1_unroll8_run7.log",1323784945,578726275,0.437175447,NA,NA,NA,"/home/bananapi/MAT/kernels riscv rvv 1.0/FINAL/riscv-gemm-optimization/microkernels/HETEROGENEOUS_RVV_IME_OPENMP_GEMM/results/openmp_results_k1-ime_1024_20261003_070916/raw_logs/IME_NATIVE_KERNELS_IME_GEMM_INT8_I8I32_8x4_NATIVE_ime_kernel_8x4_zvl256b_lmul1_unroll8_run7_perf.csv",0.001450833,0.389228400,0.000000000,"aggregate_worker_time;TOTAL_TIME_SEC=wall_clock","NOT_PRESENT_IN_CURRENT_DRIVER"
k1_strong_scaling,IME,cores,4,2026-10-03T07:11:27,k1-ime,"IME_NATIVE_KERNELS","IME_GEMM_INT8_I8I32_8x4_NATIVE","ime_kernel_8x4_zvl256b_lmul1_unroll8",8x4,256b,1,8,INT8_IME,0-3,4,4,1024,1024,1024,32,1,OK,0,NONE,0.125271291,GOPS,17.142664,parallel_tiles_including_required_packing,INDEPENDENT_INT64_REFERENCE_EXACT_INT32,0,0,"0:cpu0:tiles8;1:cpu1:tiles8;2:cpu2:tiles8;3:cpu3:tiles8","NA",static,0,"NA","NA","/home/bananapi/MAT/kernels riscv rvv 1.0/FINAL/riscv-gemm-optimization/microkernels/HETEROGENEOUS_RVV_IME_OPENMP_GEMM/results/openmp_results_k1-ime_1024_20261003_071032/raw_logs/IME_NATIVE_KERNELS_IME_GEMM_INT8_I8I32_8x4_NATIVE_ime_kernel_8x4_zvl256b_lmul1_unroll8_run1.log",262625734834,4631102762,0.0176338498,NA,NA,NA,"/home/bananapi/MAT/kernels riscv rvv 1.0/FINAL/riscv-gemm-optimization/microkernels/HETEROGENEOUS_RVV_IME_OPENMP_GEMM/results/openmp_results_k1-ime_1024_20261003_071032/raw_logs/IME_NATIVE_KERNELS_IME_GEMM_INT8_I8I32_8x4_NATIVE_ime_kernel_8x4_zvl256b_lmul1_unroll8_run1_perf.csv",0.002675001,0.495281082,0.000000000,"aggregate_worker_time;TOTAL_TIME_SEC=wall_clock","NOT_PRESENT_IN_CURRENT_DRIVER"
k1_strong_scaling,IME,cores,4,2026-10-03T07:11:28,k1-ime,"IME_NATIVE_KERNELS","IME_GEMM_INT8_I8I32_8x4_NATIVE","ime_kernel_8x4_zvl256b_lmul1_unroll8",8x4,256b,1,8,INT8_IME,0-3,4,4,1024,1024,1024,32,2,OK,0,NONE,0.144010082,GOPS,14.912037,parallel_tiles_including_required_packing,DISABLED,0,0,"0:cpu0:tiles8;1:cpu1:tiles8;2:cpu2:tiles8;3:cpu3:tiles8","NA",static,0,"NA","NA","/home/bananapi/MAT/kernels riscv rvv 1.0/FINAL/riscv-gemm-optimization/microkernels/HETEROGENEOUS_RVV_IME_OPENMP_GEMM/results/openmp_results_k1-ime_1024_20261003_071032/raw_logs/IME_NATIVE_KERNELS_IME_GEMM_INT8_I8I32_8x4_NATIVE_ime_kernel_8x4_zvl256b_lmul1_unroll8_run2.log",1900369933,572663742,0.3013432975,NA,NA,NA,"/home/bananapi/MAT/kernels riscv rvv 1.0/FINAL/riscv-gemm-optimization/microkernels/HETEROGENEOUS_RVV_IME_OPENMP_GEMM/results/openmp_results_k1-ime_1024_20261003_071032/raw_logs/IME_NATIVE_KERNELS_IME_GEMM_INT8_I8I32_8x4_NATIVE_ime_kernel_8x4_zvl256b_lmul1_unroll8_run2_perf.csv",0.002542965,0.552075606,0.000000000,"aggregate_worker_time;TOTAL_TIME_SEC=wall_clock","NOT_PRESENT_IN_CURRENT_DRIVER"
k1_strong_scaling,IME,cores,4,2026-10-03T07:11:29,k1-ime,"IME_NATIVE_KERNELS","IME_GEMM_INT8_I8I32_8x4_NATIVE","ime_kernel_8x4_zvl256b_lmul1_unroll8",8x4,256b,1,8,INT8_IME,0-3,4,4,1024,1024,1024,32,3,OK,0,NONE,0.135231040,GOPS,15.880109,parallel_tiles_including_required_packing,DISABLED,0,0,"0:cpu0:tiles8;1:cpu1:tiles8;2:cpu2:tiles8;3:cpu3:tiles8","NA",static,0,"NA","NA","/home/bananapi/MAT/kernels riscv rvv 1.0/FINAL/riscv-gemm-optimization/microkernels/HETEROGENEOUS_RVV_IME_OPENMP_GEMM/results/openmp_results_k1-ime_1024_20261003_071032/raw_logs/IME_NATIVE_KERNELS_IME_GEMM_INT8_I8I32_8x4_NATIVE_ime_kernel_8x4_zvl256b_lmul1_unroll8_run3.log",1817913042,608704275,0.3348368491,NA,NA,NA,"/home/bananapi/MAT/kernels riscv rvv 1.0/FINAL/riscv-gemm-optimization/microkernels/HETEROGENEOUS_RVV_IME_OPENMP_GEMM/results/openmp_results_k1-ime_1024_20261003_071032/raw_logs/IME_NATIVE_KERNELS_IME_GEMM_INT8_I8I32_8x4_NATIVE_ime_kernel_8x4_zvl256b_lmul1_unroll8_run3_perf.csv",0.002721701,0.520790800,0.000000000,"aggregate_worker_time;TOTAL_TIME_SEC=wall_clock","NOT_PRESENT_IN_CURRENT_DRIVER"
k1_strong_scaling,IME,cores,4,2026-10-03T07:11:30,k1-ime,"IME_NATIVE_KERNELS","IME_GEMM_INT8_I8I32_8x4_NATIVE","ime_kernel_8x4_zvl256b_lmul1_unroll8",8x4,256b,1,8,INT8_IME,0-3,4,4,1024,1024,1024,32,4,OK,0,NONE,0.149089500,GOPS,14.403990,parallel_tiles_including_required_packing,DISABLED,0,0,"0:cpu0:tiles8;1:cpu1:tiles8;2:cpu2:tiles8;3:cpu3:tiles8","NA",static,0,"NA","NA","/home/bananapi/MAT/kernels riscv rvv 1.0/FINAL/riscv-gemm-optimization/microkernels/HETEROGENEOUS_RVV_IME_OPENMP_GEMM/results/openmp_results_k1-ime_1024_20261003_071032/raw_logs/IME_NATIVE_KERNELS_IME_GEMM_INT8_I8I32_8x4_NATIVE_ime_kernel_8x4_zvl256b_lmul1_unroll8_run4.log",1863435563,607984706,0.3262708505,NA,NA,NA,"/home/bananapi/MAT/kernels riscv rvv 1.0/FINAL/riscv-gemm-optimization/microkernels/HETEROGENEOUS_RVV_IME_OPENMP_GEMM/results/openmp_results_k1-ime_1024_20261003_071032/raw_logs/IME_NATIVE_KERNELS_IME_GEMM_INT8_I8I32_8x4_NATIVE_ime_kernel_8x4_zvl256b_lmul1_unroll8_run4_perf.csv",0.002282090,0.554660019,0.000000000,"aggregate_worker_time;TOTAL_TIME_SEC=wall_clock","NOT_PRESENT_IN_CURRENT_DRIVER"
k1_strong_scaling,IME,cores,4,2026-10-03T07:11:30,k1-ime,"IME_NATIVE_KERNELS","IME_GEMM_INT8_I8I32_8x4_NATIVE","ime_kernel_8x4_zvl256b_lmul1_unroll8",8x4,256b,1,8,INT8_IME,0-3,4,4,1024,1024,1024,32,5,OK,0,NONE,0.132595416,GOPS,16.195761,parallel_tiles_including_required_packing,DISABLED,0,0,"0:cpu0:tiles8;1:cpu1:tiles8;2:cpu2:tiles8;3:cpu3:tiles8","NA",static,0,"NA","NA","/home/bananapi/MAT/kernels riscv rvv 1.0/FINAL/riscv-gemm-optimization/microkernels/HETEROGENEOUS_RVV_IME_OPENMP_GEMM/results/openmp_results_k1-ime_1024_20261003_071032/raw_logs/IME_NATIVE_KERNELS_IME_GEMM_INT8_I8I32_8x4_NATIVE_ime_kernel_8x4_zvl256b_lmul1_unroll8_run5.log",1802753762,656620721,0.3642320625,NA,NA,NA,"/home/bananapi/MAT/kernels riscv rvv 1.0/FINAL/riscv-gemm-optimization/microkernels/HETEROGENEOUS_RVV_IME_OPENMP_GEMM/results/openmp_results_k1-ime_1024_20261003_071032/raw_logs/IME_NATIVE_KERNELS_IME_GEMM_INT8_I8I32_8x4_NATIVE_ime_kernel_8x4_zvl256b_lmul1_unroll8_run5_perf.csv",0.002893683,0.516622625,0.000000000,"aggregate_worker_time;TOTAL_TIME_SEC=wall_clock","NOT_PRESENT_IN_CURRENT_DRIVER"
k1_strong_scaling,IME,cores,4,2026-10-03T07:11:31,k1-ime,"IME_NATIVE_KERNELS","IME_GEMM_INT8_I8I32_8x4_NATIVE","ime_kernel_8x4_zvl256b_lmul1_unroll8",8x4,256b,1,8,INT8_IME,0-3,4,4,1024,1024,1024,32,6,OK,0,NONE,0.134676918,GOPS,15.945447,parallel_tiles_including_required_packing,DISABLED,0,0,"0:cpu0:tiles8;1:cpu1:tiles8;2:cpu2:tiles8;3:cpu3:tiles8","NA",static,0,"NA","NA","/home/bananapi/MAT/kernels riscv rvv 1.0/FINAL/riscv-gemm-optimization/microkernels/HETEROGENEOUS_RVV_IME_OPENMP_GEMM/results/openmp_results_k1-ime_1024_20261003_071032/raw_logs/IME_NATIVE_KERNELS_IME_GEMM_INT8_I8I32_8x4_NATIVE_ime_kernel_8x4_zvl256b_lmul1_unroll8_run6.log",1796626096,640227792,0.356350046,NA,NA,NA,"/home/bananapi/MAT/kernels riscv rvv 1.0/FINAL/riscv-gemm-optimization/microkernels/HETEROGENEOUS_RVV_IME_OPENMP_GEMM/results/openmp_results_k1-ime_1024_20261003_071032/raw_logs/IME_NATIVE_KERNELS_IME_GEMM_INT8_I8I32_8x4_NATIVE_ime_kernel_8x4_zvl256b_lmul1_unroll8_run6_perf.csv",0.002797928,0.515844956,0.000000000,"aggregate_worker_time;TOTAL_TIME_SEC=wall_clock","NOT_PRESENT_IN_CURRENT_DRIVER"
k1_strong_scaling,IME,cores,4,2026-10-03T07:11:32,k1-ime,"IME_NATIVE_KERNELS","IME_GEMM_INT8_I8I32_8x4_NATIVE","ime_kernel_8x4_zvl256b_lmul1_unroll8",8x4,256b,1,8,INT8_IME,0-3,4,4,1024,1024,1024,32,7,OK,0,NONE,0.127528541,GOPS,16.839240,parallel_tiles_including_required_packing,DISABLED,0,0,"0:cpu0:tiles8;1:cpu1:tiles8;2:cpu2:tiles8;3:cpu3:tiles8","NA",static,0,"NA","NA","/home/bananapi/MAT/kernels riscv rvv 1.0/FINAL/riscv-gemm-optimization/microkernels/HETEROGENEOUS_RVV_IME_OPENMP_GEMM/results/openmp_results_k1-ime_1024_20261003_071032/raw_logs/IME_NATIVE_KERNELS_IME_GEMM_INT8_I8I32_8x4_NATIVE_ime_kernel_8x4_zvl256b_lmul1_unroll8_run7.log",1769292210,603758107,0.3412427317,NA,NA,NA,"/home/bananapi/MAT/kernels riscv rvv 1.0/FINAL/riscv-gemm-optimization/microkernels/HETEROGENEOUS_RVV_IME_OPENMP_GEMM/results/openmp_results_k1-ime_1024_20261003_071032/raw_logs/IME_NATIVE_KERNELS_IME_GEMM_INT8_I8I32_8x4_NATIVE_ime_kernel_8x4_zvl256b_lmul1_unroll8_run7_perf.csv",0.003047217,0.499411926,0.000000000,"aggregate_worker_time;TOTAL_TIME_SEC=wall_clock","NOT_PRESENT_IN_CURRENT_DRIVER"
