experiment,series,parameter_name,parameter_value,timestamp,mode,baseline,family,kernel,tile_shape,zvl,lmul,unroll,kind,core_group,requested_threads,actual_threads,M,N,K,tile_N,run,status,return_code,failure_stage,time_sec,metric_name,metric_value,timing_scope,validation_method,mismatch_count,max_error,worker_placement,static_tile_split,schedule_policy,schedule_chunk,output_strip_distribution,paired_rvv_kernel,log_file,perf_cycles,perf_instructions,perf_ipc,perf_cache_references,perf_cache_misses,perf_cache_miss_rate,perf_log_file
k1_kernel_tuning,RVV,tile_N,8,2026-09-04T11:31:38,k1-rvv,"GEMM_RVV_FP32_INT8_8x4_Baseline","RVV_IGEMM_INT8_I8I32_8x4","igemm_kernel_8x4_zvl256b_lmul1_unroll1_i8i32",8x4,256b,1,1,INT8_RVV,0-7,8,8,1024,1024,1024,8,1,OK,0,NONE,0.408949334,GOPS,5.251222,parallel_tiles_including_required_packing,INDEPENDENT_INT64_REFERENCE_EXACT_INT32,0,0,"0:cpu0:tiles16;1:cpu1:tiles16;2:cpu2:tiles16;3:cpu3:tiles16;4:cpu4:tiles16;5:cpu5:tiles16;6:cpu6:tiles16;7:cpu7:tiles16","NA",static,0,"NA","NA","/home/bananapi/MAT/kernels riscv rvv 1.0/FINAL/riscv-rvv-ime-gemm-microkernels-updated/HETEROGENEOUS_RVV_IME_OPENMP_GEMM/results/openmp_results_k1-rvv_1024_20260904_113101/raw_logs/GEMM_RVV_FP32_INT8_8x4_Baseline_RVV_IGEMM_INT8_I8I32_8x4_igemm_kernel_8x4_zvl256b_lmul1_unroll1_i8i32_run1.log",NA,NA,NA,NA,NA,NA,NA
k1_kernel_tuning,RVV,tile_N,8,2026-09-04T11:31:39,k1-rvv,"GEMM_RVV_FP32_INT8_8x4_Baseline","RVV_IGEMM_INT8_I8I32_8x4","igemm_kernel_8x4_zvl256b_lmul1_unroll1_i8i32",8x4,256b,1,1,INT8_RVV,0-7,8,8,1024,1024,1024,8,2,OK,0,NONE,0.399838708,GOPS,5.370875,parallel_tiles_including_required_packing,DISABLED,0,0,"0:cpu0:tiles16;1:cpu1:tiles16;2:cpu2:tiles16;3:cpu3:tiles16;4:cpu4:tiles16;5:cpu5:tiles16;6:cpu6:tiles16;7:cpu7:tiles16","NA",static,0,"NA","NA","/home/bananapi/MAT/kernels riscv rvv 1.0/FINAL/riscv-rvv-ime-gemm-microkernels-updated/HETEROGENEOUS_RVV_IME_OPENMP_GEMM/results/openmp_results_k1-rvv_1024_20260904_113101/raw_logs/GEMM_RVV_FP32_INT8_8x4_Baseline_RVV_IGEMM_INT8_I8I32_8x4_igemm_kernel_8x4_zvl256b_lmul1_unroll1_i8i32_run2.log",NA,NA,NA,NA,NA,NA,NA
k1_kernel_tuning,RVV,tile_N,8,2026-09-04T11:31:40,k1-rvv,"GEMM_RVV_FP32_INT8_8x4_Baseline","RVV_IGEMM_INT8_I8I32_8x4","igemm_kernel_8x4_zvl256b_lmul1_unroll1_i8i32",8x4,256b,1,1,INT8_RVV,0-7,8,8,1024,1024,1024,8,3,OK,0,NONE,0.394005127,GOPS,5.450395,parallel_tiles_including_required_packing,DISABLED,0,0,"0:cpu0:tiles16;1:cpu1:tiles16;2:cpu2:tiles16;3:cpu3:tiles16;4:cpu4:tiles16;5:cpu5:tiles16;6:cpu6:tiles16;7:cpu7:tiles16","NA",static,0,"NA","NA","/home/bananapi/MAT/kernels riscv rvv 1.0/FINAL/riscv-rvv-ime-gemm-microkernels-updated/HETEROGENEOUS_RVV_IME_OPENMP_GEMM/results/openmp_results_k1-rvv_1024_20260904_113101/raw_logs/GEMM_RVV_FP32_INT8_8x4_Baseline_RVV_IGEMM_INT8_I8I32_8x4_igemm_kernel_8x4_zvl256b_lmul1_unroll1_i8i32_run3.log",NA,NA,NA,NA,NA,NA,NA
k1_kernel_tuning,RVV,tile_N,8,2026-09-04T11:31:41,k1-rvv,"GEMM_RVV_FP32_INT8_8x4_Baseline","RVV_IGEMM_INT8_I8I32_8x4","igemm_kernel_8x4_zvl256b_lmul1_unroll1_i8i32",8x4,256b,1,1,INT8_RVV,0-7,8,8,1024,1024,1024,8,4,OK,0,NONE,0.394979462,GOPS,5.436950,parallel_tiles_including_required_packing,DISABLED,0,0,"0:cpu0:tiles16;1:cpu1:tiles16;2:cpu2:tiles16;3:cpu3:tiles16;4:cpu4:tiles16;5:cpu5:tiles16;6:cpu6:tiles16;7:cpu7:tiles16","NA",static,0,"NA","NA","/home/bananapi/MAT/kernels riscv rvv 1.0/FINAL/riscv-rvv-ime-gemm-microkernels-updated/HETEROGENEOUS_RVV_IME_OPENMP_GEMM/results/openmp_results_k1-rvv_1024_20260904_113101/raw_logs/GEMM_RVV_FP32_INT8_8x4_Baseline_RVV_IGEMM_INT8_I8I32_8x4_igemm_kernel_8x4_zvl256b_lmul1_unroll1_i8i32_run4.log",NA,NA,NA,NA,NA,NA,NA
k1_kernel_tuning,RVV,tile_N,8,2026-09-04T11:31:42,k1-rvv,"GEMM_RVV_FP32_INT8_8x4_Baseline","RVV_IGEMM_INT8_I8I32_8x4","igemm_kernel_8x4_zvl256b_lmul1_unroll1_i8i32",8x4,256b,1,1,INT8_RVV,0-7,8,8,1024,1024,1024,8,5,OK,0,NONE,0.400595706,GOPS,5.360726,parallel_tiles_including_required_packing,DISABLED,0,0,"0:cpu0:tiles16;1:cpu1:tiles16;2:cpu2:tiles16;3:cpu3:tiles16;4:cpu4:tiles16;5:cpu5:tiles16;6:cpu6:tiles16;7:cpu7:tiles16","NA",static,0,"NA","NA","/home/bananapi/MAT/kernels riscv rvv 1.0/FINAL/riscv-rvv-ime-gemm-microkernels-updated/HETEROGENEOUS_RVV_IME_OPENMP_GEMM/results/openmp_results_k1-rvv_1024_20260904_113101/raw_logs/GEMM_RVV_FP32_INT8_8x4_Baseline_RVV_IGEMM_INT8_I8I32_8x4_igemm_kernel_8x4_zvl256b_lmul1_unroll1_i8i32_run5.log",NA,NA,NA,NA,NA,NA,NA
k1_kernel_tuning,RVV,tile_N,8,2026-09-04T11:31:43,k1-rvv,"GEMM_RVV_FP32_INT8_8x4_Baseline","RVV_IGEMM_INT8_I8I32_8x4","igemm_kernel_8x4_zvl256b_lmul1_unroll1_i8i32",8x4,256b,1,1,INT8_RVV,0-7,8,8,1024,1024,1024,8,6,OK,0,NONE,0.404010165,GOPS,5.315420,parallel_tiles_including_required_packing,DISABLED,0,0,"0:cpu0:tiles16;1:cpu1:tiles16;2:cpu2:tiles16;3:cpu3:tiles16;4:cpu4:tiles16;5:cpu5:tiles16;6:cpu6:tiles16;7:cpu7:tiles16","NA",static,0,"NA","NA","/home/bananapi/MAT/kernels riscv rvv 1.0/FINAL/riscv-rvv-ime-gemm-microkernels-updated/HETEROGENEOUS_RVV_IME_OPENMP_GEMM/results/openmp_results_k1-rvv_1024_20260904_113101/raw_logs/GEMM_RVV_FP32_INT8_8x4_Baseline_RVV_IGEMM_INT8_I8I32_8x4_igemm_kernel_8x4_zvl256b_lmul1_unroll1_i8i32_run6.log",NA,NA,NA,NA,NA,NA,NA
k1_kernel_tuning,RVV,tile_N,8,2026-09-04T11:32:13,k1-rvv,"GEMM_RVV_FP32_INT8_8x4_Baseline","RVV_IGEMM_INT8_I8I32_8x4","igemm_kernel_8x4_zvl256b_lmul1_unroll2_i8i32",8x4,256b,1,2,INT8_RVV,0-7,8,8,1024,1024,1024,8,1,OK,0,NONE,0.586064626,GOPS,3.664244,parallel_tiles_including_required_packing,INDEPENDENT_INT64_REFERENCE_EXACT_INT32,0,0,"0:cpu0:tiles16;1:cpu1:tiles16;2:cpu2:tiles16;3:cpu3:tiles16;4:cpu4:tiles16;5:cpu5:tiles16;6:cpu6:tiles16;7:cpu7:tiles16","NA",static,0,"NA","NA","/home/bananapi/MAT/kernels riscv rvv 1.0/FINAL/riscv-rvv-ime-gemm-microkernels-updated/HETEROGENEOUS_RVV_IME_OPENMP_GEMM/results/openmp_results_k1-rvv_1024_20260904_113101/raw_logs/GEMM_RVV_FP32_INT8_8x4_Baseline_RVV_IGEMM_INT8_I8I32_8x4_igemm_kernel_8x4_zvl256b_lmul1_unroll2_i8i32_run1.log",NA,NA,NA,NA,NA,NA,NA
k1_kernel_tuning,RVV,tile_N,8,2026-09-04T11:32:14,k1-rvv,"GEMM_RVV_FP32_INT8_8x4_Baseline","RVV_IGEMM_INT8_I8I32_8x4","igemm_kernel_8x4_zvl256b_lmul1_unroll2_i8i32",8x4,256b,1,2,INT8_RVV,0-7,8,8,1024,1024,1024,8,2,OK,0,NONE,0.580083378,GOPS,3.702026,parallel_tiles_including_required_packing,DISABLED,0,0,"0:cpu0:tiles16;1:cpu1:tiles16;2:cpu2:tiles16;3:cpu3:tiles16;4:cpu4:tiles16;5:cpu5:tiles16;6:cpu6:tiles16;7:cpu7:tiles16","NA",static,0,"NA","NA","/home/bananapi/MAT/kernels riscv rvv 1.0/FINAL/riscv-rvv-ime-gemm-microkernels-updated/HETEROGENEOUS_RVV_IME_OPENMP_GEMM/results/openmp_results_k1-rvv_1024_20260904_113101/raw_logs/GEMM_RVV_FP32_INT8_8x4_Baseline_RVV_IGEMM_INT8_I8I32_8x4_igemm_kernel_8x4_zvl256b_lmul1_unroll2_i8i32_run2.log",NA,NA,NA,NA,NA,NA,NA
k1_kernel_tuning,RVV,tile_N,8,2026-09-04T11:32:15,k1-rvv,"GEMM_RVV_FP32_INT8_8x4_Baseline","RVV_IGEMM_INT8_I8I32_8x4","igemm_kernel_8x4_zvl256b_lmul1_unroll2_i8i32",8x4,256b,1,2,INT8_RVV,0-7,8,8,1024,1024,1024,8,3,OK,0,NONE,0.551469583,GOPS,3.894111,parallel_tiles_including_required_packing,DISABLED,0,0,"0:cpu0:tiles16;1:cpu1:tiles16;2:cpu2:tiles16;3:cpu3:tiles16;4:cpu4:tiles16;5:cpu5:tiles16;6:cpu6:tiles16;7:cpu7:tiles16","NA",static,0,"NA","NA","/home/bananapi/MAT/kernels riscv rvv 1.0/FINAL/riscv-rvv-ime-gemm-microkernels-updated/HETEROGENEOUS_RVV_IME_OPENMP_GEMM/results/openmp_results_k1-rvv_1024_20260904_113101/raw_logs/GEMM_RVV_FP32_INT8_8x4_Baseline_RVV_IGEMM_INT8_I8I32_8x4_igemm_kernel_8x4_zvl256b_lmul1_unroll2_i8i32_run3.log",NA,NA,NA,NA,NA,NA,NA
k1_kernel_tuning,RVV,tile_N,8,2026-09-04T11:32:17,k1-rvv,"GEMM_RVV_FP32_INT8_8x4_Baseline","RVV_IGEMM_INT8_I8I32_8x4","igemm_kernel_8x4_zvl256b_lmul1_unroll2_i8i32",8x4,256b,1,2,INT8_RVV,0-7,8,8,1024,1024,1024,8,4,OK,0,NONE,0.547428414,GOPS,3.922857,parallel_tiles_including_required_packing,DISABLED,0,0,"0:cpu0:tiles16;1:cpu1:tiles16;2:cpu2:tiles16;3:cpu3:tiles16;4:cpu4:tiles16;5:cpu5:tiles16;6:cpu6:tiles16;7:cpu7:tiles16","NA",static,0,"NA","NA","/home/bananapi/MAT/kernels riscv rvv 1.0/FINAL/riscv-rvv-ime-gemm-microkernels-updated/HETEROGENEOUS_RVV_IME_OPENMP_GEMM/results/openmp_results_k1-rvv_1024_20260904_113101/raw_logs/GEMM_RVV_FP32_INT8_8x4_Baseline_RVV_IGEMM_INT8_I8I32_8x4_igemm_kernel_8x4_zvl256b_lmul1_unroll2_i8i32_run4.log",NA,NA,NA,NA,NA,NA,NA
k1_kernel_tuning,RVV,tile_N,8,2026-09-04T11:32:18,k1-rvv,"GEMM_RVV_FP32_INT8_8x4_Baseline","RVV_IGEMM_INT8_I8I32_8x4","igemm_kernel_8x4_zvl256b_lmul1_unroll2_i8i32",8x4,256b,1,2,INT8_RVV,0-7,8,8,1024,1024,1024,8,5,OK,0,NONE,0.541179709,GOPS,3.968153,parallel_tiles_including_required_packing,DISABLED,0,0,"0:cpu0:tiles16;1:cpu1:tiles16;2:cpu2:tiles16;3:cpu3:tiles16;4:cpu4:tiles16;5:cpu5:tiles16;6:cpu6:tiles16;7:cpu7:tiles16","NA",static,0,"NA","NA","/home/bananapi/MAT/kernels riscv rvv 1.0/FINAL/riscv-rvv-ime-gemm-microkernels-updated/HETEROGENEOUS_RVV_IME_OPENMP_GEMM/results/openmp_results_k1-rvv_1024_20260904_113101/raw_logs/GEMM_RVV_FP32_INT8_8x4_Baseline_RVV_IGEMM_INT8_I8I32_8x4_igemm_kernel_8x4_zvl256b_lmul1_unroll2_i8i32_run5.log",NA,NA,NA,NA,NA,NA,NA
k1_kernel_tuning,RVV,tile_N,8,2026-09-04T11:32:20,k1-rvv,"GEMM_RVV_FP32_INT8_8x4_Baseline","RVV_IGEMM_INT8_I8I32_8x4","igemm_kernel_8x4_zvl256b_lmul1_unroll2_i8i32",8x4,256b,1,2,INT8_RVV,0-7,8,8,1024,1024,1024,8,6,OK,0,NONE,0.541570332,GOPS,3.965290,parallel_tiles_including_required_packing,DISABLED,0,0,"0:cpu0:tiles16;1:cpu1:tiles16;2:cpu2:tiles16;3:cpu3:tiles16;4:cpu4:tiles16;5:cpu5:tiles16;6:cpu6:tiles16;7:cpu7:tiles16","NA",static,0,"NA","NA","/home/bananapi/MAT/kernels riscv rvv 1.0/FINAL/riscv-rvv-ime-gemm-microkernels-updated/HETEROGENEOUS_RVV_IME_OPENMP_GEMM/results/openmp_results_k1-rvv_1024_20260904_113101/raw_logs/GEMM_RVV_FP32_INT8_8x4_Baseline_RVV_IGEMM_INT8_I8I32_8x4_igemm_kernel_8x4_zvl256b_lmul1_unroll2_i8i32_run6.log",NA,NA,NA,NA,NA,NA,NA
k1_kernel_tuning,RVV,tile_N,8,2026-09-04T11:32:49,k1-rvv,"GEMM_RVV_FP32_INT8_8x4_Baseline","RVV_IGEMM_INT8_I8I32_8x4","igemm_kernel_8x4_zvl256b_lmul1_unroll4_i8i32",8x4,256b,1,4,INT8_RVV,0-7,8,8,1024,1024,1024,8,1,OK,0,NONE,0.563872665,GOPS,3.808455,parallel_tiles_including_required_packing,INDEPENDENT_INT64_REFERENCE_EXACT_INT32,0,0,"0:cpu0:tiles16;1:cpu1:tiles16;2:cpu2:tiles16;3:cpu3:tiles16;4:cpu4:tiles16;5:cpu5:tiles16;6:cpu6:tiles16;7:cpu7:tiles16","NA",static,0,"NA","NA","/home/bananapi/MAT/kernels riscv rvv 1.0/FINAL/riscv-rvv-ime-gemm-microkernels-updated/HETEROGENEOUS_RVV_IME_OPENMP_GEMM/results/openmp_results_k1-rvv_1024_20260904_113101/raw_logs/GEMM_RVV_FP32_INT8_8x4_Baseline_RVV_IGEMM_INT8_I8I32_8x4_igemm_kernel_8x4_zvl256b_lmul1_unroll4_i8i32_run1.log",NA,NA,NA,NA,NA,NA,NA
k1_kernel_tuning,RVV,tile_N,8,2026-09-04T11:32:51,k1-rvv,"GEMM_RVV_FP32_INT8_8x4_Baseline","RVV_IGEMM_INT8_I8I32_8x4","igemm_kernel_8x4_zvl256b_lmul1_unroll4_i8i32",8x4,256b,1,4,INT8_RVV,0-7,8,8,1024,1024,1024,8,2,OK,0,NONE,0.565633334,GOPS,3.796600,parallel_tiles_including_required_packing,DISABLED,0,0,"0:cpu0:tiles16;1:cpu1:tiles16;2:cpu2:tiles16;3:cpu3:tiles16;4:cpu4:tiles16;5:cpu5:tiles16;6:cpu6:tiles16;7:cpu7:tiles16","NA",static,0,"NA","NA","/home/bananapi/MAT/kernels riscv rvv 1.0/FINAL/riscv-rvv-ime-gemm-microkernels-updated/HETEROGENEOUS_RVV_IME_OPENMP_GEMM/results/openmp_results_k1-rvv_1024_20260904_113101/raw_logs/GEMM_RVV_FP32_INT8_8x4_Baseline_RVV_IGEMM_INT8_I8I32_8x4_igemm_kernel_8x4_zvl256b_lmul1_unroll4_i8i32_run2.log",NA,NA,NA,NA,NA,NA,NA
k1_kernel_tuning,RVV,tile_N,8,2026-09-04T11:32:52,k1-rvv,"GEMM_RVV_FP32_INT8_8x4_Baseline","RVV_IGEMM_INT8_I8I32_8x4","igemm_kernel_8x4_zvl256b_lmul1_unroll4_i8i32",8x4,256b,1,4,INT8_RVV,0-7,8,8,1024,1024,1024,8,3,OK,0,NONE,0.553366669,GOPS,3.880761,parallel_tiles_including_required_packing,DISABLED,0,0,"0:cpu0:tiles16;1:cpu1:tiles16;2:cpu2:tiles16;3:cpu3:tiles16;4:cpu4:tiles16;5:cpu5:tiles16;6:cpu6:tiles16;7:cpu7:tiles16","NA",static,0,"NA","NA","/home/bananapi/MAT/kernels riscv rvv 1.0/FINAL/riscv-rvv-ime-gemm-microkernels-updated/HETEROGENEOUS_RVV_IME_OPENMP_GEMM/results/openmp_results_k1-rvv_1024_20260904_113101/raw_logs/GEMM_RVV_FP32_INT8_8x4_Baseline_RVV_IGEMM_INT8_I8I32_8x4_igemm_kernel_8x4_zvl256b_lmul1_unroll4_i8i32_run3.log",NA,NA,NA,NA,NA,NA,NA
k1_kernel_tuning,RVV,tile_N,8,2026-09-04T11:32:54,k1-rvv,"GEMM_RVV_FP32_INT8_8x4_Baseline","RVV_IGEMM_INT8_I8I32_8x4","igemm_kernel_8x4_zvl256b_lmul1_unroll4_i8i32",8x4,256b,1,4,INT8_RVV,0-7,8,8,1024,1024,1024,8,4,OK,0,NONE,0.551458541,GOPS,3.894189,parallel_tiles_including_required_packing,DISABLED,0,0,"0:cpu0:tiles16;1:cpu1:tiles16;2:cpu2:tiles16;3:cpu3:tiles16;4:cpu4:tiles16;5:cpu5:tiles16;6:cpu6:tiles16;7:cpu7:tiles16","NA",static,0,"NA","NA","/home/bananapi/MAT/kernels riscv rvv 1.0/FINAL/riscv-rvv-ime-gemm-microkernels-updated/HETEROGENEOUS_RVV_IME_OPENMP_GEMM/results/openmp_results_k1-rvv_1024_20260904_113101/raw_logs/GEMM_RVV_FP32_INT8_8x4_Baseline_RVV_IGEMM_INT8_I8I32_8x4_igemm_kernel_8x4_zvl256b_lmul1_unroll4_i8i32_run4.log",NA,NA,NA,NA,NA,NA,NA
k1_kernel_tuning,RVV,tile_N,8,2026-09-04T11:32:55,k1-rvv,"GEMM_RVV_FP32_INT8_8x4_Baseline","RVV_IGEMM_INT8_I8I32_8x4","igemm_kernel_8x4_zvl256b_lmul1_unroll4_i8i32",8x4,256b,1,4,INT8_RVV,0-7,8,8,1024,1024,1024,8,5,OK,0,NONE,0.550476626,GOPS,3.901135,parallel_tiles_including_required_packing,DISABLED,0,0,"0:cpu0:tiles16;1:cpu1:tiles16;2:cpu2:tiles16;3:cpu3:tiles16;4:cpu4:tiles16;5:cpu5:tiles16;6:cpu6:tiles16;7:cpu7:tiles16","NA",static,0,"NA","NA","/home/bananapi/MAT/kernels riscv rvv 1.0/FINAL/riscv-rvv-ime-gemm-microkernels-updated/HETEROGENEOUS_RVV_IME_OPENMP_GEMM/results/openmp_results_k1-rvv_1024_20260904_113101/raw_logs/GEMM_RVV_FP32_INT8_8x4_Baseline_RVV_IGEMM_INT8_I8I32_8x4_igemm_kernel_8x4_zvl256b_lmul1_unroll4_i8i32_run5.log",NA,NA,NA,NA,NA,NA,NA
k1_kernel_tuning,RVV,tile_N,8,2026-09-04T11:32:56,k1-rvv,"GEMM_RVV_FP32_INT8_8x4_Baseline","RVV_IGEMM_INT8_I8I32_8x4","igemm_kernel_8x4_zvl256b_lmul1_unroll4_i8i32",8x4,256b,1,4,INT8_RVV,0-7,8,8,1024,1024,1024,8,6,OK,0,NONE,0.557133708,GOPS,3.854521,parallel_tiles_including_required_packing,DISABLED,0,0,"0:cpu0:tiles16;1:cpu1:tiles16;2:cpu2:tiles16;3:cpu3:tiles16;4:cpu4:tiles16;5:cpu5:tiles16;6:cpu6:tiles16;7:cpu7:tiles16","NA",static,0,"NA","NA","/home/bananapi/MAT/kernels riscv rvv 1.0/FINAL/riscv-rvv-ime-gemm-microkernels-updated/HETEROGENEOUS_RVV_IME_OPENMP_GEMM/results/openmp_results_k1-rvv_1024_20260904_113101/raw_logs/GEMM_RVV_FP32_INT8_8x4_Baseline_RVV_IGEMM_INT8_I8I32_8x4_igemm_kernel_8x4_zvl256b_lmul1_unroll4_i8i32_run6.log",NA,NA,NA,NA,NA,NA,NA
k1_kernel_tuning,RVV,tile_N,8,2026-09-04T11:33:26,k1-rvv,"GEMM_RVV_FP32_INT8_8x4_Baseline","RVV_IGEMM_INT8_I8I32_8x4","igemm_kernel_8x4_zvl256b_lmul1_unroll8_i8i32",8x4,256b,1,8,INT8_RVV,0-7,8,8,1024,1024,1024,8,1,OK,0,NONE,0.525503669,GOPS,4.086525,parallel_tiles_including_required_packing,INDEPENDENT_INT64_REFERENCE_EXACT_INT32,0,0,"0:cpu0:tiles16;1:cpu1:tiles16;2:cpu2:tiles16;3:cpu3:tiles16;4:cpu4:tiles16;5:cpu5:tiles16;6:cpu6:tiles16;7:cpu7:tiles16","NA",static,0,"NA","NA","/home/bananapi/MAT/kernels riscv rvv 1.0/FINAL/riscv-rvv-ime-gemm-microkernels-updated/HETEROGENEOUS_RVV_IME_OPENMP_GEMM/results/openmp_results_k1-rvv_1024_20260904_113101/raw_logs/GEMM_RVV_FP32_INT8_8x4_Baseline_RVV_IGEMM_INT8_I8I32_8x4_igemm_kernel_8x4_zvl256b_lmul1_unroll8_i8i32_run1.log",NA,NA,NA,NA,NA,NA,NA
k1_kernel_tuning,RVV,tile_N,8,2026-09-04T11:33:28,k1-rvv,"GEMM_RVV_FP32_INT8_8x4_Baseline","RVV_IGEMM_INT8_I8I32_8x4","igemm_kernel_8x4_zvl256b_lmul1_unroll8_i8i32",8x4,256b,1,8,INT8_RVV,0-7,8,8,1024,1024,1024,8,2,OK,0,NONE,0.515883710,GOPS,4.162728,parallel_tiles_including_required_packing,DISABLED,0,0,"0:cpu0:tiles16;1:cpu1:tiles16;2:cpu2:tiles16;3:cpu3:tiles16;4:cpu4:tiles16;5:cpu5:tiles16;6:cpu6:tiles16;7:cpu7:tiles16","NA",static,0,"NA","NA","/home/bananapi/MAT/kernels riscv rvv 1.0/FINAL/riscv-rvv-ime-gemm-microkernels-updated/HETEROGENEOUS_RVV_IME_OPENMP_GEMM/results/openmp_results_k1-rvv_1024_20260904_113101/raw_logs/GEMM_RVV_FP32_INT8_8x4_Baseline_RVV_IGEMM_INT8_I8I32_8x4_igemm_kernel_8x4_zvl256b_lmul1_unroll8_i8i32_run2.log",NA,NA,NA,NA,NA,NA,NA
k1_kernel_tuning,RVV,tile_N,8,2026-09-04T11:33:29,k1-rvv,"GEMM_RVV_FP32_INT8_8x4_Baseline","RVV_IGEMM_INT8_I8I32_8x4","igemm_kernel_8x4_zvl256b_lmul1_unroll8_i8i32",8x4,256b,1,8,INT8_RVV,0-7,8,8,1024,1024,1024,8,3,OK,0,NONE,0.517334666,GOPS,4.151053,parallel_tiles_including_required_packing,DISABLED,0,0,"0:cpu0:tiles16;1:cpu1:tiles16;2:cpu2:tiles16;3:cpu3:tiles16;4:cpu4:tiles16;5:cpu5:tiles16;6:cpu6:tiles16;7:cpu7:tiles16","NA",static,0,"NA","NA","/home/bananapi/MAT/kernels riscv rvv 1.0/FINAL/riscv-rvv-ime-gemm-microkernels-updated/HETEROGENEOUS_RVV_IME_OPENMP_GEMM/results/openmp_results_k1-rvv_1024_20260904_113101/raw_logs/GEMM_RVV_FP32_INT8_8x4_Baseline_RVV_IGEMM_INT8_I8I32_8x4_igemm_kernel_8x4_zvl256b_lmul1_unroll8_i8i32_run3.log",NA,NA,NA,NA,NA,NA,NA
k1_kernel_tuning,RVV,tile_N,8,2026-09-04T11:33:30,k1-rvv,"GEMM_RVV_FP32_INT8_8x4_Baseline","RVV_IGEMM_INT8_I8I32_8x4","igemm_kernel_8x4_zvl256b_lmul1_unroll8_i8i32",8x4,256b,1,8,INT8_RVV,0-7,8,8,1024,1024,1024,8,4,OK,0,NONE,0.520317208,GOPS,4.127259,parallel_tiles_including_required_packing,DISABLED,0,0,"0:cpu0:tiles16;1:cpu1:tiles16;2:cpu2:tiles16;3:cpu3:tiles16;4:cpu4:tiles16;5:cpu5:tiles16;6:cpu6:tiles16;7:cpu7:tiles16","NA",static,0,"NA","NA","/home/bananapi/MAT/kernels riscv rvv 1.0/FINAL/riscv-rvv-ime-gemm-microkernels-updated/HETEROGENEOUS_RVV_IME_OPENMP_GEMM/results/openmp_results_k1-rvv_1024_20260904_113101/raw_logs/GEMM_RVV_FP32_INT8_8x4_Baseline_RVV_IGEMM_INT8_I8I32_8x4_igemm_kernel_8x4_zvl256b_lmul1_unroll8_i8i32_run4.log",NA,NA,NA,NA,NA,NA,NA
k1_kernel_tuning,RVV,tile_N,8,2026-09-04T11:33:32,k1-rvv,"GEMM_RVV_FP32_INT8_8x4_Baseline","RVV_IGEMM_INT8_I8I32_8x4","igemm_kernel_8x4_zvl256b_lmul1_unroll8_i8i32",8x4,256b,1,8,INT8_RVV,0-7,8,8,1024,1024,1024,8,5,OK,0,NONE,0.519128669,GOPS,4.136708,parallel_tiles_including_required_packing,DISABLED,0,0,"0:cpu0:tiles16;1:cpu1:tiles16;2:cpu2:tiles16;3:cpu3:tiles16;4:cpu4:tiles16;5:cpu5:tiles16;6:cpu6:tiles16;7:cpu7:tiles16","NA",static,0,"NA","NA","/home/bananapi/MAT/kernels riscv rvv 1.0/FINAL/riscv-rvv-ime-gemm-microkernels-updated/HETEROGENEOUS_RVV_IME_OPENMP_GEMM/results/openmp_results_k1-rvv_1024_20260904_113101/raw_logs/GEMM_RVV_FP32_INT8_8x4_Baseline_RVV_IGEMM_INT8_I8I32_8x4_igemm_kernel_8x4_zvl256b_lmul1_unroll8_i8i32_run5.log",NA,NA,NA,NA,NA,NA,NA
k1_kernel_tuning,RVV,tile_N,8,2026-09-04T11:33:33,k1-rvv,"GEMM_RVV_FP32_INT8_8x4_Baseline","RVV_IGEMM_INT8_I8I32_8x4","igemm_kernel_8x4_zvl256b_lmul1_unroll8_i8i32",8x4,256b,1,8,INT8_RVV,0-7,8,8,1024,1024,1024,8,6,OK,0,NONE,0.515812665,GOPS,4.163302,parallel_tiles_including_required_packing,DISABLED,0,0,"0:cpu0:tiles16;1:cpu1:tiles16;2:cpu2:tiles16;3:cpu3:tiles16;4:cpu4:tiles16;5:cpu5:tiles16;6:cpu6:tiles16;7:cpu7:tiles16","NA",static,0,"NA","NA","/home/bananapi/MAT/kernels riscv rvv 1.0/FINAL/riscv-rvv-ime-gemm-microkernels-updated/HETEROGENEOUS_RVV_IME_OPENMP_GEMM/results/openmp_results_k1-rvv_1024_20260904_113101/raw_logs/GEMM_RVV_FP32_INT8_8x4_Baseline_RVV_IGEMM_INT8_I8I32_8x4_igemm_kernel_8x4_zvl256b_lmul1_unroll8_i8i32_run6.log",NA,NA,NA,NA,NA,NA,NA
k1_kernel_tuning,RVV,tile_N,8,2026-09-04T11:34:03,k1-rvv,"GEMM_RVV_FP32_INT8_8x4_Baseline","RVV_IGEMM_INT8_I8I32_8x4","igemm_kernel_8x4_zvl256b_lmul2_unroll1_i8i32",8x4,256b,2,1,INT8_RVV,0-7,8,8,1024,1024,1024,8,1,OK,0,NONE,1.093305584,GOPS,1.964212,parallel_tiles_including_required_packing,INDEPENDENT_INT64_REFERENCE_EXACT_INT32,0,0,"0:cpu0:tiles16;1:cpu1:tiles16;2:cpu2:tiles16;3:cpu3:tiles16;4:cpu4:tiles16;5:cpu5:tiles16;6:cpu6:tiles16;7:cpu7:tiles16","NA",static,0,"NA","NA","/home/bananapi/MAT/kernels riscv rvv 1.0/FINAL/riscv-rvv-ime-gemm-microkernels-updated/HETEROGENEOUS_RVV_IME_OPENMP_GEMM/results/openmp_results_k1-rvv_1024_20260904_113101/raw_logs/GEMM_RVV_FP32_INT8_8x4_Baseline_RVV_IGEMM_INT8_I8I32_8x4_igemm_kernel_8x4_zvl256b_lmul2_unroll1_i8i32_run1.log",NA,NA,NA,NA,NA,NA,NA
k1_kernel_tuning,RVV,tile_N,8,2026-09-04T11:34:06,k1-rvv,"GEMM_RVV_FP32_INT8_8x4_Baseline","RVV_IGEMM_INT8_I8I32_8x4","igemm_kernel_8x4_zvl256b_lmul2_unroll1_i8i32",8x4,256b,2,1,INT8_RVV,0-7,8,8,1024,1024,1024,8,2,OK,0,NONE,1.103371792,GOPS,1.946292,parallel_tiles_including_required_packing,DISABLED,0,0,"0:cpu0:tiles16;1:cpu1:tiles16;2:cpu2:tiles16;3:cpu3:tiles16;4:cpu4:tiles16;5:cpu5:tiles16;6:cpu6:tiles16;7:cpu7:tiles16","NA",static,0,"NA","NA","/home/bananapi/MAT/kernels riscv rvv 1.0/FINAL/riscv-rvv-ime-gemm-microkernels-updated/HETEROGENEOUS_RVV_IME_OPENMP_GEMM/results/openmp_results_k1-rvv_1024_20260904_113101/raw_logs/GEMM_RVV_FP32_INT8_8x4_Baseline_RVV_IGEMM_INT8_I8I32_8x4_igemm_kernel_8x4_zvl256b_lmul2_unroll1_i8i32_run2.log",NA,NA,NA,NA,NA,NA,NA
k1_kernel_tuning,RVV,tile_N,8,2026-09-04T11:34:08,k1-rvv,"GEMM_RVV_FP32_INT8_8x4_Baseline","RVV_IGEMM_INT8_I8I32_8x4","igemm_kernel_8x4_zvl256b_lmul2_unroll1_i8i32",8x4,256b,2,1,INT8_RVV,0-7,8,8,1024,1024,1024,8,3,OK,0,NONE,1.101032458,GOPS,1.950427,parallel_tiles_including_required_packing,DISABLED,0,0,"0:cpu0:tiles16;1:cpu1:tiles16;2:cpu2:tiles16;3:cpu3:tiles16;4:cpu4:tiles16;5:cpu5:tiles16;6:cpu6:tiles16;7:cpu7:tiles16","NA",static,0,"NA","NA","/home/bananapi/MAT/kernels riscv rvv 1.0/FINAL/riscv-rvv-ime-gemm-microkernels-updated/HETEROGENEOUS_RVV_IME_OPENMP_GEMM/results/openmp_results_k1-rvv_1024_20260904_113101/raw_logs/GEMM_RVV_FP32_INT8_8x4_Baseline_RVV_IGEMM_INT8_I8I32_8x4_igemm_kernel_8x4_zvl256b_lmul2_unroll1_i8i32_run3.log",NA,NA,NA,NA,NA,NA,NA
k1_kernel_tuning,RVV,tile_N,8,2026-09-04T11:34:11,k1-rvv,"GEMM_RVV_FP32_INT8_8x4_Baseline","RVV_IGEMM_INT8_I8I32_8x4","igemm_kernel_8x4_zvl256b_lmul2_unroll1_i8i32",8x4,256b,2,1,INT8_RVV,0-7,8,8,1024,1024,1024,8,4,OK,0,NONE,1.106195543,GOPS,1.941324,parallel_tiles_including_required_packing,DISABLED,0,0,"0:cpu0:tiles16;1:cpu1:tiles16;2:cpu2:tiles16;3:cpu3:tiles16;4:cpu4:tiles16;5:cpu5:tiles16;6:cpu6:tiles16;7:cpu7:tiles16","NA",static,0,"NA","NA","/home/bananapi/MAT/kernels riscv rvv 1.0/FINAL/riscv-rvv-ime-gemm-microkernels-updated/HETEROGENEOUS_RVV_IME_OPENMP_GEMM/results/openmp_results_k1-rvv_1024_20260904_113101/raw_logs/GEMM_RVV_FP32_INT8_8x4_Baseline_RVV_IGEMM_INT8_I8I32_8x4_igemm_kernel_8x4_zvl256b_lmul2_unroll1_i8i32_run4.log",NA,NA,NA,NA,NA,NA,NA
k1_kernel_tuning,RVV,tile_N,8,2026-09-04T11:34:13,k1-rvv,"GEMM_RVV_FP32_INT8_8x4_Baseline","RVV_IGEMM_INT8_I8I32_8x4","igemm_kernel_8x4_zvl256b_lmul2_unroll1_i8i32",8x4,256b,2,1,INT8_RVV,0-7,8,8,1024,1024,1024,8,5,OK,0,NONE,1.193241749,GOPS,1.799705,parallel_tiles_including_required_packing,DISABLED,0,0,"0:cpu0:tiles16;1:cpu1:tiles16;2:cpu2:tiles16;3:cpu3:tiles16;4:cpu4:tiles16;5:cpu5:tiles16;6:cpu6:tiles16;7:cpu7:tiles16","NA",static,0,"NA","NA","/home/bananapi/MAT/kernels riscv rvv 1.0/FINAL/riscv-rvv-ime-gemm-microkernels-updated/HETEROGENEOUS_RVV_IME_OPENMP_GEMM/results/openmp_results_k1-rvv_1024_20260904_113101/raw_logs/GEMM_RVV_FP32_INT8_8x4_Baseline_RVV_IGEMM_INT8_I8I32_8x4_igemm_kernel_8x4_zvl256b_lmul2_unroll1_i8i32_run5.log",NA,NA,NA,NA,NA,NA,NA
k1_kernel_tuning,RVV,tile_N,8,2026-09-04T11:34:16,k1-rvv,"GEMM_RVV_FP32_INT8_8x4_Baseline","RVV_IGEMM_INT8_I8I32_8x4","igemm_kernel_8x4_zvl256b_lmul2_unroll1_i8i32",8x4,256b,2,1,INT8_RVV,0-7,8,8,1024,1024,1024,8,6,OK,0,NONE,1.121495459,GOPS,1.914839,parallel_tiles_including_required_packing,DISABLED,0,0,"0:cpu0:tiles16;1:cpu1:tiles16;2:cpu2:tiles16;3:cpu3:tiles16;4:cpu4:tiles16;5:cpu5:tiles16;6:cpu6:tiles16;7:cpu7:tiles16","NA",static,0,"NA","NA","/home/bananapi/MAT/kernels riscv rvv 1.0/FINAL/riscv-rvv-ime-gemm-microkernels-updated/HETEROGENEOUS_RVV_IME_OPENMP_GEMM/results/openmp_results_k1-rvv_1024_20260904_113101/raw_logs/GEMM_RVV_FP32_INT8_8x4_Baseline_RVV_IGEMM_INT8_I8I32_8x4_igemm_kernel_8x4_zvl256b_lmul2_unroll1_i8i32_run6.log",NA,NA,NA,NA,NA,NA,NA
k1_kernel_tuning,RVV,tile_N,8,2026-09-04T11:34:46,k1-rvv,"GEMM_RVV_FP32_INT8_8x4_Baseline","RVV_IGEMM_INT8_I8I32_8x4","igemm_kernel_8x4_zvl256b_lmul2_unroll2_i8i32",8x4,256b,2,2,INT8_RVV,0-7,8,8,1024,1024,1024,8,1,OK,0,NONE,1.159435291,GOPS,1.852181,parallel_tiles_including_required_packing,INDEPENDENT_INT64_REFERENCE_EXACT_INT32,0,0,"0:cpu0:tiles16;1:cpu1:tiles16;2:cpu2:tiles16;3:cpu3:tiles16;4:cpu4:tiles16;5:cpu5:tiles16;6:cpu6:tiles16;7:cpu7:tiles16","NA",static,0,"NA","NA","/home/bananapi/MAT/kernels riscv rvv 1.0/FINAL/riscv-rvv-ime-gemm-microkernels-updated/HETEROGENEOUS_RVV_IME_OPENMP_GEMM/results/openmp_results_k1-rvv_1024_20260904_113101/raw_logs/GEMM_RVV_FP32_INT8_8x4_Baseline_RVV_IGEMM_INT8_I8I32_8x4_igemm_kernel_8x4_zvl256b_lmul2_unroll2_i8i32_run1.log",NA,NA,NA,NA,NA,NA,NA
k1_kernel_tuning,RVV,tile_N,8,2026-09-04T11:34:49,k1-rvv,"GEMM_RVV_FP32_INT8_8x4_Baseline","RVV_IGEMM_INT8_I8I32_8x4","igemm_kernel_8x4_zvl256b_lmul2_unroll2_i8i32",8x4,256b,2,2,INT8_RVV,0-7,8,8,1024,1024,1024,8,2,OK,0,NONE,1.136146251,GOPS,1.890147,parallel_tiles_including_required_packing,DISABLED,0,0,"0:cpu0:tiles16;1:cpu1:tiles16;2:cpu2:tiles16;3:cpu3:tiles16;4:cpu4:tiles16;5:cpu5:tiles16;6:cpu6:tiles16;7:cpu7:tiles16","NA",static,0,"NA","NA","/home/bananapi/MAT/kernels riscv rvv 1.0/FINAL/riscv-rvv-ime-gemm-microkernels-updated/HETEROGENEOUS_RVV_IME_OPENMP_GEMM/results/openmp_results_k1-rvv_1024_20260904_113101/raw_logs/GEMM_RVV_FP32_INT8_8x4_Baseline_RVV_IGEMM_INT8_I8I32_8x4_igemm_kernel_8x4_zvl256b_lmul2_unroll2_i8i32_run2.log",NA,NA,NA,NA,NA,NA,NA
k1_kernel_tuning,RVV,tile_N,8,2026-09-04T11:34:52,k1-rvv,"GEMM_RVV_FP32_INT8_8x4_Baseline","RVV_IGEMM_INT8_I8I32_8x4","igemm_kernel_8x4_zvl256b_lmul2_unroll2_i8i32",8x4,256b,2,2,INT8_RVV,0-7,8,8,1024,1024,1024,8,3,OK,0,NONE,1.139605790,GOPS,1.884409,parallel_tiles_including_required_packing,DISABLED,0,0,"0:cpu0:tiles16;1:cpu1:tiles16;2:cpu2:tiles16;3:cpu3:tiles16;4:cpu4:tiles16;5:cpu5:tiles16;6:cpu6:tiles16;7:cpu7:tiles16","NA",static,0,"NA","NA","/home/bananapi/MAT/kernels riscv rvv 1.0/FINAL/riscv-rvv-ime-gemm-microkernels-updated/HETEROGENEOUS_RVV_IME_OPENMP_GEMM/results/openmp_results_k1-rvv_1024_20260904_113101/raw_logs/GEMM_RVV_FP32_INT8_8x4_Baseline_RVV_IGEMM_INT8_I8I32_8x4_igemm_kernel_8x4_zvl256b_lmul2_unroll2_i8i32_run3.log",NA,NA,NA,NA,NA,NA,NA
k1_kernel_tuning,RVV,tile_N,8,2026-09-04T11:34:54,k1-rvv,"GEMM_RVV_FP32_INT8_8x4_Baseline","RVV_IGEMM_INT8_I8I32_8x4","igemm_kernel_8x4_zvl256b_lmul2_unroll2_i8i32",8x4,256b,2,2,INT8_RVV,0-7,8,8,1024,1024,1024,8,4,OK,0,NONE,1.139553212,GOPS,1.884496,parallel_tiles_including_required_packing,DISABLED,0,0,"0:cpu0:tiles16;1:cpu1:tiles16;2:cpu2:tiles16;3:cpu3:tiles16;4:cpu4:tiles16;5:cpu5:tiles16;6:cpu6:tiles16;7:cpu7:tiles16","NA",static,0,"NA","NA","/home/bananapi/MAT/kernels riscv rvv 1.0/FINAL/riscv-rvv-ime-gemm-microkernels-updated/HETEROGENEOUS_RVV_IME_OPENMP_GEMM/results/openmp_results_k1-rvv_1024_20260904_113101/raw_logs/GEMM_RVV_FP32_INT8_8x4_Baseline_RVV_IGEMM_INT8_I8I32_8x4_igemm_kernel_8x4_zvl256b_lmul2_unroll2_i8i32_run4.log",NA,NA,NA,NA,NA,NA,NA
k1_kernel_tuning,RVV,tile_N,8,2026-09-04T11:34:57,k1-rvv,"GEMM_RVV_FP32_INT8_8x4_Baseline","RVV_IGEMM_INT8_I8I32_8x4","igemm_kernel_8x4_zvl256b_lmul2_unroll2_i8i32",8x4,256b,2,2,INT8_RVV,0-7,8,8,1024,1024,1024,8,5,OK,0,NONE,1.144893043,GOPS,1.875707,parallel_tiles_including_required_packing,DISABLED,0,0,"0:cpu0:tiles16;1:cpu1:tiles16;2:cpu2:tiles16;3:cpu3:tiles16;4:cpu4:tiles16;5:cpu5:tiles16;6:cpu6:tiles16;7:cpu7:tiles16","NA",static,0,"NA","NA","/home/bananapi/MAT/kernels riscv rvv 1.0/FINAL/riscv-rvv-ime-gemm-microkernels-updated/HETEROGENEOUS_RVV_IME_OPENMP_GEMM/results/openmp_results_k1-rvv_1024_20260904_113101/raw_logs/GEMM_RVV_FP32_INT8_8x4_Baseline_RVV_IGEMM_INT8_I8I32_8x4_igemm_kernel_8x4_zvl256b_lmul2_unroll2_i8i32_run5.log",NA,NA,NA,NA,NA,NA,NA
k1_kernel_tuning,RVV,tile_N,8,2026-09-04T11:34:59,k1-rvv,"GEMM_RVV_FP32_INT8_8x4_Baseline","RVV_IGEMM_INT8_I8I32_8x4","igemm_kernel_8x4_zvl256b_lmul2_unroll2_i8i32",8x4,256b,2,2,INT8_RVV,0-7,8,8,1024,1024,1024,8,6,OK,0,NONE,1.147840541,GOPS,1.870890,parallel_tiles_including_required_packing,DISABLED,0,0,"0:cpu0:tiles16;1:cpu1:tiles16;2:cpu2:tiles16;3:cpu3:tiles16;4:cpu4:tiles16;5:cpu5:tiles16;6:cpu6:tiles16;7:cpu7:tiles16","NA",static,0,"NA","NA","/home/bananapi/MAT/kernels riscv rvv 1.0/FINAL/riscv-rvv-ime-gemm-microkernels-updated/HETEROGENEOUS_RVV_IME_OPENMP_GEMM/results/openmp_results_k1-rvv_1024_20260904_113101/raw_logs/GEMM_RVV_FP32_INT8_8x4_Baseline_RVV_IGEMM_INT8_I8I32_8x4_igemm_kernel_8x4_zvl256b_lmul2_unroll2_i8i32_run6.log",NA,NA,NA,NA,NA,NA,NA
k1_kernel_tuning,RVV,tile_N,8,2026-09-04T11:35:38,k1-rvv,"GEMM_RVV_FP32_INT8_8x4_Baseline","RVV_IGEMM_INT8_I8I32_8x4","igemm_kernel_8x4_zvl256b_lmul2_unroll4_i8i32",8x4,256b,2,4,INT8_RVV,0-7,8,8,1024,1024,1024,8,1,OK,0,NONE,1.319247793,GOPS,1.627809,parallel_tiles_including_required_packing,INDEPENDENT_INT64_REFERENCE_EXACT_INT32,0,0,"0:cpu0:tiles16;1:cpu1:tiles16;2:cpu2:tiles16;3:cpu3:tiles16;4:cpu4:tiles16;5:cpu5:tiles16;6:cpu6:tiles16;7:cpu7:tiles16","NA",static,0,"NA","NA","/home/bananapi/MAT/kernels riscv rvv 1.0/FINAL/riscv-rvv-ime-gemm-microkernels-updated/HETEROGENEOUS_RVV_IME_OPENMP_GEMM/results/openmp_results_k1-rvv_1024_20260904_113101/raw_logs/GEMM_RVV_FP32_INT8_8x4_Baseline_RVV_IGEMM_INT8_I8I32_8x4_igemm_kernel_8x4_zvl256b_lmul2_unroll4_i8i32_run1.log",NA,NA,NA,NA,NA,NA,NA
k1_kernel_tuning,RVV,tile_N,8,2026-09-04T11:35:41,k1-rvv,"GEMM_RVV_FP32_INT8_8x4_Baseline","RVV_IGEMM_INT8_I8I32_8x4","igemm_kernel_8x4_zvl256b_lmul2_unroll4_i8i32",8x4,256b,2,4,INT8_RVV,0-7,8,8,1024,1024,1024,8,2,OK,0,NONE,1.318439294,GOPS,1.628807,parallel_tiles_including_required_packing,DISABLED,0,0,"0:cpu0:tiles16;1:cpu1:tiles16;2:cpu2:tiles16;3:cpu3:tiles16;4:cpu4:tiles16;5:cpu5:tiles16;6:cpu6:tiles16;7:cpu7:tiles16","NA",static,0,"NA","NA","/home/bananapi/MAT/kernels riscv rvv 1.0/FINAL/riscv-rvv-ime-gemm-microkernels-updated/HETEROGENEOUS_RVV_IME_OPENMP_GEMM/results/openmp_results_k1-rvv_1024_20260904_113101/raw_logs/GEMM_RVV_FP32_INT8_8x4_Baseline_RVV_IGEMM_INT8_I8I32_8x4_igemm_kernel_8x4_zvl256b_lmul2_unroll4_i8i32_run2.log",NA,NA,NA,NA,NA,NA,NA
k1_kernel_tuning,RVV,tile_N,8,2026-09-04T11:35:44,k1-rvv,"GEMM_RVV_FP32_INT8_8x4_Baseline","RVV_IGEMM_INT8_I8I32_8x4","igemm_kernel_8x4_zvl256b_lmul2_unroll4_i8i32",8x4,256b,2,4,INT8_RVV,0-7,8,8,1024,1024,1024,8,3,OK,0,NONE,1.313887462,GOPS,1.634450,parallel_tiles_including_required_packing,DISABLED,0,0,"0:cpu0:tiles16;1:cpu1:tiles16;2:cpu2:tiles16;3:cpu3:tiles16;4:cpu4:tiles16;5:cpu5:tiles16;6:cpu6:tiles16;7:cpu7:tiles16","NA",static,0,"NA","NA","/home/bananapi/MAT/kernels riscv rvv 1.0/FINAL/riscv-rvv-ime-gemm-microkernels-updated/HETEROGENEOUS_RVV_IME_OPENMP_GEMM/results/openmp_results_k1-rvv_1024_20260904_113101/raw_logs/GEMM_RVV_FP32_INT8_8x4_Baseline_RVV_IGEMM_INT8_I8I32_8x4_igemm_kernel_8x4_zvl256b_lmul2_unroll4_i8i32_run3.log",NA,NA,NA,NA,NA,NA,NA
k1_kernel_tuning,RVV,tile_N,8,2026-09-04T11:35:47,k1-rvv,"GEMM_RVV_FP32_INT8_8x4_Baseline","RVV_IGEMM_INT8_I8I32_8x4","igemm_kernel_8x4_zvl256b_lmul2_unroll4_i8i32",8x4,256b,2,4,INT8_RVV,0-7,8,8,1024,1024,1024,8,4,OK,0,NONE,1.312720500,GOPS,1.635903,parallel_tiles_including_required_packing,DISABLED,0,0,"0:cpu0:tiles16;1:cpu1:tiles16;2:cpu2:tiles16;3:cpu3:tiles16;4:cpu4:tiles16;5:cpu5:tiles16;6:cpu6:tiles16;7:cpu7:tiles16","NA",static,0,"NA","NA","/home/bananapi/MAT/kernels riscv rvv 1.0/FINAL/riscv-rvv-ime-gemm-microkernels-updated/HETEROGENEOUS_RVV_IME_OPENMP_GEMM/results/openmp_results_k1-rvv_1024_20260904_113101/raw_logs/GEMM_RVV_FP32_INT8_8x4_Baseline_RVV_IGEMM_INT8_I8I32_8x4_igemm_kernel_8x4_zvl256b_lmul2_unroll4_i8i32_run4.log",NA,NA,NA,NA,NA,NA,NA
k1_kernel_tuning,RVV,tile_N,8,2026-09-04T11:35:50,k1-rvv,"GEMM_RVV_FP32_INT8_8x4_Baseline","RVV_IGEMM_INT8_I8I32_8x4","igemm_kernel_8x4_zvl256b_lmul2_unroll4_i8i32",8x4,256b,2,4,INT8_RVV,0-7,8,8,1024,1024,1024,8,5,OK,0,NONE,1.314934503,GOPS,1.633149,parallel_tiles_including_required_packing,DISABLED,0,0,"0:cpu0:tiles16;1:cpu1:tiles16;2:cpu2:tiles16;3:cpu3:tiles16;4:cpu4:tiles16;5:cpu5:tiles16;6:cpu6:tiles16;7:cpu7:tiles16","NA",static,0,"NA","NA","/home/bananapi/MAT/kernels riscv rvv 1.0/FINAL/riscv-rvv-ime-gemm-microkernels-updated/HETEROGENEOUS_RVV_IME_OPENMP_GEMM/results/openmp_results_k1-rvv_1024_20260904_113101/raw_logs/GEMM_RVV_FP32_INT8_8x4_Baseline_RVV_IGEMM_INT8_I8I32_8x4_igemm_kernel_8x4_zvl256b_lmul2_unroll4_i8i32_run5.log",NA,NA,NA,NA,NA,NA,NA
k1_kernel_tuning,RVV,tile_N,8,2026-09-04T11:35:53,k1-rvv,"GEMM_RVV_FP32_INT8_8x4_Baseline","RVV_IGEMM_INT8_I8I32_8x4","igemm_kernel_8x4_zvl256b_lmul2_unroll4_i8i32",8x4,256b,2,4,INT8_RVV,0-7,8,8,1024,1024,1024,8,6,OK,0,NONE,1.315736834,GOPS,1.632153,parallel_tiles_including_required_packing,DISABLED,0,0,"0:cpu0:tiles16;1:cpu1:tiles16;2:cpu2:tiles16;3:cpu3:tiles16;4:cpu4:tiles16;5:cpu5:tiles16;6:cpu6:tiles16;7:cpu7:tiles16","NA",static,0,"NA","NA","/home/bananapi/MAT/kernels riscv rvv 1.0/FINAL/riscv-rvv-ime-gemm-microkernels-updated/HETEROGENEOUS_RVV_IME_OPENMP_GEMM/results/openmp_results_k1-rvv_1024_20260904_113101/raw_logs/GEMM_RVV_FP32_INT8_8x4_Baseline_RVV_IGEMM_INT8_I8I32_8x4_igemm_kernel_8x4_zvl256b_lmul2_unroll4_i8i32_run6.log",NA,NA,NA,NA,NA,NA,NA
k1_kernel_tuning,RVV,tile_N,8,2026-09-04T11:36:25,k1-rvv,"GEMM_RVV_FP32_INT8_8x4_Baseline","RVV_IGEMM_INT8_I8I32_8x4","igemm_kernel_8x4_zvl256b_lmul2_unroll8_i8i32",8x4,256b,2,8,INT8_RVV,0-7,8,8,1024,1024,1024,8,1,OK,0,NONE,1.351299670,GOPS,1.589199,parallel_tiles_including_required_packing,INDEPENDENT_INT64_REFERENCE_EXACT_INT32,0,0,"0:cpu0:tiles16;1:cpu1:tiles16;2:cpu2:tiles16;3:cpu3:tiles16;4:cpu4:tiles16;5:cpu5:tiles16;6:cpu6:tiles16;7:cpu7:tiles16","NA",static,0,"NA","NA","/home/bananapi/MAT/kernels riscv rvv 1.0/FINAL/riscv-rvv-ime-gemm-microkernels-updated/HETEROGENEOUS_RVV_IME_OPENMP_GEMM/results/openmp_results_k1-rvv_1024_20260904_113101/raw_logs/GEMM_RVV_FP32_INT8_8x4_Baseline_RVV_IGEMM_INT8_I8I32_8x4_igemm_kernel_8x4_zvl256b_lmul2_unroll8_i8i32_run1.log",NA,NA,NA,NA,NA,NA,NA
k1_kernel_tuning,RVV,tile_N,8,2026-09-04T11:36:28,k1-rvv,"GEMM_RVV_FP32_INT8_8x4_Baseline","RVV_IGEMM_INT8_I8I32_8x4","igemm_kernel_8x4_zvl256b_lmul2_unroll8_i8i32",8x4,256b,2,8,INT8_RVV,0-7,8,8,1024,1024,1024,8,2,OK,0,NONE,1.341439754,GOPS,1.600880,parallel_tiles_including_required_packing,DISABLED,0,0,"0:cpu0:tiles16;1:cpu1:tiles16;2:cpu2:tiles16;3:cpu3:tiles16;4:cpu4:tiles16;5:cpu5:tiles16;6:cpu6:tiles16;7:cpu7:tiles16","NA",static,0,"NA","NA","/home/bananapi/MAT/kernels riscv rvv 1.0/FINAL/riscv-rvv-ime-gemm-microkernels-updated/HETEROGENEOUS_RVV_IME_OPENMP_GEMM/results/openmp_results_k1-rvv_1024_20260904_113101/raw_logs/GEMM_RVV_FP32_INT8_8x4_Baseline_RVV_IGEMM_INT8_I8I32_8x4_igemm_kernel_8x4_zvl256b_lmul2_unroll8_i8i32_run2.log",NA,NA,NA,NA,NA,NA,NA
k1_kernel_tuning,RVV,tile_N,8,2026-09-04T11:36:31,k1-rvv,"GEMM_RVV_FP32_INT8_8x4_Baseline","RVV_IGEMM_INT8_I8I32_8x4","igemm_kernel_8x4_zvl256b_lmul2_unroll8_i8i32",8x4,256b,2,8,INT8_RVV,0-7,8,8,1024,1024,1024,8,3,OK,0,NONE,1.342614040,GOPS,1.599480,parallel_tiles_including_required_packing,DISABLED,0,0,"0:cpu0:tiles16;1:cpu1:tiles16;2:cpu2:tiles16;3:cpu3:tiles16;4:cpu4:tiles16;5:cpu5:tiles16;6:cpu6:tiles16;7:cpu7:tiles16","NA",static,0,"NA","NA","/home/bananapi/MAT/kernels riscv rvv 1.0/FINAL/riscv-rvv-ime-gemm-microkernels-updated/HETEROGENEOUS_RVV_IME_OPENMP_GEMM/results/openmp_results_k1-rvv_1024_20260904_113101/raw_logs/GEMM_RVV_FP32_INT8_8x4_Baseline_RVV_IGEMM_INT8_I8I32_8x4_igemm_kernel_8x4_zvl256b_lmul2_unroll8_i8i32_run3.log",NA,NA,NA,NA,NA,NA,NA
k1_kernel_tuning,RVV,tile_N,8,2026-09-04T11:36:34,k1-rvv,"GEMM_RVV_FP32_INT8_8x4_Baseline","RVV_IGEMM_INT8_I8I32_8x4","igemm_kernel_8x4_zvl256b_lmul2_unroll8_i8i32",8x4,256b,2,8,INT8_RVV,0-7,8,8,1024,1024,1024,8,4,OK,0,NONE,1.348180793,GOPS,1.592875,parallel_tiles_including_required_packing,DISABLED,0,0,"0:cpu0:tiles16;1:cpu1:tiles16;2:cpu2:tiles16;3:cpu3:tiles16;4:cpu4:tiles16;5:cpu5:tiles16;6:cpu6:tiles16;7:cpu7:tiles16","NA",static,0,"NA","NA","/home/bananapi/MAT/kernels riscv rvv 1.0/FINAL/riscv-rvv-ime-gemm-microkernels-updated/HETEROGENEOUS_RVV_IME_OPENMP_GEMM/results/openmp_results_k1-rvv_1024_20260904_113101/raw_logs/GEMM_RVV_FP32_INT8_8x4_Baseline_RVV_IGEMM_INT8_I8I32_8x4_igemm_kernel_8x4_zvl256b_lmul2_unroll8_i8i32_run4.log",NA,NA,NA,NA,NA,NA,NA
k1_kernel_tuning,RVV,tile_N,8,2026-09-04T11:36:37,k1-rvv,"GEMM_RVV_FP32_INT8_8x4_Baseline","RVV_IGEMM_INT8_I8I32_8x4","igemm_kernel_8x4_zvl256b_lmul2_unroll8_i8i32",8x4,256b,2,8,INT8_RVV,0-7,8,8,1024,1024,1024,8,5,OK,0,NONE,1.333282545,GOPS,1.610674,parallel_tiles_including_required_packing,DISABLED,0,0,"0:cpu0:tiles16;1:cpu1:tiles16;2:cpu2:tiles16;3:cpu3:tiles16;4:cpu4:tiles16;5:cpu5:tiles16;6:cpu6:tiles16;7:cpu7:tiles16","NA",static,0,"NA","NA","/home/bananapi/MAT/kernels riscv rvv 1.0/FINAL/riscv-rvv-ime-gemm-microkernels-updated/HETEROGENEOUS_RVV_IME_OPENMP_GEMM/results/openmp_results_k1-rvv_1024_20260904_113101/raw_logs/GEMM_RVV_FP32_INT8_8x4_Baseline_RVV_IGEMM_INT8_I8I32_8x4_igemm_kernel_8x4_zvl256b_lmul2_unroll8_i8i32_run5.log",NA,NA,NA,NA,NA,NA,NA
k1_kernel_tuning,RVV,tile_N,8,2026-09-04T11:36:40,k1-rvv,"GEMM_RVV_FP32_INT8_8x4_Baseline","RVV_IGEMM_INT8_I8I32_8x4","igemm_kernel_8x4_zvl256b_lmul2_unroll8_i8i32",8x4,256b,2,8,INT8_RVV,0-7,8,8,1024,1024,1024,8,6,OK,0,NONE,1.344533291,GOPS,1.597196,parallel_tiles_including_required_packing,DISABLED,0,0,"0:cpu0:tiles16;1:cpu1:tiles16;2:cpu2:tiles16;3:cpu3:tiles16;4:cpu4:tiles16;5:cpu5:tiles16;6:cpu6:tiles16;7:cpu7:tiles16","NA",static,0,"NA","NA","/home/bananapi/MAT/kernels riscv rvv 1.0/FINAL/riscv-rvv-ime-gemm-microkernels-updated/HETEROGENEOUS_RVV_IME_OPENMP_GEMM/results/openmp_results_k1-rvv_1024_20260904_113101/raw_logs/GEMM_RVV_FP32_INT8_8x4_Baseline_RVV_IGEMM_INT8_I8I32_8x4_igemm_kernel_8x4_zvl256b_lmul2_unroll8_i8i32_run6.log",NA,NA,NA,NA,NA,NA,NA
k1_kernel_tuning,RVV,tile_N,8,2026-09-04T11:37:15,k1-rvv,"GEMM_RVV_FP32_INT8_8x4_Baseline","RVV_IGEMM_INT8_I8I32_8x4","igemm_kernel_8x4_zvl256b_lmulmf2_unroll1_i8i32",8x4,256b,mf2,1,INT8_RVV,0-7,8,8,1024,1024,1024,8,1,OK,0,NONE,0.252980251,GOPS,8.488740,parallel_tiles_including_required_packing,INDEPENDENT_INT64_REFERENCE_EXACT_INT32,0,0,"0:cpu0:tiles16;1:cpu1:tiles16;2:cpu2:tiles16;3:cpu3:tiles16;4:cpu4:tiles16;5:cpu5:tiles16;6:cpu6:tiles16;7:cpu7:tiles16","NA",static,0,"NA","NA","/home/bananapi/MAT/kernels riscv rvv 1.0/FINAL/riscv-rvv-ime-gemm-microkernels-updated/HETEROGENEOUS_RVV_IME_OPENMP_GEMM/results/openmp_results_k1-rvv_1024_20260904_113101/raw_logs/GEMM_RVV_FP32_INT8_8x4_Baseline_RVV_IGEMM_INT8_I8I32_8x4_igemm_kernel_8x4_zvl256b_lmulmf2_unroll1_i8i32_run1.log",NA,NA,NA,NA,NA,NA,NA
k1_kernel_tuning,RVV,tile_N,8,2026-09-04T11:37:15,k1-rvv,"GEMM_RVV_FP32_INT8_8x4_Baseline","RVV_IGEMM_INT8_I8I32_8x4","igemm_kernel_8x4_zvl256b_lmulmf2_unroll1_i8i32",8x4,256b,mf2,1,INT8_RVV,0-7,8,8,1024,1024,1024,8,2,OK,0,NONE,0.237172998,GOPS,9.054503,parallel_tiles_including_required_packing,DISABLED,0,0,"0:cpu0:tiles16;1:cpu1:tiles16;2:cpu2:tiles16;3:cpu3:tiles16;4:cpu4:tiles16;5:cpu5:tiles16;6:cpu6:tiles16;7:cpu7:tiles16","NA",static,0,"NA","NA","/home/bananapi/MAT/kernels riscv rvv 1.0/FINAL/riscv-rvv-ime-gemm-microkernels-updated/HETEROGENEOUS_RVV_IME_OPENMP_GEMM/results/openmp_results_k1-rvv_1024_20260904_113101/raw_logs/GEMM_RVV_FP32_INT8_8x4_Baseline_RVV_IGEMM_INT8_I8I32_8x4_igemm_kernel_8x4_zvl256b_lmulmf2_unroll1_i8i32_run2.log",NA,NA,NA,NA,NA,NA,NA
k1_kernel_tuning,RVV,tile_N,8,2026-09-04T11:37:16,k1-rvv,"GEMM_RVV_FP32_INT8_8x4_Baseline","RVV_IGEMM_INT8_I8I32_8x4","igemm_kernel_8x4_zvl256b_lmulmf2_unroll1_i8i32",8x4,256b,mf2,1,INT8_RVV,0-7,8,8,1024,1024,1024,8,3,OK,0,NONE,0.243451081,GOPS,8.821007,parallel_tiles_including_required_packing,DISABLED,0,0,"0:cpu0:tiles16;1:cpu1:tiles16;2:cpu2:tiles16;3:cpu3:tiles16;4:cpu4:tiles16;5:cpu5:tiles16;6:cpu6:tiles16;7:cpu7:tiles16","NA",static,0,"NA","NA","/home/bananapi/MAT/kernels riscv rvv 1.0/FINAL/riscv-rvv-ime-gemm-microkernels-updated/HETEROGENEOUS_RVV_IME_OPENMP_GEMM/results/openmp_results_k1-rvv_1024_20260904_113101/raw_logs/GEMM_RVV_FP32_INT8_8x4_Baseline_RVV_IGEMM_INT8_I8I32_8x4_igemm_kernel_8x4_zvl256b_lmulmf2_unroll1_i8i32_run3.log",NA,NA,NA,NA,NA,NA,NA
k1_kernel_tuning,RVV,tile_N,8,2026-09-04T11:37:17,k1-rvv,"GEMM_RVV_FP32_INT8_8x4_Baseline","RVV_IGEMM_INT8_I8I32_8x4","igemm_kernel_8x4_zvl256b_lmulmf2_unroll1_i8i32",8x4,256b,mf2,1,INT8_RVV,0-7,8,8,1024,1024,1024,8,4,OK,0,NONE,0.235821377,GOPS,9.106399,parallel_tiles_including_required_packing,DISABLED,0,0,"0:cpu0:tiles16;1:cpu1:tiles16;2:cpu2:tiles16;3:cpu3:tiles16;4:cpu4:tiles16;5:cpu5:tiles16;6:cpu6:tiles16;7:cpu7:tiles16","NA",static,0,"NA","NA","/home/bananapi/MAT/kernels riscv rvv 1.0/FINAL/riscv-rvv-ime-gemm-microkernels-updated/HETEROGENEOUS_RVV_IME_OPENMP_GEMM/results/openmp_results_k1-rvv_1024_20260904_113101/raw_logs/GEMM_RVV_FP32_INT8_8x4_Baseline_RVV_IGEMM_INT8_I8I32_8x4_igemm_kernel_8x4_zvl256b_lmulmf2_unroll1_i8i32_run4.log",NA,NA,NA,NA,NA,NA,NA
k1_kernel_tuning,RVV,tile_N,8,2026-09-04T11:37:18,k1-rvv,"GEMM_RVV_FP32_INT8_8x4_Baseline","RVV_IGEMM_INT8_I8I32_8x4","igemm_kernel_8x4_zvl256b_lmulmf2_unroll1_i8i32",8x4,256b,mf2,1,INT8_RVV,0-7,8,8,1024,1024,1024,8,5,OK,0,NONE,0.241018958,GOPS,8.910020,parallel_tiles_including_required_packing,DISABLED,0,0,"0:cpu0:tiles16;1:cpu1:tiles16;2:cpu2:tiles16;3:cpu3:tiles16;4:cpu4:tiles16;5:cpu5:tiles16;6:cpu6:tiles16;7:cpu7:tiles16","NA",static,0,"NA","NA","/home/bananapi/MAT/kernels riscv rvv 1.0/FINAL/riscv-rvv-ime-gemm-microkernels-updated/HETEROGENEOUS_RVV_IME_OPENMP_GEMM/results/openmp_results_k1-rvv_1024_20260904_113101/raw_logs/GEMM_RVV_FP32_INT8_8x4_Baseline_RVV_IGEMM_INT8_I8I32_8x4_igemm_kernel_8x4_zvl256b_lmulmf2_unroll1_i8i32_run5.log",NA,NA,NA,NA,NA,NA,NA
k1_kernel_tuning,RVV,tile_N,8,2026-09-04T11:37:19,k1-rvv,"GEMM_RVV_FP32_INT8_8x4_Baseline","RVV_IGEMM_INT8_I8I32_8x4","igemm_kernel_8x4_zvl256b_lmulmf2_unroll1_i8i32",8x4,256b,mf2,1,INT8_RVV,0-7,8,8,1024,1024,1024,8,6,OK,0,NONE,0.248819876,GOPS,8.630676,parallel_tiles_including_required_packing,DISABLED,0,0,"0:cpu0:tiles16;1:cpu1:tiles16;2:cpu2:tiles16;3:cpu3:tiles16;4:cpu4:tiles16;5:cpu5:tiles16;6:cpu6:tiles16;7:cpu7:tiles16","NA",static,0,"NA","NA","/home/bananapi/MAT/kernels riscv rvv 1.0/FINAL/riscv-rvv-ime-gemm-microkernels-updated/HETEROGENEOUS_RVV_IME_OPENMP_GEMM/results/openmp_results_k1-rvv_1024_20260904_113101/raw_logs/GEMM_RVV_FP32_INT8_8x4_Baseline_RVV_IGEMM_INT8_I8I32_8x4_igemm_kernel_8x4_zvl256b_lmulmf2_unroll1_i8i32_run6.log",NA,NA,NA,NA,NA,NA,NA
k1_kernel_tuning,RVV,tile_N,8,2026-09-04T11:37:54,k1-rvv,"GEMM_RVV_FP32_INT8_8x4_Baseline","RVV_IGEMM_INT8_I8I32_8x4","igemm_kernel_8x4_zvl256b_lmulmf2_unroll2_i8i32",8x4,256b,mf2,2,INT8_RVV,0-7,8,8,1024,1024,1024,8,1,OK,0,NONE,0.239957292,GOPS,8.949441,parallel_tiles_including_required_packing,INDEPENDENT_INT64_REFERENCE_EXACT_INT32,0,0,"0:cpu0:tiles16;1:cpu1:tiles16;2:cpu2:tiles16;3:cpu3:tiles16;4:cpu4:tiles16;5:cpu5:tiles16;6:cpu6:tiles16;7:cpu7:tiles16","NA",static,0,"NA","NA","/home/bananapi/MAT/kernels riscv rvv 1.0/FINAL/riscv-rvv-ime-gemm-microkernels-updated/HETEROGENEOUS_RVV_IME_OPENMP_GEMM/results/openmp_results_k1-rvv_1024_20260904_113101/raw_logs/GEMM_RVV_FP32_INT8_8x4_Baseline_RVV_IGEMM_INT8_I8I32_8x4_igemm_kernel_8x4_zvl256b_lmulmf2_unroll2_i8i32_run1.log",NA,NA,NA,NA,NA,NA,NA
k1_kernel_tuning,RVV,tile_N,8,2026-09-04T11:37:55,k1-rvv,"GEMM_RVV_FP32_INT8_8x4_Baseline","RVV_IGEMM_INT8_I8I32_8x4","igemm_kernel_8x4_zvl256b_lmulmf2_unroll2_i8i32",8x4,256b,mf2,2,INT8_RVV,0-7,8,8,1024,1024,1024,8,2,OK,0,NONE,0.234636623,GOPS,9.152380,parallel_tiles_including_required_packing,DISABLED,0,0,"0:cpu0:tiles16;1:cpu1:tiles16;2:cpu2:tiles16;3:cpu3:tiles16;4:cpu4:tiles16;5:cpu5:tiles16;6:cpu6:tiles16;7:cpu7:tiles16","NA",static,0,"NA","NA","/home/bananapi/MAT/kernels riscv rvv 1.0/FINAL/riscv-rvv-ime-gemm-microkernels-updated/HETEROGENEOUS_RVV_IME_OPENMP_GEMM/results/openmp_results_k1-rvv_1024_20260904_113101/raw_logs/GEMM_RVV_FP32_INT8_8x4_Baseline_RVV_IGEMM_INT8_I8I32_8x4_igemm_kernel_8x4_zvl256b_lmulmf2_unroll2_i8i32_run2.log",NA,NA,NA,NA,NA,NA,NA
k1_kernel_tuning,RVV,tile_N,8,2026-09-04T11:37:56,k1-rvv,"GEMM_RVV_FP32_INT8_8x4_Baseline","RVV_IGEMM_INT8_I8I32_8x4","igemm_kernel_8x4_zvl256b_lmulmf2_unroll2_i8i32",8x4,256b,mf2,2,INT8_RVV,0-7,8,8,1024,1024,1024,8,3,OK,0,NONE,0.237882126,GOPS,9.027512,parallel_tiles_including_required_packing,DISABLED,0,0,"0:cpu0:tiles16;1:cpu1:tiles16;2:cpu2:tiles16;3:cpu3:tiles16;4:cpu4:tiles16;5:cpu5:tiles16;6:cpu6:tiles16;7:cpu7:tiles16","NA",static,0,"NA","NA","/home/bananapi/MAT/kernels riscv rvv 1.0/FINAL/riscv-rvv-ime-gemm-microkernels-updated/HETEROGENEOUS_RVV_IME_OPENMP_GEMM/results/openmp_results_k1-rvv_1024_20260904_113101/raw_logs/GEMM_RVV_FP32_INT8_8x4_Baseline_RVV_IGEMM_INT8_I8I32_8x4_igemm_kernel_8x4_zvl256b_lmulmf2_unroll2_i8i32_run3.log",NA,NA,NA,NA,NA,NA,NA
k1_kernel_tuning,RVV,tile_N,8,2026-09-04T11:37:57,k1-rvv,"GEMM_RVV_FP32_INT8_8x4_Baseline","RVV_IGEMM_INT8_I8I32_8x4","igemm_kernel_8x4_zvl256b_lmulmf2_unroll2_i8i32",8x4,256b,mf2,2,INT8_RVV,0-7,8,8,1024,1024,1024,8,4,OK,0,NONE,0.240410168,GOPS,8.932582,parallel_tiles_including_required_packing,DISABLED,0,0,"0:cpu0:tiles16;1:cpu1:tiles16;2:cpu2:tiles16;3:cpu3:tiles16;4:cpu4:tiles16;5:cpu5:tiles16;6:cpu6:tiles16;7:cpu7:tiles16","NA",static,0,"NA","NA","/home/bananapi/MAT/kernels riscv rvv 1.0/FINAL/riscv-rvv-ime-gemm-microkernels-updated/HETEROGENEOUS_RVV_IME_OPENMP_GEMM/results/openmp_results_k1-rvv_1024_20260904_113101/raw_logs/GEMM_RVV_FP32_INT8_8x4_Baseline_RVV_IGEMM_INT8_I8I32_8x4_igemm_kernel_8x4_zvl256b_lmulmf2_unroll2_i8i32_run4.log",NA,NA,NA,NA,NA,NA,NA
k1_kernel_tuning,RVV,tile_N,8,2026-09-04T11:37:58,k1-rvv,"GEMM_RVV_FP32_INT8_8x4_Baseline","RVV_IGEMM_INT8_I8I32_8x4","igemm_kernel_8x4_zvl256b_lmulmf2_unroll2_i8i32",8x4,256b,mf2,2,INT8_RVV,0-7,8,8,1024,1024,1024,8,5,OK,0,NONE,0.255515918,GOPS,8.404500,parallel_tiles_including_required_packing,DISABLED,0,0,"0:cpu0:tiles16;1:cpu1:tiles16;2:cpu2:tiles16;3:cpu3:tiles16;4:cpu4:tiles16;5:cpu5:tiles16;6:cpu6:tiles16;7:cpu7:tiles16","NA",static,0,"NA","NA","/home/bananapi/MAT/kernels riscv rvv 1.0/FINAL/riscv-rvv-ime-gemm-microkernels-updated/HETEROGENEOUS_RVV_IME_OPENMP_GEMM/results/openmp_results_k1-rvv_1024_20260904_113101/raw_logs/GEMM_RVV_FP32_INT8_8x4_Baseline_RVV_IGEMM_INT8_I8I32_8x4_igemm_kernel_8x4_zvl256b_lmulmf2_unroll2_i8i32_run5.log",NA,NA,NA,NA,NA,NA,NA
k1_kernel_tuning,RVV,tile_N,8,2026-09-04T11:37:58,k1-rvv,"GEMM_RVV_FP32_INT8_8x4_Baseline","RVV_IGEMM_INT8_I8I32_8x4","igemm_kernel_8x4_zvl256b_lmulmf2_unroll2_i8i32",8x4,256b,mf2,2,INT8_RVV,0-7,8,8,1024,1024,1024,8,6,OK,0,NONE,0.245319709,GOPS,8.753816,parallel_tiles_including_required_packing,DISABLED,0,0,"0:cpu0:tiles16;1:cpu1:tiles16;2:cpu2:tiles16;3:cpu3:tiles16;4:cpu4:tiles16;5:cpu5:tiles16;6:cpu6:tiles16;7:cpu7:tiles16","NA",static,0,"NA","NA","/home/bananapi/MAT/kernels riscv rvv 1.0/FINAL/riscv-rvv-ime-gemm-microkernels-updated/HETEROGENEOUS_RVV_IME_OPENMP_GEMM/results/openmp_results_k1-rvv_1024_20260904_113101/raw_logs/GEMM_RVV_FP32_INT8_8x4_Baseline_RVV_IGEMM_INT8_I8I32_8x4_igemm_kernel_8x4_zvl256b_lmulmf2_unroll2_i8i32_run6.log",NA,NA,NA,NA,NA,NA,NA
k1_kernel_tuning,RVV,tile_N,8,2026-09-04T11:38:27,k1-rvv,"GEMM_RVV_FP32_INT8_8x4_Baseline","RVV_IGEMM_INT8_I8I32_8x4","igemm_kernel_8x4_zvl256b_lmulmf2_unroll4_i8i32",8x4,256b,mf2,4,INT8_RVV,0-7,8,8,1024,1024,1024,8,1,OK,0,NONE,0.233466957,GOPS,9.198234,parallel_tiles_including_required_packing,INDEPENDENT_INT64_REFERENCE_EXACT_INT32,0,0,"0:cpu0:tiles16;1:cpu1:tiles16;2:cpu2:tiles16;3:cpu3:tiles16;4:cpu4:tiles16;5:cpu5:tiles16;6:cpu6:tiles16;7:cpu7:tiles16","NA",static,0,"NA","NA","/home/bananapi/MAT/kernels riscv rvv 1.0/FINAL/riscv-rvv-ime-gemm-microkernels-updated/HETEROGENEOUS_RVV_IME_OPENMP_GEMM/results/openmp_results_k1-rvv_1024_20260904_113101/raw_logs/GEMM_RVV_FP32_INT8_8x4_Baseline_RVV_IGEMM_INT8_I8I32_8x4_igemm_kernel_8x4_zvl256b_lmulmf2_unroll4_i8i32_run1.log",NA,NA,NA,NA,NA,NA,NA
k1_kernel_tuning,RVV,tile_N,8,2026-09-04T11:38:28,k1-rvv,"GEMM_RVV_FP32_INT8_8x4_Baseline","RVV_IGEMM_INT8_I8I32_8x4","igemm_kernel_8x4_zvl256b_lmulmf2_unroll4_i8i32",8x4,256b,mf2,4,INT8_RVV,0-7,8,8,1024,1024,1024,8,2,OK,0,NONE,0.239436917,GOPS,8.968891,parallel_tiles_including_required_packing,DISABLED,0,0,"0:cpu0:tiles16;1:cpu1:tiles16;2:cpu2:tiles16;3:cpu3:tiles16;4:cpu4:tiles16;5:cpu5:tiles16;6:cpu6:tiles16;7:cpu7:tiles16","NA",static,0,"NA","NA","/home/bananapi/MAT/kernels riscv rvv 1.0/FINAL/riscv-rvv-ime-gemm-microkernels-updated/HETEROGENEOUS_RVV_IME_OPENMP_GEMM/results/openmp_results_k1-rvv_1024_20260904_113101/raw_logs/GEMM_RVV_FP32_INT8_8x4_Baseline_RVV_IGEMM_INT8_I8I32_8x4_igemm_kernel_8x4_zvl256b_lmulmf2_unroll4_i8i32_run2.log",NA,NA,NA,NA,NA,NA,NA
k1_kernel_tuning,RVV,tile_N,8,2026-09-04T11:38:29,k1-rvv,"GEMM_RVV_FP32_INT8_8x4_Baseline","RVV_IGEMM_INT8_I8I32_8x4","igemm_kernel_8x4_zvl256b_lmulmf2_unroll4_i8i32",8x4,256b,mf2,4,INT8_RVV,0-7,8,8,1024,1024,1024,8,3,OK,0,NONE,0.236012831,GOPS,9.099012,parallel_tiles_including_required_packing,DISABLED,0,0,"0:cpu0:tiles16;1:cpu1:tiles16;2:cpu2:tiles16;3:cpu3:tiles16;4:cpu4:tiles16;5:cpu5:tiles16;6:cpu6:tiles16;7:cpu7:tiles16","NA",static,0,"NA","NA","/home/bananapi/MAT/kernels riscv rvv 1.0/FINAL/riscv-rvv-ime-gemm-microkernels-updated/HETEROGENEOUS_RVV_IME_OPENMP_GEMM/results/openmp_results_k1-rvv_1024_20260904_113101/raw_logs/GEMM_RVV_FP32_INT8_8x4_Baseline_RVV_IGEMM_INT8_I8I32_8x4_igemm_kernel_8x4_zvl256b_lmulmf2_unroll4_i8i32_run3.log",NA,NA,NA,NA,NA,NA,NA
k1_kernel_tuning,RVV,tile_N,8,2026-09-04T11:38:30,k1-rvv,"GEMM_RVV_FP32_INT8_8x4_Baseline","RVV_IGEMM_INT8_I8I32_8x4","igemm_kernel_8x4_zvl256b_lmulmf2_unroll4_i8i32",8x4,256b,mf2,4,INT8_RVV,0-7,8,8,1024,1024,1024,8,4,OK,0,NONE,0.242764708,GOPS,8.845947,parallel_tiles_including_required_packing,DISABLED,0,0,"0:cpu0:tiles16;1:cpu1:tiles16;2:cpu2:tiles16;3:cpu3:tiles16;4:cpu4:tiles16;5:cpu5:tiles16;6:cpu6:tiles16;7:cpu7:tiles16","NA",static,0,"NA","NA","/home/bananapi/MAT/kernels riscv rvv 1.0/FINAL/riscv-rvv-ime-gemm-microkernels-updated/HETEROGENEOUS_RVV_IME_OPENMP_GEMM/results/openmp_results_k1-rvv_1024_20260904_113101/raw_logs/GEMM_RVV_FP32_INT8_8x4_Baseline_RVV_IGEMM_INT8_I8I32_8x4_igemm_kernel_8x4_zvl256b_lmulmf2_unroll4_i8i32_run4.log",NA,NA,NA,NA,NA,NA,NA
k1_kernel_tuning,RVV,tile_N,8,2026-09-04T11:38:30,k1-rvv,"GEMM_RVV_FP32_INT8_8x4_Baseline","RVV_IGEMM_INT8_I8I32_8x4","igemm_kernel_8x4_zvl256b_lmulmf2_unroll4_i8i32",8x4,256b,mf2,4,INT8_RVV,0-7,8,8,1024,1024,1024,8,5,OK,0,NONE,0.240911461,GOPS,8.913995,parallel_tiles_including_required_packing,DISABLED,0,0,"0:cpu0:tiles16;1:cpu1:tiles16;2:cpu2:tiles16;3:cpu3:tiles16;4:cpu4:tiles16;5:cpu5:tiles16;6:cpu6:tiles16;7:cpu7:tiles16","NA",static,0,"NA","NA","/home/bananapi/MAT/kernels riscv rvv 1.0/FINAL/riscv-rvv-ime-gemm-microkernels-updated/HETEROGENEOUS_RVV_IME_OPENMP_GEMM/results/openmp_results_k1-rvv_1024_20260904_113101/raw_logs/GEMM_RVV_FP32_INT8_8x4_Baseline_RVV_IGEMM_INT8_I8I32_8x4_igemm_kernel_8x4_zvl256b_lmulmf2_unroll4_i8i32_run5.log",NA,NA,NA,NA,NA,NA,NA
k1_kernel_tuning,RVV,tile_N,8,2026-09-04T11:38:31,k1-rvv,"GEMM_RVV_FP32_INT8_8x4_Baseline","RVV_IGEMM_INT8_I8I32_8x4","igemm_kernel_8x4_zvl256b_lmulmf2_unroll4_i8i32",8x4,256b,mf2,4,INT8_RVV,0-7,8,8,1024,1024,1024,8,6,OK,0,NONE,0.239781793,GOPS,8.955991,parallel_tiles_including_required_packing,DISABLED,0,0,"0:cpu0:tiles16;1:cpu1:tiles16;2:cpu2:tiles16;3:cpu3:tiles16;4:cpu4:tiles16;5:cpu5:tiles16;6:cpu6:tiles16;7:cpu7:tiles16","NA",static,0,"NA","NA","/home/bananapi/MAT/kernels riscv rvv 1.0/FINAL/riscv-rvv-ime-gemm-microkernels-updated/HETEROGENEOUS_RVV_IME_OPENMP_GEMM/results/openmp_results_k1-rvv_1024_20260904_113101/raw_logs/GEMM_RVV_FP32_INT8_8x4_Baseline_RVV_IGEMM_INT8_I8I32_8x4_igemm_kernel_8x4_zvl256b_lmulmf2_unroll4_i8i32_run6.log",NA,NA,NA,NA,NA,NA,NA
k1_kernel_tuning,RVV,tile_N,8,2026-09-04T11:39:08,k1-rvv,"GEMM_RVV_FP32_INT8_8x4_Baseline","RVV_IGEMM_INT8_I8I32_8x4","igemm_kernel_8x4_zvl256b_lmulmf2_unroll8_i8i32",8x4,256b,mf2,8,INT8_RVV,0-7,8,8,1024,1024,1024,8,1,OK,0,NONE,0.236141957,GOPS,9.094037,parallel_tiles_including_required_packing,INDEPENDENT_INT64_REFERENCE_EXACT_INT32,0,0,"0:cpu0:tiles16;1:cpu1:tiles16;2:cpu2:tiles16;3:cpu3:tiles16;4:cpu4:tiles16;5:cpu5:tiles16;6:cpu6:tiles16;7:cpu7:tiles16","NA",static,0,"NA","NA","/home/bananapi/MAT/kernels riscv rvv 1.0/FINAL/riscv-rvv-ime-gemm-microkernels-updated/HETEROGENEOUS_RVV_IME_OPENMP_GEMM/results/openmp_results_k1-rvv_1024_20260904_113101/raw_logs/GEMM_RVV_FP32_INT8_8x4_Baseline_RVV_IGEMM_INT8_I8I32_8x4_igemm_kernel_8x4_zvl256b_lmulmf2_unroll8_i8i32_run1.log",NA,NA,NA,NA,NA,NA,NA
k1_kernel_tuning,RVV,tile_N,8,2026-09-04T11:39:09,k1-rvv,"GEMM_RVV_FP32_INT8_8x4_Baseline","RVV_IGEMM_INT8_I8I32_8x4","igemm_kernel_8x4_zvl256b_lmulmf2_unroll8_i8i32",8x4,256b,mf2,8,INT8_RVV,0-7,8,8,1024,1024,1024,8,2,OK,0,NONE,0.238618210,GOPS,8.999664,parallel_tiles_including_required_packing,DISABLED,0,0,"0:cpu0:tiles16;1:cpu1:tiles16;2:cpu2:tiles16;3:cpu3:tiles16;4:cpu4:tiles16;5:cpu5:tiles16;6:cpu6:tiles16;7:cpu7:tiles16","NA",static,0,"NA","NA","/home/bananapi/MAT/kernels riscv rvv 1.0/FINAL/riscv-rvv-ime-gemm-microkernels-updated/HETEROGENEOUS_RVV_IME_OPENMP_GEMM/results/openmp_results_k1-rvv_1024_20260904_113101/raw_logs/GEMM_RVV_FP32_INT8_8x4_Baseline_RVV_IGEMM_INT8_I8I32_8x4_igemm_kernel_8x4_zvl256b_lmulmf2_unroll8_i8i32_run2.log",NA,NA,NA,NA,NA,NA,NA
k1_kernel_tuning,RVV,tile_N,8,2026-09-04T11:39:10,k1-rvv,"GEMM_RVV_FP32_INT8_8x4_Baseline","RVV_IGEMM_INT8_I8I32_8x4","igemm_kernel_8x4_zvl256b_lmulmf2_unroll8_i8i32",8x4,256b,mf2,8,INT8_RVV,0-7,8,8,1024,1024,1024,8,3,OK,0,NONE,0.236977916,GOPS,9.061957,parallel_tiles_including_required_packing,DISABLED,0,0,"0:cpu0:tiles16;1:cpu1:tiles16;2:cpu2:tiles16;3:cpu3:tiles16;4:cpu4:tiles16;5:cpu5:tiles16;6:cpu6:tiles16;7:cpu7:tiles16","NA",static,0,"NA","NA","/home/bananapi/MAT/kernels riscv rvv 1.0/FINAL/riscv-rvv-ime-gemm-microkernels-updated/HETEROGENEOUS_RVV_IME_OPENMP_GEMM/results/openmp_results_k1-rvv_1024_20260904_113101/raw_logs/GEMM_RVV_FP32_INT8_8x4_Baseline_RVV_IGEMM_INT8_I8I32_8x4_igemm_kernel_8x4_zvl256b_lmulmf2_unroll8_i8i32_run3.log",NA,NA,NA,NA,NA,NA,NA
k1_kernel_tuning,RVV,tile_N,8,2026-09-04T11:39:10,k1-rvv,"GEMM_RVV_FP32_INT8_8x4_Baseline","RVV_IGEMM_INT8_I8I32_8x4","igemm_kernel_8x4_zvl256b_lmulmf2_unroll8_i8i32",8x4,256b,mf2,8,INT8_RVV,0-7,8,8,1024,1024,1024,8,4,OK,0,NONE,0.246094581,GOPS,8.726253,parallel_tiles_including_required_packing,DISABLED,0,0,"0:cpu0:tiles16;1:cpu1:tiles16;2:cpu2:tiles16;3:cpu3:tiles16;4:cpu4:tiles16;5:cpu5:tiles16;6:cpu6:tiles16;7:cpu7:tiles16","NA",static,0,"NA","NA","/home/bananapi/MAT/kernels riscv rvv 1.0/FINAL/riscv-rvv-ime-gemm-microkernels-updated/HETEROGENEOUS_RVV_IME_OPENMP_GEMM/results/openmp_results_k1-rvv_1024_20260904_113101/raw_logs/GEMM_RVV_FP32_INT8_8x4_Baseline_RVV_IGEMM_INT8_I8I32_8x4_igemm_kernel_8x4_zvl256b_lmulmf2_unroll8_i8i32_run4.log",NA,NA,NA,NA,NA,NA,NA
k1_kernel_tuning,RVV,tile_N,8,2026-09-04T11:39:11,k1-rvv,"GEMM_RVV_FP32_INT8_8x4_Baseline","RVV_IGEMM_INT8_I8I32_8x4","igemm_kernel_8x4_zvl256b_lmulmf2_unroll8_i8i32",8x4,256b,mf2,8,INT8_RVV,0-7,8,8,1024,1024,1024,8,5,OK,0,NONE,0.242146499,GOPS,8.868531,parallel_tiles_including_required_packing,DISABLED,0,0,"0:cpu0:tiles16;1:cpu1:tiles16;2:cpu2:tiles16;3:cpu3:tiles16;4:cpu4:tiles16;5:cpu5:tiles16;6:cpu6:tiles16;7:cpu7:tiles16","NA",static,0,"NA","NA","/home/bananapi/MAT/kernels riscv rvv 1.0/FINAL/riscv-rvv-ime-gemm-microkernels-updated/HETEROGENEOUS_RVV_IME_OPENMP_GEMM/results/openmp_results_k1-rvv_1024_20260904_113101/raw_logs/GEMM_RVV_FP32_INT8_8x4_Baseline_RVV_IGEMM_INT8_I8I32_8x4_igemm_kernel_8x4_zvl256b_lmulmf2_unroll8_i8i32_run5.log",NA,NA,NA,NA,NA,NA,NA
k1_kernel_tuning,RVV,tile_N,8,2026-09-04T11:39:12,k1-rvv,"GEMM_RVV_FP32_INT8_8x4_Baseline","RVV_IGEMM_INT8_I8I32_8x4","igemm_kernel_8x4_zvl256b_lmulmf2_unroll8_i8i32",8x4,256b,mf2,8,INT8_RVV,0-7,8,8,1024,1024,1024,8,6,OK,0,NONE,0.242919251,GOPS,8.840319,parallel_tiles_including_required_packing,DISABLED,0,0,"0:cpu0:tiles16;1:cpu1:tiles16;2:cpu2:tiles16;3:cpu3:tiles16;4:cpu4:tiles16;5:cpu5:tiles16;6:cpu6:tiles16;7:cpu7:tiles16","NA",static,0,"NA","NA","/home/bananapi/MAT/kernels riscv rvv 1.0/FINAL/riscv-rvv-ime-gemm-microkernels-updated/HETEROGENEOUS_RVV_IME_OPENMP_GEMM/results/openmp_results_k1-rvv_1024_20260904_113101/raw_logs/GEMM_RVV_FP32_INT8_8x4_Baseline_RVV_IGEMM_INT8_I8I32_8x4_igemm_kernel_8x4_zvl256b_lmulmf2_unroll8_i8i32_run6.log",NA,NA,NA,NA,NA,NA,NA
k1_kernel_tuning,RVV,tile_N,8,2026-09-04T11:39:47,k1-rvv,"GEMM_RVV_FP32_INT8_8x4_Baseline","RVV_IGEMM_INT8_I8I32_8x4","igemm_kernel_8x4_zvl256b_lmulmf4_unroll1_i8i32",8x4,256b,mf4,1,INT8_RVV,0-7,8,8,1024,1024,1024,8,1,OK,0,NONE,0.229141586,GOPS,9.371863,parallel_tiles_including_required_packing,INDEPENDENT_INT64_REFERENCE_EXACT_INT32,0,0,"0:cpu0:tiles16;1:cpu1:tiles16;2:cpu2:tiles16;3:cpu3:tiles16;4:cpu4:tiles16;5:cpu5:tiles16;6:cpu6:tiles16;7:cpu7:tiles16","NA",static,0,"NA","NA","/home/bananapi/MAT/kernels riscv rvv 1.0/FINAL/riscv-rvv-ime-gemm-microkernels-updated/HETEROGENEOUS_RVV_IME_OPENMP_GEMM/results/openmp_results_k1-rvv_1024_20260904_113101/raw_logs/GEMM_RVV_FP32_INT8_8x4_Baseline_RVV_IGEMM_INT8_I8I32_8x4_igemm_kernel_8x4_zvl256b_lmulmf4_unroll1_i8i32_run1.log",NA,NA,NA,NA,NA,NA,NA
k1_kernel_tuning,RVV,tile_N,8,2026-09-04T11:39:47,k1-rvv,"GEMM_RVV_FP32_INT8_8x4_Baseline","RVV_IGEMM_INT8_I8I32_8x4","igemm_kernel_8x4_zvl256b_lmulmf4_unroll1_i8i32",8x4,256b,mf4,1,INT8_RVV,0-7,8,8,1024,1024,1024,8,2,OK,0,NONE,0.227740373,GOPS,9.429525,parallel_tiles_including_required_packing,DISABLED,0,0,"0:cpu0:tiles16;1:cpu1:tiles16;2:cpu2:tiles16;3:cpu3:tiles16;4:cpu4:tiles16;5:cpu5:tiles16;6:cpu6:tiles16;7:cpu7:tiles16","NA",static,0,"NA","NA","/home/bananapi/MAT/kernels riscv rvv 1.0/FINAL/riscv-rvv-ime-gemm-microkernels-updated/HETEROGENEOUS_RVV_IME_OPENMP_GEMM/results/openmp_results_k1-rvv_1024_20260904_113101/raw_logs/GEMM_RVV_FP32_INT8_8x4_Baseline_RVV_IGEMM_INT8_I8I32_8x4_igemm_kernel_8x4_zvl256b_lmulmf4_unroll1_i8i32_run2.log",NA,NA,NA,NA,NA,NA,NA
k1_kernel_tuning,RVV,tile_N,8,2026-09-04T11:39:48,k1-rvv,"GEMM_RVV_FP32_INT8_8x4_Baseline","RVV_IGEMM_INT8_I8I32_8x4","igemm_kernel_8x4_zvl256b_lmulmf4_unroll1_i8i32",8x4,256b,mf4,1,INT8_RVV,0-7,8,8,1024,1024,1024,8,3,OK,0,NONE,0.229349375,GOPS,9.363373,parallel_tiles_including_required_packing,DISABLED,0,0,"0:cpu0:tiles16;1:cpu1:tiles16;2:cpu2:tiles16;3:cpu3:tiles16;4:cpu4:tiles16;5:cpu5:tiles16;6:cpu6:tiles16;7:cpu7:tiles16","NA",static,0,"NA","NA","/home/bananapi/MAT/kernels riscv rvv 1.0/FINAL/riscv-rvv-ime-gemm-microkernels-updated/HETEROGENEOUS_RVV_IME_OPENMP_GEMM/results/openmp_results_k1-rvv_1024_20260904_113101/raw_logs/GEMM_RVV_FP32_INT8_8x4_Baseline_RVV_IGEMM_INT8_I8I32_8x4_igemm_kernel_8x4_zvl256b_lmulmf4_unroll1_i8i32_run3.log",NA,NA,NA,NA,NA,NA,NA
k1_kernel_tuning,RVV,tile_N,8,2026-09-04T11:39:49,k1-rvv,"GEMM_RVV_FP32_INT8_8x4_Baseline","RVV_IGEMM_INT8_I8I32_8x4","igemm_kernel_8x4_zvl256b_lmulmf4_unroll1_i8i32",8x4,256b,mf4,1,INT8_RVV,0-7,8,8,1024,1024,1024,8,4,OK,0,NONE,0.237013999,GOPS,9.060577,parallel_tiles_including_required_packing,DISABLED,0,0,"0:cpu0:tiles16;1:cpu1:tiles16;2:cpu2:tiles16;3:cpu3:tiles16;4:cpu4:tiles16;5:cpu5:tiles16;6:cpu6:tiles16;7:cpu7:tiles16","NA",static,0,"NA","NA","/home/bananapi/MAT/kernels riscv rvv 1.0/FINAL/riscv-rvv-ime-gemm-microkernels-updated/HETEROGENEOUS_RVV_IME_OPENMP_GEMM/results/openmp_results_k1-rvv_1024_20260904_113101/raw_logs/GEMM_RVV_FP32_INT8_8x4_Baseline_RVV_IGEMM_INT8_I8I32_8x4_igemm_kernel_8x4_zvl256b_lmulmf4_unroll1_i8i32_run4.log",NA,NA,NA,NA,NA,NA,NA
k1_kernel_tuning,RVV,tile_N,8,2026-09-04T11:39:50,k1-rvv,"GEMM_RVV_FP32_INT8_8x4_Baseline","RVV_IGEMM_INT8_I8I32_8x4","igemm_kernel_8x4_zvl256b_lmulmf4_unroll1_i8i32",8x4,256b,mf4,1,INT8_RVV,0-7,8,8,1024,1024,1024,8,5,OK,0,NONE,0.226353582,GOPS,9.487297,parallel_tiles_including_required_packing,DISABLED,0,0,"0:cpu0:tiles16;1:cpu1:tiles16;2:cpu2:tiles16;3:cpu3:tiles16;4:cpu4:tiles16;5:cpu5:tiles16;6:cpu6:tiles16;7:cpu7:tiles16","NA",static,0,"NA","NA","/home/bananapi/MAT/kernels riscv rvv 1.0/FINAL/riscv-rvv-ime-gemm-microkernels-updated/HETEROGENEOUS_RVV_IME_OPENMP_GEMM/results/openmp_results_k1-rvv_1024_20260904_113101/raw_logs/GEMM_RVV_FP32_INT8_8x4_Baseline_RVV_IGEMM_INT8_I8I32_8x4_igemm_kernel_8x4_zvl256b_lmulmf4_unroll1_i8i32_run5.log",NA,NA,NA,NA,NA,NA,NA
k1_kernel_tuning,RVV,tile_N,8,2026-09-04T11:39:50,k1-rvv,"GEMM_RVV_FP32_INT8_8x4_Baseline","RVV_IGEMM_INT8_I8I32_8x4","igemm_kernel_8x4_zvl256b_lmulmf4_unroll1_i8i32",8x4,256b,mf4,1,INT8_RVV,0-7,8,8,1024,1024,1024,8,6,OK,0,NONE,0.225654375,GOPS,9.516694,parallel_tiles_including_required_packing,DISABLED,0,0,"0:cpu0:tiles16;1:cpu1:tiles16;2:cpu2:tiles16;3:cpu3:tiles16;4:cpu4:tiles16;5:cpu5:tiles16;6:cpu6:tiles16;7:cpu7:tiles16","NA",static,0,"NA","NA","/home/bananapi/MAT/kernels riscv rvv 1.0/FINAL/riscv-rvv-ime-gemm-microkernels-updated/HETEROGENEOUS_RVV_IME_OPENMP_GEMM/results/openmp_results_k1-rvv_1024_20260904_113101/raw_logs/GEMM_RVV_FP32_INT8_8x4_Baseline_RVV_IGEMM_INT8_I8I32_8x4_igemm_kernel_8x4_zvl256b_lmulmf4_unroll1_i8i32_run6.log",NA,NA,NA,NA,NA,NA,NA
k1_kernel_tuning,RVV,tile_N,8,2026-09-04T11:40:18,k1-rvv,"GEMM_RVV_FP32_INT8_8x4_Baseline","RVV_IGEMM_INT8_I8I32_8x4","igemm_kernel_8x4_zvl256b_lmulmf4_unroll2_i8i32",8x4,256b,mf4,2,INT8_RVV,0-7,8,8,1024,1024,1024,8,1,OK,0,NONE,0.226829749,GOPS,9.467381,parallel_tiles_including_required_packing,INDEPENDENT_INT64_REFERENCE_EXACT_INT32,0,0,"0:cpu0:tiles16;1:cpu1:tiles16;2:cpu2:tiles16;3:cpu3:tiles16;4:cpu4:tiles16;5:cpu5:tiles16;6:cpu6:tiles16;7:cpu7:tiles16","NA",static,0,"NA","NA","/home/bananapi/MAT/kernels riscv rvv 1.0/FINAL/riscv-rvv-ime-gemm-microkernels-updated/HETEROGENEOUS_RVV_IME_OPENMP_GEMM/results/openmp_results_k1-rvv_1024_20260904_113101/raw_logs/GEMM_RVV_FP32_INT8_8x4_Baseline_RVV_IGEMM_INT8_I8I32_8x4_igemm_kernel_8x4_zvl256b_lmulmf4_unroll2_i8i32_run1.log",NA,NA,NA,NA,NA,NA,NA
k1_kernel_tuning,RVV,tile_N,8,2026-09-04T11:40:19,k1-rvv,"GEMM_RVV_FP32_INT8_8x4_Baseline","RVV_IGEMM_INT8_I8I32_8x4","igemm_kernel_8x4_zvl256b_lmulmf4_unroll2_i8i32",8x4,256b,mf4,2,INT8_RVV,0-7,8,8,1024,1024,1024,8,2,OK,0,NONE,0.236652374,GOPS,9.074423,parallel_tiles_including_required_packing,DISABLED,0,0,"0:cpu0:tiles16;1:cpu1:tiles16;2:cpu2:tiles16;3:cpu3:tiles16;4:cpu4:tiles16;5:cpu5:tiles16;6:cpu6:tiles16;7:cpu7:tiles16","NA",static,0,"NA","NA","/home/bananapi/MAT/kernels riscv rvv 1.0/FINAL/riscv-rvv-ime-gemm-microkernels-updated/HETEROGENEOUS_RVV_IME_OPENMP_GEMM/results/openmp_results_k1-rvv_1024_20260904_113101/raw_logs/GEMM_RVV_FP32_INT8_8x4_Baseline_RVV_IGEMM_INT8_I8I32_8x4_igemm_kernel_8x4_zvl256b_lmulmf4_unroll2_i8i32_run2.log",NA,NA,NA,NA,NA,NA,NA
k1_kernel_tuning,RVV,tile_N,8,2026-09-04T11:40:20,k1-rvv,"GEMM_RVV_FP32_INT8_8x4_Baseline","RVV_IGEMM_INT8_I8I32_8x4","igemm_kernel_8x4_zvl256b_lmulmf4_unroll2_i8i32",8x4,256b,mf4,2,INT8_RVV,0-7,8,8,1024,1024,1024,8,3,OK,0,NONE,0.231467500,GOPS,9.277690,parallel_tiles_including_required_packing,DISABLED,0,0,"0:cpu0:tiles16;1:cpu1:tiles16;2:cpu2:tiles16;3:cpu3:tiles16;4:cpu4:tiles16;5:cpu5:tiles16;6:cpu6:tiles16;7:cpu7:tiles16","NA",static,0,"NA","NA","/home/bananapi/MAT/kernels riscv rvv 1.0/FINAL/riscv-rvv-ime-gemm-microkernels-updated/HETEROGENEOUS_RVV_IME_OPENMP_GEMM/results/openmp_results_k1-rvv_1024_20260904_113101/raw_logs/GEMM_RVV_FP32_INT8_8x4_Baseline_RVV_IGEMM_INT8_I8I32_8x4_igemm_kernel_8x4_zvl256b_lmulmf4_unroll2_i8i32_run3.log",NA,NA,NA,NA,NA,NA,NA
k1_kernel_tuning,RVV,tile_N,8,2026-09-04T11:40:21,k1-rvv,"GEMM_RVV_FP32_INT8_8x4_Baseline","RVV_IGEMM_INT8_I8I32_8x4","igemm_kernel_8x4_zvl256b_lmulmf4_unroll2_i8i32",8x4,256b,mf4,2,INT8_RVV,0-7,8,8,1024,1024,1024,8,4,OK,0,NONE,0.228231460,GOPS,9.409236,parallel_tiles_including_required_packing,DISABLED,0,0,"0:cpu0:tiles16;1:cpu1:tiles16;2:cpu2:tiles16;3:cpu3:tiles16;4:cpu4:tiles16;5:cpu5:tiles16;6:cpu6:tiles16;7:cpu7:tiles16","NA",static,0,"NA","NA","/home/bananapi/MAT/kernels riscv rvv 1.0/FINAL/riscv-rvv-ime-gemm-microkernels-updated/HETEROGENEOUS_RVV_IME_OPENMP_GEMM/results/openmp_results_k1-rvv_1024_20260904_113101/raw_logs/GEMM_RVV_FP32_INT8_8x4_Baseline_RVV_IGEMM_INT8_I8I32_8x4_igemm_kernel_8x4_zvl256b_lmulmf4_unroll2_i8i32_run4.log",NA,NA,NA,NA,NA,NA,NA
k1_kernel_tuning,RVV,tile_N,8,2026-09-04T11:40:21,k1-rvv,"GEMM_RVV_FP32_INT8_8x4_Baseline","RVV_IGEMM_INT8_I8I32_8x4","igemm_kernel_8x4_zvl256b_lmulmf4_unroll2_i8i32",8x4,256b,mf4,2,INT8_RVV,0-7,8,8,1024,1024,1024,8,5,OK,0,NONE,0.226220123,GOPS,9.492894,parallel_tiles_including_required_packing,DISABLED,0,0,"0:cpu0:tiles16;1:cpu1:tiles16;2:cpu2:tiles16;3:cpu3:tiles16;4:cpu4:tiles16;5:cpu5:tiles16;6:cpu6:tiles16;7:cpu7:tiles16","NA",static,0,"NA","NA","/home/bananapi/MAT/kernels riscv rvv 1.0/FINAL/riscv-rvv-ime-gemm-microkernels-updated/HETEROGENEOUS_RVV_IME_OPENMP_GEMM/results/openmp_results_k1-rvv_1024_20260904_113101/raw_logs/GEMM_RVV_FP32_INT8_8x4_Baseline_RVV_IGEMM_INT8_I8I32_8x4_igemm_kernel_8x4_zvl256b_lmulmf4_unroll2_i8i32_run5.log",NA,NA,NA,NA,NA,NA,NA
k1_kernel_tuning,RVV,tile_N,8,2026-09-04T11:40:22,k1-rvv,"GEMM_RVV_FP32_INT8_8x4_Baseline","RVV_IGEMM_INT8_I8I32_8x4","igemm_kernel_8x4_zvl256b_lmulmf4_unroll2_i8i32",8x4,256b,mf4,2,INT8_RVV,0-7,8,8,1024,1024,1024,8,6,OK,0,NONE,0.224772874,GOPS,9.554016,parallel_tiles_including_required_packing,DISABLED,0,0,"0:cpu0:tiles16;1:cpu1:tiles16;2:cpu2:tiles16;3:cpu3:tiles16;4:cpu4:tiles16;5:cpu5:tiles16;6:cpu6:tiles16;7:cpu7:tiles16","NA",static,0,"NA","NA","/home/bananapi/MAT/kernels riscv rvv 1.0/FINAL/riscv-rvv-ime-gemm-microkernels-updated/HETEROGENEOUS_RVV_IME_OPENMP_GEMM/results/openmp_results_k1-rvv_1024_20260904_113101/raw_logs/GEMM_RVV_FP32_INT8_8x4_Baseline_RVV_IGEMM_INT8_I8I32_8x4_igemm_kernel_8x4_zvl256b_lmulmf4_unroll2_i8i32_run6.log",NA,NA,NA,NA,NA,NA,NA
k1_kernel_tuning,RVV,tile_N,8,2026-09-04T11:40:50,k1-rvv,"GEMM_RVV_FP32_INT8_8x4_Baseline","RVV_IGEMM_INT8_I8I32_8x4","igemm_kernel_8x4_zvl256b_lmulmf4_unroll4_i8i32",8x4,256b,mf4,4,INT8_RVV,0-7,8,8,1024,1024,1024,8,1,OK,0,NONE,0.221311375,GOPS,9.703449,parallel_tiles_including_required_packing,INDEPENDENT_INT64_REFERENCE_EXACT_INT32,0,0,"0:cpu0:tiles16;1:cpu1:tiles16;2:cpu2:tiles16;3:cpu3:tiles16;4:cpu4:tiles16;5:cpu5:tiles16;6:cpu6:tiles16;7:cpu7:tiles16","NA",static,0,"NA","NA","/home/bananapi/MAT/kernels riscv rvv 1.0/FINAL/riscv-rvv-ime-gemm-microkernels-updated/HETEROGENEOUS_RVV_IME_OPENMP_GEMM/results/openmp_results_k1-rvv_1024_20260904_113101/raw_logs/GEMM_RVV_FP32_INT8_8x4_Baseline_RVV_IGEMM_INT8_I8I32_8x4_igemm_kernel_8x4_zvl256b_lmulmf4_unroll4_i8i32_run1.log",NA,NA,NA,NA,NA,NA,NA
k1_kernel_tuning,RVV,tile_N,8,2026-09-04T11:40:51,k1-rvv,"GEMM_RVV_FP32_INT8_8x4_Baseline","RVV_IGEMM_INT8_I8I32_8x4","igemm_kernel_8x4_zvl256b_lmulmf4_unroll4_i8i32",8x4,256b,mf4,4,INT8_RVV,0-7,8,8,1024,1024,1024,8,2,OK,0,NONE,0.232881334,GOPS,9.221364,parallel_tiles_including_required_packing,DISABLED,0,0,"0:cpu0:tiles16;1:cpu1:tiles16;2:cpu2:tiles16;3:cpu3:tiles16;4:cpu4:tiles16;5:cpu5:tiles16;6:cpu6:tiles16;7:cpu7:tiles16","NA",static,0,"NA","NA","/home/bananapi/MAT/kernels riscv rvv 1.0/FINAL/riscv-rvv-ime-gemm-microkernels-updated/HETEROGENEOUS_RVV_IME_OPENMP_GEMM/results/openmp_results_k1-rvv_1024_20260904_113101/raw_logs/GEMM_RVV_FP32_INT8_8x4_Baseline_RVV_IGEMM_INT8_I8I32_8x4_igemm_kernel_8x4_zvl256b_lmulmf4_unroll4_i8i32_run2.log",NA,NA,NA,NA,NA,NA,NA
k1_kernel_tuning,RVV,tile_N,8,2026-09-04T11:40:52,k1-rvv,"GEMM_RVV_FP32_INT8_8x4_Baseline","RVV_IGEMM_INT8_I8I32_8x4","igemm_kernel_8x4_zvl256b_lmulmf4_unroll4_i8i32",8x4,256b,mf4,4,INT8_RVV,0-7,8,8,1024,1024,1024,8,3,OK,0,NONE,0.226508956,GOPS,9.480789,parallel_tiles_including_required_packing,DISABLED,0,0,"0:cpu0:tiles16;1:cpu1:tiles16;2:cpu2:tiles16;3:cpu3:tiles16;4:cpu4:tiles16;5:cpu5:tiles16;6:cpu6:tiles16;7:cpu7:tiles16","NA",static,0,"NA","NA","/home/bananapi/MAT/kernels riscv rvv 1.0/FINAL/riscv-rvv-ime-gemm-microkernels-updated/HETEROGENEOUS_RVV_IME_OPENMP_GEMM/results/openmp_results_k1-rvv_1024_20260904_113101/raw_logs/GEMM_RVV_FP32_INT8_8x4_Baseline_RVV_IGEMM_INT8_I8I32_8x4_igemm_kernel_8x4_zvl256b_lmulmf4_unroll4_i8i32_run3.log",NA,NA,NA,NA,NA,NA,NA
k1_kernel_tuning,RVV,tile_N,8,2026-09-04T11:40:53,k1-rvv,"GEMM_RVV_FP32_INT8_8x4_Baseline","RVV_IGEMM_INT8_I8I32_8x4","igemm_kernel_8x4_zvl256b_lmulmf4_unroll4_i8i32",8x4,256b,mf4,4,INT8_RVV,0-7,8,8,1024,1024,1024,8,4,OK,0,NONE,0.229201417,GOPS,9.369417,parallel_tiles_including_required_packing,DISABLED,0,0,"0:cpu0:tiles16;1:cpu1:tiles16;2:cpu2:tiles16;3:cpu3:tiles16;4:cpu4:tiles16;5:cpu5:tiles16;6:cpu6:tiles16;7:cpu7:tiles16","NA",static,0,"NA","NA","/home/bananapi/MAT/kernels riscv rvv 1.0/FINAL/riscv-rvv-ime-gemm-microkernels-updated/HETEROGENEOUS_RVV_IME_OPENMP_GEMM/results/openmp_results_k1-rvv_1024_20260904_113101/raw_logs/GEMM_RVV_FP32_INT8_8x4_Baseline_RVV_IGEMM_INT8_I8I32_8x4_igemm_kernel_8x4_zvl256b_lmulmf4_unroll4_i8i32_run4.log",NA,NA,NA,NA,NA,NA,NA
k1_kernel_tuning,RVV,tile_N,8,2026-09-04T11:40:53,k1-rvv,"GEMM_RVV_FP32_INT8_8x4_Baseline","RVV_IGEMM_INT8_I8I32_8x4","igemm_kernel_8x4_zvl256b_lmulmf4_unroll4_i8i32",8x4,256b,mf4,4,INT8_RVV,0-7,8,8,1024,1024,1024,8,5,OK,0,NONE,0.231374960,GOPS,9.281400,parallel_tiles_including_required_packing,DISABLED,0,0,"0:cpu0:tiles16;1:cpu1:tiles16;2:cpu2:tiles16;3:cpu3:tiles16;4:cpu4:tiles16;5:cpu5:tiles16;6:cpu6:tiles16;7:cpu7:tiles16","NA",static,0,"NA","NA","/home/bananapi/MAT/kernels riscv rvv 1.0/FINAL/riscv-rvv-ime-gemm-microkernels-updated/HETEROGENEOUS_RVV_IME_OPENMP_GEMM/results/openmp_results_k1-rvv_1024_20260904_113101/raw_logs/GEMM_RVV_FP32_INT8_8x4_Baseline_RVV_IGEMM_INT8_I8I32_8x4_igemm_kernel_8x4_zvl256b_lmulmf4_unroll4_i8i32_run5.log",NA,NA,NA,NA,NA,NA,NA
k1_kernel_tuning,RVV,tile_N,8,2026-09-04T11:40:54,k1-rvv,"GEMM_RVV_FP32_INT8_8x4_Baseline","RVV_IGEMM_INT8_I8I32_8x4","igemm_kernel_8x4_zvl256b_lmulmf4_unroll4_i8i32",8x4,256b,mf4,4,INT8_RVV,0-7,8,8,1024,1024,1024,8,6,OK,0,NONE,0.225290500,GOPS,9.532065,parallel_tiles_including_required_packing,DISABLED,0,0,"0:cpu0:tiles16;1:cpu1:tiles16;2:cpu2:tiles16;3:cpu3:tiles16;4:cpu4:tiles16;5:cpu5:tiles16;6:cpu6:tiles16;7:cpu7:tiles16","NA",static,0,"NA","NA","/home/bananapi/MAT/kernels riscv rvv 1.0/FINAL/riscv-rvv-ime-gemm-microkernels-updated/HETEROGENEOUS_RVV_IME_OPENMP_GEMM/results/openmp_results_k1-rvv_1024_20260904_113101/raw_logs/GEMM_RVV_FP32_INT8_8x4_Baseline_RVV_IGEMM_INT8_I8I32_8x4_igemm_kernel_8x4_zvl256b_lmulmf4_unroll4_i8i32_run6.log",NA,NA,NA,NA,NA,NA,NA
k1_kernel_tuning,RVV,tile_N,8,2026-09-04T11:41:23,k1-rvv,"GEMM_RVV_FP32_INT8_8x4_Baseline","RVV_IGEMM_INT8_I8I32_8x4","igemm_kernel_8x4_zvl256b_lmulmf4_unroll8_i8i32",8x4,256b,mf4,8,INT8_RVV,0-7,8,8,1024,1024,1024,8,1,OK,0,NONE,0.226625748,GOPS,9.475903,parallel_tiles_including_required_packing,INDEPENDENT_INT64_REFERENCE_EXACT_INT32,0,0,"0:cpu0:tiles16;1:cpu1:tiles16;2:cpu2:tiles16;3:cpu3:tiles16;4:cpu4:tiles16;5:cpu5:tiles16;6:cpu6:tiles16;7:cpu7:tiles16","NA",static,0,"NA","NA","/home/bananapi/MAT/kernels riscv rvv 1.0/FINAL/riscv-rvv-ime-gemm-microkernels-updated/HETEROGENEOUS_RVV_IME_OPENMP_GEMM/results/openmp_results_k1-rvv_1024_20260904_113101/raw_logs/GEMM_RVV_FP32_INT8_8x4_Baseline_RVV_IGEMM_INT8_I8I32_8x4_igemm_kernel_8x4_zvl256b_lmulmf4_unroll8_i8i32_run1.log",NA,NA,NA,NA,NA,NA,NA
k1_kernel_tuning,RVV,tile_N,8,2026-09-04T11:41:24,k1-rvv,"GEMM_RVV_FP32_INT8_8x4_Baseline","RVV_IGEMM_INT8_I8I32_8x4","igemm_kernel_8x4_zvl256b_lmulmf4_unroll8_i8i32",8x4,256b,mf4,8,INT8_RVV,0-7,8,8,1024,1024,1024,8,2,OK,0,NONE,0.235510416,GOPS,9.118423,parallel_tiles_including_required_packing,DISABLED,0,0,"0:cpu0:tiles16;1:cpu1:tiles16;2:cpu2:tiles16;3:cpu3:tiles16;4:cpu4:tiles16;5:cpu5:tiles16;6:cpu6:tiles16;7:cpu7:tiles16","NA",static,0,"NA","NA","/home/bananapi/MAT/kernels riscv rvv 1.0/FINAL/riscv-rvv-ime-gemm-microkernels-updated/HETEROGENEOUS_RVV_IME_OPENMP_GEMM/results/openmp_results_k1-rvv_1024_20260904_113101/raw_logs/GEMM_RVV_FP32_INT8_8x4_Baseline_RVV_IGEMM_INT8_I8I32_8x4_igemm_kernel_8x4_zvl256b_lmulmf4_unroll8_i8i32_run2.log",NA,NA,NA,NA,NA,NA,NA
k1_kernel_tuning,RVV,tile_N,8,2026-09-04T11:41:25,k1-rvv,"GEMM_RVV_FP32_INT8_8x4_Baseline","RVV_IGEMM_INT8_I8I32_8x4","igemm_kernel_8x4_zvl256b_lmulmf4_unroll8_i8i32",8x4,256b,mf4,8,INT8_RVV,0-7,8,8,1024,1024,1024,8,3,OK,0,NONE,0.232154917,GOPS,9.250218,parallel_tiles_including_required_packing,DISABLED,0,0,"0:cpu0:tiles16;1:cpu1:tiles16;2:cpu2:tiles16;3:cpu3:tiles16;4:cpu4:tiles16;5:cpu5:tiles16;6:cpu6:tiles16;7:cpu7:tiles16","NA",static,0,"NA","NA","/home/bananapi/MAT/kernels riscv rvv 1.0/FINAL/riscv-rvv-ime-gemm-microkernels-updated/HETEROGENEOUS_RVV_IME_OPENMP_GEMM/results/openmp_results_k1-rvv_1024_20260904_113101/raw_logs/GEMM_RVV_FP32_INT8_8x4_Baseline_RVV_IGEMM_INT8_I8I32_8x4_igemm_kernel_8x4_zvl256b_lmulmf4_unroll8_i8i32_run3.log",NA,NA,NA,NA,NA,NA,NA
k1_kernel_tuning,RVV,tile_N,8,2026-09-04T11:41:26,k1-rvv,"GEMM_RVV_FP32_INT8_8x4_Baseline","RVV_IGEMM_INT8_I8I32_8x4","igemm_kernel_8x4_zvl256b_lmulmf4_unroll8_i8i32",8x4,256b,mf4,8,INT8_RVV,0-7,8,8,1024,1024,1024,8,4,OK,0,NONE,0.233855333,GOPS,9.182958,parallel_tiles_including_required_packing,DISABLED,0,0,"0:cpu0:tiles16;1:cpu1:tiles16;2:cpu2:tiles16;3:cpu3:tiles16;4:cpu4:tiles16;5:cpu5:tiles16;6:cpu6:tiles16;7:cpu7:tiles16","NA",static,0,"NA","NA","/home/bananapi/MAT/kernels riscv rvv 1.0/FINAL/riscv-rvv-ime-gemm-microkernels-updated/HETEROGENEOUS_RVV_IME_OPENMP_GEMM/results/openmp_results_k1-rvv_1024_20260904_113101/raw_logs/GEMM_RVV_FP32_INT8_8x4_Baseline_RVV_IGEMM_INT8_I8I32_8x4_igemm_kernel_8x4_zvl256b_lmulmf4_unroll8_i8i32_run4.log",NA,NA,NA,NA,NA,NA,NA
k1_kernel_tuning,RVV,tile_N,8,2026-09-04T11:41:26,k1-rvv,"GEMM_RVV_FP32_INT8_8x4_Baseline","RVV_IGEMM_INT8_I8I32_8x4","igemm_kernel_8x4_zvl256b_lmulmf4_unroll8_i8i32",8x4,256b,mf4,8,INT8_RVV,0-7,8,8,1024,1024,1024,8,5,OK,0,NONE,0.222002249,GOPS,9.673252,parallel_tiles_including_required_packing,DISABLED,0,0,"0:cpu0:tiles16;1:cpu1:tiles16;2:cpu2:tiles16;3:cpu3:tiles16;4:cpu4:tiles16;5:cpu5:tiles16;6:cpu6:tiles16;7:cpu7:tiles16","NA",static,0,"NA","NA","/home/bananapi/MAT/kernels riscv rvv 1.0/FINAL/riscv-rvv-ime-gemm-microkernels-updated/HETEROGENEOUS_RVV_IME_OPENMP_GEMM/results/openmp_results_k1-rvv_1024_20260904_113101/raw_logs/GEMM_RVV_FP32_INT8_8x4_Baseline_RVV_IGEMM_INT8_I8I32_8x4_igemm_kernel_8x4_zvl256b_lmulmf4_unroll8_i8i32_run5.log",NA,NA,NA,NA,NA,NA,NA
k1_kernel_tuning,RVV,tile_N,8,2026-09-04T11:41:27,k1-rvv,"GEMM_RVV_FP32_INT8_8x4_Baseline","RVV_IGEMM_INT8_I8I32_8x4","igemm_kernel_8x4_zvl256b_lmulmf4_unroll8_i8i32",8x4,256b,mf4,8,INT8_RVV,0-7,8,8,1024,1024,1024,8,6,OK,0,NONE,0.221046250,GOPS,9.715087,parallel_tiles_including_required_packing,DISABLED,0,0,"0:cpu0:tiles16;1:cpu1:tiles16;2:cpu2:tiles16;3:cpu3:tiles16;4:cpu4:tiles16;5:cpu5:tiles16;6:cpu6:tiles16;7:cpu7:tiles16","NA",static,0,"NA","NA","/home/bananapi/MAT/kernels riscv rvv 1.0/FINAL/riscv-rvv-ime-gemm-microkernels-updated/HETEROGENEOUS_RVV_IME_OPENMP_GEMM/results/openmp_results_k1-rvv_1024_20260904_113101/raw_logs/GEMM_RVV_FP32_INT8_8x4_Baseline_RVV_IGEMM_INT8_I8I32_8x4_igemm_kernel_8x4_zvl256b_lmulmf4_unroll8_i8i32_run6.log",NA,NA,NA,NA,NA,NA,NA
k1_kernel_tuning,RVV,tile_N,8,2026-09-04T11:41:55,k1-rvv,"GEMM_RVV_FP32_INT8_8x4_Baseline","RVV_IGEMM_INT8_I8I32_8x4","igemm_kernel_8x4_zvl256b_lmulmf8_unroll1_i8i32",8x4,256b,mf8,1,INT8_RVV,0-7,8,8,1024,1024,1024,8,1,OK,0,NONE,0.223571420,GOPS,9.605359,parallel_tiles_including_required_packing,INDEPENDENT_INT64_REFERENCE_EXACT_INT32,0,0,"0:cpu0:tiles16;1:cpu1:tiles16;2:cpu2:tiles16;3:cpu3:tiles16;4:cpu4:tiles16;5:cpu5:tiles16;6:cpu6:tiles16;7:cpu7:tiles16","NA",static,0,"NA","NA","/home/bananapi/MAT/kernels riscv rvv 1.0/FINAL/riscv-rvv-ime-gemm-microkernels-updated/HETEROGENEOUS_RVV_IME_OPENMP_GEMM/results/openmp_results_k1-rvv_1024_20260904_113101/raw_logs/GEMM_RVV_FP32_INT8_8x4_Baseline_RVV_IGEMM_INT8_I8I32_8x4_igemm_kernel_8x4_zvl256b_lmulmf8_unroll1_i8i32_run1.log",NA,NA,NA,NA,NA,NA,NA
k1_kernel_tuning,RVV,tile_N,8,2026-09-04T11:41:56,k1-rvv,"GEMM_RVV_FP32_INT8_8x4_Baseline","RVV_IGEMM_INT8_I8I32_8x4","igemm_kernel_8x4_zvl256b_lmulmf8_unroll1_i8i32",8x4,256b,mf8,1,INT8_RVV,0-7,8,8,1024,1024,1024,8,2,OK,0,NONE,0.224464457,GOPS,9.567143,parallel_tiles_including_required_packing,DISABLED,0,0,"0:cpu0:tiles16;1:cpu1:tiles16;2:cpu2:tiles16;3:cpu3:tiles16;4:cpu4:tiles16;5:cpu5:tiles16;6:cpu6:tiles16;7:cpu7:tiles16","NA",static,0,"NA","NA","/home/bananapi/MAT/kernels riscv rvv 1.0/FINAL/riscv-rvv-ime-gemm-microkernels-updated/HETEROGENEOUS_RVV_IME_OPENMP_GEMM/results/openmp_results_k1-rvv_1024_20260904_113101/raw_logs/GEMM_RVV_FP32_INT8_8x4_Baseline_RVV_IGEMM_INT8_I8I32_8x4_igemm_kernel_8x4_zvl256b_lmulmf8_unroll1_i8i32_run2.log",NA,NA,NA,NA,NA,NA,NA
k1_kernel_tuning,RVV,tile_N,8,2026-09-04T11:41:57,k1-rvv,"GEMM_RVV_FP32_INT8_8x4_Baseline","RVV_IGEMM_INT8_I8I32_8x4","igemm_kernel_8x4_zvl256b_lmulmf8_unroll1_i8i32",8x4,256b,mf8,1,INT8_RVV,0-7,8,8,1024,1024,1024,8,3,OK,0,NONE,0.227448460,GOPS,9.441628,parallel_tiles_including_required_packing,DISABLED,0,0,"0:cpu0:tiles16;1:cpu1:tiles16;2:cpu2:tiles16;3:cpu3:tiles16;4:cpu4:tiles16;5:cpu5:tiles16;6:cpu6:tiles16;7:cpu7:tiles16","NA",static,0,"NA","NA","/home/bananapi/MAT/kernels riscv rvv 1.0/FINAL/riscv-rvv-ime-gemm-microkernels-updated/HETEROGENEOUS_RVV_IME_OPENMP_GEMM/results/openmp_results_k1-rvv_1024_20260904_113101/raw_logs/GEMM_RVV_FP32_INT8_8x4_Baseline_RVV_IGEMM_INT8_I8I32_8x4_igemm_kernel_8x4_zvl256b_lmulmf8_unroll1_i8i32_run3.log",NA,NA,NA,NA,NA,NA,NA
k1_kernel_tuning,RVV,tile_N,8,2026-09-04T11:41:57,k1-rvv,"GEMM_RVV_FP32_INT8_8x4_Baseline","RVV_IGEMM_INT8_I8I32_8x4","igemm_kernel_8x4_zvl256b_lmulmf8_unroll1_i8i32",8x4,256b,mf8,1,INT8_RVV,0-7,8,8,1024,1024,1024,8,4,OK,0,NONE,0.225720044,GOPS,9.513925,parallel_tiles_including_required_packing,DISABLED,0,0,"0:cpu0:tiles16;1:cpu1:tiles16;2:cpu2:tiles16;3:cpu3:tiles16;4:cpu4:tiles16;5:cpu5:tiles16;6:cpu6:tiles16;7:cpu7:tiles16","NA",static,0,"NA","NA","/home/bananapi/MAT/kernels riscv rvv 1.0/FINAL/riscv-rvv-ime-gemm-microkernels-updated/HETEROGENEOUS_RVV_IME_OPENMP_GEMM/results/openmp_results_k1-rvv_1024_20260904_113101/raw_logs/GEMM_RVV_FP32_INT8_8x4_Baseline_RVV_IGEMM_INT8_I8I32_8x4_igemm_kernel_8x4_zvl256b_lmulmf8_unroll1_i8i32_run4.log",NA,NA,NA,NA,NA,NA,NA
k1_kernel_tuning,RVV,tile_N,8,2026-09-04T11:41:58,k1-rvv,"GEMM_RVV_FP32_INT8_8x4_Baseline","RVV_IGEMM_INT8_I8I32_8x4","igemm_kernel_8x4_zvl256b_lmulmf8_unroll1_i8i32",8x4,256b,mf8,1,INT8_RVV,0-7,8,8,1024,1024,1024,8,5,OK,0,NONE,0.231913500,GOPS,9.259848,parallel_tiles_including_required_packing,DISABLED,0,0,"0:cpu0:tiles16;1:cpu1:tiles16;2:cpu2:tiles16;3:cpu3:tiles16;4:cpu4:tiles16;5:cpu5:tiles16;6:cpu6:tiles16;7:cpu7:tiles16","NA",static,0,"NA","NA","/home/bananapi/MAT/kernels riscv rvv 1.0/FINAL/riscv-rvv-ime-gemm-microkernels-updated/HETEROGENEOUS_RVV_IME_OPENMP_GEMM/results/openmp_results_k1-rvv_1024_20260904_113101/raw_logs/GEMM_RVV_FP32_INT8_8x4_Baseline_RVV_IGEMM_INT8_I8I32_8x4_igemm_kernel_8x4_zvl256b_lmulmf8_unroll1_i8i32_run5.log",NA,NA,NA,NA,NA,NA,NA
k1_kernel_tuning,RVV,tile_N,8,2026-09-04T11:41:59,k1-rvv,"GEMM_RVV_FP32_INT8_8x4_Baseline","RVV_IGEMM_INT8_I8I32_8x4","igemm_kernel_8x4_zvl256b_lmulmf8_unroll1_i8i32",8x4,256b,mf8,1,INT8_RVV,0-7,8,8,1024,1024,1024,8,6,OK,0,NONE,0.230462290,GOPS,9.318156,parallel_tiles_including_required_packing,DISABLED,0,0,"0:cpu0:tiles16;1:cpu1:tiles16;2:cpu2:tiles16;3:cpu3:tiles16;4:cpu4:tiles16;5:cpu5:tiles16;6:cpu6:tiles16;7:cpu7:tiles16","NA",static,0,"NA","NA","/home/bananapi/MAT/kernels riscv rvv 1.0/FINAL/riscv-rvv-ime-gemm-microkernels-updated/HETEROGENEOUS_RVV_IME_OPENMP_GEMM/results/openmp_results_k1-rvv_1024_20260904_113101/raw_logs/GEMM_RVV_FP32_INT8_8x4_Baseline_RVV_IGEMM_INT8_I8I32_8x4_igemm_kernel_8x4_zvl256b_lmulmf8_unroll1_i8i32_run6.log",NA,NA,NA,NA,NA,NA,NA
k1_kernel_tuning,RVV,tile_N,8,2026-09-04T11:42:35,k1-rvv,"GEMM_RVV_FP32_INT8_8x4_Baseline","RVV_IGEMM_INT8_I8I32_8x4","igemm_kernel_8x4_zvl256b_lmulmf8_unroll2_i8i32",8x4,256b,mf8,2,INT8_RVV,0-7,8,8,1024,1024,1024,8,1,OK,0,NONE,0.218773376,GOPS,9.816019,parallel_tiles_including_required_packing,INDEPENDENT_INT64_REFERENCE_EXACT_INT32,0,0,"0:cpu0:tiles16;1:cpu1:tiles16;2:cpu2:tiles16;3:cpu3:tiles16;4:cpu4:tiles16;5:cpu5:tiles16;6:cpu6:tiles16;7:cpu7:tiles16","NA",static,0,"NA","NA","/home/bananapi/MAT/kernels riscv rvv 1.0/FINAL/riscv-rvv-ime-gemm-microkernels-updated/HETEROGENEOUS_RVV_IME_OPENMP_GEMM/results/openmp_results_k1-rvv_1024_20260904_113101/raw_logs/GEMM_RVV_FP32_INT8_8x4_Baseline_RVV_IGEMM_INT8_I8I32_8x4_igemm_kernel_8x4_zvl256b_lmulmf8_unroll2_i8i32_run1.log",NA,NA,NA,NA,NA,NA,NA
k1_kernel_tuning,RVV,tile_N,8,2026-09-04T11:42:36,k1-rvv,"GEMM_RVV_FP32_INT8_8x4_Baseline","RVV_IGEMM_INT8_I8I32_8x4","igemm_kernel_8x4_zvl256b_lmulmf8_unroll2_i8i32",8x4,256b,mf8,2,INT8_RVV,0-7,8,8,1024,1024,1024,8,2,OK,0,NONE,0.233081169,GOPS,9.213458,parallel_tiles_including_required_packing,DISABLED,0,0,"0:cpu0:tiles16;1:cpu1:tiles16;2:cpu2:tiles16;3:cpu3:tiles16;4:cpu4:tiles16;5:cpu5:tiles16;6:cpu6:tiles16;7:cpu7:tiles16","NA",static,0,"NA","NA","/home/bananapi/MAT/kernels riscv rvv 1.0/FINAL/riscv-rvv-ime-gemm-microkernels-updated/HETEROGENEOUS_RVV_IME_OPENMP_GEMM/results/openmp_results_k1-rvv_1024_20260904_113101/raw_logs/GEMM_RVV_FP32_INT8_8x4_Baseline_RVV_IGEMM_INT8_I8I32_8x4_igemm_kernel_8x4_zvl256b_lmulmf8_unroll2_i8i32_run2.log",NA,NA,NA,NA,NA,NA,NA
k1_kernel_tuning,RVV,tile_N,8,2026-09-04T11:42:37,k1-rvv,"GEMM_RVV_FP32_INT8_8x4_Baseline","RVV_IGEMM_INT8_I8I32_8x4","igemm_kernel_8x4_zvl256b_lmulmf8_unroll2_i8i32",8x4,256b,mf8,2,INT8_RVV,0-7,8,8,1024,1024,1024,8,3,OK,0,NONE,0.223423667,GOPS,9.611711,parallel_tiles_including_required_packing,DISABLED,0,0,"0:cpu0:tiles16;1:cpu1:tiles16;2:cpu2:tiles16;3:cpu3:tiles16;4:cpu4:tiles16;5:cpu5:tiles16;6:cpu6:tiles16;7:cpu7:tiles16","NA",static,0,"NA","NA","/home/bananapi/MAT/kernels riscv rvv 1.0/FINAL/riscv-rvv-ime-gemm-microkernels-updated/HETEROGENEOUS_RVV_IME_OPENMP_GEMM/results/openmp_results_k1-rvv_1024_20260904_113101/raw_logs/GEMM_RVV_FP32_INT8_8x4_Baseline_RVV_IGEMM_INT8_I8I32_8x4_igemm_kernel_8x4_zvl256b_lmulmf8_unroll2_i8i32_run3.log",NA,NA,NA,NA,NA,NA,NA
k1_kernel_tuning,RVV,tile_N,8,2026-09-04T11:42:38,k1-rvv,"GEMM_RVV_FP32_INT8_8x4_Baseline","RVV_IGEMM_INT8_I8I32_8x4","igemm_kernel_8x4_zvl256b_lmulmf8_unroll2_i8i32",8x4,256b,mf8,2,INT8_RVV,0-7,8,8,1024,1024,1024,8,4,OK,0,NONE,0.227314956,GOPS,9.447173,parallel_tiles_including_required_packing,DISABLED,0,0,"0:cpu0:tiles16;1:cpu1:tiles16;2:cpu2:tiles16;3:cpu3:tiles16;4:cpu4:tiles16;5:cpu5:tiles16;6:cpu6:tiles16;7:cpu7:tiles16","NA",static,0,"NA","NA","/home/bananapi/MAT/kernels riscv rvv 1.0/FINAL/riscv-rvv-ime-gemm-microkernels-updated/HETEROGENEOUS_RVV_IME_OPENMP_GEMM/results/openmp_results_k1-rvv_1024_20260904_113101/raw_logs/GEMM_RVV_FP32_INT8_8x4_Baseline_RVV_IGEMM_INT8_I8I32_8x4_igemm_kernel_8x4_zvl256b_lmulmf8_unroll2_i8i32_run4.log",NA,NA,NA,NA,NA,NA,NA
k1_kernel_tuning,RVV,tile_N,8,2026-09-04T11:42:38,k1-rvv,"GEMM_RVV_FP32_INT8_8x4_Baseline","RVV_IGEMM_INT8_I8I32_8x4","igemm_kernel_8x4_zvl256b_lmulmf8_unroll2_i8i32",8x4,256b,mf8,2,INT8_RVV,0-7,8,8,1024,1024,1024,8,5,OK,0,NONE,0.219319873,GOPS,9.791560,parallel_tiles_including_required_packing,DISABLED,0,0,"0:cpu0:tiles16;1:cpu1:tiles16;2:cpu2:tiles16;3:cpu3:tiles16;4:cpu4:tiles16;5:cpu5:tiles16;6:cpu6:tiles16;7:cpu7:tiles16","NA",static,0,"NA","NA","/home/bananapi/MAT/kernels riscv rvv 1.0/FINAL/riscv-rvv-ime-gemm-microkernels-updated/HETEROGENEOUS_RVV_IME_OPENMP_GEMM/results/openmp_results_k1-rvv_1024_20260904_113101/raw_logs/GEMM_RVV_FP32_INT8_8x4_Baseline_RVV_IGEMM_INT8_I8I32_8x4_igemm_kernel_8x4_zvl256b_lmulmf8_unroll2_i8i32_run5.log",NA,NA,NA,NA,NA,NA,NA
k1_kernel_tuning,RVV,tile_N,8,2026-09-04T11:42:39,k1-rvv,"GEMM_RVV_FP32_INT8_8x4_Baseline","RVV_IGEMM_INT8_I8I32_8x4","igemm_kernel_8x4_zvl256b_lmulmf8_unroll2_i8i32",8x4,256b,mf8,2,INT8_RVV,0-7,8,8,1024,1024,1024,8,6,OK,0,NONE,0.228876166,GOPS,9.382732,parallel_tiles_including_required_packing,DISABLED,0,0,"0:cpu0:tiles16;1:cpu1:tiles16;2:cpu2:tiles16;3:cpu3:tiles16;4:cpu4:tiles16;5:cpu5:tiles16;6:cpu6:tiles16;7:cpu7:tiles16","NA",static,0,"NA","NA","/home/bananapi/MAT/kernels riscv rvv 1.0/FINAL/riscv-rvv-ime-gemm-microkernels-updated/HETEROGENEOUS_RVV_IME_OPENMP_GEMM/results/openmp_results_k1-rvv_1024_20260904_113101/raw_logs/GEMM_RVV_FP32_INT8_8x4_Baseline_RVV_IGEMM_INT8_I8I32_8x4_igemm_kernel_8x4_zvl256b_lmulmf8_unroll2_i8i32_run6.log",NA,NA,NA,NA,NA,NA,NA
k1_kernel_tuning,RVV,tile_N,8,2026-09-04T11:43:07,k1-rvv,"GEMM_RVV_FP32_INT8_8x4_Baseline","RVV_IGEMM_INT8_I8I32_8x4","igemm_kernel_8x4_zvl256b_lmulmf8_unroll4_i8i32",8x4,256b,mf8,4,INT8_RVV,0-7,8,8,1024,1024,1024,8,1,OK,0,NONE,0.224967171,GOPS,9.545765,parallel_tiles_including_required_packing,INDEPENDENT_INT64_REFERENCE_EXACT_INT32,0,0,"0:cpu0:tiles16;1:cpu1:tiles16;2:cpu2:tiles16;3:cpu3:tiles16;4:cpu4:tiles16;5:cpu5:tiles16;6:cpu6:tiles16;7:cpu7:tiles16","NA",static,0,"NA","NA","/home/bananapi/MAT/kernels riscv rvv 1.0/FINAL/riscv-rvv-ime-gemm-microkernels-updated/HETEROGENEOUS_RVV_IME_OPENMP_GEMM/results/openmp_results_k1-rvv_1024_20260904_113101/raw_logs/GEMM_RVV_FP32_INT8_8x4_Baseline_RVV_IGEMM_INT8_I8I32_8x4_igemm_kernel_8x4_zvl256b_lmulmf8_unroll4_i8i32_run1.log",NA,NA,NA,NA,NA,NA,NA
k1_kernel_tuning,RVV,tile_N,8,2026-09-04T11:43:08,k1-rvv,"GEMM_RVV_FP32_INT8_8x4_Baseline","RVV_IGEMM_INT8_I8I32_8x4","igemm_kernel_8x4_zvl256b_lmulmf8_unroll4_i8i32",8x4,256b,mf8,4,INT8_RVV,0-7,8,8,1024,1024,1024,8,2,OK,0,NONE,0.235310212,GOPS,9.126181,parallel_tiles_including_required_packing,DISABLED,0,0,"0:cpu0:tiles16;1:cpu1:tiles16;2:cpu2:tiles16;3:cpu3:tiles16;4:cpu4:tiles16;5:cpu5:tiles16;6:cpu6:tiles16;7:cpu7:tiles16","NA",static,0,"NA","NA","/home/bananapi/MAT/kernels riscv rvv 1.0/FINAL/riscv-rvv-ime-gemm-microkernels-updated/HETEROGENEOUS_RVV_IME_OPENMP_GEMM/results/openmp_results_k1-rvv_1024_20260904_113101/raw_logs/GEMM_RVV_FP32_INT8_8x4_Baseline_RVV_IGEMM_INT8_I8I32_8x4_igemm_kernel_8x4_zvl256b_lmulmf8_unroll4_i8i32_run2.log",NA,NA,NA,NA,NA,NA,NA
k1_kernel_tuning,RVV,tile_N,8,2026-09-04T11:43:09,k1-rvv,"GEMM_RVV_FP32_INT8_8x4_Baseline","RVV_IGEMM_INT8_I8I32_8x4","igemm_kernel_8x4_zvl256b_lmulmf8_unroll4_i8i32",8x4,256b,mf8,4,INT8_RVV,0-7,8,8,1024,1024,1024,8,3,OK,0,NONE,0.226661958,GOPS,9.474389,parallel_tiles_including_required_packing,DISABLED,0,0,"0:cpu0:tiles16;1:cpu1:tiles16;2:cpu2:tiles16;3:cpu3:tiles16;4:cpu4:tiles16;5:cpu5:tiles16;6:cpu6:tiles16;7:cpu7:tiles16","NA",static,0,"NA","NA","/home/bananapi/MAT/kernels riscv rvv 1.0/FINAL/riscv-rvv-ime-gemm-microkernels-updated/HETEROGENEOUS_RVV_IME_OPENMP_GEMM/results/openmp_results_k1-rvv_1024_20260904_113101/raw_logs/GEMM_RVV_FP32_INT8_8x4_Baseline_RVV_IGEMM_INT8_I8I32_8x4_igemm_kernel_8x4_zvl256b_lmulmf8_unroll4_i8i32_run3.log",NA,NA,NA,NA,NA,NA,NA
k1_kernel_tuning,RVV,tile_N,8,2026-09-04T11:43:10,k1-rvv,"GEMM_RVV_FP32_INT8_8x4_Baseline","RVV_IGEMM_INT8_I8I32_8x4","igemm_kernel_8x4_zvl256b_lmulmf8_unroll4_i8i32",8x4,256b,mf8,4,INT8_RVV,0-7,8,8,1024,1024,1024,8,4,OK,0,NONE,0.223408125,GOPS,9.612379,parallel_tiles_including_required_packing,DISABLED,0,0,"0:cpu0:tiles16;1:cpu1:tiles16;2:cpu2:tiles16;3:cpu3:tiles16;4:cpu4:tiles16;5:cpu5:tiles16;6:cpu6:tiles16;7:cpu7:tiles16","NA",static,0,"NA","NA","/home/bananapi/MAT/kernels riscv rvv 1.0/FINAL/riscv-rvv-ime-gemm-microkernels-updated/HETEROGENEOUS_RVV_IME_OPENMP_GEMM/results/openmp_results_k1-rvv_1024_20260904_113101/raw_logs/GEMM_RVV_FP32_INT8_8x4_Baseline_RVV_IGEMM_INT8_I8I32_8x4_igemm_kernel_8x4_zvl256b_lmulmf8_unroll4_i8i32_run4.log",NA,NA,NA,NA,NA,NA,NA
k1_kernel_tuning,RVV,tile_N,8,2026-09-04T11:43:10,k1-rvv,"GEMM_RVV_FP32_INT8_8x4_Baseline","RVV_IGEMM_INT8_I8I32_8x4","igemm_kernel_8x4_zvl256b_lmulmf8_unroll4_i8i32",8x4,256b,mf8,4,INT8_RVV,0-7,8,8,1024,1024,1024,8,5,OK,0,NONE,0.230277665,GOPS,9.325627,parallel_tiles_including_required_packing,DISABLED,0,0,"0:cpu0:tiles16;1:cpu1:tiles16;2:cpu2:tiles16;3:cpu3:tiles16;4:cpu4:tiles16;5:cpu5:tiles16;6:cpu6:tiles16;7:cpu7:tiles16","NA",static,0,"NA","NA","/home/bananapi/MAT/kernels riscv rvv 1.0/FINAL/riscv-rvv-ime-gemm-microkernels-updated/HETEROGENEOUS_RVV_IME_OPENMP_GEMM/results/openmp_results_k1-rvv_1024_20260904_113101/raw_logs/GEMM_RVV_FP32_INT8_8x4_Baseline_RVV_IGEMM_INT8_I8I32_8x4_igemm_kernel_8x4_zvl256b_lmulmf8_unroll4_i8i32_run5.log",NA,NA,NA,NA,NA,NA,NA
k1_kernel_tuning,RVV,tile_N,8,2026-09-04T11:43:11,k1-rvv,"GEMM_RVV_FP32_INT8_8x4_Baseline","RVV_IGEMM_INT8_I8I32_8x4","igemm_kernel_8x4_zvl256b_lmulmf8_unroll4_i8i32",8x4,256b,mf8,4,INT8_RVV,0-7,8,8,1024,1024,1024,8,6,OK,0,NONE,0.228329752,GOPS,9.405185,parallel_tiles_including_required_packing,DISABLED,0,0,"0:cpu0:tiles16;1:cpu1:tiles16;2:cpu2:tiles16;3:cpu3:tiles16;4:cpu4:tiles16;5:cpu5:tiles16;6:cpu6:tiles16;7:cpu7:tiles16","NA",static,0,"NA","NA","/home/bananapi/MAT/kernels riscv rvv 1.0/FINAL/riscv-rvv-ime-gemm-microkernels-updated/HETEROGENEOUS_RVV_IME_OPENMP_GEMM/results/openmp_results_k1-rvv_1024_20260904_113101/raw_logs/GEMM_RVV_FP32_INT8_8x4_Baseline_RVV_IGEMM_INT8_I8I32_8x4_igemm_kernel_8x4_zvl256b_lmulmf8_unroll4_i8i32_run6.log",NA,NA,NA,NA,NA,NA,NA
k1_kernel_tuning,RVV,tile_N,8,2026-09-04T11:43:48,k1-rvv,"GEMM_RVV_FP32_INT8_8x4_Baseline","RVV_IGEMM_INT8_I8I32_8x4","igemm_kernel_8x4_zvl256b_lmulmf8_unroll8_i8i32",8x4,256b,mf8,8,INT8_RVV,0-7,8,8,1024,1024,1024,8,1,OK,0,NONE,0.225603625,GOPS,9.518835,parallel_tiles_including_required_packing,INDEPENDENT_INT64_REFERENCE_EXACT_INT32,0,0,"0:cpu0:tiles16;1:cpu1:tiles16;2:cpu2:tiles16;3:cpu3:tiles16;4:cpu4:tiles16;5:cpu5:tiles16;6:cpu6:tiles16;7:cpu7:tiles16","NA",static,0,"NA","NA","/home/bananapi/MAT/kernels riscv rvv 1.0/FINAL/riscv-rvv-ime-gemm-microkernels-updated/HETEROGENEOUS_RVV_IME_OPENMP_GEMM/results/openmp_results_k1-rvv_1024_20260904_113101/raw_logs/GEMM_RVV_FP32_INT8_8x4_Baseline_RVV_IGEMM_INT8_I8I32_8x4_igemm_kernel_8x4_zvl256b_lmulmf8_unroll8_i8i32_run1.log",NA,NA,NA,NA,NA,NA,NA
k1_kernel_tuning,RVV,tile_N,8,2026-09-04T11:43:48,k1-rvv,"GEMM_RVV_FP32_INT8_8x4_Baseline","RVV_IGEMM_INT8_I8I32_8x4","igemm_kernel_8x4_zvl256b_lmulmf8_unroll8_i8i32",8x4,256b,mf8,8,INT8_RVV,0-7,8,8,1024,1024,1024,8,2,OK,0,NONE,0.220290709,GOPS,9.748408,parallel_tiles_including_required_packing,DISABLED,0,0,"0:cpu0:tiles16;1:cpu1:tiles16;2:cpu2:tiles16;3:cpu3:tiles16;4:cpu4:tiles16;5:cpu5:tiles16;6:cpu6:tiles16;7:cpu7:tiles16","NA",static,0,"NA","NA","/home/bananapi/MAT/kernels riscv rvv 1.0/FINAL/riscv-rvv-ime-gemm-microkernels-updated/HETEROGENEOUS_RVV_IME_OPENMP_GEMM/results/openmp_results_k1-rvv_1024_20260904_113101/raw_logs/GEMM_RVV_FP32_INT8_8x4_Baseline_RVV_IGEMM_INT8_I8I32_8x4_igemm_kernel_8x4_zvl256b_lmulmf8_unroll8_i8i32_run2.log",NA,NA,NA,NA,NA,NA,NA
k1_kernel_tuning,RVV,tile_N,8,2026-09-04T11:43:49,k1-rvv,"GEMM_RVV_FP32_INT8_8x4_Baseline","RVV_IGEMM_INT8_I8I32_8x4","igemm_kernel_8x4_zvl256b_lmulmf8_unroll8_i8i32",8x4,256b,mf8,8,INT8_RVV,0-7,8,8,1024,1024,1024,8,3,OK,0,NONE,0.227887835,GOPS,9.423424,parallel_tiles_including_required_packing,DISABLED,0,0,"0:cpu0:tiles16;1:cpu1:tiles16;2:cpu2:tiles16;3:cpu3:tiles16;4:cpu4:tiles16;5:cpu5:tiles16;6:cpu6:tiles16;7:cpu7:tiles16","NA",static,0,"NA","NA","/home/bananapi/MAT/kernels riscv rvv 1.0/FINAL/riscv-rvv-ime-gemm-microkernels-updated/HETEROGENEOUS_RVV_IME_OPENMP_GEMM/results/openmp_results_k1-rvv_1024_20260904_113101/raw_logs/GEMM_RVV_FP32_INT8_8x4_Baseline_RVV_IGEMM_INT8_I8I32_8x4_igemm_kernel_8x4_zvl256b_lmulmf8_unroll8_i8i32_run3.log",NA,NA,NA,NA,NA,NA,NA
k1_kernel_tuning,RVV,tile_N,8,2026-09-04T11:43:50,k1-rvv,"GEMM_RVV_FP32_INT8_8x4_Baseline","RVV_IGEMM_INT8_I8I32_8x4","igemm_kernel_8x4_zvl256b_lmulmf8_unroll8_i8i32",8x4,256b,mf8,8,INT8_RVV,0-7,8,8,1024,1024,1024,8,4,OK,0,NONE,0.220028583,GOPS,9.760021,parallel_tiles_including_required_packing,DISABLED,0,0,"0:cpu0:tiles16;1:cpu1:tiles16;2:cpu2:tiles16;3:cpu3:tiles16;4:cpu4:tiles16;5:cpu5:tiles16;6:cpu6:tiles16;7:cpu7:tiles16","NA",static,0,"NA","NA","/home/bananapi/MAT/kernels riscv rvv 1.0/FINAL/riscv-rvv-ime-gemm-microkernels-updated/HETEROGENEOUS_RVV_IME_OPENMP_GEMM/results/openmp_results_k1-rvv_1024_20260904_113101/raw_logs/GEMM_RVV_FP32_INT8_8x4_Baseline_RVV_IGEMM_INT8_I8I32_8x4_igemm_kernel_8x4_zvl256b_lmulmf8_unroll8_i8i32_run4.log",NA,NA,NA,NA,NA,NA,NA
k1_kernel_tuning,RVV,tile_N,8,2026-09-04T11:43:51,k1-rvv,"GEMM_RVV_FP32_INT8_8x4_Baseline","RVV_IGEMM_INT8_I8I32_8x4","igemm_kernel_8x4_zvl256b_lmulmf8_unroll8_i8i32",8x4,256b,mf8,8,INT8_RVV,0-7,8,8,1024,1024,1024,8,5,OK,0,NONE,0.238114122,GOPS,9.018716,parallel_tiles_including_required_packing,DISABLED,0,0,"0:cpu0:tiles16;1:cpu1:tiles16;2:cpu2:tiles16;3:cpu3:tiles16;4:cpu4:tiles16;5:cpu5:tiles16;6:cpu6:tiles16;7:cpu7:tiles16","NA",static,0,"NA","NA","/home/bananapi/MAT/kernels riscv rvv 1.0/FINAL/riscv-rvv-ime-gemm-microkernels-updated/HETEROGENEOUS_RVV_IME_OPENMP_GEMM/results/openmp_results_k1-rvv_1024_20260904_113101/raw_logs/GEMM_RVV_FP32_INT8_8x4_Baseline_RVV_IGEMM_INT8_I8I32_8x4_igemm_kernel_8x4_zvl256b_lmulmf8_unroll8_i8i32_run5.log",NA,NA,NA,NA,NA,NA,NA
k1_kernel_tuning,RVV,tile_N,8,2026-09-04T11:43:51,k1-rvv,"GEMM_RVV_FP32_INT8_8x4_Baseline","RVV_IGEMM_INT8_I8I32_8x4","igemm_kernel_8x4_zvl256b_lmulmf8_unroll8_i8i32",8x4,256b,mf8,8,INT8_RVV,0-7,8,8,1024,1024,1024,8,6,OK,0,NONE,0.221203167,GOPS,9.708196,parallel_tiles_including_required_packing,DISABLED,0,0,"0:cpu0:tiles16;1:cpu1:tiles16;2:cpu2:tiles16;3:cpu3:tiles16;4:cpu4:tiles16;5:cpu5:tiles16;6:cpu6:tiles16;7:cpu7:tiles16","NA",static,0,"NA","NA","/home/bananapi/MAT/kernels riscv rvv 1.0/FINAL/riscv-rvv-ime-gemm-microkernels-updated/HETEROGENEOUS_RVV_IME_OPENMP_GEMM/results/openmp_results_k1-rvv_1024_20260904_113101/raw_logs/GEMM_RVV_FP32_INT8_8x4_Baseline_RVV_IGEMM_INT8_I8I32_8x4_igemm_kernel_8x4_zvl256b_lmulmf8_unroll8_i8i32_run6.log",NA,NA,NA,NA,NA,NA,NA
k1_kernel_tuning,RVV,tile_N,8,2026-09-04T11:44:31,k1-rvv,"GEMM_RVV_FP32_INT8_8x8_Baseline","RVV_IGEMM_INT8_I8I32_8x8","igemm_kernel_8x8_zvl256b_lmul1_unroll1_i8i32",8x8,256b,1,1,INT8_RVV,0-7,8,8,1024,1024,1024,8,1,OK,0,NONE,0.276335251,GOPS,7.771298,parallel_tiles_including_required_packing,INDEPENDENT_INT64_REFERENCE_EXACT_INT32,0,0,"0:cpu0:tiles16;1:cpu1:tiles16;2:cpu2:tiles16;3:cpu3:tiles16;4:cpu4:tiles16;5:cpu5:tiles16;6:cpu6:tiles16;7:cpu7:tiles16","NA",static,0,"NA","NA","/home/bananapi/MAT/kernels riscv rvv 1.0/FINAL/riscv-rvv-ime-gemm-microkernels-updated/HETEROGENEOUS_RVV_IME_OPENMP_GEMM/results/openmp_results_k1-rvv_1024_20260904_113101/raw_logs/GEMM_RVV_FP32_INT8_8x8_Baseline_RVV_IGEMM_INT8_I8I32_8x8_igemm_kernel_8x8_zvl256b_lmul1_unroll1_i8i32_run1.log",NA,NA,NA,NA,NA,NA,NA
k1_kernel_tuning,RVV,tile_N,8,2026-09-04T11:44:32,k1-rvv,"GEMM_RVV_FP32_INT8_8x8_Baseline","RVV_IGEMM_INT8_I8I32_8x8","igemm_kernel_8x8_zvl256b_lmul1_unroll1_i8i32",8x8,256b,1,1,INT8_RVV,0-7,8,8,1024,1024,1024,8,2,OK,0,NONE,0.277763292,GOPS,7.731344,parallel_tiles_including_required_packing,DISABLED,0,0,"0:cpu0:tiles16;1:cpu1:tiles16;2:cpu2:tiles16;3:cpu3:tiles16;4:cpu4:tiles16;5:cpu5:tiles16;6:cpu6:tiles16;7:cpu7:tiles16","NA",static,0,"NA","NA","/home/bananapi/MAT/kernels riscv rvv 1.0/FINAL/riscv-rvv-ime-gemm-microkernels-updated/HETEROGENEOUS_RVV_IME_OPENMP_GEMM/results/openmp_results_k1-rvv_1024_20260904_113101/raw_logs/GEMM_RVV_FP32_INT8_8x8_Baseline_RVV_IGEMM_INT8_I8I32_8x8_igemm_kernel_8x8_zvl256b_lmul1_unroll1_i8i32_run2.log",NA,NA,NA,NA,NA,NA,NA
k1_kernel_tuning,RVV,tile_N,8,2026-09-04T11:44:33,k1-rvv,"GEMM_RVV_FP32_INT8_8x8_Baseline","RVV_IGEMM_INT8_I8I32_8x8","igemm_kernel_8x8_zvl256b_lmul1_unroll1_i8i32",8x8,256b,1,1,INT8_RVV,0-7,8,8,1024,1024,1024,8,3,OK,0,NONE,0.297167167,GOPS,7.226517,parallel_tiles_including_required_packing,DISABLED,0,0,"0:cpu0:tiles16;1:cpu1:tiles16;2:cpu2:tiles16;3:cpu3:tiles16;4:cpu4:tiles16;5:cpu5:tiles16;6:cpu6:tiles16;7:cpu7:tiles16","NA",static,0,"NA","NA","/home/bananapi/MAT/kernels riscv rvv 1.0/FINAL/riscv-rvv-ime-gemm-microkernels-updated/HETEROGENEOUS_RVV_IME_OPENMP_GEMM/results/openmp_results_k1-rvv_1024_20260904_113101/raw_logs/GEMM_RVV_FP32_INT8_8x8_Baseline_RVV_IGEMM_INT8_I8I32_8x8_igemm_kernel_8x8_zvl256b_lmul1_unroll1_i8i32_run3.log",NA,NA,NA,NA,NA,NA,NA
k1_kernel_tuning,RVV,tile_N,8,2026-09-04T11:44:34,k1-rvv,"GEMM_RVV_FP32_INT8_8x8_Baseline","RVV_IGEMM_INT8_I8I32_8x8","igemm_kernel_8x8_zvl256b_lmul1_unroll1_i8i32",8x8,256b,1,1,INT8_RVV,0-7,8,8,1024,1024,1024,8,4,OK,0,NONE,0.278862294,GOPS,7.700875,parallel_tiles_including_required_packing,DISABLED,0,0,"0:cpu0:tiles16;1:cpu1:tiles16;2:cpu2:tiles16;3:cpu3:tiles16;4:cpu4:tiles16;5:cpu5:tiles16;6:cpu6:tiles16;7:cpu7:tiles16","NA",static,0,"NA","NA","/home/bananapi/MAT/kernels riscv rvv 1.0/FINAL/riscv-rvv-ime-gemm-microkernels-updated/HETEROGENEOUS_RVV_IME_OPENMP_GEMM/results/openmp_results_k1-rvv_1024_20260904_113101/raw_logs/GEMM_RVV_FP32_INT8_8x8_Baseline_RVV_IGEMM_INT8_I8I32_8x8_igemm_kernel_8x8_zvl256b_lmul1_unroll1_i8i32_run4.log",NA,NA,NA,NA,NA,NA,NA
k1_kernel_tuning,RVV,tile_N,8,2026-09-04T11:44:35,k1-rvv,"GEMM_RVV_FP32_INT8_8x8_Baseline","RVV_IGEMM_INT8_I8I32_8x8","igemm_kernel_8x8_zvl256b_lmul1_unroll1_i8i32",8x8,256b,1,1,INT8_RVV,0-7,8,8,1024,1024,1024,8,5,OK,0,NONE,0.281252459,GOPS,7.635431,parallel_tiles_including_required_packing,DISABLED,0,0,"0:cpu0:tiles16;1:cpu1:tiles16;2:cpu2:tiles16;3:cpu3:tiles16;4:cpu4:tiles16;5:cpu5:tiles16;6:cpu6:tiles16;7:cpu7:tiles16","NA",static,0,"NA","NA","/home/bananapi/MAT/kernels riscv rvv 1.0/FINAL/riscv-rvv-ime-gemm-microkernels-updated/HETEROGENEOUS_RVV_IME_OPENMP_GEMM/results/openmp_results_k1-rvv_1024_20260904_113101/raw_logs/GEMM_RVV_FP32_INT8_8x8_Baseline_RVV_IGEMM_INT8_I8I32_8x8_igemm_kernel_8x8_zvl256b_lmul1_unroll1_i8i32_run5.log",NA,NA,NA,NA,NA,NA,NA
k1_kernel_tuning,RVV,tile_N,8,2026-09-04T11:44:36,k1-rvv,"GEMM_RVV_FP32_INT8_8x8_Baseline","RVV_IGEMM_INT8_I8I32_8x8","igemm_kernel_8x8_zvl256b_lmul1_unroll1_i8i32",8x8,256b,1,1,INT8_RVV,0-7,8,8,1024,1024,1024,8,6,OK,0,NONE,0.277786374,GOPS,7.730702,parallel_tiles_including_required_packing,DISABLED,0,0,"0:cpu0:tiles16;1:cpu1:tiles16;2:cpu2:tiles16;3:cpu3:tiles16;4:cpu4:tiles16;5:cpu5:tiles16;6:cpu6:tiles16;7:cpu7:tiles16","NA",static,0,"NA","NA","/home/bananapi/MAT/kernels riscv rvv 1.0/FINAL/riscv-rvv-ime-gemm-microkernels-updated/HETEROGENEOUS_RVV_IME_OPENMP_GEMM/results/openmp_results_k1-rvv_1024_20260904_113101/raw_logs/GEMM_RVV_FP32_INT8_8x8_Baseline_RVV_IGEMM_INT8_I8I32_8x8_igemm_kernel_8x8_zvl256b_lmul1_unroll1_i8i32_run6.log",NA,NA,NA,NA,NA,NA,NA
k1_kernel_tuning,RVV,tile_N,8,2026-09-04T11:45:07,k1-rvv,"GEMM_RVV_FP32_INT8_8x8_Baseline","RVV_IGEMM_INT8_I8I32_8x8","igemm_kernel_8x8_zvl256b_lmul1_unroll2_i8i32",8x8,256b,1,2,INT8_RVV,0-7,8,8,1024,1024,1024,8,1,OK,0,NONE,0.289947875,GOPS,7.406447,parallel_tiles_including_required_packing,INDEPENDENT_INT64_REFERENCE_EXACT_INT32,0,0,"0:cpu0:tiles16;1:cpu1:tiles16;2:cpu2:tiles16;3:cpu3:tiles16;4:cpu4:tiles16;5:cpu5:tiles16;6:cpu6:tiles16;7:cpu7:tiles16","NA",static,0,"NA","NA","/home/bananapi/MAT/kernels riscv rvv 1.0/FINAL/riscv-rvv-ime-gemm-microkernels-updated/HETEROGENEOUS_RVV_IME_OPENMP_GEMM/results/openmp_results_k1-rvv_1024_20260904_113101/raw_logs/GEMM_RVV_FP32_INT8_8x8_Baseline_RVV_IGEMM_INT8_I8I32_8x8_igemm_kernel_8x8_zvl256b_lmul1_unroll2_i8i32_run1.log",NA,NA,NA,NA,NA,NA,NA
k1_kernel_tuning,RVV,tile_N,8,2026-09-04T11:45:08,k1-rvv,"GEMM_RVV_FP32_INT8_8x8_Baseline","RVV_IGEMM_INT8_I8I32_8x8","igemm_kernel_8x8_zvl256b_lmul1_unroll2_i8i32",8x8,256b,1,2,INT8_RVV,0-7,8,8,1024,1024,1024,8,2,OK,0,NONE,0.293525126,GOPS,7.316183,parallel_tiles_including_required_packing,DISABLED,0,0,"0:cpu0:tiles16;1:cpu1:tiles16;2:cpu2:tiles16;3:cpu3:tiles16;4:cpu4:tiles16;5:cpu5:tiles16;6:cpu6:tiles16;7:cpu7:tiles16","NA",static,0,"NA","NA","/home/bananapi/MAT/kernels riscv rvv 1.0/FINAL/riscv-rvv-ime-gemm-microkernels-updated/HETEROGENEOUS_RVV_IME_OPENMP_GEMM/results/openmp_results_k1-rvv_1024_20260904_113101/raw_logs/GEMM_RVV_FP32_INT8_8x8_Baseline_RVV_IGEMM_INT8_I8I32_8x8_igemm_kernel_8x8_zvl256b_lmul1_unroll2_i8i32_run2.log",NA,NA,NA,NA,NA,NA,NA
k1_kernel_tuning,RVV,tile_N,8,2026-09-04T11:45:09,k1-rvv,"GEMM_RVV_FP32_INT8_8x8_Baseline","RVV_IGEMM_INT8_I8I32_8x8","igemm_kernel_8x8_zvl256b_lmul1_unroll2_i8i32",8x8,256b,1,2,INT8_RVV,0-7,8,8,1024,1024,1024,8,3,OK,0,NONE,0.298296001,GOPS,7.199170,parallel_tiles_including_required_packing,DISABLED,0,0,"0:cpu0:tiles16;1:cpu1:tiles16;2:cpu2:tiles16;3:cpu3:tiles16;4:cpu4:tiles16;5:cpu5:tiles16;6:cpu6:tiles16;7:cpu7:tiles16","NA",static,0,"NA","NA","/home/bananapi/MAT/kernels riscv rvv 1.0/FINAL/riscv-rvv-ime-gemm-microkernels-updated/HETEROGENEOUS_RVV_IME_OPENMP_GEMM/results/openmp_results_k1-rvv_1024_20260904_113101/raw_logs/GEMM_RVV_FP32_INT8_8x8_Baseline_RVV_IGEMM_INT8_I8I32_8x8_igemm_kernel_8x8_zvl256b_lmul1_unroll2_i8i32_run3.log",NA,NA,NA,NA,NA,NA,NA
k1_kernel_tuning,RVV,tile_N,8,2026-09-04T11:45:10,k1-rvv,"GEMM_RVV_FP32_INT8_8x8_Baseline","RVV_IGEMM_INT8_I8I32_8x8","igemm_kernel_8x8_zvl256b_lmul1_unroll2_i8i32",8x8,256b,1,2,INT8_RVV,0-7,8,8,1024,1024,1024,8,4,OK,0,NONE,0.282113664,GOPS,7.612122,parallel_tiles_including_required_packing,DISABLED,0,0,"0:cpu0:tiles16;1:cpu1:tiles16;2:cpu2:tiles16;3:cpu3:tiles16;4:cpu4:tiles16;5:cpu5:tiles16;6:cpu6:tiles16;7:cpu7:tiles16","NA",static,0,"NA","NA","/home/bananapi/MAT/kernels riscv rvv 1.0/FINAL/riscv-rvv-ime-gemm-microkernels-updated/HETEROGENEOUS_RVV_IME_OPENMP_GEMM/results/openmp_results_k1-rvv_1024_20260904_113101/raw_logs/GEMM_RVV_FP32_INT8_8x8_Baseline_RVV_IGEMM_INT8_I8I32_8x8_igemm_kernel_8x8_zvl256b_lmul1_unroll2_i8i32_run4.log",NA,NA,NA,NA,NA,NA,NA
k1_kernel_tuning,RVV,tile_N,8,2026-09-04T11:45:11,k1-rvv,"GEMM_RVV_FP32_INT8_8x8_Baseline","RVV_IGEMM_INT8_I8I32_8x8","igemm_kernel_8x8_zvl256b_lmul1_unroll2_i8i32",8x8,256b,1,2,INT8_RVV,0-7,8,8,1024,1024,1024,8,5,OK,0,NONE,0.294613209,GOPS,7.289163,parallel_tiles_including_required_packing,DISABLED,0,0,"0:cpu0:tiles16;1:cpu1:tiles16;2:cpu2:tiles16;3:cpu3:tiles16;4:cpu4:tiles16;5:cpu5:tiles16;6:cpu6:tiles16;7:cpu7:tiles16","NA",static,0,"NA","NA","/home/bananapi/MAT/kernels riscv rvv 1.0/FINAL/riscv-rvv-ime-gemm-microkernels-updated/HETEROGENEOUS_RVV_IME_OPENMP_GEMM/results/openmp_results_k1-rvv_1024_20260904_113101/raw_logs/GEMM_RVV_FP32_INT8_8x8_Baseline_RVV_IGEMM_INT8_I8I32_8x8_igemm_kernel_8x8_zvl256b_lmul1_unroll2_i8i32_run5.log",NA,NA,NA,NA,NA,NA,NA
k1_kernel_tuning,RVV,tile_N,8,2026-09-04T11:45:12,k1-rvv,"GEMM_RVV_FP32_INT8_8x8_Baseline","RVV_IGEMM_INT8_I8I32_8x8","igemm_kernel_8x8_zvl256b_lmul1_unroll2_i8i32",8x8,256b,1,2,INT8_RVV,0-7,8,8,1024,1024,1024,8,6,OK,0,NONE,0.295792080,GOPS,7.260112,parallel_tiles_including_required_packing,DISABLED,0,0,"0:cpu0:tiles16;1:cpu1:tiles16;2:cpu2:tiles16;3:cpu3:tiles16;4:cpu4:tiles16;5:cpu5:tiles16;6:cpu6:tiles16;7:cpu7:tiles16","NA",static,0,"NA","NA","/home/bananapi/MAT/kernels riscv rvv 1.0/FINAL/riscv-rvv-ime-gemm-microkernels-updated/HETEROGENEOUS_RVV_IME_OPENMP_GEMM/results/openmp_results_k1-rvv_1024_20260904_113101/raw_logs/GEMM_RVV_FP32_INT8_8x8_Baseline_RVV_IGEMM_INT8_I8I32_8x8_igemm_kernel_8x8_zvl256b_lmul1_unroll2_i8i32_run6.log",NA,NA,NA,NA,NA,NA,NA
k1_kernel_tuning,RVV,tile_N,8,2026-09-04T11:45:51,k1-rvv,"GEMM_RVV_FP32_INT8_8x8_Baseline","RVV_IGEMM_INT8_I8I32_8x8","igemm_kernel_8x8_zvl256b_lmul1_unroll4_i8i32",8x8,256b,1,4,INT8_RVV,0-7,8,8,1024,1024,1024,8,1,OK,0,NONE,0.307378918,GOPS,6.986438,parallel_tiles_including_required_packing,INDEPENDENT_INT64_REFERENCE_EXACT_INT32,0,0,"0:cpu0:tiles16;1:cpu1:tiles16;2:cpu2:tiles16;3:cpu3:tiles16;4:cpu4:tiles16;5:cpu5:tiles16;6:cpu6:tiles16;7:cpu7:tiles16","NA",static,0,"NA","NA","/home/bananapi/MAT/kernels riscv rvv 1.0/FINAL/riscv-rvv-ime-gemm-microkernels-updated/HETEROGENEOUS_RVV_IME_OPENMP_GEMM/results/openmp_results_k1-rvv_1024_20260904_113101/raw_logs/GEMM_RVV_FP32_INT8_8x8_Baseline_RVV_IGEMM_INT8_I8I32_8x8_igemm_kernel_8x8_zvl256b_lmul1_unroll4_i8i32_run1.log",NA,NA,NA,NA,NA,NA,NA
k1_kernel_tuning,RVV,tile_N,8,2026-09-04T11:45:52,k1-rvv,"GEMM_RVV_FP32_INT8_8x8_Baseline","RVV_IGEMM_INT8_I8I32_8x8","igemm_kernel_8x8_zvl256b_lmul1_unroll4_i8i32",8x8,256b,1,4,INT8_RVV,0-7,8,8,1024,1024,1024,8,2,OK,0,NONE,0.294896875,GOPS,7.282151,parallel_tiles_including_required_packing,DISABLED,0,0,"0:cpu0:tiles16;1:cpu1:tiles16;2:cpu2:tiles16;3:cpu3:tiles16;4:cpu4:tiles16;5:cpu5:tiles16;6:cpu6:tiles16;7:cpu7:tiles16","NA",static,0,"NA","NA","/home/bananapi/MAT/kernels riscv rvv 1.0/FINAL/riscv-rvv-ime-gemm-microkernels-updated/HETEROGENEOUS_RVV_IME_OPENMP_GEMM/results/openmp_results_k1-rvv_1024_20260904_113101/raw_logs/GEMM_RVV_FP32_INT8_8x8_Baseline_RVV_IGEMM_INT8_I8I32_8x8_igemm_kernel_8x8_zvl256b_lmul1_unroll4_i8i32_run2.log",NA,NA,NA,NA,NA,NA,NA
k1_kernel_tuning,RVV,tile_N,8,2026-09-04T11:45:53,k1-rvv,"GEMM_RVV_FP32_INT8_8x8_Baseline","RVV_IGEMM_INT8_I8I32_8x8","igemm_kernel_8x8_zvl256b_lmul1_unroll4_i8i32",8x8,256b,1,4,INT8_RVV,0-7,8,8,1024,1024,1024,8,3,OK,0,NONE,0.293462083,GOPS,7.317755,parallel_tiles_including_required_packing,DISABLED,0,0,"0:cpu0:tiles16;1:cpu1:tiles16;2:cpu2:tiles16;3:cpu3:tiles16;4:cpu4:tiles16;5:cpu5:tiles16;6:cpu6:tiles16;7:cpu7:tiles16","NA",static,0,"NA","NA","/home/bananapi/MAT/kernels riscv rvv 1.0/FINAL/riscv-rvv-ime-gemm-microkernels-updated/HETEROGENEOUS_RVV_IME_OPENMP_GEMM/results/openmp_results_k1-rvv_1024_20260904_113101/raw_logs/GEMM_RVV_FP32_INT8_8x8_Baseline_RVV_IGEMM_INT8_I8I32_8x8_igemm_kernel_8x8_zvl256b_lmul1_unroll4_i8i32_run3.log",NA,NA,NA,NA,NA,NA,NA
k1_kernel_tuning,RVV,tile_N,8,2026-09-04T11:45:54,k1-rvv,"GEMM_RVV_FP32_INT8_8x8_Baseline","RVV_IGEMM_INT8_I8I32_8x8","igemm_kernel_8x8_zvl256b_lmul1_unroll4_i8i32",8x8,256b,1,4,INT8_RVV,0-7,8,8,1024,1024,1024,8,4,OK,0,NONE,0.296616208,GOPS,7.239940,parallel_tiles_including_required_packing,DISABLED,0,0,"0:cpu0:tiles16;1:cpu1:tiles16;2:cpu2:tiles16;3:cpu3:tiles16;4:cpu4:tiles16;5:cpu5:tiles16;6:cpu6:tiles16;7:cpu7:tiles16","NA",static,0,"NA","NA","/home/bananapi/MAT/kernels riscv rvv 1.0/FINAL/riscv-rvv-ime-gemm-microkernels-updated/HETEROGENEOUS_RVV_IME_OPENMP_GEMM/results/openmp_results_k1-rvv_1024_20260904_113101/raw_logs/GEMM_RVV_FP32_INT8_8x8_Baseline_RVV_IGEMM_INT8_I8I32_8x8_igemm_kernel_8x8_zvl256b_lmul1_unroll4_i8i32_run4.log",NA,NA,NA,NA,NA,NA,NA
k1_kernel_tuning,RVV,tile_N,8,2026-09-04T11:45:55,k1-rvv,"GEMM_RVV_FP32_INT8_8x8_Baseline","RVV_IGEMM_INT8_I8I32_8x8","igemm_kernel_8x8_zvl256b_lmul1_unroll4_i8i32",8x8,256b,1,4,INT8_RVV,0-7,8,8,1024,1024,1024,8,5,OK,0,NONE,0.300381210,GOPS,7.149194,parallel_tiles_including_required_packing,DISABLED,0,0,"0:cpu0:tiles16;1:cpu1:tiles16;2:cpu2:tiles16;3:cpu3:tiles16;4:cpu4:tiles16;5:cpu5:tiles16;6:cpu6:tiles16;7:cpu7:tiles16","NA",static,0,"NA","NA","/home/bananapi/MAT/kernels riscv rvv 1.0/FINAL/riscv-rvv-ime-gemm-microkernels-updated/HETEROGENEOUS_RVV_IME_OPENMP_GEMM/results/openmp_results_k1-rvv_1024_20260904_113101/raw_logs/GEMM_RVV_FP32_INT8_8x8_Baseline_RVV_IGEMM_INT8_I8I32_8x8_igemm_kernel_8x8_zvl256b_lmul1_unroll4_i8i32_run5.log",NA,NA,NA,NA,NA,NA,NA
k1_kernel_tuning,RVV,tile_N,8,2026-09-04T11:45:56,k1-rvv,"GEMM_RVV_FP32_INT8_8x8_Baseline","RVV_IGEMM_INT8_I8I32_8x8","igemm_kernel_8x8_zvl256b_lmul1_unroll4_i8i32",8x8,256b,1,4,INT8_RVV,0-7,8,8,1024,1024,1024,8,6,OK,0,NONE,0.293275457,GOPS,7.322412,parallel_tiles_including_required_packing,DISABLED,0,0,"0:cpu0:tiles16;1:cpu1:tiles16;2:cpu2:tiles16;3:cpu3:tiles16;4:cpu4:tiles16;5:cpu5:tiles16;6:cpu6:tiles16;7:cpu7:tiles16","NA",static,0,"NA","NA","/home/bananapi/MAT/kernels riscv rvv 1.0/FINAL/riscv-rvv-ime-gemm-microkernels-updated/HETEROGENEOUS_RVV_IME_OPENMP_GEMM/results/openmp_results_k1-rvv_1024_20260904_113101/raw_logs/GEMM_RVV_FP32_INT8_8x8_Baseline_RVV_IGEMM_INT8_I8I32_8x8_igemm_kernel_8x8_zvl256b_lmul1_unroll4_i8i32_run6.log",NA,NA,NA,NA,NA,NA,NA
k1_kernel_tuning,RVV,tile_N,8,2026-09-04T11:46:29,k1-rvv,"GEMM_RVV_FP32_INT8_8x8_Baseline","RVV_IGEMM_INT8_I8I32_8x8","igemm_kernel_8x8_zvl256b_lmul1_unroll8_i8i32",8x8,256b,1,8,INT8_RVV,0-7,8,8,1024,1024,1024,8,1,OK,0,NONE,0.296168458,GOPS,7.250886,parallel_tiles_including_required_packing,INDEPENDENT_INT64_REFERENCE_EXACT_INT32,0,0,"0:cpu0:tiles16;1:cpu1:tiles16;2:cpu2:tiles16;3:cpu3:tiles16;4:cpu4:tiles16;5:cpu5:tiles16;6:cpu6:tiles16;7:cpu7:tiles16","NA",static,0,"NA","NA","/home/bananapi/MAT/kernels riscv rvv 1.0/FINAL/riscv-rvv-ime-gemm-microkernels-updated/HETEROGENEOUS_RVV_IME_OPENMP_GEMM/results/openmp_results_k1-rvv_1024_20260904_113101/raw_logs/GEMM_RVV_FP32_INT8_8x8_Baseline_RVV_IGEMM_INT8_I8I32_8x8_igemm_kernel_8x8_zvl256b_lmul1_unroll8_i8i32_run1.log",NA,NA,NA,NA,NA,NA,NA
k1_kernel_tuning,RVV,tile_N,8,2026-09-04T11:46:30,k1-rvv,"GEMM_RVV_FP32_INT8_8x8_Baseline","RVV_IGEMM_INT8_I8I32_8x8","igemm_kernel_8x8_zvl256b_lmul1_unroll8_i8i32",8x8,256b,1,8,INT8_RVV,0-7,8,8,1024,1024,1024,8,2,OK,0,NONE,0.292224083,GOPS,7.348757,parallel_tiles_including_required_packing,DISABLED,0,0,"0:cpu0:tiles16;1:cpu1:tiles16;2:cpu2:tiles16;3:cpu3:tiles16;4:cpu4:tiles16;5:cpu5:tiles16;6:cpu6:tiles16;7:cpu7:tiles16","NA",static,0,"NA","NA","/home/bananapi/MAT/kernels riscv rvv 1.0/FINAL/riscv-rvv-ime-gemm-microkernels-updated/HETEROGENEOUS_RVV_IME_OPENMP_GEMM/results/openmp_results_k1-rvv_1024_20260904_113101/raw_logs/GEMM_RVV_FP32_INT8_8x8_Baseline_RVV_IGEMM_INT8_I8I32_8x8_igemm_kernel_8x8_zvl256b_lmul1_unroll8_i8i32_run2.log",NA,NA,NA,NA,NA,NA,NA
k1_kernel_tuning,RVV,tile_N,8,2026-09-04T11:46:31,k1-rvv,"GEMM_RVV_FP32_INT8_8x8_Baseline","RVV_IGEMM_INT8_I8I32_8x8","igemm_kernel_8x8_zvl256b_lmul1_unroll8_i8i32",8x8,256b,1,8,INT8_RVV,0-7,8,8,1024,1024,1024,8,3,OK,0,NONE,0.291943166,GOPS,7.355828,parallel_tiles_including_required_packing,DISABLED,0,0,"0:cpu0:tiles16;1:cpu1:tiles16;2:cpu2:tiles16;3:cpu3:tiles16;4:cpu4:tiles16;5:cpu5:tiles16;6:cpu6:tiles16;7:cpu7:tiles16","NA",static,0,"NA","NA","/home/bananapi/MAT/kernels riscv rvv 1.0/FINAL/riscv-rvv-ime-gemm-microkernels-updated/HETEROGENEOUS_RVV_IME_OPENMP_GEMM/results/openmp_results_k1-rvv_1024_20260904_113101/raw_logs/GEMM_RVV_FP32_INT8_8x8_Baseline_RVV_IGEMM_INT8_I8I32_8x8_igemm_kernel_8x8_zvl256b_lmul1_unroll8_i8i32_run3.log",NA,NA,NA,NA,NA,NA,NA
k1_kernel_tuning,RVV,tile_N,8,2026-09-04T11:46:32,k1-rvv,"GEMM_RVV_FP32_INT8_8x8_Baseline","RVV_IGEMM_INT8_I8I32_8x8","igemm_kernel_8x8_zvl256b_lmul1_unroll8_i8i32",8x8,256b,1,8,INT8_RVV,0-7,8,8,1024,1024,1024,8,4,OK,0,NONE,0.274556499,GOPS,7.821646,parallel_tiles_including_required_packing,DISABLED,0,0,"0:cpu0:tiles16;1:cpu1:tiles16;2:cpu2:tiles16;3:cpu3:tiles16;4:cpu4:tiles16;5:cpu5:tiles16;6:cpu6:tiles16;7:cpu7:tiles16","NA",static,0,"NA","NA","/home/bananapi/MAT/kernels riscv rvv 1.0/FINAL/riscv-rvv-ime-gemm-microkernels-updated/HETEROGENEOUS_RVV_IME_OPENMP_GEMM/results/openmp_results_k1-rvv_1024_20260904_113101/raw_logs/GEMM_RVV_FP32_INT8_8x8_Baseline_RVV_IGEMM_INT8_I8I32_8x8_igemm_kernel_8x8_zvl256b_lmul1_unroll8_i8i32_run4.log",NA,NA,NA,NA,NA,NA,NA
k1_kernel_tuning,RVV,tile_N,8,2026-09-04T11:46:33,k1-rvv,"GEMM_RVV_FP32_INT8_8x8_Baseline","RVV_IGEMM_INT8_I8I32_8x8","igemm_kernel_8x8_zvl256b_lmul1_unroll8_i8i32",8x8,256b,1,8,INT8_RVV,0-7,8,8,1024,1024,1024,8,5,OK,0,NONE,0.291578040,GOPS,7.365039,parallel_tiles_including_required_packing,DISABLED,0,0,"0:cpu0:tiles16;1:cpu1:tiles16;2:cpu2:tiles16;3:cpu3:tiles16;4:cpu4:tiles16;5:cpu5:tiles16;6:cpu6:tiles16;7:cpu7:tiles16","NA",static,0,"NA","NA","/home/bananapi/MAT/kernels riscv rvv 1.0/FINAL/riscv-rvv-ime-gemm-microkernels-updated/HETEROGENEOUS_RVV_IME_OPENMP_GEMM/results/openmp_results_k1-rvv_1024_20260904_113101/raw_logs/GEMM_RVV_FP32_INT8_8x8_Baseline_RVV_IGEMM_INT8_I8I32_8x8_igemm_kernel_8x8_zvl256b_lmul1_unroll8_i8i32_run5.log",NA,NA,NA,NA,NA,NA,NA
k1_kernel_tuning,RVV,tile_N,8,2026-09-04T11:46:34,k1-rvv,"GEMM_RVV_FP32_INT8_8x8_Baseline","RVV_IGEMM_INT8_I8I32_8x8","igemm_kernel_8x8_zvl256b_lmul1_unroll8_i8i32",8x8,256b,1,8,INT8_RVV,0-7,8,8,1024,1024,1024,8,6,OK,0,NONE,0.286500711,GOPS,7.495561,parallel_tiles_including_required_packing,DISABLED,0,0,"0:cpu0:tiles16;1:cpu1:tiles16;2:cpu2:tiles16;3:cpu3:tiles16;4:cpu4:tiles16;5:cpu5:tiles16;6:cpu6:tiles16;7:cpu7:tiles16","NA",static,0,"NA","NA","/home/bananapi/MAT/kernels riscv rvv 1.0/FINAL/riscv-rvv-ime-gemm-microkernels-updated/HETEROGENEOUS_RVV_IME_OPENMP_GEMM/results/openmp_results_k1-rvv_1024_20260904_113101/raw_logs/GEMM_RVV_FP32_INT8_8x8_Baseline_RVV_IGEMM_INT8_I8I32_8x8_igemm_kernel_8x8_zvl256b_lmul1_unroll8_i8i32_run6.log",NA,NA,NA,NA,NA,NA,NA
k1_kernel_tuning,RVV,tile_N,8,2026-09-04T11:47:13,k1-rvv,"GEMM_RVV_FP32_INT8_8x8_Baseline","RVV_IGEMM_INT8_I8I32_8x8","igemm_kernel_8x8_zvl256b_lmul2_unroll1_i8i32",8x8,256b,2,1,INT8_RVV,0-7,8,8,1024,1024,1024,8,1,OK,0,NONE,0.629750293,GOPS,3.410056,parallel_tiles_including_required_packing,INDEPENDENT_INT64_REFERENCE_EXACT_INT32,0,0,"0:cpu0:tiles16;1:cpu1:tiles16;2:cpu2:tiles16;3:cpu3:tiles16;4:cpu4:tiles16;5:cpu5:tiles16;6:cpu6:tiles16;7:cpu7:tiles16","NA",static,0,"NA","NA","/home/bananapi/MAT/kernels riscv rvv 1.0/FINAL/riscv-rvv-ime-gemm-microkernels-updated/HETEROGENEOUS_RVV_IME_OPENMP_GEMM/results/openmp_results_k1-rvv_1024_20260904_113101/raw_logs/GEMM_RVV_FP32_INT8_8x8_Baseline_RVV_IGEMM_INT8_I8I32_8x8_igemm_kernel_8x8_zvl256b_lmul2_unroll1_i8i32_run1.log",NA,NA,NA,NA,NA,NA,NA
k1_kernel_tuning,RVV,tile_N,8,2026-09-04T11:47:15,k1-rvv,"GEMM_RVV_FP32_INT8_8x8_Baseline","RVV_IGEMM_INT8_I8I32_8x8","igemm_kernel_8x8_zvl256b_lmul2_unroll1_i8i32",8x8,256b,2,1,INT8_RVV,0-7,8,8,1024,1024,1024,8,2,OK,0,NONE,0.636229042,GOPS,3.375331,parallel_tiles_including_required_packing,DISABLED,0,0,"0:cpu0:tiles16;1:cpu1:tiles16;2:cpu2:tiles16;3:cpu3:tiles16;4:cpu4:tiles16;5:cpu5:tiles16;6:cpu6:tiles16;7:cpu7:tiles16","NA",static,0,"NA","NA","/home/bananapi/MAT/kernels riscv rvv 1.0/FINAL/riscv-rvv-ime-gemm-microkernels-updated/HETEROGENEOUS_RVV_IME_OPENMP_GEMM/results/openmp_results_k1-rvv_1024_20260904_113101/raw_logs/GEMM_RVV_FP32_INT8_8x8_Baseline_RVV_IGEMM_INT8_I8I32_8x8_igemm_kernel_8x8_zvl256b_lmul2_unroll1_i8i32_run2.log",NA,NA,NA,NA,NA,NA,NA
k1_kernel_tuning,RVV,tile_N,8,2026-09-04T11:47:17,k1-rvv,"GEMM_RVV_FP32_INT8_8x8_Baseline","RVV_IGEMM_INT8_I8I32_8x8","igemm_kernel_8x8_zvl256b_lmul2_unroll1_i8i32",8x8,256b,2,1,INT8_RVV,0-7,8,8,1024,1024,1024,8,3,OK,0,NONE,0.642669749,GOPS,3.341504,parallel_tiles_including_required_packing,DISABLED,0,0,"0:cpu0:tiles16;1:cpu1:tiles16;2:cpu2:tiles16;3:cpu3:tiles16;4:cpu4:tiles16;5:cpu5:tiles16;6:cpu6:tiles16;7:cpu7:tiles16","NA",static,0,"NA","NA","/home/bananapi/MAT/kernels riscv rvv 1.0/FINAL/riscv-rvv-ime-gemm-microkernels-updated/HETEROGENEOUS_RVV_IME_OPENMP_GEMM/results/openmp_results_k1-rvv_1024_20260904_113101/raw_logs/GEMM_RVV_FP32_INT8_8x8_Baseline_RVV_IGEMM_INT8_I8I32_8x8_igemm_kernel_8x8_zvl256b_lmul2_unroll1_i8i32_run3.log",NA,NA,NA,NA,NA,NA,NA
k1_kernel_tuning,RVV,tile_N,8,2026-09-04T11:47:18,k1-rvv,"GEMM_RVV_FP32_INT8_8x8_Baseline","RVV_IGEMM_INT8_I8I32_8x8","igemm_kernel_8x8_zvl256b_lmul2_unroll1_i8i32",8x8,256b,2,1,INT8_RVV,0-7,8,8,1024,1024,1024,8,4,OK,0,NONE,0.630034458,GOPS,3.408518,parallel_tiles_including_required_packing,DISABLED,0,0,"0:cpu0:tiles16;1:cpu1:tiles16;2:cpu2:tiles16;3:cpu3:tiles16;4:cpu4:tiles16;5:cpu5:tiles16;6:cpu6:tiles16;7:cpu7:tiles16","NA",static,0,"NA","NA","/home/bananapi/MAT/kernels riscv rvv 1.0/FINAL/riscv-rvv-ime-gemm-microkernels-updated/HETEROGENEOUS_RVV_IME_OPENMP_GEMM/results/openmp_results_k1-rvv_1024_20260904_113101/raw_logs/GEMM_RVV_FP32_INT8_8x8_Baseline_RVV_IGEMM_INT8_I8I32_8x8_igemm_kernel_8x8_zvl256b_lmul2_unroll1_i8i32_run4.log",NA,NA,NA,NA,NA,NA,NA
k1_kernel_tuning,RVV,tile_N,8,2026-09-04T11:47:20,k1-rvv,"GEMM_RVV_FP32_INT8_8x8_Baseline","RVV_IGEMM_INT8_I8I32_8x8","igemm_kernel_8x8_zvl256b_lmul2_unroll1_i8i32",8x8,256b,2,1,INT8_RVV,0-7,8,8,1024,1024,1024,8,5,OK,0,NONE,0.623830959,GOPS,3.442413,parallel_tiles_including_required_packing,DISABLED,0,0,"0:cpu0:tiles16;1:cpu1:tiles16;2:cpu2:tiles16;3:cpu3:tiles16;4:cpu4:tiles16;5:cpu5:tiles16;6:cpu6:tiles16;7:cpu7:tiles16","NA",static,0,"NA","NA","/home/bananapi/MAT/kernels riscv rvv 1.0/FINAL/riscv-rvv-ime-gemm-microkernels-updated/HETEROGENEOUS_RVV_IME_OPENMP_GEMM/results/openmp_results_k1-rvv_1024_20260904_113101/raw_logs/GEMM_RVV_FP32_INT8_8x8_Baseline_RVV_IGEMM_INT8_I8I32_8x8_igemm_kernel_8x8_zvl256b_lmul2_unroll1_i8i32_run5.log",NA,NA,NA,NA,NA,NA,NA
k1_kernel_tuning,RVV,tile_N,8,2026-09-04T11:47:21,k1-rvv,"GEMM_RVV_FP32_INT8_8x8_Baseline","RVV_IGEMM_INT8_I8I32_8x8","igemm_kernel_8x8_zvl256b_lmul2_unroll1_i8i32",8x8,256b,2,1,INT8_RVV,0-7,8,8,1024,1024,1024,8,6,OK,0,NONE,0.646113377,GOPS,3.323695,parallel_tiles_including_required_packing,DISABLED,0,0,"0:cpu0:tiles16;1:cpu1:tiles16;2:cpu2:tiles16;3:cpu3:tiles16;4:cpu4:tiles16;5:cpu5:tiles16;6:cpu6:tiles16;7:cpu7:tiles16","NA",static,0,"NA","NA","/home/bananapi/MAT/kernels riscv rvv 1.0/FINAL/riscv-rvv-ime-gemm-microkernels-updated/HETEROGENEOUS_RVV_IME_OPENMP_GEMM/results/openmp_results_k1-rvv_1024_20260904_113101/raw_logs/GEMM_RVV_FP32_INT8_8x8_Baseline_RVV_IGEMM_INT8_I8I32_8x8_igemm_kernel_8x8_zvl256b_lmul2_unroll1_i8i32_run6.log",NA,NA,NA,NA,NA,NA,NA
k1_kernel_tuning,RVV,tile_N,8,2026-09-04T11:47:54,k1-rvv,"GEMM_RVV_FP32_INT8_8x8_Baseline","RVV_IGEMM_INT8_I8I32_8x8","igemm_kernel_8x8_zvl256b_lmul2_unroll2_i8i32",8x8,256b,2,2,INT8_RVV,0-7,8,8,1024,1024,1024,8,1,OK,0,NONE,0.632855043,GOPS,3.393326,parallel_tiles_including_required_packing,INDEPENDENT_INT64_REFERENCE_EXACT_INT32,0,0,"0:cpu0:tiles16;1:cpu1:tiles16;2:cpu2:tiles16;3:cpu3:tiles16;4:cpu4:tiles16;5:cpu5:tiles16;6:cpu6:tiles16;7:cpu7:tiles16","NA",static,0,"NA","NA","/home/bananapi/MAT/kernels riscv rvv 1.0/FINAL/riscv-rvv-ime-gemm-microkernels-updated/HETEROGENEOUS_RVV_IME_OPENMP_GEMM/results/openmp_results_k1-rvv_1024_20260904_113101/raw_logs/GEMM_RVV_FP32_INT8_8x8_Baseline_RVV_IGEMM_INT8_I8I32_8x8_igemm_kernel_8x8_zvl256b_lmul2_unroll2_i8i32_run1.log",NA,NA,NA,NA,NA,NA,NA
k1_kernel_tuning,RVV,tile_N,8,2026-09-04T11:47:56,k1-rvv,"GEMM_RVV_FP32_INT8_8x8_Baseline","RVV_IGEMM_INT8_I8I32_8x8","igemm_kernel_8x8_zvl256b_lmul2_unroll2_i8i32",8x8,256b,2,2,INT8_RVV,0-7,8,8,1024,1024,1024,8,2,OK,0,NONE,0.620571878,GOPS,3.460491,parallel_tiles_including_required_packing,DISABLED,0,0,"0:cpu0:tiles16;1:cpu1:tiles16;2:cpu2:tiles16;3:cpu3:tiles16;4:cpu4:tiles16;5:cpu5:tiles16;6:cpu6:tiles16;7:cpu7:tiles16","NA",static,0,"NA","NA","/home/bananapi/MAT/kernels riscv rvv 1.0/FINAL/riscv-rvv-ime-gemm-microkernels-updated/HETEROGENEOUS_RVV_IME_OPENMP_GEMM/results/openmp_results_k1-rvv_1024_20260904_113101/raw_logs/GEMM_RVV_FP32_INT8_8x8_Baseline_RVV_IGEMM_INT8_I8I32_8x8_igemm_kernel_8x8_zvl256b_lmul2_unroll2_i8i32_run2.log",NA,NA,NA,NA,NA,NA,NA
k1_kernel_tuning,RVV,tile_N,8,2026-09-04T11:47:57,k1-rvv,"GEMM_RVV_FP32_INT8_8x8_Baseline","RVV_IGEMM_INT8_I8I32_8x8","igemm_kernel_8x8_zvl256b_lmul2_unroll2_i8i32",8x8,256b,2,2,INT8_RVV,0-7,8,8,1024,1024,1024,8,3,OK,0,NONE,0.630820375,GOPS,3.404271,parallel_tiles_including_required_packing,DISABLED,0,0,"0:cpu0:tiles16;1:cpu1:tiles16;2:cpu2:tiles16;3:cpu3:tiles16;4:cpu4:tiles16;5:cpu5:tiles16;6:cpu6:tiles16;7:cpu7:tiles16","NA",static,0,"NA","NA","/home/bananapi/MAT/kernels riscv rvv 1.0/FINAL/riscv-rvv-ime-gemm-microkernels-updated/HETEROGENEOUS_RVV_IME_OPENMP_GEMM/results/openmp_results_k1-rvv_1024_20260904_113101/raw_logs/GEMM_RVV_FP32_INT8_8x8_Baseline_RVV_IGEMM_INT8_I8I32_8x8_igemm_kernel_8x8_zvl256b_lmul2_unroll2_i8i32_run3.log",NA,NA,NA,NA,NA,NA,NA
k1_kernel_tuning,RVV,tile_N,8,2026-09-04T11:47:59,k1-rvv,"GEMM_RVV_FP32_INT8_8x8_Baseline","RVV_IGEMM_INT8_I8I32_8x8","igemm_kernel_8x8_zvl256b_lmul2_unroll2_i8i32",8x8,256b,2,2,INT8_RVV,0-7,8,8,1024,1024,1024,8,4,OK,0,NONE,0.630110331,GOPS,3.408107,parallel_tiles_including_required_packing,DISABLED,0,0,"0:cpu0:tiles16;1:cpu1:tiles16;2:cpu2:tiles16;3:cpu3:tiles16;4:cpu4:tiles16;5:cpu5:tiles16;6:cpu6:tiles16;7:cpu7:tiles16","NA",static,0,"NA","NA","/home/bananapi/MAT/kernels riscv rvv 1.0/FINAL/riscv-rvv-ime-gemm-microkernels-updated/HETEROGENEOUS_RVV_IME_OPENMP_GEMM/results/openmp_results_k1-rvv_1024_20260904_113101/raw_logs/GEMM_RVV_FP32_INT8_8x8_Baseline_RVV_IGEMM_INT8_I8I32_8x8_igemm_kernel_8x8_zvl256b_lmul2_unroll2_i8i32_run4.log",NA,NA,NA,NA,NA,NA,NA
k1_kernel_tuning,RVV,tile_N,8,2026-09-04T11:48:00,k1-rvv,"GEMM_RVV_FP32_INT8_8x8_Baseline","RVV_IGEMM_INT8_I8I32_8x8","igemm_kernel_8x8_zvl256b_lmul2_unroll2_i8i32",8x8,256b,2,2,INT8_RVV,0-7,8,8,1024,1024,1024,8,5,OK,0,NONE,0.628467500,GOPS,3.417016,parallel_tiles_including_required_packing,DISABLED,0,0,"0:cpu0:tiles16;1:cpu1:tiles16;2:cpu2:tiles16;3:cpu3:tiles16;4:cpu4:tiles16;5:cpu5:tiles16;6:cpu6:tiles16;7:cpu7:tiles16","NA",static,0,"NA","NA","/home/bananapi/MAT/kernels riscv rvv 1.0/FINAL/riscv-rvv-ime-gemm-microkernels-updated/HETEROGENEOUS_RVV_IME_OPENMP_GEMM/results/openmp_results_k1-rvv_1024_20260904_113101/raw_logs/GEMM_RVV_FP32_INT8_8x8_Baseline_RVV_IGEMM_INT8_I8I32_8x8_igemm_kernel_8x8_zvl256b_lmul2_unroll2_i8i32_run5.log",NA,NA,NA,NA,NA,NA,NA
k1_kernel_tuning,RVV,tile_N,8,2026-09-04T11:48:02,k1-rvv,"GEMM_RVV_FP32_INT8_8x8_Baseline","RVV_IGEMM_INT8_I8I32_8x8","igemm_kernel_8x8_zvl256b_lmul2_unroll2_i8i32",8x8,256b,2,2,INT8_RVV,0-7,8,8,1024,1024,1024,8,6,OK,0,NONE,0.625313126,GOPS,3.434253,parallel_tiles_including_required_packing,DISABLED,0,0,"0:cpu0:tiles16;1:cpu1:tiles16;2:cpu2:tiles16;3:cpu3:tiles16;4:cpu4:tiles16;5:cpu5:tiles16;6:cpu6:tiles16;7:cpu7:tiles16","NA",static,0,"NA","NA","/home/bananapi/MAT/kernels riscv rvv 1.0/FINAL/riscv-rvv-ime-gemm-microkernels-updated/HETEROGENEOUS_RVV_IME_OPENMP_GEMM/results/openmp_results_k1-rvv_1024_20260904_113101/raw_logs/GEMM_RVV_FP32_INT8_8x8_Baseline_RVV_IGEMM_INT8_I8I32_8x8_igemm_kernel_8x8_zvl256b_lmul2_unroll2_i8i32_run6.log",NA,NA,NA,NA,NA,NA,NA
k1_kernel_tuning,RVV,tile_N,8,2026-09-04T11:48:36,k1-rvv,"GEMM_RVV_FP32_INT8_8x8_Baseline","RVV_IGEMM_INT8_I8I32_8x8","igemm_kernel_8x8_zvl256b_lmul2_unroll4_i8i32",8x8,256b,2,4,INT8_RVV,0-7,8,8,1024,1024,1024,8,1,OK,0,NONE,0.714917209,GOPS,3.003821,parallel_tiles_including_required_packing,INDEPENDENT_INT64_REFERENCE_EXACT_INT32,0,0,"0:cpu0:tiles16;1:cpu1:tiles16;2:cpu2:tiles16;3:cpu3:tiles16;4:cpu4:tiles16;5:cpu5:tiles16;6:cpu6:tiles16;7:cpu7:tiles16","NA",static,0,"NA","NA","/home/bananapi/MAT/kernels riscv rvv 1.0/FINAL/riscv-rvv-ime-gemm-microkernels-updated/HETEROGENEOUS_RVV_IME_OPENMP_GEMM/results/openmp_results_k1-rvv_1024_20260904_113101/raw_logs/GEMM_RVV_FP32_INT8_8x8_Baseline_RVV_IGEMM_INT8_I8I32_8x8_igemm_kernel_8x8_zvl256b_lmul2_unroll4_i8i32_run1.log",NA,NA,NA,NA,NA,NA,NA
k1_kernel_tuning,RVV,tile_N,8,2026-09-04T11:48:38,k1-rvv,"GEMM_RVV_FP32_INT8_8x8_Baseline","RVV_IGEMM_INT8_I8I32_8x8","igemm_kernel_8x8_zvl256b_lmul2_unroll4_i8i32",8x8,256b,2,4,INT8_RVV,0-7,8,8,1024,1024,1024,8,2,OK,0,NONE,0.702608749,GOPS,3.056443,parallel_tiles_including_required_packing,DISABLED,0,0,"0:cpu0:tiles16;1:cpu1:tiles16;2:cpu2:tiles16;3:cpu3:tiles16;4:cpu4:tiles16;5:cpu5:tiles16;6:cpu6:tiles16;7:cpu7:tiles16","NA",static,0,"NA","NA","/home/bananapi/MAT/kernels riscv rvv 1.0/FINAL/riscv-rvv-ime-gemm-microkernels-updated/HETEROGENEOUS_RVV_IME_OPENMP_GEMM/results/openmp_results_k1-rvv_1024_20260904_113101/raw_logs/GEMM_RVV_FP32_INT8_8x8_Baseline_RVV_IGEMM_INT8_I8I32_8x8_igemm_kernel_8x8_zvl256b_lmul2_unroll4_i8i32_run2.log",NA,NA,NA,NA,NA,NA,NA
k1_kernel_tuning,RVV,tile_N,8,2026-09-04T11:48:39,k1-rvv,"GEMM_RVV_FP32_INT8_8x8_Baseline","RVV_IGEMM_INT8_I8I32_8x8","igemm_kernel_8x8_zvl256b_lmul2_unroll4_i8i32",8x8,256b,2,4,INT8_RVV,0-7,8,8,1024,1024,1024,8,3,OK,0,NONE,0.697382290,GOPS,3.079349,parallel_tiles_including_required_packing,DISABLED,0,0,"0:cpu0:tiles16;1:cpu1:tiles16;2:cpu2:tiles16;3:cpu3:tiles16;4:cpu4:tiles16;5:cpu5:tiles16;6:cpu6:tiles16;7:cpu7:tiles16","NA",static,0,"NA","NA","/home/bananapi/MAT/kernels riscv rvv 1.0/FINAL/riscv-rvv-ime-gemm-microkernels-updated/HETEROGENEOUS_RVV_IME_OPENMP_GEMM/results/openmp_results_k1-rvv_1024_20260904_113101/raw_logs/GEMM_RVV_FP32_INT8_8x8_Baseline_RVV_IGEMM_INT8_I8I32_8x8_igemm_kernel_8x8_zvl256b_lmul2_unroll4_i8i32_run3.log",NA,NA,NA,NA,NA,NA,NA
k1_kernel_tuning,RVV,tile_N,8,2026-09-04T11:48:41,k1-rvv,"GEMM_RVV_FP32_INT8_8x8_Baseline","RVV_IGEMM_INT8_I8I32_8x8","igemm_kernel_8x8_zvl256b_lmul2_unroll4_i8i32",8x8,256b,2,4,INT8_RVV,0-7,8,8,1024,1024,1024,8,4,OK,0,NONE,0.712888833,GOPS,3.012368,parallel_tiles_including_required_packing,DISABLED,0,0,"0:cpu0:tiles16;1:cpu1:tiles16;2:cpu2:tiles16;3:cpu3:tiles16;4:cpu4:tiles16;5:cpu5:tiles16;6:cpu6:tiles16;7:cpu7:tiles16","NA",static,0,"NA","NA","/home/bananapi/MAT/kernels riscv rvv 1.0/FINAL/riscv-rvv-ime-gemm-microkernels-updated/HETEROGENEOUS_RVV_IME_OPENMP_GEMM/results/openmp_results_k1-rvv_1024_20260904_113101/raw_logs/GEMM_RVV_FP32_INT8_8x8_Baseline_RVV_IGEMM_INT8_I8I32_8x8_igemm_kernel_8x8_zvl256b_lmul2_unroll4_i8i32_run4.log",NA,NA,NA,NA,NA,NA,NA
k1_kernel_tuning,RVV,tile_N,8,2026-09-04T11:48:43,k1-rvv,"GEMM_RVV_FP32_INT8_8x8_Baseline","RVV_IGEMM_INT8_I8I32_8x8","igemm_kernel_8x8_zvl256b_lmul2_unroll4_i8i32",8x8,256b,2,4,INT8_RVV,0-7,8,8,1024,1024,1024,8,5,OK,0,NONE,0.719296958,GOPS,2.985531,parallel_tiles_including_required_packing,DISABLED,0,0,"0:cpu0:tiles16;1:cpu1:tiles16;2:cpu2:tiles16;3:cpu3:tiles16;4:cpu4:tiles16;5:cpu5:tiles16;6:cpu6:tiles16;7:cpu7:tiles16","NA",static,0,"NA","NA","/home/bananapi/MAT/kernels riscv rvv 1.0/FINAL/riscv-rvv-ime-gemm-microkernels-updated/HETEROGENEOUS_RVV_IME_OPENMP_GEMM/results/openmp_results_k1-rvv_1024_20260904_113101/raw_logs/GEMM_RVV_FP32_INT8_8x8_Baseline_RVV_IGEMM_INT8_I8I32_8x8_igemm_kernel_8x8_zvl256b_lmul2_unroll4_i8i32_run5.log",NA,NA,NA,NA,NA,NA,NA
k1_kernel_tuning,RVV,tile_N,8,2026-09-04T11:48:45,k1-rvv,"GEMM_RVV_FP32_INT8_8x8_Baseline","RVV_IGEMM_INT8_I8I32_8x8","igemm_kernel_8x8_zvl256b_lmul2_unroll4_i8i32",8x8,256b,2,4,INT8_RVV,0-7,8,8,1024,1024,1024,8,6,OK,0,NONE,0.708697502,GOPS,3.030184,parallel_tiles_including_required_packing,DISABLED,0,0,"0:cpu0:tiles16;1:cpu1:tiles16;2:cpu2:tiles16;3:cpu3:tiles16;4:cpu4:tiles16;5:cpu5:tiles16;6:cpu6:tiles16;7:cpu7:tiles16","NA",static,0,"NA","NA","/home/bananapi/MAT/kernels riscv rvv 1.0/FINAL/riscv-rvv-ime-gemm-microkernels-updated/HETEROGENEOUS_RVV_IME_OPENMP_GEMM/results/openmp_results_k1-rvv_1024_20260904_113101/raw_logs/GEMM_RVV_FP32_INT8_8x8_Baseline_RVV_IGEMM_INT8_I8I32_8x8_igemm_kernel_8x8_zvl256b_lmul2_unroll4_i8i32_run6.log",NA,NA,NA,NA,NA,NA,NA
k1_kernel_tuning,RVV,tile_N,8,2026-09-04T11:49:27,k1-rvv,"GEMM_RVV_FP32_INT8_8x8_Baseline","RVV_IGEMM_INT8_I8I32_8x8","igemm_kernel_8x8_zvl256b_lmul2_unroll8_i8i32",8x8,256b,2,8,INT8_RVV,0-7,8,8,1024,1024,1024,8,1,OK,0,NONE,0.611838251,GOPS,3.509888,parallel_tiles_including_required_packing,INDEPENDENT_INT64_REFERENCE_EXACT_INT32,0,0,"0:cpu0:tiles16;1:cpu1:tiles16;2:cpu2:tiles16;3:cpu3:tiles16;4:cpu4:tiles16;5:cpu5:tiles16;6:cpu6:tiles16;7:cpu7:tiles16","NA",static,0,"NA","NA","/home/bananapi/MAT/kernels riscv rvv 1.0/FINAL/riscv-rvv-ime-gemm-microkernels-updated/HETEROGENEOUS_RVV_IME_OPENMP_GEMM/results/openmp_results_k1-rvv_1024_20260904_113101/raw_logs/GEMM_RVV_FP32_INT8_8x8_Baseline_RVV_IGEMM_INT8_I8I32_8x8_igemm_kernel_8x8_zvl256b_lmul2_unroll8_i8i32_run1.log",NA,NA,NA,NA,NA,NA,NA
k1_kernel_tuning,RVV,tile_N,8,2026-09-04T11:49:28,k1-rvv,"GEMM_RVV_FP32_INT8_8x8_Baseline","RVV_IGEMM_INT8_I8I32_8x8","igemm_kernel_8x8_zvl256b_lmul2_unroll8_i8i32",8x8,256b,2,8,INT8_RVV,0-7,8,8,1024,1024,1024,8,2,OK,0,NONE,0.596137416,GOPS,3.602330,parallel_tiles_including_required_packing,DISABLED,0,0,"0:cpu0:tiles16;1:cpu1:tiles16;2:cpu2:tiles16;3:cpu3:tiles16;4:cpu4:tiles16;5:cpu5:tiles16;6:cpu6:tiles16;7:cpu7:tiles16","NA",static,0,"NA","NA","/home/bananapi/MAT/kernels riscv rvv 1.0/FINAL/riscv-rvv-ime-gemm-microkernels-updated/HETEROGENEOUS_RVV_IME_OPENMP_GEMM/results/openmp_results_k1-rvv_1024_20260904_113101/raw_logs/GEMM_RVV_FP32_INT8_8x8_Baseline_RVV_IGEMM_INT8_I8I32_8x8_igemm_kernel_8x8_zvl256b_lmul2_unroll8_i8i32_run2.log",NA,NA,NA,NA,NA,NA,NA
k1_kernel_tuning,RVV,tile_N,8,2026-09-04T11:49:30,k1-rvv,"GEMM_RVV_FP32_INT8_8x8_Baseline","RVV_IGEMM_INT8_I8I32_8x8","igemm_kernel_8x8_zvl256b_lmul2_unroll8_i8i32",8x8,256b,2,8,INT8_RVV,0-7,8,8,1024,1024,1024,8,3,OK,0,NONE,0.612069543,GOPS,3.508562,parallel_tiles_including_required_packing,DISABLED,0,0,"0:cpu0:tiles16;1:cpu1:tiles16;2:cpu2:tiles16;3:cpu3:tiles16;4:cpu4:tiles16;5:cpu5:tiles16;6:cpu6:tiles16;7:cpu7:tiles16","NA",static,0,"NA","NA","/home/bananapi/MAT/kernels riscv rvv 1.0/FINAL/riscv-rvv-ime-gemm-microkernels-updated/HETEROGENEOUS_RVV_IME_OPENMP_GEMM/results/openmp_results_k1-rvv_1024_20260904_113101/raw_logs/GEMM_RVV_FP32_INT8_8x8_Baseline_RVV_IGEMM_INT8_I8I32_8x8_igemm_kernel_8x8_zvl256b_lmul2_unroll8_i8i32_run3.log",NA,NA,NA,NA,NA,NA,NA
k1_kernel_tuning,RVV,tile_N,8,2026-09-04T11:49:32,k1-rvv,"GEMM_RVV_FP32_INT8_8x8_Baseline","RVV_IGEMM_INT8_I8I32_8x8","igemm_kernel_8x8_zvl256b_lmul2_unroll8_i8i32",8x8,256b,2,8,INT8_RVV,0-7,8,8,1024,1024,1024,8,4,OK,0,NONE,0.617841624,GOPS,3.475783,parallel_tiles_including_required_packing,DISABLED,0,0,"0:cpu0:tiles16;1:cpu1:tiles16;2:cpu2:tiles16;3:cpu3:tiles16;4:cpu4:tiles16;5:cpu5:tiles16;6:cpu6:tiles16;7:cpu7:tiles16","NA",static,0,"NA","NA","/home/bananapi/MAT/kernels riscv rvv 1.0/FINAL/riscv-rvv-ime-gemm-microkernels-updated/HETEROGENEOUS_RVV_IME_OPENMP_GEMM/results/openmp_results_k1-rvv_1024_20260904_113101/raw_logs/GEMM_RVV_FP32_INT8_8x8_Baseline_RVV_IGEMM_INT8_I8I32_8x8_igemm_kernel_8x8_zvl256b_lmul2_unroll8_i8i32_run4.log",NA,NA,NA,NA,NA,NA,NA
k1_kernel_tuning,RVV,tile_N,8,2026-09-04T11:49:33,k1-rvv,"GEMM_RVV_FP32_INT8_8x8_Baseline","RVV_IGEMM_INT8_I8I32_8x8","igemm_kernel_8x8_zvl256b_lmul2_unroll8_i8i32",8x8,256b,2,8,INT8_RVV,0-7,8,8,1024,1024,1024,8,5,OK,0,NONE,0.613554750,GOPS,3.500068,parallel_tiles_including_required_packing,DISABLED,0,0,"0:cpu0:tiles16;1:cpu1:tiles16;2:cpu2:tiles16;3:cpu3:tiles16;4:cpu4:tiles16;5:cpu5:tiles16;6:cpu6:tiles16;7:cpu7:tiles16","NA",static,0,"NA","NA","/home/bananapi/MAT/kernels riscv rvv 1.0/FINAL/riscv-rvv-ime-gemm-microkernels-updated/HETEROGENEOUS_RVV_IME_OPENMP_GEMM/results/openmp_results_k1-rvv_1024_20260904_113101/raw_logs/GEMM_RVV_FP32_INT8_8x8_Baseline_RVV_IGEMM_INT8_I8I32_8x8_igemm_kernel_8x8_zvl256b_lmul2_unroll8_i8i32_run5.log",NA,NA,NA,NA,NA,NA,NA
k1_kernel_tuning,RVV,tile_N,8,2026-09-04T11:49:35,k1-rvv,"GEMM_RVV_FP32_INT8_8x8_Baseline","RVV_IGEMM_INT8_I8I32_8x8","igemm_kernel_8x8_zvl256b_lmul2_unroll8_i8i32",8x8,256b,2,8,INT8_RVV,0-7,8,8,1024,1024,1024,8,6,OK,0,NONE,0.606736209,GOPS,3.539402,parallel_tiles_including_required_packing,DISABLED,0,0,"0:cpu0:tiles16;1:cpu1:tiles16;2:cpu2:tiles16;3:cpu3:tiles16;4:cpu4:tiles16;5:cpu5:tiles16;6:cpu6:tiles16;7:cpu7:tiles16","NA",static,0,"NA","NA","/home/bananapi/MAT/kernels riscv rvv 1.0/FINAL/riscv-rvv-ime-gemm-microkernels-updated/HETEROGENEOUS_RVV_IME_OPENMP_GEMM/results/openmp_results_k1-rvv_1024_20260904_113101/raw_logs/GEMM_RVV_FP32_INT8_8x8_Baseline_RVV_IGEMM_INT8_I8I32_8x8_igemm_kernel_8x8_zvl256b_lmul2_unroll8_i8i32_run6.log",NA,NA,NA,NA,NA,NA,NA
k1_kernel_tuning,RVV,tile_N,8,2026-09-04T11:50:13,k1-rvv,"GEMM_RVV_FP32_INT8_8x8_Baseline","RVV_IGEMM_INT8_I8I32_8x8","igemm_kernel_8x8_zvl256b_lmulmf2_unroll1_i8i32",8x8,256b,mf2,1,INT8_RVV,0-7,8,8,1024,1024,1024,8,1,OK,0,NONE,0.210829541,GOPS,10.185876,parallel_tiles_including_required_packing,INDEPENDENT_INT64_REFERENCE_EXACT_INT32,0,0,"0:cpu0:tiles16;1:cpu1:tiles16;2:cpu2:tiles16;3:cpu3:tiles16;4:cpu4:tiles16;5:cpu5:tiles16;6:cpu6:tiles16;7:cpu7:tiles16","NA",static,0,"NA","NA","/home/bananapi/MAT/kernels riscv rvv 1.0/FINAL/riscv-rvv-ime-gemm-microkernels-updated/HETEROGENEOUS_RVV_IME_OPENMP_GEMM/results/openmp_results_k1-rvv_1024_20260904_113101/raw_logs/GEMM_RVV_FP32_INT8_8x8_Baseline_RVV_IGEMM_INT8_I8I32_8x8_igemm_kernel_8x8_zvl256b_lmulmf2_unroll1_i8i32_run1.log",NA,NA,NA,NA,NA,NA,NA
k1_kernel_tuning,RVV,tile_N,8,2026-09-04T11:50:13,k1-rvv,"GEMM_RVV_FP32_INT8_8x8_Baseline","RVV_IGEMM_INT8_I8I32_8x8","igemm_kernel_8x8_zvl256b_lmulmf2_unroll1_i8i32",8x8,256b,mf2,1,INT8_RVV,0-7,8,8,1024,1024,1024,8,2,OK,0,NONE,0.201635666,GOPS,10.650316,parallel_tiles_including_required_packing,DISABLED,0,0,"0:cpu0:tiles16;1:cpu1:tiles16;2:cpu2:tiles16;3:cpu3:tiles16;4:cpu4:tiles16;5:cpu5:tiles16;6:cpu6:tiles16;7:cpu7:tiles16","NA",static,0,"NA","NA","/home/bananapi/MAT/kernels riscv rvv 1.0/FINAL/riscv-rvv-ime-gemm-microkernels-updated/HETEROGENEOUS_RVV_IME_OPENMP_GEMM/results/openmp_results_k1-rvv_1024_20260904_113101/raw_logs/GEMM_RVV_FP32_INT8_8x8_Baseline_RVV_IGEMM_INT8_I8I32_8x8_igemm_kernel_8x8_zvl256b_lmulmf2_unroll1_i8i32_run2.log",NA,NA,NA,NA,NA,NA,NA
k1_kernel_tuning,RVV,tile_N,8,2026-09-04T11:50:14,k1-rvv,"GEMM_RVV_FP32_INT8_8x8_Baseline","RVV_IGEMM_INT8_I8I32_8x8","igemm_kernel_8x8_zvl256b_lmulmf2_unroll1_i8i32",8x8,256b,mf2,1,INT8_RVV,0-7,8,8,1024,1024,1024,8,3,OK,0,NONE,0.217286874,GOPS,9.883172,parallel_tiles_including_required_packing,DISABLED,0,0,"0:cpu0:tiles16;1:cpu1:tiles16;2:cpu2:tiles16;3:cpu3:tiles16;4:cpu4:tiles16;5:cpu5:tiles16;6:cpu6:tiles16;7:cpu7:tiles16","NA",static,0,"NA","NA","/home/bananapi/MAT/kernels riscv rvv 1.0/FINAL/riscv-rvv-ime-gemm-microkernels-updated/HETEROGENEOUS_RVV_IME_OPENMP_GEMM/results/openmp_results_k1-rvv_1024_20260904_113101/raw_logs/GEMM_RVV_FP32_INT8_8x8_Baseline_RVV_IGEMM_INT8_I8I32_8x8_igemm_kernel_8x8_zvl256b_lmulmf2_unroll1_i8i32_run3.log",NA,NA,NA,NA,NA,NA,NA
k1_kernel_tuning,RVV,tile_N,8,2026-09-04T11:50:15,k1-rvv,"GEMM_RVV_FP32_INT8_8x8_Baseline","RVV_IGEMM_INT8_I8I32_8x8","igemm_kernel_8x8_zvl256b_lmulmf2_unroll1_i8i32",8x8,256b,mf2,1,INT8_RVV,0-7,8,8,1024,1024,1024,8,4,OK,0,NONE,0.212859709,GOPS,10.088728,parallel_tiles_including_required_packing,DISABLED,0,0,"0:cpu0:tiles16;1:cpu1:tiles16;2:cpu2:tiles16;3:cpu3:tiles16;4:cpu4:tiles16;5:cpu5:tiles16;6:cpu6:tiles16;7:cpu7:tiles16","NA",static,0,"NA","NA","/home/bananapi/MAT/kernels riscv rvv 1.0/FINAL/riscv-rvv-ime-gemm-microkernels-updated/HETEROGENEOUS_RVV_IME_OPENMP_GEMM/results/openmp_results_k1-rvv_1024_20260904_113101/raw_logs/GEMM_RVV_FP32_INT8_8x8_Baseline_RVV_IGEMM_INT8_I8I32_8x8_igemm_kernel_8x8_zvl256b_lmulmf2_unroll1_i8i32_run4.log",NA,NA,NA,NA,NA,NA,NA
k1_kernel_tuning,RVV,tile_N,8,2026-09-04T11:50:16,k1-rvv,"GEMM_RVV_FP32_INT8_8x8_Baseline","RVV_IGEMM_INT8_I8I32_8x8","igemm_kernel_8x8_zvl256b_lmulmf2_unroll1_i8i32",8x8,256b,mf2,1,INT8_RVV,0-7,8,8,1024,1024,1024,8,5,OK,0,NONE,0.204890210,GOPS,10.481143,parallel_tiles_including_required_packing,DISABLED,0,0,"0:cpu0:tiles16;1:cpu1:tiles16;2:cpu2:tiles16;3:cpu3:tiles16;4:cpu4:tiles16;5:cpu5:tiles16;6:cpu6:tiles16;7:cpu7:tiles16","NA",static,0,"NA","NA","/home/bananapi/MAT/kernels riscv rvv 1.0/FINAL/riscv-rvv-ime-gemm-microkernels-updated/HETEROGENEOUS_RVV_IME_OPENMP_GEMM/results/openmp_results_k1-rvv_1024_20260904_113101/raw_logs/GEMM_RVV_FP32_INT8_8x8_Baseline_RVV_IGEMM_INT8_I8I32_8x8_igemm_kernel_8x8_zvl256b_lmulmf2_unroll1_i8i32_run5.log",NA,NA,NA,NA,NA,NA,NA
k1_kernel_tuning,RVV,tile_N,8,2026-09-04T11:50:16,k1-rvv,"GEMM_RVV_FP32_INT8_8x8_Baseline","RVV_IGEMM_INT8_I8I32_8x8","igemm_kernel_8x8_zvl256b_lmulmf2_unroll1_i8i32",8x8,256b,mf2,1,INT8_RVV,0-7,8,8,1024,1024,1024,8,6,OK,0,NONE,0.209027711,GOPS,10.273679,parallel_tiles_including_required_packing,DISABLED,0,0,"0:cpu0:tiles16;1:cpu1:tiles16;2:cpu2:tiles16;3:cpu3:tiles16;4:cpu4:tiles16;5:cpu5:tiles16;6:cpu6:tiles16;7:cpu7:tiles16","NA",static,0,"NA","NA","/home/bananapi/MAT/kernels riscv rvv 1.0/FINAL/riscv-rvv-ime-gemm-microkernels-updated/HETEROGENEOUS_RVV_IME_OPENMP_GEMM/results/openmp_results_k1-rvv_1024_20260904_113101/raw_logs/GEMM_RVV_FP32_INT8_8x8_Baseline_RVV_IGEMM_INT8_I8I32_8x8_igemm_kernel_8x8_zvl256b_lmulmf2_unroll1_i8i32_run6.log",NA,NA,NA,NA,NA,NA,NA
k1_kernel_tuning,RVV,tile_N,8,2026-09-04T11:50:55,k1-rvv,"GEMM_RVV_FP32_INT8_8x8_Baseline","RVV_IGEMM_INT8_I8I32_8x8","igemm_kernel_8x8_zvl256b_lmulmf2_unroll2_i8i32",8x8,256b,mf2,2,INT8_RVV,0-7,8,8,1024,1024,1024,8,1,OK,0,NONE,0.206166379,GOPS,10.416265,parallel_tiles_including_required_packing,INDEPENDENT_INT64_REFERENCE_EXACT_INT32,0,0,"0:cpu0:tiles16;1:cpu1:tiles16;2:cpu2:tiles16;3:cpu3:tiles16;4:cpu4:tiles16;5:cpu5:tiles16;6:cpu6:tiles16;7:cpu7:tiles16","NA",static,0,"NA","NA","/home/bananapi/MAT/kernels riscv rvv 1.0/FINAL/riscv-rvv-ime-gemm-microkernels-updated/HETEROGENEOUS_RVV_IME_OPENMP_GEMM/results/openmp_results_k1-rvv_1024_20260904_113101/raw_logs/GEMM_RVV_FP32_INT8_8x8_Baseline_RVV_IGEMM_INT8_I8I32_8x8_igemm_kernel_8x8_zvl256b_lmulmf2_unroll2_i8i32_run1.log",NA,NA,NA,NA,NA,NA,NA
k1_kernel_tuning,RVV,tile_N,8,2026-09-04T11:50:56,k1-rvv,"GEMM_RVV_FP32_INT8_8x8_Baseline","RVV_IGEMM_INT8_I8I32_8x8","igemm_kernel_8x8_zvl256b_lmulmf2_unroll2_i8i32",8x8,256b,mf2,2,INT8_RVV,0-7,8,8,1024,1024,1024,8,2,OK,0,NONE,0.198340792,GOPS,10.827241,parallel_tiles_including_required_packing,DISABLED,0,0,"0:cpu0:tiles16;1:cpu1:tiles16;2:cpu2:tiles16;3:cpu3:tiles16;4:cpu4:tiles16;5:cpu5:tiles16;6:cpu6:tiles16;7:cpu7:tiles16","NA",static,0,"NA","NA","/home/bananapi/MAT/kernels riscv rvv 1.0/FINAL/riscv-rvv-ime-gemm-microkernels-updated/HETEROGENEOUS_RVV_IME_OPENMP_GEMM/results/openmp_results_k1-rvv_1024_20260904_113101/raw_logs/GEMM_RVV_FP32_INT8_8x8_Baseline_RVV_IGEMM_INT8_I8I32_8x8_igemm_kernel_8x8_zvl256b_lmulmf2_unroll2_i8i32_run2.log",NA,NA,NA,NA,NA,NA,NA
k1_kernel_tuning,RVV,tile_N,8,2026-09-04T11:50:56,k1-rvv,"GEMM_RVV_FP32_INT8_8x8_Baseline","RVV_IGEMM_INT8_I8I32_8x8","igemm_kernel_8x8_zvl256b_lmulmf2_unroll2_i8i32",8x8,256b,mf2,2,INT8_RVV,0-7,8,8,1024,1024,1024,8,3,OK,0,NONE,0.209105458,GOPS,10.269859,parallel_tiles_including_required_packing,DISABLED,0,0,"0:cpu0:tiles16;1:cpu1:tiles16;2:cpu2:tiles16;3:cpu3:tiles16;4:cpu4:tiles16;5:cpu5:tiles16;6:cpu6:tiles16;7:cpu7:tiles16","NA",static,0,"NA","NA","/home/bananapi/MAT/kernels riscv rvv 1.0/FINAL/riscv-rvv-ime-gemm-microkernels-updated/HETEROGENEOUS_RVV_IME_OPENMP_GEMM/results/openmp_results_k1-rvv_1024_20260904_113101/raw_logs/GEMM_RVV_FP32_INT8_8x8_Baseline_RVV_IGEMM_INT8_I8I32_8x8_igemm_kernel_8x8_zvl256b_lmulmf2_unroll2_i8i32_run3.log",NA,NA,NA,NA,NA,NA,NA
k1_kernel_tuning,RVV,tile_N,8,2026-09-04T11:50:57,k1-rvv,"GEMM_RVV_FP32_INT8_8x8_Baseline","RVV_IGEMM_INT8_I8I32_8x8","igemm_kernel_8x8_zvl256b_lmulmf2_unroll2_i8i32",8x8,256b,mf2,2,INT8_RVV,0-7,8,8,1024,1024,1024,8,4,OK,0,NONE,0.206272166,GOPS,10.410923,parallel_tiles_including_required_packing,DISABLED,0,0,"0:cpu0:tiles16;1:cpu1:tiles16;2:cpu2:tiles16;3:cpu3:tiles16;4:cpu4:tiles16;5:cpu5:tiles16;6:cpu6:tiles16;7:cpu7:tiles16","NA",static,0,"NA","NA","/home/bananapi/MAT/kernels riscv rvv 1.0/FINAL/riscv-rvv-ime-gemm-microkernels-updated/HETEROGENEOUS_RVV_IME_OPENMP_GEMM/results/openmp_results_k1-rvv_1024_20260904_113101/raw_logs/GEMM_RVV_FP32_INT8_8x8_Baseline_RVV_IGEMM_INT8_I8I32_8x8_igemm_kernel_8x8_zvl256b_lmulmf2_unroll2_i8i32_run4.log",NA,NA,NA,NA,NA,NA,NA
k1_kernel_tuning,RVV,tile_N,8,2026-09-04T11:50:58,k1-rvv,"GEMM_RVV_FP32_INT8_8x8_Baseline","RVV_IGEMM_INT8_I8I32_8x8","igemm_kernel_8x8_zvl256b_lmulmf2_unroll2_i8i32",8x8,256b,mf2,2,INT8_RVV,0-7,8,8,1024,1024,1024,8,5,OK,0,NONE,0.207358997,GOPS,10.356356,parallel_tiles_including_required_packing,DISABLED,0,0,"0:cpu0:tiles16;1:cpu1:tiles16;2:cpu2:tiles16;3:cpu3:tiles16;4:cpu4:tiles16;5:cpu5:tiles16;6:cpu6:tiles16;7:cpu7:tiles16","NA",static,0,"NA","NA","/home/bananapi/MAT/kernels riscv rvv 1.0/FINAL/riscv-rvv-ime-gemm-microkernels-updated/HETEROGENEOUS_RVV_IME_OPENMP_GEMM/results/openmp_results_k1-rvv_1024_20260904_113101/raw_logs/GEMM_RVV_FP32_INT8_8x8_Baseline_RVV_IGEMM_INT8_I8I32_8x8_igemm_kernel_8x8_zvl256b_lmulmf2_unroll2_i8i32_run5.log",NA,NA,NA,NA,NA,NA,NA
k1_kernel_tuning,RVV,tile_N,8,2026-09-04T11:50:58,k1-rvv,"GEMM_RVV_FP32_INT8_8x8_Baseline","RVV_IGEMM_INT8_I8I32_8x8","igemm_kernel_8x8_zvl256b_lmulmf2_unroll2_i8i32",8x8,256b,mf2,2,INT8_RVV,0-7,8,8,1024,1024,1024,8,6,OK,0,NONE,0.211911082,GOPS,10.133890,parallel_tiles_including_required_packing,DISABLED,0,0,"0:cpu0:tiles16;1:cpu1:tiles16;2:cpu2:tiles16;3:cpu3:tiles16;4:cpu4:tiles16;5:cpu5:tiles16;6:cpu6:tiles16;7:cpu7:tiles16","NA",static,0,"NA","NA","/home/bananapi/MAT/kernels riscv rvv 1.0/FINAL/riscv-rvv-ime-gemm-microkernels-updated/HETEROGENEOUS_RVV_IME_OPENMP_GEMM/results/openmp_results_k1-rvv_1024_20260904_113101/raw_logs/GEMM_RVV_FP32_INT8_8x8_Baseline_RVV_IGEMM_INT8_I8I32_8x8_igemm_kernel_8x8_zvl256b_lmulmf2_unroll2_i8i32_run6.log",NA,NA,NA,NA,NA,NA,NA
k1_kernel_tuning,RVV,tile_N,8,2026-09-04T11:51:37,k1-rvv,"GEMM_RVV_FP32_INT8_8x8_Baseline","RVV_IGEMM_INT8_I8I32_8x8","igemm_kernel_8x8_zvl256b_lmulmf2_unroll4_i8i32",8x8,256b,mf2,4,INT8_RVV,0-7,8,8,1024,1024,1024,8,1,OK,0,NONE,0.217488915,GOPS,9.873991,parallel_tiles_including_required_packing,INDEPENDENT_INT64_REFERENCE_EXACT_INT32,0,0,"0:cpu0:tiles16;1:cpu1:tiles16;2:cpu2:tiles16;3:cpu3:tiles16;4:cpu4:tiles16;5:cpu5:tiles16;6:cpu6:tiles16;7:cpu7:tiles16","NA",static,0,"NA","NA","/home/bananapi/MAT/kernels riscv rvv 1.0/FINAL/riscv-rvv-ime-gemm-microkernels-updated/HETEROGENEOUS_RVV_IME_OPENMP_GEMM/results/openmp_results_k1-rvv_1024_20260904_113101/raw_logs/GEMM_RVV_FP32_INT8_8x8_Baseline_RVV_IGEMM_INT8_I8I32_8x8_igemm_kernel_8x8_zvl256b_lmulmf2_unroll4_i8i32_run1.log",NA,NA,NA,NA,NA,NA,NA
k1_kernel_tuning,RVV,tile_N,8,2026-09-04T11:51:38,k1-rvv,"GEMM_RVV_FP32_INT8_8x8_Baseline","RVV_IGEMM_INT8_I8I32_8x8","igemm_kernel_8x8_zvl256b_lmulmf2_unroll4_i8i32",8x8,256b,mf2,4,INT8_RVV,0-7,8,8,1024,1024,1024,8,2,OK,0,NONE,0.209638417,GOPS,10.243751,parallel_tiles_including_required_packing,DISABLED,0,0,"0:cpu0:tiles16;1:cpu1:tiles16;2:cpu2:tiles16;3:cpu3:tiles16;4:cpu4:tiles16;5:cpu5:tiles16;6:cpu6:tiles16;7:cpu7:tiles16","NA",static,0,"NA","NA","/home/bananapi/MAT/kernels riscv rvv 1.0/FINAL/riscv-rvv-ime-gemm-microkernels-updated/HETEROGENEOUS_RVV_IME_OPENMP_GEMM/results/openmp_results_k1-rvv_1024_20260904_113101/raw_logs/GEMM_RVV_FP32_INT8_8x8_Baseline_RVV_IGEMM_INT8_I8I32_8x8_igemm_kernel_8x8_zvl256b_lmulmf2_unroll4_i8i32_run2.log",NA,NA,NA,NA,NA,NA,NA
k1_kernel_tuning,RVV,tile_N,8,2026-09-04T11:51:39,k1-rvv,"GEMM_RVV_FP32_INT8_8x8_Baseline","RVV_IGEMM_INT8_I8I32_8x8","igemm_kernel_8x8_zvl256b_lmulmf2_unroll4_i8i32",8x8,256b,mf2,4,INT8_RVV,0-7,8,8,1024,1024,1024,8,3,OK,0,NONE,0.209904168,GOPS,10.230781,parallel_tiles_including_required_packing,DISABLED,0,0,"0:cpu0:tiles16;1:cpu1:tiles16;2:cpu2:tiles16;3:cpu3:tiles16;4:cpu4:tiles16;5:cpu5:tiles16;6:cpu6:tiles16;7:cpu7:tiles16","NA",static,0,"NA","NA","/home/bananapi/MAT/kernels riscv rvv 1.0/FINAL/riscv-rvv-ime-gemm-microkernels-updated/HETEROGENEOUS_RVV_IME_OPENMP_GEMM/results/openmp_results_k1-rvv_1024_20260904_113101/raw_logs/GEMM_RVV_FP32_INT8_8x8_Baseline_RVV_IGEMM_INT8_I8I32_8x8_igemm_kernel_8x8_zvl256b_lmulmf2_unroll4_i8i32_run3.log",NA,NA,NA,NA,NA,NA,NA
k1_kernel_tuning,RVV,tile_N,8,2026-09-04T11:51:39,k1-rvv,"GEMM_RVV_FP32_INT8_8x8_Baseline","RVV_IGEMM_INT8_I8I32_8x8","igemm_kernel_8x8_zvl256b_lmulmf2_unroll4_i8i32",8x8,256b,mf2,4,INT8_RVV,0-7,8,8,1024,1024,1024,8,4,OK,0,NONE,0.211606253,GOPS,10.148489,parallel_tiles_including_required_packing,DISABLED,0,0,"0:cpu0:tiles16;1:cpu1:tiles16;2:cpu2:tiles16;3:cpu3:tiles16;4:cpu4:tiles16;5:cpu5:tiles16;6:cpu6:tiles16;7:cpu7:tiles16","NA",static,0,"NA","NA","/home/bananapi/MAT/kernels riscv rvv 1.0/FINAL/riscv-rvv-ime-gemm-microkernels-updated/HETEROGENEOUS_RVV_IME_OPENMP_GEMM/results/openmp_results_k1-rvv_1024_20260904_113101/raw_logs/GEMM_RVV_FP32_INT8_8x8_Baseline_RVV_IGEMM_INT8_I8I32_8x8_igemm_kernel_8x8_zvl256b_lmulmf2_unroll4_i8i32_run4.log",NA,NA,NA,NA,NA,NA,NA
k1_kernel_tuning,RVV,tile_N,8,2026-09-04T11:51:40,k1-rvv,"GEMM_RVV_FP32_INT8_8x8_Baseline","RVV_IGEMM_INT8_I8I32_8x8","igemm_kernel_8x8_zvl256b_lmulmf2_unroll4_i8i32",8x8,256b,mf2,4,INT8_RVV,0-7,8,8,1024,1024,1024,8,5,OK,0,NONE,0.203023292,GOPS,10.577524,parallel_tiles_including_required_packing,DISABLED,0,0,"0:cpu0:tiles16;1:cpu1:tiles16;2:cpu2:tiles16;3:cpu3:tiles16;4:cpu4:tiles16;5:cpu5:tiles16;6:cpu6:tiles16;7:cpu7:tiles16","NA",static,0,"NA","NA","/home/bananapi/MAT/kernels riscv rvv 1.0/FINAL/riscv-rvv-ime-gemm-microkernels-updated/HETEROGENEOUS_RVV_IME_OPENMP_GEMM/results/openmp_results_k1-rvv_1024_20260904_113101/raw_logs/GEMM_RVV_FP32_INT8_8x8_Baseline_RVV_IGEMM_INT8_I8I32_8x8_igemm_kernel_8x8_zvl256b_lmulmf2_unroll4_i8i32_run5.log",NA,NA,NA,NA,NA,NA,NA
k1_kernel_tuning,RVV,tile_N,8,2026-09-04T11:51:41,k1-rvv,"GEMM_RVV_FP32_INT8_8x8_Baseline","RVV_IGEMM_INT8_I8I32_8x8","igemm_kernel_8x8_zvl256b_lmulmf2_unroll4_i8i32",8x8,256b,mf2,4,INT8_RVV,0-7,8,8,1024,1024,1024,8,6,OK,0,NONE,0.202328958,GOPS,10.613823,parallel_tiles_including_required_packing,DISABLED,0,0,"0:cpu0:tiles16;1:cpu1:tiles16;2:cpu2:tiles16;3:cpu3:tiles16;4:cpu4:tiles16;5:cpu5:tiles16;6:cpu6:tiles16;7:cpu7:tiles16","NA",static,0,"NA","NA","/home/bananapi/MAT/kernels riscv rvv 1.0/FINAL/riscv-rvv-ime-gemm-microkernels-updated/HETEROGENEOUS_RVV_IME_OPENMP_GEMM/results/openmp_results_k1-rvv_1024_20260904_113101/raw_logs/GEMM_RVV_FP32_INT8_8x8_Baseline_RVV_IGEMM_INT8_I8I32_8x8_igemm_kernel_8x8_zvl256b_lmulmf2_unroll4_i8i32_run6.log",NA,NA,NA,NA,NA,NA,NA
k1_kernel_tuning,RVV,tile_N,8,2026-09-04T11:52:21,k1-rvv,"GEMM_RVV_FP32_INT8_8x8_Baseline","RVV_IGEMM_INT8_I8I32_8x8","igemm_kernel_8x8_zvl256b_lmulmf2_unroll8_i8i32",8x8,256b,mf2,8,INT8_RVV,0-7,8,8,1024,1024,1024,8,1,OK,0,NONE,0.249475624,GOPS,8.607990,parallel_tiles_including_required_packing,INDEPENDENT_INT64_REFERENCE_EXACT_INT32,0,0,"0:cpu0:tiles16;1:cpu1:tiles16;2:cpu2:tiles16;3:cpu3:tiles16;4:cpu4:tiles16;5:cpu5:tiles16;6:cpu6:tiles16;7:cpu7:tiles16","NA",static,0,"NA","NA","/home/bananapi/MAT/kernels riscv rvv 1.0/FINAL/riscv-rvv-ime-gemm-microkernels-updated/HETEROGENEOUS_RVV_IME_OPENMP_GEMM/results/openmp_results_k1-rvv_1024_20260904_113101/raw_logs/GEMM_RVV_FP32_INT8_8x8_Baseline_RVV_IGEMM_INT8_I8I32_8x8_igemm_kernel_8x8_zvl256b_lmulmf2_unroll8_i8i32_run1.log",NA,NA,NA,NA,NA,NA,NA
k1_kernel_tuning,RVV,tile_N,8,2026-09-04T11:52:22,k1-rvv,"GEMM_RVV_FP32_INT8_8x8_Baseline","RVV_IGEMM_INT8_I8I32_8x8","igemm_kernel_8x8_zvl256b_lmulmf2_unroll8_i8i32",8x8,256b,mf2,8,INT8_RVV,0-7,8,8,1024,1024,1024,8,2,OK,0,NONE,0.238403875,GOPS,9.007755,parallel_tiles_including_required_packing,DISABLED,0,0,"0:cpu0:tiles16;1:cpu1:tiles16;2:cpu2:tiles16;3:cpu3:tiles16;4:cpu4:tiles16;5:cpu5:tiles16;6:cpu6:tiles16;7:cpu7:tiles16","NA",static,0,"NA","NA","/home/bananapi/MAT/kernels riscv rvv 1.0/FINAL/riscv-rvv-ime-gemm-microkernels-updated/HETEROGENEOUS_RVV_IME_OPENMP_GEMM/results/openmp_results_k1-rvv_1024_20260904_113101/raw_logs/GEMM_RVV_FP32_INT8_8x8_Baseline_RVV_IGEMM_INT8_I8I32_8x8_igemm_kernel_8x8_zvl256b_lmulmf2_unroll8_i8i32_run2.log",NA,NA,NA,NA,NA,NA,NA
k1_kernel_tuning,RVV,tile_N,8,2026-09-04T11:52:23,k1-rvv,"GEMM_RVV_FP32_INT8_8x8_Baseline","RVV_IGEMM_INT8_I8I32_8x8","igemm_kernel_8x8_zvl256b_lmulmf2_unroll8_i8i32",8x8,256b,mf2,8,INT8_RVV,0-7,8,8,1024,1024,1024,8,3,OK,0,NONE,0.202718545,GOPS,10.593425,parallel_tiles_including_required_packing,DISABLED,0,0,"0:cpu0:tiles16;1:cpu1:tiles16;2:cpu2:tiles16;3:cpu3:tiles16;4:cpu4:tiles16;5:cpu5:tiles16;6:cpu6:tiles16;7:cpu7:tiles16","NA",static,0,"NA","NA","/home/bananapi/MAT/kernels riscv rvv 1.0/FINAL/riscv-rvv-ime-gemm-microkernels-updated/HETEROGENEOUS_RVV_IME_OPENMP_GEMM/results/openmp_results_k1-rvv_1024_20260904_113101/raw_logs/GEMM_RVV_FP32_INT8_8x8_Baseline_RVV_IGEMM_INT8_I8I32_8x8_igemm_kernel_8x8_zvl256b_lmulmf2_unroll8_i8i32_run3.log",NA,NA,NA,NA,NA,NA,NA
k1_kernel_tuning,RVV,tile_N,8,2026-09-04T11:52:24,k1-rvv,"GEMM_RVV_FP32_INT8_8x8_Baseline","RVV_IGEMM_INT8_I8I32_8x8","igemm_kernel_8x8_zvl256b_lmulmf2_unroll8_i8i32",8x8,256b,mf2,8,INT8_RVV,0-7,8,8,1024,1024,1024,8,4,OK,0,NONE,0.203226876,GOPS,10.566927,parallel_tiles_including_required_packing,DISABLED,0,0,"0:cpu0:tiles16;1:cpu1:tiles16;2:cpu2:tiles16;3:cpu3:tiles16;4:cpu4:tiles16;5:cpu5:tiles16;6:cpu6:tiles16;7:cpu7:tiles16","NA",static,0,"NA","NA","/home/bananapi/MAT/kernels riscv rvv 1.0/FINAL/riscv-rvv-ime-gemm-microkernels-updated/HETEROGENEOUS_RVV_IME_OPENMP_GEMM/results/openmp_results_k1-rvv_1024_20260904_113101/raw_logs/GEMM_RVV_FP32_INT8_8x8_Baseline_RVV_IGEMM_INT8_I8I32_8x8_igemm_kernel_8x8_zvl256b_lmulmf2_unroll8_i8i32_run4.log",NA,NA,NA,NA,NA,NA,NA
k1_kernel_tuning,RVV,tile_N,8,2026-09-04T11:52:24,k1-rvv,"GEMM_RVV_FP32_INT8_8x8_Baseline","RVV_IGEMM_INT8_I8I32_8x8","igemm_kernel_8x8_zvl256b_lmulmf2_unroll8_i8i32",8x8,256b,mf2,8,INT8_RVV,0-7,8,8,1024,1024,1024,8,5,OK,0,NONE,0.200140081,GOPS,10.729903,parallel_tiles_including_required_packing,DISABLED,0,0,"0:cpu0:tiles16;1:cpu1:tiles16;2:cpu2:tiles16;3:cpu3:tiles16;4:cpu4:tiles16;5:cpu5:tiles16;6:cpu6:tiles16;7:cpu7:tiles16","NA",static,0,"NA","NA","/home/bananapi/MAT/kernels riscv rvv 1.0/FINAL/riscv-rvv-ime-gemm-microkernels-updated/HETEROGENEOUS_RVV_IME_OPENMP_GEMM/results/openmp_results_k1-rvv_1024_20260904_113101/raw_logs/GEMM_RVV_FP32_INT8_8x8_Baseline_RVV_IGEMM_INT8_I8I32_8x8_igemm_kernel_8x8_zvl256b_lmulmf2_unroll8_i8i32_run5.log",NA,NA,NA,NA,NA,NA,NA
k1_kernel_tuning,RVV,tile_N,8,2026-09-04T11:52:25,k1-rvv,"GEMM_RVV_FP32_INT8_8x8_Baseline","RVV_IGEMM_INT8_I8I32_8x8","igemm_kernel_8x8_zvl256b_lmulmf2_unroll8_i8i32",8x8,256b,mf2,8,INT8_RVV,0-7,8,8,1024,1024,1024,8,6,OK,0,NONE,0.201056208,GOPS,10.681011,parallel_tiles_including_required_packing,DISABLED,0,0,"0:cpu0:tiles16;1:cpu1:tiles16;2:cpu2:tiles16;3:cpu3:tiles16;4:cpu4:tiles16;5:cpu5:tiles16;6:cpu6:tiles16;7:cpu7:tiles16","NA",static,0,"NA","NA","/home/bananapi/MAT/kernels riscv rvv 1.0/FINAL/riscv-rvv-ime-gemm-microkernels-updated/HETEROGENEOUS_RVV_IME_OPENMP_GEMM/results/openmp_results_k1-rvv_1024_20260904_113101/raw_logs/GEMM_RVV_FP32_INT8_8x8_Baseline_RVV_IGEMM_INT8_I8I32_8x8_igemm_kernel_8x8_zvl256b_lmulmf2_unroll8_i8i32_run6.log",NA,NA,NA,NA,NA,NA,NA
k1_kernel_tuning,RVV,tile_N,8,2026-09-04T11:53:03,k1-rvv,"GEMM_RVV_FP32_INT8_8x8_Baseline","RVV_IGEMM_INT8_I8I32_8x8","igemm_kernel_8x8_zvl256b_lmulmf4_unroll1_i8i32",8x8,256b,mf4,1,INT8_RVV,0-7,8,8,1024,1024,1024,8,1,OK,0,NONE,0.212289292,GOPS,10.115836,parallel_tiles_including_required_packing,INDEPENDENT_INT64_REFERENCE_EXACT_INT32,0,0,"0:cpu0:tiles16;1:cpu1:tiles16;2:cpu2:tiles16;3:cpu3:tiles16;4:cpu4:tiles16;5:cpu5:tiles16;6:cpu6:tiles16;7:cpu7:tiles16","NA",static,0,"NA","NA","/home/bananapi/MAT/kernels riscv rvv 1.0/FINAL/riscv-rvv-ime-gemm-microkernels-updated/HETEROGENEOUS_RVV_IME_OPENMP_GEMM/results/openmp_results_k1-rvv_1024_20260904_113101/raw_logs/GEMM_RVV_FP32_INT8_8x8_Baseline_RVV_IGEMM_INT8_I8I32_8x8_igemm_kernel_8x8_zvl256b_lmulmf4_unroll1_i8i32_run1.log",NA,NA,NA,NA,NA,NA,NA
k1_kernel_tuning,RVV,tile_N,8,2026-09-04T11:53:04,k1-rvv,"GEMM_RVV_FP32_INT8_8x8_Baseline","RVV_IGEMM_INT8_I8I32_8x8","igemm_kernel_8x8_zvl256b_lmulmf4_unroll1_i8i32",8x8,256b,mf4,1,INT8_RVV,0-7,8,8,1024,1024,1024,8,2,OK,0,NONE,0.205351584,GOPS,10.457595,parallel_tiles_including_required_packing,DISABLED,0,0,"0:cpu0:tiles16;1:cpu1:tiles16;2:cpu2:tiles16;3:cpu3:tiles16;4:cpu4:tiles16;5:cpu5:tiles16;6:cpu6:tiles16;7:cpu7:tiles16","NA",static,0,"NA","NA","/home/bananapi/MAT/kernels riscv rvv 1.0/FINAL/riscv-rvv-ime-gemm-microkernels-updated/HETEROGENEOUS_RVV_IME_OPENMP_GEMM/results/openmp_results_k1-rvv_1024_20260904_113101/raw_logs/GEMM_RVV_FP32_INT8_8x8_Baseline_RVV_IGEMM_INT8_I8I32_8x8_igemm_kernel_8x8_zvl256b_lmulmf4_unroll1_i8i32_run2.log",NA,NA,NA,NA,NA,NA,NA
k1_kernel_tuning,RVV,tile_N,8,2026-09-04T11:53:05,k1-rvv,"GEMM_RVV_FP32_INT8_8x8_Baseline","RVV_IGEMM_INT8_I8I32_8x8","igemm_kernel_8x8_zvl256b_lmulmf4_unroll1_i8i32",8x8,256b,mf4,1,INT8_RVV,0-7,8,8,1024,1024,1024,8,3,OK,0,NONE,0.209554419,GOPS,10.247857,parallel_tiles_including_required_packing,DISABLED,0,0,"0:cpu0:tiles16;1:cpu1:tiles16;2:cpu2:tiles16;3:cpu3:tiles16;4:cpu4:tiles16;5:cpu5:tiles16;6:cpu6:tiles16;7:cpu7:tiles16","NA",static,0,"NA","NA","/home/bananapi/MAT/kernels riscv rvv 1.0/FINAL/riscv-rvv-ime-gemm-microkernels-updated/HETEROGENEOUS_RVV_IME_OPENMP_GEMM/results/openmp_results_k1-rvv_1024_20260904_113101/raw_logs/GEMM_RVV_FP32_INT8_8x8_Baseline_RVV_IGEMM_INT8_I8I32_8x8_igemm_kernel_8x8_zvl256b_lmulmf4_unroll1_i8i32_run3.log",NA,NA,NA,NA,NA,NA,NA
k1_kernel_tuning,RVV,tile_N,8,2026-09-04T11:53:05,k1-rvv,"GEMM_RVV_FP32_INT8_8x8_Baseline","RVV_IGEMM_INT8_I8I32_8x8","igemm_kernel_8x8_zvl256b_lmulmf4_unroll1_i8i32",8x8,256b,mf4,1,INT8_RVV,0-7,8,8,1024,1024,1024,8,4,OK,0,NONE,0.199838668,GOPS,10.746087,parallel_tiles_including_required_packing,DISABLED,0,0,"0:cpu0:tiles16;1:cpu1:tiles16;2:cpu2:tiles16;3:cpu3:tiles16;4:cpu4:tiles16;5:cpu5:tiles16;6:cpu6:tiles16;7:cpu7:tiles16","NA",static,0,"NA","NA","/home/bananapi/MAT/kernels riscv rvv 1.0/FINAL/riscv-rvv-ime-gemm-microkernels-updated/HETEROGENEOUS_RVV_IME_OPENMP_GEMM/results/openmp_results_k1-rvv_1024_20260904_113101/raw_logs/GEMM_RVV_FP32_INT8_8x8_Baseline_RVV_IGEMM_INT8_I8I32_8x8_igemm_kernel_8x8_zvl256b_lmulmf4_unroll1_i8i32_run4.log",NA,NA,NA,NA,NA,NA,NA
k1_kernel_tuning,RVV,tile_N,8,2026-09-04T11:53:06,k1-rvv,"GEMM_RVV_FP32_INT8_8x8_Baseline","RVV_IGEMM_INT8_I8I32_8x8","igemm_kernel_8x8_zvl256b_lmulmf4_unroll1_i8i32",8x8,256b,mf4,1,INT8_RVV,0-7,8,8,1024,1024,1024,8,5,OK,0,NONE,0.211834498,GOPS,10.137554,parallel_tiles_including_required_packing,DISABLED,0,0,"0:cpu0:tiles16;1:cpu1:tiles16;2:cpu2:tiles16;3:cpu3:tiles16;4:cpu4:tiles16;5:cpu5:tiles16;6:cpu6:tiles16;7:cpu7:tiles16","NA",static,0,"NA","NA","/home/bananapi/MAT/kernels riscv rvv 1.0/FINAL/riscv-rvv-ime-gemm-microkernels-updated/HETEROGENEOUS_RVV_IME_OPENMP_GEMM/results/openmp_results_k1-rvv_1024_20260904_113101/raw_logs/GEMM_RVV_FP32_INT8_8x8_Baseline_RVV_IGEMM_INT8_I8I32_8x8_igemm_kernel_8x8_zvl256b_lmulmf4_unroll1_i8i32_run5.log",NA,NA,NA,NA,NA,NA,NA
k1_kernel_tuning,RVV,tile_N,8,2026-09-04T11:53:07,k1-rvv,"GEMM_RVV_FP32_INT8_8x8_Baseline","RVV_IGEMM_INT8_I8I32_8x8","igemm_kernel_8x8_zvl256b_lmulmf4_unroll1_i8i32",8x8,256b,mf4,1,INT8_RVV,0-7,8,8,1024,1024,1024,8,6,OK,0,NONE,0.202301584,GOPS,10.615259,parallel_tiles_including_required_packing,DISABLED,0,0,"0:cpu0:tiles16;1:cpu1:tiles16;2:cpu2:tiles16;3:cpu3:tiles16;4:cpu4:tiles16;5:cpu5:tiles16;6:cpu6:tiles16;7:cpu7:tiles16","NA",static,0,"NA","NA","/home/bananapi/MAT/kernels riscv rvv 1.0/FINAL/riscv-rvv-ime-gemm-microkernels-updated/HETEROGENEOUS_RVV_IME_OPENMP_GEMM/results/openmp_results_k1-rvv_1024_20260904_113101/raw_logs/GEMM_RVV_FP32_INT8_8x8_Baseline_RVV_IGEMM_INT8_I8I32_8x8_igemm_kernel_8x8_zvl256b_lmulmf4_unroll1_i8i32_run6.log",NA,NA,NA,NA,NA,NA,NA
k1_kernel_tuning,RVV,tile_N,8,2026-09-04T11:53:45,k1-rvv,"GEMM_RVV_FP32_INT8_8x8_Baseline","RVV_IGEMM_INT8_I8I32_8x8","igemm_kernel_8x8_zvl256b_lmulmf4_unroll2_i8i32",8x8,256b,mf4,2,INT8_RVV,0-7,8,8,1024,1024,1024,8,1,OK,0,NONE,0.197270710,GOPS,10.885973,parallel_tiles_including_required_packing,INDEPENDENT_INT64_REFERENCE_EXACT_INT32,0,0,"0:cpu0:tiles16;1:cpu1:tiles16;2:cpu2:tiles16;3:cpu3:tiles16;4:cpu4:tiles16;5:cpu5:tiles16;6:cpu6:tiles16;7:cpu7:tiles16","NA",static,0,"NA","NA","/home/bananapi/MAT/kernels riscv rvv 1.0/FINAL/riscv-rvv-ime-gemm-microkernels-updated/HETEROGENEOUS_RVV_IME_OPENMP_GEMM/results/openmp_results_k1-rvv_1024_20260904_113101/raw_logs/GEMM_RVV_FP32_INT8_8x8_Baseline_RVV_IGEMM_INT8_I8I32_8x8_igemm_kernel_8x8_zvl256b_lmulmf4_unroll2_i8i32_run1.log",NA,NA,NA,NA,NA,NA,NA
k1_kernel_tuning,RVV,tile_N,8,2026-09-04T11:53:46,k1-rvv,"GEMM_RVV_FP32_INT8_8x8_Baseline","RVV_IGEMM_INT8_I8I32_8x8","igemm_kernel_8x8_zvl256b_lmulmf4_unroll2_i8i32",8x8,256b,mf4,2,INT8_RVV,0-7,8,8,1024,1024,1024,8,2,OK,0,NONE,0.196555249,GOPS,10.925598,parallel_tiles_including_required_packing,DISABLED,0,0,"0:cpu0:tiles16;1:cpu1:tiles16;2:cpu2:tiles16;3:cpu3:tiles16;4:cpu4:tiles16;5:cpu5:tiles16;6:cpu6:tiles16;7:cpu7:tiles16","NA",static,0,"NA","NA","/home/bananapi/MAT/kernels riscv rvv 1.0/FINAL/riscv-rvv-ime-gemm-microkernels-updated/HETEROGENEOUS_RVV_IME_OPENMP_GEMM/results/openmp_results_k1-rvv_1024_20260904_113101/raw_logs/GEMM_RVV_FP32_INT8_8x8_Baseline_RVV_IGEMM_INT8_I8I32_8x8_igemm_kernel_8x8_zvl256b_lmulmf4_unroll2_i8i32_run2.log",NA,NA,NA,NA,NA,NA,NA
k1_kernel_tuning,RVV,tile_N,8,2026-09-04T11:53:47,k1-rvv,"GEMM_RVV_FP32_INT8_8x8_Baseline","RVV_IGEMM_INT8_I8I32_8x8","igemm_kernel_8x8_zvl256b_lmulmf4_unroll2_i8i32",8x8,256b,mf4,2,INT8_RVV,0-7,8,8,1024,1024,1024,8,3,OK,0,NONE,0.196146041,GOPS,10.948391,parallel_tiles_including_required_packing,DISABLED,0,0,"0:cpu0:tiles16;1:cpu1:tiles16;2:cpu2:tiles16;3:cpu3:tiles16;4:cpu4:tiles16;5:cpu5:tiles16;6:cpu6:tiles16;7:cpu7:tiles16","NA",static,0,"NA","NA","/home/bananapi/MAT/kernels riscv rvv 1.0/FINAL/riscv-rvv-ime-gemm-microkernels-updated/HETEROGENEOUS_RVV_IME_OPENMP_GEMM/results/openmp_results_k1-rvv_1024_20260904_113101/raw_logs/GEMM_RVV_FP32_INT8_8x8_Baseline_RVV_IGEMM_INT8_I8I32_8x8_igemm_kernel_8x8_zvl256b_lmulmf4_unroll2_i8i32_run3.log",NA,NA,NA,NA,NA,NA,NA
k1_kernel_tuning,RVV,tile_N,8,2026-09-04T11:53:47,k1-rvv,"GEMM_RVV_FP32_INT8_8x8_Baseline","RVV_IGEMM_INT8_I8I32_8x8","igemm_kernel_8x8_zvl256b_lmulmf4_unroll2_i8i32",8x8,256b,mf4,2,INT8_RVV,0-7,8,8,1024,1024,1024,8,4,OK,0,NONE,0.212035123,GOPS,10.127962,parallel_tiles_including_required_packing,DISABLED,0,0,"0:cpu0:tiles16;1:cpu1:tiles16;2:cpu2:tiles16;3:cpu3:tiles16;4:cpu4:tiles16;5:cpu5:tiles16;6:cpu6:tiles16;7:cpu7:tiles16","NA",static,0,"NA","NA","/home/bananapi/MAT/kernels riscv rvv 1.0/FINAL/riscv-rvv-ime-gemm-microkernels-updated/HETEROGENEOUS_RVV_IME_OPENMP_GEMM/results/openmp_results_k1-rvv_1024_20260904_113101/raw_logs/GEMM_RVV_FP32_INT8_8x8_Baseline_RVV_IGEMM_INT8_I8I32_8x8_igemm_kernel_8x8_zvl256b_lmulmf4_unroll2_i8i32_run4.log",NA,NA,NA,NA,NA,NA,NA
k1_kernel_tuning,RVV,tile_N,8,2026-09-04T11:53:48,k1-rvv,"GEMM_RVV_FP32_INT8_8x8_Baseline","RVV_IGEMM_INT8_I8I32_8x8","igemm_kernel_8x8_zvl256b_lmulmf4_unroll2_i8i32",8x8,256b,mf4,2,INT8_RVV,0-7,8,8,1024,1024,1024,8,5,OK,0,NONE,0.199442126,GOPS,10.767453,parallel_tiles_including_required_packing,DISABLED,0,0,"0:cpu0:tiles16;1:cpu1:tiles16;2:cpu2:tiles16;3:cpu3:tiles16;4:cpu4:tiles16;5:cpu5:tiles16;6:cpu6:tiles16;7:cpu7:tiles16","NA",static,0,"NA","NA","/home/bananapi/MAT/kernels riscv rvv 1.0/FINAL/riscv-rvv-ime-gemm-microkernels-updated/HETEROGENEOUS_RVV_IME_OPENMP_GEMM/results/openmp_results_k1-rvv_1024_20260904_113101/raw_logs/GEMM_RVV_FP32_INT8_8x8_Baseline_RVV_IGEMM_INT8_I8I32_8x8_igemm_kernel_8x8_zvl256b_lmulmf4_unroll2_i8i32_run5.log",NA,NA,NA,NA,NA,NA,NA
k1_kernel_tuning,RVV,tile_N,8,2026-09-04T11:53:49,k1-rvv,"GEMM_RVV_FP32_INT8_8x8_Baseline","RVV_IGEMM_INT8_I8I32_8x8","igemm_kernel_8x8_zvl256b_lmulmf4_unroll2_i8i32",8x8,256b,mf4,2,INT8_RVV,0-7,8,8,1024,1024,1024,8,6,OK,0,NONE,0.203010667,GOPS,10.578181,parallel_tiles_including_required_packing,DISABLED,0,0,"0:cpu0:tiles16;1:cpu1:tiles16;2:cpu2:tiles16;3:cpu3:tiles16;4:cpu4:tiles16;5:cpu5:tiles16;6:cpu6:tiles16;7:cpu7:tiles16","NA",static,0,"NA","NA","/home/bananapi/MAT/kernels riscv rvv 1.0/FINAL/riscv-rvv-ime-gemm-microkernels-updated/HETEROGENEOUS_RVV_IME_OPENMP_GEMM/results/openmp_results_k1-rvv_1024_20260904_113101/raw_logs/GEMM_RVV_FP32_INT8_8x8_Baseline_RVV_IGEMM_INT8_I8I32_8x8_igemm_kernel_8x8_zvl256b_lmulmf4_unroll2_i8i32_run6.log",NA,NA,NA,NA,NA,NA,NA
k1_kernel_tuning,RVV,tile_N,8,2026-09-04T11:54:21,k1-rvv,"GEMM_RVV_FP32_INT8_8x8_Baseline","RVV_IGEMM_INT8_I8I32_8x8","igemm_kernel_8x8_zvl256b_lmulmf4_unroll4_i8i32",8x8,256b,mf4,4,INT8_RVV,0-7,8,8,1024,1024,1024,8,1,OK,0,NONE,0.247121584,GOPS,8.689988,parallel_tiles_including_required_packing,INDEPENDENT_INT64_REFERENCE_EXACT_INT32,0,0,"0:cpu0:tiles16;1:cpu1:tiles16;2:cpu2:tiles16;3:cpu3:tiles16;4:cpu4:tiles16;5:cpu5:tiles16;6:cpu6:tiles16;7:cpu7:tiles16","NA",static,0,"NA","NA","/home/bananapi/MAT/kernels riscv rvv 1.0/FINAL/riscv-rvv-ime-gemm-microkernels-updated/HETEROGENEOUS_RVV_IME_OPENMP_GEMM/results/openmp_results_k1-rvv_1024_20260904_113101/raw_logs/GEMM_RVV_FP32_INT8_8x8_Baseline_RVV_IGEMM_INT8_I8I32_8x8_igemm_kernel_8x8_zvl256b_lmulmf4_unroll4_i8i32_run1.log",NA,NA,NA,NA,NA,NA,NA
k1_kernel_tuning,RVV,tile_N,8,2026-09-04T11:54:22,k1-rvv,"GEMM_RVV_FP32_INT8_8x8_Baseline","RVV_IGEMM_INT8_I8I32_8x8","igemm_kernel_8x8_zvl256b_lmulmf4_unroll4_i8i32",8x8,256b,mf4,4,INT8_RVV,0-7,8,8,1024,1024,1024,8,2,OK,0,NONE,0.234398916,GOPS,9.161662,parallel_tiles_including_required_packing,DISABLED,0,0,"0:cpu0:tiles16;1:cpu1:tiles16;2:cpu2:tiles16;3:cpu3:tiles16;4:cpu4:tiles16;5:cpu5:tiles16;6:cpu6:tiles16;7:cpu7:tiles16","NA",static,0,"NA","NA","/home/bananapi/MAT/kernels riscv rvv 1.0/FINAL/riscv-rvv-ime-gemm-microkernels-updated/HETEROGENEOUS_RVV_IME_OPENMP_GEMM/results/openmp_results_k1-rvv_1024_20260904_113101/raw_logs/GEMM_RVV_FP32_INT8_8x8_Baseline_RVV_IGEMM_INT8_I8I32_8x8_igemm_kernel_8x8_zvl256b_lmulmf4_unroll4_i8i32_run2.log",NA,NA,NA,NA,NA,NA,NA
k1_kernel_tuning,RVV,tile_N,8,2026-09-04T11:54:22,k1-rvv,"GEMM_RVV_FP32_INT8_8x8_Baseline","RVV_IGEMM_INT8_I8I32_8x8","igemm_kernel_8x8_zvl256b_lmulmf4_unroll4_i8i32",8x8,256b,mf4,4,INT8_RVV,0-7,8,8,1024,1024,1024,8,3,OK,0,NONE,0.228849705,GOPS,9.383817,parallel_tiles_including_required_packing,DISABLED,0,0,"0:cpu0:tiles16;1:cpu1:tiles16;2:cpu2:tiles16;3:cpu3:tiles16;4:cpu4:tiles16;5:cpu5:tiles16;6:cpu6:tiles16;7:cpu7:tiles16","NA",static,0,"NA","NA","/home/bananapi/MAT/kernels riscv rvv 1.0/FINAL/riscv-rvv-ime-gemm-microkernels-updated/HETEROGENEOUS_RVV_IME_OPENMP_GEMM/results/openmp_results_k1-rvv_1024_20260904_113101/raw_logs/GEMM_RVV_FP32_INT8_8x8_Baseline_RVV_IGEMM_INT8_I8I32_8x8_igemm_kernel_8x8_zvl256b_lmulmf4_unroll4_i8i32_run3.log",NA,NA,NA,NA,NA,NA,NA
k1_kernel_tuning,RVV,tile_N,8,2026-09-04T11:54:23,k1-rvv,"GEMM_RVV_FP32_INT8_8x8_Baseline","RVV_IGEMM_INT8_I8I32_8x8","igemm_kernel_8x8_zvl256b_lmulmf4_unroll4_i8i32",8x8,256b,mf4,4,INT8_RVV,0-7,8,8,1024,1024,1024,8,4,OK,0,NONE,0.226233624,GOPS,9.492327,parallel_tiles_including_required_packing,DISABLED,0,0,"0:cpu0:tiles16;1:cpu1:tiles16;2:cpu2:tiles16;3:cpu3:tiles16;4:cpu4:tiles16;5:cpu5:tiles16;6:cpu6:tiles16;7:cpu7:tiles16","NA",static,0,"NA","NA","/home/bananapi/MAT/kernels riscv rvv 1.0/FINAL/riscv-rvv-ime-gemm-microkernels-updated/HETEROGENEOUS_RVV_IME_OPENMP_GEMM/results/openmp_results_k1-rvv_1024_20260904_113101/raw_logs/GEMM_RVV_FP32_INT8_8x8_Baseline_RVV_IGEMM_INT8_I8I32_8x8_igemm_kernel_8x8_zvl256b_lmulmf4_unroll4_i8i32_run4.log",NA,NA,NA,NA,NA,NA,NA
k1_kernel_tuning,RVV,tile_N,8,2026-09-04T11:54:24,k1-rvv,"GEMM_RVV_FP32_INT8_8x8_Baseline","RVV_IGEMM_INT8_I8I32_8x8","igemm_kernel_8x8_zvl256b_lmulmf4_unroll4_i8i32",8x8,256b,mf4,4,INT8_RVV,0-7,8,8,1024,1024,1024,8,5,OK,0,NONE,0.232213419,GOPS,9.247888,parallel_tiles_including_required_packing,DISABLED,0,0,"0:cpu0:tiles16;1:cpu1:tiles16;2:cpu2:tiles16;3:cpu3:tiles16;4:cpu4:tiles16;5:cpu5:tiles16;6:cpu6:tiles16;7:cpu7:tiles16","NA",static,0,"NA","NA","/home/bananapi/MAT/kernels riscv rvv 1.0/FINAL/riscv-rvv-ime-gemm-microkernels-updated/HETEROGENEOUS_RVV_IME_OPENMP_GEMM/results/openmp_results_k1-rvv_1024_20260904_113101/raw_logs/GEMM_RVV_FP32_INT8_8x8_Baseline_RVV_IGEMM_INT8_I8I32_8x8_igemm_kernel_8x8_zvl256b_lmulmf4_unroll4_i8i32_run5.log",NA,NA,NA,NA,NA,NA,NA
k1_kernel_tuning,RVV,tile_N,8,2026-09-04T11:54:25,k1-rvv,"GEMM_RVV_FP32_INT8_8x8_Baseline","RVV_IGEMM_INT8_I8I32_8x8","igemm_kernel_8x8_zvl256b_lmulmf4_unroll4_i8i32",8x8,256b,mf4,4,INT8_RVV,0-7,8,8,1024,1024,1024,8,6,OK,0,NONE,0.210842248,GOPS,10.185263,parallel_tiles_including_required_packing,DISABLED,0,0,"0:cpu0:tiles16;1:cpu1:tiles16;2:cpu2:tiles16;3:cpu3:tiles16;4:cpu4:tiles16;5:cpu5:tiles16;6:cpu6:tiles16;7:cpu7:tiles16","NA",static,0,"NA","NA","/home/bananapi/MAT/kernels riscv rvv 1.0/FINAL/riscv-rvv-ime-gemm-microkernels-updated/HETEROGENEOUS_RVV_IME_OPENMP_GEMM/results/openmp_results_k1-rvv_1024_20260904_113101/raw_logs/GEMM_RVV_FP32_INT8_8x8_Baseline_RVV_IGEMM_INT8_I8I32_8x8_igemm_kernel_8x8_zvl256b_lmulmf4_unroll4_i8i32_run6.log",NA,NA,NA,NA,NA,NA,NA
k1_kernel_tuning,RVV,tile_N,8,2026-09-04T11:55:05,k1-rvv,"GEMM_RVV_FP32_INT8_8x8_Baseline","RVV_IGEMM_INT8_I8I32_8x8","igemm_kernel_8x8_zvl256b_lmulmf4_unroll8_i8i32",8x8,256b,mf4,8,INT8_RVV,0-7,8,8,1024,1024,1024,8,1,OK,0,NONE,0.204271544,GOPS,10.512887,parallel_tiles_including_required_packing,INDEPENDENT_INT64_REFERENCE_EXACT_INT32,0,0,"0:cpu0:tiles16;1:cpu1:tiles16;2:cpu2:tiles16;3:cpu3:tiles16;4:cpu4:tiles16;5:cpu5:tiles16;6:cpu6:tiles16;7:cpu7:tiles16","NA",static,0,"NA","NA","/home/bananapi/MAT/kernels riscv rvv 1.0/FINAL/riscv-rvv-ime-gemm-microkernels-updated/HETEROGENEOUS_RVV_IME_OPENMP_GEMM/results/openmp_results_k1-rvv_1024_20260904_113101/raw_logs/GEMM_RVV_FP32_INT8_8x8_Baseline_RVV_IGEMM_INT8_I8I32_8x8_igemm_kernel_8x8_zvl256b_lmulmf4_unroll8_i8i32_run1.log",NA,NA,NA,NA,NA,NA,NA
k1_kernel_tuning,RVV,tile_N,8,2026-09-04T11:55:06,k1-rvv,"GEMM_RVV_FP32_INT8_8x8_Baseline","RVV_IGEMM_INT8_I8I32_8x8","igemm_kernel_8x8_zvl256b_lmulmf4_unroll8_i8i32",8x8,256b,mf4,8,INT8_RVV,0-7,8,8,1024,1024,1024,8,2,OK,0,NONE,0.214074999,GOPS,10.031455,parallel_tiles_including_required_packing,DISABLED,0,0,"0:cpu0:tiles16;1:cpu1:tiles16;2:cpu2:tiles16;3:cpu3:tiles16;4:cpu4:tiles16;5:cpu5:tiles16;6:cpu6:tiles16;7:cpu7:tiles16","NA",static,0,"NA","NA","/home/bananapi/MAT/kernels riscv rvv 1.0/FINAL/riscv-rvv-ime-gemm-microkernels-updated/HETEROGENEOUS_RVV_IME_OPENMP_GEMM/results/openmp_results_k1-rvv_1024_20260904_113101/raw_logs/GEMM_RVV_FP32_INT8_8x8_Baseline_RVV_IGEMM_INT8_I8I32_8x8_igemm_kernel_8x8_zvl256b_lmulmf4_unroll8_i8i32_run2.log",NA,NA,NA,NA,NA,NA,NA
k1_kernel_tuning,RVV,tile_N,8,2026-09-04T11:55:07,k1-rvv,"GEMM_RVV_FP32_INT8_8x8_Baseline","RVV_IGEMM_INT8_I8I32_8x8","igemm_kernel_8x8_zvl256b_lmulmf4_unroll8_i8i32",8x8,256b,mf4,8,INT8_RVV,0-7,8,8,1024,1024,1024,8,3,OK,0,NONE,0.201784167,GOPS,10.642478,parallel_tiles_including_required_packing,DISABLED,0,0,"0:cpu0:tiles16;1:cpu1:tiles16;2:cpu2:tiles16;3:cpu3:tiles16;4:cpu4:tiles16;5:cpu5:tiles16;6:cpu6:tiles16;7:cpu7:tiles16","NA",static,0,"NA","NA","/home/bananapi/MAT/kernels riscv rvv 1.0/FINAL/riscv-rvv-ime-gemm-microkernels-updated/HETEROGENEOUS_RVV_IME_OPENMP_GEMM/results/openmp_results_k1-rvv_1024_20260904_113101/raw_logs/GEMM_RVV_FP32_INT8_8x8_Baseline_RVV_IGEMM_INT8_I8I32_8x8_igemm_kernel_8x8_zvl256b_lmulmf4_unroll8_i8i32_run3.log",NA,NA,NA,NA,NA,NA,NA
k1_kernel_tuning,RVV,tile_N,8,2026-09-04T11:55:08,k1-rvv,"GEMM_RVV_FP32_INT8_8x8_Baseline","RVV_IGEMM_INT8_I8I32_8x8","igemm_kernel_8x8_zvl256b_lmulmf4_unroll8_i8i32",8x8,256b,mf4,8,INT8_RVV,0-7,8,8,1024,1024,1024,8,4,OK,0,NONE,0.202682290,GOPS,10.595320,parallel_tiles_including_required_packing,DISABLED,0,0,"0:cpu0:tiles16;1:cpu1:tiles16;2:cpu2:tiles16;3:cpu3:tiles16;4:cpu4:tiles16;5:cpu5:tiles16;6:cpu6:tiles16;7:cpu7:tiles16","NA",static,0,"NA","NA","/home/bananapi/MAT/kernels riscv rvv 1.0/FINAL/riscv-rvv-ime-gemm-microkernels-updated/HETEROGENEOUS_RVV_IME_OPENMP_GEMM/results/openmp_results_k1-rvv_1024_20260904_113101/raw_logs/GEMM_RVV_FP32_INT8_8x8_Baseline_RVV_IGEMM_INT8_I8I32_8x8_igemm_kernel_8x8_zvl256b_lmulmf4_unroll8_i8i32_run4.log",NA,NA,NA,NA,NA,NA,NA
k1_kernel_tuning,RVV,tile_N,8,2026-09-04T11:55:08,k1-rvv,"GEMM_RVV_FP32_INT8_8x8_Baseline","RVV_IGEMM_INT8_I8I32_8x8","igemm_kernel_8x8_zvl256b_lmulmf4_unroll8_i8i32",8x8,256b,mf4,8,INT8_RVV,0-7,8,8,1024,1024,1024,8,5,OK,0,NONE,0.198422834,GOPS,10.822765,parallel_tiles_including_required_packing,DISABLED,0,0,"0:cpu0:tiles16;1:cpu1:tiles16;2:cpu2:tiles16;3:cpu3:tiles16;4:cpu4:tiles16;5:cpu5:tiles16;6:cpu6:tiles16;7:cpu7:tiles16","NA",static,0,"NA","NA","/home/bananapi/MAT/kernels riscv rvv 1.0/FINAL/riscv-rvv-ime-gemm-microkernels-updated/HETEROGENEOUS_RVV_IME_OPENMP_GEMM/results/openmp_results_k1-rvv_1024_20260904_113101/raw_logs/GEMM_RVV_FP32_INT8_8x8_Baseline_RVV_IGEMM_INT8_I8I32_8x8_igemm_kernel_8x8_zvl256b_lmulmf4_unroll8_i8i32_run5.log",NA,NA,NA,NA,NA,NA,NA
k1_kernel_tuning,RVV,tile_N,8,2026-09-04T11:55:09,k1-rvv,"GEMM_RVV_FP32_INT8_8x8_Baseline","RVV_IGEMM_INT8_I8I32_8x8","igemm_kernel_8x8_zvl256b_lmulmf4_unroll8_i8i32",8x8,256b,mf4,8,INT8_RVV,0-7,8,8,1024,1024,1024,8,6,OK,0,NONE,0.202868417,GOPS,10.585599,parallel_tiles_including_required_packing,DISABLED,0,0,"0:cpu0:tiles16;1:cpu1:tiles16;2:cpu2:tiles16;3:cpu3:tiles16;4:cpu4:tiles16;5:cpu5:tiles16;6:cpu6:tiles16;7:cpu7:tiles16","NA",static,0,"NA","NA","/home/bananapi/MAT/kernels riscv rvv 1.0/FINAL/riscv-rvv-ime-gemm-microkernels-updated/HETEROGENEOUS_RVV_IME_OPENMP_GEMM/results/openmp_results_k1-rvv_1024_20260904_113101/raw_logs/GEMM_RVV_FP32_INT8_8x8_Baseline_RVV_IGEMM_INT8_I8I32_8x8_igemm_kernel_8x8_zvl256b_lmulmf4_unroll8_i8i32_run6.log",NA,NA,NA,NA,NA,NA,NA
k1_kernel_tuning,IME,tile_N,8,2026-09-04T11:56:14,k1-ime,"IME_NATIVE_KERNELS","IME_GEMM_INT8_I8I32_8x4_NATIVE","ime_kernel_8x4_zvl256b_lmul1_unroll1",8x4,256b,1,1,INT8_IME,0-3,4,4,1024,1024,1024,8,1,OK,0,NONE,0.385715209,GOPS,5.567537,parallel_tiles_including_required_packing,INDEPENDENT_INT64_REFERENCE_EXACT_INT32,0,0,"0:cpu0:tiles32;1:cpu1:tiles32;2:cpu2:tiles32;3:cpu3:tiles32","NA",static,0,"NA","NA","/home/bananapi/MAT/kernels riscv rvv 1.0/FINAL/riscv-rvv-ime-gemm-microkernels-updated/HETEROGENEOUS_RVV_IME_OPENMP_GEMM/results/openmp_results_k1-ime_1024_20260904_115516/raw_logs/IME_NATIVE_KERNELS_IME_GEMM_INT8_I8I32_8x4_NATIVE_ime_kernel_8x4_zvl256b_lmul1_unroll1_run1.log",NA,NA,NA,NA,NA,NA,NA
k1_kernel_tuning,IME,tile_N,8,2026-09-04T11:56:16,k1-ime,"IME_NATIVE_KERNELS","IME_GEMM_INT8_I8I32_8x4_NATIVE","ime_kernel_8x4_zvl256b_lmul1_unroll1",8x4,256b,1,1,INT8_IME,0-3,4,4,1024,1024,1024,8,2,OK,0,NONE,0.381044794,GOPS,5.635777,parallel_tiles_including_required_packing,DISABLED,0,0,"0:cpu0:tiles32;1:cpu1:tiles32;2:cpu2:tiles32;3:cpu3:tiles32","NA",static,0,"NA","NA","/home/bananapi/MAT/kernels riscv rvv 1.0/FINAL/riscv-rvv-ime-gemm-microkernels-updated/HETEROGENEOUS_RVV_IME_OPENMP_GEMM/results/openmp_results_k1-ime_1024_20260904_115516/raw_logs/IME_NATIVE_KERNELS_IME_GEMM_INT8_I8I32_8x4_NATIVE_ime_kernel_8x4_zvl256b_lmul1_unroll1_run2.log",NA,NA,NA,NA,NA,NA,NA
k1_kernel_tuning,IME,tile_N,8,2026-09-04T11:56:17,k1-ime,"IME_NATIVE_KERNELS","IME_GEMM_INT8_I8I32_8x4_NATIVE","ime_kernel_8x4_zvl256b_lmul1_unroll1",8x4,256b,1,1,INT8_IME,0-3,4,4,1024,1024,1024,8,3,OK,0,NONE,0.373855002,GOPS,5.744162,parallel_tiles_including_required_packing,DISABLED,0,0,"0:cpu0:tiles32;1:cpu1:tiles32;2:cpu2:tiles32;3:cpu3:tiles32","NA",static,0,"NA","NA","/home/bananapi/MAT/kernels riscv rvv 1.0/FINAL/riscv-rvv-ime-gemm-microkernels-updated/HETEROGENEOUS_RVV_IME_OPENMP_GEMM/results/openmp_results_k1-ime_1024_20260904_115516/raw_logs/IME_NATIVE_KERNELS_IME_GEMM_INT8_I8I32_8x4_NATIVE_ime_kernel_8x4_zvl256b_lmul1_unroll1_run3.log",NA,NA,NA,NA,NA,NA,NA
k1_kernel_tuning,IME,tile_N,8,2026-09-04T11:56:18,k1-ime,"IME_NATIVE_KERNELS","IME_GEMM_INT8_I8I32_8x4_NATIVE","ime_kernel_8x4_zvl256b_lmul1_unroll1",8x4,256b,1,1,INT8_IME,0-3,4,4,1024,1024,1024,8,4,OK,0,NONE,0.430819292,GOPS,4.984651,parallel_tiles_including_required_packing,DISABLED,0,0,"0:cpu0:tiles32;1:cpu1:tiles32;2:cpu2:tiles32;3:cpu3:tiles32","NA",static,0,"NA","NA","/home/bananapi/MAT/kernels riscv rvv 1.0/FINAL/riscv-rvv-ime-gemm-microkernels-updated/HETEROGENEOUS_RVV_IME_OPENMP_GEMM/results/openmp_results_k1-ime_1024_20260904_115516/raw_logs/IME_NATIVE_KERNELS_IME_GEMM_INT8_I8I32_8x4_NATIVE_ime_kernel_8x4_zvl256b_lmul1_unroll1_run4.log",NA,NA,NA,NA,NA,NA,NA
k1_kernel_tuning,IME,tile_N,8,2026-09-04T11:56:19,k1-ime,"IME_NATIVE_KERNELS","IME_GEMM_INT8_I8I32_8x4_NATIVE","ime_kernel_8x4_zvl256b_lmul1_unroll1",8x4,256b,1,1,INT8_IME,0-3,4,4,1024,1024,1024,8,5,OK,0,NONE,0.426736251,GOPS,5.032344,parallel_tiles_including_required_packing,DISABLED,0,0,"0:cpu0:tiles32;1:cpu1:tiles32;2:cpu2:tiles32;3:cpu3:tiles32","NA",static,0,"NA","NA","/home/bananapi/MAT/kernels riscv rvv 1.0/FINAL/riscv-rvv-ime-gemm-microkernels-updated/HETEROGENEOUS_RVV_IME_OPENMP_GEMM/results/openmp_results_k1-ime_1024_20260904_115516/raw_logs/IME_NATIVE_KERNELS_IME_GEMM_INT8_I8I32_8x4_NATIVE_ime_kernel_8x4_zvl256b_lmul1_unroll1_run5.log",NA,NA,NA,NA,NA,NA,NA
k1_kernel_tuning,IME,tile_N,8,2026-09-04T11:56:20,k1-ime,"IME_NATIVE_KERNELS","IME_GEMM_INT8_I8I32_8x4_NATIVE","ime_kernel_8x4_zvl256b_lmul1_unroll1",8x4,256b,1,1,INT8_IME,0-3,4,4,1024,1024,1024,8,6,OK,0,NONE,0.386589251,GOPS,5.554949,parallel_tiles_including_required_packing,DISABLED,0,0,"0:cpu0:tiles32;1:cpu1:tiles32;2:cpu2:tiles32;3:cpu3:tiles32","NA",static,0,"NA","NA","/home/bananapi/MAT/kernels riscv rvv 1.0/FINAL/riscv-rvv-ime-gemm-microkernels-updated/HETEROGENEOUS_RVV_IME_OPENMP_GEMM/results/openmp_results_k1-ime_1024_20260904_115516/raw_logs/IME_NATIVE_KERNELS_IME_GEMM_INT8_I8I32_8x4_NATIVE_ime_kernel_8x4_zvl256b_lmul1_unroll1_run6.log",NA,NA,NA,NA,NA,NA,NA
k1_kernel_tuning,IME,tile_N,8,2026-09-04T11:57:14,k1-ime,"IME_NATIVE_KERNELS","IME_GEMM_INT8_I8I32_8x4_NATIVE","ime_kernel_8x4_zvl256b_lmul1_unroll2",8x4,256b,1,2,INT8_IME,0-3,4,4,1024,1024,1024,8,1,OK,0,NONE,0.382355500,GOPS,5.616458,parallel_tiles_including_required_packing,INDEPENDENT_INT64_REFERENCE_EXACT_INT32,0,0,"0:cpu0:tiles32;1:cpu1:tiles32;2:cpu2:tiles32;3:cpu3:tiles32","NA",static,0,"NA","NA","/home/bananapi/MAT/kernels riscv rvv 1.0/FINAL/riscv-rvv-ime-gemm-microkernels-updated/HETEROGENEOUS_RVV_IME_OPENMP_GEMM/results/openmp_results_k1-ime_1024_20260904_115516/raw_logs/IME_NATIVE_KERNELS_IME_GEMM_INT8_I8I32_8x4_NATIVE_ime_kernel_8x4_zvl256b_lmul1_unroll2_run1.log",NA,NA,NA,NA,NA,NA,NA
k1_kernel_tuning,IME,tile_N,8,2026-09-04T11:57:15,k1-ime,"IME_NATIVE_KERNELS","IME_GEMM_INT8_I8I32_8x4_NATIVE","ime_kernel_8x4_zvl256b_lmul1_unroll2",8x4,256b,1,2,INT8_IME,0-3,4,4,1024,1024,1024,8,2,OK,0,NONE,0.374605045,GOPS,5.732661,parallel_tiles_including_required_packing,DISABLED,0,0,"0:cpu0:tiles32;1:cpu1:tiles32;2:cpu2:tiles32;3:cpu3:tiles32","NA",static,0,"NA","NA","/home/bananapi/MAT/kernels riscv rvv 1.0/FINAL/riscv-rvv-ime-gemm-microkernels-updated/HETEROGENEOUS_RVV_IME_OPENMP_GEMM/results/openmp_results_k1-ime_1024_20260904_115516/raw_logs/IME_NATIVE_KERNELS_IME_GEMM_INT8_I8I32_8x4_NATIVE_ime_kernel_8x4_zvl256b_lmul1_unroll2_run2.log",NA,NA,NA,NA,NA,NA,NA
k1_kernel_tuning,IME,tile_N,8,2026-09-04T11:57:17,k1-ime,"IME_NATIVE_KERNELS","IME_GEMM_INT8_I8I32_8x4_NATIVE","ime_kernel_8x4_zvl256b_lmul1_unroll2",8x4,256b,1,2,INT8_IME,0-3,4,4,1024,1024,1024,8,3,OK,0,NONE,0.447676543,GOPS,4.796954,parallel_tiles_including_required_packing,DISABLED,0,0,"0:cpu0:tiles32;1:cpu1:tiles32;2:cpu2:tiles32;3:cpu3:tiles32","NA",static,0,"NA","NA","/home/bananapi/MAT/kernels riscv rvv 1.0/FINAL/riscv-rvv-ime-gemm-microkernels-updated/HETEROGENEOUS_RVV_IME_OPENMP_GEMM/results/openmp_results_k1-ime_1024_20260904_115516/raw_logs/IME_NATIVE_KERNELS_IME_GEMM_INT8_I8I32_8x4_NATIVE_ime_kernel_8x4_zvl256b_lmul1_unroll2_run3.log",NA,NA,NA,NA,NA,NA,NA
k1_kernel_tuning,IME,tile_N,8,2026-09-04T11:57:18,k1-ime,"IME_NATIVE_KERNELS","IME_GEMM_INT8_I8I32_8x4_NATIVE","ime_kernel_8x4_zvl256b_lmul1_unroll2",8x4,256b,1,2,INT8_IME,0-3,4,4,1024,1024,1024,8,4,OK,0,NONE,0.387178041,GOPS,5.546502,parallel_tiles_including_required_packing,DISABLED,0,0,"0:cpu0:tiles32;1:cpu1:tiles32;2:cpu2:tiles32;3:cpu3:tiles32","NA",static,0,"NA","NA","/home/bananapi/MAT/kernels riscv rvv 1.0/FINAL/riscv-rvv-ime-gemm-microkernels-updated/HETEROGENEOUS_RVV_IME_OPENMP_GEMM/results/openmp_results_k1-ime_1024_20260904_115516/raw_logs/IME_NATIVE_KERNELS_IME_GEMM_INT8_I8I32_8x4_NATIVE_ime_kernel_8x4_zvl256b_lmul1_unroll2_run4.log",NA,NA,NA,NA,NA,NA,NA
k1_kernel_tuning,IME,tile_N,8,2026-09-04T11:57:19,k1-ime,"IME_NATIVE_KERNELS","IME_GEMM_INT8_I8I32_8x4_NATIVE","ime_kernel_8x4_zvl256b_lmul1_unroll2",8x4,256b,1,2,INT8_IME,0-3,4,4,1024,1024,1024,8,5,OK,0,NONE,0.378309332,GOPS,5.676528,parallel_tiles_including_required_packing,DISABLED,0,0,"0:cpu0:tiles32;1:cpu1:tiles32;2:cpu2:tiles32;3:cpu3:tiles32","NA",static,0,"NA","NA","/home/bananapi/MAT/kernels riscv rvv 1.0/FINAL/riscv-rvv-ime-gemm-microkernels-updated/HETEROGENEOUS_RVV_IME_OPENMP_GEMM/results/openmp_results_k1-ime_1024_20260904_115516/raw_logs/IME_NATIVE_KERNELS_IME_GEMM_INT8_I8I32_8x4_NATIVE_ime_kernel_8x4_zvl256b_lmul1_unroll2_run5.log",NA,NA,NA,NA,NA,NA,NA
k1_kernel_tuning,IME,tile_N,8,2026-09-04T11:57:20,k1-ime,"IME_NATIVE_KERNELS","IME_GEMM_INT8_I8I32_8x4_NATIVE","ime_kernel_8x4_zvl256b_lmul1_unroll2",8x4,256b,1,2,INT8_IME,0-3,4,4,1024,1024,1024,8,6,OK,0,NONE,0.401064541,GOPS,5.354459,parallel_tiles_including_required_packing,DISABLED,0,0,"0:cpu0:tiles32;1:cpu1:tiles32;2:cpu2:tiles32;3:cpu3:tiles32","NA",static,0,"NA","NA","/home/bananapi/MAT/kernels riscv rvv 1.0/FINAL/riscv-rvv-ime-gemm-microkernels-updated/HETEROGENEOUS_RVV_IME_OPENMP_GEMM/results/openmp_results_k1-ime_1024_20260904_115516/raw_logs/IME_NATIVE_KERNELS_IME_GEMM_INT8_I8I32_8x4_NATIVE_ime_kernel_8x4_zvl256b_lmul1_unroll2_run6.log",NA,NA,NA,NA,NA,NA,NA
k1_kernel_tuning,IME,tile_N,8,2026-09-04T11:57:59,k1-ime,"IME_NATIVE_KERNELS","IME_GEMM_INT8_I8I32_8x4_NATIVE","ime_kernel_8x4_zvl256b_lmul1_unroll4",8x4,256b,1,4,INT8_IME,0-3,4,4,1024,1024,1024,8,1,OK,0,NONE,0.456006039,GOPS,4.709332,parallel_tiles_including_required_packing,INDEPENDENT_INT64_REFERENCE_EXACT_INT32,0,0,"0:cpu0:tiles32;1:cpu1:tiles32;2:cpu2:tiles32;3:cpu3:tiles32","NA",static,0,"NA","NA","/home/bananapi/MAT/kernels riscv rvv 1.0/FINAL/riscv-rvv-ime-gemm-microkernels-updated/HETEROGENEOUS_RVV_IME_OPENMP_GEMM/results/openmp_results_k1-ime_1024_20260904_115516/raw_logs/IME_NATIVE_KERNELS_IME_GEMM_INT8_I8I32_8x4_NATIVE_ime_kernel_8x4_zvl256b_lmul1_unroll4_run1.log",NA,NA,NA,NA,NA,NA,NA
k1_kernel_tuning,IME,tile_N,8,2026-09-04T11:58:01,k1-ime,"IME_NATIVE_KERNELS","IME_GEMM_INT8_I8I32_8x4_NATIVE","ime_kernel_8x4_zvl256b_lmul1_unroll4",8x4,256b,1,4,INT8_IME,0-3,4,4,1024,1024,1024,8,2,OK,0,NONE,0.389235914,GOPS,5.517178,parallel_tiles_including_required_packing,DISABLED,0,0,"0:cpu0:tiles32;1:cpu1:tiles32;2:cpu2:tiles32;3:cpu3:tiles32","NA",static,0,"NA","NA","/home/bananapi/MAT/kernels riscv rvv 1.0/FINAL/riscv-rvv-ime-gemm-microkernels-updated/HETEROGENEOUS_RVV_IME_OPENMP_GEMM/results/openmp_results_k1-ime_1024_20260904_115516/raw_logs/IME_NATIVE_KERNELS_IME_GEMM_INT8_I8I32_8x4_NATIVE_ime_kernel_8x4_zvl256b_lmul1_unroll4_run2.log",NA,NA,NA,NA,NA,NA,NA
k1_kernel_tuning,IME,tile_N,8,2026-09-04T11:58:02,k1-ime,"IME_NATIVE_KERNELS","IME_GEMM_INT8_I8I32_8x4_NATIVE","ime_kernel_8x4_zvl256b_lmul1_unroll4",8x4,256b,1,4,INT8_IME,0-3,4,4,1024,1024,1024,8,3,OK,0,NONE,0.432082042,GOPS,4.970083,parallel_tiles_including_required_packing,DISABLED,0,0,"0:cpu0:tiles32;1:cpu1:tiles32;2:cpu2:tiles32;3:cpu3:tiles32","NA",static,0,"NA","NA","/home/bananapi/MAT/kernels riscv rvv 1.0/FINAL/riscv-rvv-ime-gemm-microkernels-updated/HETEROGENEOUS_RVV_IME_OPENMP_GEMM/results/openmp_results_k1-ime_1024_20260904_115516/raw_logs/IME_NATIVE_KERNELS_IME_GEMM_INT8_I8I32_8x4_NATIVE_ime_kernel_8x4_zvl256b_lmul1_unroll4_run3.log",NA,NA,NA,NA,NA,NA,NA
k1_kernel_tuning,IME,tile_N,8,2026-09-04T11:58:03,k1-ime,"IME_NATIVE_KERNELS","IME_GEMM_INT8_I8I32_8x4_NATIVE","ime_kernel_8x4_zvl256b_lmul1_unroll4",8x4,256b,1,4,INT8_IME,0-3,4,4,1024,1024,1024,8,4,OK,0,NONE,0.417563252,GOPS,5.142894,parallel_tiles_including_required_packing,DISABLED,0,0,"0:cpu0:tiles32;1:cpu1:tiles32;2:cpu2:tiles32;3:cpu3:tiles32","NA",static,0,"NA","NA","/home/bananapi/MAT/kernels riscv rvv 1.0/FINAL/riscv-rvv-ime-gemm-microkernels-updated/HETEROGENEOUS_RVV_IME_OPENMP_GEMM/results/openmp_results_k1-ime_1024_20260904_115516/raw_logs/IME_NATIVE_KERNELS_IME_GEMM_INT8_I8I32_8x4_NATIVE_ime_kernel_8x4_zvl256b_lmul1_unroll4_run4.log",NA,NA,NA,NA,NA,NA,NA
k1_kernel_tuning,IME,tile_N,8,2026-09-04T11:58:04,k1-ime,"IME_NATIVE_KERNELS","IME_GEMM_INT8_I8I32_8x4_NATIVE","ime_kernel_8x4_zvl256b_lmul1_unroll4",8x4,256b,1,4,INT8_IME,0-3,4,4,1024,1024,1024,8,5,OK,0,NONE,0.411550708,GOPS,5.218029,parallel_tiles_including_required_packing,DISABLED,0,0,"0:cpu0:tiles32;1:cpu1:tiles32;2:cpu2:tiles32;3:cpu3:tiles32","NA",static,0,"NA","NA","/home/bananapi/MAT/kernels riscv rvv 1.0/FINAL/riscv-rvv-ime-gemm-microkernels-updated/HETEROGENEOUS_RVV_IME_OPENMP_GEMM/results/openmp_results_k1-ime_1024_20260904_115516/raw_logs/IME_NATIVE_KERNELS_IME_GEMM_INT8_I8I32_8x4_NATIVE_ime_kernel_8x4_zvl256b_lmul1_unroll4_run5.log",NA,NA,NA,NA,NA,NA,NA
k1_kernel_tuning,IME,tile_N,8,2026-09-04T11:58:05,k1-ime,"IME_NATIVE_KERNELS","IME_GEMM_INT8_I8I32_8x4_NATIVE","ime_kernel_8x4_zvl256b_lmul1_unroll4",8x4,256b,1,4,INT8_IME,0-3,4,4,1024,1024,1024,8,6,OK,0,NONE,0.449289374,GOPS,4.779734,parallel_tiles_including_required_packing,DISABLED,0,0,"0:cpu0:tiles32;1:cpu1:tiles32;2:cpu2:tiles32;3:cpu3:tiles32","NA",static,0,"NA","NA","/home/bananapi/MAT/kernels riscv rvv 1.0/FINAL/riscv-rvv-ime-gemm-microkernels-updated/HETEROGENEOUS_RVV_IME_OPENMP_GEMM/results/openmp_results_k1-ime_1024_20260904_115516/raw_logs/IME_NATIVE_KERNELS_IME_GEMM_INT8_I8I32_8x4_NATIVE_ime_kernel_8x4_zvl256b_lmul1_unroll4_run6.log",NA,NA,NA,NA,NA,NA,NA
k1_kernel_tuning,IME,tile_N,8,2026-09-04T11:58:45,k1-ime,"IME_NATIVE_KERNELS","IME_GEMM_INT8_I8I32_8x4_NATIVE","ime_kernel_8x4_zvl256b_lmul1_unroll8",8x4,256b,1,8,INT8_IME,0-3,4,4,1024,1024,1024,8,1,OK,0,NONE,0.440568626,GOPS,4.874345,parallel_tiles_including_required_packing,INDEPENDENT_INT64_REFERENCE_EXACT_INT32,0,0,"0:cpu0:tiles32;1:cpu1:tiles32;2:cpu2:tiles32;3:cpu3:tiles32","NA",static,0,"NA","NA","/home/bananapi/MAT/kernels riscv rvv 1.0/FINAL/riscv-rvv-ime-gemm-microkernels-updated/HETEROGENEOUS_RVV_IME_OPENMP_GEMM/results/openmp_results_k1-ime_1024_20260904_115516/raw_logs/IME_NATIVE_KERNELS_IME_GEMM_INT8_I8I32_8x4_NATIVE_ime_kernel_8x4_zvl256b_lmul1_unroll8_run1.log",NA,NA,NA,NA,NA,NA,NA
k1_kernel_tuning,IME,tile_N,8,2026-09-04T11:58:46,k1-ime,"IME_NATIVE_KERNELS","IME_GEMM_INT8_I8I32_8x4_NATIVE","ime_kernel_8x4_zvl256b_lmul1_unroll8",8x4,256b,1,8,INT8_IME,0-3,4,4,1024,1024,1024,8,2,OK,0,NONE,0.420777541,GOPS,5.103608,parallel_tiles_including_required_packing,DISABLED,0,0,"0:cpu0:tiles32;1:cpu1:tiles32;2:cpu2:tiles32;3:cpu3:tiles32","NA",static,0,"NA","NA","/home/bananapi/MAT/kernels riscv rvv 1.0/FINAL/riscv-rvv-ime-gemm-microkernels-updated/HETEROGENEOUS_RVV_IME_OPENMP_GEMM/results/openmp_results_k1-ime_1024_20260904_115516/raw_logs/IME_NATIVE_KERNELS_IME_GEMM_INT8_I8I32_8x4_NATIVE_ime_kernel_8x4_zvl256b_lmul1_unroll8_run2.log",NA,NA,NA,NA,NA,NA,NA
k1_kernel_tuning,IME,tile_N,8,2026-09-04T11:58:47,k1-ime,"IME_NATIVE_KERNELS","IME_GEMM_INT8_I8I32_8x4_NATIVE","ime_kernel_8x4_zvl256b_lmul1_unroll8",8x4,256b,1,8,INT8_IME,0-3,4,4,1024,1024,1024,8,3,OK,0,NONE,0.434788793,GOPS,4.939142,parallel_tiles_including_required_packing,DISABLED,0,0,"0:cpu0:tiles32;1:cpu1:tiles32;2:cpu2:tiles32;3:cpu3:tiles32","NA",static,0,"NA","NA","/home/bananapi/MAT/kernels riscv rvv 1.0/FINAL/riscv-rvv-ime-gemm-microkernels-updated/HETEROGENEOUS_RVV_IME_OPENMP_GEMM/results/openmp_results_k1-ime_1024_20260904_115516/raw_logs/IME_NATIVE_KERNELS_IME_GEMM_INT8_I8I32_8x4_NATIVE_ime_kernel_8x4_zvl256b_lmul1_unroll8_run3.log",NA,NA,NA,NA,NA,NA,NA
k1_kernel_tuning,IME,tile_N,8,2026-09-04T11:58:48,k1-ime,"IME_NATIVE_KERNELS","IME_GEMM_INT8_I8I32_8x4_NATIVE","ime_kernel_8x4_zvl256b_lmul1_unroll8",8x4,256b,1,8,INT8_IME,0-3,4,4,1024,1024,1024,8,4,OK,0,NONE,0.428341165,GOPS,5.013489,parallel_tiles_including_required_packing,DISABLED,0,0,"0:cpu0:tiles32;1:cpu1:tiles32;2:cpu2:tiles32;3:cpu3:tiles32","NA",static,0,"NA","NA","/home/bananapi/MAT/kernels riscv rvv 1.0/FINAL/riscv-rvv-ime-gemm-microkernels-updated/HETEROGENEOUS_RVV_IME_OPENMP_GEMM/results/openmp_results_k1-ime_1024_20260904_115516/raw_logs/IME_NATIVE_KERNELS_IME_GEMM_INT8_I8I32_8x4_NATIVE_ime_kernel_8x4_zvl256b_lmul1_unroll8_run4.log",NA,NA,NA,NA,NA,NA,NA
k1_kernel_tuning,IME,tile_N,8,2026-09-04T11:58:49,k1-ime,"IME_NATIVE_KERNELS","IME_GEMM_INT8_I8I32_8x4_NATIVE","ime_kernel_8x4_zvl256b_lmul1_unroll8",8x4,256b,1,8,INT8_IME,0-3,4,4,1024,1024,1024,8,5,OK,0,NONE,0.391670585,GOPS,5.482882,parallel_tiles_including_required_packing,DISABLED,0,0,"0:cpu0:tiles32;1:cpu1:tiles32;2:cpu2:tiles32;3:cpu3:tiles32","NA",static,0,"NA","NA","/home/bananapi/MAT/kernels riscv rvv 1.0/FINAL/riscv-rvv-ime-gemm-microkernels-updated/HETEROGENEOUS_RVV_IME_OPENMP_GEMM/results/openmp_results_k1-ime_1024_20260904_115516/raw_logs/IME_NATIVE_KERNELS_IME_GEMM_INT8_I8I32_8x4_NATIVE_ime_kernel_8x4_zvl256b_lmul1_unroll8_run5.log",NA,NA,NA,NA,NA,NA,NA
k1_kernel_tuning,IME,tile_N,8,2026-09-04T11:58:50,k1-ime,"IME_NATIVE_KERNELS","IME_GEMM_INT8_I8I32_8x4_NATIVE","ime_kernel_8x4_zvl256b_lmul1_unroll8",8x4,256b,1,8,INT8_IME,0-3,4,4,1024,1024,1024,8,6,OK,0,NONE,0.377371665,GOPS,5.690633,parallel_tiles_including_required_packing,DISABLED,0,0,"0:cpu0:tiles32;1:cpu1:tiles32;2:cpu2:tiles32;3:cpu3:tiles32","NA",static,0,"NA","NA","/home/bananapi/MAT/kernels riscv rvv 1.0/FINAL/riscv-rvv-ime-gemm-microkernels-updated/HETEROGENEOUS_RVV_IME_OPENMP_GEMM/results/openmp_results_k1-ime_1024_20260904_115516/raw_logs/IME_NATIVE_KERNELS_IME_GEMM_INT8_I8I32_8x4_NATIVE_ime_kernel_8x4_zvl256b_lmul1_unroll8_run6.log",NA,NA,NA,NA,NA,NA,NA
k1_kernel_tuning,IME,tile_N,8,2026-09-04T11:59:30,k1-ime,"IME_NATIVE_KERNELS","IME_GEMM_INT8_I8I32_8x8_NATIVE","ime_kernel_8x8_zvl256b_lmul1_unroll1",8x8,256b,1,1,INT8_IME,0-3,4,4,1024,1024,1024,8,1,OK,0,NONE,0.488183670,GOPS,4.398926,parallel_tiles_including_required_packing,INDEPENDENT_INT64_REFERENCE_EXACT_INT32,0,0,"0:cpu0:tiles32;1:cpu1:tiles32;2:cpu2:tiles32;3:cpu3:tiles32","NA",static,0,"NA","NA","/home/bananapi/MAT/kernels riscv rvv 1.0/FINAL/riscv-rvv-ime-gemm-microkernels-updated/HETEROGENEOUS_RVV_IME_OPENMP_GEMM/results/openmp_results_k1-ime_1024_20260904_115516/raw_logs/IME_NATIVE_KERNELS_IME_GEMM_INT8_I8I32_8x8_NATIVE_ime_kernel_8x8_zvl256b_lmul1_unroll1_run1.log",NA,NA,NA,NA,NA,NA,NA
k1_kernel_tuning,IME,tile_N,8,2026-09-04T11:59:31,k1-ime,"IME_NATIVE_KERNELS","IME_GEMM_INT8_I8I32_8x8_NATIVE","ime_kernel_8x8_zvl256b_lmul1_unroll1",8x8,256b,1,1,INT8_IME,0-3,4,4,1024,1024,1024,8,2,OK,0,NONE,0.480745167,GOPS,4.466990,parallel_tiles_including_required_packing,DISABLED,0,0,"0:cpu0:tiles32;1:cpu1:tiles32;2:cpu2:tiles32;3:cpu3:tiles32","NA",static,0,"NA","NA","/home/bananapi/MAT/kernels riscv rvv 1.0/FINAL/riscv-rvv-ime-gemm-microkernels-updated/HETEROGENEOUS_RVV_IME_OPENMP_GEMM/results/openmp_results_k1-ime_1024_20260904_115516/raw_logs/IME_NATIVE_KERNELS_IME_GEMM_INT8_I8I32_8x8_NATIVE_ime_kernel_8x8_zvl256b_lmul1_unroll1_run2.log",NA,NA,NA,NA,NA,NA,NA
k1_kernel_tuning,IME,tile_N,8,2026-09-04T11:59:32,k1-ime,"IME_NATIVE_KERNELS","IME_GEMM_INT8_I8I32_8x8_NATIVE","ime_kernel_8x8_zvl256b_lmul1_unroll1",8x8,256b,1,1,INT8_IME,0-3,4,4,1024,1024,1024,8,3,OK,0,NONE,0.361092456,GOPS,5.947185,parallel_tiles_including_required_packing,DISABLED,0,0,"0:cpu0:tiles32;1:cpu1:tiles32;2:cpu2:tiles32;3:cpu3:tiles32","NA",static,0,"NA","NA","/home/bananapi/MAT/kernels riscv rvv 1.0/FINAL/riscv-rvv-ime-gemm-microkernels-updated/HETEROGENEOUS_RVV_IME_OPENMP_GEMM/results/openmp_results_k1-ime_1024_20260904_115516/raw_logs/IME_NATIVE_KERNELS_IME_GEMM_INT8_I8I32_8x8_NATIVE_ime_kernel_8x8_zvl256b_lmul1_unroll1_run3.log",NA,NA,NA,NA,NA,NA,NA
k1_kernel_tuning,IME,tile_N,8,2026-09-04T11:59:33,k1-ime,"IME_NATIVE_KERNELS","IME_GEMM_INT8_I8I32_8x8_NATIVE","ime_kernel_8x8_zvl256b_lmul1_unroll1",8x8,256b,1,1,INT8_IME,0-3,4,4,1024,1024,1024,8,4,OK,0,NONE,0.357066706,GOPS,6.014237,parallel_tiles_including_required_packing,DISABLED,0,0,"0:cpu0:tiles32;1:cpu1:tiles32;2:cpu2:tiles32;3:cpu3:tiles32","NA",static,0,"NA","NA","/home/bananapi/MAT/kernels riscv rvv 1.0/FINAL/riscv-rvv-ime-gemm-microkernels-updated/HETEROGENEOUS_RVV_IME_OPENMP_GEMM/results/openmp_results_k1-ime_1024_20260904_115516/raw_logs/IME_NATIVE_KERNELS_IME_GEMM_INT8_I8I32_8x8_NATIVE_ime_kernel_8x8_zvl256b_lmul1_unroll1_run4.log",NA,NA,NA,NA,NA,NA,NA
k1_kernel_tuning,IME,tile_N,8,2026-09-04T11:59:34,k1-ime,"IME_NATIVE_KERNELS","IME_GEMM_INT8_I8I32_8x8_NATIVE","ime_kernel_8x8_zvl256b_lmul1_unroll1",8x8,256b,1,1,INT8_IME,0-3,4,4,1024,1024,1024,8,5,OK,0,NONE,0.374880292,GOPS,5.728452,parallel_tiles_including_required_packing,DISABLED,0,0,"0:cpu0:tiles32;1:cpu1:tiles32;2:cpu2:tiles32;3:cpu3:tiles32","NA",static,0,"NA","NA","/home/bananapi/MAT/kernels riscv rvv 1.0/FINAL/riscv-rvv-ime-gemm-microkernels-updated/HETEROGENEOUS_RVV_IME_OPENMP_GEMM/results/openmp_results_k1-ime_1024_20260904_115516/raw_logs/IME_NATIVE_KERNELS_IME_GEMM_INT8_I8I32_8x8_NATIVE_ime_kernel_8x8_zvl256b_lmul1_unroll1_run5.log",NA,NA,NA,NA,NA,NA,NA
k1_kernel_tuning,IME,tile_N,8,2026-09-04T11:59:35,k1-ime,"IME_NATIVE_KERNELS","IME_GEMM_INT8_I8I32_8x8_NATIVE","ime_kernel_8x8_zvl256b_lmul1_unroll1",8x8,256b,1,1,INT8_IME,0-3,4,4,1024,1024,1024,8,6,OK,0,NONE,0.348676417,GOPS,6.158959,parallel_tiles_including_required_packing,DISABLED,0,0,"0:cpu0:tiles32;1:cpu1:tiles32;2:cpu2:tiles32;3:cpu3:tiles32","NA",static,0,"NA","NA","/home/bananapi/MAT/kernels riscv rvv 1.0/FINAL/riscv-rvv-ime-gemm-microkernels-updated/HETEROGENEOUS_RVV_IME_OPENMP_GEMM/results/openmp_results_k1-ime_1024_20260904_115516/raw_logs/IME_NATIVE_KERNELS_IME_GEMM_INT8_I8I32_8x8_NATIVE_ime_kernel_8x8_zvl256b_lmul1_unroll1_run6.log",NA,NA,NA,NA,NA,NA,NA
k1_kernel_tuning,IME,tile_N,8,2026-09-04T12:00:29,k1-ime,"IME_NATIVE_KERNELS","IME_GEMM_INT8_I8I32_8x8_NATIVE","ime_kernel_8x8_zvl256b_lmul1_unroll2",8x8,256b,1,2,INT8_IME,0-3,4,4,1024,1024,1024,8,1,OK,0,NONE,0.358607914,GOPS,5.988389,parallel_tiles_including_required_packing,INDEPENDENT_INT64_REFERENCE_EXACT_INT32,0,0,"0:cpu0:tiles32;1:cpu1:tiles32;2:cpu2:tiles32;3:cpu3:tiles32","NA",static,0,"NA","NA","/home/bananapi/MAT/kernels riscv rvv 1.0/FINAL/riscv-rvv-ime-gemm-microkernels-updated/HETEROGENEOUS_RVV_IME_OPENMP_GEMM/results/openmp_results_k1-ime_1024_20260904_115516/raw_logs/IME_NATIVE_KERNELS_IME_GEMM_INT8_I8I32_8x8_NATIVE_ime_kernel_8x8_zvl256b_lmul1_unroll2_run1.log",NA,NA,NA,NA,NA,NA,NA
k1_kernel_tuning,IME,tile_N,8,2026-09-04T12:00:30,k1-ime,"IME_NATIVE_KERNELS","IME_GEMM_INT8_I8I32_8x8_NATIVE","ime_kernel_8x8_zvl256b_lmul1_unroll2",8x8,256b,1,2,INT8_IME,0-3,4,4,1024,1024,1024,8,2,OK,0,NONE,0.433830164,GOPS,4.950056,parallel_tiles_including_required_packing,DISABLED,0,0,"0:cpu0:tiles32;1:cpu1:tiles32;2:cpu2:tiles32;3:cpu3:tiles32","NA",static,0,"NA","NA","/home/bananapi/MAT/kernels riscv rvv 1.0/FINAL/riscv-rvv-ime-gemm-microkernels-updated/HETEROGENEOUS_RVV_IME_OPENMP_GEMM/results/openmp_results_k1-ime_1024_20260904_115516/raw_logs/IME_NATIVE_KERNELS_IME_GEMM_INT8_I8I32_8x8_NATIVE_ime_kernel_8x8_zvl256b_lmul1_unroll2_run2.log",NA,NA,NA,NA,NA,NA,NA
k1_kernel_tuning,IME,tile_N,8,2026-09-04T12:00:31,k1-ime,"IME_NATIVE_KERNELS","IME_GEMM_INT8_I8I32_8x8_NATIVE","ime_kernel_8x8_zvl256b_lmul1_unroll2",8x8,256b,1,2,INT8_IME,0-3,4,4,1024,1024,1024,8,3,OK,0,NONE,0.483478542,GOPS,4.441735,parallel_tiles_including_required_packing,DISABLED,0,0,"0:cpu0:tiles32;1:cpu1:tiles32;2:cpu2:tiles32;3:cpu3:tiles32","NA",static,0,"NA","NA","/home/bananapi/MAT/kernels riscv rvv 1.0/FINAL/riscv-rvv-ime-gemm-microkernels-updated/HETEROGENEOUS_RVV_IME_OPENMP_GEMM/results/openmp_results_k1-ime_1024_20260904_115516/raw_logs/IME_NATIVE_KERNELS_IME_GEMM_INT8_I8I32_8x8_NATIVE_ime_kernel_8x8_zvl256b_lmul1_unroll2_run3.log",NA,NA,NA,NA,NA,NA,NA
k1_kernel_tuning,IME,tile_N,8,2026-09-04T12:00:33,k1-ime,"IME_NATIVE_KERNELS","IME_GEMM_INT8_I8I32_8x8_NATIVE","ime_kernel_8x8_zvl256b_lmul1_unroll2",8x8,256b,1,2,INT8_IME,0-3,4,4,1024,1024,1024,8,4,OK,0,NONE,0.470519207,GOPS,4.564072,parallel_tiles_including_required_packing,DISABLED,0,0,"0:cpu0:tiles32;1:cpu1:tiles32;2:cpu2:tiles32;3:cpu3:tiles32","NA",static,0,"NA","NA","/home/bananapi/MAT/kernels riscv rvv 1.0/FINAL/riscv-rvv-ime-gemm-microkernels-updated/HETEROGENEOUS_RVV_IME_OPENMP_GEMM/results/openmp_results_k1-ime_1024_20260904_115516/raw_logs/IME_NATIVE_KERNELS_IME_GEMM_INT8_I8I32_8x8_NATIVE_ime_kernel_8x8_zvl256b_lmul1_unroll2_run4.log",NA,NA,NA,NA,NA,NA,NA
k1_kernel_tuning,IME,tile_N,8,2026-09-04T12:00:34,k1-ime,"IME_NATIVE_KERNELS","IME_GEMM_INT8_I8I32_8x8_NATIVE","ime_kernel_8x8_zvl256b_lmul1_unroll2",8x8,256b,1,2,INT8_IME,0-3,4,4,1024,1024,1024,8,5,OK,0,NONE,0.471994918,GOPS,4.549802,parallel_tiles_including_required_packing,DISABLED,0,0,"0:cpu0:tiles32;1:cpu1:tiles32;2:cpu2:tiles32;3:cpu3:tiles32","NA",static,0,"NA","NA","/home/bananapi/MAT/kernels riscv rvv 1.0/FINAL/riscv-rvv-ime-gemm-microkernels-updated/HETEROGENEOUS_RVV_IME_OPENMP_GEMM/results/openmp_results_k1-ime_1024_20260904_115516/raw_logs/IME_NATIVE_KERNELS_IME_GEMM_INT8_I8I32_8x8_NATIVE_ime_kernel_8x8_zvl256b_lmul1_unroll2_run5.log",NA,NA,NA,NA,NA,NA,NA
k1_kernel_tuning,IME,tile_N,8,2026-09-04T12:00:35,k1-ime,"IME_NATIVE_KERNELS","IME_GEMM_INT8_I8I32_8x8_NATIVE","ime_kernel_8x8_zvl256b_lmul1_unroll2",8x8,256b,1,2,INT8_IME,0-3,4,4,1024,1024,1024,8,6,OK,0,NONE,0.465977956,GOPS,4.608552,parallel_tiles_including_required_packing,DISABLED,0,0,"0:cpu0:tiles32;1:cpu1:tiles32;2:cpu2:tiles32;3:cpu3:tiles32","NA",static,0,"NA","NA","/home/bananapi/MAT/kernels riscv rvv 1.0/FINAL/riscv-rvv-ime-gemm-microkernels-updated/HETEROGENEOUS_RVV_IME_OPENMP_GEMM/results/openmp_results_k1-ime_1024_20260904_115516/raw_logs/IME_NATIVE_KERNELS_IME_GEMM_INT8_I8I32_8x8_NATIVE_ime_kernel_8x8_zvl256b_lmul1_unroll2_run6.log",NA,NA,NA,NA,NA,NA,NA
k1_kernel_tuning,IME,tile_N,8,2026-09-04T12:01:29,k1-ime,"IME_NATIVE_KERNELS","IME_GEMM_INT8_I8I32_8x8_NATIVE","ime_kernel_8x8_zvl256b_lmul1_unroll4",8x8,256b,1,4,INT8_IME,0-3,4,4,1024,1024,1024,8,1,OK,0,NONE,0.353702877,GOPS,6.071434,parallel_tiles_including_required_packing,INDEPENDENT_INT64_REFERENCE_EXACT_INT32,0,0,"0:cpu0:tiles32;1:cpu1:tiles32;2:cpu2:tiles32;3:cpu3:tiles32","NA",static,0,"NA","NA","/home/bananapi/MAT/kernels riscv rvv 1.0/FINAL/riscv-rvv-ime-gemm-microkernels-updated/HETEROGENEOUS_RVV_IME_OPENMP_GEMM/results/openmp_results_k1-ime_1024_20260904_115516/raw_logs/IME_NATIVE_KERNELS_IME_GEMM_INT8_I8I32_8x8_NATIVE_ime_kernel_8x8_zvl256b_lmul1_unroll4_run1.log",NA,NA,NA,NA,NA,NA,NA
k1_kernel_tuning,IME,tile_N,8,2026-09-04T12:01:30,k1-ime,"IME_NATIVE_KERNELS","IME_GEMM_INT8_I8I32_8x8_NATIVE","ime_kernel_8x8_zvl256b_lmul1_unroll4",8x8,256b,1,4,INT8_IME,0-3,4,4,1024,1024,1024,8,2,OK,0,NONE,0.336939499,GOPS,6.373499,parallel_tiles_including_required_packing,DISABLED,0,0,"0:cpu0:tiles32;1:cpu1:tiles32;2:cpu2:tiles32;3:cpu3:tiles32","NA",static,0,"NA","NA","/home/bananapi/MAT/kernels riscv rvv 1.0/FINAL/riscv-rvv-ime-gemm-microkernels-updated/HETEROGENEOUS_RVV_IME_OPENMP_GEMM/results/openmp_results_k1-ime_1024_20260904_115516/raw_logs/IME_NATIVE_KERNELS_IME_GEMM_INT8_I8I32_8x8_NATIVE_ime_kernel_8x8_zvl256b_lmul1_unroll4_run2.log",NA,NA,NA,NA,NA,NA,NA
k1_kernel_tuning,IME,tile_N,8,2026-09-04T12:01:31,k1-ime,"IME_NATIVE_KERNELS","IME_GEMM_INT8_I8I32_8x8_NATIVE","ime_kernel_8x8_zvl256b_lmul1_unroll4",8x8,256b,1,4,INT8_IME,0-3,4,4,1024,1024,1024,8,3,OK,0,NONE,0.426838916,GOPS,5.031134,parallel_tiles_including_required_packing,DISABLED,0,0,"0:cpu0:tiles32;1:cpu1:tiles32;2:cpu2:tiles32;3:cpu3:tiles32","NA",static,0,"NA","NA","/home/bananapi/MAT/kernels riscv rvv 1.0/FINAL/riscv-rvv-ime-gemm-microkernels-updated/HETEROGENEOUS_RVV_IME_OPENMP_GEMM/results/openmp_results_k1-ime_1024_20260904_115516/raw_logs/IME_NATIVE_KERNELS_IME_GEMM_INT8_I8I32_8x8_NATIVE_ime_kernel_8x8_zvl256b_lmul1_unroll4_run3.log",NA,NA,NA,NA,NA,NA,NA
k1_kernel_tuning,IME,tile_N,8,2026-09-04T12:01:32,k1-ime,"IME_NATIVE_KERNELS","IME_GEMM_INT8_I8I32_8x8_NATIVE","ime_kernel_8x8_zvl256b_lmul1_unroll4",8x8,256b,1,4,INT8_IME,0-3,4,4,1024,1024,1024,8,4,OK,0,NONE,0.479939874,GOPS,4.474485,parallel_tiles_including_required_packing,DISABLED,0,0,"0:cpu0:tiles32;1:cpu1:tiles32;2:cpu2:tiles32;3:cpu3:tiles32","NA",static,0,"NA","NA","/home/bananapi/MAT/kernels riscv rvv 1.0/FINAL/riscv-rvv-ime-gemm-microkernels-updated/HETEROGENEOUS_RVV_IME_OPENMP_GEMM/results/openmp_results_k1-ime_1024_20260904_115516/raw_logs/IME_NATIVE_KERNELS_IME_GEMM_INT8_I8I32_8x8_NATIVE_ime_kernel_8x8_zvl256b_lmul1_unroll4_run4.log",NA,NA,NA,NA,NA,NA,NA
k1_kernel_tuning,IME,tile_N,8,2026-09-04T12:01:34,k1-ime,"IME_NATIVE_KERNELS","IME_GEMM_INT8_I8I32_8x8_NATIVE","ime_kernel_8x8_zvl256b_lmul1_unroll4",8x8,256b,1,4,INT8_IME,0-3,4,4,1024,1024,1024,8,5,OK,0,NONE,0.499255706,GOPS,4.301370,parallel_tiles_including_required_packing,DISABLED,0,0,"0:cpu0:tiles32;1:cpu1:tiles32;2:cpu2:tiles32;3:cpu3:tiles32","NA",static,0,"NA","NA","/home/bananapi/MAT/kernels riscv rvv 1.0/FINAL/riscv-rvv-ime-gemm-microkernels-updated/HETEROGENEOUS_RVV_IME_OPENMP_GEMM/results/openmp_results_k1-ime_1024_20260904_115516/raw_logs/IME_NATIVE_KERNELS_IME_GEMM_INT8_I8I32_8x8_NATIVE_ime_kernel_8x8_zvl256b_lmul1_unroll4_run5.log",NA,NA,NA,NA,NA,NA,NA
k1_kernel_tuning,IME,tile_N,8,2026-09-04T12:01:35,k1-ime,"IME_NATIVE_KERNELS","IME_GEMM_INT8_I8I32_8x8_NATIVE","ime_kernel_8x8_zvl256b_lmul1_unroll4",8x8,256b,1,4,INT8_IME,0-3,4,4,1024,1024,1024,8,6,OK,0,NONE,0.357567541,GOPS,6.005813,parallel_tiles_including_required_packing,DISABLED,0,0,"0:cpu0:tiles32;1:cpu1:tiles32;2:cpu2:tiles32;3:cpu3:tiles32","NA",static,0,"NA","NA","/home/bananapi/MAT/kernels riscv rvv 1.0/FINAL/riscv-rvv-ime-gemm-microkernels-updated/HETEROGENEOUS_RVV_IME_OPENMP_GEMM/results/openmp_results_k1-ime_1024_20260904_115516/raw_logs/IME_NATIVE_KERNELS_IME_GEMM_INT8_I8I32_8x8_NATIVE_ime_kernel_8x8_zvl256b_lmul1_unroll4_run6.log",NA,NA,NA,NA,NA,NA,NA
k1_kernel_tuning,IME,tile_N,8,2026-09-04T12:02:14,k1-ime,"IME_NATIVE_KERNELS","IME_GEMM_INT8_I8I32_8x8_NATIVE","ime_kernel_8x8_zvl256b_lmul1_unroll8",8x8,256b,1,8,INT8_IME,0-3,4,4,1024,1024,1024,8,1,OK,0,NONE,0.505946416,GOPS,4.244488,parallel_tiles_including_required_packing,INDEPENDENT_INT64_REFERENCE_EXACT_INT32,0,0,"0:cpu0:tiles32;1:cpu1:tiles32;2:cpu2:tiles32;3:cpu3:tiles32","NA",static,0,"NA","NA","/home/bananapi/MAT/kernels riscv rvv 1.0/FINAL/riscv-rvv-ime-gemm-microkernels-updated/HETEROGENEOUS_RVV_IME_OPENMP_GEMM/results/openmp_results_k1-ime_1024_20260904_115516/raw_logs/IME_NATIVE_KERNELS_IME_GEMM_INT8_I8I32_8x8_NATIVE_ime_kernel_8x8_zvl256b_lmul1_unroll8_run1.log",NA,NA,NA,NA,NA,NA,NA
k1_kernel_tuning,IME,tile_N,8,2026-09-04T12:02:15,k1-ime,"IME_NATIVE_KERNELS","IME_GEMM_INT8_I8I32_8x8_NATIVE","ime_kernel_8x8_zvl256b_lmul1_unroll8",8x8,256b,1,8,INT8_IME,0-3,4,4,1024,1024,1024,8,2,OK,0,NONE,0.459915917,GOPS,4.669296,parallel_tiles_including_required_packing,DISABLED,0,0,"0:cpu0:tiles32;1:cpu1:tiles32;2:cpu2:tiles32;3:cpu3:tiles32","NA",static,0,"NA","NA","/home/bananapi/MAT/kernels riscv rvv 1.0/FINAL/riscv-rvv-ime-gemm-microkernels-updated/HETEROGENEOUS_RVV_IME_OPENMP_GEMM/results/openmp_results_k1-ime_1024_20260904_115516/raw_logs/IME_NATIVE_KERNELS_IME_GEMM_INT8_I8I32_8x8_NATIVE_ime_kernel_8x8_zvl256b_lmul1_unroll8_run2.log",NA,NA,NA,NA,NA,NA,NA
k1_kernel_tuning,IME,tile_N,8,2026-09-04T12:02:16,k1-ime,"IME_NATIVE_KERNELS","IME_GEMM_INT8_I8I32_8x8_NATIVE","ime_kernel_8x8_zvl256b_lmul1_unroll8",8x8,256b,1,8,INT8_IME,0-3,4,4,1024,1024,1024,8,3,OK,0,NONE,0.370316334,GOPS,5.799052,parallel_tiles_including_required_packing,DISABLED,0,0,"0:cpu0:tiles32;1:cpu1:tiles32;2:cpu2:tiles32;3:cpu3:tiles32","NA",static,0,"NA","NA","/home/bananapi/MAT/kernels riscv rvv 1.0/FINAL/riscv-rvv-ime-gemm-microkernels-updated/HETEROGENEOUS_RVV_IME_OPENMP_GEMM/results/openmp_results_k1-ime_1024_20260904_115516/raw_logs/IME_NATIVE_KERNELS_IME_GEMM_INT8_I8I32_8x8_NATIVE_ime_kernel_8x8_zvl256b_lmul1_unroll8_run3.log",NA,NA,NA,NA,NA,NA,NA
k1_kernel_tuning,IME,tile_N,8,2026-09-04T12:02:17,k1-ime,"IME_NATIVE_KERNELS","IME_GEMM_INT8_I8I32_8x8_NATIVE","ime_kernel_8x8_zvl256b_lmul1_unroll8",8x8,256b,1,8,INT8_IME,0-3,4,4,1024,1024,1024,8,4,OK,0,NONE,0.465429667,GOPS,4.613981,parallel_tiles_including_required_packing,DISABLED,0,0,"0:cpu0:tiles32;1:cpu1:tiles32;2:cpu2:tiles32;3:cpu3:tiles32","NA",static,0,"NA","NA","/home/bananapi/MAT/kernels riscv rvv 1.0/FINAL/riscv-rvv-ime-gemm-microkernels-updated/HETEROGENEOUS_RVV_IME_OPENMP_GEMM/results/openmp_results_k1-ime_1024_20260904_115516/raw_logs/IME_NATIVE_KERNELS_IME_GEMM_INT8_I8I32_8x8_NATIVE_ime_kernel_8x8_zvl256b_lmul1_unroll8_run4.log",NA,NA,NA,NA,NA,NA,NA
k1_kernel_tuning,IME,tile_N,8,2026-09-04T12:02:18,k1-ime,"IME_NATIVE_KERNELS","IME_GEMM_INT8_I8I32_8x8_NATIVE","ime_kernel_8x8_zvl256b_lmul1_unroll8",8x8,256b,1,8,INT8_IME,0-3,4,4,1024,1024,1024,8,5,OK,0,NONE,0.492101416,GOPS,4.363905,parallel_tiles_including_required_packing,DISABLED,0,0,"0:cpu0:tiles32;1:cpu1:tiles32;2:cpu2:tiles32;3:cpu3:tiles32","NA",static,0,"NA","NA","/home/bananapi/MAT/kernels riscv rvv 1.0/FINAL/riscv-rvv-ime-gemm-microkernels-updated/HETEROGENEOUS_RVV_IME_OPENMP_GEMM/results/openmp_results_k1-ime_1024_20260904_115516/raw_logs/IME_NATIVE_KERNELS_IME_GEMM_INT8_I8I32_8x8_NATIVE_ime_kernel_8x8_zvl256b_lmul1_unroll8_run5.log",NA,NA,NA,NA,NA,NA,NA
k1_kernel_tuning,IME,tile_N,8,2026-09-04T12:02:19,k1-ime,"IME_NATIVE_KERNELS","IME_GEMM_INT8_I8I32_8x8_NATIVE","ime_kernel_8x8_zvl256b_lmul1_unroll8",8x8,256b,1,8,INT8_IME,0-3,4,4,1024,1024,1024,8,6,OK,0,NONE,0.361192834,GOPS,5.945532,parallel_tiles_including_required_packing,DISABLED,0,0,"0:cpu0:tiles32;1:cpu1:tiles32;2:cpu2:tiles32;3:cpu3:tiles32","NA",static,0,"NA","NA","/home/bananapi/MAT/kernels riscv rvv 1.0/FINAL/riscv-rvv-ime-gemm-microkernels-updated/HETEROGENEOUS_RVV_IME_OPENMP_GEMM/results/openmp_results_k1-ime_1024_20260904_115516/raw_logs/IME_NATIVE_KERNELS_IME_GEMM_INT8_I8I32_8x8_NATIVE_ime_kernel_8x8_zvl256b_lmul1_unroll8_run6.log",NA,NA,NA,NA,NA,NA,NA
k1_kernel_tuning,RVV,tile_N,16,2026-09-04T12:02:49,k1-rvv,"GEMM_RVV_FP32_INT8_8x4_Baseline","RVV_IGEMM_INT8_I8I32_8x4","igemm_kernel_8x4_zvl256b_lmul1_unroll1_i8i32",8x4,256b,1,1,INT8_RVV,0-7,8,8,1024,1024,1024,16,1,OK,0,NONE,0.349678833,GOPS,6.141303,parallel_tiles_including_required_packing,INDEPENDENT_INT64_REFERENCE_EXACT_INT32,0,0,"0:cpu0:tiles8;1:cpu1:tiles8;2:cpu2:tiles8;3:cpu3:tiles8;4:cpu4:tiles8;5:cpu5:tiles8;6:cpu6:tiles8;7:cpu7:tiles8","NA",static,0,"NA","NA","/home/bananapi/MAT/kernels riscv rvv 1.0/FINAL/riscv-rvv-ime-gemm-microkernels-updated/HETEROGENEOUS_RVV_IME_OPENMP_GEMM/results/openmp_results_k1-rvv_1024_20260904_120220/raw_logs/GEMM_RVV_FP32_INT8_8x4_Baseline_RVV_IGEMM_INT8_I8I32_8x4_igemm_kernel_8x4_zvl256b_lmul1_unroll1_i8i32_run1.log",NA,NA,NA,NA,NA,NA,NA
k1_kernel_tuning,RVV,tile_N,16,2026-09-04T12:02:50,k1-rvv,"GEMM_RVV_FP32_INT8_8x4_Baseline","RVV_IGEMM_INT8_I8I32_8x4","igemm_kernel_8x4_zvl256b_lmul1_unroll1_i8i32",8x4,256b,1,1,INT8_RVV,0-7,8,8,1024,1024,1024,16,2,OK,0,NONE,0.336395998,GOPS,6.383797,parallel_tiles_including_required_packing,DISABLED,0,0,"0:cpu0:tiles8;1:cpu1:tiles8;2:cpu2:tiles8;3:cpu3:tiles8;4:cpu4:tiles8;5:cpu5:tiles8;6:cpu6:tiles8;7:cpu7:tiles8","NA",static,0,"NA","NA","/home/bananapi/MAT/kernels riscv rvv 1.0/FINAL/riscv-rvv-ime-gemm-microkernels-updated/HETEROGENEOUS_RVV_IME_OPENMP_GEMM/results/openmp_results_k1-rvv_1024_20260904_120220/raw_logs/GEMM_RVV_FP32_INT8_8x4_Baseline_RVV_IGEMM_INT8_I8I32_8x4_igemm_kernel_8x4_zvl256b_lmul1_unroll1_i8i32_run2.log",NA,NA,NA,NA,NA,NA,NA
k1_kernel_tuning,RVV,tile_N,16,2026-09-04T12:02:51,k1-rvv,"GEMM_RVV_FP32_INT8_8x4_Baseline","RVV_IGEMM_INT8_I8I32_8x4","igemm_kernel_8x4_zvl256b_lmul1_unroll1_i8i32",8x4,256b,1,1,INT8_RVV,0-7,8,8,1024,1024,1024,16,3,OK,0,NONE,0.347157791,GOPS,6.185901,parallel_tiles_including_required_packing,DISABLED,0,0,"0:cpu0:tiles8;1:cpu1:tiles8;2:cpu2:tiles8;3:cpu3:tiles8;4:cpu4:tiles8;5:cpu5:tiles8;6:cpu6:tiles8;7:cpu7:tiles8","NA",static,0,"NA","NA","/home/bananapi/MAT/kernels riscv rvv 1.0/FINAL/riscv-rvv-ime-gemm-microkernels-updated/HETEROGENEOUS_RVV_IME_OPENMP_GEMM/results/openmp_results_k1-rvv_1024_20260904_120220/raw_logs/GEMM_RVV_FP32_INT8_8x4_Baseline_RVV_IGEMM_INT8_I8I32_8x4_igemm_kernel_8x4_zvl256b_lmul1_unroll1_i8i32_run3.log",NA,NA,NA,NA,NA,NA,NA
k1_kernel_tuning,RVV,tile_N,16,2026-09-04T12:02:52,k1-rvv,"GEMM_RVV_FP32_INT8_8x4_Baseline","RVV_IGEMM_INT8_I8I32_8x4","igemm_kernel_8x4_zvl256b_lmul1_unroll1_i8i32",8x4,256b,1,1,INT8_RVV,0-7,8,8,1024,1024,1024,16,4,OK,0,NONE,0.339336418,GOPS,6.328480,parallel_tiles_including_required_packing,DISABLED,0,0,"0:cpu0:tiles8;1:cpu1:tiles8;2:cpu2:tiles8;3:cpu3:tiles8;4:cpu4:tiles8;5:cpu5:tiles8;6:cpu6:tiles8;7:cpu7:tiles8","NA",static,0,"NA","NA","/home/bananapi/MAT/kernels riscv rvv 1.0/FINAL/riscv-rvv-ime-gemm-microkernels-updated/HETEROGENEOUS_RVV_IME_OPENMP_GEMM/results/openmp_results_k1-rvv_1024_20260904_120220/raw_logs/GEMM_RVV_FP32_INT8_8x4_Baseline_RVV_IGEMM_INT8_I8I32_8x4_igemm_kernel_8x4_zvl256b_lmul1_unroll1_i8i32_run4.log",NA,NA,NA,NA,NA,NA,NA
k1_kernel_tuning,RVV,tile_N,16,2026-09-04T12:02:53,k1-rvv,"GEMM_RVV_FP32_INT8_8x4_Baseline","RVV_IGEMM_INT8_I8I32_8x4","igemm_kernel_8x4_zvl256b_lmul1_unroll1_i8i32",8x4,256b,1,1,INT8_RVV,0-7,8,8,1024,1024,1024,16,5,OK,0,NONE,0.355681166,GOPS,6.037665,parallel_tiles_including_required_packing,DISABLED,0,0,"0:cpu0:tiles8;1:cpu1:tiles8;2:cpu2:tiles8;3:cpu3:tiles8;4:cpu4:tiles8;5:cpu5:tiles8;6:cpu6:tiles8;7:cpu7:tiles8","NA",static,0,"NA","NA","/home/bananapi/MAT/kernels riscv rvv 1.0/FINAL/riscv-rvv-ime-gemm-microkernels-updated/HETEROGENEOUS_RVV_IME_OPENMP_GEMM/results/openmp_results_k1-rvv_1024_20260904_120220/raw_logs/GEMM_RVV_FP32_INT8_8x4_Baseline_RVV_IGEMM_INT8_I8I32_8x4_igemm_kernel_8x4_zvl256b_lmul1_unroll1_i8i32_run5.log",NA,NA,NA,NA,NA,NA,NA
k1_kernel_tuning,RVV,tile_N,16,2026-09-04T12:02:54,k1-rvv,"GEMM_RVV_FP32_INT8_8x4_Baseline","RVV_IGEMM_INT8_I8I32_8x4","igemm_kernel_8x4_zvl256b_lmul1_unroll1_i8i32",8x4,256b,1,1,INT8_RVV,0-7,8,8,1024,1024,1024,16,6,OK,0,NONE,0.340250082,GOPS,6.311486,parallel_tiles_including_required_packing,DISABLED,0,0,"0:cpu0:tiles8;1:cpu1:tiles8;2:cpu2:tiles8;3:cpu3:tiles8;4:cpu4:tiles8;5:cpu5:tiles8;6:cpu6:tiles8;7:cpu7:tiles8","NA",static,0,"NA","NA","/home/bananapi/MAT/kernels riscv rvv 1.0/FINAL/riscv-rvv-ime-gemm-microkernels-updated/HETEROGENEOUS_RVV_IME_OPENMP_GEMM/results/openmp_results_k1-rvv_1024_20260904_120220/raw_logs/GEMM_RVV_FP32_INT8_8x4_Baseline_RVV_IGEMM_INT8_I8I32_8x4_igemm_kernel_8x4_zvl256b_lmul1_unroll1_i8i32_run6.log",NA,NA,NA,NA,NA,NA,NA
k1_kernel_tuning,RVV,tile_N,16,2026-09-04T12:03:30,k1-rvv,"GEMM_RVV_FP32_INT8_8x4_Baseline","RVV_IGEMM_INT8_I8I32_8x4","igemm_kernel_8x4_zvl256b_lmul1_unroll2_i8i32",8x4,256b,1,2,INT8_RVV,0-7,8,8,1024,1024,1024,16,1,OK,0,NONE,0.497848544,GOPS,4.313528,parallel_tiles_including_required_packing,INDEPENDENT_INT64_REFERENCE_EXACT_INT32,0,0,"0:cpu0:tiles8;1:cpu1:tiles8;2:cpu2:tiles8;3:cpu3:tiles8;4:cpu4:tiles8;5:cpu5:tiles8;6:cpu6:tiles8;7:cpu7:tiles8","NA",static,0,"NA","NA","/home/bananapi/MAT/kernels riscv rvv 1.0/FINAL/riscv-rvv-ime-gemm-microkernels-updated/HETEROGENEOUS_RVV_IME_OPENMP_GEMM/results/openmp_results_k1-rvv_1024_20260904_120220/raw_logs/GEMM_RVV_FP32_INT8_8x4_Baseline_RVV_IGEMM_INT8_I8I32_8x4_igemm_kernel_8x4_zvl256b_lmul1_unroll2_i8i32_run1.log",NA,NA,NA,NA,NA,NA,NA
k1_kernel_tuning,RVV,tile_N,16,2026-09-04T12:03:31,k1-rvv,"GEMM_RVV_FP32_INT8_8x4_Baseline","RVV_IGEMM_INT8_I8I32_8x4","igemm_kernel_8x4_zvl256b_lmul1_unroll2_i8i32",8x4,256b,1,2,INT8_RVV,0-7,8,8,1024,1024,1024,16,2,OK,0,NONE,0.492993623,GOPS,4.356007,parallel_tiles_including_required_packing,DISABLED,0,0,"0:cpu0:tiles8;1:cpu1:tiles8;2:cpu2:tiles8;3:cpu3:tiles8;4:cpu4:tiles8;5:cpu5:tiles8;6:cpu6:tiles8;7:cpu7:tiles8","NA",static,0,"NA","NA","/home/bananapi/MAT/kernels riscv rvv 1.0/FINAL/riscv-rvv-ime-gemm-microkernels-updated/HETEROGENEOUS_RVV_IME_OPENMP_GEMM/results/openmp_results_k1-rvv_1024_20260904_120220/raw_logs/GEMM_RVV_FP32_INT8_8x4_Baseline_RVV_IGEMM_INT8_I8I32_8x4_igemm_kernel_8x4_zvl256b_lmul1_unroll2_i8i32_run2.log",NA,NA,NA,NA,NA,NA,NA
k1_kernel_tuning,RVV,tile_N,16,2026-09-04T12:03:32,k1-rvv,"GEMM_RVV_FP32_INT8_8x4_Baseline","RVV_IGEMM_INT8_I8I32_8x4","igemm_kernel_8x4_zvl256b_lmul1_unroll2_i8i32",8x4,256b,1,2,INT8_RVV,0-7,8,8,1024,1024,1024,16,3,OK,0,NONE,0.499058668,GOPS,4.303069,parallel_tiles_including_required_packing,DISABLED,0,0,"0:cpu0:tiles8;1:cpu1:tiles8;2:cpu2:tiles8;3:cpu3:tiles8;4:cpu4:tiles8;5:cpu5:tiles8;6:cpu6:tiles8;7:cpu7:tiles8","NA",static,0,"NA","NA","/home/bananapi/MAT/kernels riscv rvv 1.0/FINAL/riscv-rvv-ime-gemm-microkernels-updated/HETEROGENEOUS_RVV_IME_OPENMP_GEMM/results/openmp_results_k1-rvv_1024_20260904_120220/raw_logs/GEMM_RVV_FP32_INT8_8x4_Baseline_RVV_IGEMM_INT8_I8I32_8x4_igemm_kernel_8x4_zvl256b_lmul1_unroll2_i8i32_run3.log",NA,NA,NA,NA,NA,NA,NA
k1_kernel_tuning,RVV,tile_N,16,2026-09-04T12:03:34,k1-rvv,"GEMM_RVV_FP32_INT8_8x4_Baseline","RVV_IGEMM_INT8_I8I32_8x4","igemm_kernel_8x4_zvl256b_lmul1_unroll2_i8i32",8x4,256b,1,2,INT8_RVV,0-7,8,8,1024,1024,1024,16,4,OK,0,NONE,0.487390500,GOPS,4.406084,parallel_tiles_including_required_packing,DISABLED,0,0,"0:cpu0:tiles8;1:cpu1:tiles8;2:cpu2:tiles8;3:cpu3:tiles8;4:cpu4:tiles8;5:cpu5:tiles8;6:cpu6:tiles8;7:cpu7:tiles8","NA",static,0,"NA","NA","/home/bananapi/MAT/kernels riscv rvv 1.0/FINAL/riscv-rvv-ime-gemm-microkernels-updated/HETEROGENEOUS_RVV_IME_OPENMP_GEMM/results/openmp_results_k1-rvv_1024_20260904_120220/raw_logs/GEMM_RVV_FP32_INT8_8x4_Baseline_RVV_IGEMM_INT8_I8I32_8x4_igemm_kernel_8x4_zvl256b_lmul1_unroll2_i8i32_run4.log",NA,NA,NA,NA,NA,NA,NA
k1_kernel_tuning,RVV,tile_N,16,2026-09-04T12:03:35,k1-rvv,"GEMM_RVV_FP32_INT8_8x4_Baseline","RVV_IGEMM_INT8_I8I32_8x4","igemm_kernel_8x4_zvl256b_lmul1_unroll2_i8i32",8x4,256b,1,2,INT8_RVV,0-7,8,8,1024,1024,1024,16,5,OK,0,NONE,0.499904126,GOPS,4.295791,parallel_tiles_including_required_packing,DISABLED,0,0,"0:cpu0:tiles8;1:cpu1:tiles8;2:cpu2:tiles8;3:cpu3:tiles8;4:cpu4:tiles8;5:cpu5:tiles8;6:cpu6:tiles8;7:cpu7:tiles8","NA",static,0,"NA","NA","/home/bananapi/MAT/kernels riscv rvv 1.0/FINAL/riscv-rvv-ime-gemm-microkernels-updated/HETEROGENEOUS_RVV_IME_OPENMP_GEMM/results/openmp_results_k1-rvv_1024_20260904_120220/raw_logs/GEMM_RVV_FP32_INT8_8x4_Baseline_RVV_IGEMM_INT8_I8I32_8x4_igemm_kernel_8x4_zvl256b_lmul1_unroll2_i8i32_run5.log",NA,NA,NA,NA,NA,NA,NA
k1_kernel_tuning,RVV,tile_N,16,2026-09-04T12:03:36,k1-rvv,"GEMM_RVV_FP32_INT8_8x4_Baseline","RVV_IGEMM_INT8_I8I32_8x4","igemm_kernel_8x4_zvl256b_lmul1_unroll2_i8i32",8x4,256b,1,2,INT8_RVV,0-7,8,8,1024,1024,1024,16,6,OK,0,NONE,0.487725750,GOPS,4.403056,parallel_tiles_including_required_packing,DISABLED,0,0,"0:cpu0:tiles8;1:cpu1:tiles8;2:cpu2:tiles8;3:cpu3:tiles8;4:cpu4:tiles8;5:cpu5:tiles8;6:cpu6:tiles8;7:cpu7:tiles8","NA",static,0,"NA","NA","/home/bananapi/MAT/kernels riscv rvv 1.0/FINAL/riscv-rvv-ime-gemm-microkernels-updated/HETEROGENEOUS_RVV_IME_OPENMP_GEMM/results/openmp_results_k1-rvv_1024_20260904_120220/raw_logs/GEMM_RVV_FP32_INT8_8x4_Baseline_RVV_IGEMM_INT8_I8I32_8x4_igemm_kernel_8x4_zvl256b_lmul1_unroll2_i8i32_run6.log",NA,NA,NA,NA,NA,NA,NA
k1_kernel_tuning,RVV,tile_N,16,2026-09-04T12:04:12,k1-rvv,"GEMM_RVV_FP32_INT8_8x4_Baseline","RVV_IGEMM_INT8_I8I32_8x4","igemm_kernel_8x4_zvl256b_lmul1_unroll4_i8i32",8x4,256b,1,4,INT8_RVV,0-7,8,8,1024,1024,1024,16,1,OK,0,NONE,0.516065959,GOPS,4.161258,parallel_tiles_including_required_packing,INDEPENDENT_INT64_REFERENCE_EXACT_INT32,0,0,"0:cpu0:tiles8;1:cpu1:tiles8;2:cpu2:tiles8;3:cpu3:tiles8;4:cpu4:tiles8;5:cpu5:tiles8;6:cpu6:tiles8;7:cpu7:tiles8","NA",static,0,"NA","NA","/home/bananapi/MAT/kernels riscv rvv 1.0/FINAL/riscv-rvv-ime-gemm-microkernels-updated/HETEROGENEOUS_RVV_IME_OPENMP_GEMM/results/openmp_results_k1-rvv_1024_20260904_120220/raw_logs/GEMM_RVV_FP32_INT8_8x4_Baseline_RVV_IGEMM_INT8_I8I32_8x4_igemm_kernel_8x4_zvl256b_lmul1_unroll4_i8i32_run1.log",NA,NA,NA,NA,NA,NA,NA
k1_kernel_tuning,RVV,tile_N,16,2026-09-04T12:04:13,k1-rvv,"GEMM_RVV_FP32_INT8_8x4_Baseline","RVV_IGEMM_INT8_I8I32_8x4","igemm_kernel_8x4_zvl256b_lmul1_unroll4_i8i32",8x4,256b,1,4,INT8_RVV,0-7,8,8,1024,1024,1024,16,2,OK,0,NONE,0.496955208,GOPS,4.321282,parallel_tiles_including_required_packing,DISABLED,0,0,"0:cpu0:tiles8;1:cpu1:tiles8;2:cpu2:tiles8;3:cpu3:tiles8;4:cpu4:tiles8;5:cpu5:tiles8;6:cpu6:tiles8;7:cpu7:tiles8","NA",static,0,"NA","NA","/home/bananapi/MAT/kernels riscv rvv 1.0/FINAL/riscv-rvv-ime-gemm-microkernels-updated/HETEROGENEOUS_RVV_IME_OPENMP_GEMM/results/openmp_results_k1-rvv_1024_20260904_120220/raw_logs/GEMM_RVV_FP32_INT8_8x4_Baseline_RVV_IGEMM_INT8_I8I32_8x4_igemm_kernel_8x4_zvl256b_lmul1_unroll4_i8i32_run2.log",NA,NA,NA,NA,NA,NA,NA
k1_kernel_tuning,RVV,tile_N,16,2026-09-04T12:04:15,k1-rvv,"GEMM_RVV_FP32_INT8_8x4_Baseline","RVV_IGEMM_INT8_I8I32_8x4","igemm_kernel_8x4_zvl256b_lmul1_unroll4_i8i32",8x4,256b,1,4,INT8_RVV,0-7,8,8,1024,1024,1024,16,3,OK,0,NONE,0.502760872,GOPS,4.271382,parallel_tiles_including_required_packing,DISABLED,0,0,"0:cpu0:tiles8;1:cpu1:tiles8;2:cpu2:tiles8;3:cpu3:tiles8;4:cpu4:tiles8;5:cpu5:tiles8;6:cpu6:tiles8;7:cpu7:tiles8","NA",static,0,"NA","NA","/home/bananapi/MAT/kernels riscv rvv 1.0/FINAL/riscv-rvv-ime-gemm-microkernels-updated/HETEROGENEOUS_RVV_IME_OPENMP_GEMM/results/openmp_results_k1-rvv_1024_20260904_120220/raw_logs/GEMM_RVV_FP32_INT8_8x4_Baseline_RVV_IGEMM_INT8_I8I32_8x4_igemm_kernel_8x4_zvl256b_lmul1_unroll4_i8i32_run3.log",NA,NA,NA,NA,NA,NA,NA
k1_kernel_tuning,RVV,tile_N,16,2026-09-04T12:04:16,k1-rvv,"GEMM_RVV_FP32_INT8_8x4_Baseline","RVV_IGEMM_INT8_I8I32_8x4","igemm_kernel_8x4_zvl256b_lmul1_unroll4_i8i32",8x4,256b,1,4,INT8_RVV,0-7,8,8,1024,1024,1024,16,4,OK,0,NONE,0.516446080,GOPS,4.158195,parallel_tiles_including_required_packing,DISABLED,0,0,"0:cpu0:tiles8;1:cpu1:tiles8;2:cpu2:tiles8;3:cpu3:tiles8;4:cpu4:tiles8;5:cpu5:tiles8;6:cpu6:tiles8;7:cpu7:tiles8","NA",static,0,"NA","NA","/home/bananapi/MAT/kernels riscv rvv 1.0/FINAL/riscv-rvv-ime-gemm-microkernels-updated/HETEROGENEOUS_RVV_IME_OPENMP_GEMM/results/openmp_results_k1-rvv_1024_20260904_120220/raw_logs/GEMM_RVV_FP32_INT8_8x4_Baseline_RVV_IGEMM_INT8_I8I32_8x4_igemm_kernel_8x4_zvl256b_lmul1_unroll4_i8i32_run4.log",NA,NA,NA,NA,NA,NA,NA
k1_kernel_tuning,RVV,tile_N,16,2026-09-04T12:04:17,k1-rvv,"GEMM_RVV_FP32_INT8_8x4_Baseline","RVV_IGEMM_INT8_I8I32_8x4","igemm_kernel_8x4_zvl256b_lmul1_unroll4_i8i32",8x4,256b,1,4,INT8_RVV,0-7,8,8,1024,1024,1024,16,5,OK,0,NONE,0.498845041,GOPS,4.304911,parallel_tiles_including_required_packing,DISABLED,0,0,"0:cpu0:tiles8;1:cpu1:tiles8;2:cpu2:tiles8;3:cpu3:tiles8;4:cpu4:tiles8;5:cpu5:tiles8;6:cpu6:tiles8;7:cpu7:tiles8","NA",static,0,"NA","NA","/home/bananapi/MAT/kernels riscv rvv 1.0/FINAL/riscv-rvv-ime-gemm-microkernels-updated/HETEROGENEOUS_RVV_IME_OPENMP_GEMM/results/openmp_results_k1-rvv_1024_20260904_120220/raw_logs/GEMM_RVV_FP32_INT8_8x4_Baseline_RVV_IGEMM_INT8_I8I32_8x4_igemm_kernel_8x4_zvl256b_lmul1_unroll4_i8i32_run5.log",NA,NA,NA,NA,NA,NA,NA
k1_kernel_tuning,RVV,tile_N,16,2026-09-04T12:04:18,k1-rvv,"GEMM_RVV_FP32_INT8_8x4_Baseline","RVV_IGEMM_INT8_I8I32_8x4","igemm_kernel_8x4_zvl256b_lmul1_unroll4_i8i32",8x4,256b,1,4,INT8_RVV,0-7,8,8,1024,1024,1024,16,6,OK,0,NONE,0.497694917,GOPS,4.314860,parallel_tiles_including_required_packing,DISABLED,0,0,"0:cpu0:tiles8;1:cpu1:tiles8;2:cpu2:tiles8;3:cpu3:tiles8;4:cpu4:tiles8;5:cpu5:tiles8;6:cpu6:tiles8;7:cpu7:tiles8","NA",static,0,"NA","NA","/home/bananapi/MAT/kernels riscv rvv 1.0/FINAL/riscv-rvv-ime-gemm-microkernels-updated/HETEROGENEOUS_RVV_IME_OPENMP_GEMM/results/openmp_results_k1-rvv_1024_20260904_120220/raw_logs/GEMM_RVV_FP32_INT8_8x4_Baseline_RVV_IGEMM_INT8_I8I32_8x4_igemm_kernel_8x4_zvl256b_lmul1_unroll4_i8i32_run6.log",NA,NA,NA,NA,NA,NA,NA
k1_kernel_tuning,RVV,tile_N,16,2026-09-04T12:04:55,k1-rvv,"GEMM_RVV_FP32_INT8_8x4_Baseline","RVV_IGEMM_INT8_I8I32_8x4","igemm_kernel_8x4_zvl256b_lmul1_unroll8_i8i32",8x4,256b,1,8,INT8_RVV,0-7,8,8,1024,1024,1024,16,1,OK,0,NONE,0.468072042,GOPS,4.587934,parallel_tiles_including_required_packing,INDEPENDENT_INT64_REFERENCE_EXACT_INT32,0,0,"0:cpu0:tiles8;1:cpu1:tiles8;2:cpu2:tiles8;3:cpu3:tiles8;4:cpu4:tiles8;5:cpu5:tiles8;6:cpu6:tiles8;7:cpu7:tiles8","NA",static,0,"NA","NA","/home/bananapi/MAT/kernels riscv rvv 1.0/FINAL/riscv-rvv-ime-gemm-microkernels-updated/HETEROGENEOUS_RVV_IME_OPENMP_GEMM/results/openmp_results_k1-rvv_1024_20260904_120220/raw_logs/GEMM_RVV_FP32_INT8_8x4_Baseline_RVV_IGEMM_INT8_I8I32_8x4_igemm_kernel_8x4_zvl256b_lmul1_unroll8_i8i32_run1.log",NA,NA,NA,NA,NA,NA,NA
k1_kernel_tuning,RVV,tile_N,16,2026-09-04T12:04:57,k1-rvv,"GEMM_RVV_FP32_INT8_8x4_Baseline","RVV_IGEMM_INT8_I8I32_8x4","igemm_kernel_8x4_zvl256b_lmul1_unroll8_i8i32",8x4,256b,1,8,INT8_RVV,0-7,8,8,1024,1024,1024,16,2,OK,0,NONE,0.468766376,GOPS,4.581138,parallel_tiles_including_required_packing,DISABLED,0,0,"0:cpu0:tiles8;1:cpu1:tiles8;2:cpu2:tiles8;3:cpu3:tiles8;4:cpu4:tiles8;5:cpu5:tiles8;6:cpu6:tiles8;7:cpu7:tiles8","NA",static,0,"NA","NA","/home/bananapi/MAT/kernels riscv rvv 1.0/FINAL/riscv-rvv-ime-gemm-microkernels-updated/HETEROGENEOUS_RVV_IME_OPENMP_GEMM/results/openmp_results_k1-rvv_1024_20260904_120220/raw_logs/GEMM_RVV_FP32_INT8_8x4_Baseline_RVV_IGEMM_INT8_I8I32_8x4_igemm_kernel_8x4_zvl256b_lmul1_unroll8_i8i32_run2.log",NA,NA,NA,NA,NA,NA,NA
k1_kernel_tuning,RVV,tile_N,16,2026-09-04T12:04:58,k1-rvv,"GEMM_RVV_FP32_INT8_8x4_Baseline","RVV_IGEMM_INT8_I8I32_8x4","igemm_kernel_8x4_zvl256b_lmul1_unroll8_i8i32",8x4,256b,1,8,INT8_RVV,0-7,8,8,1024,1024,1024,16,3,OK,0,NONE,0.467994664,GOPS,4.588693,parallel_tiles_including_required_packing,DISABLED,0,0,"0:cpu0:tiles8;1:cpu1:tiles8;2:cpu2:tiles8;3:cpu3:tiles8;4:cpu4:tiles8;5:cpu5:tiles8;6:cpu6:tiles8;7:cpu7:tiles8","NA",static,0,"NA","NA","/home/bananapi/MAT/kernels riscv rvv 1.0/FINAL/riscv-rvv-ime-gemm-microkernels-updated/HETEROGENEOUS_RVV_IME_OPENMP_GEMM/results/openmp_results_k1-rvv_1024_20260904_120220/raw_logs/GEMM_RVV_FP32_INT8_8x4_Baseline_RVV_IGEMM_INT8_I8I32_8x4_igemm_kernel_8x4_zvl256b_lmul1_unroll8_i8i32_run3.log",NA,NA,NA,NA,NA,NA,NA
k1_kernel_tuning,RVV,tile_N,16,2026-09-04T12:04:59,k1-rvv,"GEMM_RVV_FP32_INT8_8x4_Baseline","RVV_IGEMM_INT8_I8I32_8x4","igemm_kernel_8x4_zvl256b_lmul1_unroll8_i8i32",8x4,256b,1,8,INT8_RVV,0-7,8,8,1024,1024,1024,16,4,OK,0,NONE,0.469266001,GOPS,4.576261,parallel_tiles_including_required_packing,DISABLED,0,0,"0:cpu0:tiles8;1:cpu1:tiles8;2:cpu2:tiles8;3:cpu3:tiles8;4:cpu4:tiles8;5:cpu5:tiles8;6:cpu6:tiles8;7:cpu7:tiles8","NA",static,0,"NA","NA","/home/bananapi/MAT/kernels riscv rvv 1.0/FINAL/riscv-rvv-ime-gemm-microkernels-updated/HETEROGENEOUS_RVV_IME_OPENMP_GEMM/results/openmp_results_k1-rvv_1024_20260904_120220/raw_logs/GEMM_RVV_FP32_INT8_8x4_Baseline_RVV_IGEMM_INT8_I8I32_8x4_igemm_kernel_8x4_zvl256b_lmul1_unroll8_i8i32_run4.log",NA,NA,NA,NA,NA,NA,NA
k1_kernel_tuning,RVV,tile_N,16,2026-09-04T12:05:00,k1-rvv,"GEMM_RVV_FP32_INT8_8x4_Baseline","RVV_IGEMM_INT8_I8I32_8x4","igemm_kernel_8x4_zvl256b_lmul1_unroll8_i8i32",8x4,256b,1,8,INT8_RVV,0-7,8,8,1024,1024,1024,16,5,OK,0,NONE,0.466383334,GOPS,4.604546,parallel_tiles_including_required_packing,DISABLED,0,0,"0:cpu0:tiles8;1:cpu1:tiles8;2:cpu2:tiles8;3:cpu3:tiles8;4:cpu4:tiles8;5:cpu5:tiles8;6:cpu6:tiles8;7:cpu7:tiles8","NA",static,0,"NA","NA","/home/bananapi/MAT/kernels riscv rvv 1.0/FINAL/riscv-rvv-ime-gemm-microkernels-updated/HETEROGENEOUS_RVV_IME_OPENMP_GEMM/results/openmp_results_k1-rvv_1024_20260904_120220/raw_logs/GEMM_RVV_FP32_INT8_8x4_Baseline_RVV_IGEMM_INT8_I8I32_8x4_igemm_kernel_8x4_zvl256b_lmul1_unroll8_i8i32_run5.log",NA,NA,NA,NA,NA,NA,NA
k1_kernel_tuning,RVV,tile_N,16,2026-09-04T12:05:02,k1-rvv,"GEMM_RVV_FP32_INT8_8x4_Baseline","RVV_IGEMM_INT8_I8I32_8x4","igemm_kernel_8x4_zvl256b_lmul1_unroll8_i8i32",8x4,256b,1,8,INT8_RVV,0-7,8,8,1024,1024,1024,16,6,OK,0,NONE,0.476059377,GOPS,4.510958,parallel_tiles_including_required_packing,DISABLED,0,0,"0:cpu0:tiles8;1:cpu1:tiles8;2:cpu2:tiles8;3:cpu3:tiles8;4:cpu4:tiles8;5:cpu5:tiles8;6:cpu6:tiles8;7:cpu7:tiles8","NA",static,0,"NA","NA","/home/bananapi/MAT/kernels riscv rvv 1.0/FINAL/riscv-rvv-ime-gemm-microkernels-updated/HETEROGENEOUS_RVV_IME_OPENMP_GEMM/results/openmp_results_k1-rvv_1024_20260904_120220/raw_logs/GEMM_RVV_FP32_INT8_8x4_Baseline_RVV_IGEMM_INT8_I8I32_8x4_igemm_kernel_8x4_zvl256b_lmul1_unroll8_i8i32_run6.log",NA,NA,NA,NA,NA,NA,NA
k1_kernel_tuning,RVV,tile_N,16,2026-09-04T12:05:40,k1-rvv,"GEMM_RVV_FP32_INT8_8x4_Baseline","RVV_IGEMM_INT8_I8I32_8x4","igemm_kernel_8x4_zvl256b_lmul2_unroll1_i8i32",8x4,256b,2,1,INT8_RVV,0-7,8,8,1024,1024,1024,16,1,OK,0,NONE,1.067818251,GOPS,2.011095,parallel_tiles_including_required_packing,INDEPENDENT_INT64_REFERENCE_EXACT_INT32,0,0,"0:cpu0:tiles8;1:cpu1:tiles8;2:cpu2:tiles8;3:cpu3:tiles8;4:cpu4:tiles8;5:cpu5:tiles8;6:cpu6:tiles8;7:cpu7:tiles8","NA",static,0,"NA","NA","/home/bananapi/MAT/kernels riscv rvv 1.0/FINAL/riscv-rvv-ime-gemm-microkernels-updated/HETEROGENEOUS_RVV_IME_OPENMP_GEMM/results/openmp_results_k1-rvv_1024_20260904_120220/raw_logs/GEMM_RVV_FP32_INT8_8x4_Baseline_RVV_IGEMM_INT8_I8I32_8x4_igemm_kernel_8x4_zvl256b_lmul2_unroll1_i8i32_run1.log",NA,NA,NA,NA,NA,NA,NA
k1_kernel_tuning,RVV,tile_N,16,2026-09-04T12:05:42,k1-rvv,"GEMM_RVV_FP32_INT8_8x4_Baseline","RVV_IGEMM_INT8_I8I32_8x4","igemm_kernel_8x4_zvl256b_lmul2_unroll1_i8i32",8x4,256b,2,1,INT8_RVV,0-7,8,8,1024,1024,1024,16,2,OK,0,NONE,1.050836336,GOPS,2.043595,parallel_tiles_including_required_packing,DISABLED,0,0,"0:cpu0:tiles8;1:cpu1:tiles8;2:cpu2:tiles8;3:cpu3:tiles8;4:cpu4:tiles8;5:cpu5:tiles8;6:cpu6:tiles8;7:cpu7:tiles8","NA",static,0,"NA","NA","/home/bananapi/MAT/kernels riscv rvv 1.0/FINAL/riscv-rvv-ime-gemm-microkernels-updated/HETEROGENEOUS_RVV_IME_OPENMP_GEMM/results/openmp_results_k1-rvv_1024_20260904_120220/raw_logs/GEMM_RVV_FP32_INT8_8x4_Baseline_RVV_IGEMM_INT8_I8I32_8x4_igemm_kernel_8x4_zvl256b_lmul2_unroll1_i8i32_run2.log",NA,NA,NA,NA,NA,NA,NA
k1_kernel_tuning,RVV,tile_N,16,2026-09-04T12:05:44,k1-rvv,"GEMM_RVV_FP32_INT8_8x4_Baseline","RVV_IGEMM_INT8_I8I32_8x4","igemm_kernel_8x4_zvl256b_lmul2_unroll1_i8i32",8x4,256b,2,1,INT8_RVV,0-7,8,8,1024,1024,1024,16,3,OK,0,NONE,1.055834793,GOPS,2.033920,parallel_tiles_including_required_packing,DISABLED,0,0,"0:cpu0:tiles8;1:cpu1:tiles8;2:cpu2:tiles8;3:cpu3:tiles8;4:cpu4:tiles8;5:cpu5:tiles8;6:cpu6:tiles8;7:cpu7:tiles8","NA",static,0,"NA","NA","/home/bananapi/MAT/kernels riscv rvv 1.0/FINAL/riscv-rvv-ime-gemm-microkernels-updated/HETEROGENEOUS_RVV_IME_OPENMP_GEMM/results/openmp_results_k1-rvv_1024_20260904_120220/raw_logs/GEMM_RVV_FP32_INT8_8x4_Baseline_RVV_IGEMM_INT8_I8I32_8x4_igemm_kernel_8x4_zvl256b_lmul2_unroll1_i8i32_run3.log",NA,NA,NA,NA,NA,NA,NA
k1_kernel_tuning,RVV,tile_N,16,2026-09-04T12:05:47,k1-rvv,"GEMM_RVV_FP32_INT8_8x4_Baseline","RVV_IGEMM_INT8_I8I32_8x4","igemm_kernel_8x4_zvl256b_lmul2_unroll1_i8i32",8x4,256b,2,1,INT8_RVV,0-7,8,8,1024,1024,1024,16,4,OK,0,NONE,1.057763416,GOPS,2.030212,parallel_tiles_including_required_packing,DISABLED,0,0,"0:cpu0:tiles8;1:cpu1:tiles8;2:cpu2:tiles8;3:cpu3:tiles8;4:cpu4:tiles8;5:cpu5:tiles8;6:cpu6:tiles8;7:cpu7:tiles8","NA",static,0,"NA","NA","/home/bananapi/MAT/kernels riscv rvv 1.0/FINAL/riscv-rvv-ime-gemm-microkernels-updated/HETEROGENEOUS_RVV_IME_OPENMP_GEMM/results/openmp_results_k1-rvv_1024_20260904_120220/raw_logs/GEMM_RVV_FP32_INT8_8x4_Baseline_RVV_IGEMM_INT8_I8I32_8x4_igemm_kernel_8x4_zvl256b_lmul2_unroll1_i8i32_run4.log",NA,NA,NA,NA,NA,NA,NA
k1_kernel_tuning,RVV,tile_N,16,2026-09-04T12:05:49,k1-rvv,"GEMM_RVV_FP32_INT8_8x4_Baseline","RVV_IGEMM_INT8_I8I32_8x4","igemm_kernel_8x4_zvl256b_lmul2_unroll1_i8i32",8x4,256b,2,1,INT8_RVV,0-7,8,8,1024,1024,1024,16,5,OK,0,NONE,1.058160834,GOPS,2.029449,parallel_tiles_including_required_packing,DISABLED,0,0,"0:cpu0:tiles8;1:cpu1:tiles8;2:cpu2:tiles8;3:cpu3:tiles8;4:cpu4:tiles8;5:cpu5:tiles8;6:cpu6:tiles8;7:cpu7:tiles8","NA",static,0,"NA","NA","/home/bananapi/MAT/kernels riscv rvv 1.0/FINAL/riscv-rvv-ime-gemm-microkernels-updated/HETEROGENEOUS_RVV_IME_OPENMP_GEMM/results/openmp_results_k1-rvv_1024_20260904_120220/raw_logs/GEMM_RVV_FP32_INT8_8x4_Baseline_RVV_IGEMM_INT8_I8I32_8x4_igemm_kernel_8x4_zvl256b_lmul2_unroll1_i8i32_run5.log",NA,NA,NA,NA,NA,NA,NA
k1_kernel_tuning,RVV,tile_N,16,2026-09-04T12:05:52,k1-rvv,"GEMM_RVV_FP32_INT8_8x4_Baseline","RVV_IGEMM_INT8_I8I32_8x4","igemm_kernel_8x4_zvl256b_lmul2_unroll1_i8i32",8x4,256b,2,1,INT8_RVV,0-7,8,8,1024,1024,1024,16,6,OK,0,NONE,1.068012543,GOPS,2.010729,parallel_tiles_including_required_packing,DISABLED,0,0,"0:cpu0:tiles8;1:cpu1:tiles8;2:cpu2:tiles8;3:cpu3:tiles8;4:cpu4:tiles8;5:cpu5:tiles8;6:cpu6:tiles8;7:cpu7:tiles8","NA",static,0,"NA","NA","/home/bananapi/MAT/kernels riscv rvv 1.0/FINAL/riscv-rvv-ime-gemm-microkernels-updated/HETEROGENEOUS_RVV_IME_OPENMP_GEMM/results/openmp_results_k1-rvv_1024_20260904_120220/raw_logs/GEMM_RVV_FP32_INT8_8x4_Baseline_RVV_IGEMM_INT8_I8I32_8x4_igemm_kernel_8x4_zvl256b_lmul2_unroll1_i8i32_run6.log",NA,NA,NA,NA,NA,NA,NA
k1_kernel_tuning,RVV,tile_N,16,2026-09-04T12:06:30,k1-rvv,"GEMM_RVV_FP32_INT8_8x4_Baseline","RVV_IGEMM_INT8_I8I32_8x4","igemm_kernel_8x4_zvl256b_lmul2_unroll2_i8i32",8x4,256b,2,2,INT8_RVV,0-7,8,8,1024,1024,1024,16,1,OK,0,NONE,1.114499249,GOPS,1.926860,parallel_tiles_including_required_packing,INDEPENDENT_INT64_REFERENCE_EXACT_INT32,0,0,"0:cpu0:tiles8;1:cpu1:tiles8;2:cpu2:tiles8;3:cpu3:tiles8;4:cpu4:tiles8;5:cpu5:tiles8;6:cpu6:tiles8;7:cpu7:tiles8","NA",static,0,"NA","NA","/home/bananapi/MAT/kernels riscv rvv 1.0/FINAL/riscv-rvv-ime-gemm-microkernels-updated/HETEROGENEOUS_RVV_IME_OPENMP_GEMM/results/openmp_results_k1-rvv_1024_20260904_120220/raw_logs/GEMM_RVV_FP32_INT8_8x4_Baseline_RVV_IGEMM_INT8_I8I32_8x4_igemm_kernel_8x4_zvl256b_lmul2_unroll2_i8i32_run1.log",NA,NA,NA,NA,NA,NA,NA
k1_kernel_tuning,RVV,tile_N,16,2026-09-04T12:06:32,k1-rvv,"GEMM_RVV_FP32_INT8_8x4_Baseline","RVV_IGEMM_INT8_I8I32_8x4","igemm_kernel_8x4_zvl256b_lmul2_unroll2_i8i32",8x4,256b,2,2,INT8_RVV,0-7,8,8,1024,1024,1024,16,2,OK,0,NONE,1.111058000,GOPS,1.932828,parallel_tiles_including_required_packing,DISABLED,0,0,"0:cpu0:tiles8;1:cpu1:tiles8;2:cpu2:tiles8;3:cpu3:tiles8;4:cpu4:tiles8;5:cpu5:tiles8;6:cpu6:tiles8;7:cpu7:tiles8","NA",static,0,"NA","NA","/home/bananapi/MAT/kernels riscv rvv 1.0/FINAL/riscv-rvv-ime-gemm-microkernels-updated/HETEROGENEOUS_RVV_IME_OPENMP_GEMM/results/openmp_results_k1-rvv_1024_20260904_120220/raw_logs/GEMM_RVV_FP32_INT8_8x4_Baseline_RVV_IGEMM_INT8_I8I32_8x4_igemm_kernel_8x4_zvl256b_lmul2_unroll2_i8i32_run2.log",NA,NA,NA,NA,NA,NA,NA
k1_kernel_tuning,RVV,tile_N,16,2026-09-04T12:06:35,k1-rvv,"GEMM_RVV_FP32_INT8_8x4_Baseline","RVV_IGEMM_INT8_I8I32_8x4","igemm_kernel_8x4_zvl256b_lmul2_unroll2_i8i32",8x4,256b,2,2,INT8_RVV,0-7,8,8,1024,1024,1024,16,3,OK,0,NONE,1.099493708,GOPS,1.953157,parallel_tiles_including_required_packing,DISABLED,0,0,"0:cpu0:tiles8;1:cpu1:tiles8;2:cpu2:tiles8;3:cpu3:tiles8;4:cpu4:tiles8;5:cpu5:tiles8;6:cpu6:tiles8;7:cpu7:tiles8","NA",static,0,"NA","NA","/home/bananapi/MAT/kernels riscv rvv 1.0/FINAL/riscv-rvv-ime-gemm-microkernels-updated/HETEROGENEOUS_RVV_IME_OPENMP_GEMM/results/openmp_results_k1-rvv_1024_20260904_120220/raw_logs/GEMM_RVV_FP32_INT8_8x4_Baseline_RVV_IGEMM_INT8_I8I32_8x4_igemm_kernel_8x4_zvl256b_lmul2_unroll2_i8i32_run3.log",NA,NA,NA,NA,NA,NA,NA
k1_kernel_tuning,RVV,tile_N,16,2026-09-04T12:06:37,k1-rvv,"GEMM_RVV_FP32_INT8_8x4_Baseline","RVV_IGEMM_INT8_I8I32_8x4","igemm_kernel_8x4_zvl256b_lmul2_unroll2_i8i32",8x4,256b,2,2,INT8_RVV,0-7,8,8,1024,1024,1024,16,4,OK,0,NONE,1.100620501,GOPS,1.951157,parallel_tiles_including_required_packing,DISABLED,0,0,"0:cpu0:tiles8;1:cpu1:tiles8;2:cpu2:tiles8;3:cpu3:tiles8;4:cpu4:tiles8;5:cpu5:tiles8;6:cpu6:tiles8;7:cpu7:tiles8","NA",static,0,"NA","NA","/home/bananapi/MAT/kernels riscv rvv 1.0/FINAL/riscv-rvv-ime-gemm-microkernels-updated/HETEROGENEOUS_RVV_IME_OPENMP_GEMM/results/openmp_results_k1-rvv_1024_20260904_120220/raw_logs/GEMM_RVV_FP32_INT8_8x4_Baseline_RVV_IGEMM_INT8_I8I32_8x4_igemm_kernel_8x4_zvl256b_lmul2_unroll2_i8i32_run4.log",NA,NA,NA,NA,NA,NA,NA
k1_kernel_tuning,RVV,tile_N,16,2026-09-04T12:06:40,k1-rvv,"GEMM_RVV_FP32_INT8_8x4_Baseline","RVV_IGEMM_INT8_I8I32_8x4","igemm_kernel_8x4_zvl256b_lmul2_unroll2_i8i32",8x4,256b,2,2,INT8_RVV,0-7,8,8,1024,1024,1024,16,5,OK,0,NONE,1.102096416,GOPS,1.948544,parallel_tiles_including_required_packing,DISABLED,0,0,"0:cpu0:tiles8;1:cpu1:tiles8;2:cpu2:tiles8;3:cpu3:tiles8;4:cpu4:tiles8;5:cpu5:tiles8;6:cpu6:tiles8;7:cpu7:tiles8","NA",static,0,"NA","NA","/home/bananapi/MAT/kernels riscv rvv 1.0/FINAL/riscv-rvv-ime-gemm-microkernels-updated/HETEROGENEOUS_RVV_IME_OPENMP_GEMM/results/openmp_results_k1-rvv_1024_20260904_120220/raw_logs/GEMM_RVV_FP32_INT8_8x4_Baseline_RVV_IGEMM_INT8_I8I32_8x4_igemm_kernel_8x4_zvl256b_lmul2_unroll2_i8i32_run5.log",NA,NA,NA,NA,NA,NA,NA
k1_kernel_tuning,RVV,tile_N,16,2026-09-04T12:06:42,k1-rvv,"GEMM_RVV_FP32_INT8_8x4_Baseline","RVV_IGEMM_INT8_I8I32_8x4","igemm_kernel_8x4_zvl256b_lmul2_unroll2_i8i32",8x4,256b,2,2,INT8_RVV,0-7,8,8,1024,1024,1024,16,6,OK,0,NONE,1.101997707,GOPS,1.948719,parallel_tiles_including_required_packing,DISABLED,0,0,"0:cpu0:tiles8;1:cpu1:tiles8;2:cpu2:tiles8;3:cpu3:tiles8;4:cpu4:tiles8;5:cpu5:tiles8;6:cpu6:tiles8;7:cpu7:tiles8","NA",static,0,"NA","NA","/home/bananapi/MAT/kernels riscv rvv 1.0/FINAL/riscv-rvv-ime-gemm-microkernels-updated/HETEROGENEOUS_RVV_IME_OPENMP_GEMM/results/openmp_results_k1-rvv_1024_20260904_120220/raw_logs/GEMM_RVV_FP32_INT8_8x4_Baseline_RVV_IGEMM_INT8_I8I32_8x4_igemm_kernel_8x4_zvl256b_lmul2_unroll2_i8i32_run6.log",NA,NA,NA,NA,NA,NA,NA
k1_kernel_tuning,RVV,tile_N,16,2026-09-04T12:07:13,k1-rvv,"GEMM_RVV_FP32_INT8_8x4_Baseline","RVV_IGEMM_INT8_I8I32_8x4","igemm_kernel_8x4_zvl256b_lmul2_unroll4_i8i32",8x4,256b,2,4,INT8_RVV,0-7,8,8,1024,1024,1024,16,1,OK,0,NONE,1.277817458,GOPS,1.680587,parallel_tiles_including_required_packing,INDEPENDENT_INT64_REFERENCE_EXACT_INT32,0,0,"0:cpu0:tiles8;1:cpu1:tiles8;2:cpu2:tiles8;3:cpu3:tiles8;4:cpu4:tiles8;5:cpu5:tiles8;6:cpu6:tiles8;7:cpu7:tiles8","NA",static,0,"NA","NA","/home/bananapi/MAT/kernels riscv rvv 1.0/FINAL/riscv-rvv-ime-gemm-microkernels-updated/HETEROGENEOUS_RVV_IME_OPENMP_GEMM/results/openmp_results_k1-rvv_1024_20260904_120220/raw_logs/GEMM_RVV_FP32_INT8_8x4_Baseline_RVV_IGEMM_INT8_I8I32_8x4_igemm_kernel_8x4_zvl256b_lmul2_unroll4_i8i32_run1.log",NA,NA,NA,NA,NA,NA,NA
k1_kernel_tuning,RVV,tile_N,16,2026-09-04T12:07:16,k1-rvv,"GEMM_RVV_FP32_INT8_8x4_Baseline","RVV_IGEMM_INT8_I8I32_8x4","igemm_kernel_8x4_zvl256b_lmul2_unroll4_i8i32",8x4,256b,2,4,INT8_RVV,0-7,8,8,1024,1024,1024,16,2,OK,0,NONE,1.285309624,GOPS,1.670791,parallel_tiles_including_required_packing,DISABLED,0,0,"0:cpu0:tiles8;1:cpu1:tiles8;2:cpu2:tiles8;3:cpu3:tiles8;4:cpu4:tiles8;5:cpu5:tiles8;6:cpu6:tiles8;7:cpu7:tiles8","NA",static,0,"NA","NA","/home/bananapi/MAT/kernels riscv rvv 1.0/FINAL/riscv-rvv-ime-gemm-microkernels-updated/HETEROGENEOUS_RVV_IME_OPENMP_GEMM/results/openmp_results_k1-rvv_1024_20260904_120220/raw_logs/GEMM_RVV_FP32_INT8_8x4_Baseline_RVV_IGEMM_INT8_I8I32_8x4_igemm_kernel_8x4_zvl256b_lmul2_unroll4_i8i32_run2.log",NA,NA,NA,NA,NA,NA,NA
k1_kernel_tuning,RVV,tile_N,16,2026-09-04T12:07:19,k1-rvv,"GEMM_RVV_FP32_INT8_8x4_Baseline","RVV_IGEMM_INT8_I8I32_8x4","igemm_kernel_8x4_zvl256b_lmul2_unroll4_i8i32",8x4,256b,2,4,INT8_RVV,0-7,8,8,1024,1024,1024,16,3,OK,0,NONE,1.286815375,GOPS,1.668836,parallel_tiles_including_required_packing,DISABLED,0,0,"0:cpu0:tiles8;1:cpu1:tiles8;2:cpu2:tiles8;3:cpu3:tiles8;4:cpu4:tiles8;5:cpu5:tiles8;6:cpu6:tiles8;7:cpu7:tiles8","NA",static,0,"NA","NA","/home/bananapi/MAT/kernels riscv rvv 1.0/FINAL/riscv-rvv-ime-gemm-microkernels-updated/HETEROGENEOUS_RVV_IME_OPENMP_GEMM/results/openmp_results_k1-rvv_1024_20260904_120220/raw_logs/GEMM_RVV_FP32_INT8_8x4_Baseline_RVV_IGEMM_INT8_I8I32_8x4_igemm_kernel_8x4_zvl256b_lmul2_unroll4_i8i32_run3.log",NA,NA,NA,NA,NA,NA,NA
k1_kernel_tuning,RVV,tile_N,16,2026-09-04T12:07:22,k1-rvv,"GEMM_RVV_FP32_INT8_8x4_Baseline","RVV_IGEMM_INT8_I8I32_8x4","igemm_kernel_8x4_zvl256b_lmul2_unroll4_i8i32",8x4,256b,2,4,INT8_RVV,0-7,8,8,1024,1024,1024,16,4,OK,0,NONE,1.266262833,GOPS,1.695923,parallel_tiles_including_required_packing,DISABLED,0,0,"0:cpu0:tiles8;1:cpu1:tiles8;2:cpu2:tiles8;3:cpu3:tiles8;4:cpu4:tiles8;5:cpu5:tiles8;6:cpu6:tiles8;7:cpu7:tiles8","NA",static,0,"NA","NA","/home/bananapi/MAT/kernels riscv rvv 1.0/FINAL/riscv-rvv-ime-gemm-microkernels-updated/HETEROGENEOUS_RVV_IME_OPENMP_GEMM/results/openmp_results_k1-rvv_1024_20260904_120220/raw_logs/GEMM_RVV_FP32_INT8_8x4_Baseline_RVV_IGEMM_INT8_I8I32_8x4_igemm_kernel_8x4_zvl256b_lmul2_unroll4_i8i32_run4.log",NA,NA,NA,NA,NA,NA,NA
k1_kernel_tuning,RVV,tile_N,16,2026-09-04T12:07:25,k1-rvv,"GEMM_RVV_FP32_INT8_8x4_Baseline","RVV_IGEMM_INT8_I8I32_8x4","igemm_kernel_8x4_zvl256b_lmul2_unroll4_i8i32",8x4,256b,2,4,INT8_RVV,0-7,8,8,1024,1024,1024,16,5,OK,0,NONE,1.267380457,GOPS,1.694427,parallel_tiles_including_required_packing,DISABLED,0,0,"0:cpu0:tiles8;1:cpu1:tiles8;2:cpu2:tiles8;3:cpu3:tiles8;4:cpu4:tiles8;5:cpu5:tiles8;6:cpu6:tiles8;7:cpu7:tiles8","NA",static,0,"NA","NA","/home/bananapi/MAT/kernels riscv rvv 1.0/FINAL/riscv-rvv-ime-gemm-microkernels-updated/HETEROGENEOUS_RVV_IME_OPENMP_GEMM/results/openmp_results_k1-rvv_1024_20260904_120220/raw_logs/GEMM_RVV_FP32_INT8_8x4_Baseline_RVV_IGEMM_INT8_I8I32_8x4_igemm_kernel_8x4_zvl256b_lmul2_unroll4_i8i32_run5.log",NA,NA,NA,NA,NA,NA,NA
k1_kernel_tuning,RVV,tile_N,16,2026-09-04T12:07:28,k1-rvv,"GEMM_RVV_FP32_INT8_8x4_Baseline","RVV_IGEMM_INT8_I8I32_8x4","igemm_kernel_8x4_zvl256b_lmul2_unroll4_i8i32",8x4,256b,2,4,INT8_RVV,0-7,8,8,1024,1024,1024,16,6,OK,0,NONE,1.269453209,GOPS,1.691660,parallel_tiles_including_required_packing,DISABLED,0,0,"0:cpu0:tiles8;1:cpu1:tiles8;2:cpu2:tiles8;3:cpu3:tiles8;4:cpu4:tiles8;5:cpu5:tiles8;6:cpu6:tiles8;7:cpu7:tiles8","NA",static,0,"NA","NA","/home/bananapi/MAT/kernels riscv rvv 1.0/FINAL/riscv-rvv-ime-gemm-microkernels-updated/HETEROGENEOUS_RVV_IME_OPENMP_GEMM/results/openmp_results_k1-rvv_1024_20260904_120220/raw_logs/GEMM_RVV_FP32_INT8_8x4_Baseline_RVV_IGEMM_INT8_I8I32_8x4_igemm_kernel_8x4_zvl256b_lmul2_unroll4_i8i32_run6.log",NA,NA,NA,NA,NA,NA,NA
k1_kernel_tuning,RVV,tile_N,16,2026-09-04T12:08:00,k1-rvv,"GEMM_RVV_FP32_INT8_8x4_Baseline","RVV_IGEMM_INT8_I8I32_8x4","igemm_kernel_8x4_zvl256b_lmul2_unroll8_i8i32",8x4,256b,2,8,INT8_RVV,0-7,8,8,1024,1024,1024,16,1,OK,0,NONE,1.300041664,GOPS,1.651858,parallel_tiles_including_required_packing,INDEPENDENT_INT64_REFERENCE_EXACT_INT32,0,0,"0:cpu0:tiles8;1:cpu1:tiles8;2:cpu2:tiles8;3:cpu3:tiles8;4:cpu4:tiles8;5:cpu5:tiles8;6:cpu6:tiles8;7:cpu7:tiles8","NA",static,0,"NA","NA","/home/bananapi/MAT/kernels riscv rvv 1.0/FINAL/riscv-rvv-ime-gemm-microkernels-updated/HETEROGENEOUS_RVV_IME_OPENMP_GEMM/results/openmp_results_k1-rvv_1024_20260904_120220/raw_logs/GEMM_RVV_FP32_INT8_8x4_Baseline_RVV_IGEMM_INT8_I8I32_8x4_igemm_kernel_8x4_zvl256b_lmul2_unroll8_i8i32_run1.log",NA,NA,NA,NA,NA,NA,NA
k1_kernel_tuning,RVV,tile_N,16,2026-09-04T12:08:03,k1-rvv,"GEMM_RVV_FP32_INT8_8x4_Baseline","RVV_IGEMM_INT8_I8I32_8x4","igemm_kernel_8x4_zvl256b_lmul2_unroll8_i8i32",8x4,256b,2,8,INT8_RVV,0-7,8,8,1024,1024,1024,16,2,OK,0,NONE,1.293334626,GOPS,1.660424,parallel_tiles_including_required_packing,DISABLED,0,0,"0:cpu0:tiles8;1:cpu1:tiles8;2:cpu2:tiles8;3:cpu3:tiles8;4:cpu4:tiles8;5:cpu5:tiles8;6:cpu6:tiles8;7:cpu7:tiles8","NA",static,0,"NA","NA","/home/bananapi/MAT/kernels riscv rvv 1.0/FINAL/riscv-rvv-ime-gemm-microkernels-updated/HETEROGENEOUS_RVV_IME_OPENMP_GEMM/results/openmp_results_k1-rvv_1024_20260904_120220/raw_logs/GEMM_RVV_FP32_INT8_8x4_Baseline_RVV_IGEMM_INT8_I8I32_8x4_igemm_kernel_8x4_zvl256b_lmul2_unroll8_i8i32_run2.log",NA,NA,NA,NA,NA,NA,NA
k1_kernel_tuning,RVV,tile_N,16,2026-09-04T12:08:06,k1-rvv,"GEMM_RVV_FP32_INT8_8x4_Baseline","RVV_IGEMM_INT8_I8I32_8x4","igemm_kernel_8x4_zvl256b_lmul2_unroll8_i8i32",8x4,256b,2,8,INT8_RVV,0-7,8,8,1024,1024,1024,16,3,OK,0,NONE,1.294080667,GOPS,1.659467,parallel_tiles_including_required_packing,DISABLED,0,0,"0:cpu0:tiles8;1:cpu1:tiles8;2:cpu2:tiles8;3:cpu3:tiles8;4:cpu4:tiles8;5:cpu5:tiles8;6:cpu6:tiles8;7:cpu7:tiles8","NA",static,0,"NA","NA","/home/bananapi/MAT/kernels riscv rvv 1.0/FINAL/riscv-rvv-ime-gemm-microkernels-updated/HETEROGENEOUS_RVV_IME_OPENMP_GEMM/results/openmp_results_k1-rvv_1024_20260904_120220/raw_logs/GEMM_RVV_FP32_INT8_8x4_Baseline_RVV_IGEMM_INT8_I8I32_8x4_igemm_kernel_8x4_zvl256b_lmul2_unroll8_i8i32_run3.log",NA,NA,NA,NA,NA,NA,NA
k1_kernel_tuning,RVV,tile_N,16,2026-09-04T12:08:09,k1-rvv,"GEMM_RVV_FP32_INT8_8x4_Baseline","RVV_IGEMM_INT8_I8I32_8x4","igemm_kernel_8x4_zvl256b_lmul2_unroll8_i8i32",8x4,256b,2,8,INT8_RVV,0-7,8,8,1024,1024,1024,16,4,OK,0,NONE,1.290281001,GOPS,1.664353,parallel_tiles_including_required_packing,DISABLED,0,0,"0:cpu0:tiles8;1:cpu1:tiles8;2:cpu2:tiles8;3:cpu3:tiles8;4:cpu4:tiles8;5:cpu5:tiles8;6:cpu6:tiles8;7:cpu7:tiles8","NA",static,0,"NA","NA","/home/bananapi/MAT/kernels riscv rvv 1.0/FINAL/riscv-rvv-ime-gemm-microkernels-updated/HETEROGENEOUS_RVV_IME_OPENMP_GEMM/results/openmp_results_k1-rvv_1024_20260904_120220/raw_logs/GEMM_RVV_FP32_INT8_8x4_Baseline_RVV_IGEMM_INT8_I8I32_8x4_igemm_kernel_8x4_zvl256b_lmul2_unroll8_i8i32_run4.log",NA,NA,NA,NA,NA,NA,NA
k1_kernel_tuning,RVV,tile_N,16,2026-09-04T12:08:12,k1-rvv,"GEMM_RVV_FP32_INT8_8x4_Baseline","RVV_IGEMM_INT8_I8I32_8x4","igemm_kernel_8x4_zvl256b_lmul2_unroll8_i8i32",8x4,256b,2,8,INT8_RVV,0-7,8,8,1024,1024,1024,16,5,OK,0,NONE,1.303881209,GOPS,1.646993,parallel_tiles_including_required_packing,DISABLED,0,0,"0:cpu0:tiles8;1:cpu1:tiles8;2:cpu2:tiles8;3:cpu3:tiles8;4:cpu4:tiles8;5:cpu5:tiles8;6:cpu6:tiles8;7:cpu7:tiles8","NA",static,0,"NA","NA","/home/bananapi/MAT/kernels riscv rvv 1.0/FINAL/riscv-rvv-ime-gemm-microkernels-updated/HETEROGENEOUS_RVV_IME_OPENMP_GEMM/results/openmp_results_k1-rvv_1024_20260904_120220/raw_logs/GEMM_RVV_FP32_INT8_8x4_Baseline_RVV_IGEMM_INT8_I8I32_8x4_igemm_kernel_8x4_zvl256b_lmul2_unroll8_i8i32_run5.log",NA,NA,NA,NA,NA,NA,NA
k1_kernel_tuning,RVV,tile_N,16,2026-09-04T12:08:14,k1-rvv,"GEMM_RVV_FP32_INT8_8x4_Baseline","RVV_IGEMM_INT8_I8I32_8x4","igemm_kernel_8x4_zvl256b_lmul2_unroll8_i8i32",8x4,256b,2,8,INT8_RVV,0-7,8,8,1024,1024,1024,16,6,OK,0,NONE,1.293637875,GOPS,1.660035,parallel_tiles_including_required_packing,DISABLED,0,0,"0:cpu0:tiles8;1:cpu1:tiles8;2:cpu2:tiles8;3:cpu3:tiles8;4:cpu4:tiles8;5:cpu5:tiles8;6:cpu6:tiles8;7:cpu7:tiles8","NA",static,0,"NA","NA","/home/bananapi/MAT/kernels riscv rvv 1.0/FINAL/riscv-rvv-ime-gemm-microkernels-updated/HETEROGENEOUS_RVV_IME_OPENMP_GEMM/results/openmp_results_k1-rvv_1024_20260904_120220/raw_logs/GEMM_RVV_FP32_INT8_8x4_Baseline_RVV_IGEMM_INT8_I8I32_8x4_igemm_kernel_8x4_zvl256b_lmul2_unroll8_i8i32_run6.log",NA,NA,NA,NA,NA,NA,NA
k1_kernel_tuning,RVV,tile_N,16,2026-09-04T12:08:50,k1-rvv,"GEMM_RVV_FP32_INT8_8x4_Baseline","RVV_IGEMM_INT8_I8I32_8x4","igemm_kernel_8x4_zvl256b_lmulmf2_unroll1_i8i32",8x4,256b,mf2,1,INT8_RVV,0-7,8,8,1024,1024,1024,16,1,OK,0,NONE,0.162630167,GOPS,13.204707,parallel_tiles_including_required_packing,INDEPENDENT_INT64_REFERENCE_EXACT_INT32,0,0,"0:cpu0:tiles8;1:cpu1:tiles8;2:cpu2:tiles8;3:cpu3:tiles8;4:cpu4:tiles8;5:cpu5:tiles8;6:cpu6:tiles8;7:cpu7:tiles8","NA",static,0,"NA","NA","/home/bananapi/MAT/kernels riscv rvv 1.0/FINAL/riscv-rvv-ime-gemm-microkernels-updated/HETEROGENEOUS_RVV_IME_OPENMP_GEMM/results/openmp_results_k1-rvv_1024_20260904_120220/raw_logs/GEMM_RVV_FP32_INT8_8x4_Baseline_RVV_IGEMM_INT8_I8I32_8x4_igemm_kernel_8x4_zvl256b_lmulmf2_unroll1_i8i32_run1.log",NA,NA,NA,NA,NA,NA,NA
k1_kernel_tuning,RVV,tile_N,16,2026-09-04T12:08:50,k1-rvv,"GEMM_RVV_FP32_INT8_8x4_Baseline","RVV_IGEMM_INT8_I8I32_8x4","igemm_kernel_8x4_zvl256b_lmulmf2_unroll1_i8i32",8x4,256b,mf2,1,INT8_RVV,0-7,8,8,1024,1024,1024,16,2,OK,0,NONE,0.157840874,GOPS,13.605371,parallel_tiles_including_required_packing,DISABLED,0,0,"0:cpu0:tiles8;1:cpu1:tiles8;2:cpu2:tiles8;3:cpu3:tiles8;4:cpu4:tiles8;5:cpu5:tiles8;6:cpu6:tiles8;7:cpu7:tiles8","NA",static,0,"NA","NA","/home/bananapi/MAT/kernels riscv rvv 1.0/FINAL/riscv-rvv-ime-gemm-microkernels-updated/HETEROGENEOUS_RVV_IME_OPENMP_GEMM/results/openmp_results_k1-rvv_1024_20260904_120220/raw_logs/GEMM_RVV_FP32_INT8_8x4_Baseline_RVV_IGEMM_INT8_I8I32_8x4_igemm_kernel_8x4_zvl256b_lmulmf2_unroll1_i8i32_run2.log",NA,NA,NA,NA,NA,NA,NA
k1_kernel_tuning,RVV,tile_N,16,2026-09-04T12:08:51,k1-rvv,"GEMM_RVV_FP32_INT8_8x4_Baseline","RVV_IGEMM_INT8_I8I32_8x4","igemm_kernel_8x4_zvl256b_lmulmf2_unroll1_i8i32",8x4,256b,mf2,1,INT8_RVV,0-7,8,8,1024,1024,1024,16,3,OK,0,NONE,0.167607665,GOPS,12.812562,parallel_tiles_including_required_packing,DISABLED,0,0,"0:cpu0:tiles8;1:cpu1:tiles8;2:cpu2:tiles8;3:cpu3:tiles8;4:cpu4:tiles8;5:cpu5:tiles8;6:cpu6:tiles8;7:cpu7:tiles8","NA",static,0,"NA","NA","/home/bananapi/MAT/kernels riscv rvv 1.0/FINAL/riscv-rvv-ime-gemm-microkernels-updated/HETEROGENEOUS_RVV_IME_OPENMP_GEMM/results/openmp_results_k1-rvv_1024_20260904_120220/raw_logs/GEMM_RVV_FP32_INT8_8x4_Baseline_RVV_IGEMM_INT8_I8I32_8x4_igemm_kernel_8x4_zvl256b_lmulmf2_unroll1_i8i32_run3.log",NA,NA,NA,NA,NA,NA,NA
k1_kernel_tuning,RVV,tile_N,16,2026-09-04T12:08:52,k1-rvv,"GEMM_RVV_FP32_INT8_8x4_Baseline","RVV_IGEMM_INT8_I8I32_8x4","igemm_kernel_8x4_zvl256b_lmulmf2_unroll1_i8i32",8x4,256b,mf2,1,INT8_RVV,0-7,8,8,1024,1024,1024,16,4,OK,0,NONE,0.163259372,GOPS,13.153815,parallel_tiles_including_required_packing,DISABLED,0,0,"0:cpu0:tiles8;1:cpu1:tiles8;2:cpu2:tiles8;3:cpu3:tiles8;4:cpu4:tiles8;5:cpu5:tiles8;6:cpu6:tiles8;7:cpu7:tiles8","NA",static,0,"NA","NA","/home/bananapi/MAT/kernels riscv rvv 1.0/FINAL/riscv-rvv-ime-gemm-microkernels-updated/HETEROGENEOUS_RVV_IME_OPENMP_GEMM/results/openmp_results_k1-rvv_1024_20260904_120220/raw_logs/GEMM_RVV_FP32_INT8_8x4_Baseline_RVV_IGEMM_INT8_I8I32_8x4_igemm_kernel_8x4_zvl256b_lmulmf2_unroll1_i8i32_run4.log",NA,NA,NA,NA,NA,NA,NA
k1_kernel_tuning,RVV,tile_N,16,2026-09-04T12:08:52,k1-rvv,"GEMM_RVV_FP32_INT8_8x4_Baseline","RVV_IGEMM_INT8_I8I32_8x4","igemm_kernel_8x4_zvl256b_lmulmf2_unroll1_i8i32",8x4,256b,mf2,1,INT8_RVV,0-7,8,8,1024,1024,1024,16,5,OK,0,NONE,0.165844377,GOPS,12.948788,parallel_tiles_including_required_packing,DISABLED,0,0,"0:cpu0:tiles8;1:cpu1:tiles8;2:cpu2:tiles8;3:cpu3:tiles8;4:cpu4:tiles8;5:cpu5:tiles8;6:cpu6:tiles8;7:cpu7:tiles8","NA",static,0,"NA","NA","/home/bananapi/MAT/kernels riscv rvv 1.0/FINAL/riscv-rvv-ime-gemm-microkernels-updated/HETEROGENEOUS_RVV_IME_OPENMP_GEMM/results/openmp_results_k1-rvv_1024_20260904_120220/raw_logs/GEMM_RVV_FP32_INT8_8x4_Baseline_RVV_IGEMM_INT8_I8I32_8x4_igemm_kernel_8x4_zvl256b_lmulmf2_unroll1_i8i32_run5.log",NA,NA,NA,NA,NA,NA,NA
k1_kernel_tuning,RVV,tile_N,16,2026-09-04T12:08:53,k1-rvv,"GEMM_RVV_FP32_INT8_8x4_Baseline","RVV_IGEMM_INT8_I8I32_8x4","igemm_kernel_8x4_zvl256b_lmulmf2_unroll1_i8i32",8x4,256b,mf2,1,INT8_RVV,0-7,8,8,1024,1024,1024,16,6,OK,0,NONE,0.159670707,GOPS,13.449453,parallel_tiles_including_required_packing,DISABLED,0,0,"0:cpu0:tiles8;1:cpu1:tiles8;2:cpu2:tiles8;3:cpu3:tiles8;4:cpu4:tiles8;5:cpu5:tiles8;6:cpu6:tiles8;7:cpu7:tiles8","NA",static,0,"NA","NA","/home/bananapi/MAT/kernels riscv rvv 1.0/FINAL/riscv-rvv-ime-gemm-microkernels-updated/HETEROGENEOUS_RVV_IME_OPENMP_GEMM/results/openmp_results_k1-rvv_1024_20260904_120220/raw_logs/GEMM_RVV_FP32_INT8_8x4_Baseline_RVV_IGEMM_INT8_I8I32_8x4_igemm_kernel_8x4_zvl256b_lmulmf2_unroll1_i8i32_run6.log",NA,NA,NA,NA,NA,NA,NA
k1_kernel_tuning,RVV,tile_N,16,2026-09-04T12:09:21,k1-rvv,"GEMM_RVV_FP32_INT8_8x4_Baseline","RVV_IGEMM_INT8_I8I32_8x4","igemm_kernel_8x4_zvl256b_lmulmf2_unroll2_i8i32",8x4,256b,mf2,2,INT8_RVV,0-7,8,8,1024,1024,1024,16,1,OK,0,NONE,0.159041416,GOPS,13.502669,parallel_tiles_including_required_packing,INDEPENDENT_INT64_REFERENCE_EXACT_INT32,0,0,"0:cpu0:tiles8;1:cpu1:tiles8;2:cpu2:tiles8;3:cpu3:tiles8;4:cpu4:tiles8;5:cpu5:tiles8;6:cpu6:tiles8;7:cpu7:tiles8","NA",static,0,"NA","NA","/home/bananapi/MAT/kernels riscv rvv 1.0/FINAL/riscv-rvv-ime-gemm-microkernels-updated/HETEROGENEOUS_RVV_IME_OPENMP_GEMM/results/openmp_results_k1-rvv_1024_20260904_120220/raw_logs/GEMM_RVV_FP32_INT8_8x4_Baseline_RVV_IGEMM_INT8_I8I32_8x4_igemm_kernel_8x4_zvl256b_lmulmf2_unroll2_i8i32_run1.log",NA,NA,NA,NA,NA,NA,NA
k1_kernel_tuning,RVV,tile_N,16,2026-09-04T12:09:22,k1-rvv,"GEMM_RVV_FP32_INT8_8x4_Baseline","RVV_IGEMM_INT8_I8I32_8x4","igemm_kernel_8x4_zvl256b_lmulmf2_unroll2_i8i32",8x4,256b,mf2,2,INT8_RVV,0-7,8,8,1024,1024,1024,16,2,OK,0,NONE,0.153410960,GOPS,13.998241,parallel_tiles_including_required_packing,DISABLED,0,0,"0:cpu0:tiles8;1:cpu1:tiles8;2:cpu2:tiles8;3:cpu3:tiles8;4:cpu4:tiles8;5:cpu5:tiles8;6:cpu6:tiles8;7:cpu7:tiles8","NA",static,0,"NA","NA","/home/bananapi/MAT/kernels riscv rvv 1.0/FINAL/riscv-rvv-ime-gemm-microkernels-updated/HETEROGENEOUS_RVV_IME_OPENMP_GEMM/results/openmp_results_k1-rvv_1024_20260904_120220/raw_logs/GEMM_RVV_FP32_INT8_8x4_Baseline_RVV_IGEMM_INT8_I8I32_8x4_igemm_kernel_8x4_zvl256b_lmulmf2_unroll2_i8i32_run2.log",NA,NA,NA,NA,NA,NA,NA
k1_kernel_tuning,RVV,tile_N,16,2026-09-04T12:09:23,k1-rvv,"GEMM_RVV_FP32_INT8_8x4_Baseline","RVV_IGEMM_INT8_I8I32_8x4","igemm_kernel_8x4_zvl256b_lmulmf2_unroll2_i8i32",8x4,256b,mf2,2,INT8_RVV,0-7,8,8,1024,1024,1024,16,3,OK,0,NONE,0.161990292,GOPS,13.256866,parallel_tiles_including_required_packing,DISABLED,0,0,"0:cpu0:tiles8;1:cpu1:tiles8;2:cpu2:tiles8;3:cpu3:tiles8;4:cpu4:tiles8;5:cpu5:tiles8;6:cpu6:tiles8;7:cpu7:tiles8","NA",static,0,"NA","NA","/home/bananapi/MAT/kernels riscv rvv 1.0/FINAL/riscv-rvv-ime-gemm-microkernels-updated/HETEROGENEOUS_RVV_IME_OPENMP_GEMM/results/openmp_results_k1-rvv_1024_20260904_120220/raw_logs/GEMM_RVV_FP32_INT8_8x4_Baseline_RVV_IGEMM_INT8_I8I32_8x4_igemm_kernel_8x4_zvl256b_lmulmf2_unroll2_i8i32_run3.log",NA,NA,NA,NA,NA,NA,NA
k1_kernel_tuning,RVV,tile_N,16,2026-09-04T12:09:23,k1-rvv,"GEMM_RVV_FP32_INT8_8x4_Baseline","RVV_IGEMM_INT8_I8I32_8x4","igemm_kernel_8x4_zvl256b_lmulmf2_unroll2_i8i32",8x4,256b,mf2,2,INT8_RVV,0-7,8,8,1024,1024,1024,16,4,OK,0,NONE,0.159371667,GOPS,13.474689,parallel_tiles_including_required_packing,DISABLED,0,0,"0:cpu0:tiles8;1:cpu1:tiles8;2:cpu2:tiles8;3:cpu3:tiles8;4:cpu4:tiles8;5:cpu5:tiles8;6:cpu6:tiles8;7:cpu7:tiles8","NA",static,0,"NA","NA","/home/bananapi/MAT/kernels riscv rvv 1.0/FINAL/riscv-rvv-ime-gemm-microkernels-updated/HETEROGENEOUS_RVV_IME_OPENMP_GEMM/results/openmp_results_k1-rvv_1024_20260904_120220/raw_logs/GEMM_RVV_FP32_INT8_8x4_Baseline_RVV_IGEMM_INT8_I8I32_8x4_igemm_kernel_8x4_zvl256b_lmulmf2_unroll2_i8i32_run4.log",NA,NA,NA,NA,NA,NA,NA
k1_kernel_tuning,RVV,tile_N,16,2026-09-04T12:09:24,k1-rvv,"GEMM_RVV_FP32_INT8_8x4_Baseline","RVV_IGEMM_INT8_I8I32_8x4","igemm_kernel_8x4_zvl256b_lmulmf2_unroll2_i8i32",8x4,256b,mf2,2,INT8_RVV,0-7,8,8,1024,1024,1024,16,5,OK,0,NONE,0.158444915,GOPS,13.553503,parallel_tiles_including_required_packing,DISABLED,0,0,"0:cpu0:tiles8;1:cpu1:tiles8;2:cpu2:tiles8;3:cpu3:tiles8;4:cpu4:tiles8;5:cpu5:tiles8;6:cpu6:tiles8;7:cpu7:tiles8","NA",static,0,"NA","NA","/home/bananapi/MAT/kernels riscv rvv 1.0/FINAL/riscv-rvv-ime-gemm-microkernels-updated/HETEROGENEOUS_RVV_IME_OPENMP_GEMM/results/openmp_results_k1-rvv_1024_20260904_120220/raw_logs/GEMM_RVV_FP32_INT8_8x4_Baseline_RVV_IGEMM_INT8_I8I32_8x4_igemm_kernel_8x4_zvl256b_lmulmf2_unroll2_i8i32_run5.log",NA,NA,NA,NA,NA,NA,NA
k1_kernel_tuning,RVV,tile_N,16,2026-09-04T12:09:24,k1-rvv,"GEMM_RVV_FP32_INT8_8x4_Baseline","RVV_IGEMM_INT8_I8I32_8x4","igemm_kernel_8x4_zvl256b_lmulmf2_unroll2_i8i32",8x4,256b,mf2,2,INT8_RVV,0-7,8,8,1024,1024,1024,16,6,OK,0,NONE,0.158714794,GOPS,13.530457,parallel_tiles_including_required_packing,DISABLED,0,0,"0:cpu0:tiles8;1:cpu1:tiles8;2:cpu2:tiles8;3:cpu3:tiles8;4:cpu4:tiles8;5:cpu5:tiles8;6:cpu6:tiles8;7:cpu7:tiles8","NA",static,0,"NA","NA","/home/bananapi/MAT/kernels riscv rvv 1.0/FINAL/riscv-rvv-ime-gemm-microkernels-updated/HETEROGENEOUS_RVV_IME_OPENMP_GEMM/results/openmp_results_k1-rvv_1024_20260904_120220/raw_logs/GEMM_RVV_FP32_INT8_8x4_Baseline_RVV_IGEMM_INT8_I8I32_8x4_igemm_kernel_8x4_zvl256b_lmulmf2_unroll2_i8i32_run6.log",NA,NA,NA,NA,NA,NA,NA
k1_kernel_tuning,RVV,tile_N,16,2026-09-04T12:10:00,k1-rvv,"GEMM_RVV_FP32_INT8_8x4_Baseline","RVV_IGEMM_INT8_I8I32_8x4","igemm_kernel_8x4_zvl256b_lmulmf2_unroll4_i8i32",8x4,256b,mf2,4,INT8_RVV,0-7,8,8,1024,1024,1024,16,1,OK,0,NONE,0.158538543,GOPS,13.545499,parallel_tiles_including_required_packing,INDEPENDENT_INT64_REFERENCE_EXACT_INT32,0,0,"0:cpu0:tiles8;1:cpu1:tiles8;2:cpu2:tiles8;3:cpu3:tiles8;4:cpu4:tiles8;5:cpu5:tiles8;6:cpu6:tiles8;7:cpu7:tiles8","NA",static,0,"NA","NA","/home/bananapi/MAT/kernels riscv rvv 1.0/FINAL/riscv-rvv-ime-gemm-microkernels-updated/HETEROGENEOUS_RVV_IME_OPENMP_GEMM/results/openmp_results_k1-rvv_1024_20260904_120220/raw_logs/GEMM_RVV_FP32_INT8_8x4_Baseline_RVV_IGEMM_INT8_I8I32_8x4_igemm_kernel_8x4_zvl256b_lmulmf2_unroll4_i8i32_run1.log",NA,NA,NA,NA,NA,NA,NA
k1_kernel_tuning,RVV,tile_N,16,2026-09-04T12:10:00,k1-rvv,"GEMM_RVV_FP32_INT8_8x4_Baseline","RVV_IGEMM_INT8_I8I32_8x4","igemm_kernel_8x4_zvl256b_lmulmf2_unroll4_i8i32",8x4,256b,mf2,4,INT8_RVV,0-7,8,8,1024,1024,1024,16,2,OK,0,NONE,0.157064419,GOPS,13.672630,parallel_tiles_including_required_packing,DISABLED,0,0,"0:cpu0:tiles8;1:cpu1:tiles8;2:cpu2:tiles8;3:cpu3:tiles8;4:cpu4:tiles8;5:cpu5:tiles8;6:cpu6:tiles8;7:cpu7:tiles8","NA",static,0,"NA","NA","/home/bananapi/MAT/kernels riscv rvv 1.0/FINAL/riscv-rvv-ime-gemm-microkernels-updated/HETEROGENEOUS_RVV_IME_OPENMP_GEMM/results/openmp_results_k1-rvv_1024_20260904_120220/raw_logs/GEMM_RVV_FP32_INT8_8x4_Baseline_RVV_IGEMM_INT8_I8I32_8x4_igemm_kernel_8x4_zvl256b_lmulmf2_unroll4_i8i32_run2.log",NA,NA,NA,NA,NA,NA,NA
k1_kernel_tuning,RVV,tile_N,16,2026-09-04T12:10:01,k1-rvv,"GEMM_RVV_FP32_INT8_8x4_Baseline","RVV_IGEMM_INT8_I8I32_8x4","igemm_kernel_8x4_zvl256b_lmulmf2_unroll4_i8i32",8x4,256b,mf2,4,INT8_RVV,0-7,8,8,1024,1024,1024,16,3,OK,0,NONE,0.158533707,GOPS,13.545912,parallel_tiles_including_required_packing,DISABLED,0,0,"0:cpu0:tiles8;1:cpu1:tiles8;2:cpu2:tiles8;3:cpu3:tiles8;4:cpu4:tiles8;5:cpu5:tiles8;6:cpu6:tiles8;7:cpu7:tiles8","NA",static,0,"NA","NA","/home/bananapi/MAT/kernels riscv rvv 1.0/FINAL/riscv-rvv-ime-gemm-microkernels-updated/HETEROGENEOUS_RVV_IME_OPENMP_GEMM/results/openmp_results_k1-rvv_1024_20260904_120220/raw_logs/GEMM_RVV_FP32_INT8_8x4_Baseline_RVV_IGEMM_INT8_I8I32_8x4_igemm_kernel_8x4_zvl256b_lmulmf2_unroll4_i8i32_run3.log",NA,NA,NA,NA,NA,NA,NA
k1_kernel_tuning,RVV,tile_N,16,2026-09-04T12:10:02,k1-rvv,"GEMM_RVV_FP32_INT8_8x4_Baseline","RVV_IGEMM_INT8_I8I32_8x4","igemm_kernel_8x4_zvl256b_lmulmf2_unroll4_i8i32",8x4,256b,mf2,4,INT8_RVV,0-7,8,8,1024,1024,1024,16,4,OK,0,NONE,0.156399000,GOPS,13.730802,parallel_tiles_including_required_packing,DISABLED,0,0,"0:cpu0:tiles8;1:cpu1:tiles8;2:cpu2:tiles8;3:cpu3:tiles8;4:cpu4:tiles8;5:cpu5:tiles8;6:cpu6:tiles8;7:cpu7:tiles8","NA",static,0,"NA","NA","/home/bananapi/MAT/kernels riscv rvv 1.0/FINAL/riscv-rvv-ime-gemm-microkernels-updated/HETEROGENEOUS_RVV_IME_OPENMP_GEMM/results/openmp_results_k1-rvv_1024_20260904_120220/raw_logs/GEMM_RVV_FP32_INT8_8x4_Baseline_RVV_IGEMM_INT8_I8I32_8x4_igemm_kernel_8x4_zvl256b_lmulmf2_unroll4_i8i32_run4.log",NA,NA,NA,NA,NA,NA,NA
k1_kernel_tuning,RVV,tile_N,16,2026-09-04T12:10:02,k1-rvv,"GEMM_RVV_FP32_INT8_8x4_Baseline","RVV_IGEMM_INT8_I8I32_8x4","igemm_kernel_8x4_zvl256b_lmulmf2_unroll4_i8i32",8x4,256b,mf2,4,INT8_RVV,0-7,8,8,1024,1024,1024,16,5,OK,0,NONE,0.156643584,GOPS,13.709362,parallel_tiles_including_required_packing,DISABLED,0,0,"0:cpu0:tiles8;1:cpu1:tiles8;2:cpu2:tiles8;3:cpu3:tiles8;4:cpu4:tiles8;5:cpu5:tiles8;6:cpu6:tiles8;7:cpu7:tiles8","NA",static,0,"NA","NA","/home/bananapi/MAT/kernels riscv rvv 1.0/FINAL/riscv-rvv-ime-gemm-microkernels-updated/HETEROGENEOUS_RVV_IME_OPENMP_GEMM/results/openmp_results_k1-rvv_1024_20260904_120220/raw_logs/GEMM_RVV_FP32_INT8_8x4_Baseline_RVV_IGEMM_INT8_I8I32_8x4_igemm_kernel_8x4_zvl256b_lmulmf2_unroll4_i8i32_run5.log",NA,NA,NA,NA,NA,NA,NA
k1_kernel_tuning,RVV,tile_N,16,2026-09-04T12:10:03,k1-rvv,"GEMM_RVV_FP32_INT8_8x4_Baseline","RVV_IGEMM_INT8_I8I32_8x4","igemm_kernel_8x4_zvl256b_lmulmf2_unroll4_i8i32",8x4,256b,mf2,4,INT8_RVV,0-7,8,8,1024,1024,1024,16,6,OK,0,NONE,0.160014626,GOPS,13.420546,parallel_tiles_including_required_packing,DISABLED,0,0,"0:cpu0:tiles8;1:cpu1:tiles8;2:cpu2:tiles8;3:cpu3:tiles8;4:cpu4:tiles8;5:cpu5:tiles8;6:cpu6:tiles8;7:cpu7:tiles8","NA",static,0,"NA","NA","/home/bananapi/MAT/kernels riscv rvv 1.0/FINAL/riscv-rvv-ime-gemm-microkernels-updated/HETEROGENEOUS_RVV_IME_OPENMP_GEMM/results/openmp_results_k1-rvv_1024_20260904_120220/raw_logs/GEMM_RVV_FP32_INT8_8x4_Baseline_RVV_IGEMM_INT8_I8I32_8x4_igemm_kernel_8x4_zvl256b_lmulmf2_unroll4_i8i32_run6.log",NA,NA,NA,NA,NA,NA,NA
k1_kernel_tuning,RVV,tile_N,16,2026-09-04T12:10:32,k1-rvv,"GEMM_RVV_FP32_INT8_8x4_Baseline","RVV_IGEMM_INT8_I8I32_8x4","igemm_kernel_8x4_zvl256b_lmulmf2_unroll8_i8i32",8x4,256b,mf2,8,INT8_RVV,0-7,8,8,1024,1024,1024,16,1,OK,0,NONE,0.160129666,GOPS,13.410904,parallel_tiles_including_required_packing,INDEPENDENT_INT64_REFERENCE_EXACT_INT32,0,0,"0:cpu0:tiles8;1:cpu1:tiles8;2:cpu2:tiles8;3:cpu3:tiles8;4:cpu4:tiles8;5:cpu5:tiles8;6:cpu6:tiles8;7:cpu7:tiles8","NA",static,0,"NA","NA","/home/bananapi/MAT/kernels riscv rvv 1.0/FINAL/riscv-rvv-ime-gemm-microkernels-updated/HETEROGENEOUS_RVV_IME_OPENMP_GEMM/results/openmp_results_k1-rvv_1024_20260904_120220/raw_logs/GEMM_RVV_FP32_INT8_8x4_Baseline_RVV_IGEMM_INT8_I8I32_8x4_igemm_kernel_8x4_zvl256b_lmulmf2_unroll8_i8i32_run1.log",NA,NA,NA,NA,NA,NA,NA
k1_kernel_tuning,RVV,tile_N,16,2026-09-04T12:10:33,k1-rvv,"GEMM_RVV_FP32_INT8_8x4_Baseline","RVV_IGEMM_INT8_I8I32_8x4","igemm_kernel_8x4_zvl256b_lmulmf2_unroll8_i8i32",8x4,256b,mf2,8,INT8_RVV,0-7,8,8,1024,1024,1024,16,2,OK,0,NONE,0.153853834,GOPS,13.957947,parallel_tiles_including_required_packing,DISABLED,0,0,"0:cpu0:tiles8;1:cpu1:tiles8;2:cpu2:tiles8;3:cpu3:tiles8;4:cpu4:tiles8;5:cpu5:tiles8;6:cpu6:tiles8;7:cpu7:tiles8","NA",static,0,"NA","NA","/home/bananapi/MAT/kernels riscv rvv 1.0/FINAL/riscv-rvv-ime-gemm-microkernels-updated/HETEROGENEOUS_RVV_IME_OPENMP_GEMM/results/openmp_results_k1-rvv_1024_20260904_120220/raw_logs/GEMM_RVV_FP32_INT8_8x4_Baseline_RVV_IGEMM_INT8_I8I32_8x4_igemm_kernel_8x4_zvl256b_lmulmf2_unroll8_i8i32_run2.log",NA,NA,NA,NA,NA,NA,NA
k1_kernel_tuning,RVV,tile_N,16,2026-09-04T12:10:33,k1-rvv,"GEMM_RVV_FP32_INT8_8x4_Baseline","RVV_IGEMM_INT8_I8I32_8x4","igemm_kernel_8x4_zvl256b_lmulmf2_unroll8_i8i32",8x4,256b,mf2,8,INT8_RVV,0-7,8,8,1024,1024,1024,16,3,OK,0,NONE,0.158708248,GOPS,13.531015,parallel_tiles_including_required_packing,DISABLED,0,0,"0:cpu0:tiles8;1:cpu1:tiles8;2:cpu2:tiles8;3:cpu3:tiles8;4:cpu4:tiles8;5:cpu5:tiles8;6:cpu6:tiles8;7:cpu7:tiles8","NA",static,0,"NA","NA","/home/bananapi/MAT/kernels riscv rvv 1.0/FINAL/riscv-rvv-ime-gemm-microkernels-updated/HETEROGENEOUS_RVV_IME_OPENMP_GEMM/results/openmp_results_k1-rvv_1024_20260904_120220/raw_logs/GEMM_RVV_FP32_INT8_8x4_Baseline_RVV_IGEMM_INT8_I8I32_8x4_igemm_kernel_8x4_zvl256b_lmulmf2_unroll8_i8i32_run3.log",NA,NA,NA,NA,NA,NA,NA
k1_kernel_tuning,RVV,tile_N,16,2026-09-04T12:10:34,k1-rvv,"GEMM_RVV_FP32_INT8_8x4_Baseline","RVV_IGEMM_INT8_I8I32_8x4","igemm_kernel_8x4_zvl256b_lmulmf2_unroll8_i8i32",8x4,256b,mf2,8,INT8_RVV,0-7,8,8,1024,1024,1024,16,4,OK,0,NONE,0.165704127,GOPS,12.959747,parallel_tiles_including_required_packing,DISABLED,0,0,"0:cpu0:tiles8;1:cpu1:tiles8;2:cpu2:tiles8;3:cpu3:tiles8;4:cpu4:tiles8;5:cpu5:tiles8;6:cpu6:tiles8;7:cpu7:tiles8","NA",static,0,"NA","NA","/home/bananapi/MAT/kernels riscv rvv 1.0/FINAL/riscv-rvv-ime-gemm-microkernels-updated/HETEROGENEOUS_RVV_IME_OPENMP_GEMM/results/openmp_results_k1-rvv_1024_20260904_120220/raw_logs/GEMM_RVV_FP32_INT8_8x4_Baseline_RVV_IGEMM_INT8_I8I32_8x4_igemm_kernel_8x4_zvl256b_lmulmf2_unroll8_i8i32_run4.log",NA,NA,NA,NA,NA,NA,NA
k1_kernel_tuning,RVV,tile_N,16,2026-09-04T12:10:35,k1-rvv,"GEMM_RVV_FP32_INT8_8x4_Baseline","RVV_IGEMM_INT8_I8I32_8x4","igemm_kernel_8x4_zvl256b_lmulmf2_unroll8_i8i32",8x4,256b,mf2,8,INT8_RVV,0-7,8,8,1024,1024,1024,16,5,OK,0,NONE,0.157868501,GOPS,13.602990,parallel_tiles_including_required_packing,DISABLED,0,0,"0:cpu0:tiles8;1:cpu1:tiles8;2:cpu2:tiles8;3:cpu3:tiles8;4:cpu4:tiles8;5:cpu5:tiles8;6:cpu6:tiles8;7:cpu7:tiles8","NA",static,0,"NA","NA","/home/bananapi/MAT/kernels riscv rvv 1.0/FINAL/riscv-rvv-ime-gemm-microkernels-updated/HETEROGENEOUS_RVV_IME_OPENMP_GEMM/results/openmp_results_k1-rvv_1024_20260904_120220/raw_logs/GEMM_RVV_FP32_INT8_8x4_Baseline_RVV_IGEMM_INT8_I8I32_8x4_igemm_kernel_8x4_zvl256b_lmulmf2_unroll8_i8i32_run5.log",NA,NA,NA,NA,NA,NA,NA
k1_kernel_tuning,RVV,tile_N,16,2026-09-04T12:10:35,k1-rvv,"GEMM_RVV_FP32_INT8_8x4_Baseline","RVV_IGEMM_INT8_I8I32_8x4","igemm_kernel_8x4_zvl256b_lmulmf2_unroll8_i8i32",8x4,256b,mf2,8,INT8_RVV,0-7,8,8,1024,1024,1024,16,6,OK,0,NONE,0.169602334,GOPS,12.661876,parallel_tiles_including_required_packing,DISABLED,0,0,"0:cpu0:tiles8;1:cpu1:tiles8;2:cpu2:tiles8;3:cpu3:tiles8;4:cpu4:tiles8;5:cpu5:tiles8;6:cpu6:tiles8;7:cpu7:tiles8","NA",static,0,"NA","NA","/home/bananapi/MAT/kernels riscv rvv 1.0/FINAL/riscv-rvv-ime-gemm-microkernels-updated/HETEROGENEOUS_RVV_IME_OPENMP_GEMM/results/openmp_results_k1-rvv_1024_20260904_120220/raw_logs/GEMM_RVV_FP32_INT8_8x4_Baseline_RVV_IGEMM_INT8_I8I32_8x4_igemm_kernel_8x4_zvl256b_lmulmf2_unroll8_i8i32_run6.log",NA,NA,NA,NA,NA,NA,NA
k1_kernel_tuning,RVV,tile_N,16,2026-09-04T12:11:03,k1-rvv,"GEMM_RVV_FP32_INT8_8x4_Baseline","RVV_IGEMM_INT8_I8I32_8x4","igemm_kernel_8x4_zvl256b_lmulmf4_unroll1_i8i32",8x4,256b,mf4,1,INT8_RVV,0-7,8,8,1024,1024,1024,16,1,OK,0,NONE,0.142797917,GOPS,15.038620,parallel_tiles_including_required_packing,INDEPENDENT_INT64_REFERENCE_EXACT_INT32,0,0,"0:cpu0:tiles8;1:cpu1:tiles8;2:cpu2:tiles8;3:cpu3:tiles8;4:cpu4:tiles8;5:cpu5:tiles8;6:cpu6:tiles8;7:cpu7:tiles8","NA",static,0,"NA","NA","/home/bananapi/MAT/kernels riscv rvv 1.0/FINAL/riscv-rvv-ime-gemm-microkernels-updated/HETEROGENEOUS_RVV_IME_OPENMP_GEMM/results/openmp_results_k1-rvv_1024_20260904_120220/raw_logs/GEMM_RVV_FP32_INT8_8x4_Baseline_RVV_IGEMM_INT8_I8I32_8x4_igemm_kernel_8x4_zvl256b_lmulmf4_unroll1_i8i32_run1.log",NA,NA,NA,NA,NA,NA,NA
k1_kernel_tuning,RVV,tile_N,16,2026-09-04T12:11:04,k1-rvv,"GEMM_RVV_FP32_INT8_8x4_Baseline","RVV_IGEMM_INT8_I8I32_8x4","igemm_kernel_8x4_zvl256b_lmulmf4_unroll1_i8i32",8x4,256b,mf4,1,INT8_RVV,0-7,8,8,1024,1024,1024,16,2,OK,0,NONE,0.141843040,GOPS,15.139859,parallel_tiles_including_required_packing,DISABLED,0,0,"0:cpu0:tiles8;1:cpu1:tiles8;2:cpu2:tiles8;3:cpu3:tiles8;4:cpu4:tiles8;5:cpu5:tiles8;6:cpu6:tiles8;7:cpu7:tiles8","NA",static,0,"NA","NA","/home/bananapi/MAT/kernels riscv rvv 1.0/FINAL/riscv-rvv-ime-gemm-microkernels-updated/HETEROGENEOUS_RVV_IME_OPENMP_GEMM/results/openmp_results_k1-rvv_1024_20260904_120220/raw_logs/GEMM_RVV_FP32_INT8_8x4_Baseline_RVV_IGEMM_INT8_I8I32_8x4_igemm_kernel_8x4_zvl256b_lmulmf4_unroll1_i8i32_run2.log",NA,NA,NA,NA,NA,NA,NA
k1_kernel_tuning,RVV,tile_N,16,2026-09-04T12:11:05,k1-rvv,"GEMM_RVV_FP32_INT8_8x4_Baseline","RVV_IGEMM_INT8_I8I32_8x4","igemm_kernel_8x4_zvl256b_lmulmf4_unroll1_i8i32",8x4,256b,mf4,1,INT8_RVV,0-7,8,8,1024,1024,1024,16,3,OK,0,NONE,0.139934752,GOPS,15.346321,parallel_tiles_including_required_packing,DISABLED,0,0,"0:cpu0:tiles8;1:cpu1:tiles8;2:cpu2:tiles8;3:cpu3:tiles8;4:cpu4:tiles8;5:cpu5:tiles8;6:cpu6:tiles8;7:cpu7:tiles8","NA",static,0,"NA","NA","/home/bananapi/MAT/kernels riscv rvv 1.0/FINAL/riscv-rvv-ime-gemm-microkernels-updated/HETEROGENEOUS_RVV_IME_OPENMP_GEMM/results/openmp_results_k1-rvv_1024_20260904_120220/raw_logs/GEMM_RVV_FP32_INT8_8x4_Baseline_RVV_IGEMM_INT8_I8I32_8x4_igemm_kernel_8x4_zvl256b_lmulmf4_unroll1_i8i32_run3.log",NA,NA,NA,NA,NA,NA,NA
k1_kernel_tuning,RVV,tile_N,16,2026-09-04T12:11:05,k1-rvv,"GEMM_RVV_FP32_INT8_8x4_Baseline","RVV_IGEMM_INT8_I8I32_8x4","igemm_kernel_8x4_zvl256b_lmulmf4_unroll1_i8i32",8x4,256b,mf4,1,INT8_RVV,0-7,8,8,1024,1024,1024,16,4,OK,0,NONE,0.140919998,GOPS,15.239027,parallel_tiles_including_required_packing,DISABLED,0,0,"0:cpu0:tiles8;1:cpu1:tiles8;2:cpu2:tiles8;3:cpu3:tiles8;4:cpu4:tiles8;5:cpu5:tiles8;6:cpu6:tiles8;7:cpu7:tiles8","NA",static,0,"NA","NA","/home/bananapi/MAT/kernels riscv rvv 1.0/FINAL/riscv-rvv-ime-gemm-microkernels-updated/HETEROGENEOUS_RVV_IME_OPENMP_GEMM/results/openmp_results_k1-rvv_1024_20260904_120220/raw_logs/GEMM_RVV_FP32_INT8_8x4_Baseline_RVV_IGEMM_INT8_I8I32_8x4_igemm_kernel_8x4_zvl256b_lmulmf4_unroll1_i8i32_run4.log",NA,NA,NA,NA,NA,NA,NA
k1_kernel_tuning,RVV,tile_N,16,2026-09-04T12:11:06,k1-rvv,"GEMM_RVV_FP32_INT8_8x4_Baseline","RVV_IGEMM_INT8_I8I32_8x4","igemm_kernel_8x4_zvl256b_lmulmf4_unroll1_i8i32",8x4,256b,mf4,1,INT8_RVV,0-7,8,8,1024,1024,1024,16,5,OK,0,NONE,0.151645251,GOPS,14.161232,parallel_tiles_including_required_packing,DISABLED,0,0,"0:cpu0:tiles8;1:cpu1:tiles8;2:cpu2:tiles8;3:cpu3:tiles8;4:cpu4:tiles8;5:cpu5:tiles8;6:cpu6:tiles8;7:cpu7:tiles8","NA",static,0,"NA","NA","/home/bananapi/MAT/kernels riscv rvv 1.0/FINAL/riscv-rvv-ime-gemm-microkernels-updated/HETEROGENEOUS_RVV_IME_OPENMP_GEMM/results/openmp_results_k1-rvv_1024_20260904_120220/raw_logs/GEMM_RVV_FP32_INT8_8x4_Baseline_RVV_IGEMM_INT8_I8I32_8x4_igemm_kernel_8x4_zvl256b_lmulmf4_unroll1_i8i32_run5.log",NA,NA,NA,NA,NA,NA,NA
k1_kernel_tuning,RVV,tile_N,16,2026-09-04T12:11:06,k1-rvv,"GEMM_RVV_FP32_INT8_8x4_Baseline","RVV_IGEMM_INT8_I8I32_8x4","igemm_kernel_8x4_zvl256b_lmulmf4_unroll1_i8i32",8x4,256b,mf4,1,INT8_RVV,0-7,8,8,1024,1024,1024,16,6,OK,0,NONE,0.139102753,GOPS,15.438110,parallel_tiles_including_required_packing,DISABLED,0,0,"0:cpu0:tiles8;1:cpu1:tiles8;2:cpu2:tiles8;3:cpu3:tiles8;4:cpu4:tiles8;5:cpu5:tiles8;6:cpu6:tiles8;7:cpu7:tiles8","NA",static,0,"NA","NA","/home/bananapi/MAT/kernels riscv rvv 1.0/FINAL/riscv-rvv-ime-gemm-microkernels-updated/HETEROGENEOUS_RVV_IME_OPENMP_GEMM/results/openmp_results_k1-rvv_1024_20260904_120220/raw_logs/GEMM_RVV_FP32_INT8_8x4_Baseline_RVV_IGEMM_INT8_I8I32_8x4_igemm_kernel_8x4_zvl256b_lmulmf4_unroll1_i8i32_run6.log",NA,NA,NA,NA,NA,NA,NA
k1_kernel_tuning,RVV,tile_N,16,2026-09-04T12:11:34,k1-rvv,"GEMM_RVV_FP32_INT8_8x4_Baseline","RVV_IGEMM_INT8_I8I32_8x4","igemm_kernel_8x4_zvl256b_lmulmf4_unroll2_i8i32",8x4,256b,mf4,2,INT8_RVV,0-7,8,8,1024,1024,1024,16,1,OK,0,NONE,0.156459168,GOPS,13.725521,parallel_tiles_including_required_packing,INDEPENDENT_INT64_REFERENCE_EXACT_INT32,0,0,"0:cpu0:tiles8;1:cpu1:tiles8;2:cpu2:tiles8;3:cpu3:tiles8;4:cpu4:tiles8;5:cpu5:tiles8;6:cpu6:tiles8;7:cpu7:tiles8","NA",static,0,"NA","NA","/home/bananapi/MAT/kernels riscv rvv 1.0/FINAL/riscv-rvv-ime-gemm-microkernels-updated/HETEROGENEOUS_RVV_IME_OPENMP_GEMM/results/openmp_results_k1-rvv_1024_20260904_120220/raw_logs/GEMM_RVV_FP32_INT8_8x4_Baseline_RVV_IGEMM_INT8_I8I32_8x4_igemm_kernel_8x4_zvl256b_lmulmf4_unroll2_i8i32_run1.log",NA,NA,NA,NA,NA,NA,NA
k1_kernel_tuning,RVV,tile_N,16,2026-09-04T12:11:35,k1-rvv,"GEMM_RVV_FP32_INT8_8x4_Baseline","RVV_IGEMM_INT8_I8I32_8x4","igemm_kernel_8x4_zvl256b_lmulmf4_unroll2_i8i32",8x4,256b,mf4,2,INT8_RVV,0-7,8,8,1024,1024,1024,16,2,OK,0,NONE,0.138375875,GOPS,15.519206,parallel_tiles_including_required_packing,DISABLED,0,0,"0:cpu0:tiles8;1:cpu1:tiles8;2:cpu2:tiles8;3:cpu3:tiles8;4:cpu4:tiles8;5:cpu5:tiles8;6:cpu6:tiles8;7:cpu7:tiles8","NA",static,0,"NA","NA","/home/bananapi/MAT/kernels riscv rvv 1.0/FINAL/riscv-rvv-ime-gemm-microkernels-updated/HETEROGENEOUS_RVV_IME_OPENMP_GEMM/results/openmp_results_k1-rvv_1024_20260904_120220/raw_logs/GEMM_RVV_FP32_INT8_8x4_Baseline_RVV_IGEMM_INT8_I8I32_8x4_igemm_kernel_8x4_zvl256b_lmulmf4_unroll2_i8i32_run2.log",NA,NA,NA,NA,NA,NA,NA
k1_kernel_tuning,RVV,tile_N,16,2026-09-04T12:11:36,k1-rvv,"GEMM_RVV_FP32_INT8_8x4_Baseline","RVV_IGEMM_INT8_I8I32_8x4","igemm_kernel_8x4_zvl256b_lmulmf4_unroll2_i8i32",8x4,256b,mf4,2,INT8_RVV,0-7,8,8,1024,1024,1024,16,3,OK,0,NONE,0.134568334,GOPS,15.958313,parallel_tiles_including_required_packing,DISABLED,0,0,"0:cpu0:tiles8;1:cpu1:tiles8;2:cpu2:tiles8;3:cpu3:tiles8;4:cpu4:tiles8;5:cpu5:tiles8;6:cpu6:tiles8;7:cpu7:tiles8","NA",static,0,"NA","NA","/home/bananapi/MAT/kernels riscv rvv 1.0/FINAL/riscv-rvv-ime-gemm-microkernels-updated/HETEROGENEOUS_RVV_IME_OPENMP_GEMM/results/openmp_results_k1-rvv_1024_20260904_120220/raw_logs/GEMM_RVV_FP32_INT8_8x4_Baseline_RVV_IGEMM_INT8_I8I32_8x4_igemm_kernel_8x4_zvl256b_lmulmf4_unroll2_i8i32_run3.log",NA,NA,NA,NA,NA,NA,NA
k1_kernel_tuning,RVV,tile_N,16,2026-09-04T12:11:36,k1-rvv,"GEMM_RVV_FP32_INT8_8x4_Baseline","RVV_IGEMM_INT8_I8I32_8x4","igemm_kernel_8x4_zvl256b_lmulmf4_unroll2_i8i32",8x4,256b,mf4,2,INT8_RVV,0-7,8,8,1024,1024,1024,16,4,OK,0,NONE,0.137440290,GOPS,15.624848,parallel_tiles_including_required_packing,DISABLED,0,0,"0:cpu0:tiles8;1:cpu1:tiles8;2:cpu2:tiles8;3:cpu3:tiles8;4:cpu4:tiles8;5:cpu5:tiles8;6:cpu6:tiles8;7:cpu7:tiles8","NA",static,0,"NA","NA","/home/bananapi/MAT/kernels riscv rvv 1.0/FINAL/riscv-rvv-ime-gemm-microkernels-updated/HETEROGENEOUS_RVV_IME_OPENMP_GEMM/results/openmp_results_k1-rvv_1024_20260904_120220/raw_logs/GEMM_RVV_FP32_INT8_8x4_Baseline_RVV_IGEMM_INT8_I8I32_8x4_igemm_kernel_8x4_zvl256b_lmulmf4_unroll2_i8i32_run4.log",NA,NA,NA,NA,NA,NA,NA
k1_kernel_tuning,RVV,tile_N,16,2026-09-04T12:11:37,k1-rvv,"GEMM_RVV_FP32_INT8_8x4_Baseline","RVV_IGEMM_INT8_I8I32_8x4","igemm_kernel_8x4_zvl256b_lmulmf4_unroll2_i8i32",8x4,256b,mf4,2,INT8_RVV,0-7,8,8,1024,1024,1024,16,5,OK,0,NONE,0.133083791,GOPS,16.136328,parallel_tiles_including_required_packing,DISABLED,0,0,"0:cpu0:tiles8;1:cpu1:tiles8;2:cpu2:tiles8;3:cpu3:tiles8;4:cpu4:tiles8;5:cpu5:tiles8;6:cpu6:tiles8;7:cpu7:tiles8","NA",static,0,"NA","NA","/home/bananapi/MAT/kernels riscv rvv 1.0/FINAL/riscv-rvv-ime-gemm-microkernels-updated/HETEROGENEOUS_RVV_IME_OPENMP_GEMM/results/openmp_results_k1-rvv_1024_20260904_120220/raw_logs/GEMM_RVV_FP32_INT8_8x4_Baseline_RVV_IGEMM_INT8_I8I32_8x4_igemm_kernel_8x4_zvl256b_lmulmf4_unroll2_i8i32_run5.log",NA,NA,NA,NA,NA,NA,NA
k1_kernel_tuning,RVV,tile_N,16,2026-09-04T12:11:37,k1-rvv,"GEMM_RVV_FP32_INT8_8x4_Baseline","RVV_IGEMM_INT8_I8I32_8x4","igemm_kernel_8x4_zvl256b_lmulmf4_unroll2_i8i32",8x4,256b,mf4,2,INT8_RVV,0-7,8,8,1024,1024,1024,16,6,OK,0,NONE,0.147459082,GOPS,14.563251,parallel_tiles_including_required_packing,DISABLED,0,0,"0:cpu0:tiles8;1:cpu1:tiles8;2:cpu2:tiles8;3:cpu3:tiles8;4:cpu4:tiles8;5:cpu5:tiles8;6:cpu6:tiles8;7:cpu7:tiles8","NA",static,0,"NA","NA","/home/bananapi/MAT/kernels riscv rvv 1.0/FINAL/riscv-rvv-ime-gemm-microkernels-updated/HETEROGENEOUS_RVV_IME_OPENMP_GEMM/results/openmp_results_k1-rvv_1024_20260904_120220/raw_logs/GEMM_RVV_FP32_INT8_8x4_Baseline_RVV_IGEMM_INT8_I8I32_8x4_igemm_kernel_8x4_zvl256b_lmulmf4_unroll2_i8i32_run6.log",NA,NA,NA,NA,NA,NA,NA
k1_kernel_tuning,RVV,tile_N,16,2026-09-04T12:12:06,k1-rvv,"GEMM_RVV_FP32_INT8_8x4_Baseline","RVV_IGEMM_INT8_I8I32_8x4","igemm_kernel_8x4_zvl256b_lmulmf4_unroll4_i8i32",8x4,256b,mf4,4,INT8_RVV,0-7,8,8,1024,1024,1024,16,1,OK,0,NONE,0.141934335,GOPS,15.130121,parallel_tiles_including_required_packing,INDEPENDENT_INT64_REFERENCE_EXACT_INT32,0,0,"0:cpu0:tiles8;1:cpu1:tiles8;2:cpu2:tiles8;3:cpu3:tiles8;4:cpu4:tiles8;5:cpu5:tiles8;6:cpu6:tiles8;7:cpu7:tiles8","NA",static,0,"NA","NA","/home/bananapi/MAT/kernels riscv rvv 1.0/FINAL/riscv-rvv-ime-gemm-microkernels-updated/HETEROGENEOUS_RVV_IME_OPENMP_GEMM/results/openmp_results_k1-rvv_1024_20260904_120220/raw_logs/GEMM_RVV_FP32_INT8_8x4_Baseline_RVV_IGEMM_INT8_I8I32_8x4_igemm_kernel_8x4_zvl256b_lmulmf4_unroll4_i8i32_run1.log",NA,NA,NA,NA,NA,NA,NA
k1_kernel_tuning,RVV,tile_N,16,2026-09-04T12:12:06,k1-rvv,"GEMM_RVV_FP32_INT8_8x4_Baseline","RVV_IGEMM_INT8_I8I32_8x4","igemm_kernel_8x4_zvl256b_lmulmf4_unroll4_i8i32",8x4,256b,mf4,4,INT8_RVV,0-7,8,8,1024,1024,1024,16,2,OK,0,NONE,0.135884542,GOPS,15.803738,parallel_tiles_including_required_packing,DISABLED,0,0,"0:cpu0:tiles8;1:cpu1:tiles8;2:cpu2:tiles8;3:cpu3:tiles8;4:cpu4:tiles8;5:cpu5:tiles8;6:cpu6:tiles8;7:cpu7:tiles8","NA",static,0,"NA","NA","/home/bananapi/MAT/kernels riscv rvv 1.0/FINAL/riscv-rvv-ime-gemm-microkernels-updated/HETEROGENEOUS_RVV_IME_OPENMP_GEMM/results/openmp_results_k1-rvv_1024_20260904_120220/raw_logs/GEMM_RVV_FP32_INT8_8x4_Baseline_RVV_IGEMM_INT8_I8I32_8x4_igemm_kernel_8x4_zvl256b_lmulmf4_unroll4_i8i32_run2.log",NA,NA,NA,NA,NA,NA,NA
k1_kernel_tuning,RVV,tile_N,16,2026-09-04T12:12:07,k1-rvv,"GEMM_RVV_FP32_INT8_8x4_Baseline","RVV_IGEMM_INT8_I8I32_8x4","igemm_kernel_8x4_zvl256b_lmulmf4_unroll4_i8i32",8x4,256b,mf4,4,INT8_RVV,0-7,8,8,1024,1024,1024,16,3,OK,0,NONE,0.140252583,GOPS,15.311544,parallel_tiles_including_required_packing,DISABLED,0,0,"0:cpu0:tiles8;1:cpu1:tiles8;2:cpu2:tiles8;3:cpu3:tiles8;4:cpu4:tiles8;5:cpu5:tiles8;6:cpu6:tiles8;7:cpu7:tiles8","NA",static,0,"NA","NA","/home/bananapi/MAT/kernels riscv rvv 1.0/FINAL/riscv-rvv-ime-gemm-microkernels-updated/HETEROGENEOUS_RVV_IME_OPENMP_GEMM/results/openmp_results_k1-rvv_1024_20260904_120220/raw_logs/GEMM_RVV_FP32_INT8_8x4_Baseline_RVV_IGEMM_INT8_I8I32_8x4_igemm_kernel_8x4_zvl256b_lmulmf4_unroll4_i8i32_run3.log",NA,NA,NA,NA,NA,NA,NA
k1_kernel_tuning,RVV,tile_N,16,2026-09-04T12:12:08,k1-rvv,"GEMM_RVV_FP32_INT8_8x4_Baseline","RVV_IGEMM_INT8_I8I32_8x4","igemm_kernel_8x4_zvl256b_lmulmf4_unroll4_i8i32",8x4,256b,mf4,4,INT8_RVV,0-7,8,8,1024,1024,1024,16,4,OK,0,NONE,0.140209626,GOPS,15.316235,parallel_tiles_including_required_packing,DISABLED,0,0,"0:cpu0:tiles8;1:cpu1:tiles8;2:cpu2:tiles8;3:cpu3:tiles8;4:cpu4:tiles8;5:cpu5:tiles8;6:cpu6:tiles8;7:cpu7:tiles8","NA",static,0,"NA","NA","/home/bananapi/MAT/kernels riscv rvv 1.0/FINAL/riscv-rvv-ime-gemm-microkernels-updated/HETEROGENEOUS_RVV_IME_OPENMP_GEMM/results/openmp_results_k1-rvv_1024_20260904_120220/raw_logs/GEMM_RVV_FP32_INT8_8x4_Baseline_RVV_IGEMM_INT8_I8I32_8x4_igemm_kernel_8x4_zvl256b_lmulmf4_unroll4_i8i32_run4.log",NA,NA,NA,NA,NA,NA,NA
k1_kernel_tuning,RVV,tile_N,16,2026-09-04T12:12:08,k1-rvv,"GEMM_RVV_FP32_INT8_8x4_Baseline","RVV_IGEMM_INT8_I8I32_8x4","igemm_kernel_8x4_zvl256b_lmulmf4_unroll4_i8i32",8x4,256b,mf4,4,INT8_RVV,0-7,8,8,1024,1024,1024,16,5,OK,0,NONE,0.138188705,GOPS,15.540226,parallel_tiles_including_required_packing,DISABLED,0,0,"0:cpu0:tiles8;1:cpu1:tiles8;2:cpu2:tiles8;3:cpu3:tiles8;4:cpu4:tiles8;5:cpu5:tiles8;6:cpu6:tiles8;7:cpu7:tiles8","NA",static,0,"NA","NA","/home/bananapi/MAT/kernels riscv rvv 1.0/FINAL/riscv-rvv-ime-gemm-microkernels-updated/HETEROGENEOUS_RVV_IME_OPENMP_GEMM/results/openmp_results_k1-rvv_1024_20260904_120220/raw_logs/GEMM_RVV_FP32_INT8_8x4_Baseline_RVV_IGEMM_INT8_I8I32_8x4_igemm_kernel_8x4_zvl256b_lmulmf4_unroll4_i8i32_run5.log",NA,NA,NA,NA,NA,NA,NA
k1_kernel_tuning,RVV,tile_N,16,2026-09-04T12:12:09,k1-rvv,"GEMM_RVV_FP32_INT8_8x4_Baseline","RVV_IGEMM_INT8_I8I32_8x4","igemm_kernel_8x4_zvl256b_lmulmf4_unroll4_i8i32",8x4,256b,mf4,4,INT8_RVV,0-7,8,8,1024,1024,1024,16,6,OK,0,NONE,0.151291665,GOPS,14.194329,parallel_tiles_including_required_packing,DISABLED,0,0,"0:cpu0:tiles8;1:cpu1:tiles8;2:cpu2:tiles8;3:cpu3:tiles8;4:cpu4:tiles8;5:cpu5:tiles8;6:cpu6:tiles8;7:cpu7:tiles8","NA",static,0,"NA","NA","/home/bananapi/MAT/kernels riscv rvv 1.0/FINAL/riscv-rvv-ime-gemm-microkernels-updated/HETEROGENEOUS_RVV_IME_OPENMP_GEMM/results/openmp_results_k1-rvv_1024_20260904_120220/raw_logs/GEMM_RVV_FP32_INT8_8x4_Baseline_RVV_IGEMM_INT8_I8I32_8x4_igemm_kernel_8x4_zvl256b_lmulmf4_unroll4_i8i32_run6.log",NA,NA,NA,NA,NA,NA,NA
k1_kernel_tuning,RVV,tile_N,16,2026-09-04T12:12:46,k1-rvv,"GEMM_RVV_FP32_INT8_8x4_Baseline","RVV_IGEMM_INT8_I8I32_8x4","igemm_kernel_8x4_zvl256b_lmulmf4_unroll8_i8i32",8x4,256b,mf4,8,INT8_RVV,0-7,8,8,1024,1024,1024,16,1,OK,0,NONE,0.142158914,GOPS,15.106219,parallel_tiles_including_required_packing,INDEPENDENT_INT64_REFERENCE_EXACT_INT32,0,0,"0:cpu0:tiles8;1:cpu1:tiles8;2:cpu2:tiles8;3:cpu3:tiles8;4:cpu4:tiles8;5:cpu5:tiles8;6:cpu6:tiles8;7:cpu7:tiles8","NA",static,0,"NA","NA","/home/bananapi/MAT/kernels riscv rvv 1.0/FINAL/riscv-rvv-ime-gemm-microkernels-updated/HETEROGENEOUS_RVV_IME_OPENMP_GEMM/results/openmp_results_k1-rvv_1024_20260904_120220/raw_logs/GEMM_RVV_FP32_INT8_8x4_Baseline_RVV_IGEMM_INT8_I8I32_8x4_igemm_kernel_8x4_zvl256b_lmulmf4_unroll8_i8i32_run1.log",NA,NA,NA,NA,NA,NA,NA
k1_kernel_tuning,RVV,tile_N,16,2026-09-04T12:12:47,k1-rvv,"GEMM_RVV_FP32_INT8_8x4_Baseline","RVV_IGEMM_INT8_I8I32_8x4","igemm_kernel_8x4_zvl256b_lmulmf4_unroll8_i8i32",8x4,256b,mf4,8,INT8_RVV,0-7,8,8,1024,1024,1024,16,2,OK,0,NONE,0.138352875,GOPS,15.521786,parallel_tiles_including_required_packing,DISABLED,0,0,"0:cpu0:tiles8;1:cpu1:tiles8;2:cpu2:tiles8;3:cpu3:tiles8;4:cpu4:tiles8;5:cpu5:tiles8;6:cpu6:tiles8;7:cpu7:tiles8","NA",static,0,"NA","NA","/home/bananapi/MAT/kernels riscv rvv 1.0/FINAL/riscv-rvv-ime-gemm-microkernels-updated/HETEROGENEOUS_RVV_IME_OPENMP_GEMM/results/openmp_results_k1-rvv_1024_20260904_120220/raw_logs/GEMM_RVV_FP32_INT8_8x4_Baseline_RVV_IGEMM_INT8_I8I32_8x4_igemm_kernel_8x4_zvl256b_lmulmf4_unroll8_i8i32_run2.log",NA,NA,NA,NA,NA,NA,NA
k1_kernel_tuning,RVV,tile_N,16,2026-09-04T12:12:47,k1-rvv,"GEMM_RVV_FP32_INT8_8x4_Baseline","RVV_IGEMM_INT8_I8I32_8x4","igemm_kernel_8x4_zvl256b_lmulmf4_unroll8_i8i32",8x4,256b,mf4,8,INT8_RVV,0-7,8,8,1024,1024,1024,16,3,OK,0,NONE,0.145883877,GOPS,14.720500,parallel_tiles_including_required_packing,DISABLED,0,0,"0:cpu0:tiles8;1:cpu1:tiles8;2:cpu2:tiles8;3:cpu3:tiles8;4:cpu4:tiles8;5:cpu5:tiles8;6:cpu6:tiles8;7:cpu7:tiles8","NA",static,0,"NA","NA","/home/bananapi/MAT/kernels riscv rvv 1.0/FINAL/riscv-rvv-ime-gemm-microkernels-updated/HETEROGENEOUS_RVV_IME_OPENMP_GEMM/results/openmp_results_k1-rvv_1024_20260904_120220/raw_logs/GEMM_RVV_FP32_INT8_8x4_Baseline_RVV_IGEMM_INT8_I8I32_8x4_igemm_kernel_8x4_zvl256b_lmulmf4_unroll8_i8i32_run3.log",NA,NA,NA,NA,NA,NA,NA
k1_kernel_tuning,RVV,tile_N,16,2026-09-04T12:12:48,k1-rvv,"GEMM_RVV_FP32_INT8_8x4_Baseline","RVV_IGEMM_INT8_I8I32_8x4","igemm_kernel_8x4_zvl256b_lmulmf4_unroll8_i8i32",8x4,256b,mf4,8,INT8_RVV,0-7,8,8,1024,1024,1024,16,4,OK,0,NONE,0.137000002,GOPS,15.675063,parallel_tiles_including_required_packing,DISABLED,0,0,"0:cpu0:tiles8;1:cpu1:tiles8;2:cpu2:tiles8;3:cpu3:tiles8;4:cpu4:tiles8;5:cpu5:tiles8;6:cpu6:tiles8;7:cpu7:tiles8","NA",static,0,"NA","NA","/home/bananapi/MAT/kernels riscv rvv 1.0/FINAL/riscv-rvv-ime-gemm-microkernels-updated/HETEROGENEOUS_RVV_IME_OPENMP_GEMM/results/openmp_results_k1-rvv_1024_20260904_120220/raw_logs/GEMM_RVV_FP32_INT8_8x4_Baseline_RVV_IGEMM_INT8_I8I32_8x4_igemm_kernel_8x4_zvl256b_lmulmf4_unroll8_i8i32_run4.log",NA,NA,NA,NA,NA,NA,NA
k1_kernel_tuning,RVV,tile_N,16,2026-09-04T12:12:48,k1-rvv,"GEMM_RVV_FP32_INT8_8x4_Baseline","RVV_IGEMM_INT8_I8I32_8x4","igemm_kernel_8x4_zvl256b_lmulmf4_unroll8_i8i32",8x4,256b,mf4,8,INT8_RVV,0-7,8,8,1024,1024,1024,16,5,OK,0,NONE,0.132692873,GOPS,16.183866,parallel_tiles_including_required_packing,DISABLED,0,0,"0:cpu0:tiles8;1:cpu1:tiles8;2:cpu2:tiles8;3:cpu3:tiles8;4:cpu4:tiles8;5:cpu5:tiles8;6:cpu6:tiles8;7:cpu7:tiles8","NA",static,0,"NA","NA","/home/bananapi/MAT/kernels riscv rvv 1.0/FINAL/riscv-rvv-ime-gemm-microkernels-updated/HETEROGENEOUS_RVV_IME_OPENMP_GEMM/results/openmp_results_k1-rvv_1024_20260904_120220/raw_logs/GEMM_RVV_FP32_INT8_8x4_Baseline_RVV_IGEMM_INT8_I8I32_8x4_igemm_kernel_8x4_zvl256b_lmulmf4_unroll8_i8i32_run5.log",NA,NA,NA,NA,NA,NA,NA
k1_kernel_tuning,RVV,tile_N,16,2026-09-04T12:12:49,k1-rvv,"GEMM_RVV_FP32_INT8_8x4_Baseline","RVV_IGEMM_INT8_I8I32_8x4","igemm_kernel_8x4_zvl256b_lmulmf4_unroll8_i8i32",8x4,256b,mf4,8,INT8_RVV,0-7,8,8,1024,1024,1024,16,6,OK,0,NONE,0.137543168,GOPS,15.613161,parallel_tiles_including_required_packing,DISABLED,0,0,"0:cpu0:tiles8;1:cpu1:tiles8;2:cpu2:tiles8;3:cpu3:tiles8;4:cpu4:tiles8;5:cpu5:tiles8;6:cpu6:tiles8;7:cpu7:tiles8","NA",static,0,"NA","NA","/home/bananapi/MAT/kernels riscv rvv 1.0/FINAL/riscv-rvv-ime-gemm-microkernels-updated/HETEROGENEOUS_RVV_IME_OPENMP_GEMM/results/openmp_results_k1-rvv_1024_20260904_120220/raw_logs/GEMM_RVV_FP32_INT8_8x4_Baseline_RVV_IGEMM_INT8_I8I32_8x4_igemm_kernel_8x4_zvl256b_lmulmf4_unroll8_i8i32_run6.log",NA,NA,NA,NA,NA,NA,NA
k1_kernel_tuning,RVV,tile_N,16,2026-09-04T12:13:24,k1-rvv,"GEMM_RVV_FP32_INT8_8x4_Baseline","RVV_IGEMM_INT8_I8I32_8x4","igemm_kernel_8x4_zvl256b_lmulmf8_unroll1_i8i32",8x4,256b,mf8,1,INT8_RVV,0-7,8,8,1024,1024,1024,16,1,OK,0,NONE,0.137971293,GOPS,15.564713,parallel_tiles_including_required_packing,INDEPENDENT_INT64_REFERENCE_EXACT_INT32,0,0,"0:cpu0:tiles8;1:cpu1:tiles8;2:cpu2:tiles8;3:cpu3:tiles8;4:cpu4:tiles8;5:cpu5:tiles8;6:cpu6:tiles8;7:cpu7:tiles8","NA",static,0,"NA","NA","/home/bananapi/MAT/kernels riscv rvv 1.0/FINAL/riscv-rvv-ime-gemm-microkernels-updated/HETEROGENEOUS_RVV_IME_OPENMP_GEMM/results/openmp_results_k1-rvv_1024_20260904_120220/raw_logs/GEMM_RVV_FP32_INT8_8x4_Baseline_RVV_IGEMM_INT8_I8I32_8x4_igemm_kernel_8x4_zvl256b_lmulmf8_unroll1_i8i32_run1.log",NA,NA,NA,NA,NA,NA,NA
k1_kernel_tuning,RVV,tile_N,16,2026-09-04T12:13:25,k1-rvv,"GEMM_RVV_FP32_INT8_8x4_Baseline","RVV_IGEMM_INT8_I8I32_8x4","igemm_kernel_8x4_zvl256b_lmulmf8_unroll1_i8i32",8x4,256b,mf8,1,INT8_RVV,0-7,8,8,1024,1024,1024,16,2,OK,0,NONE,0.141300499,GOPS,15.197990,parallel_tiles_including_required_packing,DISABLED,0,0,"0:cpu0:tiles8;1:cpu1:tiles8;2:cpu2:tiles8;3:cpu3:tiles8;4:cpu4:tiles8;5:cpu5:tiles8;6:cpu6:tiles8;7:cpu7:tiles8","NA",static,0,"NA","NA","/home/bananapi/MAT/kernels riscv rvv 1.0/FINAL/riscv-rvv-ime-gemm-microkernels-updated/HETEROGENEOUS_RVV_IME_OPENMP_GEMM/results/openmp_results_k1-rvv_1024_20260904_120220/raw_logs/GEMM_RVV_FP32_INT8_8x4_Baseline_RVV_IGEMM_INT8_I8I32_8x4_igemm_kernel_8x4_zvl256b_lmulmf8_unroll1_i8i32_run2.log",NA,NA,NA,NA,NA,NA,NA
k1_kernel_tuning,RVV,tile_N,16,2026-09-04T12:13:26,k1-rvv,"GEMM_RVV_FP32_INT8_8x4_Baseline","RVV_IGEMM_INT8_I8I32_8x4","igemm_kernel_8x4_zvl256b_lmulmf8_unroll1_i8i32",8x4,256b,mf8,1,INT8_RVV,0-7,8,8,1024,1024,1024,16,3,OK,0,NONE,0.143069416,GOPS,15.010082,parallel_tiles_including_required_packing,DISABLED,0,0,"0:cpu0:tiles8;1:cpu1:tiles8;2:cpu2:tiles8;3:cpu3:tiles8;4:cpu4:tiles8;5:cpu5:tiles8;6:cpu6:tiles8;7:cpu7:tiles8","NA",static,0,"NA","NA","/home/bananapi/MAT/kernels riscv rvv 1.0/FINAL/riscv-rvv-ime-gemm-microkernels-updated/HETEROGENEOUS_RVV_IME_OPENMP_GEMM/results/openmp_results_k1-rvv_1024_20260904_120220/raw_logs/GEMM_RVV_FP32_INT8_8x4_Baseline_RVV_IGEMM_INT8_I8I32_8x4_igemm_kernel_8x4_zvl256b_lmulmf8_unroll1_i8i32_run3.log",NA,NA,NA,NA,NA,NA,NA
k1_kernel_tuning,RVV,tile_N,16,2026-09-04T12:13:26,k1-rvv,"GEMM_RVV_FP32_INT8_8x4_Baseline","RVV_IGEMM_INT8_I8I32_8x4","igemm_kernel_8x4_zvl256b_lmulmf8_unroll1_i8i32",8x4,256b,mf8,1,INT8_RVV,0-7,8,8,1024,1024,1024,16,4,OK,0,NONE,0.137514625,GOPS,15.616402,parallel_tiles_including_required_packing,DISABLED,0,0,"0:cpu0:tiles8;1:cpu1:tiles8;2:cpu2:tiles8;3:cpu3:tiles8;4:cpu4:tiles8;5:cpu5:tiles8;6:cpu6:tiles8;7:cpu7:tiles8","NA",static,0,"NA","NA","/home/bananapi/MAT/kernels riscv rvv 1.0/FINAL/riscv-rvv-ime-gemm-microkernels-updated/HETEROGENEOUS_RVV_IME_OPENMP_GEMM/results/openmp_results_k1-rvv_1024_20260904_120220/raw_logs/GEMM_RVV_FP32_INT8_8x4_Baseline_RVV_IGEMM_INT8_I8I32_8x4_igemm_kernel_8x4_zvl256b_lmulmf8_unroll1_i8i32_run4.log",NA,NA,NA,NA,NA,NA,NA
k1_kernel_tuning,RVV,tile_N,16,2026-09-04T12:13:27,k1-rvv,"GEMM_RVV_FP32_INT8_8x4_Baseline","RVV_IGEMM_INT8_I8I32_8x4","igemm_kernel_8x4_zvl256b_lmulmf8_unroll1_i8i32",8x4,256b,mf8,1,INT8_RVV,0-7,8,8,1024,1024,1024,16,5,OK,0,NONE,0.133204084,GOPS,16.121755,parallel_tiles_including_required_packing,DISABLED,0,0,"0:cpu0:tiles8;1:cpu1:tiles8;2:cpu2:tiles8;3:cpu3:tiles8;4:cpu4:tiles8;5:cpu5:tiles8;6:cpu6:tiles8;7:cpu7:tiles8","NA",static,0,"NA","NA","/home/bananapi/MAT/kernels riscv rvv 1.0/FINAL/riscv-rvv-ime-gemm-microkernels-updated/HETEROGENEOUS_RVV_IME_OPENMP_GEMM/results/openmp_results_k1-rvv_1024_20260904_120220/raw_logs/GEMM_RVV_FP32_INT8_8x4_Baseline_RVV_IGEMM_INT8_I8I32_8x4_igemm_kernel_8x4_zvl256b_lmulmf8_unroll1_i8i32_run5.log",NA,NA,NA,NA,NA,NA,NA
k1_kernel_tuning,RVV,tile_N,16,2026-09-04T12:13:27,k1-rvv,"GEMM_RVV_FP32_INT8_8x4_Baseline","RVV_IGEMM_INT8_I8I32_8x4","igemm_kernel_8x4_zvl256b_lmulmf8_unroll1_i8i32",8x4,256b,mf8,1,INT8_RVV,0-7,8,8,1024,1024,1024,16,6,OK,0,NONE,0.138721332,GOPS,15.480558,parallel_tiles_including_required_packing,DISABLED,0,0,"0:cpu0:tiles8;1:cpu1:tiles8;2:cpu2:tiles8;3:cpu3:tiles8;4:cpu4:tiles8;5:cpu5:tiles8;6:cpu6:tiles8;7:cpu7:tiles8","NA",static,0,"NA","NA","/home/bananapi/MAT/kernels riscv rvv 1.0/FINAL/riscv-rvv-ime-gemm-microkernels-updated/HETEROGENEOUS_RVV_IME_OPENMP_GEMM/results/openmp_results_k1-rvv_1024_20260904_120220/raw_logs/GEMM_RVV_FP32_INT8_8x4_Baseline_RVV_IGEMM_INT8_I8I32_8x4_igemm_kernel_8x4_zvl256b_lmulmf8_unroll1_i8i32_run6.log",NA,NA,NA,NA,NA,NA,NA
k1_kernel_tuning,RVV,tile_N,16,2026-09-04T12:14:03,k1-rvv,"GEMM_RVV_FP32_INT8_8x4_Baseline","RVV_IGEMM_INT8_I8I32_8x4","igemm_kernel_8x4_zvl256b_lmulmf8_unroll2_i8i32",8x4,256b,mf8,2,INT8_RVV,0-7,8,8,1024,1024,1024,16,1,OK,0,NONE,0.140037086,GOPS,15.335107,parallel_tiles_including_required_packing,INDEPENDENT_INT64_REFERENCE_EXACT_INT32,0,0,"0:cpu0:tiles8;1:cpu1:tiles8;2:cpu2:tiles8;3:cpu3:tiles8;4:cpu4:tiles8;5:cpu5:tiles8;6:cpu6:tiles8;7:cpu7:tiles8","NA",static,0,"NA","NA","/home/bananapi/MAT/kernels riscv rvv 1.0/FINAL/riscv-rvv-ime-gemm-microkernels-updated/HETEROGENEOUS_RVV_IME_OPENMP_GEMM/results/openmp_results_k1-rvv_1024_20260904_120220/raw_logs/GEMM_RVV_FP32_INT8_8x4_Baseline_RVV_IGEMM_INT8_I8I32_8x4_igemm_kernel_8x4_zvl256b_lmulmf8_unroll2_i8i32_run1.log",NA,NA,NA,NA,NA,NA,NA
k1_kernel_tuning,RVV,tile_N,16,2026-09-04T12:14:04,k1-rvv,"GEMM_RVV_FP32_INT8_8x4_Baseline","RVV_IGEMM_INT8_I8I32_8x4","igemm_kernel_8x4_zvl256b_lmulmf8_unroll2_i8i32",8x4,256b,mf8,2,INT8_RVV,0-7,8,8,1024,1024,1024,16,2,OK,0,NONE,0.132994585,GOPS,16.147151,parallel_tiles_including_required_packing,DISABLED,0,0,"0:cpu0:tiles8;1:cpu1:tiles8;2:cpu2:tiles8;3:cpu3:tiles8;4:cpu4:tiles8;5:cpu5:tiles8;6:cpu6:tiles8;7:cpu7:tiles8","NA",static,0,"NA","NA","/home/bananapi/MAT/kernels riscv rvv 1.0/FINAL/riscv-rvv-ime-gemm-microkernels-updated/HETEROGENEOUS_RVV_IME_OPENMP_GEMM/results/openmp_results_k1-rvv_1024_20260904_120220/raw_logs/GEMM_RVV_FP32_INT8_8x4_Baseline_RVV_IGEMM_INT8_I8I32_8x4_igemm_kernel_8x4_zvl256b_lmulmf8_unroll2_i8i32_run2.log",NA,NA,NA,NA,NA,NA,NA
k1_kernel_tuning,RVV,tile_N,16,2026-09-04T12:14:05,k1-rvv,"GEMM_RVV_FP32_INT8_8x4_Baseline","RVV_IGEMM_INT8_I8I32_8x4","igemm_kernel_8x4_zvl256b_lmulmf8_unroll2_i8i32",8x4,256b,mf8,2,INT8_RVV,0-7,8,8,1024,1024,1024,16,3,OK,0,NONE,0.135471959,GOPS,15.851868,parallel_tiles_including_required_packing,DISABLED,0,0,"0:cpu0:tiles8;1:cpu1:tiles8;2:cpu2:tiles8;3:cpu3:tiles8;4:cpu4:tiles8;5:cpu5:tiles8;6:cpu6:tiles8;7:cpu7:tiles8","NA",static,0,"NA","NA","/home/bananapi/MAT/kernels riscv rvv 1.0/FINAL/riscv-rvv-ime-gemm-microkernels-updated/HETEROGENEOUS_RVV_IME_OPENMP_GEMM/results/openmp_results_k1-rvv_1024_20260904_120220/raw_logs/GEMM_RVV_FP32_INT8_8x4_Baseline_RVV_IGEMM_INT8_I8I32_8x4_igemm_kernel_8x4_zvl256b_lmulmf8_unroll2_i8i32_run3.log",NA,NA,NA,NA,NA,NA,NA
k1_kernel_tuning,RVV,tile_N,16,2026-09-04T12:14:05,k1-rvv,"GEMM_RVV_FP32_INT8_8x4_Baseline","RVV_IGEMM_INT8_I8I32_8x4","igemm_kernel_8x4_zvl256b_lmulmf8_unroll2_i8i32",8x4,256b,mf8,2,INT8_RVV,0-7,8,8,1024,1024,1024,16,4,OK,0,NONE,0.131647836,GOPS,16.312335,parallel_tiles_including_required_packing,DISABLED,0,0,"0:cpu0:tiles8;1:cpu1:tiles8;2:cpu2:tiles8;3:cpu3:tiles8;4:cpu4:tiles8;5:cpu5:tiles8;6:cpu6:tiles8;7:cpu7:tiles8","NA",static,0,"NA","NA","/home/bananapi/MAT/kernels riscv rvv 1.0/FINAL/riscv-rvv-ime-gemm-microkernels-updated/HETEROGENEOUS_RVV_IME_OPENMP_GEMM/results/openmp_results_k1-rvv_1024_20260904_120220/raw_logs/GEMM_RVV_FP32_INT8_8x4_Baseline_RVV_IGEMM_INT8_I8I32_8x4_igemm_kernel_8x4_zvl256b_lmulmf8_unroll2_i8i32_run4.log",NA,NA,NA,NA,NA,NA,NA
k1_kernel_tuning,RVV,tile_N,16,2026-09-04T12:14:06,k1-rvv,"GEMM_RVV_FP32_INT8_8x4_Baseline","RVV_IGEMM_INT8_I8I32_8x4","igemm_kernel_8x4_zvl256b_lmulmf8_unroll2_i8i32",8x4,256b,mf8,2,INT8_RVV,0-7,8,8,1024,1024,1024,16,5,OK,0,NONE,0.137657959,GOPS,15.600142,parallel_tiles_including_required_packing,DISABLED,0,0,"0:cpu0:tiles8;1:cpu1:tiles8;2:cpu2:tiles8;3:cpu3:tiles8;4:cpu4:tiles8;5:cpu5:tiles8;6:cpu6:tiles8;7:cpu7:tiles8","NA",static,0,"NA","NA","/home/bananapi/MAT/kernels riscv rvv 1.0/FINAL/riscv-rvv-ime-gemm-microkernels-updated/HETEROGENEOUS_RVV_IME_OPENMP_GEMM/results/openmp_results_k1-rvv_1024_20260904_120220/raw_logs/GEMM_RVV_FP32_INT8_8x4_Baseline_RVV_IGEMM_INT8_I8I32_8x4_igemm_kernel_8x4_zvl256b_lmulmf8_unroll2_i8i32_run5.log",NA,NA,NA,NA,NA,NA,NA
k1_kernel_tuning,RVV,tile_N,16,2026-09-04T12:14:06,k1-rvv,"GEMM_RVV_FP32_INT8_8x4_Baseline","RVV_IGEMM_INT8_I8I32_8x4","igemm_kernel_8x4_zvl256b_lmulmf8_unroll2_i8i32",8x4,256b,mf8,2,INT8_RVV,0-7,8,8,1024,1024,1024,16,6,OK,0,NONE,0.133689750,GOPS,16.063188,parallel_tiles_including_required_packing,DISABLED,0,0,"0:cpu0:tiles8;1:cpu1:tiles8;2:cpu2:tiles8;3:cpu3:tiles8;4:cpu4:tiles8;5:cpu5:tiles8;6:cpu6:tiles8;7:cpu7:tiles8","NA",static,0,"NA","NA","/home/bananapi/MAT/kernels riscv rvv 1.0/FINAL/riscv-rvv-ime-gemm-microkernels-updated/HETEROGENEOUS_RVV_IME_OPENMP_GEMM/results/openmp_results_k1-rvv_1024_20260904_120220/raw_logs/GEMM_RVV_FP32_INT8_8x4_Baseline_RVV_IGEMM_INT8_I8I32_8x4_igemm_kernel_8x4_zvl256b_lmulmf8_unroll2_i8i32_run6.log",NA,NA,NA,NA,NA,NA,NA
k1_kernel_tuning,RVV,tile_N,16,2026-09-04T12:14:41,k1-rvv,"GEMM_RVV_FP32_INT8_8x4_Baseline","RVV_IGEMM_INT8_I8I32_8x4","igemm_kernel_8x4_zvl256b_lmulmf8_unroll4_i8i32",8x4,256b,mf8,4,INT8_RVV,0-7,8,8,1024,1024,1024,16,1,OK,0,NONE,0.133866251,GOPS,16.042009,parallel_tiles_including_required_packing,INDEPENDENT_INT64_REFERENCE_EXACT_INT32,0,0,"0:cpu0:tiles8;1:cpu1:tiles8;2:cpu2:tiles8;3:cpu3:tiles8;4:cpu4:tiles8;5:cpu5:tiles8;6:cpu6:tiles8;7:cpu7:tiles8","NA",static,0,"NA","NA","/home/bananapi/MAT/kernels riscv rvv 1.0/FINAL/riscv-rvv-ime-gemm-microkernels-updated/HETEROGENEOUS_RVV_IME_OPENMP_GEMM/results/openmp_results_k1-rvv_1024_20260904_120220/raw_logs/GEMM_RVV_FP32_INT8_8x4_Baseline_RVV_IGEMM_INT8_I8I32_8x4_igemm_kernel_8x4_zvl256b_lmulmf8_unroll4_i8i32_run1.log",NA,NA,NA,NA,NA,NA,NA
k1_kernel_tuning,RVV,tile_N,16,2026-09-04T12:14:42,k1-rvv,"GEMM_RVV_FP32_INT8_8x4_Baseline","RVV_IGEMM_INT8_I8I32_8x4","igemm_kernel_8x4_zvl256b_lmulmf8_unroll4_i8i32",8x4,256b,mf8,4,INT8_RVV,0-7,8,8,1024,1024,1024,16,2,OK,0,NONE,0.137447294,GOPS,15.624052,parallel_tiles_including_required_packing,DISABLED,0,0,"0:cpu0:tiles8;1:cpu1:tiles8;2:cpu2:tiles8;3:cpu3:tiles8;4:cpu4:tiles8;5:cpu5:tiles8;6:cpu6:tiles8;7:cpu7:tiles8","NA",static,0,"NA","NA","/home/bananapi/MAT/kernels riscv rvv 1.0/FINAL/riscv-rvv-ime-gemm-microkernels-updated/HETEROGENEOUS_RVV_IME_OPENMP_GEMM/results/openmp_results_k1-rvv_1024_20260904_120220/raw_logs/GEMM_RVV_FP32_INT8_8x4_Baseline_RVV_IGEMM_INT8_I8I32_8x4_igemm_kernel_8x4_zvl256b_lmulmf8_unroll4_i8i32_run2.log",NA,NA,NA,NA,NA,NA,NA
k1_kernel_tuning,RVV,tile_N,16,2026-09-04T12:14:43,k1-rvv,"GEMM_RVV_FP32_INT8_8x4_Baseline","RVV_IGEMM_INT8_I8I32_8x4","igemm_kernel_8x4_zvl256b_lmulmf8_unroll4_i8i32",8x4,256b,mf8,4,INT8_RVV,0-7,8,8,1024,1024,1024,16,3,OK,0,NONE,0.142929997,GOPS,15.024723,parallel_tiles_including_required_packing,DISABLED,0,0,"0:cpu0:tiles8;1:cpu1:tiles8;2:cpu2:tiles8;3:cpu3:tiles8;4:cpu4:tiles8;5:cpu5:tiles8;6:cpu6:tiles8;7:cpu7:tiles8","NA",static,0,"NA","NA","/home/bananapi/MAT/kernels riscv rvv 1.0/FINAL/riscv-rvv-ime-gemm-microkernels-updated/HETEROGENEOUS_RVV_IME_OPENMP_GEMM/results/openmp_results_k1-rvv_1024_20260904_120220/raw_logs/GEMM_RVV_FP32_INT8_8x4_Baseline_RVV_IGEMM_INT8_I8I32_8x4_igemm_kernel_8x4_zvl256b_lmulmf8_unroll4_i8i32_run3.log",NA,NA,NA,NA,NA,NA,NA
k1_kernel_tuning,RVV,tile_N,16,2026-09-04T12:14:43,k1-rvv,"GEMM_RVV_FP32_INT8_8x4_Baseline","RVV_IGEMM_INT8_I8I32_8x4","igemm_kernel_8x4_zvl256b_lmulmf8_unroll4_i8i32",8x4,256b,mf8,4,INT8_RVV,0-7,8,8,1024,1024,1024,16,4,OK,0,NONE,0.138012167,GOPS,15.560104,parallel_tiles_including_required_packing,DISABLED,0,0,"0:cpu0:tiles8;1:cpu1:tiles8;2:cpu2:tiles8;3:cpu3:tiles8;4:cpu4:tiles8;5:cpu5:tiles8;6:cpu6:tiles8;7:cpu7:tiles8","NA",static,0,"NA","NA","/home/bananapi/MAT/kernels riscv rvv 1.0/FINAL/riscv-rvv-ime-gemm-microkernels-updated/HETEROGENEOUS_RVV_IME_OPENMP_GEMM/results/openmp_results_k1-rvv_1024_20260904_120220/raw_logs/GEMM_RVV_FP32_INT8_8x4_Baseline_RVV_IGEMM_INT8_I8I32_8x4_igemm_kernel_8x4_zvl256b_lmulmf8_unroll4_i8i32_run4.log",NA,NA,NA,NA,NA,NA,NA
k1_kernel_tuning,RVV,tile_N,16,2026-09-04T12:14:44,k1-rvv,"GEMM_RVV_FP32_INT8_8x4_Baseline","RVV_IGEMM_INT8_I8I32_8x4","igemm_kernel_8x4_zvl256b_lmulmf8_unroll4_i8i32",8x4,256b,mf8,4,INT8_RVV,0-7,8,8,1024,1024,1024,16,5,OK,0,NONE,0.138017461,GOPS,15.559507,parallel_tiles_including_required_packing,DISABLED,0,0,"0:cpu0:tiles8;1:cpu1:tiles8;2:cpu2:tiles8;3:cpu3:tiles8;4:cpu4:tiles8;5:cpu5:tiles8;6:cpu6:tiles8;7:cpu7:tiles8","NA",static,0,"NA","NA","/home/bananapi/MAT/kernels riscv rvv 1.0/FINAL/riscv-rvv-ime-gemm-microkernels-updated/HETEROGENEOUS_RVV_IME_OPENMP_GEMM/results/openmp_results_k1-rvv_1024_20260904_120220/raw_logs/GEMM_RVV_FP32_INT8_8x4_Baseline_RVV_IGEMM_INT8_I8I32_8x4_igemm_kernel_8x4_zvl256b_lmulmf8_unroll4_i8i32_run5.log",NA,NA,NA,NA,NA,NA,NA
k1_kernel_tuning,RVV,tile_N,16,2026-09-04T12:14:44,k1-rvv,"GEMM_RVV_FP32_INT8_8x4_Baseline","RVV_IGEMM_INT8_I8I32_8x4","igemm_kernel_8x4_zvl256b_lmulmf8_unroll4_i8i32",8x4,256b,mf8,4,INT8_RVV,0-7,8,8,1024,1024,1024,16,6,OK,0,NONE,0.149261750,GOPS,14.387367,parallel_tiles_including_required_packing,DISABLED,0,0,"0:cpu0:tiles8;1:cpu1:tiles8;2:cpu2:tiles8;3:cpu3:tiles8;4:cpu4:tiles8;5:cpu5:tiles8;6:cpu6:tiles8;7:cpu7:tiles8","NA",static,0,"NA","NA","/home/bananapi/MAT/kernels riscv rvv 1.0/FINAL/riscv-rvv-ime-gemm-microkernels-updated/HETEROGENEOUS_RVV_IME_OPENMP_GEMM/results/openmp_results_k1-rvv_1024_20260904_120220/raw_logs/GEMM_RVV_FP32_INT8_8x4_Baseline_RVV_IGEMM_INT8_I8I32_8x4_igemm_kernel_8x4_zvl256b_lmulmf8_unroll4_i8i32_run6.log",NA,NA,NA,NA,NA,NA,NA
k1_kernel_tuning,RVV,tile_N,16,2026-09-04T12:15:13,k1-rvv,"GEMM_RVV_FP32_INT8_8x4_Baseline","RVV_IGEMM_INT8_I8I32_8x4","igemm_kernel_8x4_zvl256b_lmulmf8_unroll8_i8i32",8x4,256b,mf8,8,INT8_RVV,0-7,8,8,1024,1024,1024,16,1,OK,0,NONE,0.141677789,GOPS,15.157518,parallel_tiles_including_required_packing,INDEPENDENT_INT64_REFERENCE_EXACT_INT32,0,0,"0:cpu0:tiles8;1:cpu1:tiles8;2:cpu2:tiles8;3:cpu3:tiles8;4:cpu4:tiles8;5:cpu5:tiles8;6:cpu6:tiles8;7:cpu7:tiles8","NA",static,0,"NA","NA","/home/bananapi/MAT/kernels riscv rvv 1.0/FINAL/riscv-rvv-ime-gemm-microkernels-updated/HETEROGENEOUS_RVV_IME_OPENMP_GEMM/results/openmp_results_k1-rvv_1024_20260904_120220/raw_logs/GEMM_RVV_FP32_INT8_8x4_Baseline_RVV_IGEMM_INT8_I8I32_8x4_igemm_kernel_8x4_zvl256b_lmulmf8_unroll8_i8i32_run1.log",NA,NA,NA,NA,NA,NA,NA
k1_kernel_tuning,RVV,tile_N,16,2026-09-04T12:15:14,k1-rvv,"GEMM_RVV_FP32_INT8_8x4_Baseline","RVV_IGEMM_INT8_I8I32_8x4","igemm_kernel_8x4_zvl256b_lmulmf8_unroll8_i8i32",8x4,256b,mf8,8,INT8_RVV,0-7,8,8,1024,1024,1024,16,2,OK,0,NONE,0.138666667,GOPS,15.486661,parallel_tiles_including_required_packing,DISABLED,0,0,"0:cpu0:tiles8;1:cpu1:tiles8;2:cpu2:tiles8;3:cpu3:tiles8;4:cpu4:tiles8;5:cpu5:tiles8;6:cpu6:tiles8;7:cpu7:tiles8","NA",static,0,"NA","NA","/home/bananapi/MAT/kernels riscv rvv 1.0/FINAL/riscv-rvv-ime-gemm-microkernels-updated/HETEROGENEOUS_RVV_IME_OPENMP_GEMM/results/openmp_results_k1-rvv_1024_20260904_120220/raw_logs/GEMM_RVV_FP32_INT8_8x4_Baseline_RVV_IGEMM_INT8_I8I32_8x4_igemm_kernel_8x4_zvl256b_lmulmf8_unroll8_i8i32_run2.log",NA,NA,NA,NA,NA,NA,NA
k1_kernel_tuning,RVV,tile_N,16,2026-09-04T12:15:15,k1-rvv,"GEMM_RVV_FP32_INT8_8x4_Baseline","RVV_IGEMM_INT8_I8I32_8x4","igemm_kernel_8x4_zvl256b_lmulmf8_unroll8_i8i32",8x4,256b,mf8,8,INT8_RVV,0-7,8,8,1024,1024,1024,16,3,OK,0,NONE,0.139451750,GOPS,15.399474,parallel_tiles_including_required_packing,DISABLED,0,0,"0:cpu0:tiles8;1:cpu1:tiles8;2:cpu2:tiles8;3:cpu3:tiles8;4:cpu4:tiles8;5:cpu5:tiles8;6:cpu6:tiles8;7:cpu7:tiles8","NA",static,0,"NA","NA","/home/bananapi/MAT/kernels riscv rvv 1.0/FINAL/riscv-rvv-ime-gemm-microkernels-updated/HETEROGENEOUS_RVV_IME_OPENMP_GEMM/results/openmp_results_k1-rvv_1024_20260904_120220/raw_logs/GEMM_RVV_FP32_INT8_8x4_Baseline_RVV_IGEMM_INT8_I8I32_8x4_igemm_kernel_8x4_zvl256b_lmulmf8_unroll8_i8i32_run3.log",NA,NA,NA,NA,NA,NA,NA
k1_kernel_tuning,RVV,tile_N,16,2026-09-04T12:15:15,k1-rvv,"GEMM_RVV_FP32_INT8_8x4_Baseline","RVV_IGEMM_INT8_I8I32_8x4","igemm_kernel_8x4_zvl256b_lmulmf8_unroll8_i8i32",8x4,256b,mf8,8,INT8_RVV,0-7,8,8,1024,1024,1024,16,4,OK,0,NONE,0.133989085,GOPS,16.027303,parallel_tiles_including_required_packing,DISABLED,0,0,"0:cpu0:tiles8;1:cpu1:tiles8;2:cpu2:tiles8;3:cpu3:tiles8;4:cpu4:tiles8;5:cpu5:tiles8;6:cpu6:tiles8;7:cpu7:tiles8","NA",static,0,"NA","NA","/home/bananapi/MAT/kernels riscv rvv 1.0/FINAL/riscv-rvv-ime-gemm-microkernels-updated/HETEROGENEOUS_RVV_IME_OPENMP_GEMM/results/openmp_results_k1-rvv_1024_20260904_120220/raw_logs/GEMM_RVV_FP32_INT8_8x4_Baseline_RVV_IGEMM_INT8_I8I32_8x4_igemm_kernel_8x4_zvl256b_lmulmf8_unroll8_i8i32_run4.log",NA,NA,NA,NA,NA,NA,NA
k1_kernel_tuning,RVV,tile_N,16,2026-09-04T12:15:16,k1-rvv,"GEMM_RVV_FP32_INT8_8x4_Baseline","RVV_IGEMM_INT8_I8I32_8x4","igemm_kernel_8x4_zvl256b_lmulmf8_unroll8_i8i32",8x4,256b,mf8,8,INT8_RVV,0-7,8,8,1024,1024,1024,16,5,OK,0,NONE,0.133364376,GOPS,16.102378,parallel_tiles_including_required_packing,DISABLED,0,0,"0:cpu0:tiles8;1:cpu1:tiles8;2:cpu2:tiles8;3:cpu3:tiles8;4:cpu4:tiles8;5:cpu5:tiles8;6:cpu6:tiles8;7:cpu7:tiles8","NA",static,0,"NA","NA","/home/bananapi/MAT/kernels riscv rvv 1.0/FINAL/riscv-rvv-ime-gemm-microkernels-updated/HETEROGENEOUS_RVV_IME_OPENMP_GEMM/results/openmp_results_k1-rvv_1024_20260904_120220/raw_logs/GEMM_RVV_FP32_INT8_8x4_Baseline_RVV_IGEMM_INT8_I8I32_8x4_igemm_kernel_8x4_zvl256b_lmulmf8_unroll8_i8i32_run5.log",NA,NA,NA,NA,NA,NA,NA
k1_kernel_tuning,RVV,tile_N,16,2026-09-04T12:15:16,k1-rvv,"GEMM_RVV_FP32_INT8_8x4_Baseline","RVV_IGEMM_INT8_I8I32_8x4","igemm_kernel_8x4_zvl256b_lmulmf8_unroll8_i8i32",8x4,256b,mf8,8,INT8_RVV,0-7,8,8,1024,1024,1024,16,6,OK,0,NONE,0.137687750,GOPS,15.596766,parallel_tiles_including_required_packing,DISABLED,0,0,"0:cpu0:tiles8;1:cpu1:tiles8;2:cpu2:tiles8;3:cpu3:tiles8;4:cpu4:tiles8;5:cpu5:tiles8;6:cpu6:tiles8;7:cpu7:tiles8","NA",static,0,"NA","NA","/home/bananapi/MAT/kernels riscv rvv 1.0/FINAL/riscv-rvv-ime-gemm-microkernels-updated/HETEROGENEOUS_RVV_IME_OPENMP_GEMM/results/openmp_results_k1-rvv_1024_20260904_120220/raw_logs/GEMM_RVV_FP32_INT8_8x4_Baseline_RVV_IGEMM_INT8_I8I32_8x4_igemm_kernel_8x4_zvl256b_lmulmf8_unroll8_i8i32_run6.log",NA,NA,NA,NA,NA,NA,NA
k1_kernel_tuning,RVV,tile_N,16,2026-09-04T12:15:56,k1-rvv,"GEMM_RVV_FP32_INT8_8x8_Baseline","RVV_IGEMM_INT8_I8I32_8x8","igemm_kernel_8x8_zvl256b_lmul1_unroll1_i8i32",8x8,256b,1,1,INT8_RVV,0-7,8,8,1024,1024,1024,16,1,OK,0,NONE,0.204718832,GOPS,10.489917,parallel_tiles_including_required_packing,INDEPENDENT_INT64_REFERENCE_EXACT_INT32,0,0,"0:cpu0:tiles8;1:cpu1:tiles8;2:cpu2:tiles8;3:cpu3:tiles8;4:cpu4:tiles8;5:cpu5:tiles8;6:cpu6:tiles8;7:cpu7:tiles8","NA",static,0,"NA","NA","/home/bananapi/MAT/kernels riscv rvv 1.0/FINAL/riscv-rvv-ime-gemm-microkernels-updated/HETEROGENEOUS_RVV_IME_OPENMP_GEMM/results/openmp_results_k1-rvv_1024_20260904_120220/raw_logs/GEMM_RVV_FP32_INT8_8x8_Baseline_RVV_IGEMM_INT8_I8I32_8x8_igemm_kernel_8x8_zvl256b_lmul1_unroll1_i8i32_run1.log",NA,NA,NA,NA,NA,NA,NA
k1_kernel_tuning,RVV,tile_N,16,2026-09-04T12:15:57,k1-rvv,"GEMM_RVV_FP32_INT8_8x8_Baseline","RVV_IGEMM_INT8_I8I32_8x8","igemm_kernel_8x8_zvl256b_lmul1_unroll1_i8i32",8x8,256b,1,1,INT8_RVV,0-7,8,8,1024,1024,1024,16,2,OK,0,NONE,0.210137170,GOPS,10.219437,parallel_tiles_including_required_packing,DISABLED,0,0,"0:cpu0:tiles8;1:cpu1:tiles8;2:cpu2:tiles8;3:cpu3:tiles8;4:cpu4:tiles8;5:cpu5:tiles8;6:cpu6:tiles8;7:cpu7:tiles8","NA",static,0,"NA","NA","/home/bananapi/MAT/kernels riscv rvv 1.0/FINAL/riscv-rvv-ime-gemm-microkernels-updated/HETEROGENEOUS_RVV_IME_OPENMP_GEMM/results/openmp_results_k1-rvv_1024_20260904_120220/raw_logs/GEMM_RVV_FP32_INT8_8x8_Baseline_RVV_IGEMM_INT8_I8I32_8x8_igemm_kernel_8x8_zvl256b_lmul1_unroll1_i8i32_run2.log",NA,NA,NA,NA,NA,NA,NA
k1_kernel_tuning,RVV,tile_N,16,2026-09-04T12:15:58,k1-rvv,"GEMM_RVV_FP32_INT8_8x8_Baseline","RVV_IGEMM_INT8_I8I32_8x8","igemm_kernel_8x8_zvl256b_lmul1_unroll1_i8i32",8x8,256b,1,1,INT8_RVV,0-7,8,8,1024,1024,1024,16,3,OK,0,NONE,0.209925499,GOPS,10.229742,parallel_tiles_including_required_packing,DISABLED,0,0,"0:cpu0:tiles8;1:cpu1:tiles8;2:cpu2:tiles8;3:cpu3:tiles8;4:cpu4:tiles8;5:cpu5:tiles8;6:cpu6:tiles8;7:cpu7:tiles8","NA",static,0,"NA","NA","/home/bananapi/MAT/kernels riscv rvv 1.0/FINAL/riscv-rvv-ime-gemm-microkernels-updated/HETEROGENEOUS_RVV_IME_OPENMP_GEMM/results/openmp_results_k1-rvv_1024_20260904_120220/raw_logs/GEMM_RVV_FP32_INT8_8x8_Baseline_RVV_IGEMM_INT8_I8I32_8x8_igemm_kernel_8x8_zvl256b_lmul1_unroll1_i8i32_run3.log",NA,NA,NA,NA,NA,NA,NA
k1_kernel_tuning,RVV,tile_N,16,2026-09-04T12:15:58,k1-rvv,"GEMM_RVV_FP32_INT8_8x8_Baseline","RVV_IGEMM_INT8_I8I32_8x8","igemm_kernel_8x8_zvl256b_lmul1_unroll1_i8i32",8x8,256b,1,1,INT8_RVV,0-7,8,8,1024,1024,1024,16,4,OK,0,NONE,0.205835331,GOPS,10.433018,parallel_tiles_including_required_packing,DISABLED,0,0,"0:cpu0:tiles8;1:cpu1:tiles8;2:cpu2:tiles8;3:cpu3:tiles8;4:cpu4:tiles8;5:cpu5:tiles8;6:cpu6:tiles8;7:cpu7:tiles8","NA",static,0,"NA","NA","/home/bananapi/MAT/kernels riscv rvv 1.0/FINAL/riscv-rvv-ime-gemm-microkernels-updated/HETEROGENEOUS_RVV_IME_OPENMP_GEMM/results/openmp_results_k1-rvv_1024_20260904_120220/raw_logs/GEMM_RVV_FP32_INT8_8x8_Baseline_RVV_IGEMM_INT8_I8I32_8x8_igemm_kernel_8x8_zvl256b_lmul1_unroll1_i8i32_run4.log",NA,NA,NA,NA,NA,NA,NA
k1_kernel_tuning,RVV,tile_N,16,2026-09-04T12:15:59,k1-rvv,"GEMM_RVV_FP32_INT8_8x8_Baseline","RVV_IGEMM_INT8_I8I32_8x8","igemm_kernel_8x8_zvl256b_lmul1_unroll1_i8i32",8x8,256b,1,1,INT8_RVV,0-7,8,8,1024,1024,1024,16,5,OK,0,NONE,0.203040961,GOPS,10.576603,parallel_tiles_including_required_packing,DISABLED,0,0,"0:cpu0:tiles8;1:cpu1:tiles8;2:cpu2:tiles8;3:cpu3:tiles8;4:cpu4:tiles8;5:cpu5:tiles8;6:cpu6:tiles8;7:cpu7:tiles8","NA",static,0,"NA","NA","/home/bananapi/MAT/kernels riscv rvv 1.0/FINAL/riscv-rvv-ime-gemm-microkernels-updated/HETEROGENEOUS_RVV_IME_OPENMP_GEMM/results/openmp_results_k1-rvv_1024_20260904_120220/raw_logs/GEMM_RVV_FP32_INT8_8x8_Baseline_RVV_IGEMM_INT8_I8I32_8x8_igemm_kernel_8x8_zvl256b_lmul1_unroll1_i8i32_run5.log",NA,NA,NA,NA,NA,NA,NA
k1_kernel_tuning,RVV,tile_N,16,2026-09-04T12:16:00,k1-rvv,"GEMM_RVV_FP32_INT8_8x8_Baseline","RVV_IGEMM_INT8_I8I32_8x8","igemm_kernel_8x8_zvl256b_lmul1_unroll1_i8i32",8x8,256b,1,1,INT8_RVV,0-7,8,8,1024,1024,1024,16,6,OK,0,NONE,0.213257376,GOPS,10.069915,parallel_tiles_including_required_packing,DISABLED,0,0,"0:cpu0:tiles8;1:cpu1:tiles8;2:cpu2:tiles8;3:cpu3:tiles8;4:cpu4:tiles8;5:cpu5:tiles8;6:cpu6:tiles8;7:cpu7:tiles8","NA",static,0,"NA","NA","/home/bananapi/MAT/kernels riscv rvv 1.0/FINAL/riscv-rvv-ime-gemm-microkernels-updated/HETEROGENEOUS_RVV_IME_OPENMP_GEMM/results/openmp_results_k1-rvv_1024_20260904_120220/raw_logs/GEMM_RVV_FP32_INT8_8x8_Baseline_RVV_IGEMM_INT8_I8I32_8x8_igemm_kernel_8x8_zvl256b_lmul1_unroll1_i8i32_run6.log",NA,NA,NA,NA,NA,NA,NA
k1_kernel_tuning,RVV,tile_N,16,2026-09-04T12:16:31,k1-rvv,"GEMM_RVV_FP32_INT8_8x8_Baseline","RVV_IGEMM_INT8_I8I32_8x8","igemm_kernel_8x8_zvl256b_lmul1_unroll2_i8i32",8x8,256b,1,2,INT8_RVV,0-7,8,8,1024,1024,1024,16,1,OK,0,NONE,0.233101919,GOPS,9.212638,parallel_tiles_including_required_packing,INDEPENDENT_INT64_REFERENCE_EXACT_INT32,0,0,"0:cpu0:tiles8;1:cpu1:tiles8;2:cpu2:tiles8;3:cpu3:tiles8;4:cpu4:tiles8;5:cpu5:tiles8;6:cpu6:tiles8;7:cpu7:tiles8","NA",static,0,"NA","NA","/home/bananapi/MAT/kernels riscv rvv 1.0/FINAL/riscv-rvv-ime-gemm-microkernels-updated/HETEROGENEOUS_RVV_IME_OPENMP_GEMM/results/openmp_results_k1-rvv_1024_20260904_120220/raw_logs/GEMM_RVV_FP32_INT8_8x8_Baseline_RVV_IGEMM_INT8_I8I32_8x8_igemm_kernel_8x8_zvl256b_lmul1_unroll2_i8i32_run1.log",NA,NA,NA,NA,NA,NA,NA
k1_kernel_tuning,RVV,tile_N,16,2026-09-04T12:16:32,k1-rvv,"GEMM_RVV_FP32_INT8_8x8_Baseline","RVV_IGEMM_INT8_I8I32_8x8","igemm_kernel_8x8_zvl256b_lmul1_unroll2_i8i32",8x8,256b,1,2,INT8_RVV,0-7,8,8,1024,1024,1024,16,2,OK,0,NONE,0.242688999,GOPS,8.848706,parallel_tiles_including_required_packing,DISABLED,0,0,"0:cpu0:tiles8;1:cpu1:tiles8;2:cpu2:tiles8;3:cpu3:tiles8;4:cpu4:tiles8;5:cpu5:tiles8;6:cpu6:tiles8;7:cpu7:tiles8","NA",static,0,"NA","NA","/home/bananapi/MAT/kernels riscv rvv 1.0/FINAL/riscv-rvv-ime-gemm-microkernels-updated/HETEROGENEOUS_RVV_IME_OPENMP_GEMM/results/openmp_results_k1-rvv_1024_20260904_120220/raw_logs/GEMM_RVV_FP32_INT8_8x8_Baseline_RVV_IGEMM_INT8_I8I32_8x8_igemm_kernel_8x8_zvl256b_lmul1_unroll2_i8i32_run2.log",NA,NA,NA,NA,NA,NA,NA
k1_kernel_tuning,RVV,tile_N,16,2026-09-04T12:16:33,k1-rvv,"GEMM_RVV_FP32_INT8_8x8_Baseline","RVV_IGEMM_INT8_I8I32_8x8","igemm_kernel_8x8_zvl256b_lmul1_unroll2_i8i32",8x8,256b,1,2,INT8_RVV,0-7,8,8,1024,1024,1024,16,3,OK,0,NONE,0.233305711,GOPS,9.204591,parallel_tiles_including_required_packing,DISABLED,0,0,"0:cpu0:tiles8;1:cpu1:tiles8;2:cpu2:tiles8;3:cpu3:tiles8;4:cpu4:tiles8;5:cpu5:tiles8;6:cpu6:tiles8;7:cpu7:tiles8","NA",static,0,"NA","NA","/home/bananapi/MAT/kernels riscv rvv 1.0/FINAL/riscv-rvv-ime-gemm-microkernels-updated/HETEROGENEOUS_RVV_IME_OPENMP_GEMM/results/openmp_results_k1-rvv_1024_20260904_120220/raw_logs/GEMM_RVV_FP32_INT8_8x8_Baseline_RVV_IGEMM_INT8_I8I32_8x8_igemm_kernel_8x8_zvl256b_lmul1_unroll2_i8i32_run3.log",NA,NA,NA,NA,NA,NA,NA
k1_kernel_tuning,RVV,tile_N,16,2026-09-04T12:16:34,k1-rvv,"GEMM_RVV_FP32_INT8_8x8_Baseline","RVV_IGEMM_INT8_I8I32_8x8","igemm_kernel_8x8_zvl256b_lmul1_unroll2_i8i32",8x8,256b,1,2,INT8_RVV,0-7,8,8,1024,1024,1024,16,4,OK,0,NONE,0.238104209,GOPS,9.019091,parallel_tiles_including_required_packing,DISABLED,0,0,"0:cpu0:tiles8;1:cpu1:tiles8;2:cpu2:tiles8;3:cpu3:tiles8;4:cpu4:tiles8;5:cpu5:tiles8;6:cpu6:tiles8;7:cpu7:tiles8","NA",static,0,"NA","NA","/home/bananapi/MAT/kernels riscv rvv 1.0/FINAL/riscv-rvv-ime-gemm-microkernels-updated/HETEROGENEOUS_RVV_IME_OPENMP_GEMM/results/openmp_results_k1-rvv_1024_20260904_120220/raw_logs/GEMM_RVV_FP32_INT8_8x8_Baseline_RVV_IGEMM_INT8_I8I32_8x8_igemm_kernel_8x8_zvl256b_lmul1_unroll2_i8i32_run4.log",NA,NA,NA,NA,NA,NA,NA
k1_kernel_tuning,RVV,tile_N,16,2026-09-04T12:16:34,k1-rvv,"GEMM_RVV_FP32_INT8_8x8_Baseline","RVV_IGEMM_INT8_I8I32_8x8","igemm_kernel_8x8_zvl256b_lmul1_unroll2_i8i32",8x8,256b,1,2,INT8_RVV,0-7,8,8,1024,1024,1024,16,5,OK,0,NONE,0.232678082,GOPS,9.229420,parallel_tiles_including_required_packing,DISABLED,0,0,"0:cpu0:tiles8;1:cpu1:tiles8;2:cpu2:tiles8;3:cpu3:tiles8;4:cpu4:tiles8;5:cpu5:tiles8;6:cpu6:tiles8;7:cpu7:tiles8","NA",static,0,"NA","NA","/home/bananapi/MAT/kernels riscv rvv 1.0/FINAL/riscv-rvv-ime-gemm-microkernels-updated/HETEROGENEOUS_RVV_IME_OPENMP_GEMM/results/openmp_results_k1-rvv_1024_20260904_120220/raw_logs/GEMM_RVV_FP32_INT8_8x8_Baseline_RVV_IGEMM_INT8_I8I32_8x8_igemm_kernel_8x8_zvl256b_lmul1_unroll2_i8i32_run5.log",NA,NA,NA,NA,NA,NA,NA
k1_kernel_tuning,RVV,tile_N,16,2026-09-04T12:16:35,k1-rvv,"GEMM_RVV_FP32_INT8_8x8_Baseline","RVV_IGEMM_INT8_I8I32_8x8","igemm_kernel_8x8_zvl256b_lmul1_unroll2_i8i32",8x8,256b,1,2,INT8_RVV,0-7,8,8,1024,1024,1024,16,6,OK,0,NONE,0.229294710,GOPS,9.365605,parallel_tiles_including_required_packing,DISABLED,0,0,"0:cpu0:tiles8;1:cpu1:tiles8;2:cpu2:tiles8;3:cpu3:tiles8;4:cpu4:tiles8;5:cpu5:tiles8;6:cpu6:tiles8;7:cpu7:tiles8","NA",static,0,"NA","NA","/home/bananapi/MAT/kernels riscv rvv 1.0/FINAL/riscv-rvv-ime-gemm-microkernels-updated/HETEROGENEOUS_RVV_IME_OPENMP_GEMM/results/openmp_results_k1-rvv_1024_20260904_120220/raw_logs/GEMM_RVV_FP32_INT8_8x8_Baseline_RVV_IGEMM_INT8_I8I32_8x8_igemm_kernel_8x8_zvl256b_lmul1_unroll2_i8i32_run6.log",NA,NA,NA,NA,NA,NA,NA
k1_kernel_tuning,RVV,tile_N,16,2026-09-04T12:17:07,k1-rvv,"GEMM_RVV_FP32_INT8_8x8_Baseline","RVV_IGEMM_INT8_I8I32_8x8","igemm_kernel_8x8_zvl256b_lmul1_unroll4_i8i32",8x8,256b,1,4,INT8_RVV,0-7,8,8,1024,1024,1024,16,1,OK,0,NONE,0.228726879,GOPS,9.388856,parallel_tiles_including_required_packing,INDEPENDENT_INT64_REFERENCE_EXACT_INT32,0,0,"0:cpu0:tiles8;1:cpu1:tiles8;2:cpu2:tiles8;3:cpu3:tiles8;4:cpu4:tiles8;5:cpu5:tiles8;6:cpu6:tiles8;7:cpu7:tiles8","NA",static,0,"NA","NA","/home/bananapi/MAT/kernels riscv rvv 1.0/FINAL/riscv-rvv-ime-gemm-microkernels-updated/HETEROGENEOUS_RVV_IME_OPENMP_GEMM/results/openmp_results_k1-rvv_1024_20260904_120220/raw_logs/GEMM_RVV_FP32_INT8_8x8_Baseline_RVV_IGEMM_INT8_I8I32_8x8_igemm_kernel_8x8_zvl256b_lmul1_unroll4_i8i32_run1.log",NA,NA,NA,NA,NA,NA,NA
k1_kernel_tuning,RVV,tile_N,16,2026-09-04T12:17:08,k1-rvv,"GEMM_RVV_FP32_INT8_8x8_Baseline","RVV_IGEMM_INT8_I8I32_8x8","igemm_kernel_8x8_zvl256b_lmul1_unroll4_i8i32",8x8,256b,1,4,INT8_RVV,0-7,8,8,1024,1024,1024,16,2,OK,0,NONE,0.230817210,GOPS,9.303828,parallel_tiles_including_required_packing,DISABLED,0,0,"0:cpu0:tiles8;1:cpu1:tiles8;2:cpu2:tiles8;3:cpu3:tiles8;4:cpu4:tiles8;5:cpu5:tiles8;6:cpu6:tiles8;7:cpu7:tiles8","NA",static,0,"NA","NA","/home/bananapi/MAT/kernels riscv rvv 1.0/FINAL/riscv-rvv-ime-gemm-microkernels-updated/HETEROGENEOUS_RVV_IME_OPENMP_GEMM/results/openmp_results_k1-rvv_1024_20260904_120220/raw_logs/GEMM_RVV_FP32_INT8_8x8_Baseline_RVV_IGEMM_INT8_I8I32_8x8_igemm_kernel_8x8_zvl256b_lmul1_unroll4_i8i32_run2.log",NA,NA,NA,NA,NA,NA,NA
k1_kernel_tuning,RVV,tile_N,16,2026-09-04T12:17:09,k1-rvv,"GEMM_RVV_FP32_INT8_8x8_Baseline","RVV_IGEMM_INT8_I8I32_8x8","igemm_kernel_8x8_zvl256b_lmul1_unroll4_i8i32",8x8,256b,1,4,INT8_RVV,0-7,8,8,1024,1024,1024,16,3,OK,0,NONE,0.224101208,GOPS,9.582651,parallel_tiles_including_required_packing,DISABLED,0,0,"0:cpu0:tiles8;1:cpu1:tiles8;2:cpu2:tiles8;3:cpu3:tiles8;4:cpu4:tiles8;5:cpu5:tiles8;6:cpu6:tiles8;7:cpu7:tiles8","NA",static,0,"NA","NA","/home/bananapi/MAT/kernels riscv rvv 1.0/FINAL/riscv-rvv-ime-gemm-microkernels-updated/HETEROGENEOUS_RVV_IME_OPENMP_GEMM/results/openmp_results_k1-rvv_1024_20260904_120220/raw_logs/GEMM_RVV_FP32_INT8_8x8_Baseline_RVV_IGEMM_INT8_I8I32_8x8_igemm_kernel_8x8_zvl256b_lmul1_unroll4_i8i32_run3.log",NA,NA,NA,NA,NA,NA,NA
k1_kernel_tuning,RVV,tile_N,16,2026-09-04T12:17:09,k1-rvv,"GEMM_RVV_FP32_INT8_8x8_Baseline","RVV_IGEMM_INT8_I8I32_8x8","igemm_kernel_8x8_zvl256b_lmul1_unroll4_i8i32",8x8,256b,1,4,INT8_RVV,0-7,8,8,1024,1024,1024,16,4,OK,0,NONE,0.227803499,GOPS,9.426913,parallel_tiles_including_required_packing,DISABLED,0,0,"0:cpu0:tiles8;1:cpu1:tiles8;2:cpu2:tiles8;3:cpu3:tiles8;4:cpu4:tiles8;5:cpu5:tiles8;6:cpu6:tiles8;7:cpu7:tiles8","NA",static,0,"NA","NA","/home/bananapi/MAT/kernels riscv rvv 1.0/FINAL/riscv-rvv-ime-gemm-microkernels-updated/HETEROGENEOUS_RVV_IME_OPENMP_GEMM/results/openmp_results_k1-rvv_1024_20260904_120220/raw_logs/GEMM_RVV_FP32_INT8_8x8_Baseline_RVV_IGEMM_INT8_I8I32_8x8_igemm_kernel_8x8_zvl256b_lmul1_unroll4_i8i32_run4.log",NA,NA,NA,NA,NA,NA,NA
k1_kernel_tuning,RVV,tile_N,16,2026-09-04T12:17:10,k1-rvv,"GEMM_RVV_FP32_INT8_8x8_Baseline","RVV_IGEMM_INT8_I8I32_8x8","igemm_kernel_8x8_zvl256b_lmul1_unroll4_i8i32",8x8,256b,1,4,INT8_RVV,0-7,8,8,1024,1024,1024,16,5,OK,0,NONE,0.237418458,GOPS,9.045142,parallel_tiles_including_required_packing,DISABLED,0,0,"0:cpu0:tiles8;1:cpu1:tiles8;2:cpu2:tiles8;3:cpu3:tiles8;4:cpu4:tiles8;5:cpu5:tiles8;6:cpu6:tiles8;7:cpu7:tiles8","NA",static,0,"NA","NA","/home/bananapi/MAT/kernels riscv rvv 1.0/FINAL/riscv-rvv-ime-gemm-microkernels-updated/HETEROGENEOUS_RVV_IME_OPENMP_GEMM/results/openmp_results_k1-rvv_1024_20260904_120220/raw_logs/GEMM_RVV_FP32_INT8_8x8_Baseline_RVV_IGEMM_INT8_I8I32_8x8_igemm_kernel_8x8_zvl256b_lmul1_unroll4_i8i32_run5.log",NA,NA,NA,NA,NA,NA,NA
k1_kernel_tuning,RVV,tile_N,16,2026-09-04T12:17:11,k1-rvv,"GEMM_RVV_FP32_INT8_8x8_Baseline","RVV_IGEMM_INT8_I8I32_8x8","igemm_kernel_8x8_zvl256b_lmul1_unroll4_i8i32",8x8,256b,1,4,INT8_RVV,0-7,8,8,1024,1024,1024,16,6,OK,0,NONE,0.235955417,GOPS,9.101226,parallel_tiles_including_required_packing,DISABLED,0,0,"0:cpu0:tiles8;1:cpu1:tiles8;2:cpu2:tiles8;3:cpu3:tiles8;4:cpu4:tiles8;5:cpu5:tiles8;6:cpu6:tiles8;7:cpu7:tiles8","NA",static,0,"NA","NA","/home/bananapi/MAT/kernels riscv rvv 1.0/FINAL/riscv-rvv-ime-gemm-microkernels-updated/HETEROGENEOUS_RVV_IME_OPENMP_GEMM/results/openmp_results_k1-rvv_1024_20260904_120220/raw_logs/GEMM_RVV_FP32_INT8_8x8_Baseline_RVV_IGEMM_INT8_I8I32_8x8_igemm_kernel_8x8_zvl256b_lmul1_unroll4_i8i32_run6.log",NA,NA,NA,NA,NA,NA,NA
k1_kernel_tuning,RVV,tile_N,16,2026-09-04T12:17:44,k1-rvv,"GEMM_RVV_FP32_INT8_8x8_Baseline","RVV_IGEMM_INT8_I8I32_8x8","igemm_kernel_8x8_zvl256b_lmul1_unroll8_i8i32",8x8,256b,1,8,INT8_RVV,0-7,8,8,1024,1024,1024,16,1,OK,0,NONE,0.209210042,GOPS,10.264725,parallel_tiles_including_required_packing,INDEPENDENT_INT64_REFERENCE_EXACT_INT32,0,0,"0:cpu0:tiles8;1:cpu1:tiles8;2:cpu2:tiles8;3:cpu3:tiles8;4:cpu4:tiles8;5:cpu5:tiles8;6:cpu6:tiles8;7:cpu7:tiles8","NA",static,0,"NA","NA","/home/bananapi/MAT/kernels riscv rvv 1.0/FINAL/riscv-rvv-ime-gemm-microkernels-updated/HETEROGENEOUS_RVV_IME_OPENMP_GEMM/results/openmp_results_k1-rvv_1024_20260904_120220/raw_logs/GEMM_RVV_FP32_INT8_8x8_Baseline_RVV_IGEMM_INT8_I8I32_8x8_igemm_kernel_8x8_zvl256b_lmul1_unroll8_i8i32_run1.log",NA,NA,NA,NA,NA,NA,NA
k1_kernel_tuning,RVV,tile_N,16,2026-09-04T12:17:45,k1-rvv,"GEMM_RVV_FP32_INT8_8x8_Baseline","RVV_IGEMM_INT8_I8I32_8x8","igemm_kernel_8x8_zvl256b_lmul1_unroll8_i8i32",8x8,256b,1,8,INT8_RVV,0-7,8,8,1024,1024,1024,16,2,OK,0,NONE,0.220624499,GOPS,9.733659,parallel_tiles_including_required_packing,DISABLED,0,0,"0:cpu0:tiles8;1:cpu1:tiles8;2:cpu2:tiles8;3:cpu3:tiles8;4:cpu4:tiles8;5:cpu5:tiles8;6:cpu6:tiles8;7:cpu7:tiles8","NA",static,0,"NA","NA","/home/bananapi/MAT/kernels riscv rvv 1.0/FINAL/riscv-rvv-ime-gemm-microkernels-updated/HETEROGENEOUS_RVV_IME_OPENMP_GEMM/results/openmp_results_k1-rvv_1024_20260904_120220/raw_logs/GEMM_RVV_FP32_INT8_8x8_Baseline_RVV_IGEMM_INT8_I8I32_8x8_igemm_kernel_8x8_zvl256b_lmul1_unroll8_i8i32_run2.log",NA,NA,NA,NA,NA,NA,NA
k1_kernel_tuning,RVV,tile_N,16,2026-09-04T12:17:46,k1-rvv,"GEMM_RVV_FP32_INT8_8x8_Baseline","RVV_IGEMM_INT8_I8I32_8x8","igemm_kernel_8x8_zvl256b_lmul1_unroll8_i8i32",8x8,256b,1,8,INT8_RVV,0-7,8,8,1024,1024,1024,16,3,OK,0,NONE,0.220062833,GOPS,9.758502,parallel_tiles_including_required_packing,DISABLED,0,0,"0:cpu0:tiles8;1:cpu1:tiles8;2:cpu2:tiles8;3:cpu3:tiles8;4:cpu4:tiles8;5:cpu5:tiles8;6:cpu6:tiles8;7:cpu7:tiles8","NA",static,0,"NA","NA","/home/bananapi/MAT/kernels riscv rvv 1.0/FINAL/riscv-rvv-ime-gemm-microkernels-updated/HETEROGENEOUS_RVV_IME_OPENMP_GEMM/results/openmp_results_k1-rvv_1024_20260904_120220/raw_logs/GEMM_RVV_FP32_INT8_8x8_Baseline_RVV_IGEMM_INT8_I8I32_8x8_igemm_kernel_8x8_zvl256b_lmul1_unroll8_i8i32_run3.log",NA,NA,NA,NA,NA,NA,NA
k1_kernel_tuning,RVV,tile_N,16,2026-09-04T12:17:47,k1-rvv,"GEMM_RVV_FP32_INT8_8x8_Baseline","RVV_IGEMM_INT8_I8I32_8x8","igemm_kernel_8x8_zvl256b_lmul1_unroll8_i8i32",8x8,256b,1,8,INT8_RVV,0-7,8,8,1024,1024,1024,16,4,OK,0,NONE,0.211587042,GOPS,10.149410,parallel_tiles_including_required_packing,DISABLED,0,0,"0:cpu0:tiles8;1:cpu1:tiles8;2:cpu2:tiles8;3:cpu3:tiles8;4:cpu4:tiles8;5:cpu5:tiles8;6:cpu6:tiles8;7:cpu7:tiles8","NA",static,0,"NA","NA","/home/bananapi/MAT/kernels riscv rvv 1.0/FINAL/riscv-rvv-ime-gemm-microkernels-updated/HETEROGENEOUS_RVV_IME_OPENMP_GEMM/results/openmp_results_k1-rvv_1024_20260904_120220/raw_logs/GEMM_RVV_FP32_INT8_8x8_Baseline_RVV_IGEMM_INT8_I8I32_8x8_igemm_kernel_8x8_zvl256b_lmul1_unroll8_i8i32_run4.log",NA,NA,NA,NA,NA,NA,NA
k1_kernel_tuning,RVV,tile_N,16,2026-09-04T12:17:47,k1-rvv,"GEMM_RVV_FP32_INT8_8x8_Baseline","RVV_IGEMM_INT8_I8I32_8x8","igemm_kernel_8x8_zvl256b_lmul1_unroll8_i8i32",8x8,256b,1,8,INT8_RVV,0-7,8,8,1024,1024,1024,16,5,OK,0,NONE,0.210642416,GOPS,10.194925,parallel_tiles_including_required_packing,DISABLED,0,0,"0:cpu0:tiles8;1:cpu1:tiles8;2:cpu2:tiles8;3:cpu3:tiles8;4:cpu4:tiles8;5:cpu5:tiles8;6:cpu6:tiles8;7:cpu7:tiles8","NA",static,0,"NA","NA","/home/bananapi/MAT/kernels riscv rvv 1.0/FINAL/riscv-rvv-ime-gemm-microkernels-updated/HETEROGENEOUS_RVV_IME_OPENMP_GEMM/results/openmp_results_k1-rvv_1024_20260904_120220/raw_logs/GEMM_RVV_FP32_INT8_8x8_Baseline_RVV_IGEMM_INT8_I8I32_8x8_igemm_kernel_8x8_zvl256b_lmul1_unroll8_i8i32_run5.log",NA,NA,NA,NA,NA,NA,NA
k1_kernel_tuning,RVV,tile_N,16,2026-09-04T12:17:48,k1-rvv,"GEMM_RVV_FP32_INT8_8x8_Baseline","RVV_IGEMM_INT8_I8I32_8x8","igemm_kernel_8x8_zvl256b_lmul1_unroll8_i8i32",8x8,256b,1,8,INT8_RVV,0-7,8,8,1024,1024,1024,16,6,OK,0,NONE,0.213786501,GOPS,10.044992,parallel_tiles_including_required_packing,DISABLED,0,0,"0:cpu0:tiles8;1:cpu1:tiles8;2:cpu2:tiles8;3:cpu3:tiles8;4:cpu4:tiles8;5:cpu5:tiles8;6:cpu6:tiles8;7:cpu7:tiles8","NA",static,0,"NA","NA","/home/bananapi/MAT/kernels riscv rvv 1.0/FINAL/riscv-rvv-ime-gemm-microkernels-updated/HETEROGENEOUS_RVV_IME_OPENMP_GEMM/results/openmp_results_k1-rvv_1024_20260904_120220/raw_logs/GEMM_RVV_FP32_INT8_8x8_Baseline_RVV_IGEMM_INT8_I8I32_8x8_igemm_kernel_8x8_zvl256b_lmul1_unroll8_i8i32_run6.log",NA,NA,NA,NA,NA,NA,NA
k1_kernel_tuning,RVV,tile_N,16,2026-09-04T12:18:20,k1-rvv,"GEMM_RVV_FP32_INT8_8x8_Baseline","RVV_IGEMM_INT8_I8I32_8x8","igemm_kernel_8x8_zvl256b_lmul2_unroll1_i8i32",8x8,256b,2,1,INT8_RVV,0-7,8,8,1024,1024,1024,16,1,OK,0,NONE,0.592675418,GOPS,3.623372,parallel_tiles_including_required_packing,INDEPENDENT_INT64_REFERENCE_EXACT_INT32,0,0,"0:cpu0:tiles8;1:cpu1:tiles8;2:cpu2:tiles8;3:cpu3:tiles8;4:cpu4:tiles8;5:cpu5:tiles8;6:cpu6:tiles8;7:cpu7:tiles8","NA",static,0,"NA","NA","/home/bananapi/MAT/kernels riscv rvv 1.0/FINAL/riscv-rvv-ime-gemm-microkernels-updated/HETEROGENEOUS_RVV_IME_OPENMP_GEMM/results/openmp_results_k1-rvv_1024_20260904_120220/raw_logs/GEMM_RVV_FP32_INT8_8x8_Baseline_RVV_IGEMM_INT8_I8I32_8x8_igemm_kernel_8x8_zvl256b_lmul2_unroll1_i8i32_run1.log",NA,NA,NA,NA,NA,NA,NA
k1_kernel_tuning,RVV,tile_N,16,2026-09-04T12:18:21,k1-rvv,"GEMM_RVV_FP32_INT8_8x8_Baseline","RVV_IGEMM_INT8_I8I32_8x8","igemm_kernel_8x8_zvl256b_lmul2_unroll1_i8i32",8x8,256b,2,1,INT8_RVV,0-7,8,8,1024,1024,1024,16,2,OK,0,NONE,0.580881625,GOPS,3.696939,parallel_tiles_including_required_packing,DISABLED,0,0,"0:cpu0:tiles8;1:cpu1:tiles8;2:cpu2:tiles8;3:cpu3:tiles8;4:cpu4:tiles8;5:cpu5:tiles8;6:cpu6:tiles8;7:cpu7:tiles8","NA",static,0,"NA","NA","/home/bananapi/MAT/kernels riscv rvv 1.0/FINAL/riscv-rvv-ime-gemm-microkernels-updated/HETEROGENEOUS_RVV_IME_OPENMP_GEMM/results/openmp_results_k1-rvv_1024_20260904_120220/raw_logs/GEMM_RVV_FP32_INT8_8x8_Baseline_RVV_IGEMM_INT8_I8I32_8x8_igemm_kernel_8x8_zvl256b_lmul2_unroll1_i8i32_run2.log",NA,NA,NA,NA,NA,NA,NA
k1_kernel_tuning,RVV,tile_N,16,2026-09-04T12:18:23,k1-rvv,"GEMM_RVV_FP32_INT8_8x8_Baseline","RVV_IGEMM_INT8_I8I32_8x8","igemm_kernel_8x8_zvl256b_lmul2_unroll1_i8i32",8x8,256b,2,1,INT8_RVV,0-7,8,8,1024,1024,1024,16,3,OK,0,NONE,0.578428041,GOPS,3.712620,parallel_tiles_including_required_packing,DISABLED,0,0,"0:cpu0:tiles8;1:cpu1:tiles8;2:cpu2:tiles8;3:cpu3:tiles8;4:cpu4:tiles8;5:cpu5:tiles8;6:cpu6:tiles8;7:cpu7:tiles8","NA",static,0,"NA","NA","/home/bananapi/MAT/kernels riscv rvv 1.0/FINAL/riscv-rvv-ime-gemm-microkernels-updated/HETEROGENEOUS_RVV_IME_OPENMP_GEMM/results/openmp_results_k1-rvv_1024_20260904_120220/raw_logs/GEMM_RVV_FP32_INT8_8x8_Baseline_RVV_IGEMM_INT8_I8I32_8x8_igemm_kernel_8x8_zvl256b_lmul2_unroll1_i8i32_run3.log",NA,NA,NA,NA,NA,NA,NA
k1_kernel_tuning,RVV,tile_N,16,2026-09-04T12:18:24,k1-rvv,"GEMM_RVV_FP32_INT8_8x8_Baseline","RVV_IGEMM_INT8_I8I32_8x8","igemm_kernel_8x8_zvl256b_lmul2_unroll1_i8i32",8x8,256b,2,1,INT8_RVV,0-7,8,8,1024,1024,1024,16,4,OK,0,NONE,0.579979040,GOPS,3.702692,parallel_tiles_including_required_packing,DISABLED,0,0,"0:cpu0:tiles8;1:cpu1:tiles8;2:cpu2:tiles8;3:cpu3:tiles8;4:cpu4:tiles8;5:cpu5:tiles8;6:cpu6:tiles8;7:cpu7:tiles8","NA",static,0,"NA","NA","/home/bananapi/MAT/kernels riscv rvv 1.0/FINAL/riscv-rvv-ime-gemm-microkernels-updated/HETEROGENEOUS_RVV_IME_OPENMP_GEMM/results/openmp_results_k1-rvv_1024_20260904_120220/raw_logs/GEMM_RVV_FP32_INT8_8x8_Baseline_RVV_IGEMM_INT8_I8I32_8x8_igemm_kernel_8x8_zvl256b_lmul2_unroll1_i8i32_run4.log",NA,NA,NA,NA,NA,NA,NA
k1_kernel_tuning,RVV,tile_N,16,2026-09-04T12:18:26,k1-rvv,"GEMM_RVV_FP32_INT8_8x8_Baseline","RVV_IGEMM_INT8_I8I32_8x8","igemm_kernel_8x8_zvl256b_lmul2_unroll1_i8i32",8x8,256b,2,1,INT8_RVV,0-7,8,8,1024,1024,1024,16,5,OK,0,NONE,0.588293333,GOPS,3.650362,parallel_tiles_including_required_packing,DISABLED,0,0,"0:cpu0:tiles8;1:cpu1:tiles8;2:cpu2:tiles8;3:cpu3:tiles8;4:cpu4:tiles8;5:cpu5:tiles8;6:cpu6:tiles8;7:cpu7:tiles8","NA",static,0,"NA","NA","/home/bananapi/MAT/kernels riscv rvv 1.0/FINAL/riscv-rvv-ime-gemm-microkernels-updated/HETEROGENEOUS_RVV_IME_OPENMP_GEMM/results/openmp_results_k1-rvv_1024_20260904_120220/raw_logs/GEMM_RVV_FP32_INT8_8x8_Baseline_RVV_IGEMM_INT8_I8I32_8x8_igemm_kernel_8x8_zvl256b_lmul2_unroll1_i8i32_run5.log",NA,NA,NA,NA,NA,NA,NA
k1_kernel_tuning,RVV,tile_N,16,2026-09-04T12:18:27,k1-rvv,"GEMM_RVV_FP32_INT8_8x8_Baseline","RVV_IGEMM_INT8_I8I32_8x8","igemm_kernel_8x8_zvl256b_lmul2_unroll1_i8i32",8x8,256b,2,1,INT8_RVV,0-7,8,8,1024,1024,1024,16,6,OK,0,NONE,0.580265917,GOPS,3.700861,parallel_tiles_including_required_packing,DISABLED,0,0,"0:cpu0:tiles8;1:cpu1:tiles8;2:cpu2:tiles8;3:cpu3:tiles8;4:cpu4:tiles8;5:cpu5:tiles8;6:cpu6:tiles8;7:cpu7:tiles8","NA",static,0,"NA","NA","/home/bananapi/MAT/kernels riscv rvv 1.0/FINAL/riscv-rvv-ime-gemm-microkernels-updated/HETEROGENEOUS_RVV_IME_OPENMP_GEMM/results/openmp_results_k1-rvv_1024_20260904_120220/raw_logs/GEMM_RVV_FP32_INT8_8x8_Baseline_RVV_IGEMM_INT8_I8I32_8x8_igemm_kernel_8x8_zvl256b_lmul2_unroll1_i8i32_run6.log",NA,NA,NA,NA,NA,NA,NA
k1_kernel_tuning,RVV,tile_N,16,2026-09-04T12:19:08,k1-rvv,"GEMM_RVV_FP32_INT8_8x8_Baseline","RVV_IGEMM_INT8_I8I32_8x8","igemm_kernel_8x8_zvl256b_lmul2_unroll2_i8i32",8x8,256b,2,2,INT8_RVV,0-7,8,8,1024,1024,1024,16,1,OK,0,NONE,0.599883247,GOPS,3.579836,parallel_tiles_including_required_packing,INDEPENDENT_INT64_REFERENCE_EXACT_INT32,0,0,"0:cpu0:tiles8;1:cpu1:tiles8;2:cpu2:tiles8;3:cpu3:tiles8;4:cpu4:tiles8;5:cpu5:tiles8;6:cpu6:tiles8;7:cpu7:tiles8","NA",static,0,"NA","NA","/home/bananapi/MAT/kernels riscv rvv 1.0/FINAL/riscv-rvv-ime-gemm-microkernels-updated/HETEROGENEOUS_RVV_IME_OPENMP_GEMM/results/openmp_results_k1-rvv_1024_20260904_120220/raw_logs/GEMM_RVV_FP32_INT8_8x8_Baseline_RVV_IGEMM_INT8_I8I32_8x8_igemm_kernel_8x8_zvl256b_lmul2_unroll2_i8i32_run1.log",NA,NA,NA,NA,NA,NA,NA
k1_kernel_tuning,RVV,tile_N,16,2026-09-04T12:19:10,k1-rvv,"GEMM_RVV_FP32_INT8_8x8_Baseline","RVV_IGEMM_INT8_I8I32_8x8","igemm_kernel_8x8_zvl256b_lmul2_unroll2_i8i32",8x8,256b,2,2,INT8_RVV,0-7,8,8,1024,1024,1024,16,2,OK,0,NONE,0.571859084,GOPS,3.755267,parallel_tiles_including_required_packing,DISABLED,0,0,"0:cpu0:tiles8;1:cpu1:tiles8;2:cpu2:tiles8;3:cpu3:tiles8;4:cpu4:tiles8;5:cpu5:tiles8;6:cpu6:tiles8;7:cpu7:tiles8","NA",static,0,"NA","NA","/home/bananapi/MAT/kernels riscv rvv 1.0/FINAL/riscv-rvv-ime-gemm-microkernels-updated/HETEROGENEOUS_RVV_IME_OPENMP_GEMM/results/openmp_results_k1-rvv_1024_20260904_120220/raw_logs/GEMM_RVV_FP32_INT8_8x8_Baseline_RVV_IGEMM_INT8_I8I32_8x8_igemm_kernel_8x8_zvl256b_lmul2_unroll2_i8i32_run2.log",NA,NA,NA,NA,NA,NA,NA
k1_kernel_tuning,RVV,tile_N,16,2026-09-04T12:19:11,k1-rvv,"GEMM_RVV_FP32_INT8_8x8_Baseline","RVV_IGEMM_INT8_I8I32_8x8","igemm_kernel_8x8_zvl256b_lmul2_unroll2_i8i32",8x8,256b,2,2,INT8_RVV,0-7,8,8,1024,1024,1024,16,3,OK,0,NONE,0.574265167,GOPS,3.739533,parallel_tiles_including_required_packing,DISABLED,0,0,"0:cpu0:tiles8;1:cpu1:tiles8;2:cpu2:tiles8;3:cpu3:tiles8;4:cpu4:tiles8;5:cpu5:tiles8;6:cpu6:tiles8;7:cpu7:tiles8","NA",static,0,"NA","NA","/home/bananapi/MAT/kernels riscv rvv 1.0/FINAL/riscv-rvv-ime-gemm-microkernels-updated/HETEROGENEOUS_RVV_IME_OPENMP_GEMM/results/openmp_results_k1-rvv_1024_20260904_120220/raw_logs/GEMM_RVV_FP32_INT8_8x8_Baseline_RVV_IGEMM_INT8_I8I32_8x8_igemm_kernel_8x8_zvl256b_lmul2_unroll2_i8i32_run3.log",NA,NA,NA,NA,NA,NA,NA
k1_kernel_tuning,RVV,tile_N,16,2026-09-04T12:19:13,k1-rvv,"GEMM_RVV_FP32_INT8_8x8_Baseline","RVV_IGEMM_INT8_I8I32_8x8","igemm_kernel_8x8_zvl256b_lmul2_unroll2_i8i32",8x8,256b,2,2,INT8_RVV,0-7,8,8,1024,1024,1024,16,4,OK,0,NONE,0.582314707,GOPS,3.687840,parallel_tiles_including_required_packing,DISABLED,0,0,"0:cpu0:tiles8;1:cpu1:tiles8;2:cpu2:tiles8;3:cpu3:tiles8;4:cpu4:tiles8;5:cpu5:tiles8;6:cpu6:tiles8;7:cpu7:tiles8","NA",static,0,"NA","NA","/home/bananapi/MAT/kernels riscv rvv 1.0/FINAL/riscv-rvv-ime-gemm-microkernels-updated/HETEROGENEOUS_RVV_IME_OPENMP_GEMM/results/openmp_results_k1-rvv_1024_20260904_120220/raw_logs/GEMM_RVV_FP32_INT8_8x8_Baseline_RVV_IGEMM_INT8_I8I32_8x8_igemm_kernel_8x8_zvl256b_lmul2_unroll2_i8i32_run4.log",NA,NA,NA,NA,NA,NA,NA
k1_kernel_tuning,RVV,tile_N,16,2026-09-04T12:19:14,k1-rvv,"GEMM_RVV_FP32_INT8_8x8_Baseline","RVV_IGEMM_INT8_I8I32_8x8","igemm_kernel_8x8_zvl256b_lmul2_unroll2_i8i32",8x8,256b,2,2,INT8_RVV,0-7,8,8,1024,1024,1024,16,5,OK,0,NONE,0.577752039,GOPS,3.716964,parallel_tiles_including_required_packing,DISABLED,0,0,"0:cpu0:tiles8;1:cpu1:tiles8;2:cpu2:tiles8;3:cpu3:tiles8;4:cpu4:tiles8;5:cpu5:tiles8;6:cpu6:tiles8;7:cpu7:tiles8","NA",static,0,"NA","NA","/home/bananapi/MAT/kernels riscv rvv 1.0/FINAL/riscv-rvv-ime-gemm-microkernels-updated/HETEROGENEOUS_RVV_IME_OPENMP_GEMM/results/openmp_results_k1-rvv_1024_20260904_120220/raw_logs/GEMM_RVV_FP32_INT8_8x8_Baseline_RVV_IGEMM_INT8_I8I32_8x8_igemm_kernel_8x8_zvl256b_lmul2_unroll2_i8i32_run5.log",NA,NA,NA,NA,NA,NA,NA
k1_kernel_tuning,RVV,tile_N,16,2026-09-04T12:19:15,k1-rvv,"GEMM_RVV_FP32_INT8_8x8_Baseline","RVV_IGEMM_INT8_I8I32_8x8","igemm_kernel_8x8_zvl256b_lmul2_unroll2_i8i32",8x8,256b,2,2,INT8_RVV,0-7,8,8,1024,1024,1024,16,6,OK,0,NONE,0.575172458,GOPS,3.733634,parallel_tiles_including_required_packing,DISABLED,0,0,"0:cpu0:tiles8;1:cpu1:tiles8;2:cpu2:tiles8;3:cpu3:tiles8;4:cpu4:tiles8;5:cpu5:tiles8;6:cpu6:tiles8;7:cpu7:tiles8","NA",static,0,"NA","NA","/home/bananapi/MAT/kernels riscv rvv 1.0/FINAL/riscv-rvv-ime-gemm-microkernels-updated/HETEROGENEOUS_RVV_IME_OPENMP_GEMM/results/openmp_results_k1-rvv_1024_20260904_120220/raw_logs/GEMM_RVV_FP32_INT8_8x8_Baseline_RVV_IGEMM_INT8_I8I32_8x8_igemm_kernel_8x8_zvl256b_lmul2_unroll2_i8i32_run6.log",NA,NA,NA,NA,NA,NA,NA
k1_kernel_tuning,RVV,tile_N,16,2026-09-04T12:19:49,k1-rvv,"GEMM_RVV_FP32_INT8_8x8_Baseline","RVV_IGEMM_INT8_I8I32_8x8","igemm_kernel_8x8_zvl256b_lmul2_unroll4_i8i32",8x8,256b,2,4,INT8_RVV,0-7,8,8,1024,1024,1024,16,1,OK,0,NONE,0.671067793,GOPS,3.200099,parallel_tiles_including_required_packing,INDEPENDENT_INT64_REFERENCE_EXACT_INT32,0,0,"0:cpu0:tiles8;1:cpu1:tiles8;2:cpu2:tiles8;3:cpu3:tiles8;4:cpu4:tiles8;5:cpu5:tiles8;6:cpu6:tiles8;7:cpu7:tiles8","NA",static,0,"NA","NA","/home/bananapi/MAT/kernels riscv rvv 1.0/FINAL/riscv-rvv-ime-gemm-microkernels-updated/HETEROGENEOUS_RVV_IME_OPENMP_GEMM/results/openmp_results_k1-rvv_1024_20260904_120220/raw_logs/GEMM_RVV_FP32_INT8_8x8_Baseline_RVV_IGEMM_INT8_I8I32_8x8_igemm_kernel_8x8_zvl256b_lmul2_unroll4_i8i32_run1.log",NA,NA,NA,NA,NA,NA,NA
k1_kernel_tuning,RVV,tile_N,16,2026-09-04T12:19:51,k1-rvv,"GEMM_RVV_FP32_INT8_8x8_Baseline","RVV_IGEMM_INT8_I8I32_8x8","igemm_kernel_8x8_zvl256b_lmul2_unroll4_i8i32",8x8,256b,2,4,INT8_RVV,0-7,8,8,1024,1024,1024,16,2,OK,0,NONE,0.662420414,GOPS,3.241874,parallel_tiles_including_required_packing,DISABLED,0,0,"0:cpu0:tiles8;1:cpu1:tiles8;2:cpu2:tiles8;3:cpu3:tiles8;4:cpu4:tiles8;5:cpu5:tiles8;6:cpu6:tiles8;7:cpu7:tiles8","NA",static,0,"NA","NA","/home/bananapi/MAT/kernels riscv rvv 1.0/FINAL/riscv-rvv-ime-gemm-microkernels-updated/HETEROGENEOUS_RVV_IME_OPENMP_GEMM/results/openmp_results_k1-rvv_1024_20260904_120220/raw_logs/GEMM_RVV_FP32_INT8_8x8_Baseline_RVV_IGEMM_INT8_I8I32_8x8_igemm_kernel_8x8_zvl256b_lmul2_unroll4_i8i32_run2.log",NA,NA,NA,NA,NA,NA,NA
k1_kernel_tuning,RVV,tile_N,16,2026-09-04T12:19:52,k1-rvv,"GEMM_RVV_FP32_INT8_8x8_Baseline","RVV_IGEMM_INT8_I8I32_8x8","igemm_kernel_8x8_zvl256b_lmul2_unroll4_i8i32",8x8,256b,2,4,INT8_RVV,0-7,8,8,1024,1024,1024,16,3,OK,0,NONE,0.663934540,GOPS,3.234481,parallel_tiles_including_required_packing,DISABLED,0,0,"0:cpu0:tiles8;1:cpu1:tiles8;2:cpu2:tiles8;3:cpu3:tiles8;4:cpu4:tiles8;5:cpu5:tiles8;6:cpu6:tiles8;7:cpu7:tiles8","NA",static,0,"NA","NA","/home/bananapi/MAT/kernels riscv rvv 1.0/FINAL/riscv-rvv-ime-gemm-microkernels-updated/HETEROGENEOUS_RVV_IME_OPENMP_GEMM/results/openmp_results_k1-rvv_1024_20260904_120220/raw_logs/GEMM_RVV_FP32_INT8_8x8_Baseline_RVV_IGEMM_INT8_I8I32_8x8_igemm_kernel_8x8_zvl256b_lmul2_unroll4_i8i32_run3.log",NA,NA,NA,NA,NA,NA,NA
k1_kernel_tuning,RVV,tile_N,16,2026-09-04T12:19:54,k1-rvv,"GEMM_RVV_FP32_INT8_8x8_Baseline","RVV_IGEMM_INT8_I8I32_8x8","igemm_kernel_8x8_zvl256b_lmul2_unroll4_i8i32",8x8,256b,2,4,INT8_RVV,0-7,8,8,1024,1024,1024,16,4,OK,0,NONE,0.659391001,GOPS,3.256768,parallel_tiles_including_required_packing,DISABLED,0,0,"0:cpu0:tiles8;1:cpu1:tiles8;2:cpu2:tiles8;3:cpu3:tiles8;4:cpu4:tiles8;5:cpu5:tiles8;6:cpu6:tiles8;7:cpu7:tiles8","NA",static,0,"NA","NA","/home/bananapi/MAT/kernels riscv rvv 1.0/FINAL/riscv-rvv-ime-gemm-microkernels-updated/HETEROGENEOUS_RVV_IME_OPENMP_GEMM/results/openmp_results_k1-rvv_1024_20260904_120220/raw_logs/GEMM_RVV_FP32_INT8_8x8_Baseline_RVV_IGEMM_INT8_I8I32_8x8_igemm_kernel_8x8_zvl256b_lmul2_unroll4_i8i32_run4.log",NA,NA,NA,NA,NA,NA,NA
k1_kernel_tuning,RVV,tile_N,16,2026-09-04T12:19:56,k1-rvv,"GEMM_RVV_FP32_INT8_8x8_Baseline","RVV_IGEMM_INT8_I8I32_8x8","igemm_kernel_8x8_zvl256b_lmul2_unroll4_i8i32",8x8,256b,2,4,INT8_RVV,0-7,8,8,1024,1024,1024,16,5,OK,0,NONE,0.663030878,GOPS,3.238889,parallel_tiles_including_required_packing,DISABLED,0,0,"0:cpu0:tiles8;1:cpu1:tiles8;2:cpu2:tiles8;3:cpu3:tiles8;4:cpu4:tiles8;5:cpu5:tiles8;6:cpu6:tiles8;7:cpu7:tiles8","NA",static,0,"NA","NA","/home/bananapi/MAT/kernels riscv rvv 1.0/FINAL/riscv-rvv-ime-gemm-microkernels-updated/HETEROGENEOUS_RVV_IME_OPENMP_GEMM/results/openmp_results_k1-rvv_1024_20260904_120220/raw_logs/GEMM_RVV_FP32_INT8_8x8_Baseline_RVV_IGEMM_INT8_I8I32_8x8_igemm_kernel_8x8_zvl256b_lmul2_unroll4_i8i32_run5.log",NA,NA,NA,NA,NA,NA,NA
k1_kernel_tuning,RVV,tile_N,16,2026-09-04T12:19:57,k1-rvv,"GEMM_RVV_FP32_INT8_8x8_Baseline","RVV_IGEMM_INT8_I8I32_8x8","igemm_kernel_8x8_zvl256b_lmul2_unroll4_i8i32",8x8,256b,2,4,INT8_RVV,0-7,8,8,1024,1024,1024,16,6,OK,0,NONE,0.661167748,GOPS,3.248016,parallel_tiles_including_required_packing,DISABLED,0,0,"0:cpu0:tiles8;1:cpu1:tiles8;2:cpu2:tiles8;3:cpu3:tiles8;4:cpu4:tiles8;5:cpu5:tiles8;6:cpu6:tiles8;7:cpu7:tiles8","NA",static,0,"NA","NA","/home/bananapi/MAT/kernels riscv rvv 1.0/FINAL/riscv-rvv-ime-gemm-microkernels-updated/HETEROGENEOUS_RVV_IME_OPENMP_GEMM/results/openmp_results_k1-rvv_1024_20260904_120220/raw_logs/GEMM_RVV_FP32_INT8_8x8_Baseline_RVV_IGEMM_INT8_I8I32_8x8_igemm_kernel_8x8_zvl256b_lmul2_unroll4_i8i32_run6.log",NA,NA,NA,NA,NA,NA,NA
k1_kernel_tuning,RVV,tile_N,16,2026-09-04T12:20:39,k1-rvv,"GEMM_RVV_FP32_INT8_8x8_Baseline","RVV_IGEMM_INT8_I8I32_8x8","igemm_kernel_8x8_zvl256b_lmul2_unroll8_i8i32",8x8,256b,2,8,INT8_RVV,0-7,8,8,1024,1024,1024,16,1,OK,0,NONE,0.554233626,GOPS,3.874690,parallel_tiles_including_required_packing,INDEPENDENT_INT64_REFERENCE_EXACT_INT32,0,0,"0:cpu0:tiles8;1:cpu1:tiles8;2:cpu2:tiles8;3:cpu3:tiles8;4:cpu4:tiles8;5:cpu5:tiles8;6:cpu6:tiles8;7:cpu7:tiles8","NA",static,0,"NA","NA","/home/bananapi/MAT/kernels riscv rvv 1.0/FINAL/riscv-rvv-ime-gemm-microkernels-updated/HETEROGENEOUS_RVV_IME_OPENMP_GEMM/results/openmp_results_k1-rvv_1024_20260904_120220/raw_logs/GEMM_RVV_FP32_INT8_8x8_Baseline_RVV_IGEMM_INT8_I8I32_8x8_igemm_kernel_8x8_zvl256b_lmul2_unroll8_i8i32_run1.log",NA,NA,NA,NA,NA,NA,NA
k1_kernel_tuning,RVV,tile_N,16,2026-09-04T12:20:40,k1-rvv,"GEMM_RVV_FP32_INT8_8x8_Baseline","RVV_IGEMM_INT8_I8I32_8x8","igemm_kernel_8x8_zvl256b_lmul2_unroll8_i8i32",8x8,256b,2,8,INT8_RVV,0-7,8,8,1024,1024,1024,16,2,OK,0,NONE,0.560902003,GOPS,3.828625,parallel_tiles_including_required_packing,DISABLED,0,0,"0:cpu0:tiles8;1:cpu1:tiles8;2:cpu2:tiles8;3:cpu3:tiles8;4:cpu4:tiles8;5:cpu5:tiles8;6:cpu6:tiles8;7:cpu7:tiles8","NA",static,0,"NA","NA","/home/bananapi/MAT/kernels riscv rvv 1.0/FINAL/riscv-rvv-ime-gemm-microkernels-updated/HETEROGENEOUS_RVV_IME_OPENMP_GEMM/results/openmp_results_k1-rvv_1024_20260904_120220/raw_logs/GEMM_RVV_FP32_INT8_8x8_Baseline_RVV_IGEMM_INT8_I8I32_8x8_igemm_kernel_8x8_zvl256b_lmul2_unroll8_i8i32_run2.log",NA,NA,NA,NA,NA,NA,NA
k1_kernel_tuning,RVV,tile_N,16,2026-09-04T12:20:42,k1-rvv,"GEMM_RVV_FP32_INT8_8x8_Baseline","RVV_IGEMM_INT8_I8I32_8x8","igemm_kernel_8x8_zvl256b_lmul2_unroll8_i8i32",8x8,256b,2,8,INT8_RVV,0-7,8,8,1024,1024,1024,16,3,OK,0,NONE,0.558820833,GOPS,3.842884,parallel_tiles_including_required_packing,DISABLED,0,0,"0:cpu0:tiles8;1:cpu1:tiles8;2:cpu2:tiles8;3:cpu3:tiles8;4:cpu4:tiles8;5:cpu5:tiles8;6:cpu6:tiles8;7:cpu7:tiles8","NA",static,0,"NA","NA","/home/bananapi/MAT/kernels riscv rvv 1.0/FINAL/riscv-rvv-ime-gemm-microkernels-updated/HETEROGENEOUS_RVV_IME_OPENMP_GEMM/results/openmp_results_k1-rvv_1024_20260904_120220/raw_logs/GEMM_RVV_FP32_INT8_8x8_Baseline_RVV_IGEMM_INT8_I8I32_8x8_igemm_kernel_8x8_zvl256b_lmul2_unroll8_i8i32_run3.log",NA,NA,NA,NA,NA,NA,NA
k1_kernel_tuning,RVV,tile_N,16,2026-09-04T12:20:43,k1-rvv,"GEMM_RVV_FP32_INT8_8x8_Baseline","RVV_IGEMM_INT8_I8I32_8x8","igemm_kernel_8x8_zvl256b_lmul2_unroll8_i8i32",8x8,256b,2,8,INT8_RVV,0-7,8,8,1024,1024,1024,16,4,OK,0,NONE,0.553063501,GOPS,3.882888,parallel_tiles_including_required_packing,DISABLED,0,0,"0:cpu0:tiles8;1:cpu1:tiles8;2:cpu2:tiles8;3:cpu3:tiles8;4:cpu4:tiles8;5:cpu5:tiles8;6:cpu6:tiles8;7:cpu7:tiles8","NA",static,0,"NA","NA","/home/bananapi/MAT/kernels riscv rvv 1.0/FINAL/riscv-rvv-ime-gemm-microkernels-updated/HETEROGENEOUS_RVV_IME_OPENMP_GEMM/results/openmp_results_k1-rvv_1024_20260904_120220/raw_logs/GEMM_RVV_FP32_INT8_8x8_Baseline_RVV_IGEMM_INT8_I8I32_8x8_igemm_kernel_8x8_zvl256b_lmul2_unroll8_i8i32_run4.log",NA,NA,NA,NA,NA,NA,NA
k1_kernel_tuning,RVV,tile_N,16,2026-09-04T12:20:45,k1-rvv,"GEMM_RVV_FP32_INT8_8x8_Baseline","RVV_IGEMM_INT8_I8I32_8x8","igemm_kernel_8x8_zvl256b_lmul2_unroll8_i8i32",8x8,256b,2,8,INT8_RVV,0-7,8,8,1024,1024,1024,16,5,OK,0,NONE,0.557673957,GOPS,3.850787,parallel_tiles_including_required_packing,DISABLED,0,0,"0:cpu0:tiles8;1:cpu1:tiles8;2:cpu2:tiles8;3:cpu3:tiles8;4:cpu4:tiles8;5:cpu5:tiles8;6:cpu6:tiles8;7:cpu7:tiles8","NA",static,0,"NA","NA","/home/bananapi/MAT/kernels riscv rvv 1.0/FINAL/riscv-rvv-ime-gemm-microkernels-updated/HETEROGENEOUS_RVV_IME_OPENMP_GEMM/results/openmp_results_k1-rvv_1024_20260904_120220/raw_logs/GEMM_RVV_FP32_INT8_8x8_Baseline_RVV_IGEMM_INT8_I8I32_8x8_igemm_kernel_8x8_zvl256b_lmul2_unroll8_i8i32_run5.log",NA,NA,NA,NA,NA,NA,NA
k1_kernel_tuning,RVV,tile_N,16,2026-09-04T12:20:46,k1-rvv,"GEMM_RVV_FP32_INT8_8x8_Baseline","RVV_IGEMM_INT8_I8I32_8x8","igemm_kernel_8x8_zvl256b_lmul2_unroll8_i8i32",8x8,256b,2,8,INT8_RVV,0-7,8,8,1024,1024,1024,16,6,OK,0,NONE,0.553530376,GOPS,3.879613,parallel_tiles_including_required_packing,DISABLED,0,0,"0:cpu0:tiles8;1:cpu1:tiles8;2:cpu2:tiles8;3:cpu3:tiles8;4:cpu4:tiles8;5:cpu5:tiles8;6:cpu6:tiles8;7:cpu7:tiles8","NA",static,0,"NA","NA","/home/bananapi/MAT/kernels riscv rvv 1.0/FINAL/riscv-rvv-ime-gemm-microkernels-updated/HETEROGENEOUS_RVV_IME_OPENMP_GEMM/results/openmp_results_k1-rvv_1024_20260904_120220/raw_logs/GEMM_RVV_FP32_INT8_8x8_Baseline_RVV_IGEMM_INT8_I8I32_8x8_igemm_kernel_8x8_zvl256b_lmul2_unroll8_i8i32_run6.log",NA,NA,NA,NA,NA,NA,NA
k1_kernel_tuning,RVV,tile_N,16,2026-09-04T12:21:25,k1-rvv,"GEMM_RVV_FP32_INT8_8x8_Baseline","RVV_IGEMM_INT8_I8I32_8x8","igemm_kernel_8x8_zvl256b_lmulmf2_unroll1_i8i32",8x8,256b,mf2,1,INT8_RVV,0-7,8,8,1024,1024,1024,16,1,OK,0,NONE,0.126847707,GOPS,16.929621,parallel_tiles_including_required_packing,INDEPENDENT_INT64_REFERENCE_EXACT_INT32,0,0,"0:cpu0:tiles8;1:cpu1:tiles8;2:cpu2:tiles8;3:cpu3:tiles8;4:cpu4:tiles8;5:cpu5:tiles8;6:cpu6:tiles8;7:cpu7:tiles8","NA",static,0,"NA","NA","/home/bananapi/MAT/kernels riscv rvv 1.0/FINAL/riscv-rvv-ime-gemm-microkernels-updated/HETEROGENEOUS_RVV_IME_OPENMP_GEMM/results/openmp_results_k1-rvv_1024_20260904_120220/raw_logs/GEMM_RVV_FP32_INT8_8x8_Baseline_RVV_IGEMM_INT8_I8I32_8x8_igemm_kernel_8x8_zvl256b_lmulmf2_unroll1_i8i32_run1.log",NA,NA,NA,NA,NA,NA,NA
k1_kernel_tuning,RVV,tile_N,16,2026-09-04T12:21:25,k1-rvv,"GEMM_RVV_FP32_INT8_8x8_Baseline","RVV_IGEMM_INT8_I8I32_8x8","igemm_kernel_8x8_zvl256b_lmulmf2_unroll1_i8i32",8x8,256b,mf2,1,INT8_RVV,0-7,8,8,1024,1024,1024,16,2,OK,0,NONE,0.118523460,GOPS,18.118638,parallel_tiles_including_required_packing,DISABLED,0,0,"0:cpu0:tiles8;1:cpu1:tiles8;2:cpu2:tiles8;3:cpu3:tiles8;4:cpu4:tiles8;5:cpu5:tiles8;6:cpu6:tiles8;7:cpu7:tiles8","NA",static,0,"NA","NA","/home/bananapi/MAT/kernels riscv rvv 1.0/FINAL/riscv-rvv-ime-gemm-microkernels-updated/HETEROGENEOUS_RVV_IME_OPENMP_GEMM/results/openmp_results_k1-rvv_1024_20260904_120220/raw_logs/GEMM_RVV_FP32_INT8_8x8_Baseline_RVV_IGEMM_INT8_I8I32_8x8_igemm_kernel_8x8_zvl256b_lmulmf2_unroll1_i8i32_run2.log",NA,NA,NA,NA,NA,NA,NA
k1_kernel_tuning,RVV,tile_N,16,2026-09-04T12:21:26,k1-rvv,"GEMM_RVV_FP32_INT8_8x8_Baseline","RVV_IGEMM_INT8_I8I32_8x8","igemm_kernel_8x8_zvl256b_lmulmf2_unroll1_i8i32",8x8,256b,mf2,1,INT8_RVV,0-7,8,8,1024,1024,1024,16,3,OK,0,NONE,0.120574627,GOPS,17.810411,parallel_tiles_including_required_packing,DISABLED,0,0,"0:cpu0:tiles8;1:cpu1:tiles8;2:cpu2:tiles8;3:cpu3:tiles8;4:cpu4:tiles8;5:cpu5:tiles8;6:cpu6:tiles8;7:cpu7:tiles8","NA",static,0,"NA","NA","/home/bananapi/MAT/kernels riscv rvv 1.0/FINAL/riscv-rvv-ime-gemm-microkernels-updated/HETEROGENEOUS_RVV_IME_OPENMP_GEMM/results/openmp_results_k1-rvv_1024_20260904_120220/raw_logs/GEMM_RVV_FP32_INT8_8x8_Baseline_RVV_IGEMM_INT8_I8I32_8x8_igemm_kernel_8x8_zvl256b_lmulmf2_unroll1_i8i32_run3.log",NA,NA,NA,NA,NA,NA,NA
k1_kernel_tuning,RVV,tile_N,16,2026-09-04T12:21:26,k1-rvv,"GEMM_RVV_FP32_INT8_8x8_Baseline","RVV_IGEMM_INT8_I8I32_8x8","igemm_kernel_8x8_zvl256b_lmulmf2_unroll1_i8i32",8x8,256b,mf2,1,INT8_RVV,0-7,8,8,1024,1024,1024,16,4,OK,0,NONE,0.122181080,GOPS,17.576237,parallel_tiles_including_required_packing,DISABLED,0,0,"0:cpu0:tiles8;1:cpu1:tiles8;2:cpu2:tiles8;3:cpu3:tiles8;4:cpu4:tiles8;5:cpu5:tiles8;6:cpu6:tiles8;7:cpu7:tiles8","NA",static,0,"NA","NA","/home/bananapi/MAT/kernels riscv rvv 1.0/FINAL/riscv-rvv-ime-gemm-microkernels-updated/HETEROGENEOUS_RVV_IME_OPENMP_GEMM/results/openmp_results_k1-rvv_1024_20260904_120220/raw_logs/GEMM_RVV_FP32_INT8_8x8_Baseline_RVV_IGEMM_INT8_I8I32_8x8_igemm_kernel_8x8_zvl256b_lmulmf2_unroll1_i8i32_run4.log",NA,NA,NA,NA,NA,NA,NA
k1_kernel_tuning,RVV,tile_N,16,2026-09-04T12:21:27,k1-rvv,"GEMM_RVV_FP32_INT8_8x8_Baseline","RVV_IGEMM_INT8_I8I32_8x8","igemm_kernel_8x8_zvl256b_lmulmf2_unroll1_i8i32",8x8,256b,mf2,1,INT8_RVV,0-7,8,8,1024,1024,1024,16,5,OK,0,NONE,0.120579250,GOPS,17.809728,parallel_tiles_including_required_packing,DISABLED,0,0,"0:cpu0:tiles8;1:cpu1:tiles8;2:cpu2:tiles8;3:cpu3:tiles8;4:cpu4:tiles8;5:cpu5:tiles8;6:cpu6:tiles8;7:cpu7:tiles8","NA",static,0,"NA","NA","/home/bananapi/MAT/kernels riscv rvv 1.0/FINAL/riscv-rvv-ime-gemm-microkernels-updated/HETEROGENEOUS_RVV_IME_OPENMP_GEMM/results/openmp_results_k1-rvv_1024_20260904_120220/raw_logs/GEMM_RVV_FP32_INT8_8x8_Baseline_RVV_IGEMM_INT8_I8I32_8x8_igemm_kernel_8x8_zvl256b_lmulmf2_unroll1_i8i32_run5.log",NA,NA,NA,NA,NA,NA,NA
k1_kernel_tuning,RVV,tile_N,16,2026-09-04T12:21:28,k1-rvv,"GEMM_RVV_FP32_INT8_8x8_Baseline","RVV_IGEMM_INT8_I8I32_8x8","igemm_kernel_8x8_zvl256b_lmulmf2_unroll1_i8i32",8x8,256b,mf2,1,INT8_RVV,0-7,8,8,1024,1024,1024,16,6,OK,0,NONE,0.127126083,GOPS,16.892550,parallel_tiles_including_required_packing,DISABLED,0,0,"0:cpu0:tiles8;1:cpu1:tiles8;2:cpu2:tiles8;3:cpu3:tiles8;4:cpu4:tiles8;5:cpu5:tiles8;6:cpu6:tiles8;7:cpu7:tiles8","NA",static,0,"NA","NA","/home/bananapi/MAT/kernels riscv rvv 1.0/FINAL/riscv-rvv-ime-gemm-microkernels-updated/HETEROGENEOUS_RVV_IME_OPENMP_GEMM/results/openmp_results_k1-rvv_1024_20260904_120220/raw_logs/GEMM_RVV_FP32_INT8_8x8_Baseline_RVV_IGEMM_INT8_I8I32_8x8_igemm_kernel_8x8_zvl256b_lmulmf2_unroll1_i8i32_run6.log",NA,NA,NA,NA,NA,NA,NA
k1_kernel_tuning,RVV,tile_N,16,2026-09-04T12:21:59,k1-rvv,"GEMM_RVV_FP32_INT8_8x8_Baseline","RVV_IGEMM_INT8_I8I32_8x8","igemm_kernel_8x8_zvl256b_lmulmf2_unroll2_i8i32",8x8,256b,mf2,2,INT8_RVV,0-7,8,8,1024,1024,1024,16,1,OK,0,NONE,0.121971127,GOPS,17.606492,parallel_tiles_including_required_packing,INDEPENDENT_INT64_REFERENCE_EXACT_INT32,0,0,"0:cpu0:tiles8;1:cpu1:tiles8;2:cpu2:tiles8;3:cpu3:tiles8;4:cpu4:tiles8;5:cpu5:tiles8;6:cpu6:tiles8;7:cpu7:tiles8","NA",static,0,"NA","NA","/home/bananapi/MAT/kernels riscv rvv 1.0/FINAL/riscv-rvv-ime-gemm-microkernels-updated/HETEROGENEOUS_RVV_IME_OPENMP_GEMM/results/openmp_results_k1-rvv_1024_20260904_120220/raw_logs/GEMM_RVV_FP32_INT8_8x8_Baseline_RVV_IGEMM_INT8_I8I32_8x8_igemm_kernel_8x8_zvl256b_lmulmf2_unroll2_i8i32_run1.log",NA,NA,NA,NA,NA,NA,NA
k1_kernel_tuning,RVV,tile_N,16,2026-09-04T12:22:00,k1-rvv,"GEMM_RVV_FP32_INT8_8x8_Baseline","RVV_IGEMM_INT8_I8I32_8x8","igemm_kernel_8x8_zvl256b_lmulmf2_unroll2_i8i32",8x8,256b,mf2,2,INT8_RVV,0-7,8,8,1024,1024,1024,16,2,OK,0,NONE,0.120287541,GOPS,17.852918,parallel_tiles_including_required_packing,DISABLED,0,0,"0:cpu0:tiles8;1:cpu1:tiles8;2:cpu2:tiles8;3:cpu3:tiles8;4:cpu4:tiles8;5:cpu5:tiles8;6:cpu6:tiles8;7:cpu7:tiles8","NA",static,0,"NA","NA","/home/bananapi/MAT/kernels riscv rvv 1.0/FINAL/riscv-rvv-ime-gemm-microkernels-updated/HETEROGENEOUS_RVV_IME_OPENMP_GEMM/results/openmp_results_k1-rvv_1024_20260904_120220/raw_logs/GEMM_RVV_FP32_INT8_8x8_Baseline_RVV_IGEMM_INT8_I8I32_8x8_igemm_kernel_8x8_zvl256b_lmulmf2_unroll2_i8i32_run2.log",NA,NA,NA,NA,NA,NA,NA
k1_kernel_tuning,RVV,tile_N,16,2026-09-04T12:22:00,k1-rvv,"GEMM_RVV_FP32_INT8_8x8_Baseline","RVV_IGEMM_INT8_I8I32_8x8","igemm_kernel_8x8_zvl256b_lmulmf2_unroll2_i8i32",8x8,256b,mf2,2,INT8_RVV,0-7,8,8,1024,1024,1024,16,3,OK,0,NONE,0.119076706,GOPS,18.034456,parallel_tiles_including_required_packing,DISABLED,0,0,"0:cpu0:tiles8;1:cpu1:tiles8;2:cpu2:tiles8;3:cpu3:tiles8;4:cpu4:tiles8;5:cpu5:tiles8;6:cpu6:tiles8;7:cpu7:tiles8","NA",static,0,"NA","NA","/home/bananapi/MAT/kernels riscv rvv 1.0/FINAL/riscv-rvv-ime-gemm-microkernels-updated/HETEROGENEOUS_RVV_IME_OPENMP_GEMM/results/openmp_results_k1-rvv_1024_20260904_120220/raw_logs/GEMM_RVV_FP32_INT8_8x8_Baseline_RVV_IGEMM_INT8_I8I32_8x8_igemm_kernel_8x8_zvl256b_lmulmf2_unroll2_i8i32_run3.log",NA,NA,NA,NA,NA,NA,NA
k1_kernel_tuning,RVV,tile_N,16,2026-09-04T12:22:01,k1-rvv,"GEMM_RVV_FP32_INT8_8x8_Baseline","RVV_IGEMM_INT8_I8I32_8x8","igemm_kernel_8x8_zvl256b_lmulmf2_unroll2_i8i32",8x8,256b,mf2,2,INT8_RVV,0-7,8,8,1024,1024,1024,16,4,OK,0,NONE,0.119296707,GOPS,18.001198,parallel_tiles_including_required_packing,DISABLED,0,0,"0:cpu0:tiles8;1:cpu1:tiles8;2:cpu2:tiles8;3:cpu3:tiles8;4:cpu4:tiles8;5:cpu5:tiles8;6:cpu6:tiles8;7:cpu7:tiles8","NA",static,0,"NA","NA","/home/bananapi/MAT/kernels riscv rvv 1.0/FINAL/riscv-rvv-ime-gemm-microkernels-updated/HETEROGENEOUS_RVV_IME_OPENMP_GEMM/results/openmp_results_k1-rvv_1024_20260904_120220/raw_logs/GEMM_RVV_FP32_INT8_8x8_Baseline_RVV_IGEMM_INT8_I8I32_8x8_igemm_kernel_8x8_zvl256b_lmulmf2_unroll2_i8i32_run4.log",NA,NA,NA,NA,NA,NA,NA
k1_kernel_tuning,RVV,tile_N,16,2026-09-04T12:22:01,k1-rvv,"GEMM_RVV_FP32_INT8_8x8_Baseline","RVV_IGEMM_INT8_I8I32_8x8","igemm_kernel_8x8_zvl256b_lmulmf2_unroll2_i8i32",8x8,256b,mf2,2,INT8_RVV,0-7,8,8,1024,1024,1024,16,5,OK,0,NONE,0.120045207,GOPS,17.888958,parallel_tiles_including_required_packing,DISABLED,0,0,"0:cpu0:tiles8;1:cpu1:tiles8;2:cpu2:tiles8;3:cpu3:tiles8;4:cpu4:tiles8;5:cpu5:tiles8;6:cpu6:tiles8;7:cpu7:tiles8","NA",static,0,"NA","NA","/home/bananapi/MAT/kernels riscv rvv 1.0/FINAL/riscv-rvv-ime-gemm-microkernels-updated/HETEROGENEOUS_RVV_IME_OPENMP_GEMM/results/openmp_results_k1-rvv_1024_20260904_120220/raw_logs/GEMM_RVV_FP32_INT8_8x8_Baseline_RVV_IGEMM_INT8_I8I32_8x8_igemm_kernel_8x8_zvl256b_lmulmf2_unroll2_i8i32_run5.log",NA,NA,NA,NA,NA,NA,NA
k1_kernel_tuning,RVV,tile_N,16,2026-09-04T12:22:02,k1-rvv,"GEMM_RVV_FP32_INT8_8x8_Baseline","RVV_IGEMM_INT8_I8I32_8x8","igemm_kernel_8x8_zvl256b_lmulmf2_unroll2_i8i32",8x8,256b,mf2,2,INT8_RVV,0-7,8,8,1024,1024,1024,16,6,OK,0,NONE,0.121721044,GOPS,17.642665,parallel_tiles_including_required_packing,DISABLED,0,0,"0:cpu0:tiles8;1:cpu1:tiles8;2:cpu2:tiles8;3:cpu3:tiles8;4:cpu4:tiles8;5:cpu5:tiles8;6:cpu6:tiles8;7:cpu7:tiles8","NA",static,0,"NA","NA","/home/bananapi/MAT/kernels riscv rvv 1.0/FINAL/riscv-rvv-ime-gemm-microkernels-updated/HETEROGENEOUS_RVV_IME_OPENMP_GEMM/results/openmp_results_k1-rvv_1024_20260904_120220/raw_logs/GEMM_RVV_FP32_INT8_8x8_Baseline_RVV_IGEMM_INT8_I8I32_8x8_igemm_kernel_8x8_zvl256b_lmulmf2_unroll2_i8i32_run6.log",NA,NA,NA,NA,NA,NA,NA
k1_kernel_tuning,RVV,tile_N,16,2026-09-04T12:22:42,k1-rvv,"GEMM_RVV_FP32_INT8_8x8_Baseline","RVV_IGEMM_INT8_I8I32_8x8","igemm_kernel_8x8_zvl256b_lmulmf2_unroll4_i8i32",8x8,256b,mf2,4,INT8_RVV,0-7,8,8,1024,1024,1024,16,1,OK,0,NONE,0.121568002,GOPS,17.664876,parallel_tiles_including_required_packing,INDEPENDENT_INT64_REFERENCE_EXACT_INT32,0,0,"0:cpu0:tiles8;1:cpu1:tiles8;2:cpu2:tiles8;3:cpu3:tiles8;4:cpu4:tiles8;5:cpu5:tiles8;6:cpu6:tiles8;7:cpu7:tiles8","NA",static,0,"NA","NA","/home/bananapi/MAT/kernels riscv rvv 1.0/FINAL/riscv-rvv-ime-gemm-microkernels-updated/HETEROGENEOUS_RVV_IME_OPENMP_GEMM/results/openmp_results_k1-rvv_1024_20260904_120220/raw_logs/GEMM_RVV_FP32_INT8_8x8_Baseline_RVV_IGEMM_INT8_I8I32_8x8_igemm_kernel_8x8_zvl256b_lmulmf2_unroll4_i8i32_run1.log",NA,NA,NA,NA,NA,NA,NA
k1_kernel_tuning,RVV,tile_N,16,2026-09-04T12:22:42,k1-rvv,"GEMM_RVV_FP32_INT8_8x8_Baseline","RVV_IGEMM_INT8_I8I32_8x8","igemm_kernel_8x8_zvl256b_lmulmf2_unroll4_i8i32",8x8,256b,mf2,4,INT8_RVV,0-7,8,8,1024,1024,1024,16,2,OK,0,NONE,0.119808458,GOPS,17.924308,parallel_tiles_including_required_packing,DISABLED,0,0,"0:cpu0:tiles8;1:cpu1:tiles8;2:cpu2:tiles8;3:cpu3:tiles8;4:cpu4:tiles8;5:cpu5:tiles8;6:cpu6:tiles8;7:cpu7:tiles8","NA",static,0,"NA","NA","/home/bananapi/MAT/kernels riscv rvv 1.0/FINAL/riscv-rvv-ime-gemm-microkernels-updated/HETEROGENEOUS_RVV_IME_OPENMP_GEMM/results/openmp_results_k1-rvv_1024_20260904_120220/raw_logs/GEMM_RVV_FP32_INT8_8x8_Baseline_RVV_IGEMM_INT8_I8I32_8x8_igemm_kernel_8x8_zvl256b_lmulmf2_unroll4_i8i32_run2.log",NA,NA,NA,NA,NA,NA,NA
k1_kernel_tuning,RVV,tile_N,16,2026-09-04T12:22:43,k1-rvv,"GEMM_RVV_FP32_INT8_8x8_Baseline","RVV_IGEMM_INT8_I8I32_8x8","igemm_kernel_8x8_zvl256b_lmulmf2_unroll4_i8i32",8x8,256b,mf2,4,INT8_RVV,0-7,8,8,1024,1024,1024,16,3,OK,0,NONE,0.118484501,GOPS,18.124595,parallel_tiles_including_required_packing,DISABLED,0,0,"0:cpu0:tiles8;1:cpu1:tiles8;2:cpu2:tiles8;3:cpu3:tiles8;4:cpu4:tiles8;5:cpu5:tiles8;6:cpu6:tiles8;7:cpu7:tiles8","NA",static,0,"NA","NA","/home/bananapi/MAT/kernels riscv rvv 1.0/FINAL/riscv-rvv-ime-gemm-microkernels-updated/HETEROGENEOUS_RVV_IME_OPENMP_GEMM/results/openmp_results_k1-rvv_1024_20260904_120220/raw_logs/GEMM_RVV_FP32_INT8_8x8_Baseline_RVV_IGEMM_INT8_I8I32_8x8_igemm_kernel_8x8_zvl256b_lmulmf2_unroll4_i8i32_run3.log",NA,NA,NA,NA,NA,NA,NA
k1_kernel_tuning,RVV,tile_N,16,2026-09-04T12:22:43,k1-rvv,"GEMM_RVV_FP32_INT8_8x8_Baseline","RVV_IGEMM_INT8_I8I32_8x8","igemm_kernel_8x8_zvl256b_lmulmf2_unroll4_i8i32",8x8,256b,mf2,4,INT8_RVV,0-7,8,8,1024,1024,1024,16,4,OK,0,NONE,0.123219334,GOPS,17.428139,parallel_tiles_including_required_packing,DISABLED,0,0,"0:cpu0:tiles8;1:cpu1:tiles8;2:cpu2:tiles8;3:cpu3:tiles8;4:cpu4:tiles8;5:cpu5:tiles8;6:cpu6:tiles8;7:cpu7:tiles8","NA",static,0,"NA","NA","/home/bananapi/MAT/kernels riscv rvv 1.0/FINAL/riscv-rvv-ime-gemm-microkernels-updated/HETEROGENEOUS_RVV_IME_OPENMP_GEMM/results/openmp_results_k1-rvv_1024_20260904_120220/raw_logs/GEMM_RVV_FP32_INT8_8x8_Baseline_RVV_IGEMM_INT8_I8I32_8x8_igemm_kernel_8x8_zvl256b_lmulmf2_unroll4_i8i32_run4.log",NA,NA,NA,NA,NA,NA,NA
k1_kernel_tuning,RVV,tile_N,16,2026-09-04T12:22:44,k1-rvv,"GEMM_RVV_FP32_INT8_8x8_Baseline","RVV_IGEMM_INT8_I8I32_8x8","igemm_kernel_8x8_zvl256b_lmulmf2_unroll4_i8i32",8x8,256b,mf2,4,INT8_RVV,0-7,8,8,1024,1024,1024,16,5,OK,0,NONE,0.119346999,GOPS,17.993613,parallel_tiles_including_required_packing,DISABLED,0,0,"0:cpu0:tiles8;1:cpu1:tiles8;2:cpu2:tiles8;3:cpu3:tiles8;4:cpu4:tiles8;5:cpu5:tiles8;6:cpu6:tiles8;7:cpu7:tiles8","NA",static,0,"NA","NA","/home/bananapi/MAT/kernels riscv rvv 1.0/FINAL/riscv-rvv-ime-gemm-microkernels-updated/HETEROGENEOUS_RVV_IME_OPENMP_GEMM/results/openmp_results_k1-rvv_1024_20260904_120220/raw_logs/GEMM_RVV_FP32_INT8_8x8_Baseline_RVV_IGEMM_INT8_I8I32_8x8_igemm_kernel_8x8_zvl256b_lmulmf2_unroll4_i8i32_run5.log",NA,NA,NA,NA,NA,NA,NA
k1_kernel_tuning,RVV,tile_N,16,2026-09-04T12:22:44,k1-rvv,"GEMM_RVV_FP32_INT8_8x8_Baseline","RVV_IGEMM_INT8_I8I32_8x8","igemm_kernel_8x8_zvl256b_lmulmf2_unroll4_i8i32",8x8,256b,mf2,4,INT8_RVV,0-7,8,8,1024,1024,1024,16,6,OK,0,NONE,0.119833000,GOPS,17.920637,parallel_tiles_including_required_packing,DISABLED,0,0,"0:cpu0:tiles8;1:cpu1:tiles8;2:cpu2:tiles8;3:cpu3:tiles8;4:cpu4:tiles8;5:cpu5:tiles8;6:cpu6:tiles8;7:cpu7:tiles8","NA",static,0,"NA","NA","/home/bananapi/MAT/kernels riscv rvv 1.0/FINAL/riscv-rvv-ime-gemm-microkernels-updated/HETEROGENEOUS_RVV_IME_OPENMP_GEMM/results/openmp_results_k1-rvv_1024_20260904_120220/raw_logs/GEMM_RVV_FP32_INT8_8x8_Baseline_RVV_IGEMM_INT8_I8I32_8x8_igemm_kernel_8x8_zvl256b_lmulmf2_unroll4_i8i32_run6.log",NA,NA,NA,NA,NA,NA,NA
k1_kernel_tuning,RVV,tile_N,16,2026-09-04T12:23:17,k1-rvv,"GEMM_RVV_FP32_INT8_8x8_Baseline","RVV_IGEMM_INT8_I8I32_8x8","igemm_kernel_8x8_zvl256b_lmulmf2_unroll8_i8i32",8x8,256b,mf2,8,INT8_RVV,0-7,8,8,1024,1024,1024,16,1,OK,0,NONE,0.120027538,GOPS,17.891591,parallel_tiles_including_required_packing,INDEPENDENT_INT64_REFERENCE_EXACT_INT32,0,0,"0:cpu0:tiles8;1:cpu1:tiles8;2:cpu2:tiles8;3:cpu3:tiles8;4:cpu4:tiles8;5:cpu5:tiles8;6:cpu6:tiles8;7:cpu7:tiles8","NA",static,0,"NA","NA","/home/bananapi/MAT/kernels riscv rvv 1.0/FINAL/riscv-rvv-ime-gemm-microkernels-updated/HETEROGENEOUS_RVV_IME_OPENMP_GEMM/results/openmp_results_k1-rvv_1024_20260904_120220/raw_logs/GEMM_RVV_FP32_INT8_8x8_Baseline_RVV_IGEMM_INT8_I8I32_8x8_igemm_kernel_8x8_zvl256b_lmulmf2_unroll8_i8i32_run1.log",NA,NA,NA,NA,NA,NA,NA
k1_kernel_tuning,RVV,tile_N,16,2026-09-04T12:23:18,k1-rvv,"GEMM_RVV_FP32_INT8_8x8_Baseline","RVV_IGEMM_INT8_I8I32_8x8","igemm_kernel_8x8_zvl256b_lmulmf2_unroll8_i8i32",8x8,256b,mf2,8,INT8_RVV,0-7,8,8,1024,1024,1024,16,2,OK,0,NONE,0.121423583,GOPS,17.685886,parallel_tiles_including_required_packing,DISABLED,0,0,"0:cpu0:tiles8;1:cpu1:tiles8;2:cpu2:tiles8;3:cpu3:tiles8;4:cpu4:tiles8;5:cpu5:tiles8;6:cpu6:tiles8;7:cpu7:tiles8","NA",static,0,"NA","NA","/home/bananapi/MAT/kernels riscv rvv 1.0/FINAL/riscv-rvv-ime-gemm-microkernels-updated/HETEROGENEOUS_RVV_IME_OPENMP_GEMM/results/openmp_results_k1-rvv_1024_20260904_120220/raw_logs/GEMM_RVV_FP32_INT8_8x8_Baseline_RVV_IGEMM_INT8_I8I32_8x8_igemm_kernel_8x8_zvl256b_lmulmf2_unroll8_i8i32_run2.log",NA,NA,NA,NA,NA,NA,NA
k1_kernel_tuning,RVV,tile_N,16,2026-09-04T12:23:18,k1-rvv,"GEMM_RVV_FP32_INT8_8x8_Baseline","RVV_IGEMM_INT8_I8I32_8x8","igemm_kernel_8x8_zvl256b_lmulmf2_unroll8_i8i32",8x8,256b,mf2,8,INT8_RVV,0-7,8,8,1024,1024,1024,16,3,OK,0,NONE,0.122862127,GOPS,17.478809,parallel_tiles_including_required_packing,DISABLED,0,0,"0:cpu0:tiles8;1:cpu1:tiles8;2:cpu2:tiles8;3:cpu3:tiles8;4:cpu4:tiles8;5:cpu5:tiles8;6:cpu6:tiles8;7:cpu7:tiles8","NA",static,0,"NA","NA","/home/bananapi/MAT/kernels riscv rvv 1.0/FINAL/riscv-rvv-ime-gemm-microkernels-updated/HETEROGENEOUS_RVV_IME_OPENMP_GEMM/results/openmp_results_k1-rvv_1024_20260904_120220/raw_logs/GEMM_RVV_FP32_INT8_8x8_Baseline_RVV_IGEMM_INT8_I8I32_8x8_igemm_kernel_8x8_zvl256b_lmulmf2_unroll8_i8i32_run3.log",NA,NA,NA,NA,NA,NA,NA
k1_kernel_tuning,RVV,tile_N,16,2026-09-04T12:23:19,k1-rvv,"GEMM_RVV_FP32_INT8_8x8_Baseline","RVV_IGEMM_INT8_I8I32_8x8","igemm_kernel_8x8_zvl256b_lmulmf2_unroll8_i8i32",8x8,256b,mf2,8,INT8_RVV,0-7,8,8,1024,1024,1024,16,4,OK,0,NONE,0.117840830,GOPS,18.223596,parallel_tiles_including_required_packing,DISABLED,0,0,"0:cpu0:tiles8;1:cpu1:tiles8;2:cpu2:tiles8;3:cpu3:tiles8;4:cpu4:tiles8;5:cpu5:tiles8;6:cpu6:tiles8;7:cpu7:tiles8","NA",static,0,"NA","NA","/home/bananapi/MAT/kernels riscv rvv 1.0/FINAL/riscv-rvv-ime-gemm-microkernels-updated/HETEROGENEOUS_RVV_IME_OPENMP_GEMM/results/openmp_results_k1-rvv_1024_20260904_120220/raw_logs/GEMM_RVV_FP32_INT8_8x8_Baseline_RVV_IGEMM_INT8_I8I32_8x8_igemm_kernel_8x8_zvl256b_lmulmf2_unroll8_i8i32_run4.log",NA,NA,NA,NA,NA,NA,NA
k1_kernel_tuning,RVV,tile_N,16,2026-09-04T12:23:19,k1-rvv,"GEMM_RVV_FP32_INT8_8x8_Baseline","RVV_IGEMM_INT8_I8I32_8x8","igemm_kernel_8x8_zvl256b_lmulmf2_unroll8_i8i32",8x8,256b,mf2,8,INT8_RVV,0-7,8,8,1024,1024,1024,16,5,OK,0,NONE,0.123842876,GOPS,17.340389,parallel_tiles_including_required_packing,DISABLED,0,0,"0:cpu0:tiles8;1:cpu1:tiles8;2:cpu2:tiles8;3:cpu3:tiles8;4:cpu4:tiles8;5:cpu5:tiles8;6:cpu6:tiles8;7:cpu7:tiles8","NA",static,0,"NA","NA","/home/bananapi/MAT/kernels riscv rvv 1.0/FINAL/riscv-rvv-ime-gemm-microkernels-updated/HETEROGENEOUS_RVV_IME_OPENMP_GEMM/results/openmp_results_k1-rvv_1024_20260904_120220/raw_logs/GEMM_RVV_FP32_INT8_8x8_Baseline_RVV_IGEMM_INT8_I8I32_8x8_igemm_kernel_8x8_zvl256b_lmulmf2_unroll8_i8i32_run5.log",NA,NA,NA,NA,NA,NA,NA
k1_kernel_tuning,RVV,tile_N,16,2026-09-04T12:23:20,k1-rvv,"GEMM_RVV_FP32_INT8_8x8_Baseline","RVV_IGEMM_INT8_I8I32_8x8","igemm_kernel_8x8_zvl256b_lmulmf2_unroll8_i8i32",8x8,256b,mf2,8,INT8_RVV,0-7,8,8,1024,1024,1024,16,6,OK,0,NONE,0.119244456,GOPS,18.009086,parallel_tiles_including_required_packing,DISABLED,0,0,"0:cpu0:tiles8;1:cpu1:tiles8;2:cpu2:tiles8;3:cpu3:tiles8;4:cpu4:tiles8;5:cpu5:tiles8;6:cpu6:tiles8;7:cpu7:tiles8","NA",static,0,"NA","NA","/home/bananapi/MAT/kernels riscv rvv 1.0/FINAL/riscv-rvv-ime-gemm-microkernels-updated/HETEROGENEOUS_RVV_IME_OPENMP_GEMM/results/openmp_results_k1-rvv_1024_20260904_120220/raw_logs/GEMM_RVV_FP32_INT8_8x8_Baseline_RVV_IGEMM_INT8_I8I32_8x8_igemm_kernel_8x8_zvl256b_lmulmf2_unroll8_i8i32_run6.log",NA,NA,NA,NA,NA,NA,NA
k1_kernel_tuning,RVV,tile_N,16,2026-09-04T12:23:51,k1-rvv,"GEMM_RVV_FP32_INT8_8x8_Baseline","RVV_IGEMM_INT8_I8I32_8x8","igemm_kernel_8x8_zvl256b_lmulmf4_unroll1_i8i32",8x8,256b,mf4,1,INT8_RVV,0-7,8,8,1024,1024,1024,16,1,OK,0,NONE,0.126362126,GOPS,16.994678,parallel_tiles_including_required_packing,INDEPENDENT_INT64_REFERENCE_EXACT_INT32,0,0,"0:cpu0:tiles8;1:cpu1:tiles8;2:cpu2:tiles8;3:cpu3:tiles8;4:cpu4:tiles8;5:cpu5:tiles8;6:cpu6:tiles8;7:cpu7:tiles8","NA",static,0,"NA","NA","/home/bananapi/MAT/kernels riscv rvv 1.0/FINAL/riscv-rvv-ime-gemm-microkernels-updated/HETEROGENEOUS_RVV_IME_OPENMP_GEMM/results/openmp_results_k1-rvv_1024_20260904_120220/raw_logs/GEMM_RVV_FP32_INT8_8x8_Baseline_RVV_IGEMM_INT8_I8I32_8x8_igemm_kernel_8x8_zvl256b_lmulmf4_unroll1_i8i32_run1.log",NA,NA,NA,NA,NA,NA,NA
k1_kernel_tuning,RVV,tile_N,16,2026-09-04T12:23:52,k1-rvv,"GEMM_RVV_FP32_INT8_8x8_Baseline","RVV_IGEMM_INT8_I8I32_8x8","igemm_kernel_8x8_zvl256b_lmulmf4_unroll1_i8i32",8x8,256b,mf4,1,INT8_RVV,0-7,8,8,1024,1024,1024,16,2,OK,0,NONE,0.114294041,GOPS,18.789113,parallel_tiles_including_required_packing,DISABLED,0,0,"0:cpu0:tiles8;1:cpu1:tiles8;2:cpu2:tiles8;3:cpu3:tiles8;4:cpu4:tiles8;5:cpu5:tiles8;6:cpu6:tiles8;7:cpu7:tiles8","NA",static,0,"NA","NA","/home/bananapi/MAT/kernels riscv rvv 1.0/FINAL/riscv-rvv-ime-gemm-microkernels-updated/HETEROGENEOUS_RVV_IME_OPENMP_GEMM/results/openmp_results_k1-rvv_1024_20260904_120220/raw_logs/GEMM_RVV_FP32_INT8_8x8_Baseline_RVV_IGEMM_INT8_I8I32_8x8_igemm_kernel_8x8_zvl256b_lmulmf4_unroll1_i8i32_run2.log",NA,NA,NA,NA,NA,NA,NA
k1_kernel_tuning,RVV,tile_N,16,2026-09-04T12:23:52,k1-rvv,"GEMM_RVV_FP32_INT8_8x8_Baseline","RVV_IGEMM_INT8_I8I32_8x8","igemm_kernel_8x8_zvl256b_lmulmf4_unroll1_i8i32",8x8,256b,mf4,1,INT8_RVV,0-7,8,8,1024,1024,1024,16,3,OK,0,NONE,0.113983043,GOPS,18.840378,parallel_tiles_including_required_packing,DISABLED,0,0,"0:cpu0:tiles8;1:cpu1:tiles8;2:cpu2:tiles8;3:cpu3:tiles8;4:cpu4:tiles8;5:cpu5:tiles8;6:cpu6:tiles8;7:cpu7:tiles8","NA",static,0,"NA","NA","/home/bananapi/MAT/kernels riscv rvv 1.0/FINAL/riscv-rvv-ime-gemm-microkernels-updated/HETEROGENEOUS_RVV_IME_OPENMP_GEMM/results/openmp_results_k1-rvv_1024_20260904_120220/raw_logs/GEMM_RVV_FP32_INT8_8x8_Baseline_RVV_IGEMM_INT8_I8I32_8x8_igemm_kernel_8x8_zvl256b_lmulmf4_unroll1_i8i32_run3.log",NA,NA,NA,NA,NA,NA,NA
k1_kernel_tuning,RVV,tile_N,16,2026-09-04T12:23:53,k1-rvv,"GEMM_RVV_FP32_INT8_8x8_Baseline","RVV_IGEMM_INT8_I8I32_8x8","igemm_kernel_8x8_zvl256b_lmulmf4_unroll1_i8i32",8x8,256b,mf4,1,INT8_RVV,0-7,8,8,1024,1024,1024,16,4,OK,0,NONE,0.122616917,GOPS,17.513763,parallel_tiles_including_required_packing,DISABLED,0,0,"0:cpu0:tiles8;1:cpu1:tiles8;2:cpu2:tiles8;3:cpu3:tiles8;4:cpu4:tiles8;5:cpu5:tiles8;6:cpu6:tiles8;7:cpu7:tiles8","NA",static,0,"NA","NA","/home/bananapi/MAT/kernels riscv rvv 1.0/FINAL/riscv-rvv-ime-gemm-microkernels-updated/HETEROGENEOUS_RVV_IME_OPENMP_GEMM/results/openmp_results_k1-rvv_1024_20260904_120220/raw_logs/GEMM_RVV_FP32_INT8_8x8_Baseline_RVV_IGEMM_INT8_I8I32_8x8_igemm_kernel_8x8_zvl256b_lmulmf4_unroll1_i8i32_run4.log",NA,NA,NA,NA,NA,NA,NA
k1_kernel_tuning,RVV,tile_N,16,2026-09-04T12:23:53,k1-rvv,"GEMM_RVV_FP32_INT8_8x8_Baseline","RVV_IGEMM_INT8_I8I32_8x8","igemm_kernel_8x8_zvl256b_lmulmf4_unroll1_i8i32",8x8,256b,mf4,1,INT8_RVV,0-7,8,8,1024,1024,1024,16,5,OK,0,NONE,0.114607833,GOPS,18.737669,parallel_tiles_including_required_packing,DISABLED,0,0,"0:cpu0:tiles8;1:cpu1:tiles8;2:cpu2:tiles8;3:cpu3:tiles8;4:cpu4:tiles8;5:cpu5:tiles8;6:cpu6:tiles8;7:cpu7:tiles8","NA",static,0,"NA","NA","/home/bananapi/MAT/kernels riscv rvv 1.0/FINAL/riscv-rvv-ime-gemm-microkernels-updated/HETEROGENEOUS_RVV_IME_OPENMP_GEMM/results/openmp_results_k1-rvv_1024_20260904_120220/raw_logs/GEMM_RVV_FP32_INT8_8x8_Baseline_RVV_IGEMM_INT8_I8I32_8x8_igemm_kernel_8x8_zvl256b_lmulmf4_unroll1_i8i32_run5.log",NA,NA,NA,NA,NA,NA,NA
k1_kernel_tuning,RVV,tile_N,16,2026-09-04T12:23:54,k1-rvv,"GEMM_RVV_FP32_INT8_8x8_Baseline","RVV_IGEMM_INT8_I8I32_8x8","igemm_kernel_8x8_zvl256b_lmulmf4_unroll1_i8i32",8x8,256b,mf4,1,INT8_RVV,0-7,8,8,1024,1024,1024,16,6,OK,0,NONE,0.112930000,GOPS,19.016060,parallel_tiles_including_required_packing,DISABLED,0,0,"0:cpu0:tiles8;1:cpu1:tiles8;2:cpu2:tiles8;3:cpu3:tiles8;4:cpu4:tiles8;5:cpu5:tiles8;6:cpu6:tiles8;7:cpu7:tiles8","NA",static,0,"NA","NA","/home/bananapi/MAT/kernels riscv rvv 1.0/FINAL/riscv-rvv-ime-gemm-microkernels-updated/HETEROGENEOUS_RVV_IME_OPENMP_GEMM/results/openmp_results_k1-rvv_1024_20260904_120220/raw_logs/GEMM_RVV_FP32_INT8_8x8_Baseline_RVV_IGEMM_INT8_I8I32_8x8_igemm_kernel_8x8_zvl256b_lmulmf4_unroll1_i8i32_run6.log",NA,NA,NA,NA,NA,NA,NA
k1_kernel_tuning,RVV,tile_N,16,2026-09-04T12:24:32,k1-rvv,"GEMM_RVV_FP32_INT8_8x8_Baseline","RVV_IGEMM_INT8_I8I32_8x8","igemm_kernel_8x8_zvl256b_lmulmf4_unroll2_i8i32",8x8,256b,mf4,2,INT8_RVV,0-7,8,8,1024,1024,1024,16,1,OK,0,NONE,0.126876622,GOPS,16.925763,parallel_tiles_including_required_packing,INDEPENDENT_INT64_REFERENCE_EXACT_INT32,0,0,"0:cpu0:tiles8;1:cpu1:tiles8;2:cpu2:tiles8;3:cpu3:tiles8;4:cpu4:tiles8;5:cpu5:tiles8;6:cpu6:tiles8;7:cpu7:tiles8","NA",static,0,"NA","NA","/home/bananapi/MAT/kernels riscv rvv 1.0/FINAL/riscv-rvv-ime-gemm-microkernels-updated/HETEROGENEOUS_RVV_IME_OPENMP_GEMM/results/openmp_results_k1-rvv_1024_20260904_120220/raw_logs/GEMM_RVV_FP32_INT8_8x8_Baseline_RVV_IGEMM_INT8_I8I32_8x8_igemm_kernel_8x8_zvl256b_lmulmf4_unroll2_i8i32_run1.log",NA,NA,NA,NA,NA,NA,NA
k1_kernel_tuning,RVV,tile_N,16,2026-09-04T12:24:33,k1-rvv,"GEMM_RVV_FP32_INT8_8x8_Baseline","RVV_IGEMM_INT8_I8I32_8x8","igemm_kernel_8x8_zvl256b_lmulmf4_unroll2_i8i32",8x8,256b,mf4,2,INT8_RVV,0-7,8,8,1024,1024,1024,16,2,OK,0,NONE,0.113425292,GOPS,18.933023,parallel_tiles_including_required_packing,DISABLED,0,0,"0:cpu0:tiles8;1:cpu1:tiles8;2:cpu2:tiles8;3:cpu3:tiles8;4:cpu4:tiles8;5:cpu5:tiles8;6:cpu6:tiles8;7:cpu7:tiles8","NA",static,0,"NA","NA","/home/bananapi/MAT/kernels riscv rvv 1.0/FINAL/riscv-rvv-ime-gemm-microkernels-updated/HETEROGENEOUS_RVV_IME_OPENMP_GEMM/results/openmp_results_k1-rvv_1024_20260904_120220/raw_logs/GEMM_RVV_FP32_INT8_8x8_Baseline_RVV_IGEMM_INT8_I8I32_8x8_igemm_kernel_8x8_zvl256b_lmulmf4_unroll2_i8i32_run2.log",NA,NA,NA,NA,NA,NA,NA
k1_kernel_tuning,RVV,tile_N,16,2026-09-04T12:24:33,k1-rvv,"GEMM_RVV_FP32_INT8_8x8_Baseline","RVV_IGEMM_INT8_I8I32_8x8","igemm_kernel_8x8_zvl256b_lmulmf4_unroll2_i8i32",8x8,256b,mf4,2,INT8_RVV,0-7,8,8,1024,1024,1024,16,3,OK,0,NONE,0.151121292,GOPS,14.210331,parallel_tiles_including_required_packing,DISABLED,0,0,"0:cpu0:tiles8;1:cpu1:tiles8;2:cpu2:tiles8;3:cpu3:tiles8;4:cpu4:tiles8;5:cpu5:tiles8;6:cpu6:tiles8;7:cpu7:tiles8","NA",static,0,"NA","NA","/home/bananapi/MAT/kernels riscv rvv 1.0/FINAL/riscv-rvv-ime-gemm-microkernels-updated/HETEROGENEOUS_RVV_IME_OPENMP_GEMM/results/openmp_results_k1-rvv_1024_20260904_120220/raw_logs/GEMM_RVV_FP32_INT8_8x8_Baseline_RVV_IGEMM_INT8_I8I32_8x8_igemm_kernel_8x8_zvl256b_lmulmf4_unroll2_i8i32_run3.log",NA,NA,NA,NA,NA,NA,NA
k1_kernel_tuning,RVV,tile_N,16,2026-09-04T12:24:34,k1-rvv,"GEMM_RVV_FP32_INT8_8x8_Baseline","RVV_IGEMM_INT8_I8I32_8x8","igemm_kernel_8x8_zvl256b_lmulmf4_unroll2_i8i32",8x8,256b,mf4,2,INT8_RVV,0-7,8,8,1024,1024,1024,16,4,OK,0,NONE,0.131403830,GOPS,16.342626,parallel_tiles_including_required_packing,DISABLED,0,0,"0:cpu0:tiles8;1:cpu1:tiles8;2:cpu2:tiles8;3:cpu3:tiles8;4:cpu4:tiles8;5:cpu5:tiles8;6:cpu6:tiles8;7:cpu7:tiles8","NA",static,0,"NA","NA","/home/bananapi/MAT/kernels riscv rvv 1.0/FINAL/riscv-rvv-ime-gemm-microkernels-updated/HETEROGENEOUS_RVV_IME_OPENMP_GEMM/results/openmp_results_k1-rvv_1024_20260904_120220/raw_logs/GEMM_RVV_FP32_INT8_8x8_Baseline_RVV_IGEMM_INT8_I8I32_8x8_igemm_kernel_8x8_zvl256b_lmulmf4_unroll2_i8i32_run4.log",NA,NA,NA,NA,NA,NA,NA
k1_kernel_tuning,RVV,tile_N,16,2026-09-04T12:24:35,k1-rvv,"GEMM_RVV_FP32_INT8_8x8_Baseline","RVV_IGEMM_INT8_I8I32_8x8","igemm_kernel_8x8_zvl256b_lmulmf4_unroll2_i8i32",8x8,256b,mf4,2,INT8_RVV,0-7,8,8,1024,1024,1024,16,5,OK,0,NONE,0.131903417,GOPS,16.280728,parallel_tiles_including_required_packing,DISABLED,0,0,"0:cpu0:tiles8;1:cpu1:tiles8;2:cpu2:tiles8;3:cpu3:tiles8;4:cpu4:tiles8;5:cpu5:tiles8;6:cpu6:tiles8;7:cpu7:tiles8","NA",static,0,"NA","NA","/home/bananapi/MAT/kernels riscv rvv 1.0/FINAL/riscv-rvv-ime-gemm-microkernels-updated/HETEROGENEOUS_RVV_IME_OPENMP_GEMM/results/openmp_results_k1-rvv_1024_20260904_120220/raw_logs/GEMM_RVV_FP32_INT8_8x8_Baseline_RVV_IGEMM_INT8_I8I32_8x8_igemm_kernel_8x8_zvl256b_lmulmf4_unroll2_i8i32_run5.log",NA,NA,NA,NA,NA,NA,NA
k1_kernel_tuning,RVV,tile_N,16,2026-09-04T12:24:35,k1-rvv,"GEMM_RVV_FP32_INT8_8x8_Baseline","RVV_IGEMM_INT8_I8I32_8x8","igemm_kernel_8x8_zvl256b_lmulmf4_unroll2_i8i32",8x8,256b,mf4,2,INT8_RVV,0-7,8,8,1024,1024,1024,16,6,OK,0,NONE,0.130460374,GOPS,16.460812,parallel_tiles_including_required_packing,DISABLED,0,0,"0:cpu0:tiles8;1:cpu1:tiles8;2:cpu2:tiles8;3:cpu3:tiles8;4:cpu4:tiles8;5:cpu5:tiles8;6:cpu6:tiles8;7:cpu7:tiles8","NA",static,0,"NA","NA","/home/bananapi/MAT/kernels riscv rvv 1.0/FINAL/riscv-rvv-ime-gemm-microkernels-updated/HETEROGENEOUS_RVV_IME_OPENMP_GEMM/results/openmp_results_k1-rvv_1024_20260904_120220/raw_logs/GEMM_RVV_FP32_INT8_8x8_Baseline_RVV_IGEMM_INT8_I8I32_8x8_igemm_kernel_8x8_zvl256b_lmulmf4_unroll2_i8i32_run6.log",NA,NA,NA,NA,NA,NA,NA
k1_kernel_tuning,RVV,tile_N,16,2026-09-04T12:25:14,k1-rvv,"GEMM_RVV_FP32_INT8_8x8_Baseline","RVV_IGEMM_INT8_I8I32_8x8","igemm_kernel_8x8_zvl256b_lmulmf4_unroll4_i8i32",8x8,256b,mf4,4,INT8_RVV,0-7,8,8,1024,1024,1024,16,1,OK,0,NONE,0.135463584,GOPS,15.852848,parallel_tiles_including_required_packing,INDEPENDENT_INT64_REFERENCE_EXACT_INT32,0,0,"0:cpu0:tiles8;1:cpu1:tiles8;2:cpu2:tiles8;3:cpu3:tiles8;4:cpu4:tiles8;5:cpu5:tiles8;6:cpu6:tiles8;7:cpu7:tiles8","NA",static,0,"NA","NA","/home/bananapi/MAT/kernels riscv rvv 1.0/FINAL/riscv-rvv-ime-gemm-microkernels-updated/HETEROGENEOUS_RVV_IME_OPENMP_GEMM/results/openmp_results_k1-rvv_1024_20260904_120220/raw_logs/GEMM_RVV_FP32_INT8_8x8_Baseline_RVV_IGEMM_INT8_I8I32_8x8_igemm_kernel_8x8_zvl256b_lmulmf4_unroll4_i8i32_run1.log",NA,NA,NA,NA,NA,NA,NA
k1_kernel_tuning,RVV,tile_N,16,2026-09-04T12:25:15,k1-rvv,"GEMM_RVV_FP32_INT8_8x8_Baseline","RVV_IGEMM_INT8_I8I32_8x8","igemm_kernel_8x8_zvl256b_lmulmf4_unroll4_i8i32",8x8,256b,mf4,4,INT8_RVV,0-7,8,8,1024,1024,1024,16,2,OK,0,NONE,0.115640000,GOPS,18.570422,parallel_tiles_including_required_packing,DISABLED,0,0,"0:cpu0:tiles8;1:cpu1:tiles8;2:cpu2:tiles8;3:cpu3:tiles8;4:cpu4:tiles8;5:cpu5:tiles8;6:cpu6:tiles8;7:cpu7:tiles8","NA",static,0,"NA","NA","/home/bananapi/MAT/kernels riscv rvv 1.0/FINAL/riscv-rvv-ime-gemm-microkernels-updated/HETEROGENEOUS_RVV_IME_OPENMP_GEMM/results/openmp_results_k1-rvv_1024_20260904_120220/raw_logs/GEMM_RVV_FP32_INT8_8x8_Baseline_RVV_IGEMM_INT8_I8I32_8x8_igemm_kernel_8x8_zvl256b_lmulmf4_unroll4_i8i32_run2.log",NA,NA,NA,NA,NA,NA,NA
k1_kernel_tuning,RVV,tile_N,16,2026-09-04T12:25:15,k1-rvv,"GEMM_RVV_FP32_INT8_8x8_Baseline","RVV_IGEMM_INT8_I8I32_8x8","igemm_kernel_8x8_zvl256b_lmulmf4_unroll4_i8i32",8x8,256b,mf4,4,INT8_RVV,0-7,8,8,1024,1024,1024,16,3,OK,0,NONE,0.114263792,GOPS,18.794087,parallel_tiles_including_required_packing,DISABLED,0,0,"0:cpu0:tiles8;1:cpu1:tiles8;2:cpu2:tiles8;3:cpu3:tiles8;4:cpu4:tiles8;5:cpu5:tiles8;6:cpu6:tiles8;7:cpu7:tiles8","NA",static,0,"NA","NA","/home/bananapi/MAT/kernels riscv rvv 1.0/FINAL/riscv-rvv-ime-gemm-microkernels-updated/HETEROGENEOUS_RVV_IME_OPENMP_GEMM/results/openmp_results_k1-rvv_1024_20260904_120220/raw_logs/GEMM_RVV_FP32_INT8_8x8_Baseline_RVV_IGEMM_INT8_I8I32_8x8_igemm_kernel_8x8_zvl256b_lmulmf4_unroll4_i8i32_run3.log",NA,NA,NA,NA,NA,NA,NA
k1_kernel_tuning,RVV,tile_N,16,2026-09-04T12:25:16,k1-rvv,"GEMM_RVV_FP32_INT8_8x8_Baseline","RVV_IGEMM_INT8_I8I32_8x8","igemm_kernel_8x8_zvl256b_lmulmf4_unroll4_i8i32",8x8,256b,mf4,4,INT8_RVV,0-7,8,8,1024,1024,1024,16,4,OK,0,NONE,0.118187793,GOPS,18.170097,parallel_tiles_including_required_packing,DISABLED,0,0,"0:cpu0:tiles8;1:cpu1:tiles8;2:cpu2:tiles8;3:cpu3:tiles8;4:cpu4:tiles8;5:cpu5:tiles8;6:cpu6:tiles8;7:cpu7:tiles8","NA",static,0,"NA","NA","/home/bananapi/MAT/kernels riscv rvv 1.0/FINAL/riscv-rvv-ime-gemm-microkernels-updated/HETEROGENEOUS_RVV_IME_OPENMP_GEMM/results/openmp_results_k1-rvv_1024_20260904_120220/raw_logs/GEMM_RVV_FP32_INT8_8x8_Baseline_RVV_IGEMM_INT8_I8I32_8x8_igemm_kernel_8x8_zvl256b_lmulmf4_unroll4_i8i32_run4.log",NA,NA,NA,NA,NA,NA,NA
k1_kernel_tuning,RVV,tile_N,16,2026-09-04T12:25:17,k1-rvv,"GEMM_RVV_FP32_INT8_8x8_Baseline","RVV_IGEMM_INT8_I8I32_8x8","igemm_kernel_8x8_zvl256b_lmulmf4_unroll4_i8i32",8x8,256b,mf4,4,INT8_RVV,0-7,8,8,1024,1024,1024,16,5,OK,0,NONE,0.116130169,GOPS,18.492039,parallel_tiles_including_required_packing,DISABLED,0,0,"0:cpu0:tiles8;1:cpu1:tiles8;2:cpu2:tiles8;3:cpu3:tiles8;4:cpu4:tiles8;5:cpu5:tiles8;6:cpu6:tiles8;7:cpu7:tiles8","NA",static,0,"NA","NA","/home/bananapi/MAT/kernels riscv rvv 1.0/FINAL/riscv-rvv-ime-gemm-microkernels-updated/HETEROGENEOUS_RVV_IME_OPENMP_GEMM/results/openmp_results_k1-rvv_1024_20260904_120220/raw_logs/GEMM_RVV_FP32_INT8_8x8_Baseline_RVV_IGEMM_INT8_I8I32_8x8_igemm_kernel_8x8_zvl256b_lmulmf4_unroll4_i8i32_run5.log",NA,NA,NA,NA,NA,NA,NA
k1_kernel_tuning,RVV,tile_N,16,2026-09-04T12:25:17,k1-rvv,"GEMM_RVV_FP32_INT8_8x8_Baseline","RVV_IGEMM_INT8_I8I32_8x8","igemm_kernel_8x8_zvl256b_lmulmf4_unroll4_i8i32",8x8,256b,mf4,4,INT8_RVV,0-7,8,8,1024,1024,1024,16,6,OK,0,NONE,0.114213042,GOPS,18.802438,parallel_tiles_including_required_packing,DISABLED,0,0,"0:cpu0:tiles8;1:cpu1:tiles8;2:cpu2:tiles8;3:cpu3:tiles8;4:cpu4:tiles8;5:cpu5:tiles8;6:cpu6:tiles8;7:cpu7:tiles8","NA",static,0,"NA","NA","/home/bananapi/MAT/kernels riscv rvv 1.0/FINAL/riscv-rvv-ime-gemm-microkernels-updated/HETEROGENEOUS_RVV_IME_OPENMP_GEMM/results/openmp_results_k1-rvv_1024_20260904_120220/raw_logs/GEMM_RVV_FP32_INT8_8x8_Baseline_RVV_IGEMM_INT8_I8I32_8x8_igemm_kernel_8x8_zvl256b_lmulmf4_unroll4_i8i32_run6.log",NA,NA,NA,NA,NA,NA,NA
k1_kernel_tuning,RVV,tile_N,16,2026-09-04T12:25:57,k1-rvv,"GEMM_RVV_FP32_INT8_8x8_Baseline","RVV_IGEMM_INT8_I8I32_8x8","igemm_kernel_8x8_zvl256b_lmulmf4_unroll8_i8i32",8x8,256b,mf4,8,INT8_RVV,0-7,8,8,1024,1024,1024,16,1,OK,0,NONE,0.129799251,GOPS,16.544654,parallel_tiles_including_required_packing,INDEPENDENT_INT64_REFERENCE_EXACT_INT32,0,0,"0:cpu0:tiles8;1:cpu1:tiles8;2:cpu2:tiles8;3:cpu3:tiles8;4:cpu4:tiles8;5:cpu5:tiles8;6:cpu6:tiles8;7:cpu7:tiles8","NA",static,0,"NA","NA","/home/bananapi/MAT/kernels riscv rvv 1.0/FINAL/riscv-rvv-ime-gemm-microkernels-updated/HETEROGENEOUS_RVV_IME_OPENMP_GEMM/results/openmp_results_k1-rvv_1024_20260904_120220/raw_logs/GEMM_RVV_FP32_INT8_8x8_Baseline_RVV_IGEMM_INT8_I8I32_8x8_igemm_kernel_8x8_zvl256b_lmulmf4_unroll8_i8i32_run1.log",NA,NA,NA,NA,NA,NA,NA
k1_kernel_tuning,RVV,tile_N,16,2026-09-04T12:25:58,k1-rvv,"GEMM_RVV_FP32_INT8_8x8_Baseline","RVV_IGEMM_INT8_I8I32_8x8","igemm_kernel_8x8_zvl256b_lmulmf4_unroll8_i8i32",8x8,256b,mf4,8,INT8_RVV,0-7,8,8,1024,1024,1024,16,2,OK,0,NONE,0.117407165,GOPS,18.290908,parallel_tiles_including_required_packing,DISABLED,0,0,"0:cpu0:tiles8;1:cpu1:tiles8;2:cpu2:tiles8;3:cpu3:tiles8;4:cpu4:tiles8;5:cpu5:tiles8;6:cpu6:tiles8;7:cpu7:tiles8","NA",static,0,"NA","NA","/home/bananapi/MAT/kernels riscv rvv 1.0/FINAL/riscv-rvv-ime-gemm-microkernels-updated/HETEROGENEOUS_RVV_IME_OPENMP_GEMM/results/openmp_results_k1-rvv_1024_20260904_120220/raw_logs/GEMM_RVV_FP32_INT8_8x8_Baseline_RVV_IGEMM_INT8_I8I32_8x8_igemm_kernel_8x8_zvl256b_lmulmf4_unroll8_i8i32_run2.log",NA,NA,NA,NA,NA,NA,NA
k1_kernel_tuning,RVV,tile_N,16,2026-09-04T12:25:58,k1-rvv,"GEMM_RVV_FP32_INT8_8x8_Baseline","RVV_IGEMM_INT8_I8I32_8x8","igemm_kernel_8x8_zvl256b_lmulmf4_unroll8_i8i32",8x8,256b,mf4,8,INT8_RVV,0-7,8,8,1024,1024,1024,16,3,OK,0,NONE,0.117590126,GOPS,18.262449,parallel_tiles_including_required_packing,DISABLED,0,0,"0:cpu0:tiles8;1:cpu1:tiles8;2:cpu2:tiles8;3:cpu3:tiles8;4:cpu4:tiles8;5:cpu5:tiles8;6:cpu6:tiles8;7:cpu7:tiles8","NA",static,0,"NA","NA","/home/bananapi/MAT/kernels riscv rvv 1.0/FINAL/riscv-rvv-ime-gemm-microkernels-updated/HETEROGENEOUS_RVV_IME_OPENMP_GEMM/results/openmp_results_k1-rvv_1024_20260904_120220/raw_logs/GEMM_RVV_FP32_INT8_8x8_Baseline_RVV_IGEMM_INT8_I8I32_8x8_igemm_kernel_8x8_zvl256b_lmulmf4_unroll8_i8i32_run3.log",NA,NA,NA,NA,NA,NA,NA
k1_kernel_tuning,RVV,tile_N,16,2026-09-04T12:25:59,k1-rvv,"GEMM_RVV_FP32_INT8_8x8_Baseline","RVV_IGEMM_INT8_I8I32_8x8","igemm_kernel_8x8_zvl256b_lmulmf4_unroll8_i8i32",8x8,256b,mf4,8,INT8_RVV,0-7,8,8,1024,1024,1024,16,4,OK,0,NONE,0.114656582,GOPS,18.729702,parallel_tiles_including_required_packing,DISABLED,0,0,"0:cpu0:tiles8;1:cpu1:tiles8;2:cpu2:tiles8;3:cpu3:tiles8;4:cpu4:tiles8;5:cpu5:tiles8;6:cpu6:tiles8;7:cpu7:tiles8","NA",static,0,"NA","NA","/home/bananapi/MAT/kernels riscv rvv 1.0/FINAL/riscv-rvv-ime-gemm-microkernels-updated/HETEROGENEOUS_RVV_IME_OPENMP_GEMM/results/openmp_results_k1-rvv_1024_20260904_120220/raw_logs/GEMM_RVV_FP32_INT8_8x8_Baseline_RVV_IGEMM_INT8_I8I32_8x8_igemm_kernel_8x8_zvl256b_lmulmf4_unroll8_i8i32_run4.log",NA,NA,NA,NA,NA,NA,NA
k1_kernel_tuning,RVV,tile_N,16,2026-09-04T12:26:00,k1-rvv,"GEMM_RVV_FP32_INT8_8x8_Baseline","RVV_IGEMM_INT8_I8I32_8x8","igemm_kernel_8x8_zvl256b_lmulmf4_unroll8_i8i32",8x8,256b,mf4,8,INT8_RVV,0-7,8,8,1024,1024,1024,16,5,OK,0,NONE,0.117270503,GOPS,18.312223,parallel_tiles_including_required_packing,DISABLED,0,0,"0:cpu0:tiles8;1:cpu1:tiles8;2:cpu2:tiles8;3:cpu3:tiles8;4:cpu4:tiles8;5:cpu5:tiles8;6:cpu6:tiles8;7:cpu7:tiles8","NA",static,0,"NA","NA","/home/bananapi/MAT/kernels riscv rvv 1.0/FINAL/riscv-rvv-ime-gemm-microkernels-updated/HETEROGENEOUS_RVV_IME_OPENMP_GEMM/results/openmp_results_k1-rvv_1024_20260904_120220/raw_logs/GEMM_RVV_FP32_INT8_8x8_Baseline_RVV_IGEMM_INT8_I8I32_8x8_igemm_kernel_8x8_zvl256b_lmulmf4_unroll8_i8i32_run5.log",NA,NA,NA,NA,NA,NA,NA
k1_kernel_tuning,RVV,tile_N,16,2026-09-04T12:26:00,k1-rvv,"GEMM_RVV_FP32_INT8_8x8_Baseline","RVV_IGEMM_INT8_I8I32_8x8","igemm_kernel_8x8_zvl256b_lmulmf4_unroll8_i8i32",8x8,256b,mf4,8,INT8_RVV,0-7,8,8,1024,1024,1024,16,6,OK,0,NONE,0.128752958,GOPS,16.679101,parallel_tiles_including_required_packing,DISABLED,0,0,"0:cpu0:tiles8;1:cpu1:tiles8;2:cpu2:tiles8;3:cpu3:tiles8;4:cpu4:tiles8;5:cpu5:tiles8;6:cpu6:tiles8;7:cpu7:tiles8","NA",static,0,"NA","NA","/home/bananapi/MAT/kernels riscv rvv 1.0/FINAL/riscv-rvv-ime-gemm-microkernels-updated/HETEROGENEOUS_RVV_IME_OPENMP_GEMM/results/openmp_results_k1-rvv_1024_20260904_120220/raw_logs/GEMM_RVV_FP32_INT8_8x8_Baseline_RVV_IGEMM_INT8_I8I32_8x8_igemm_kernel_8x8_zvl256b_lmulmf4_unroll8_i8i32_run6.log",NA,NA,NA,NA,NA,NA,NA
k1_kernel_tuning,IME,tile_N,16,2026-09-04T12:27:05,k1-ime,"IME_NATIVE_KERNELS","IME_GEMM_INT8_I8I32_8x4_NATIVE","ime_kernel_8x4_zvl256b_lmul1_unroll1",8x4,256b,1,1,INT8_IME,0-3,4,4,1024,1024,1024,16,1,OK,0,NONE,0.207324959,GOPS,10.358057,parallel_tiles_including_required_packing,INDEPENDENT_INT64_REFERENCE_EXACT_INT32,0,0,"0:cpu0:tiles16;1:cpu1:tiles16;2:cpu2:tiles16;3:cpu3:tiles16","NA",static,0,"NA","NA","/home/bananapi/MAT/kernels riscv rvv 1.0/FINAL/riscv-rvv-ime-gemm-microkernels-updated/HETEROGENEOUS_RVV_IME_OPENMP_GEMM/results/openmp_results_k1-ime_1024_20260904_122607/raw_logs/IME_NATIVE_KERNELS_IME_GEMM_INT8_I8I32_8x4_NATIVE_ime_kernel_8x4_zvl256b_lmul1_unroll1_run1.log",NA,NA,NA,NA,NA,NA,NA
k1_kernel_tuning,IME,tile_N,16,2026-09-04T12:27:05,k1-ime,"IME_NATIVE_KERNELS","IME_GEMM_INT8_I8I32_8x4_NATIVE","ime_kernel_8x4_zvl256b_lmul1_unroll1",8x4,256b,1,1,INT8_IME,0-3,4,4,1024,1024,1024,16,2,OK,0,NONE,0.244278081,GOPS,8.791143,parallel_tiles_including_required_packing,DISABLED,0,0,"0:cpu0:tiles16;1:cpu1:tiles16;2:cpu2:tiles16;3:cpu3:tiles16","NA",static,0,"NA","NA","/home/bananapi/MAT/kernels riscv rvv 1.0/FINAL/riscv-rvv-ime-gemm-microkernels-updated/HETEROGENEOUS_RVV_IME_OPENMP_GEMM/results/openmp_results_k1-ime_1024_20260904_122607/raw_logs/IME_NATIVE_KERNELS_IME_GEMM_INT8_I8I32_8x4_NATIVE_ime_kernel_8x4_zvl256b_lmul1_unroll1_run2.log",NA,NA,NA,NA,NA,NA,NA
k1_kernel_tuning,IME,tile_N,16,2026-09-04T12:27:06,k1-ime,"IME_NATIVE_KERNELS","IME_GEMM_INT8_I8I32_8x4_NATIVE","ime_kernel_8x4_zvl256b_lmul1_unroll1",8x4,256b,1,1,INT8_IME,0-3,4,4,1024,1024,1024,16,3,OK,0,NONE,0.232304253,GOPS,9.244272,parallel_tiles_including_required_packing,DISABLED,0,0,"0:cpu0:tiles16;1:cpu1:tiles16;2:cpu2:tiles16;3:cpu3:tiles16","NA",static,0,"NA","NA","/home/bananapi/MAT/kernels riscv rvv 1.0/FINAL/riscv-rvv-ime-gemm-microkernels-updated/HETEROGENEOUS_RVV_IME_OPENMP_GEMM/results/openmp_results_k1-ime_1024_20260904_122607/raw_logs/IME_NATIVE_KERNELS_IME_GEMM_INT8_I8I32_8x4_NATIVE_ime_kernel_8x4_zvl256b_lmul1_unroll1_run3.log",NA,NA,NA,NA,NA,NA,NA
k1_kernel_tuning,IME,tile_N,16,2026-09-04T12:27:07,k1-ime,"IME_NATIVE_KERNELS","IME_GEMM_INT8_I8I32_8x4_NATIVE","ime_kernel_8x4_zvl256b_lmul1_unroll1",8x4,256b,1,1,INT8_IME,0-3,4,4,1024,1024,1024,16,4,OK,0,NONE,0.208504416,GOPS,10.299464,parallel_tiles_including_required_packing,DISABLED,0,0,"0:cpu0:tiles16;1:cpu1:tiles16;2:cpu2:tiles16;3:cpu3:tiles16","NA",static,0,"NA","NA","/home/bananapi/MAT/kernels riscv rvv 1.0/FINAL/riscv-rvv-ime-gemm-microkernels-updated/HETEROGENEOUS_RVV_IME_OPENMP_GEMM/results/openmp_results_k1-ime_1024_20260904_122607/raw_logs/IME_NATIVE_KERNELS_IME_GEMM_INT8_I8I32_8x4_NATIVE_ime_kernel_8x4_zvl256b_lmul1_unroll1_run4.log",NA,NA,NA,NA,NA,NA,NA
k1_kernel_tuning,IME,tile_N,16,2026-09-04T12:27:08,k1-ime,"IME_NATIVE_KERNELS","IME_GEMM_INT8_I8I32_8x4_NATIVE","ime_kernel_8x4_zvl256b_lmul1_unroll1",8x4,256b,1,1,INT8_IME,0-3,4,4,1024,1024,1024,16,5,OK,0,NONE,0.209806167,GOPS,10.235560,parallel_tiles_including_required_packing,DISABLED,0,0,"0:cpu0:tiles16;1:cpu1:tiles16;2:cpu2:tiles16;3:cpu3:tiles16","NA",static,0,"NA","NA","/home/bananapi/MAT/kernels riscv rvv 1.0/FINAL/riscv-rvv-ime-gemm-microkernels-updated/HETEROGENEOUS_RVV_IME_OPENMP_GEMM/results/openmp_results_k1-ime_1024_20260904_122607/raw_logs/IME_NATIVE_KERNELS_IME_GEMM_INT8_I8I32_8x4_NATIVE_ime_kernel_8x4_zvl256b_lmul1_unroll1_run5.log",NA,NA,NA,NA,NA,NA,NA
k1_kernel_tuning,IME,tile_N,16,2026-09-04T12:27:08,k1-ime,"IME_NATIVE_KERNELS","IME_GEMM_INT8_I8I32_8x4_NATIVE","ime_kernel_8x4_zvl256b_lmul1_unroll1",8x4,256b,1,1,INT8_IME,0-3,4,4,1024,1024,1024,16,6,OK,0,NONE,0.208647124,GOPS,10.292419,parallel_tiles_including_required_packing,DISABLED,0,0,"0:cpu0:tiles16;1:cpu1:tiles16;2:cpu2:tiles16;3:cpu3:tiles16","NA",static,0,"NA","NA","/home/bananapi/MAT/kernels riscv rvv 1.0/FINAL/riscv-rvv-ime-gemm-microkernels-updated/HETEROGENEOUS_RVV_IME_OPENMP_GEMM/results/openmp_results_k1-ime_1024_20260904_122607/raw_logs/IME_NATIVE_KERNELS_IME_GEMM_INT8_I8I32_8x4_NATIVE_ime_kernel_8x4_zvl256b_lmul1_unroll1_run6.log",NA,NA,NA,NA,NA,NA,NA
k1_kernel_tuning,IME,tile_N,16,2026-09-04T12:27:48,k1-ime,"IME_NATIVE_KERNELS","IME_GEMM_INT8_I8I32_8x4_NATIVE","ime_kernel_8x4_zvl256b_lmul1_unroll2",8x4,256b,1,2,INT8_IME,0-3,4,4,1024,1024,1024,16,1,OK,0,NONE,0.255905624,GOPS,8.391702,parallel_tiles_including_required_packing,INDEPENDENT_INT64_REFERENCE_EXACT_INT32,0,0,"0:cpu0:tiles16;1:cpu1:tiles16;2:cpu2:tiles16;3:cpu3:tiles16","NA",static,0,"NA","NA","/home/bananapi/MAT/kernels riscv rvv 1.0/FINAL/riscv-rvv-ime-gemm-microkernels-updated/HETEROGENEOUS_RVV_IME_OPENMP_GEMM/results/openmp_results_k1-ime_1024_20260904_122607/raw_logs/IME_NATIVE_KERNELS_IME_GEMM_INT8_I8I32_8x4_NATIVE_ime_kernel_8x4_zvl256b_lmul1_unroll2_run1.log",NA,NA,NA,NA,NA,NA,NA
k1_kernel_tuning,IME,tile_N,16,2026-09-04T12:27:48,k1-ime,"IME_NATIVE_KERNELS","IME_GEMM_INT8_I8I32_8x4_NATIVE","ime_kernel_8x4_zvl256b_lmul1_unroll2",8x4,256b,1,2,INT8_IME,0-3,4,4,1024,1024,1024,16,2,OK,0,NONE,0.208817001,GOPS,10.284046,parallel_tiles_including_required_packing,DISABLED,0,0,"0:cpu0:tiles16;1:cpu1:tiles16;2:cpu2:tiles16;3:cpu3:tiles16","NA",static,0,"NA","NA","/home/bananapi/MAT/kernels riscv rvv 1.0/FINAL/riscv-rvv-ime-gemm-microkernels-updated/HETEROGENEOUS_RVV_IME_OPENMP_GEMM/results/openmp_results_k1-ime_1024_20260904_122607/raw_logs/IME_NATIVE_KERNELS_IME_GEMM_INT8_I8I32_8x4_NATIVE_ime_kernel_8x4_zvl256b_lmul1_unroll2_run2.log",NA,NA,NA,NA,NA,NA,NA
k1_kernel_tuning,IME,tile_N,16,2026-09-04T12:27:49,k1-ime,"IME_NATIVE_KERNELS","IME_GEMM_INT8_I8I32_8x4_NATIVE","ime_kernel_8x4_zvl256b_lmul1_unroll2",8x4,256b,1,2,INT8_IME,0-3,4,4,1024,1024,1024,16,3,OK,0,NONE,0.222246788,GOPS,9.662608,parallel_tiles_including_required_packing,DISABLED,0,0,"0:cpu0:tiles16;1:cpu1:tiles16;2:cpu2:tiles16;3:cpu3:tiles16","NA",static,0,"NA","NA","/home/bananapi/MAT/kernels riscv rvv 1.0/FINAL/riscv-rvv-ime-gemm-microkernels-updated/HETEROGENEOUS_RVV_IME_OPENMP_GEMM/results/openmp_results_k1-ime_1024_20260904_122607/raw_logs/IME_NATIVE_KERNELS_IME_GEMM_INT8_I8I32_8x4_NATIVE_ime_kernel_8x4_zvl256b_lmul1_unroll2_run3.log",NA,NA,NA,NA,NA,NA,NA
k1_kernel_tuning,IME,tile_N,16,2026-09-04T12:27:50,k1-ime,"IME_NATIVE_KERNELS","IME_GEMM_INT8_I8I32_8x4_NATIVE","ime_kernel_8x4_zvl256b_lmul1_unroll2",8x4,256b,1,2,INT8_IME,0-3,4,4,1024,1024,1024,16,4,OK,0,NONE,0.221540876,GOPS,9.693397,parallel_tiles_including_required_packing,DISABLED,0,0,"0:cpu0:tiles16;1:cpu1:tiles16;2:cpu2:tiles16;3:cpu3:tiles16","NA",static,0,"NA","NA","/home/bananapi/MAT/kernels riscv rvv 1.0/FINAL/riscv-rvv-ime-gemm-microkernels-updated/HETEROGENEOUS_RVV_IME_OPENMP_GEMM/results/openmp_results_k1-ime_1024_20260904_122607/raw_logs/IME_NATIVE_KERNELS_IME_GEMM_INT8_I8I32_8x4_NATIVE_ime_kernel_8x4_zvl256b_lmul1_unroll2_run4.log",NA,NA,NA,NA,NA,NA,NA
k1_kernel_tuning,IME,tile_N,16,2026-09-04T12:27:51,k1-ime,"IME_NATIVE_KERNELS","IME_GEMM_INT8_I8I32_8x4_NATIVE","ime_kernel_8x4_zvl256b_lmul1_unroll2",8x4,256b,1,2,INT8_IME,0-3,4,4,1024,1024,1024,16,5,OK,0,NONE,0.217660166,GOPS,9.866223,parallel_tiles_including_required_packing,DISABLED,0,0,"0:cpu0:tiles16;1:cpu1:tiles16;2:cpu2:tiles16;3:cpu3:tiles16","NA",static,0,"NA","NA","/home/bananapi/MAT/kernels riscv rvv 1.0/FINAL/riscv-rvv-ime-gemm-microkernels-updated/HETEROGENEOUS_RVV_IME_OPENMP_GEMM/results/openmp_results_k1-ime_1024_20260904_122607/raw_logs/IME_NATIVE_KERNELS_IME_GEMM_INT8_I8I32_8x4_NATIVE_ime_kernel_8x4_zvl256b_lmul1_unroll2_run5.log",NA,NA,NA,NA,NA,NA,NA
k1_kernel_tuning,IME,tile_N,16,2026-09-04T12:27:51,k1-ime,"IME_NATIVE_KERNELS","IME_GEMM_INT8_I8I32_8x4_NATIVE","ime_kernel_8x4_zvl256b_lmul1_unroll2",8x4,256b,1,2,INT8_IME,0-3,4,4,1024,1024,1024,16,6,OK,0,NONE,0.243219167,GOPS,8.829418,parallel_tiles_including_required_packing,DISABLED,0,0,"0:cpu0:tiles16;1:cpu1:tiles16;2:cpu2:tiles16;3:cpu3:tiles16","NA",static,0,"NA","NA","/home/bananapi/MAT/kernels riscv rvv 1.0/FINAL/riscv-rvv-ime-gemm-microkernels-updated/HETEROGENEOUS_RVV_IME_OPENMP_GEMM/results/openmp_results_k1-ime_1024_20260904_122607/raw_logs/IME_NATIVE_KERNELS_IME_GEMM_INT8_I8I32_8x4_NATIVE_ime_kernel_8x4_zvl256b_lmul1_unroll2_run6.log",NA,NA,NA,NA,NA,NA,NA
k1_kernel_tuning,IME,tile_N,16,2026-09-04T12:28:31,k1-ime,"IME_NATIVE_KERNELS","IME_GEMM_INT8_I8I32_8x4_NATIVE","ime_kernel_8x4_zvl256b_lmul1_unroll4",8x4,256b,1,4,INT8_IME,0-3,4,4,1024,1024,1024,16,1,OK,0,NONE,0.235146001,GOPS,9.132554,parallel_tiles_including_required_packing,INDEPENDENT_INT64_REFERENCE_EXACT_INT32,0,0,"0:cpu0:tiles16;1:cpu1:tiles16;2:cpu2:tiles16;3:cpu3:tiles16","NA",static,0,"NA","NA","/home/bananapi/MAT/kernels riscv rvv 1.0/FINAL/riscv-rvv-ime-gemm-microkernels-updated/HETEROGENEOUS_RVV_IME_OPENMP_GEMM/results/openmp_results_k1-ime_1024_20260904_122607/raw_logs/IME_NATIVE_KERNELS_IME_GEMM_INT8_I8I32_8x4_NATIVE_ime_kernel_8x4_zvl256b_lmul1_unroll4_run1.log",NA,NA,NA,NA,NA,NA,NA
k1_kernel_tuning,IME,tile_N,16,2026-09-04T12:28:32,k1-ime,"IME_NATIVE_KERNELS","IME_GEMM_INT8_I8I32_8x4_NATIVE","ime_kernel_8x4_zvl256b_lmul1_unroll4",8x4,256b,1,4,INT8_IME,0-3,4,4,1024,1024,1024,16,2,OK,0,NONE,0.223460961,GOPS,9.610107,parallel_tiles_including_required_packing,DISABLED,0,0,"0:cpu0:tiles16;1:cpu1:tiles16;2:cpu2:tiles16;3:cpu3:tiles16","NA",static,0,"NA","NA","/home/bananapi/MAT/kernels riscv rvv 1.0/FINAL/riscv-rvv-ime-gemm-microkernels-updated/HETEROGENEOUS_RVV_IME_OPENMP_GEMM/results/openmp_results_k1-ime_1024_20260904_122607/raw_logs/IME_NATIVE_KERNELS_IME_GEMM_INT8_I8I32_8x4_NATIVE_ime_kernel_8x4_zvl256b_lmul1_unroll4_run2.log",NA,NA,NA,NA,NA,NA,NA
k1_kernel_tuning,IME,tile_N,16,2026-09-04T12:28:32,k1-ime,"IME_NATIVE_KERNELS","IME_GEMM_INT8_I8I32_8x4_NATIVE","ime_kernel_8x4_zvl256b_lmul1_unroll4",8x4,256b,1,4,INT8_IME,0-3,4,4,1024,1024,1024,16,3,OK,0,NONE,0.220102832,GOPS,9.756729,parallel_tiles_including_required_packing,DISABLED,0,0,"0:cpu0:tiles16;1:cpu1:tiles16;2:cpu2:tiles16;3:cpu3:tiles16","NA",static,0,"NA","NA","/home/bananapi/MAT/kernels riscv rvv 1.0/FINAL/riscv-rvv-ime-gemm-microkernels-updated/HETEROGENEOUS_RVV_IME_OPENMP_GEMM/results/openmp_results_k1-ime_1024_20260904_122607/raw_logs/IME_NATIVE_KERNELS_IME_GEMM_INT8_I8I32_8x4_NATIVE_ime_kernel_8x4_zvl256b_lmul1_unroll4_run3.log",NA,NA,NA,NA,NA,NA,NA
k1_kernel_tuning,IME,tile_N,16,2026-09-04T12:28:33,k1-ime,"IME_NATIVE_KERNELS","IME_GEMM_INT8_I8I32_8x4_NATIVE","ime_kernel_8x4_zvl256b_lmul1_unroll4",8x4,256b,1,4,INT8_IME,0-3,4,4,1024,1024,1024,16,4,OK,0,NONE,0.227400128,GOPS,9.443634,parallel_tiles_including_required_packing,DISABLED,0,0,"0:cpu0:tiles16;1:cpu1:tiles16;2:cpu2:tiles16;3:cpu3:tiles16","NA",static,0,"NA","NA","/home/bananapi/MAT/kernels riscv rvv 1.0/FINAL/riscv-rvv-ime-gemm-microkernels-updated/HETEROGENEOUS_RVV_IME_OPENMP_GEMM/results/openmp_results_k1-ime_1024_20260904_122607/raw_logs/IME_NATIVE_KERNELS_IME_GEMM_INT8_I8I32_8x4_NATIVE_ime_kernel_8x4_zvl256b_lmul1_unroll4_run4.log",NA,NA,NA,NA,NA,NA,NA
k1_kernel_tuning,IME,tile_N,16,2026-09-04T12:28:34,k1-ime,"IME_NATIVE_KERNELS","IME_GEMM_INT8_I8I32_8x4_NATIVE","ime_kernel_8x4_zvl256b_lmul1_unroll4",8x4,256b,1,4,INT8_IME,0-3,4,4,1024,1024,1024,16,5,OK,0,NONE,0.220603123,GOPS,9.734602,parallel_tiles_including_required_packing,DISABLED,0,0,"0:cpu0:tiles16;1:cpu1:tiles16;2:cpu2:tiles16;3:cpu3:tiles16","NA",static,0,"NA","NA","/home/bananapi/MAT/kernels riscv rvv 1.0/FINAL/riscv-rvv-ime-gemm-microkernels-updated/HETEROGENEOUS_RVV_IME_OPENMP_GEMM/results/openmp_results_k1-ime_1024_20260904_122607/raw_logs/IME_NATIVE_KERNELS_IME_GEMM_INT8_I8I32_8x4_NATIVE_ime_kernel_8x4_zvl256b_lmul1_unroll4_run5.log",NA,NA,NA,NA,NA,NA,NA
k1_kernel_tuning,IME,tile_N,16,2026-09-04T12:28:35,k1-ime,"IME_NATIVE_KERNELS","IME_GEMM_INT8_I8I32_8x4_NATIVE","ime_kernel_8x4_zvl256b_lmul1_unroll4",8x4,256b,1,4,INT8_IME,0-3,4,4,1024,1024,1024,16,6,OK,0,NONE,0.236070834,GOPS,9.096777,parallel_tiles_including_required_packing,DISABLED,0,0,"0:cpu0:tiles16;1:cpu1:tiles16;2:cpu2:tiles16;3:cpu3:tiles16","NA",static,0,"NA","NA","/home/bananapi/MAT/kernels riscv rvv 1.0/FINAL/riscv-rvv-ime-gemm-microkernels-updated/HETEROGENEOUS_RVV_IME_OPENMP_GEMM/results/openmp_results_k1-ime_1024_20260904_122607/raw_logs/IME_NATIVE_KERNELS_IME_GEMM_INT8_I8I32_8x4_NATIVE_ime_kernel_8x4_zvl256b_lmul1_unroll4_run6.log",NA,NA,NA,NA,NA,NA,NA
k1_kernel_tuning,IME,tile_N,16,2026-09-04T12:29:29,k1-ime,"IME_NATIVE_KERNELS","IME_GEMM_INT8_I8I32_8x4_NATIVE","ime_kernel_8x4_zvl256b_lmul1_unroll8",8x4,256b,1,8,INT8_IME,0-3,4,4,1024,1024,1024,16,1,OK,0,NONE,0.215922292,GOPS,9.945632,parallel_tiles_including_required_packing,INDEPENDENT_INT64_REFERENCE_EXACT_INT32,0,0,"0:cpu0:tiles16;1:cpu1:tiles16;2:cpu2:tiles16;3:cpu3:tiles16","NA",static,0,"NA","NA","/home/bananapi/MAT/kernels riscv rvv 1.0/FINAL/riscv-rvv-ime-gemm-microkernels-updated/HETEROGENEOUS_RVV_IME_OPENMP_GEMM/results/openmp_results_k1-ime_1024_20260904_122607/raw_logs/IME_NATIVE_KERNELS_IME_GEMM_INT8_I8I32_8x4_NATIVE_ime_kernel_8x4_zvl256b_lmul1_unroll8_run1.log",NA,NA,NA,NA,NA,NA,NA
k1_kernel_tuning,IME,tile_N,16,2026-09-04T12:29:30,k1-ime,"IME_NATIVE_KERNELS","IME_GEMM_INT8_I8I32_8x4_NATIVE","ime_kernel_8x4_zvl256b_lmul1_unroll8",8x4,256b,1,8,INT8_IME,0-3,4,4,1024,1024,1024,16,2,OK,0,NONE,0.210886247,GOPS,10.183137,parallel_tiles_including_required_packing,DISABLED,0,0,"0:cpu0:tiles16;1:cpu1:tiles16;2:cpu2:tiles16;3:cpu3:tiles16","NA",static,0,"NA","NA","/home/bananapi/MAT/kernels riscv rvv 1.0/FINAL/riscv-rvv-ime-gemm-microkernels-updated/HETEROGENEOUS_RVV_IME_OPENMP_GEMM/results/openmp_results_k1-ime_1024_20260904_122607/raw_logs/IME_NATIVE_KERNELS_IME_GEMM_INT8_I8I32_8x4_NATIVE_ime_kernel_8x4_zvl256b_lmul1_unroll8_run2.log",NA,NA,NA,NA,NA,NA,NA
k1_kernel_tuning,IME,tile_N,16,2026-09-04T12:29:31,k1-ime,"IME_NATIVE_KERNELS","IME_GEMM_INT8_I8I32_8x4_NATIVE","ime_kernel_8x4_zvl256b_lmul1_unroll8",8x4,256b,1,8,INT8_IME,0-3,4,4,1024,1024,1024,16,3,OK,0,NONE,0.239632208,GOPS,8.961582,parallel_tiles_including_required_packing,DISABLED,0,0,"0:cpu0:tiles16;1:cpu1:tiles16;2:cpu2:tiles16;3:cpu3:tiles16","NA",static,0,"NA","NA","/home/bananapi/MAT/kernels riscv rvv 1.0/FINAL/riscv-rvv-ime-gemm-microkernels-updated/HETEROGENEOUS_RVV_IME_OPENMP_GEMM/results/openmp_results_k1-ime_1024_20260904_122607/raw_logs/IME_NATIVE_KERNELS_IME_GEMM_INT8_I8I32_8x4_NATIVE_ime_kernel_8x4_zvl256b_lmul1_unroll8_run3.log",NA,NA,NA,NA,NA,NA,NA
k1_kernel_tuning,IME,tile_N,16,2026-09-04T12:29:31,k1-ime,"IME_NATIVE_KERNELS","IME_GEMM_INT8_I8I32_8x4_NATIVE","ime_kernel_8x4_zvl256b_lmul1_unroll8",8x4,256b,1,8,INT8_IME,0-3,4,4,1024,1024,1024,16,4,OK,0,NONE,0.238567624,GOPS,9.001572,parallel_tiles_including_required_packing,DISABLED,0,0,"0:cpu0:tiles16;1:cpu1:tiles16;2:cpu2:tiles16;3:cpu3:tiles16","NA",static,0,"NA","NA","/home/bananapi/MAT/kernels riscv rvv 1.0/FINAL/riscv-rvv-ime-gemm-microkernels-updated/HETEROGENEOUS_RVV_IME_OPENMP_GEMM/results/openmp_results_k1-ime_1024_20260904_122607/raw_logs/IME_NATIVE_KERNELS_IME_GEMM_INT8_I8I32_8x4_NATIVE_ime_kernel_8x4_zvl256b_lmul1_unroll8_run4.log",NA,NA,NA,NA,NA,NA,NA
k1_kernel_tuning,IME,tile_N,16,2026-09-04T12:29:32,k1-ime,"IME_NATIVE_KERNELS","IME_GEMM_INT8_I8I32_8x4_NATIVE","ime_kernel_8x4_zvl256b_lmul1_unroll8",8x4,256b,1,8,INT8_IME,0-3,4,4,1024,1024,1024,16,5,OK,0,NONE,0.214798667,GOPS,9.997658,parallel_tiles_including_required_packing,DISABLED,0,0,"0:cpu0:tiles16;1:cpu1:tiles16;2:cpu2:tiles16;3:cpu3:tiles16","NA",static,0,"NA","NA","/home/bananapi/MAT/kernels riscv rvv 1.0/FINAL/riscv-rvv-ime-gemm-microkernels-updated/HETEROGENEOUS_RVV_IME_OPENMP_GEMM/results/openmp_results_k1-ime_1024_20260904_122607/raw_logs/IME_NATIVE_KERNELS_IME_GEMM_INT8_I8I32_8x4_NATIVE_ime_kernel_8x4_zvl256b_lmul1_unroll8_run5.log",NA,NA,NA,NA,NA,NA,NA
k1_kernel_tuning,IME,tile_N,16,2026-09-04T12:29:33,k1-ime,"IME_NATIVE_KERNELS","IME_GEMM_INT8_I8I32_8x4_NATIVE","ime_kernel_8x4_zvl256b_lmul1_unroll8",8x4,256b,1,8,INT8_IME,0-3,4,4,1024,1024,1024,16,6,OK,0,NONE,0.245621417,GOPS,8.743064,parallel_tiles_including_required_packing,DISABLED,0,0,"0:cpu0:tiles16;1:cpu1:tiles16;2:cpu2:tiles16;3:cpu3:tiles16","NA",static,0,"NA","NA","/home/bananapi/MAT/kernels riscv rvv 1.0/FINAL/riscv-rvv-ime-gemm-microkernels-updated/HETEROGENEOUS_RVV_IME_OPENMP_GEMM/results/openmp_results_k1-ime_1024_20260904_122607/raw_logs/IME_NATIVE_KERNELS_IME_GEMM_INT8_I8I32_8x4_NATIVE_ime_kernel_8x4_zvl256b_lmul1_unroll8_run6.log",NA,NA,NA,NA,NA,NA,NA
k1_kernel_tuning,IME,tile_N,16,2026-09-04T12:30:12,k1-ime,"IME_NATIVE_KERNELS","IME_GEMM_INT8_I8I32_8x8_NATIVE","ime_kernel_8x8_zvl256b_lmul1_unroll1",8x8,256b,1,1,INT8_IME,0-3,4,4,1024,1024,1024,16,1,OK,0,NONE,0.257494334,GOPS,8.339926,parallel_tiles_including_required_packing,INDEPENDENT_INT64_REFERENCE_EXACT_INT32,0,0,"0:cpu0:tiles16;1:cpu1:tiles16;2:cpu2:tiles16;3:cpu3:tiles16","NA",static,0,"NA","NA","/home/bananapi/MAT/kernels riscv rvv 1.0/FINAL/riscv-rvv-ime-gemm-microkernels-updated/HETEROGENEOUS_RVV_IME_OPENMP_GEMM/results/openmp_results_k1-ime_1024_20260904_122607/raw_logs/IME_NATIVE_KERNELS_IME_GEMM_INT8_I8I32_8x8_NATIVE_ime_kernel_8x8_zvl256b_lmul1_unroll1_run1.log",NA,NA,NA,NA,NA,NA,NA
k1_kernel_tuning,IME,tile_N,16,2026-09-04T12:30:12,k1-ime,"IME_NATIVE_KERNELS","IME_GEMM_INT8_I8I32_8x8_NATIVE","ime_kernel_8x8_zvl256b_lmul1_unroll1",8x8,256b,1,1,INT8_IME,0-3,4,4,1024,1024,1024,16,2,OK,0,NONE,0.235289086,GOPS,9.127001,parallel_tiles_including_required_packing,DISABLED,0,0,"0:cpu0:tiles16;1:cpu1:tiles16;2:cpu2:tiles16;3:cpu3:tiles16","NA",static,0,"NA","NA","/home/bananapi/MAT/kernels riscv rvv 1.0/FINAL/riscv-rvv-ime-gemm-microkernels-updated/HETEROGENEOUS_RVV_IME_OPENMP_GEMM/results/openmp_results_k1-ime_1024_20260904_122607/raw_logs/IME_NATIVE_KERNELS_IME_GEMM_INT8_I8I32_8x8_NATIVE_ime_kernel_8x8_zvl256b_lmul1_unroll1_run2.log",NA,NA,NA,NA,NA,NA,NA
k1_kernel_tuning,IME,tile_N,16,2026-09-04T12:30:13,k1-ime,"IME_NATIVE_KERNELS","IME_GEMM_INT8_I8I32_8x8_NATIVE","ime_kernel_8x8_zvl256b_lmul1_unroll1",8x8,256b,1,1,INT8_IME,0-3,4,4,1024,1024,1024,16,3,OK,0,NONE,0.262914374,GOPS,8.167996,parallel_tiles_including_required_packing,DISABLED,0,0,"0:cpu0:tiles16;1:cpu1:tiles16;2:cpu2:tiles16;3:cpu3:tiles16","NA",static,0,"NA","NA","/home/bananapi/MAT/kernels riscv rvv 1.0/FINAL/riscv-rvv-ime-gemm-microkernels-updated/HETEROGENEOUS_RVV_IME_OPENMP_GEMM/results/openmp_results_k1-ime_1024_20260904_122607/raw_logs/IME_NATIVE_KERNELS_IME_GEMM_INT8_I8I32_8x8_NATIVE_ime_kernel_8x8_zvl256b_lmul1_unroll1_run3.log",NA,NA,NA,NA,NA,NA,NA
k1_kernel_tuning,IME,tile_N,16,2026-09-04T12:30:14,k1-ime,"IME_NATIVE_KERNELS","IME_GEMM_INT8_I8I32_8x8_NATIVE","ime_kernel_8x8_zvl256b_lmul1_unroll1",8x8,256b,1,1,INT8_IME,0-3,4,4,1024,1024,1024,16,4,OK,0,NONE,0.249698460,GOPS,8.600308,parallel_tiles_including_required_packing,DISABLED,0,0,"0:cpu0:tiles16;1:cpu1:tiles16;2:cpu2:tiles16;3:cpu3:tiles16","NA",static,0,"NA","NA","/home/bananapi/MAT/kernels riscv rvv 1.0/FINAL/riscv-rvv-ime-gemm-microkernels-updated/HETEROGENEOUS_RVV_IME_OPENMP_GEMM/results/openmp_results_k1-ime_1024_20260904_122607/raw_logs/IME_NATIVE_KERNELS_IME_GEMM_INT8_I8I32_8x8_NATIVE_ime_kernel_8x8_zvl256b_lmul1_unroll1_run4.log",NA,NA,NA,NA,NA,NA,NA
k1_kernel_tuning,IME,tile_N,16,2026-09-04T12:30:15,k1-ime,"IME_NATIVE_KERNELS","IME_GEMM_INT8_I8I32_8x8_NATIVE","ime_kernel_8x8_zvl256b_lmul1_unroll1",8x8,256b,1,1,INT8_IME,0-3,4,4,1024,1024,1024,16,5,OK,0,NONE,0.233097378,GOPS,9.212818,parallel_tiles_including_required_packing,DISABLED,0,0,"0:cpu0:tiles16;1:cpu1:tiles16;2:cpu2:tiles16;3:cpu3:tiles16","NA",static,0,"NA","NA","/home/bananapi/MAT/kernels riscv rvv 1.0/FINAL/riscv-rvv-ime-gemm-microkernels-updated/HETEROGENEOUS_RVV_IME_OPENMP_GEMM/results/openmp_results_k1-ime_1024_20260904_122607/raw_logs/IME_NATIVE_KERNELS_IME_GEMM_INT8_I8I32_8x8_NATIVE_ime_kernel_8x8_zvl256b_lmul1_unroll1_run5.log",NA,NA,NA,NA,NA,NA,NA
k1_kernel_tuning,IME,tile_N,16,2026-09-04T12:30:16,k1-ime,"IME_NATIVE_KERNELS","IME_GEMM_INT8_I8I32_8x8_NATIVE","ime_kernel_8x8_zvl256b_lmul1_unroll1",8x8,256b,1,1,INT8_IME,0-3,4,4,1024,1024,1024,16,6,OK,0,NONE,0.197414208,GOPS,10.878060,parallel_tiles_including_required_packing,DISABLED,0,0,"0:cpu0:tiles16;1:cpu1:tiles16;2:cpu2:tiles16;3:cpu3:tiles16","NA",static,0,"NA","NA","/home/bananapi/MAT/kernels riscv rvv 1.0/FINAL/riscv-rvv-ime-gemm-microkernels-updated/HETEROGENEOUS_RVV_IME_OPENMP_GEMM/results/openmp_results_k1-ime_1024_20260904_122607/raw_logs/IME_NATIVE_KERNELS_IME_GEMM_INT8_I8I32_8x8_NATIVE_ime_kernel_8x8_zvl256b_lmul1_unroll1_run6.log",NA,NA,NA,NA,NA,NA,NA
k1_kernel_tuning,IME,tile_N,16,2026-09-04T12:30:54,k1-ime,"IME_NATIVE_KERNELS","IME_GEMM_INT8_I8I32_8x8_NATIVE","ime_kernel_8x8_zvl256b_lmul1_unroll2",8x8,256b,1,2,INT8_IME,0-3,4,4,1024,1024,1024,16,1,OK,0,NONE,0.288484585,GOPS,7.444015,parallel_tiles_including_required_packing,INDEPENDENT_INT64_REFERENCE_EXACT_INT32,0,0,"0:cpu0:tiles16;1:cpu1:tiles16;2:cpu2:tiles16;3:cpu3:tiles16","NA",static,0,"NA","NA","/home/bananapi/MAT/kernels riscv rvv 1.0/FINAL/riscv-rvv-ime-gemm-microkernels-updated/HETEROGENEOUS_RVV_IME_OPENMP_GEMM/results/openmp_results_k1-ime_1024_20260904_122607/raw_logs/IME_NATIVE_KERNELS_IME_GEMM_INT8_I8I32_8x8_NATIVE_ime_kernel_8x8_zvl256b_lmul1_unroll2_run1.log",NA,NA,NA,NA,NA,NA,NA
k1_kernel_tuning,IME,tile_N,16,2026-09-04T12:30:55,k1-ime,"IME_NATIVE_KERNELS","IME_GEMM_INT8_I8I32_8x8_NATIVE","ime_kernel_8x8_zvl256b_lmul1_unroll2",8x8,256b,1,2,INT8_IME,0-3,4,4,1024,1024,1024,16,2,OK,0,NONE,0.229899790,GOPS,9.340955,parallel_tiles_including_required_packing,DISABLED,0,0,"0:cpu0:tiles16;1:cpu1:tiles16;2:cpu2:tiles16;3:cpu3:tiles16","NA",static,0,"NA","NA","/home/bananapi/MAT/kernels riscv rvv 1.0/FINAL/riscv-rvv-ime-gemm-microkernels-updated/HETEROGENEOUS_RVV_IME_OPENMP_GEMM/results/openmp_results_k1-ime_1024_20260904_122607/raw_logs/IME_NATIVE_KERNELS_IME_GEMM_INT8_I8I32_8x8_NATIVE_ime_kernel_8x8_zvl256b_lmul1_unroll2_run2.log",NA,NA,NA,NA,NA,NA,NA
k1_kernel_tuning,IME,tile_N,16,2026-09-04T12:30:56,k1-ime,"IME_NATIVE_KERNELS","IME_GEMM_INT8_I8I32_8x8_NATIVE","ime_kernel_8x8_zvl256b_lmul1_unroll2",8x8,256b,1,2,INT8_IME,0-3,4,4,1024,1024,1024,16,3,OK,0,NONE,0.230970211,GOPS,9.297665,parallel_tiles_including_required_packing,DISABLED,0,0,"0:cpu0:tiles16;1:cpu1:tiles16;2:cpu2:tiles16;3:cpu3:tiles16","NA",static,0,"NA","NA","/home/bananapi/MAT/kernels riscv rvv 1.0/FINAL/riscv-rvv-ime-gemm-microkernels-updated/HETEROGENEOUS_RVV_IME_OPENMP_GEMM/results/openmp_results_k1-ime_1024_20260904_122607/raw_logs/IME_NATIVE_KERNELS_IME_GEMM_INT8_I8I32_8x8_NATIVE_ime_kernel_8x8_zvl256b_lmul1_unroll2_run3.log",NA,NA,NA,NA,NA,NA,NA
k1_kernel_tuning,IME,tile_N,16,2026-09-04T12:30:56,k1-ime,"IME_NATIVE_KERNELS","IME_GEMM_INT8_I8I32_8x8_NATIVE","ime_kernel_8x8_zvl256b_lmul1_unroll2",8x8,256b,1,2,INT8_IME,0-3,4,4,1024,1024,1024,16,4,OK,0,NONE,0.190481331,GOPS,11.273985,parallel_tiles_including_required_packing,DISABLED,0,0,"0:cpu0:tiles16;1:cpu1:tiles16;2:cpu2:tiles16;3:cpu3:tiles16","NA",static,0,"NA","NA","/home/bananapi/MAT/kernels riscv rvv 1.0/FINAL/riscv-rvv-ime-gemm-microkernels-updated/HETEROGENEOUS_RVV_IME_OPENMP_GEMM/results/openmp_results_k1-ime_1024_20260904_122607/raw_logs/IME_NATIVE_KERNELS_IME_GEMM_INT8_I8I32_8x8_NATIVE_ime_kernel_8x8_zvl256b_lmul1_unroll2_run4.log",NA,NA,NA,NA,NA,NA,NA
k1_kernel_tuning,IME,tile_N,16,2026-09-04T12:30:57,k1-ime,"IME_NATIVE_KERNELS","IME_GEMM_INT8_I8I32_8x8_NATIVE","ime_kernel_8x8_zvl256b_lmul1_unroll2",8x8,256b,1,2,INT8_IME,0-3,4,4,1024,1024,1024,16,5,OK,0,NONE,0.191865873,GOPS,11.192630,parallel_tiles_including_required_packing,DISABLED,0,0,"0:cpu0:tiles16;1:cpu1:tiles16;2:cpu2:tiles16;3:cpu3:tiles16","NA",static,0,"NA","NA","/home/bananapi/MAT/kernels riscv rvv 1.0/FINAL/riscv-rvv-ime-gemm-microkernels-updated/HETEROGENEOUS_RVV_IME_OPENMP_GEMM/results/openmp_results_k1-ime_1024_20260904_122607/raw_logs/IME_NATIVE_KERNELS_IME_GEMM_INT8_I8I32_8x8_NATIVE_ime_kernel_8x8_zvl256b_lmul1_unroll2_run5.log",NA,NA,NA,NA,NA,NA,NA
k1_kernel_tuning,IME,tile_N,16,2026-09-04T12:30:58,k1-ime,"IME_NATIVE_KERNELS","IME_GEMM_INT8_I8I32_8x8_NATIVE","ime_kernel_8x8_zvl256b_lmul1_unroll2",8x8,256b,1,2,INT8_IME,0-3,4,4,1024,1024,1024,16,6,OK,0,NONE,0.194454122,GOPS,11.043652,parallel_tiles_including_required_packing,DISABLED,0,0,"0:cpu0:tiles16;1:cpu1:tiles16;2:cpu2:tiles16;3:cpu3:tiles16","NA",static,0,"NA","NA","/home/bananapi/MAT/kernels riscv rvv 1.0/FINAL/riscv-rvv-ime-gemm-microkernels-updated/HETEROGENEOUS_RVV_IME_OPENMP_GEMM/results/openmp_results_k1-ime_1024_20260904_122607/raw_logs/IME_NATIVE_KERNELS_IME_GEMM_INT8_I8I32_8x8_NATIVE_ime_kernel_8x8_zvl256b_lmul1_unroll2_run6.log",NA,NA,NA,NA,NA,NA,NA
k1_kernel_tuning,IME,tile_N,16,2026-09-04T12:31:52,k1-ime,"IME_NATIVE_KERNELS","IME_GEMM_INT8_I8I32_8x8_NATIVE","ime_kernel_8x8_zvl256b_lmul1_unroll4",8x8,256b,1,4,INT8_IME,0-3,4,4,1024,1024,1024,16,1,OK,0,NONE,0.188678708,GOPS,11.381696,parallel_tiles_including_required_packing,INDEPENDENT_INT64_REFERENCE_EXACT_INT32,0,0,"0:cpu0:tiles16;1:cpu1:tiles16;2:cpu2:tiles16;3:cpu3:tiles16","NA",static,0,"NA","NA","/home/bananapi/MAT/kernels riscv rvv 1.0/FINAL/riscv-rvv-ime-gemm-microkernels-updated/HETEROGENEOUS_RVV_IME_OPENMP_GEMM/results/openmp_results_k1-ime_1024_20260904_122607/raw_logs/IME_NATIVE_KERNELS_IME_GEMM_INT8_I8I32_8x8_NATIVE_ime_kernel_8x8_zvl256b_lmul1_unroll4_run1.log",NA,NA,NA,NA,NA,NA,NA
k1_kernel_tuning,IME,tile_N,16,2026-09-04T12:31:53,k1-ime,"IME_NATIVE_KERNELS","IME_GEMM_INT8_I8I32_8x8_NATIVE","ime_kernel_8x8_zvl256b_lmul1_unroll4",8x8,256b,1,4,INT8_IME,0-3,4,4,1024,1024,1024,16,2,OK,0,NONE,0.247110792,GOPS,8.690368,parallel_tiles_including_required_packing,DISABLED,0,0,"0:cpu0:tiles16;1:cpu1:tiles16;2:cpu2:tiles16;3:cpu3:tiles16","NA",static,0,"NA","NA","/home/bananapi/MAT/kernels riscv rvv 1.0/FINAL/riscv-rvv-ime-gemm-microkernels-updated/HETEROGENEOUS_RVV_IME_OPENMP_GEMM/results/openmp_results_k1-ime_1024_20260904_122607/raw_logs/IME_NATIVE_KERNELS_IME_GEMM_INT8_I8I32_8x8_NATIVE_ime_kernel_8x8_zvl256b_lmul1_unroll4_run2.log",NA,NA,NA,NA,NA,NA,NA
k1_kernel_tuning,IME,tile_N,16,2026-09-04T12:31:54,k1-ime,"IME_NATIVE_KERNELS","IME_GEMM_INT8_I8I32_8x8_NATIVE","ime_kernel_8x8_zvl256b_lmul1_unroll4",8x8,256b,1,4,INT8_IME,0-3,4,4,1024,1024,1024,16,3,OK,0,NONE,0.250363376,GOPS,8.577467,parallel_tiles_including_required_packing,DISABLED,0,0,"0:cpu0:tiles16;1:cpu1:tiles16;2:cpu2:tiles16;3:cpu3:tiles16","NA",static,0,"NA","NA","/home/bananapi/MAT/kernels riscv rvv 1.0/FINAL/riscv-rvv-ime-gemm-microkernels-updated/HETEROGENEOUS_RVV_IME_OPENMP_GEMM/results/openmp_results_k1-ime_1024_20260904_122607/raw_logs/IME_NATIVE_KERNELS_IME_GEMM_INT8_I8I32_8x8_NATIVE_ime_kernel_8x8_zvl256b_lmul1_unroll4_run3.log",NA,NA,NA,NA,NA,NA,NA
k1_kernel_tuning,IME,tile_N,16,2026-09-04T12:31:55,k1-ime,"IME_NATIVE_KERNELS","IME_GEMM_INT8_I8I32_8x8_NATIVE","ime_kernel_8x8_zvl256b_lmul1_unroll4",8x8,256b,1,4,INT8_IME,0-3,4,4,1024,1024,1024,16,4,OK,0,NONE,0.254078541,GOPS,8.452047,parallel_tiles_including_required_packing,DISABLED,0,0,"0:cpu0:tiles16;1:cpu1:tiles16;2:cpu2:tiles16;3:cpu3:tiles16","NA",static,0,"NA","NA","/home/bananapi/MAT/kernels riscv rvv 1.0/FINAL/riscv-rvv-ime-gemm-microkernels-updated/HETEROGENEOUS_RVV_IME_OPENMP_GEMM/results/openmp_results_k1-ime_1024_20260904_122607/raw_logs/IME_NATIVE_KERNELS_IME_GEMM_INT8_I8I32_8x8_NATIVE_ime_kernel_8x8_zvl256b_lmul1_unroll4_run4.log",NA,NA,NA,NA,NA,NA,NA
k1_kernel_tuning,IME,tile_N,16,2026-09-04T12:31:55,k1-ime,"IME_NATIVE_KERNELS","IME_GEMM_INT8_I8I32_8x8_NATIVE","ime_kernel_8x8_zvl256b_lmul1_unroll4",8x8,256b,1,4,INT8_IME,0-3,4,4,1024,1024,1024,16,5,OK,0,NONE,0.262075044,GOPS,8.194155,parallel_tiles_including_required_packing,DISABLED,0,0,"0:cpu0:tiles16;1:cpu1:tiles16;2:cpu2:tiles16;3:cpu3:tiles16","NA",static,0,"NA","NA","/home/bananapi/MAT/kernels riscv rvv 1.0/FINAL/riscv-rvv-ime-gemm-microkernels-updated/HETEROGENEOUS_RVV_IME_OPENMP_GEMM/results/openmp_results_k1-ime_1024_20260904_122607/raw_logs/IME_NATIVE_KERNELS_IME_GEMM_INT8_I8I32_8x8_NATIVE_ime_kernel_8x8_zvl256b_lmul1_unroll4_run5.log",NA,NA,NA,NA,NA,NA,NA
k1_kernel_tuning,IME,tile_N,16,2026-09-04T12:31:56,k1-ime,"IME_NATIVE_KERNELS","IME_GEMM_INT8_I8I32_8x8_NATIVE","ime_kernel_8x8_zvl256b_lmul1_unroll4",8x8,256b,1,4,INT8_IME,0-3,4,4,1024,1024,1024,16,6,OK,0,NONE,0.180410791,GOPS,11.903299,parallel_tiles_including_required_packing,DISABLED,0,0,"0:cpu0:tiles16;1:cpu1:tiles16;2:cpu2:tiles16;3:cpu3:tiles16","NA",static,0,"NA","NA","/home/bananapi/MAT/kernels riscv rvv 1.0/FINAL/riscv-rvv-ime-gemm-microkernels-updated/HETEROGENEOUS_RVV_IME_OPENMP_GEMM/results/openmp_results_k1-ime_1024_20260904_122607/raw_logs/IME_NATIVE_KERNELS_IME_GEMM_INT8_I8I32_8x8_NATIVE_ime_kernel_8x8_zvl256b_lmul1_unroll4_run6.log",NA,NA,NA,NA,NA,NA,NA
k1_kernel_tuning,IME,tile_N,16,2026-09-04T12:32:35,k1-ime,"IME_NATIVE_KERNELS","IME_GEMM_INT8_I8I32_8x8_NATIVE","ime_kernel_8x8_zvl256b_lmul1_unroll8",8x8,256b,1,8,INT8_IME,0-3,4,4,1024,1024,1024,16,1,OK,0,NONE,0.257668957,GOPS,8.334274,parallel_tiles_including_required_packing,INDEPENDENT_INT64_REFERENCE_EXACT_INT32,0,0,"0:cpu0:tiles16;1:cpu1:tiles16;2:cpu2:tiles16;3:cpu3:tiles16","NA",static,0,"NA","NA","/home/bananapi/MAT/kernels riscv rvv 1.0/FINAL/riscv-rvv-ime-gemm-microkernels-updated/HETEROGENEOUS_RVV_IME_OPENMP_GEMM/results/openmp_results_k1-ime_1024_20260904_122607/raw_logs/IME_NATIVE_KERNELS_IME_GEMM_INT8_I8I32_8x8_NATIVE_ime_kernel_8x8_zvl256b_lmul1_unroll8_run1.log",NA,NA,NA,NA,NA,NA,NA
k1_kernel_tuning,IME,tile_N,16,2026-09-04T12:32:35,k1-ime,"IME_NATIVE_KERNELS","IME_GEMM_INT8_I8I32_8x8_NATIVE","ime_kernel_8x8_zvl256b_lmul1_unroll8",8x8,256b,1,8,INT8_IME,0-3,4,4,1024,1024,1024,16,2,OK,0,NONE,0.220071126,GOPS,9.758135,parallel_tiles_including_required_packing,DISABLED,0,0,"0:cpu0:tiles16;1:cpu1:tiles16;2:cpu2:tiles16;3:cpu3:tiles16","NA",static,0,"NA","NA","/home/bananapi/MAT/kernels riscv rvv 1.0/FINAL/riscv-rvv-ime-gemm-microkernels-updated/HETEROGENEOUS_RVV_IME_OPENMP_GEMM/results/openmp_results_k1-ime_1024_20260904_122607/raw_logs/IME_NATIVE_KERNELS_IME_GEMM_INT8_I8I32_8x8_NATIVE_ime_kernel_8x8_zvl256b_lmul1_unroll8_run2.log",NA,NA,NA,NA,NA,NA,NA
k1_kernel_tuning,IME,tile_N,16,2026-09-04T12:32:36,k1-ime,"IME_NATIVE_KERNELS","IME_GEMM_INT8_I8I32_8x8_NATIVE","ime_kernel_8x8_zvl256b_lmul1_unroll8",8x8,256b,1,8,INT8_IME,0-3,4,4,1024,1024,1024,16,3,OK,0,NONE,0.196318418,GOPS,10.938778,parallel_tiles_including_required_packing,DISABLED,0,0,"0:cpu0:tiles16;1:cpu1:tiles16;2:cpu2:tiles16;3:cpu3:tiles16","NA",static,0,"NA","NA","/home/bananapi/MAT/kernels riscv rvv 1.0/FINAL/riscv-rvv-ime-gemm-microkernels-updated/HETEROGENEOUS_RVV_IME_OPENMP_GEMM/results/openmp_results_k1-ime_1024_20260904_122607/raw_logs/IME_NATIVE_KERNELS_IME_GEMM_INT8_I8I32_8x8_NATIVE_ime_kernel_8x8_zvl256b_lmul1_unroll8_run3.log",NA,NA,NA,NA,NA,NA,NA
k1_kernel_tuning,IME,tile_N,16,2026-09-04T12:32:37,k1-ime,"IME_NATIVE_KERNELS","IME_GEMM_INT8_I8I32_8x8_NATIVE","ime_kernel_8x8_zvl256b_lmul1_unroll8",8x8,256b,1,8,INT8_IME,0-3,4,4,1024,1024,1024,16,4,OK,0,NONE,0.189925667,GOPS,11.306969,parallel_tiles_including_required_packing,DISABLED,0,0,"0:cpu0:tiles16;1:cpu1:tiles16;2:cpu2:tiles16;3:cpu3:tiles16","NA",static,0,"NA","NA","/home/bananapi/MAT/kernels riscv rvv 1.0/FINAL/riscv-rvv-ime-gemm-microkernels-updated/HETEROGENEOUS_RVV_IME_OPENMP_GEMM/results/openmp_results_k1-ime_1024_20260904_122607/raw_logs/IME_NATIVE_KERNELS_IME_GEMM_INT8_I8I32_8x8_NATIVE_ime_kernel_8x8_zvl256b_lmul1_unroll8_run4.log",NA,NA,NA,NA,NA,NA,NA
k1_kernel_tuning,IME,tile_N,16,2026-09-04T12:32:37,k1-ime,"IME_NATIVE_KERNELS","IME_GEMM_INT8_I8I32_8x8_NATIVE","ime_kernel_8x8_zvl256b_lmul1_unroll8",8x8,256b,1,8,INT8_IME,0-3,4,4,1024,1024,1024,16,5,OK,0,NONE,0.217395332,GOPS,9.878242,parallel_tiles_including_required_packing,DISABLED,0,0,"0:cpu0:tiles16;1:cpu1:tiles16;2:cpu2:tiles16;3:cpu3:tiles16","NA",static,0,"NA","NA","/home/bananapi/MAT/kernels riscv rvv 1.0/FINAL/riscv-rvv-ime-gemm-microkernels-updated/HETEROGENEOUS_RVV_IME_OPENMP_GEMM/results/openmp_results_k1-ime_1024_20260904_122607/raw_logs/IME_NATIVE_KERNELS_IME_GEMM_INT8_I8I32_8x8_NATIVE_ime_kernel_8x8_zvl256b_lmul1_unroll8_run5.log",NA,NA,NA,NA,NA,NA,NA
k1_kernel_tuning,IME,tile_N,16,2026-09-04T12:32:38,k1-ime,"IME_NATIVE_KERNELS","IME_GEMM_INT8_I8I32_8x8_NATIVE","ime_kernel_8x8_zvl256b_lmul1_unroll8",8x8,256b,1,8,INT8_IME,0-3,4,4,1024,1024,1024,16,6,OK,0,NONE,0.249666832,GOPS,8.601397,parallel_tiles_including_required_packing,DISABLED,0,0,"0:cpu0:tiles16;1:cpu1:tiles16;2:cpu2:tiles16;3:cpu3:tiles16","NA",static,0,"NA","NA","/home/bananapi/MAT/kernels riscv rvv 1.0/FINAL/riscv-rvv-ime-gemm-microkernels-updated/HETEROGENEOUS_RVV_IME_OPENMP_GEMM/results/openmp_results_k1-ime_1024_20260904_122607/raw_logs/IME_NATIVE_KERNELS_IME_GEMM_INT8_I8I32_8x8_NATIVE_ime_kernel_8x8_zvl256b_lmul1_unroll8_run6.log",NA,NA,NA,NA,NA,NA,NA
k1_kernel_tuning,RVV,tile_N,32,2026-09-04T12:33:08,k1-rvv,"GEMM_RVV_FP32_INT8_8x4_Baseline","RVV_IGEMM_INT8_I8I32_8x4","igemm_kernel_8x4_zvl256b_lmul1_unroll1_i8i32",8x4,256b,1,1,INT8_RVV,0-7,8,8,1024,1024,1024,32,1,OK,0,NONE,0.306774333,GOPS,7.000206,parallel_tiles_including_required_packing,INDEPENDENT_INT64_REFERENCE_EXACT_INT32,0,0,"0:cpu0:tiles4;1:cpu1:tiles4;2:cpu2:tiles4;3:cpu3:tiles4;4:cpu4:tiles4;5:cpu5:tiles4;6:cpu6:tiles4;7:cpu7:tiles4","NA",static,0,"NA","NA","/home/bananapi/MAT/kernels riscv rvv 1.0/FINAL/riscv-rvv-ime-gemm-microkernels-updated/HETEROGENEOUS_RVV_IME_OPENMP_GEMM/results/openmp_results_k1-rvv_1024_20260904_123239/raw_logs/GEMM_RVV_FP32_INT8_8x4_Baseline_RVV_IGEMM_INT8_I8I32_8x4_igemm_kernel_8x4_zvl256b_lmul1_unroll1_i8i32_run1.log",NA,NA,NA,NA,NA,NA,NA
k1_kernel_tuning,RVV,tile_N,32,2026-09-04T12:33:08,k1-rvv,"GEMM_RVV_FP32_INT8_8x4_Baseline","RVV_IGEMM_INT8_I8I32_8x4","igemm_kernel_8x4_zvl256b_lmul1_unroll1_i8i32",8x4,256b,1,1,INT8_RVV,0-7,8,8,1024,1024,1024,32,2,OK,0,NONE,0.312245123,GOPS,6.877557,parallel_tiles_including_required_packing,DISABLED,0,0,"0:cpu0:tiles4;1:cpu1:tiles4;2:cpu2:tiles4;3:cpu3:tiles4;4:cpu4:tiles4;5:cpu5:tiles4;6:cpu6:tiles4;7:cpu7:tiles4","NA",static,0,"NA","NA","/home/bananapi/MAT/kernels riscv rvv 1.0/FINAL/riscv-rvv-ime-gemm-microkernels-updated/HETEROGENEOUS_RVV_IME_OPENMP_GEMM/results/openmp_results_k1-rvv_1024_20260904_123239/raw_logs/GEMM_RVV_FP32_INT8_8x4_Baseline_RVV_IGEMM_INT8_I8I32_8x4_igemm_kernel_8x4_zvl256b_lmul1_unroll1_i8i32_run2.log",NA,NA,NA,NA,NA,NA,NA
k1_kernel_tuning,RVV,tile_N,32,2026-09-04T12:33:09,k1-rvv,"GEMM_RVV_FP32_INT8_8x4_Baseline","RVV_IGEMM_INT8_I8I32_8x4","igemm_kernel_8x4_zvl256b_lmul1_unroll1_i8i32",8x4,256b,1,1,INT8_RVV,0-7,8,8,1024,1024,1024,32,3,OK,0,NONE,0.311332665,GOPS,6.897714,parallel_tiles_including_required_packing,DISABLED,0,0,"0:cpu0:tiles4;1:cpu1:tiles4;2:cpu2:tiles4;3:cpu3:tiles4;4:cpu4:tiles4;5:cpu5:tiles4;6:cpu6:tiles4;7:cpu7:tiles4","NA",static,0,"NA","NA","/home/bananapi/MAT/kernels riscv rvv 1.0/FINAL/riscv-rvv-ime-gemm-microkernels-updated/HETEROGENEOUS_RVV_IME_OPENMP_GEMM/results/openmp_results_k1-rvv_1024_20260904_123239/raw_logs/GEMM_RVV_FP32_INT8_8x4_Baseline_RVV_IGEMM_INT8_I8I32_8x4_igemm_kernel_8x4_zvl256b_lmul1_unroll1_i8i32_run3.log",NA,NA,NA,NA,NA,NA,NA
k1_kernel_tuning,RVV,tile_N,32,2026-09-04T12:33:10,k1-rvv,"GEMM_RVV_FP32_INT8_8x4_Baseline","RVV_IGEMM_INT8_I8I32_8x4","igemm_kernel_8x4_zvl256b_lmul1_unroll1_i8i32",8x4,256b,1,1,INT8_RVV,0-7,8,8,1024,1024,1024,32,4,OK,0,NONE,0.312470417,GOPS,6.872598,parallel_tiles_including_required_packing,DISABLED,0,0,"0:cpu0:tiles4;1:cpu1:tiles4;2:cpu2:tiles4;3:cpu3:tiles4;4:cpu4:tiles4;5:cpu5:tiles4;6:cpu6:tiles4;7:cpu7:tiles4","NA",static,0,"NA","NA","/home/bananapi/MAT/kernels riscv rvv 1.0/FINAL/riscv-rvv-ime-gemm-microkernels-updated/HETEROGENEOUS_RVV_IME_OPENMP_GEMM/results/openmp_results_k1-rvv_1024_20260904_123239/raw_logs/GEMM_RVV_FP32_INT8_8x4_Baseline_RVV_IGEMM_INT8_I8I32_8x4_igemm_kernel_8x4_zvl256b_lmul1_unroll1_i8i32_run4.log",NA,NA,NA,NA,NA,NA,NA
k1_kernel_tuning,RVV,tile_N,32,2026-09-04T12:33:11,k1-rvv,"GEMM_RVV_FP32_INT8_8x4_Baseline","RVV_IGEMM_INT8_I8I32_8x4","igemm_kernel_8x4_zvl256b_lmul1_unroll1_i8i32",8x4,256b,1,1,INT8_RVV,0-7,8,8,1024,1024,1024,32,5,OK,0,NONE,0.307783876,GOPS,6.977245,parallel_tiles_including_required_packing,DISABLED,0,0,"0:cpu0:tiles4;1:cpu1:tiles4;2:cpu2:tiles4;3:cpu3:tiles4;4:cpu4:tiles4;5:cpu5:tiles4;6:cpu6:tiles4;7:cpu7:tiles4","NA",static,0,"NA","NA","/home/bananapi/MAT/kernels riscv rvv 1.0/FINAL/riscv-rvv-ime-gemm-microkernels-updated/HETEROGENEOUS_RVV_IME_OPENMP_GEMM/results/openmp_results_k1-rvv_1024_20260904_123239/raw_logs/GEMM_RVV_FP32_INT8_8x4_Baseline_RVV_IGEMM_INT8_I8I32_8x4_igemm_kernel_8x4_zvl256b_lmul1_unroll1_i8i32_run5.log",NA,NA,NA,NA,NA,NA,NA
k1_kernel_tuning,RVV,tile_N,32,2026-09-04T12:33:12,k1-rvv,"GEMM_RVV_FP32_INT8_8x4_Baseline","RVV_IGEMM_INT8_I8I32_8x4","igemm_kernel_8x4_zvl256b_lmul1_unroll1_i8i32",8x4,256b,1,1,INT8_RVV,0-7,8,8,1024,1024,1024,32,6,OK,0,NONE,0.308604918,GOPS,6.958683,parallel_tiles_including_required_packing,DISABLED,0,0,"0:cpu0:tiles4;1:cpu1:tiles4;2:cpu2:tiles4;3:cpu3:tiles4;4:cpu4:tiles4;5:cpu5:tiles4;6:cpu6:tiles4;7:cpu7:tiles4","NA",static,0,"NA","NA","/home/bananapi/MAT/kernels riscv rvv 1.0/FINAL/riscv-rvv-ime-gemm-microkernels-updated/HETEROGENEOUS_RVV_IME_OPENMP_GEMM/results/openmp_results_k1-rvv_1024_20260904_123239/raw_logs/GEMM_RVV_FP32_INT8_8x4_Baseline_RVV_IGEMM_INT8_I8I32_8x4_igemm_kernel_8x4_zvl256b_lmul1_unroll1_i8i32_run6.log",NA,NA,NA,NA,NA,NA,NA
k1_kernel_tuning,RVV,tile_N,32,2026-09-04T12:33:41,k1-rvv,"GEMM_RVV_FP32_INT8_8x4_Baseline","RVV_IGEMM_INT8_I8I32_8x4","igemm_kernel_8x4_zvl256b_lmul1_unroll2_i8i32",8x4,256b,1,2,INT8_RVV,0-7,8,8,1024,1024,1024,32,1,OK,0,NONE,0.460483041,GOPS,4.663546,parallel_tiles_including_required_packing,INDEPENDENT_INT64_REFERENCE_EXACT_INT32,0,0,"0:cpu0:tiles4;1:cpu1:tiles4;2:cpu2:tiles4;3:cpu3:tiles4;4:cpu4:tiles4;5:cpu5:tiles4;6:cpu6:tiles4;7:cpu7:tiles4","NA",static,0,"NA","NA","/home/bananapi/MAT/kernels riscv rvv 1.0/FINAL/riscv-rvv-ime-gemm-microkernels-updated/HETEROGENEOUS_RVV_IME_OPENMP_GEMM/results/openmp_results_k1-rvv_1024_20260904_123239/raw_logs/GEMM_RVV_FP32_INT8_8x4_Baseline_RVV_IGEMM_INT8_I8I32_8x4_igemm_kernel_8x4_zvl256b_lmul1_unroll2_i8i32_run1.log",NA,NA,NA,NA,NA,NA,NA
k1_kernel_tuning,RVV,tile_N,32,2026-09-04T12:33:42,k1-rvv,"GEMM_RVV_FP32_INT8_8x4_Baseline","RVV_IGEMM_INT8_I8I32_8x4","igemm_kernel_8x4_zvl256b_lmul1_unroll2_i8i32",8x4,256b,1,2,INT8_RVV,0-7,8,8,1024,1024,1024,32,2,OK,0,NONE,0.468340792,GOPS,4.585301,parallel_tiles_including_required_packing,DISABLED,0,0,"0:cpu0:tiles4;1:cpu1:tiles4;2:cpu2:tiles4;3:cpu3:tiles4;4:cpu4:tiles4;5:cpu5:tiles4;6:cpu6:tiles4;7:cpu7:tiles4","NA",static,0,"NA","NA","/home/bananapi/MAT/kernels riscv rvv 1.0/FINAL/riscv-rvv-ime-gemm-microkernels-updated/HETEROGENEOUS_RVV_IME_OPENMP_GEMM/results/openmp_results_k1-rvv_1024_20260904_123239/raw_logs/GEMM_RVV_FP32_INT8_8x4_Baseline_RVV_IGEMM_INT8_I8I32_8x4_igemm_kernel_8x4_zvl256b_lmul1_unroll2_i8i32_run2.log",NA,NA,NA,NA,NA,NA,NA
k1_kernel_tuning,RVV,tile_N,32,2026-09-04T12:33:43,k1-rvv,"GEMM_RVV_FP32_INT8_8x4_Baseline","RVV_IGEMM_INT8_I8I32_8x4","igemm_kernel_8x4_zvl256b_lmul1_unroll2_i8i32",8x4,256b,1,2,INT8_RVV,0-7,8,8,1024,1024,1024,32,3,OK,0,NONE,0.463041041,GOPS,4.637783,parallel_tiles_including_required_packing,DISABLED,0,0,"0:cpu0:tiles4;1:cpu1:tiles4;2:cpu2:tiles4;3:cpu3:tiles4;4:cpu4:tiles4;5:cpu5:tiles4;6:cpu6:tiles4;7:cpu7:tiles4","NA",static,0,"NA","NA","/home/bananapi/MAT/kernels riscv rvv 1.0/FINAL/riscv-rvv-ime-gemm-microkernels-updated/HETEROGENEOUS_RVV_IME_OPENMP_GEMM/results/openmp_results_k1-rvv_1024_20260904_123239/raw_logs/GEMM_RVV_FP32_INT8_8x4_Baseline_RVV_IGEMM_INT8_I8I32_8x4_igemm_kernel_8x4_zvl256b_lmul1_unroll2_i8i32_run3.log",NA,NA,NA,NA,NA,NA,NA
k1_kernel_tuning,RVV,tile_N,32,2026-09-04T12:33:44,k1-rvv,"GEMM_RVV_FP32_INT8_8x4_Baseline","RVV_IGEMM_INT8_I8I32_8x4","igemm_kernel_8x4_zvl256b_lmul1_unroll2_i8i32",8x4,256b,1,2,INT8_RVV,0-7,8,8,1024,1024,1024,32,4,OK,0,NONE,0.467601623,GOPS,4.592550,parallel_tiles_including_required_packing,DISABLED,0,0,"0:cpu0:tiles4;1:cpu1:tiles4;2:cpu2:tiles4;3:cpu3:tiles4;4:cpu4:tiles4;5:cpu5:tiles4;6:cpu6:tiles4;7:cpu7:tiles4","NA",static,0,"NA","NA","/home/bananapi/MAT/kernels riscv rvv 1.0/FINAL/riscv-rvv-ime-gemm-microkernels-updated/HETEROGENEOUS_RVV_IME_OPENMP_GEMM/results/openmp_results_k1-rvv_1024_20260904_123239/raw_logs/GEMM_RVV_FP32_INT8_8x4_Baseline_RVV_IGEMM_INT8_I8I32_8x4_igemm_kernel_8x4_zvl256b_lmul1_unroll2_i8i32_run4.log",NA,NA,NA,NA,NA,NA,NA
k1_kernel_tuning,RVV,tile_N,32,2026-09-04T12:33:46,k1-rvv,"GEMM_RVV_FP32_INT8_8x4_Baseline","RVV_IGEMM_INT8_I8I32_8x4","igemm_kernel_8x4_zvl256b_lmul1_unroll2_i8i32",8x4,256b,1,2,INT8_RVV,0-7,8,8,1024,1024,1024,32,5,OK,0,NONE,0.462493584,GOPS,4.643272,parallel_tiles_including_required_packing,DISABLED,0,0,"0:cpu0:tiles4;1:cpu1:tiles4;2:cpu2:tiles4;3:cpu3:tiles4;4:cpu4:tiles4;5:cpu5:tiles4;6:cpu6:tiles4;7:cpu7:tiles4","NA",static,0,"NA","NA","/home/bananapi/MAT/kernels riscv rvv 1.0/FINAL/riscv-rvv-ime-gemm-microkernels-updated/HETEROGENEOUS_RVV_IME_OPENMP_GEMM/results/openmp_results_k1-rvv_1024_20260904_123239/raw_logs/GEMM_RVV_FP32_INT8_8x4_Baseline_RVV_IGEMM_INT8_I8I32_8x4_igemm_kernel_8x4_zvl256b_lmul1_unroll2_i8i32_run5.log",NA,NA,NA,NA,NA,NA,NA
k1_kernel_tuning,RVV,tile_N,32,2026-09-04T12:33:47,k1-rvv,"GEMM_RVV_FP32_INT8_8x4_Baseline","RVV_IGEMM_INT8_I8I32_8x4","igemm_kernel_8x4_zvl256b_lmul1_unroll2_i8i32",8x4,256b,1,2,INT8_RVV,0-7,8,8,1024,1024,1024,32,6,OK,0,NONE,0.462650374,GOPS,4.641699,parallel_tiles_including_required_packing,DISABLED,0,0,"0:cpu0:tiles4;1:cpu1:tiles4;2:cpu2:tiles4;3:cpu3:tiles4;4:cpu4:tiles4;5:cpu5:tiles4;6:cpu6:tiles4;7:cpu7:tiles4","NA",static,0,"NA","NA","/home/bananapi/MAT/kernels riscv rvv 1.0/FINAL/riscv-rvv-ime-gemm-microkernels-updated/HETEROGENEOUS_RVV_IME_OPENMP_GEMM/results/openmp_results_k1-rvv_1024_20260904_123239/raw_logs/GEMM_RVV_FP32_INT8_8x4_Baseline_RVV_IGEMM_INT8_I8I32_8x4_igemm_kernel_8x4_zvl256b_lmul1_unroll2_i8i32_run6.log",NA,NA,NA,NA,NA,NA,NA
k1_kernel_tuning,RVV,tile_N,32,2026-09-04T12:34:16,k1-rvv,"GEMM_RVV_FP32_INT8_8x4_Baseline","RVV_IGEMM_INT8_I8I32_8x4","igemm_kernel_8x4_zvl256b_lmul1_unroll4_i8i32",8x4,256b,1,4,INT8_RVV,0-7,8,8,1024,1024,1024,32,1,OK,0,NONE,0.472924374,GOPS,4.540861,parallel_tiles_including_required_packing,INDEPENDENT_INT64_REFERENCE_EXACT_INT32,0,0,"0:cpu0:tiles4;1:cpu1:tiles4;2:cpu2:tiles4;3:cpu3:tiles4;4:cpu4:tiles4;5:cpu5:tiles4;6:cpu6:tiles4;7:cpu7:tiles4","NA",static,0,"NA","NA","/home/bananapi/MAT/kernels riscv rvv 1.0/FINAL/riscv-rvv-ime-gemm-microkernels-updated/HETEROGENEOUS_RVV_IME_OPENMP_GEMM/results/openmp_results_k1-rvv_1024_20260904_123239/raw_logs/GEMM_RVV_FP32_INT8_8x4_Baseline_RVV_IGEMM_INT8_I8I32_8x4_igemm_kernel_8x4_zvl256b_lmul1_unroll4_i8i32_run1.log",NA,NA,NA,NA,NA,NA,NA
k1_kernel_tuning,RVV,tile_N,32,2026-09-04T12:34:17,k1-rvv,"GEMM_RVV_FP32_INT8_8x4_Baseline","RVV_IGEMM_INT8_I8I32_8x4","igemm_kernel_8x4_zvl256b_lmul1_unroll4_i8i32",8x4,256b,1,4,INT8_RVV,0-7,8,8,1024,1024,1024,32,2,OK,0,NONE,0.472902413,GOPS,4.541071,parallel_tiles_including_required_packing,DISABLED,0,0,"0:cpu0:tiles4;1:cpu1:tiles4;2:cpu2:tiles4;3:cpu3:tiles4;4:cpu4:tiles4;5:cpu5:tiles4;6:cpu6:tiles4;7:cpu7:tiles4","NA",static,0,"NA","NA","/home/bananapi/MAT/kernels riscv rvv 1.0/FINAL/riscv-rvv-ime-gemm-microkernels-updated/HETEROGENEOUS_RVV_IME_OPENMP_GEMM/results/openmp_results_k1-rvv_1024_20260904_123239/raw_logs/GEMM_RVV_FP32_INT8_8x4_Baseline_RVV_IGEMM_INT8_I8I32_8x4_igemm_kernel_8x4_zvl256b_lmul1_unroll4_i8i32_run2.log",NA,NA,NA,NA,NA,NA,NA
k1_kernel_tuning,RVV,tile_N,32,2026-09-04T12:34:18,k1-rvv,"GEMM_RVV_FP32_INT8_8x4_Baseline","RVV_IGEMM_INT8_I8I32_8x4","igemm_kernel_8x4_zvl256b_lmul1_unroll4_i8i32",8x4,256b,1,4,INT8_RVV,0-7,8,8,1024,1024,1024,32,3,OK,0,NONE,0.470423289,GOPS,4.565003,parallel_tiles_including_required_packing,DISABLED,0,0,"0:cpu0:tiles4;1:cpu1:tiles4;2:cpu2:tiles4;3:cpu3:tiles4;4:cpu4:tiles4;5:cpu5:tiles4;6:cpu6:tiles4;7:cpu7:tiles4","NA",static,0,"NA","NA","/home/bananapi/MAT/kernels riscv rvv 1.0/FINAL/riscv-rvv-ime-gemm-microkernels-updated/HETEROGENEOUS_RVV_IME_OPENMP_GEMM/results/openmp_results_k1-rvv_1024_20260904_123239/raw_logs/GEMM_RVV_FP32_INT8_8x4_Baseline_RVV_IGEMM_INT8_I8I32_8x4_igemm_kernel_8x4_zvl256b_lmul1_unroll4_i8i32_run3.log",NA,NA,NA,NA,NA,NA,NA
k1_kernel_tuning,RVV,tile_N,32,2026-09-04T12:34:20,k1-rvv,"GEMM_RVV_FP32_INT8_8x4_Baseline","RVV_IGEMM_INT8_I8I32_8x4","igemm_kernel_8x4_zvl256b_lmul1_unroll4_i8i32",8x4,256b,1,4,INT8_RVV,0-7,8,8,1024,1024,1024,32,4,OK,0,NONE,0.480689459,GOPS,4.467507,parallel_tiles_including_required_packing,DISABLED,0,0,"0:cpu0:tiles4;1:cpu1:tiles4;2:cpu2:tiles4;3:cpu3:tiles4;4:cpu4:tiles4;5:cpu5:tiles4;6:cpu6:tiles4;7:cpu7:tiles4","NA",static,0,"NA","NA","/home/bananapi/MAT/kernels riscv rvv 1.0/FINAL/riscv-rvv-ime-gemm-microkernels-updated/HETEROGENEOUS_RVV_IME_OPENMP_GEMM/results/openmp_results_k1-rvv_1024_20260904_123239/raw_logs/GEMM_RVV_FP32_INT8_8x4_Baseline_RVV_IGEMM_INT8_I8I32_8x4_igemm_kernel_8x4_zvl256b_lmul1_unroll4_i8i32_run4.log",NA,NA,NA,NA,NA,NA,NA
k1_kernel_tuning,RVV,tile_N,32,2026-09-04T12:34:21,k1-rvv,"GEMM_RVV_FP32_INT8_8x4_Baseline","RVV_IGEMM_INT8_I8I32_8x4","igemm_kernel_8x4_zvl256b_lmul1_unroll4_i8i32",8x4,256b,1,4,INT8_RVV,0-7,8,8,1024,1024,1024,32,5,OK,0,NONE,0.476220958,GOPS,4.509427,parallel_tiles_including_required_packing,DISABLED,0,0,"0:cpu0:tiles4;1:cpu1:tiles4;2:cpu2:tiles4;3:cpu3:tiles4;4:cpu4:tiles4;5:cpu5:tiles4;6:cpu6:tiles4;7:cpu7:tiles4","NA",static,0,"NA","NA","/home/bananapi/MAT/kernels riscv rvv 1.0/FINAL/riscv-rvv-ime-gemm-microkernels-updated/HETEROGENEOUS_RVV_IME_OPENMP_GEMM/results/openmp_results_k1-rvv_1024_20260904_123239/raw_logs/GEMM_RVV_FP32_INT8_8x4_Baseline_RVV_IGEMM_INT8_I8I32_8x4_igemm_kernel_8x4_zvl256b_lmul1_unroll4_i8i32_run5.log",NA,NA,NA,NA,NA,NA,NA
k1_kernel_tuning,RVV,tile_N,32,2026-09-04T12:34:22,k1-rvv,"GEMM_RVV_FP32_INT8_8x4_Baseline","RVV_IGEMM_INT8_I8I32_8x4","igemm_kernel_8x4_zvl256b_lmul1_unroll4_i8i32",8x4,256b,1,4,INT8_RVV,0-7,8,8,1024,1024,1024,32,6,OK,0,NONE,0.476205748,GOPS,4.509571,parallel_tiles_including_required_packing,DISABLED,0,0,"0:cpu0:tiles4;1:cpu1:tiles4;2:cpu2:tiles4;3:cpu3:tiles4;4:cpu4:tiles4;5:cpu5:tiles4;6:cpu6:tiles4;7:cpu7:tiles4","NA",static,0,"NA","NA","/home/bananapi/MAT/kernels riscv rvv 1.0/FINAL/riscv-rvv-ime-gemm-microkernels-updated/HETEROGENEOUS_RVV_IME_OPENMP_GEMM/results/openmp_results_k1-rvv_1024_20260904_123239/raw_logs/GEMM_RVV_FP32_INT8_8x4_Baseline_RVV_IGEMM_INT8_I8I32_8x4_igemm_kernel_8x4_zvl256b_lmul1_unroll4_i8i32_run6.log",NA,NA,NA,NA,NA,NA,NA
k1_kernel_tuning,RVV,tile_N,32,2026-09-04T12:34:52,k1-rvv,"GEMM_RVV_FP32_INT8_8x4_Baseline","RVV_IGEMM_INT8_I8I32_8x4","igemm_kernel_8x4_zvl256b_lmul1_unroll8_i8i32",8x4,256b,1,8,INT8_RVV,0-7,8,8,1024,1024,1024,32,1,OK,0,NONE,0.441327248,GOPS,4.865967,parallel_tiles_including_required_packing,INDEPENDENT_INT64_REFERENCE_EXACT_INT32,0,0,"0:cpu0:tiles4;1:cpu1:tiles4;2:cpu2:tiles4;3:cpu3:tiles4;4:cpu4:tiles4;5:cpu5:tiles4;6:cpu6:tiles4;7:cpu7:tiles4","NA",static,0,"NA","NA","/home/bananapi/MAT/kernels riscv rvv 1.0/FINAL/riscv-rvv-ime-gemm-microkernels-updated/HETEROGENEOUS_RVV_IME_OPENMP_GEMM/results/openmp_results_k1-rvv_1024_20260904_123239/raw_logs/GEMM_RVV_FP32_INT8_8x4_Baseline_RVV_IGEMM_INT8_I8I32_8x4_igemm_kernel_8x4_zvl256b_lmul1_unroll8_i8i32_run1.log",NA,NA,NA,NA,NA,NA,NA
k1_kernel_tuning,RVV,tile_N,32,2026-09-04T12:34:53,k1-rvv,"GEMM_RVV_FP32_INT8_8x4_Baseline","RVV_IGEMM_INT8_I8I32_8x4","igemm_kernel_8x4_zvl256b_lmul1_unroll8_i8i32",8x4,256b,1,8,INT8_RVV,0-7,8,8,1024,1024,1024,32,2,OK,0,NONE,0.439057458,GOPS,4.891122,parallel_tiles_including_required_packing,DISABLED,0,0,"0:cpu0:tiles4;1:cpu1:tiles4;2:cpu2:tiles4;3:cpu3:tiles4;4:cpu4:tiles4;5:cpu5:tiles4;6:cpu6:tiles4;7:cpu7:tiles4","NA",static,0,"NA","NA","/home/bananapi/MAT/kernels riscv rvv 1.0/FINAL/riscv-rvv-ime-gemm-microkernels-updated/HETEROGENEOUS_RVV_IME_OPENMP_GEMM/results/openmp_results_k1-rvv_1024_20260904_123239/raw_logs/GEMM_RVV_FP32_INT8_8x4_Baseline_RVV_IGEMM_INT8_I8I32_8x4_igemm_kernel_8x4_zvl256b_lmul1_unroll8_i8i32_run2.log",NA,NA,NA,NA,NA,NA,NA
k1_kernel_tuning,RVV,tile_N,32,2026-09-04T12:34:54,k1-rvv,"GEMM_RVV_FP32_INT8_8x4_Baseline","RVV_IGEMM_INT8_I8I32_8x4","igemm_kernel_8x4_zvl256b_lmul1_unroll8_i8i32",8x4,256b,1,8,INT8_RVV,0-7,8,8,1024,1024,1024,32,3,OK,0,NONE,0.446489125,GOPS,4.809711,parallel_tiles_including_required_packing,DISABLED,0,0,"0:cpu0:tiles4;1:cpu1:tiles4;2:cpu2:tiles4;3:cpu3:tiles4;4:cpu4:tiles4;5:cpu5:tiles4;6:cpu6:tiles4;7:cpu7:tiles4","NA",static,0,"NA","NA","/home/bananapi/MAT/kernels riscv rvv 1.0/FINAL/riscv-rvv-ime-gemm-microkernels-updated/HETEROGENEOUS_RVV_IME_OPENMP_GEMM/results/openmp_results_k1-rvv_1024_20260904_123239/raw_logs/GEMM_RVV_FP32_INT8_8x4_Baseline_RVV_IGEMM_INT8_I8I32_8x4_igemm_kernel_8x4_zvl256b_lmul1_unroll8_i8i32_run3.log",NA,NA,NA,NA,NA,NA,NA
k1_kernel_tuning,RVV,tile_N,32,2026-09-04T12:34:55,k1-rvv,"GEMM_RVV_FP32_INT8_8x4_Baseline","RVV_IGEMM_INT8_I8I32_8x4","igemm_kernel_8x4_zvl256b_lmul1_unroll8_i8i32",8x4,256b,1,8,INT8_RVV,0-7,8,8,1024,1024,1024,32,4,OK,0,NONE,0.440772418,GOPS,4.872092,parallel_tiles_including_required_packing,DISABLED,0,0,"0:cpu0:tiles4;1:cpu1:tiles4;2:cpu2:tiles4;3:cpu3:tiles4;4:cpu4:tiles4;5:cpu5:tiles4;6:cpu6:tiles4;7:cpu7:tiles4","NA",static,0,"NA","NA","/home/bananapi/MAT/kernels riscv rvv 1.0/FINAL/riscv-rvv-ime-gemm-microkernels-updated/HETEROGENEOUS_RVV_IME_OPENMP_GEMM/results/openmp_results_k1-rvv_1024_20260904_123239/raw_logs/GEMM_RVV_FP32_INT8_8x4_Baseline_RVV_IGEMM_INT8_I8I32_8x4_igemm_kernel_8x4_zvl256b_lmul1_unroll8_i8i32_run4.log",NA,NA,NA,NA,NA,NA,NA
k1_kernel_tuning,RVV,tile_N,32,2026-09-04T12:34:57,k1-rvv,"GEMM_RVV_FP32_INT8_8x4_Baseline","RVV_IGEMM_INT8_I8I32_8x4","igemm_kernel_8x4_zvl256b_lmul1_unroll8_i8i32",8x4,256b,1,8,INT8_RVV,0-7,8,8,1024,1024,1024,32,5,OK,0,NONE,0.439625874,GOPS,4.884798,parallel_tiles_including_required_packing,DISABLED,0,0,"0:cpu0:tiles4;1:cpu1:tiles4;2:cpu2:tiles4;3:cpu3:tiles4;4:cpu4:tiles4;5:cpu5:tiles4;6:cpu6:tiles4;7:cpu7:tiles4","NA",static,0,"NA","NA","/home/bananapi/MAT/kernels riscv rvv 1.0/FINAL/riscv-rvv-ime-gemm-microkernels-updated/HETEROGENEOUS_RVV_IME_OPENMP_GEMM/results/openmp_results_k1-rvv_1024_20260904_123239/raw_logs/GEMM_RVV_FP32_INT8_8x4_Baseline_RVV_IGEMM_INT8_I8I32_8x4_igemm_kernel_8x4_zvl256b_lmul1_unroll8_i8i32_run5.log",NA,NA,NA,NA,NA,NA,NA
k1_kernel_tuning,RVV,tile_N,32,2026-09-04T12:34:58,k1-rvv,"GEMM_RVV_FP32_INT8_8x4_Baseline","RVV_IGEMM_INT8_I8I32_8x4","igemm_kernel_8x4_zvl256b_lmul1_unroll8_i8i32",8x4,256b,1,8,INT8_RVV,0-7,8,8,1024,1024,1024,32,6,OK,0,NONE,0.439522501,GOPS,4.885947,parallel_tiles_including_required_packing,DISABLED,0,0,"0:cpu0:tiles4;1:cpu1:tiles4;2:cpu2:tiles4;3:cpu3:tiles4;4:cpu4:tiles4;5:cpu5:tiles4;6:cpu6:tiles4;7:cpu7:tiles4","NA",static,0,"NA","NA","/home/bananapi/MAT/kernels riscv rvv 1.0/FINAL/riscv-rvv-ime-gemm-microkernels-updated/HETEROGENEOUS_RVV_IME_OPENMP_GEMM/results/openmp_results_k1-rvv_1024_20260904_123239/raw_logs/GEMM_RVV_FP32_INT8_8x4_Baseline_RVV_IGEMM_INT8_I8I32_8x4_igemm_kernel_8x4_zvl256b_lmul1_unroll8_i8i32_run6.log",NA,NA,NA,NA,NA,NA,NA
k1_kernel_tuning,RVV,tile_N,32,2026-09-04T12:35:35,k1-rvv,"GEMM_RVV_FP32_INT8_8x4_Baseline","RVV_IGEMM_INT8_I8I32_8x4","igemm_kernel_8x4_zvl256b_lmul2_unroll1_i8i32",8x4,256b,2,1,INT8_RVV,0-7,8,8,1024,1024,1024,32,1,OK,0,NONE,1.044917792,GOPS,2.055170,parallel_tiles_including_required_packing,INDEPENDENT_INT64_REFERENCE_EXACT_INT32,0,0,"0:cpu0:tiles4;1:cpu1:tiles4;2:cpu2:tiles4;3:cpu3:tiles4;4:cpu4:tiles4;5:cpu5:tiles4;6:cpu6:tiles4;7:cpu7:tiles4","NA",static,0,"NA","NA","/home/bananapi/MAT/kernels riscv rvv 1.0/FINAL/riscv-rvv-ime-gemm-microkernels-updated/HETEROGENEOUS_RVV_IME_OPENMP_GEMM/results/openmp_results_k1-rvv_1024_20260904_123239/raw_logs/GEMM_RVV_FP32_INT8_8x4_Baseline_RVV_IGEMM_INT8_I8I32_8x4_igemm_kernel_8x4_zvl256b_lmul2_unroll1_i8i32_run1.log",NA,NA,NA,NA,NA,NA,NA
k1_kernel_tuning,RVV,tile_N,32,2026-09-04T12:35:37,k1-rvv,"GEMM_RVV_FP32_INT8_8x4_Baseline","RVV_IGEMM_INT8_I8I32_8x4","igemm_kernel_8x4_zvl256b_lmul2_unroll1_i8i32",8x4,256b,2,1,INT8_RVV,0-7,8,8,1024,1024,1024,32,2,OK,0,NONE,1.034182332,GOPS,2.076504,parallel_tiles_including_required_packing,DISABLED,0,0,"0:cpu0:tiles4;1:cpu1:tiles4;2:cpu2:tiles4;3:cpu3:tiles4;4:cpu4:tiles4;5:cpu5:tiles4;6:cpu6:tiles4;7:cpu7:tiles4","NA",static,0,"NA","NA","/home/bananapi/MAT/kernels riscv rvv 1.0/FINAL/riscv-rvv-ime-gemm-microkernels-updated/HETEROGENEOUS_RVV_IME_OPENMP_GEMM/results/openmp_results_k1-rvv_1024_20260904_123239/raw_logs/GEMM_RVV_FP32_INT8_8x4_Baseline_RVV_IGEMM_INT8_I8I32_8x4_igemm_kernel_8x4_zvl256b_lmul2_unroll1_i8i32_run2.log",NA,NA,NA,NA,NA,NA,NA
k1_kernel_tuning,RVV,tile_N,32,2026-09-04T12:35:40,k1-rvv,"GEMM_RVV_FP32_INT8_8x4_Baseline","RVV_IGEMM_INT8_I8I32_8x4","igemm_kernel_8x4_zvl256b_lmul2_unroll1_i8i32",8x4,256b,2,1,INT8_RVV,0-7,8,8,1024,1024,1024,32,3,OK,0,NONE,1.029536001,GOPS,2.085875,parallel_tiles_including_required_packing,DISABLED,0,0,"0:cpu0:tiles4;1:cpu1:tiles4;2:cpu2:tiles4;3:cpu3:tiles4;4:cpu4:tiles4;5:cpu5:tiles4;6:cpu6:tiles4;7:cpu7:tiles4","NA",static,0,"NA","NA","/home/bananapi/MAT/kernels riscv rvv 1.0/FINAL/riscv-rvv-ime-gemm-microkernels-updated/HETEROGENEOUS_RVV_IME_OPENMP_GEMM/results/openmp_results_k1-rvv_1024_20260904_123239/raw_logs/GEMM_RVV_FP32_INT8_8x4_Baseline_RVV_IGEMM_INT8_I8I32_8x4_igemm_kernel_8x4_zvl256b_lmul2_unroll1_i8i32_run3.log",NA,NA,NA,NA,NA,NA,NA
k1_kernel_tuning,RVV,tile_N,32,2026-09-04T12:35:42,k1-rvv,"GEMM_RVV_FP32_INT8_8x4_Baseline","RVV_IGEMM_INT8_I8I32_8x4","igemm_kernel_8x4_zvl256b_lmul2_unroll1_i8i32",8x4,256b,2,1,INT8_RVV,0-7,8,8,1024,1024,1024,32,4,OK,0,NONE,1.026758250,GOPS,2.091518,parallel_tiles_including_required_packing,DISABLED,0,0,"0:cpu0:tiles4;1:cpu1:tiles4;2:cpu2:tiles4;3:cpu3:tiles4;4:cpu4:tiles4;5:cpu5:tiles4;6:cpu6:tiles4;7:cpu7:tiles4","NA",static,0,"NA","NA","/home/bananapi/MAT/kernels riscv rvv 1.0/FINAL/riscv-rvv-ime-gemm-microkernels-updated/HETEROGENEOUS_RVV_IME_OPENMP_GEMM/results/openmp_results_k1-rvv_1024_20260904_123239/raw_logs/GEMM_RVV_FP32_INT8_8x4_Baseline_RVV_IGEMM_INT8_I8I32_8x4_igemm_kernel_8x4_zvl256b_lmul2_unroll1_i8i32_run4.log",NA,NA,NA,NA,NA,NA,NA
k1_kernel_tuning,RVV,tile_N,32,2026-09-04T12:35:44,k1-rvv,"GEMM_RVV_FP32_INT8_8x4_Baseline","RVV_IGEMM_INT8_I8I32_8x4","igemm_kernel_8x4_zvl256b_lmul2_unroll1_i8i32",8x4,256b,2,1,INT8_RVV,0-7,8,8,1024,1024,1024,32,5,OK,0,NONE,1.027455542,GOPS,2.090099,parallel_tiles_including_required_packing,DISABLED,0,0,"0:cpu0:tiles4;1:cpu1:tiles4;2:cpu2:tiles4;3:cpu3:tiles4;4:cpu4:tiles4;5:cpu5:tiles4;6:cpu6:tiles4;7:cpu7:tiles4","NA",static,0,"NA","NA","/home/bananapi/MAT/kernels riscv rvv 1.0/FINAL/riscv-rvv-ime-gemm-microkernels-updated/HETEROGENEOUS_RVV_IME_OPENMP_GEMM/results/openmp_results_k1-rvv_1024_20260904_123239/raw_logs/GEMM_RVV_FP32_INT8_8x4_Baseline_RVV_IGEMM_INT8_I8I32_8x4_igemm_kernel_8x4_zvl256b_lmul2_unroll1_i8i32_run5.log",NA,NA,NA,NA,NA,NA,NA
k1_kernel_tuning,RVV,tile_N,32,2026-09-04T12:35:47,k1-rvv,"GEMM_RVV_FP32_INT8_8x4_Baseline","RVV_IGEMM_INT8_I8I32_8x4","igemm_kernel_8x4_zvl256b_lmul2_unroll1_i8i32",8x4,256b,2,1,INT8_RVV,0-7,8,8,1024,1024,1024,32,6,OK,0,NONE,1.028413333,GOPS,2.088152,parallel_tiles_including_required_packing,DISABLED,0,0,"0:cpu0:tiles4;1:cpu1:tiles4;2:cpu2:tiles4;3:cpu3:tiles4;4:cpu4:tiles4;5:cpu5:tiles4;6:cpu6:tiles4;7:cpu7:tiles4","NA",static,0,"NA","NA","/home/bananapi/MAT/kernels riscv rvv 1.0/FINAL/riscv-rvv-ime-gemm-microkernels-updated/HETEROGENEOUS_RVV_IME_OPENMP_GEMM/results/openmp_results_k1-rvv_1024_20260904_123239/raw_logs/GEMM_RVV_FP32_INT8_8x4_Baseline_RVV_IGEMM_INT8_I8I32_8x4_igemm_kernel_8x4_zvl256b_lmul2_unroll1_i8i32_run6.log",NA,NA,NA,NA,NA,NA,NA
k1_kernel_tuning,RVV,tile_N,32,2026-09-04T12:36:17,k1-rvv,"GEMM_RVV_FP32_INT8_8x4_Baseline","RVV_IGEMM_INT8_I8I32_8x4","igemm_kernel_8x4_zvl256b_lmul2_unroll2_i8i32",8x4,256b,2,2,INT8_RVV,0-7,8,8,1024,1024,1024,32,1,OK,0,NONE,1.083702669,GOPS,1.981617,parallel_tiles_including_required_packing,INDEPENDENT_INT64_REFERENCE_EXACT_INT32,0,0,"0:cpu0:tiles4;1:cpu1:tiles4;2:cpu2:tiles4;3:cpu3:tiles4;4:cpu4:tiles4;5:cpu5:tiles4;6:cpu6:tiles4;7:cpu7:tiles4","NA",static,0,"NA","NA","/home/bananapi/MAT/kernels riscv rvv 1.0/FINAL/riscv-rvv-ime-gemm-microkernels-updated/HETEROGENEOUS_RVV_IME_OPENMP_GEMM/results/openmp_results_k1-rvv_1024_20260904_123239/raw_logs/GEMM_RVV_FP32_INT8_8x4_Baseline_RVV_IGEMM_INT8_I8I32_8x4_igemm_kernel_8x4_zvl256b_lmul2_unroll2_i8i32_run1.log",NA,NA,NA,NA,NA,NA,NA
k1_kernel_tuning,RVV,tile_N,32,2026-09-04T12:36:19,k1-rvv,"GEMM_RVV_FP32_INT8_8x4_Baseline","RVV_IGEMM_INT8_I8I32_8x4","igemm_kernel_8x4_zvl256b_lmul2_unroll2_i8i32",8x4,256b,2,2,INT8_RVV,0-7,8,8,1024,1024,1024,32,2,OK,0,NONE,1.067662336,GOPS,2.011388,parallel_tiles_including_required_packing,DISABLED,0,0,"0:cpu0:tiles4;1:cpu1:tiles4;2:cpu2:tiles4;3:cpu3:tiles4;4:cpu4:tiles4;5:cpu5:tiles4;6:cpu6:tiles4;7:cpu7:tiles4","NA",static,0,"NA","NA","/home/bananapi/MAT/kernels riscv rvv 1.0/FINAL/riscv-rvv-ime-gemm-microkernels-updated/HETEROGENEOUS_RVV_IME_OPENMP_GEMM/results/openmp_results_k1-rvv_1024_20260904_123239/raw_logs/GEMM_RVV_FP32_INT8_8x4_Baseline_RVV_IGEMM_INT8_I8I32_8x4_igemm_kernel_8x4_zvl256b_lmul2_unroll2_i8i32_run2.log",NA,NA,NA,NA,NA,NA,NA
k1_kernel_tuning,RVV,tile_N,32,2026-09-04T12:36:22,k1-rvv,"GEMM_RVV_FP32_INT8_8x4_Baseline","RVV_IGEMM_INT8_I8I32_8x4","igemm_kernel_8x4_zvl256b_lmul2_unroll2_i8i32",8x4,256b,2,2,INT8_RVV,0-7,8,8,1024,1024,1024,32,3,OK,0,NONE,1.079643164,GOPS,1.989068,parallel_tiles_including_required_packing,DISABLED,0,0,"0:cpu0:tiles4;1:cpu1:tiles4;2:cpu2:tiles4;3:cpu3:tiles4;4:cpu4:tiles4;5:cpu5:tiles4;6:cpu6:tiles4;7:cpu7:tiles4","NA",static,0,"NA","NA","/home/bananapi/MAT/kernels riscv rvv 1.0/FINAL/riscv-rvv-ime-gemm-microkernels-updated/HETEROGENEOUS_RVV_IME_OPENMP_GEMM/results/openmp_results_k1-rvv_1024_20260904_123239/raw_logs/GEMM_RVV_FP32_INT8_8x4_Baseline_RVV_IGEMM_INT8_I8I32_8x4_igemm_kernel_8x4_zvl256b_lmul2_unroll2_i8i32_run3.log",NA,NA,NA,NA,NA,NA,NA
k1_kernel_tuning,RVV,tile_N,32,2026-09-04T12:36:24,k1-rvv,"GEMM_RVV_FP32_INT8_8x4_Baseline","RVV_IGEMM_INT8_I8I32_8x4","igemm_kernel_8x4_zvl256b_lmul2_unroll2_i8i32",8x4,256b,2,2,INT8_RVV,0-7,8,8,1024,1024,1024,32,4,OK,0,NONE,1.077241749,GOPS,1.993502,parallel_tiles_including_required_packing,DISABLED,0,0,"0:cpu0:tiles4;1:cpu1:tiles4;2:cpu2:tiles4;3:cpu3:tiles4;4:cpu4:tiles4;5:cpu5:tiles4;6:cpu6:tiles4;7:cpu7:tiles4","NA",static,0,"NA","NA","/home/bananapi/MAT/kernels riscv rvv 1.0/FINAL/riscv-rvv-ime-gemm-microkernels-updated/HETEROGENEOUS_RVV_IME_OPENMP_GEMM/results/openmp_results_k1-rvv_1024_20260904_123239/raw_logs/GEMM_RVV_FP32_INT8_8x4_Baseline_RVV_IGEMM_INT8_I8I32_8x4_igemm_kernel_8x4_zvl256b_lmul2_unroll2_i8i32_run4.log",NA,NA,NA,NA,NA,NA,NA
k1_kernel_tuning,RVV,tile_N,32,2026-09-04T12:36:27,k1-rvv,"GEMM_RVV_FP32_INT8_8x4_Baseline","RVV_IGEMM_INT8_I8I32_8x4","igemm_kernel_8x4_zvl256b_lmul2_unroll2_i8i32",8x4,256b,2,2,INT8_RVV,0-7,8,8,1024,1024,1024,32,5,OK,0,NONE,1.080765169,GOPS,1.987003,parallel_tiles_including_required_packing,DISABLED,0,0,"0:cpu0:tiles4;1:cpu1:tiles4;2:cpu2:tiles4;3:cpu3:tiles4;4:cpu4:tiles4;5:cpu5:tiles4;6:cpu6:tiles4;7:cpu7:tiles4","NA",static,0,"NA","NA","/home/bananapi/MAT/kernels riscv rvv 1.0/FINAL/riscv-rvv-ime-gemm-microkernels-updated/HETEROGENEOUS_RVV_IME_OPENMP_GEMM/results/openmp_results_k1-rvv_1024_20260904_123239/raw_logs/GEMM_RVV_FP32_INT8_8x4_Baseline_RVV_IGEMM_INT8_I8I32_8x4_igemm_kernel_8x4_zvl256b_lmul2_unroll2_i8i32_run5.log",NA,NA,NA,NA,NA,NA,NA
k1_kernel_tuning,RVV,tile_N,32,2026-09-04T12:36:29,k1-rvv,"GEMM_RVV_FP32_INT8_8x4_Baseline","RVV_IGEMM_INT8_I8I32_8x4","igemm_kernel_8x4_zvl256b_lmul2_unroll2_i8i32",8x4,256b,2,2,INT8_RVV,0-7,8,8,1024,1024,1024,32,6,OK,0,NONE,1.077812500,GOPS,1.992446,parallel_tiles_including_required_packing,DISABLED,0,0,"0:cpu0:tiles4;1:cpu1:tiles4;2:cpu2:tiles4;3:cpu3:tiles4;4:cpu4:tiles4;5:cpu5:tiles4;6:cpu6:tiles4;7:cpu7:tiles4","NA",static,0,"NA","NA","/home/bananapi/MAT/kernels riscv rvv 1.0/FINAL/riscv-rvv-ime-gemm-microkernels-updated/HETEROGENEOUS_RVV_IME_OPENMP_GEMM/results/openmp_results_k1-rvv_1024_20260904_123239/raw_logs/GEMM_RVV_FP32_INT8_8x4_Baseline_RVV_IGEMM_INT8_I8I32_8x4_igemm_kernel_8x4_zvl256b_lmul2_unroll2_i8i32_run6.log",NA,NA,NA,NA,NA,NA,NA
k1_kernel_tuning,RVV,tile_N,32,2026-09-04T12:37:01,k1-rvv,"GEMM_RVV_FP32_INT8_8x4_Baseline","RVV_IGEMM_INT8_I8I32_8x4","igemm_kernel_8x4_zvl256b_lmul2_unroll4_i8i32",8x4,256b,2,4,INT8_RVV,0-7,8,8,1024,1024,1024,32,1,OK,0,NONE,1.254620418,GOPS,1.711660,parallel_tiles_including_required_packing,INDEPENDENT_INT64_REFERENCE_EXACT_INT32,0,0,"0:cpu0:tiles4;1:cpu1:tiles4;2:cpu2:tiles4;3:cpu3:tiles4;4:cpu4:tiles4;5:cpu5:tiles4;6:cpu6:tiles4;7:cpu7:tiles4","NA",static,0,"NA","NA","/home/bananapi/MAT/kernels riscv rvv 1.0/FINAL/riscv-rvv-ime-gemm-microkernels-updated/HETEROGENEOUS_RVV_IME_OPENMP_GEMM/results/openmp_results_k1-rvv_1024_20260904_123239/raw_logs/GEMM_RVV_FP32_INT8_8x4_Baseline_RVV_IGEMM_INT8_I8I32_8x4_igemm_kernel_8x4_zvl256b_lmul2_unroll4_i8i32_run1.log",NA,NA,NA,NA,NA,NA,NA
k1_kernel_tuning,RVV,tile_N,32,2026-09-04T12:37:03,k1-rvv,"GEMM_RVV_FP32_INT8_8x4_Baseline","RVV_IGEMM_INT8_I8I32_8x4","igemm_kernel_8x4_zvl256b_lmul2_unroll4_i8i32",8x4,256b,2,4,INT8_RVV,0-7,8,8,1024,1024,1024,32,2,OK,0,NONE,1.253058501,GOPS,1.713794,parallel_tiles_including_required_packing,DISABLED,0,0,"0:cpu0:tiles4;1:cpu1:tiles4;2:cpu2:tiles4;3:cpu3:tiles4;4:cpu4:tiles4;5:cpu5:tiles4;6:cpu6:tiles4;7:cpu7:tiles4","NA",static,0,"NA","NA","/home/bananapi/MAT/kernels riscv rvv 1.0/FINAL/riscv-rvv-ime-gemm-microkernels-updated/HETEROGENEOUS_RVV_IME_OPENMP_GEMM/results/openmp_results_k1-rvv_1024_20260904_123239/raw_logs/GEMM_RVV_FP32_INT8_8x4_Baseline_RVV_IGEMM_INT8_I8I32_8x4_igemm_kernel_8x4_zvl256b_lmul2_unroll4_i8i32_run2.log",NA,NA,NA,NA,NA,NA,NA
k1_kernel_tuning,RVV,tile_N,32,2026-09-04T12:37:06,k1-rvv,"GEMM_RVV_FP32_INT8_8x4_Baseline","RVV_IGEMM_INT8_I8I32_8x4","igemm_kernel_8x4_zvl256b_lmul2_unroll4_i8i32",8x4,256b,2,4,INT8_RVV,0-7,8,8,1024,1024,1024,32,3,OK,0,NONE,1.252420209,GOPS,1.714667,parallel_tiles_including_required_packing,DISABLED,0,0,"0:cpu0:tiles4;1:cpu1:tiles4;2:cpu2:tiles4;3:cpu3:tiles4;4:cpu4:tiles4;5:cpu5:tiles4;6:cpu6:tiles4;7:cpu7:tiles4","NA",static,0,"NA","NA","/home/bananapi/MAT/kernels riscv rvv 1.0/FINAL/riscv-rvv-ime-gemm-microkernels-updated/HETEROGENEOUS_RVV_IME_OPENMP_GEMM/results/openmp_results_k1-rvv_1024_20260904_123239/raw_logs/GEMM_RVV_FP32_INT8_8x4_Baseline_RVV_IGEMM_INT8_I8I32_8x4_igemm_kernel_8x4_zvl256b_lmul2_unroll4_i8i32_run3.log",NA,NA,NA,NA,NA,NA,NA
k1_kernel_tuning,RVV,tile_N,32,2026-09-04T12:37:09,k1-rvv,"GEMM_RVV_FP32_INT8_8x4_Baseline","RVV_IGEMM_INT8_I8I32_8x4","igemm_kernel_8x4_zvl256b_lmul2_unroll4_i8i32",8x4,256b,2,4,INT8_RVV,0-7,8,8,1024,1024,1024,32,4,OK,0,NONE,1.243789170,GOPS,1.726566,parallel_tiles_including_required_packing,DISABLED,0,0,"0:cpu0:tiles4;1:cpu1:tiles4;2:cpu2:tiles4;3:cpu3:tiles4;4:cpu4:tiles4;5:cpu5:tiles4;6:cpu6:tiles4;7:cpu7:tiles4","NA",static,0,"NA","NA","/home/bananapi/MAT/kernels riscv rvv 1.0/FINAL/riscv-rvv-ime-gemm-microkernels-updated/HETEROGENEOUS_RVV_IME_OPENMP_GEMM/results/openmp_results_k1-rvv_1024_20260904_123239/raw_logs/GEMM_RVV_FP32_INT8_8x4_Baseline_RVV_IGEMM_INT8_I8I32_8x4_igemm_kernel_8x4_zvl256b_lmul2_unroll4_i8i32_run4.log",NA,NA,NA,NA,NA,NA,NA
k1_kernel_tuning,RVV,tile_N,32,2026-09-04T12:37:12,k1-rvv,"GEMM_RVV_FP32_INT8_8x4_Baseline","RVV_IGEMM_INT8_I8I32_8x4","igemm_kernel_8x4_zvl256b_lmul2_unroll4_i8i32",8x4,256b,2,4,INT8_RVV,0-7,8,8,1024,1024,1024,32,5,OK,0,NONE,1.245509624,GOPS,1.724181,parallel_tiles_including_required_packing,DISABLED,0,0,"0:cpu0:tiles4;1:cpu1:tiles4;2:cpu2:tiles4;3:cpu3:tiles4;4:cpu4:tiles4;5:cpu5:tiles4;6:cpu6:tiles4;7:cpu7:tiles4","NA",static,0,"NA","NA","/home/bananapi/MAT/kernels riscv rvv 1.0/FINAL/riscv-rvv-ime-gemm-microkernels-updated/HETEROGENEOUS_RVV_IME_OPENMP_GEMM/results/openmp_results_k1-rvv_1024_20260904_123239/raw_logs/GEMM_RVV_FP32_INT8_8x4_Baseline_RVV_IGEMM_INT8_I8I32_8x4_igemm_kernel_8x4_zvl256b_lmul2_unroll4_i8i32_run5.log",NA,NA,NA,NA,NA,NA,NA
k1_kernel_tuning,RVV,tile_N,32,2026-09-04T12:37:15,k1-rvv,"GEMM_RVV_FP32_INT8_8x4_Baseline","RVV_IGEMM_INT8_I8I32_8x4","igemm_kernel_8x4_zvl256b_lmul2_unroll4_i8i32",8x4,256b,2,4,INT8_RVV,0-7,8,8,1024,1024,1024,32,6,OK,0,NONE,1.251755998,GOPS,1.715577,parallel_tiles_including_required_packing,DISABLED,0,0,"0:cpu0:tiles4;1:cpu1:tiles4;2:cpu2:tiles4;3:cpu3:tiles4;4:cpu4:tiles4;5:cpu5:tiles4;6:cpu6:tiles4;7:cpu7:tiles4","NA",static,0,"NA","NA","/home/bananapi/MAT/kernels riscv rvv 1.0/FINAL/riscv-rvv-ime-gemm-microkernels-updated/HETEROGENEOUS_RVV_IME_OPENMP_GEMM/results/openmp_results_k1-rvv_1024_20260904_123239/raw_logs/GEMM_RVV_FP32_INT8_8x4_Baseline_RVV_IGEMM_INT8_I8I32_8x4_igemm_kernel_8x4_zvl256b_lmul2_unroll4_i8i32_run6.log",NA,NA,NA,NA,NA,NA,NA
k1_kernel_tuning,RVV,tile_N,32,2026-09-04T12:37:54,k1-rvv,"GEMM_RVV_FP32_INT8_8x4_Baseline","RVV_IGEMM_INT8_I8I32_8x4","igemm_kernel_8x4_zvl256b_lmul2_unroll8_i8i32",8x4,256b,2,8,INT8_RVV,0-7,8,8,1024,1024,1024,32,1,OK,0,NONE,1.270311251,GOPS,1.690518,parallel_tiles_including_required_packing,INDEPENDENT_INT64_REFERENCE_EXACT_INT32,0,0,"0:cpu0:tiles4;1:cpu1:tiles4;2:cpu2:tiles4;3:cpu3:tiles4;4:cpu4:tiles4;5:cpu5:tiles4;6:cpu6:tiles4;7:cpu7:tiles4","NA",static,0,"NA","NA","/home/bananapi/MAT/kernels riscv rvv 1.0/FINAL/riscv-rvv-ime-gemm-microkernels-updated/HETEROGENEOUS_RVV_IME_OPENMP_GEMM/results/openmp_results_k1-rvv_1024_20260904_123239/raw_logs/GEMM_RVV_FP32_INT8_8x4_Baseline_RVV_IGEMM_INT8_I8I32_8x4_igemm_kernel_8x4_zvl256b_lmul2_unroll8_i8i32_run1.log",NA,NA,NA,NA,NA,NA,NA
k1_kernel_tuning,RVV,tile_N,32,2026-09-04T12:37:57,k1-rvv,"GEMM_RVV_FP32_INT8_8x4_Baseline","RVV_IGEMM_INT8_I8I32_8x4","igemm_kernel_8x4_zvl256b_lmul2_unroll8_i8i32",8x4,256b,2,8,INT8_RVV,0-7,8,8,1024,1024,1024,32,2,OK,0,NONE,1.284047626,GOPS,1.672433,parallel_tiles_including_required_packing,DISABLED,0,0,"0:cpu0:tiles4;1:cpu1:tiles4;2:cpu2:tiles4;3:cpu3:tiles4;4:cpu4:tiles4;5:cpu5:tiles4;6:cpu6:tiles4;7:cpu7:tiles4","NA",static,0,"NA","NA","/home/bananapi/MAT/kernels riscv rvv 1.0/FINAL/riscv-rvv-ime-gemm-microkernels-updated/HETEROGENEOUS_RVV_IME_OPENMP_GEMM/results/openmp_results_k1-rvv_1024_20260904_123239/raw_logs/GEMM_RVV_FP32_INT8_8x4_Baseline_RVV_IGEMM_INT8_I8I32_8x4_igemm_kernel_8x4_zvl256b_lmul2_unroll8_i8i32_run2.log",NA,NA,NA,NA,NA,NA,NA
k1_kernel_tuning,RVV,tile_N,32,2026-09-04T12:38:00,k1-rvv,"GEMM_RVV_FP32_INT8_8x4_Baseline","RVV_IGEMM_INT8_I8I32_8x4","igemm_kernel_8x4_zvl256b_lmul2_unroll8_i8i32",8x4,256b,2,8,INT8_RVV,0-7,8,8,1024,1024,1024,32,3,OK,0,NONE,1.279298835,GOPS,1.678641,parallel_tiles_including_required_packing,DISABLED,0,0,"0:cpu0:tiles4;1:cpu1:tiles4;2:cpu2:tiles4;3:cpu3:tiles4;4:cpu4:tiles4;5:cpu5:tiles4;6:cpu6:tiles4;7:cpu7:tiles4","NA",static,0,"NA","NA","/home/bananapi/MAT/kernels riscv rvv 1.0/FINAL/riscv-rvv-ime-gemm-microkernels-updated/HETEROGENEOUS_RVV_IME_OPENMP_GEMM/results/openmp_results_k1-rvv_1024_20260904_123239/raw_logs/GEMM_RVV_FP32_INT8_8x4_Baseline_RVV_IGEMM_INT8_I8I32_8x4_igemm_kernel_8x4_zvl256b_lmul2_unroll8_i8i32_run3.log",NA,NA,NA,NA,NA,NA,NA
k1_kernel_tuning,RVV,tile_N,32,2026-09-04T12:38:03,k1-rvv,"GEMM_RVV_FP32_INT8_8x4_Baseline","RVV_IGEMM_INT8_I8I32_8x4","igemm_kernel_8x4_zvl256b_lmul2_unroll8_i8i32",8x4,256b,2,8,INT8_RVV,0-7,8,8,1024,1024,1024,32,4,OK,0,NONE,1.269116666,GOPS,1.692109,parallel_tiles_including_required_packing,DISABLED,0,0,"0:cpu0:tiles4;1:cpu1:tiles4;2:cpu2:tiles4;3:cpu3:tiles4;4:cpu4:tiles4;5:cpu5:tiles4;6:cpu6:tiles4;7:cpu7:tiles4","NA",static,0,"NA","NA","/home/bananapi/MAT/kernels riscv rvv 1.0/FINAL/riscv-rvv-ime-gemm-microkernels-updated/HETEROGENEOUS_RVV_IME_OPENMP_GEMM/results/openmp_results_k1-rvv_1024_20260904_123239/raw_logs/GEMM_RVV_FP32_INT8_8x4_Baseline_RVV_IGEMM_INT8_I8I32_8x4_igemm_kernel_8x4_zvl256b_lmul2_unroll8_i8i32_run4.log",NA,NA,NA,NA,NA,NA,NA
k1_kernel_tuning,RVV,tile_N,32,2026-09-04T12:38:06,k1-rvv,"GEMM_RVV_FP32_INT8_8x4_Baseline","RVV_IGEMM_INT8_I8I32_8x4","igemm_kernel_8x4_zvl256b_lmul2_unroll8_i8i32",8x4,256b,2,8,INT8_RVV,0-7,8,8,1024,1024,1024,32,5,OK,0,NONE,1.279938750,GOPS,1.677802,parallel_tiles_including_required_packing,DISABLED,0,0,"0:cpu0:tiles4;1:cpu1:tiles4;2:cpu2:tiles4;3:cpu3:tiles4;4:cpu4:tiles4;5:cpu5:tiles4;6:cpu6:tiles4;7:cpu7:tiles4","NA",static,0,"NA","NA","/home/bananapi/MAT/kernels riscv rvv 1.0/FINAL/riscv-rvv-ime-gemm-microkernels-updated/HETEROGENEOUS_RVV_IME_OPENMP_GEMM/results/openmp_results_k1-rvv_1024_20260904_123239/raw_logs/GEMM_RVV_FP32_INT8_8x4_Baseline_RVV_IGEMM_INT8_I8I32_8x4_igemm_kernel_8x4_zvl256b_lmul2_unroll8_i8i32_run5.log",NA,NA,NA,NA,NA,NA,NA
k1_kernel_tuning,RVV,tile_N,32,2026-09-04T12:38:09,k1-rvv,"GEMM_RVV_FP32_INT8_8x4_Baseline","RVV_IGEMM_INT8_I8I32_8x4","igemm_kernel_8x4_zvl256b_lmul2_unroll8_i8i32",8x4,256b,2,8,INT8_RVV,0-7,8,8,1024,1024,1024,32,6,OK,0,NONE,1.273935791,GOPS,1.685708,parallel_tiles_including_required_packing,DISABLED,0,0,"0:cpu0:tiles4;1:cpu1:tiles4;2:cpu2:tiles4;3:cpu3:tiles4;4:cpu4:tiles4;5:cpu5:tiles4;6:cpu6:tiles4;7:cpu7:tiles4","NA",static,0,"NA","NA","/home/bananapi/MAT/kernels riscv rvv 1.0/FINAL/riscv-rvv-ime-gemm-microkernels-updated/HETEROGENEOUS_RVV_IME_OPENMP_GEMM/results/openmp_results_k1-rvv_1024_20260904_123239/raw_logs/GEMM_RVV_FP32_INT8_8x4_Baseline_RVV_IGEMM_INT8_I8I32_8x4_igemm_kernel_8x4_zvl256b_lmul2_unroll8_i8i32_run6.log",NA,NA,NA,NA,NA,NA,NA
k1_kernel_tuning,RVV,tile_N,32,2026-09-04T12:38:36,k1-rvv,"GEMM_RVV_FP32_INT8_8x4_Baseline","RVV_IGEMM_INT8_I8I32_8x4","igemm_kernel_8x4_zvl256b_lmulmf2_unroll1_i8i32",8x4,256b,mf2,1,INT8_RVV,0-7,8,8,1024,1024,1024,32,1,OK,0,NONE,0.136513542,GOPS,15.730920,parallel_tiles_including_required_packing,INDEPENDENT_INT64_REFERENCE_EXACT_INT32,0,0,"0:cpu0:tiles4;1:cpu1:tiles4;2:cpu2:tiles4;3:cpu3:tiles4;4:cpu4:tiles4;5:cpu5:tiles4;6:cpu6:tiles4;7:cpu7:tiles4","NA",static,0,"NA","NA","/home/bananapi/MAT/kernels riscv rvv 1.0/FINAL/riscv-rvv-ime-gemm-microkernels-updated/HETEROGENEOUS_RVV_IME_OPENMP_GEMM/results/openmp_results_k1-rvv_1024_20260904_123239/raw_logs/GEMM_RVV_FP32_INT8_8x4_Baseline_RVV_IGEMM_INT8_I8I32_8x4_igemm_kernel_8x4_zvl256b_lmulmf2_unroll1_i8i32_run1.log",NA,NA,NA,NA,NA,NA,NA
k1_kernel_tuning,RVV,tile_N,32,2026-09-04T12:38:37,k1-rvv,"GEMM_RVV_FP32_INT8_8x4_Baseline","RVV_IGEMM_INT8_I8I32_8x4","igemm_kernel_8x4_zvl256b_lmulmf2_unroll1_i8i32",8x4,256b,mf2,1,INT8_RVV,0-7,8,8,1024,1024,1024,32,2,OK,0,NONE,0.125587918,GOPS,17.099445,parallel_tiles_including_required_packing,DISABLED,0,0,"0:cpu0:tiles4;1:cpu1:tiles4;2:cpu2:tiles4;3:cpu3:tiles4;4:cpu4:tiles4;5:cpu5:tiles4;6:cpu6:tiles4;7:cpu7:tiles4","NA",static,0,"NA","NA","/home/bananapi/MAT/kernels riscv rvv 1.0/FINAL/riscv-rvv-ime-gemm-microkernels-updated/HETEROGENEOUS_RVV_IME_OPENMP_GEMM/results/openmp_results_k1-rvv_1024_20260904_123239/raw_logs/GEMM_RVV_FP32_INT8_8x4_Baseline_RVV_IGEMM_INT8_I8I32_8x4_igemm_kernel_8x4_zvl256b_lmulmf2_unroll1_i8i32_run2.log",NA,NA,NA,NA,NA,NA,NA
k1_kernel_tuning,RVV,tile_N,32,2026-09-04T12:38:37,k1-rvv,"GEMM_RVV_FP32_INT8_8x4_Baseline","RVV_IGEMM_INT8_I8I32_8x4","igemm_kernel_8x4_zvl256b_lmulmf2_unroll1_i8i32",8x4,256b,mf2,1,INT8_RVV,0-7,8,8,1024,1024,1024,32,3,OK,0,NONE,0.130524877,GOPS,16.452677,parallel_tiles_including_required_packing,DISABLED,0,0,"0:cpu0:tiles4;1:cpu1:tiles4;2:cpu2:tiles4;3:cpu3:tiles4;4:cpu4:tiles4;5:cpu5:tiles4;6:cpu6:tiles4;7:cpu7:tiles4","NA",static,0,"NA","NA","/home/bananapi/MAT/kernels riscv rvv 1.0/FINAL/riscv-rvv-ime-gemm-microkernels-updated/HETEROGENEOUS_RVV_IME_OPENMP_GEMM/results/openmp_results_k1-rvv_1024_20260904_123239/raw_logs/GEMM_RVV_FP32_INT8_8x4_Baseline_RVV_IGEMM_INT8_I8I32_8x4_igemm_kernel_8x4_zvl256b_lmulmf2_unroll1_i8i32_run3.log",NA,NA,NA,NA,NA,NA,NA
k1_kernel_tuning,RVV,tile_N,32,2026-09-04T12:38:38,k1-rvv,"GEMM_RVV_FP32_INT8_8x4_Baseline","RVV_IGEMM_INT8_I8I32_8x4","igemm_kernel_8x4_zvl256b_lmulmf2_unroll1_i8i32",8x4,256b,mf2,1,INT8_RVV,0-7,8,8,1024,1024,1024,32,4,OK,0,NONE,0.128783416,GOPS,16.675157,parallel_tiles_including_required_packing,DISABLED,0,0,"0:cpu0:tiles4;1:cpu1:tiles4;2:cpu2:tiles4;3:cpu3:tiles4;4:cpu4:tiles4;5:cpu5:tiles4;6:cpu6:tiles4;7:cpu7:tiles4","NA",static,0,"NA","NA","/home/bananapi/MAT/kernels riscv rvv 1.0/FINAL/riscv-rvv-ime-gemm-microkernels-updated/HETEROGENEOUS_RVV_IME_OPENMP_GEMM/results/openmp_results_k1-rvv_1024_20260904_123239/raw_logs/GEMM_RVV_FP32_INT8_8x4_Baseline_RVV_IGEMM_INT8_I8I32_8x4_igemm_kernel_8x4_zvl256b_lmulmf2_unroll1_i8i32_run4.log",NA,NA,NA,NA,NA,NA,NA
k1_kernel_tuning,RVV,tile_N,32,2026-09-04T12:38:38,k1-rvv,"GEMM_RVV_FP32_INT8_8x4_Baseline","RVV_IGEMM_INT8_I8I32_8x4","igemm_kernel_8x4_zvl256b_lmulmf2_unroll1_i8i32",8x4,256b,mf2,1,INT8_RVV,0-7,8,8,1024,1024,1024,32,5,OK,0,NONE,0.128492877,GOPS,16.712861,parallel_tiles_including_required_packing,DISABLED,0,0,"0:cpu0:tiles4;1:cpu1:tiles4;2:cpu2:tiles4;3:cpu3:tiles4;4:cpu4:tiles4;5:cpu5:tiles4;6:cpu6:tiles4;7:cpu7:tiles4","NA",static,0,"NA","NA","/home/bananapi/MAT/kernels riscv rvv 1.0/FINAL/riscv-rvv-ime-gemm-microkernels-updated/HETEROGENEOUS_RVV_IME_OPENMP_GEMM/results/openmp_results_k1-rvv_1024_20260904_123239/raw_logs/GEMM_RVV_FP32_INT8_8x4_Baseline_RVV_IGEMM_INT8_I8I32_8x4_igemm_kernel_8x4_zvl256b_lmulmf2_unroll1_i8i32_run5.log",NA,NA,NA,NA,NA,NA,NA
k1_kernel_tuning,RVV,tile_N,32,2026-09-04T12:38:39,k1-rvv,"GEMM_RVV_FP32_INT8_8x4_Baseline","RVV_IGEMM_INT8_I8I32_8x4","igemm_kernel_8x4_zvl256b_lmulmf2_unroll1_i8i32",8x4,256b,mf2,1,INT8_RVV,0-7,8,8,1024,1024,1024,32,6,OK,0,NONE,0.129042376,GOPS,16.641693,parallel_tiles_including_required_packing,DISABLED,0,0,"0:cpu0:tiles4;1:cpu1:tiles4;2:cpu2:tiles4;3:cpu3:tiles4;4:cpu4:tiles4;5:cpu5:tiles4;6:cpu6:tiles4;7:cpu7:tiles4","NA",static,0,"NA","NA","/home/bananapi/MAT/kernels riscv rvv 1.0/FINAL/riscv-rvv-ime-gemm-microkernels-updated/HETEROGENEOUS_RVV_IME_OPENMP_GEMM/results/openmp_results_k1-rvv_1024_20260904_123239/raw_logs/GEMM_RVV_FP32_INT8_8x4_Baseline_RVV_IGEMM_INT8_I8I32_8x4_igemm_kernel_8x4_zvl256b_lmulmf2_unroll1_i8i32_run6.log",NA,NA,NA,NA,NA,NA,NA
k1_kernel_tuning,RVV,tile_N,32,2026-09-04T12:39:14,k1-rvv,"GEMM_RVV_FP32_INT8_8x4_Baseline","RVV_IGEMM_INT8_I8I32_8x4","igemm_kernel_8x4_zvl256b_lmulmf2_unroll2_i8i32",8x4,256b,mf2,2,INT8_RVV,0-7,8,8,1024,1024,1024,32,1,OK,0,NONE,0.126310583,GOPS,17.001613,parallel_tiles_including_required_packing,INDEPENDENT_INT64_REFERENCE_EXACT_INT32,0,0,"0:cpu0:tiles4;1:cpu1:tiles4;2:cpu2:tiles4;3:cpu3:tiles4;4:cpu4:tiles4;5:cpu5:tiles4;6:cpu6:tiles4;7:cpu7:tiles4","NA",static,0,"NA","NA","/home/bananapi/MAT/kernels riscv rvv 1.0/FINAL/riscv-rvv-ime-gemm-microkernels-updated/HETEROGENEOUS_RVV_IME_OPENMP_GEMM/results/openmp_results_k1-rvv_1024_20260904_123239/raw_logs/GEMM_RVV_FP32_INT8_8x4_Baseline_RVV_IGEMM_INT8_I8I32_8x4_igemm_kernel_8x4_zvl256b_lmulmf2_unroll2_i8i32_run1.log",NA,NA,NA,NA,NA,NA,NA
k1_kernel_tuning,RVV,tile_N,32,2026-09-04T12:39:14,k1-rvv,"GEMM_RVV_FP32_INT8_8x4_Baseline","RVV_IGEMM_INT8_I8I32_8x4","igemm_kernel_8x4_zvl256b_lmulmf2_unroll2_i8i32",8x4,256b,mf2,2,INT8_RVV,0-7,8,8,1024,1024,1024,32,2,OK,0,NONE,0.122129377,GOPS,17.583678,parallel_tiles_including_required_packing,DISABLED,0,0,"0:cpu0:tiles4;1:cpu1:tiles4;2:cpu2:tiles4;3:cpu3:tiles4;4:cpu4:tiles4;5:cpu5:tiles4;6:cpu6:tiles4;7:cpu7:tiles4","NA",static,0,"NA","NA","/home/bananapi/MAT/kernels riscv rvv 1.0/FINAL/riscv-rvv-ime-gemm-microkernels-updated/HETEROGENEOUS_RVV_IME_OPENMP_GEMM/results/openmp_results_k1-rvv_1024_20260904_123239/raw_logs/GEMM_RVV_FP32_INT8_8x4_Baseline_RVV_IGEMM_INT8_I8I32_8x4_igemm_kernel_8x4_zvl256b_lmulmf2_unroll2_i8i32_run2.log",NA,NA,NA,NA,NA,NA,NA
k1_kernel_tuning,RVV,tile_N,32,2026-09-04T12:39:15,k1-rvv,"GEMM_RVV_FP32_INT8_8x4_Baseline","RVV_IGEMM_INT8_I8I32_8x4","igemm_kernel_8x4_zvl256b_lmulmf2_unroll2_i8i32",8x4,256b,mf2,2,INT8_RVV,0-7,8,8,1024,1024,1024,32,3,OK,0,NONE,0.118915208,GOPS,18.058949,parallel_tiles_including_required_packing,DISABLED,0,0,"0:cpu0:tiles4;1:cpu1:tiles4;2:cpu2:tiles4;3:cpu3:tiles4;4:cpu4:tiles4;5:cpu5:tiles4;6:cpu6:tiles4;7:cpu7:tiles4","NA",static,0,"NA","NA","/home/bananapi/MAT/kernels riscv rvv 1.0/FINAL/riscv-rvv-ime-gemm-microkernels-updated/HETEROGENEOUS_RVV_IME_OPENMP_GEMM/results/openmp_results_k1-rvv_1024_20260904_123239/raw_logs/GEMM_RVV_FP32_INT8_8x4_Baseline_RVV_IGEMM_INT8_I8I32_8x4_igemm_kernel_8x4_zvl256b_lmulmf2_unroll2_i8i32_run3.log",NA,NA,NA,NA,NA,NA,NA
k1_kernel_tuning,RVV,tile_N,32,2026-09-04T12:39:15,k1-rvv,"GEMM_RVV_FP32_INT8_8x4_Baseline","RVV_IGEMM_INT8_I8I32_8x4","igemm_kernel_8x4_zvl256b_lmulmf2_unroll2_i8i32",8x4,256b,mf2,2,INT8_RVV,0-7,8,8,1024,1024,1024,32,4,OK,0,NONE,0.118182417,GOPS,18.170923,parallel_tiles_including_required_packing,DISABLED,0,0,"0:cpu0:tiles4;1:cpu1:tiles4;2:cpu2:tiles4;3:cpu3:tiles4;4:cpu4:tiles4;5:cpu5:tiles4;6:cpu6:tiles4;7:cpu7:tiles4","NA",static,0,"NA","NA","/home/bananapi/MAT/kernels riscv rvv 1.0/FINAL/riscv-rvv-ime-gemm-microkernels-updated/HETEROGENEOUS_RVV_IME_OPENMP_GEMM/results/openmp_results_k1-rvv_1024_20260904_123239/raw_logs/GEMM_RVV_FP32_INT8_8x4_Baseline_RVV_IGEMM_INT8_I8I32_8x4_igemm_kernel_8x4_zvl256b_lmulmf2_unroll2_i8i32_run4.log",NA,NA,NA,NA,NA,NA,NA
k1_kernel_tuning,RVV,tile_N,32,2026-09-04T12:39:16,k1-rvv,"GEMM_RVV_FP32_INT8_8x4_Baseline","RVV_IGEMM_INT8_I8I32_8x4","igemm_kernel_8x4_zvl256b_lmulmf2_unroll2_i8i32",8x4,256b,mf2,2,INT8_RVV,0-7,8,8,1024,1024,1024,32,5,OK,0,NONE,0.120519251,GOPS,17.818594,parallel_tiles_including_required_packing,DISABLED,0,0,"0:cpu0:tiles4;1:cpu1:tiles4;2:cpu2:tiles4;3:cpu3:tiles4;4:cpu4:tiles4;5:cpu5:tiles4;6:cpu6:tiles4;7:cpu7:tiles4","NA",static,0,"NA","NA","/home/bananapi/MAT/kernels riscv rvv 1.0/FINAL/riscv-rvv-ime-gemm-microkernels-updated/HETEROGENEOUS_RVV_IME_OPENMP_GEMM/results/openmp_results_k1-rvv_1024_20260904_123239/raw_logs/GEMM_RVV_FP32_INT8_8x4_Baseline_RVV_IGEMM_INT8_I8I32_8x4_igemm_kernel_8x4_zvl256b_lmulmf2_unroll2_i8i32_run5.log",NA,NA,NA,NA,NA,NA,NA
k1_kernel_tuning,RVV,tile_N,32,2026-09-04T12:39:16,k1-rvv,"GEMM_RVV_FP32_INT8_8x4_Baseline","RVV_IGEMM_INT8_I8I32_8x4","igemm_kernel_8x4_zvl256b_lmulmf2_unroll2_i8i32",8x4,256b,mf2,2,INT8_RVV,0-7,8,8,1024,1024,1024,32,6,OK,0,NONE,0.115716331,GOPS,18.558173,parallel_tiles_including_required_packing,DISABLED,0,0,"0:cpu0:tiles4;1:cpu1:tiles4;2:cpu2:tiles4;3:cpu3:tiles4;4:cpu4:tiles4;5:cpu5:tiles4;6:cpu6:tiles4;7:cpu7:tiles4","NA",static,0,"NA","NA","/home/bananapi/MAT/kernels riscv rvv 1.0/FINAL/riscv-rvv-ime-gemm-microkernels-updated/HETEROGENEOUS_RVV_IME_OPENMP_GEMM/results/openmp_results_k1-rvv_1024_20260904_123239/raw_logs/GEMM_RVV_FP32_INT8_8x4_Baseline_RVV_IGEMM_INT8_I8I32_8x4_igemm_kernel_8x4_zvl256b_lmulmf2_unroll2_i8i32_run6.log",NA,NA,NA,NA,NA,NA,NA
k1_kernel_tuning,RVV,tile_N,32,2026-09-04T12:39:45,k1-rvv,"GEMM_RVV_FP32_INT8_8x4_Baseline","RVV_IGEMM_INT8_I8I32_8x4","igemm_kernel_8x4_zvl256b_lmulmf2_unroll4_i8i32",8x4,256b,mf2,4,INT8_RVV,0-7,8,8,1024,1024,1024,32,1,OK,0,NONE,0.116065457,GOPS,18.502349,parallel_tiles_including_required_packing,INDEPENDENT_INT64_REFERENCE_EXACT_INT32,0,0,"0:cpu0:tiles4;1:cpu1:tiles4;2:cpu2:tiles4;3:cpu3:tiles4;4:cpu4:tiles4;5:cpu5:tiles4;6:cpu6:tiles4;7:cpu7:tiles4","NA",static,0,"NA","NA","/home/bananapi/MAT/kernels riscv rvv 1.0/FINAL/riscv-rvv-ime-gemm-microkernels-updated/HETEROGENEOUS_RVV_IME_OPENMP_GEMM/results/openmp_results_k1-rvv_1024_20260904_123239/raw_logs/GEMM_RVV_FP32_INT8_8x4_Baseline_RVV_IGEMM_INT8_I8I32_8x4_igemm_kernel_8x4_zvl256b_lmulmf2_unroll4_i8i32_run1.log",NA,NA,NA,NA,NA,NA,NA
k1_kernel_tuning,RVV,tile_N,32,2026-09-04T12:39:45,k1-rvv,"GEMM_RVV_FP32_INT8_8x4_Baseline","RVV_IGEMM_INT8_I8I32_8x4","igemm_kernel_8x4_zvl256b_lmulmf2_unroll4_i8i32",8x4,256b,mf2,4,INT8_RVV,0-7,8,8,1024,1024,1024,32,2,OK,0,NONE,0.117962833,GOPS,18.204748,parallel_tiles_including_required_packing,DISABLED,0,0,"0:cpu0:tiles4;1:cpu1:tiles4;2:cpu2:tiles4;3:cpu3:tiles4;4:cpu4:tiles4;5:cpu5:tiles4;6:cpu6:tiles4;7:cpu7:tiles4","NA",static,0,"NA","NA","/home/bananapi/MAT/kernels riscv rvv 1.0/FINAL/riscv-rvv-ime-gemm-microkernels-updated/HETEROGENEOUS_RVV_IME_OPENMP_GEMM/results/openmp_results_k1-rvv_1024_20260904_123239/raw_logs/GEMM_RVV_FP32_INT8_8x4_Baseline_RVV_IGEMM_INT8_I8I32_8x4_igemm_kernel_8x4_zvl256b_lmulmf2_unroll4_i8i32_run2.log",NA,NA,NA,NA,NA,NA,NA
k1_kernel_tuning,RVV,tile_N,32,2026-09-04T12:39:46,k1-rvv,"GEMM_RVV_FP32_INT8_8x4_Baseline","RVV_IGEMM_INT8_I8I32_8x4","igemm_kernel_8x4_zvl256b_lmulmf2_unroll4_i8i32",8x4,256b,mf2,4,INT8_RVV,0-7,8,8,1024,1024,1024,32,3,OK,0,NONE,0.118875872,GOPS,18.064924,parallel_tiles_including_required_packing,DISABLED,0,0,"0:cpu0:tiles4;1:cpu1:tiles4;2:cpu2:tiles4;3:cpu3:tiles4;4:cpu4:tiles4;5:cpu5:tiles4;6:cpu6:tiles4;7:cpu7:tiles4","NA",static,0,"NA","NA","/home/bananapi/MAT/kernels riscv rvv 1.0/FINAL/riscv-rvv-ime-gemm-microkernels-updated/HETEROGENEOUS_RVV_IME_OPENMP_GEMM/results/openmp_results_k1-rvv_1024_20260904_123239/raw_logs/GEMM_RVV_FP32_INT8_8x4_Baseline_RVV_IGEMM_INT8_I8I32_8x4_igemm_kernel_8x4_zvl256b_lmulmf2_unroll4_i8i32_run3.log",NA,NA,NA,NA,NA,NA,NA
k1_kernel_tuning,RVV,tile_N,32,2026-09-04T12:39:46,k1-rvv,"GEMM_RVV_FP32_INT8_8x4_Baseline","RVV_IGEMM_INT8_I8I32_8x4","igemm_kernel_8x4_zvl256b_lmulmf2_unroll4_i8i32",8x4,256b,mf2,4,INT8_RVV,0-7,8,8,1024,1024,1024,32,4,OK,0,NONE,0.120796461,GOPS,17.777703,parallel_tiles_including_required_packing,DISABLED,0,0,"0:cpu0:tiles4;1:cpu1:tiles4;2:cpu2:tiles4;3:cpu3:tiles4;4:cpu4:tiles4;5:cpu5:tiles4;6:cpu6:tiles4;7:cpu7:tiles4","NA",static,0,"NA","NA","/home/bananapi/MAT/kernels riscv rvv 1.0/FINAL/riscv-rvv-ime-gemm-microkernels-updated/HETEROGENEOUS_RVV_IME_OPENMP_GEMM/results/openmp_results_k1-rvv_1024_20260904_123239/raw_logs/GEMM_RVV_FP32_INT8_8x4_Baseline_RVV_IGEMM_INT8_I8I32_8x4_igemm_kernel_8x4_zvl256b_lmulmf2_unroll4_i8i32_run4.log",NA,NA,NA,NA,NA,NA,NA
k1_kernel_tuning,RVV,tile_N,32,2026-09-04T12:39:47,k1-rvv,"GEMM_RVV_FP32_INT8_8x4_Baseline","RVV_IGEMM_INT8_I8I32_8x4","igemm_kernel_8x4_zvl256b_lmulmf2_unroll4_i8i32",8x4,256b,mf2,4,INT8_RVV,0-7,8,8,1024,1024,1024,32,5,OK,0,NONE,0.119472418,GOPS,17.974723,parallel_tiles_including_required_packing,DISABLED,0,0,"0:cpu0:tiles4;1:cpu1:tiles4;2:cpu2:tiles4;3:cpu3:tiles4;4:cpu4:tiles4;5:cpu5:tiles4;6:cpu6:tiles4;7:cpu7:tiles4","NA",static,0,"NA","NA","/home/bananapi/MAT/kernels riscv rvv 1.0/FINAL/riscv-rvv-ime-gemm-microkernels-updated/HETEROGENEOUS_RVV_IME_OPENMP_GEMM/results/openmp_results_k1-rvv_1024_20260904_123239/raw_logs/GEMM_RVV_FP32_INT8_8x4_Baseline_RVV_IGEMM_INT8_I8I32_8x4_igemm_kernel_8x4_zvl256b_lmulmf2_unroll4_i8i32_run5.log",NA,NA,NA,NA,NA,NA,NA
k1_kernel_tuning,RVV,tile_N,32,2026-09-04T12:39:47,k1-rvv,"GEMM_RVV_FP32_INT8_8x4_Baseline","RVV_IGEMM_INT8_I8I32_8x4","igemm_kernel_8x4_zvl256b_lmulmf2_unroll4_i8i32",8x4,256b,mf2,4,INT8_RVV,0-7,8,8,1024,1024,1024,32,6,OK,0,NONE,0.119873498,GOPS,17.914582,parallel_tiles_including_required_packing,DISABLED,0,0,"0:cpu0:tiles4;1:cpu1:tiles4;2:cpu2:tiles4;3:cpu3:tiles4;4:cpu4:tiles4;5:cpu5:tiles4;6:cpu6:tiles4;7:cpu7:tiles4","NA",static,0,"NA","NA","/home/bananapi/MAT/kernels riscv rvv 1.0/FINAL/riscv-rvv-ime-gemm-microkernels-updated/HETEROGENEOUS_RVV_IME_OPENMP_GEMM/results/openmp_results_k1-rvv_1024_20260904_123239/raw_logs/GEMM_RVV_FP32_INT8_8x4_Baseline_RVV_IGEMM_INT8_I8I32_8x4_igemm_kernel_8x4_zvl256b_lmulmf2_unroll4_i8i32_run6.log",NA,NA,NA,NA,NA,NA,NA
k1_kernel_tuning,RVV,tile_N,32,2026-09-04T12:40:16,k1-rvv,"GEMM_RVV_FP32_INT8_8x4_Baseline","RVV_IGEMM_INT8_I8I32_8x4","igemm_kernel_8x4_zvl256b_lmulmf2_unroll8_i8i32",8x4,256b,mf2,8,INT8_RVV,0-7,8,8,1024,1024,1024,32,1,OK,0,NONE,0.119369458,GOPS,17.990227,parallel_tiles_including_required_packing,INDEPENDENT_INT64_REFERENCE_EXACT_INT32,0,0,"0:cpu0:tiles4;1:cpu1:tiles4;2:cpu2:tiles4;3:cpu3:tiles4;4:cpu4:tiles4;5:cpu5:tiles4;6:cpu6:tiles4;7:cpu7:tiles4","NA",static,0,"NA","NA","/home/bananapi/MAT/kernels riscv rvv 1.0/FINAL/riscv-rvv-ime-gemm-microkernels-updated/HETEROGENEOUS_RVV_IME_OPENMP_GEMM/results/openmp_results_k1-rvv_1024_20260904_123239/raw_logs/GEMM_RVV_FP32_INT8_8x4_Baseline_RVV_IGEMM_INT8_I8I32_8x4_igemm_kernel_8x4_zvl256b_lmulmf2_unroll8_i8i32_run1.log",NA,NA,NA,NA,NA,NA,NA
k1_kernel_tuning,RVV,tile_N,32,2026-09-04T12:40:17,k1-rvv,"GEMM_RVV_FP32_INT8_8x4_Baseline","RVV_IGEMM_INT8_I8I32_8x4","igemm_kernel_8x4_zvl256b_lmulmf2_unroll8_i8i32",8x4,256b,mf2,8,INT8_RVV,0-7,8,8,1024,1024,1024,32,2,OK,0,NONE,0.128963836,GOPS,16.651828,parallel_tiles_including_required_packing,DISABLED,0,0,"0:cpu0:tiles4;1:cpu1:tiles4;2:cpu2:tiles4;3:cpu3:tiles4;4:cpu4:tiles4;5:cpu5:tiles4;6:cpu6:tiles4;7:cpu7:tiles4","NA",static,0,"NA","NA","/home/bananapi/MAT/kernels riscv rvv 1.0/FINAL/riscv-rvv-ime-gemm-microkernels-updated/HETEROGENEOUS_RVV_IME_OPENMP_GEMM/results/openmp_results_k1-rvv_1024_20260904_123239/raw_logs/GEMM_RVV_FP32_INT8_8x4_Baseline_RVV_IGEMM_INT8_I8I32_8x4_igemm_kernel_8x4_zvl256b_lmulmf2_unroll8_i8i32_run2.log",NA,NA,NA,NA,NA,NA,NA
k1_kernel_tuning,RVV,tile_N,32,2026-09-04T12:40:18,k1-rvv,"GEMM_RVV_FP32_INT8_8x4_Baseline","RVV_IGEMM_INT8_I8I32_8x4","igemm_kernel_8x4_zvl256b_lmulmf2_unroll8_i8i32",8x4,256b,mf2,8,INT8_RVV,0-7,8,8,1024,1024,1024,32,3,OK,0,NONE,0.121689584,GOPS,17.647226,parallel_tiles_including_required_packing,DISABLED,0,0,"0:cpu0:tiles4;1:cpu1:tiles4;2:cpu2:tiles4;3:cpu3:tiles4;4:cpu4:tiles4;5:cpu5:tiles4;6:cpu6:tiles4;7:cpu7:tiles4","NA",static,0,"NA","NA","/home/bananapi/MAT/kernels riscv rvv 1.0/FINAL/riscv-rvv-ime-gemm-microkernels-updated/HETEROGENEOUS_RVV_IME_OPENMP_GEMM/results/openmp_results_k1-rvv_1024_20260904_123239/raw_logs/GEMM_RVV_FP32_INT8_8x4_Baseline_RVV_IGEMM_INT8_I8I32_8x4_igemm_kernel_8x4_zvl256b_lmulmf2_unroll8_i8i32_run3.log",NA,NA,NA,NA,NA,NA,NA
k1_kernel_tuning,RVV,tile_N,32,2026-09-04T12:40:18,k1-rvv,"GEMM_RVV_FP32_INT8_8x4_Baseline","RVV_IGEMM_INT8_I8I32_8x4","igemm_kernel_8x4_zvl256b_lmulmf2_unroll8_i8i32",8x4,256b,mf2,8,INT8_RVV,0-7,8,8,1024,1024,1024,32,4,OK,0,NONE,0.120198835,GOPS,17.866094,parallel_tiles_including_required_packing,DISABLED,0,0,"0:cpu0:tiles4;1:cpu1:tiles4;2:cpu2:tiles4;3:cpu3:tiles4;4:cpu4:tiles4;5:cpu5:tiles4;6:cpu6:tiles4;7:cpu7:tiles4","NA",static,0,"NA","NA","/home/bananapi/MAT/kernels riscv rvv 1.0/FINAL/riscv-rvv-ime-gemm-microkernels-updated/HETEROGENEOUS_RVV_IME_OPENMP_GEMM/results/openmp_results_k1-rvv_1024_20260904_123239/raw_logs/GEMM_RVV_FP32_INT8_8x4_Baseline_RVV_IGEMM_INT8_I8I32_8x4_igemm_kernel_8x4_zvl256b_lmulmf2_unroll8_i8i32_run4.log",NA,NA,NA,NA,NA,NA,NA
k1_kernel_tuning,RVV,tile_N,32,2026-09-04T12:40:19,k1-rvv,"GEMM_RVV_FP32_INT8_8x4_Baseline","RVV_IGEMM_INT8_I8I32_8x4","igemm_kernel_8x4_zvl256b_lmulmf2_unroll8_i8i32",8x4,256b,mf2,8,INT8_RVV,0-7,8,8,1024,1024,1024,32,5,OK,0,NONE,0.120139707,GOPS,17.874887,parallel_tiles_including_required_packing,DISABLED,0,0,"0:cpu0:tiles4;1:cpu1:tiles4;2:cpu2:tiles4;3:cpu3:tiles4;4:cpu4:tiles4;5:cpu5:tiles4;6:cpu6:tiles4;7:cpu7:tiles4","NA",static,0,"NA","NA","/home/bananapi/MAT/kernels riscv rvv 1.0/FINAL/riscv-rvv-ime-gemm-microkernels-updated/HETEROGENEOUS_RVV_IME_OPENMP_GEMM/results/openmp_results_k1-rvv_1024_20260904_123239/raw_logs/GEMM_RVV_FP32_INT8_8x4_Baseline_RVV_IGEMM_INT8_I8I32_8x4_igemm_kernel_8x4_zvl256b_lmulmf2_unroll8_i8i32_run5.log",NA,NA,NA,NA,NA,NA,NA
k1_kernel_tuning,RVV,tile_N,32,2026-09-04T12:40:19,k1-rvv,"GEMM_RVV_FP32_INT8_8x4_Baseline","RVV_IGEMM_INT8_I8I32_8x4","igemm_kernel_8x4_zvl256b_lmulmf2_unroll8_i8i32",8x4,256b,mf2,8,INT8_RVV,0-7,8,8,1024,1024,1024,32,6,OK,0,NONE,0.120807581,GOPS,17.776067,parallel_tiles_including_required_packing,DISABLED,0,0,"0:cpu0:tiles4;1:cpu1:tiles4;2:cpu2:tiles4;3:cpu3:tiles4;4:cpu4:tiles4;5:cpu5:tiles4;6:cpu6:tiles4;7:cpu7:tiles4","NA",static,0,"NA","NA","/home/bananapi/MAT/kernels riscv rvv 1.0/FINAL/riscv-rvv-ime-gemm-microkernels-updated/HETEROGENEOUS_RVV_IME_OPENMP_GEMM/results/openmp_results_k1-rvv_1024_20260904_123239/raw_logs/GEMM_RVV_FP32_INT8_8x4_Baseline_RVV_IGEMM_INT8_I8I32_8x4_igemm_kernel_8x4_zvl256b_lmulmf2_unroll8_i8i32_run6.log",NA,NA,NA,NA,NA,NA,NA
k1_kernel_tuning,RVV,tile_N,32,2026-09-04T12:40:55,k1-rvv,"GEMM_RVV_FP32_INT8_8x4_Baseline","RVV_IGEMM_INT8_I8I32_8x4","igemm_kernel_8x4_zvl256b_lmulmf4_unroll1_i8i32",8x4,256b,mf4,1,INT8_RVV,0-7,8,8,1024,1024,1024,32,1,OK,0,NONE,0.096920375,GOPS,22.157195,parallel_tiles_including_required_packing,INDEPENDENT_INT64_REFERENCE_EXACT_INT32,0,0,"0:cpu0:tiles4;1:cpu1:tiles4;2:cpu2:tiles4;3:cpu3:tiles4;4:cpu4:tiles4;5:cpu5:tiles4;6:cpu6:tiles4;7:cpu7:tiles4","NA",static,0,"NA","NA","/home/bananapi/MAT/kernels riscv rvv 1.0/FINAL/riscv-rvv-ime-gemm-microkernels-updated/HETEROGENEOUS_RVV_IME_OPENMP_GEMM/results/openmp_results_k1-rvv_1024_20260904_123239/raw_logs/GEMM_RVV_FP32_INT8_8x4_Baseline_RVV_IGEMM_INT8_I8I32_8x4_igemm_kernel_8x4_zvl256b_lmulmf4_unroll1_i8i32_run1.log",NA,NA,NA,NA,NA,NA,NA
k1_kernel_tuning,RVV,tile_N,32,2026-09-04T12:40:55,k1-rvv,"GEMM_RVV_FP32_INT8_8x4_Baseline","RVV_IGEMM_INT8_I8I32_8x4","igemm_kernel_8x4_zvl256b_lmulmf4_unroll1_i8i32",8x4,256b,mf4,1,INT8_RVV,0-7,8,8,1024,1024,1024,32,2,OK,0,NONE,0.103341170,GOPS,20.780524,parallel_tiles_including_required_packing,DISABLED,0,0,"0:cpu0:tiles4;1:cpu1:tiles4;2:cpu2:tiles4;3:cpu3:tiles4;4:cpu4:tiles4;5:cpu5:tiles4;6:cpu6:tiles4;7:cpu7:tiles4","NA",static,0,"NA","NA","/home/bananapi/MAT/kernels riscv rvv 1.0/FINAL/riscv-rvv-ime-gemm-microkernels-updated/HETEROGENEOUS_RVV_IME_OPENMP_GEMM/results/openmp_results_k1-rvv_1024_20260904_123239/raw_logs/GEMM_RVV_FP32_INT8_8x4_Baseline_RVV_IGEMM_INT8_I8I32_8x4_igemm_kernel_8x4_zvl256b_lmulmf4_unroll1_i8i32_run2.log",NA,NA,NA,NA,NA,NA,NA
k1_kernel_tuning,RVV,tile_N,32,2026-09-04T12:40:56,k1-rvv,"GEMM_RVV_FP32_INT8_8x4_Baseline","RVV_IGEMM_INT8_I8I32_8x4","igemm_kernel_8x4_zvl256b_lmulmf4_unroll1_i8i32",8x4,256b,mf4,1,INT8_RVV,0-7,8,8,1024,1024,1024,32,3,OK,0,NONE,0.108730961,GOPS,19.750434,parallel_tiles_including_required_packing,DISABLED,0,0,"0:cpu0:tiles4;1:cpu1:tiles4;2:cpu2:tiles4;3:cpu3:tiles4;4:cpu4:tiles4;5:cpu5:tiles4;6:cpu6:tiles4;7:cpu7:tiles4","NA",static,0,"NA","NA","/home/bananapi/MAT/kernels riscv rvv 1.0/FINAL/riscv-rvv-ime-gemm-microkernels-updated/HETEROGENEOUS_RVV_IME_OPENMP_GEMM/results/openmp_results_k1-rvv_1024_20260904_123239/raw_logs/GEMM_RVV_FP32_INT8_8x4_Baseline_RVV_IGEMM_INT8_I8I32_8x4_igemm_kernel_8x4_zvl256b_lmulmf4_unroll1_i8i32_run3.log",NA,NA,NA,NA,NA,NA,NA
k1_kernel_tuning,RVV,tile_N,32,2026-09-04T12:40:56,k1-rvv,"GEMM_RVV_FP32_INT8_8x4_Baseline","RVV_IGEMM_INT8_I8I32_8x4","igemm_kernel_8x4_zvl256b_lmulmf4_unroll1_i8i32",8x4,256b,mf4,1,INT8_RVV,0-7,8,8,1024,1024,1024,32,4,OK,0,NONE,0.104760833,GOPS,20.498917,parallel_tiles_including_required_packing,DISABLED,0,0,"0:cpu0:tiles4;1:cpu1:tiles4;2:cpu2:tiles4;3:cpu3:tiles4;4:cpu4:tiles4;5:cpu5:tiles4;6:cpu6:tiles4;7:cpu7:tiles4","NA",static,0,"NA","NA","/home/bananapi/MAT/kernels riscv rvv 1.0/FINAL/riscv-rvv-ime-gemm-microkernels-updated/HETEROGENEOUS_RVV_IME_OPENMP_GEMM/results/openmp_results_k1-rvv_1024_20260904_123239/raw_logs/GEMM_RVV_FP32_INT8_8x4_Baseline_RVV_IGEMM_INT8_I8I32_8x4_igemm_kernel_8x4_zvl256b_lmulmf4_unroll1_i8i32_run4.log",NA,NA,NA,NA,NA,NA,NA
k1_kernel_tuning,RVV,tile_N,32,2026-09-04T12:40:57,k1-rvv,"GEMM_RVV_FP32_INT8_8x4_Baseline","RVV_IGEMM_INT8_I8I32_8x4","igemm_kernel_8x4_zvl256b_lmulmf4_unroll1_i8i32",8x4,256b,mf4,1,INT8_RVV,0-7,8,8,1024,1024,1024,32,5,OK,0,NONE,0.102607377,GOPS,20.929135,parallel_tiles_including_required_packing,DISABLED,0,0,"0:cpu0:tiles4;1:cpu1:tiles4;2:cpu2:tiles4;3:cpu3:tiles4;4:cpu4:tiles4;5:cpu5:tiles4;6:cpu6:tiles4;7:cpu7:tiles4","NA",static,0,"NA","NA","/home/bananapi/MAT/kernels riscv rvv 1.0/FINAL/riscv-rvv-ime-gemm-microkernels-updated/HETEROGENEOUS_RVV_IME_OPENMP_GEMM/results/openmp_results_k1-rvv_1024_20260904_123239/raw_logs/GEMM_RVV_FP32_INT8_8x4_Baseline_RVV_IGEMM_INT8_I8I32_8x4_igemm_kernel_8x4_zvl256b_lmulmf4_unroll1_i8i32_run5.log",NA,NA,NA,NA,NA,NA,NA
k1_kernel_tuning,RVV,tile_N,32,2026-09-04T12:40:57,k1-rvv,"GEMM_RVV_FP32_INT8_8x4_Baseline","RVV_IGEMM_INT8_I8I32_8x4","igemm_kernel_8x4_zvl256b_lmulmf4_unroll1_i8i32",8x4,256b,mf4,1,INT8_RVV,0-7,8,8,1024,1024,1024,32,6,OK,0,NONE,0.105803750,GOPS,20.296858,parallel_tiles_including_required_packing,DISABLED,0,0,"0:cpu0:tiles4;1:cpu1:tiles4;2:cpu2:tiles4;3:cpu3:tiles4;4:cpu4:tiles4;5:cpu5:tiles4;6:cpu6:tiles4;7:cpu7:tiles4","NA",static,0,"NA","NA","/home/bananapi/MAT/kernels riscv rvv 1.0/FINAL/riscv-rvv-ime-gemm-microkernels-updated/HETEROGENEOUS_RVV_IME_OPENMP_GEMM/results/openmp_results_k1-rvv_1024_20260904_123239/raw_logs/GEMM_RVV_FP32_INT8_8x4_Baseline_RVV_IGEMM_INT8_I8I32_8x4_igemm_kernel_8x4_zvl256b_lmulmf4_unroll1_i8i32_run6.log",NA,NA,NA,NA,NA,NA,NA
k1_kernel_tuning,RVV,tile_N,32,2026-09-04T12:41:25,k1-rvv,"GEMM_RVV_FP32_INT8_8x4_Baseline","RVV_IGEMM_INT8_I8I32_8x4","igemm_kernel_8x4_zvl256b_lmulmf4_unroll2_i8i32",8x4,256b,mf4,2,INT8_RVV,0-7,8,8,1024,1024,1024,32,1,OK,0,NONE,0.096482415,GOPS,22.257773,parallel_tiles_including_required_packing,INDEPENDENT_INT64_REFERENCE_EXACT_INT32,0,0,"0:cpu0:tiles4;1:cpu1:tiles4;2:cpu2:tiles4;3:cpu3:tiles4;4:cpu4:tiles4;5:cpu5:tiles4;6:cpu6:tiles4;7:cpu7:tiles4","NA",static,0,"NA","NA","/home/bananapi/MAT/kernels riscv rvv 1.0/FINAL/riscv-rvv-ime-gemm-microkernels-updated/HETEROGENEOUS_RVV_IME_OPENMP_GEMM/results/openmp_results_k1-rvv_1024_20260904_123239/raw_logs/GEMM_RVV_FP32_INT8_8x4_Baseline_RVV_IGEMM_INT8_I8I32_8x4_igemm_kernel_8x4_zvl256b_lmulmf4_unroll2_i8i32_run1.log",NA,NA,NA,NA,NA,NA,NA
k1_kernel_tuning,RVV,tile_N,32,2026-09-04T12:41:26,k1-rvv,"GEMM_RVV_FP32_INT8_8x4_Baseline","RVV_IGEMM_INT8_I8I32_8x4","igemm_kernel_8x4_zvl256b_lmulmf4_unroll2_i8i32",8x4,256b,mf4,2,INT8_RVV,0-7,8,8,1024,1024,1024,32,2,OK,0,NONE,0.099950999,GOPS,21.485365,parallel_tiles_including_required_packing,DISABLED,0,0,"0:cpu0:tiles4;1:cpu1:tiles4;2:cpu2:tiles4;3:cpu3:tiles4;4:cpu4:tiles4;5:cpu5:tiles4;6:cpu6:tiles4;7:cpu7:tiles4","NA",static,0,"NA","NA","/home/bananapi/MAT/kernels riscv rvv 1.0/FINAL/riscv-rvv-ime-gemm-microkernels-updated/HETEROGENEOUS_RVV_IME_OPENMP_GEMM/results/openmp_results_k1-rvv_1024_20260904_123239/raw_logs/GEMM_RVV_FP32_INT8_8x4_Baseline_RVV_IGEMM_INT8_I8I32_8x4_igemm_kernel_8x4_zvl256b_lmulmf4_unroll2_i8i32_run2.log",NA,NA,NA,NA,NA,NA,NA
k1_kernel_tuning,RVV,tile_N,32,2026-09-04T12:41:26,k1-rvv,"GEMM_RVV_FP32_INT8_8x4_Baseline","RVV_IGEMM_INT8_I8I32_8x4","igemm_kernel_8x4_zvl256b_lmulmf4_unroll2_i8i32",8x4,256b,mf4,2,INT8_RVV,0-7,8,8,1024,1024,1024,32,3,OK,0,NONE,0.098215837,GOPS,21.864943,parallel_tiles_including_required_packing,DISABLED,0,0,"0:cpu0:tiles4;1:cpu1:tiles4;2:cpu2:tiles4;3:cpu3:tiles4;4:cpu4:tiles4;5:cpu5:tiles4;6:cpu6:tiles4;7:cpu7:tiles4","NA",static,0,"NA","NA","/home/bananapi/MAT/kernels riscv rvv 1.0/FINAL/riscv-rvv-ime-gemm-microkernels-updated/HETEROGENEOUS_RVV_IME_OPENMP_GEMM/results/openmp_results_k1-rvv_1024_20260904_123239/raw_logs/GEMM_RVV_FP32_INT8_8x4_Baseline_RVV_IGEMM_INT8_I8I32_8x4_igemm_kernel_8x4_zvl256b_lmulmf4_unroll2_i8i32_run3.log",NA,NA,NA,NA,NA,NA,NA
k1_kernel_tuning,RVV,tile_N,32,2026-09-04T12:41:27,k1-rvv,"GEMM_RVV_FP32_INT8_8x4_Baseline","RVV_IGEMM_INT8_I8I32_8x4","igemm_kernel_8x4_zvl256b_lmulmf4_unroll2_i8i32",8x4,256b,mf4,2,INT8_RVV,0-7,8,8,1024,1024,1024,32,4,OK,0,NONE,0.099257749,GOPS,21.635426,parallel_tiles_including_required_packing,DISABLED,0,0,"0:cpu0:tiles4;1:cpu1:tiles4;2:cpu2:tiles4;3:cpu3:tiles4;4:cpu4:tiles4;5:cpu5:tiles4;6:cpu6:tiles4;7:cpu7:tiles4","NA",static,0,"NA","NA","/home/bananapi/MAT/kernels riscv rvv 1.0/FINAL/riscv-rvv-ime-gemm-microkernels-updated/HETEROGENEOUS_RVV_IME_OPENMP_GEMM/results/openmp_results_k1-rvv_1024_20260904_123239/raw_logs/GEMM_RVV_FP32_INT8_8x4_Baseline_RVV_IGEMM_INT8_I8I32_8x4_igemm_kernel_8x4_zvl256b_lmulmf4_unroll2_i8i32_run4.log",NA,NA,NA,NA,NA,NA,NA
k1_kernel_tuning,RVV,tile_N,32,2026-09-04T12:41:27,k1-rvv,"GEMM_RVV_FP32_INT8_8x4_Baseline","RVV_IGEMM_INT8_I8I32_8x4","igemm_kernel_8x4_zvl256b_lmulmf4_unroll2_i8i32",8x4,256b,mf4,2,INT8_RVV,0-7,8,8,1024,1024,1024,32,5,OK,0,NONE,0.095764626,GOPS,22.424602,parallel_tiles_including_required_packing,DISABLED,0,0,"0:cpu0:tiles4;1:cpu1:tiles4;2:cpu2:tiles4;3:cpu3:tiles4;4:cpu4:tiles4;5:cpu5:tiles4;6:cpu6:tiles4;7:cpu7:tiles4","NA",static,0,"NA","NA","/home/bananapi/MAT/kernels riscv rvv 1.0/FINAL/riscv-rvv-ime-gemm-microkernels-updated/HETEROGENEOUS_RVV_IME_OPENMP_GEMM/results/openmp_results_k1-rvv_1024_20260904_123239/raw_logs/GEMM_RVV_FP32_INT8_8x4_Baseline_RVV_IGEMM_INT8_I8I32_8x4_igemm_kernel_8x4_zvl256b_lmulmf4_unroll2_i8i32_run5.log",NA,NA,NA,NA,NA,NA,NA
k1_kernel_tuning,RVV,tile_N,32,2026-09-04T12:41:28,k1-rvv,"GEMM_RVV_FP32_INT8_8x4_Baseline","RVV_IGEMM_INT8_I8I32_8x4","igemm_kernel_8x4_zvl256b_lmulmf4_unroll2_i8i32",8x4,256b,mf4,2,INT8_RVV,0-7,8,8,1024,1024,1024,32,6,OK,0,NONE,0.101207666,GOPS,21.218587,parallel_tiles_including_required_packing,DISABLED,0,0,"0:cpu0:tiles4;1:cpu1:tiles4;2:cpu2:tiles4;3:cpu3:tiles4;4:cpu4:tiles4;5:cpu5:tiles4;6:cpu6:tiles4;7:cpu7:tiles4","NA",static,0,"NA","NA","/home/bananapi/MAT/kernels riscv rvv 1.0/FINAL/riscv-rvv-ime-gemm-microkernels-updated/HETEROGENEOUS_RVV_IME_OPENMP_GEMM/results/openmp_results_k1-rvv_1024_20260904_123239/raw_logs/GEMM_RVV_FP32_INT8_8x4_Baseline_RVV_IGEMM_INT8_I8I32_8x4_igemm_kernel_8x4_zvl256b_lmulmf4_unroll2_i8i32_run6.log",NA,NA,NA,NA,NA,NA,NA
k1_kernel_tuning,RVV,tile_N,32,2026-09-04T12:42:03,k1-rvv,"GEMM_RVV_FP32_INT8_8x4_Baseline","RVV_IGEMM_INT8_I8I32_8x4","igemm_kernel_8x4_zvl256b_lmulmf4_unroll4_i8i32",8x4,256b,mf4,4,INT8_RVV,0-7,8,8,1024,1024,1024,32,1,OK,0,NONE,0.094742626,GOPS,22.666499,parallel_tiles_including_required_packing,INDEPENDENT_INT64_REFERENCE_EXACT_INT32,0,0,"0:cpu0:tiles4;1:cpu1:tiles4;2:cpu2:tiles4;3:cpu3:tiles4;4:cpu4:tiles4;5:cpu5:tiles4;6:cpu6:tiles4;7:cpu7:tiles4","NA",static,0,"NA","NA","/home/bananapi/MAT/kernels riscv rvv 1.0/FINAL/riscv-rvv-ime-gemm-microkernels-updated/HETEROGENEOUS_RVV_IME_OPENMP_GEMM/results/openmp_results_k1-rvv_1024_20260904_123239/raw_logs/GEMM_RVV_FP32_INT8_8x4_Baseline_RVV_IGEMM_INT8_I8I32_8x4_igemm_kernel_8x4_zvl256b_lmulmf4_unroll4_i8i32_run1.log",NA,NA,NA,NA,NA,NA,NA
k1_kernel_tuning,RVV,tile_N,32,2026-09-04T12:42:04,k1-rvv,"GEMM_RVV_FP32_INT8_8x4_Baseline","RVV_IGEMM_INT8_I8I32_8x4","igemm_kernel_8x4_zvl256b_lmulmf4_unroll4_i8i32",8x4,256b,mf4,4,INT8_RVV,0-7,8,8,1024,1024,1024,32,2,OK,0,NONE,0.096143041,GOPS,22.336340,parallel_tiles_including_required_packing,DISABLED,0,0,"0:cpu0:tiles4;1:cpu1:tiles4;2:cpu2:tiles4;3:cpu3:tiles4;4:cpu4:tiles4;5:cpu5:tiles4;6:cpu6:tiles4;7:cpu7:tiles4","NA",static,0,"NA","NA","/home/bananapi/MAT/kernels riscv rvv 1.0/FINAL/riscv-rvv-ime-gemm-microkernels-updated/HETEROGENEOUS_RVV_IME_OPENMP_GEMM/results/openmp_results_k1-rvv_1024_20260904_123239/raw_logs/GEMM_RVV_FP32_INT8_8x4_Baseline_RVV_IGEMM_INT8_I8I32_8x4_igemm_kernel_8x4_zvl256b_lmulmf4_unroll4_i8i32_run2.log",NA,NA,NA,NA,NA,NA,NA
k1_kernel_tuning,RVV,tile_N,32,2026-09-04T12:42:04,k1-rvv,"GEMM_RVV_FP32_INT8_8x4_Baseline","RVV_IGEMM_INT8_I8I32_8x4","igemm_kernel_8x4_zvl256b_lmulmf4_unroll4_i8i32",8x4,256b,mf4,4,INT8_RVV,0-7,8,8,1024,1024,1024,32,3,OK,0,NONE,0.104854044,GOPS,20.480695,parallel_tiles_including_required_packing,DISABLED,0,0,"0:cpu0:tiles4;1:cpu1:tiles4;2:cpu2:tiles4;3:cpu3:tiles4;4:cpu4:tiles4;5:cpu5:tiles4;6:cpu6:tiles4;7:cpu7:tiles4","NA",static,0,"NA","NA","/home/bananapi/MAT/kernels riscv rvv 1.0/FINAL/riscv-rvv-ime-gemm-microkernels-updated/HETEROGENEOUS_RVV_IME_OPENMP_GEMM/results/openmp_results_k1-rvv_1024_20260904_123239/raw_logs/GEMM_RVV_FP32_INT8_8x4_Baseline_RVV_IGEMM_INT8_I8I32_8x4_igemm_kernel_8x4_zvl256b_lmulmf4_unroll4_i8i32_run3.log",NA,NA,NA,NA,NA,NA,NA
k1_kernel_tuning,RVV,tile_N,32,2026-09-04T12:42:05,k1-rvv,"GEMM_RVV_FP32_INT8_8x4_Baseline","RVV_IGEMM_INT8_I8I32_8x4","igemm_kernel_8x4_zvl256b_lmulmf4_unroll4_i8i32",8x4,256b,mf4,4,INT8_RVV,0-7,8,8,1024,1024,1024,32,4,OK,0,NONE,0.092445709,GOPS,23.229674,parallel_tiles_including_required_packing,DISABLED,0,0,"0:cpu0:tiles4;1:cpu1:tiles4;2:cpu2:tiles4;3:cpu3:tiles4;4:cpu4:tiles4;5:cpu5:tiles4;6:cpu6:tiles4;7:cpu7:tiles4","NA",static,0,"NA","NA","/home/bananapi/MAT/kernels riscv rvv 1.0/FINAL/riscv-rvv-ime-gemm-microkernels-updated/HETEROGENEOUS_RVV_IME_OPENMP_GEMM/results/openmp_results_k1-rvv_1024_20260904_123239/raw_logs/GEMM_RVV_FP32_INT8_8x4_Baseline_RVV_IGEMM_INT8_I8I32_8x4_igemm_kernel_8x4_zvl256b_lmulmf4_unroll4_i8i32_run4.log",NA,NA,NA,NA,NA,NA,NA
k1_kernel_tuning,RVV,tile_N,32,2026-09-04T12:42:05,k1-rvv,"GEMM_RVV_FP32_INT8_8x4_Baseline","RVV_IGEMM_INT8_I8I32_8x4","igemm_kernel_8x4_zvl256b_lmulmf4_unroll4_i8i32",8x4,256b,mf4,4,INT8_RVV,0-7,8,8,1024,1024,1024,32,5,OK,0,NONE,0.092202708,GOPS,23.290896,parallel_tiles_including_required_packing,DISABLED,0,0,"0:cpu0:tiles4;1:cpu1:tiles4;2:cpu2:tiles4;3:cpu3:tiles4;4:cpu4:tiles4;5:cpu5:tiles4;6:cpu6:tiles4;7:cpu7:tiles4","NA",static,0,"NA","NA","/home/bananapi/MAT/kernels riscv rvv 1.0/FINAL/riscv-rvv-ime-gemm-microkernels-updated/HETEROGENEOUS_RVV_IME_OPENMP_GEMM/results/openmp_results_k1-rvv_1024_20260904_123239/raw_logs/GEMM_RVV_FP32_INT8_8x4_Baseline_RVV_IGEMM_INT8_I8I32_8x4_igemm_kernel_8x4_zvl256b_lmulmf4_unroll4_i8i32_run5.log",NA,NA,NA,NA,NA,NA,NA
k1_kernel_tuning,RVV,tile_N,32,2026-09-04T12:42:06,k1-rvv,"GEMM_RVV_FP32_INT8_8x4_Baseline","RVV_IGEMM_INT8_I8I32_8x4","igemm_kernel_8x4_zvl256b_lmulmf4_unroll4_i8i32",8x4,256b,mf4,4,INT8_RVV,0-7,8,8,1024,1024,1024,32,6,OK,0,NONE,0.092746668,GOPS,23.154294,parallel_tiles_including_required_packing,DISABLED,0,0,"0:cpu0:tiles4;1:cpu1:tiles4;2:cpu2:tiles4;3:cpu3:tiles4;4:cpu4:tiles4;5:cpu5:tiles4;6:cpu6:tiles4;7:cpu7:tiles4","NA",static,0,"NA","NA","/home/bananapi/MAT/kernels riscv rvv 1.0/FINAL/riscv-rvv-ime-gemm-microkernels-updated/HETEROGENEOUS_RVV_IME_OPENMP_GEMM/results/openmp_results_k1-rvv_1024_20260904_123239/raw_logs/GEMM_RVV_FP32_INT8_8x4_Baseline_RVV_IGEMM_INT8_I8I32_8x4_igemm_kernel_8x4_zvl256b_lmulmf4_unroll4_i8i32_run6.log",NA,NA,NA,NA,NA,NA,NA
k1_kernel_tuning,RVV,tile_N,32,2026-09-04T12:42:35,k1-rvv,"GEMM_RVV_FP32_INT8_8x4_Baseline","RVV_IGEMM_INT8_I8I32_8x4","igemm_kernel_8x4_zvl256b_lmulmf4_unroll8_i8i32",8x4,256b,mf4,8,INT8_RVV,0-7,8,8,1024,1024,1024,32,1,OK,0,NONE,0.107062332,GOPS,20.058256,parallel_tiles_including_required_packing,INDEPENDENT_INT64_REFERENCE_EXACT_INT32,0,0,"0:cpu0:tiles4;1:cpu1:tiles4;2:cpu2:tiles4;3:cpu3:tiles4;4:cpu4:tiles4;5:cpu5:tiles4;6:cpu6:tiles4;7:cpu7:tiles4","NA",static,0,"NA","NA","/home/bananapi/MAT/kernels riscv rvv 1.0/FINAL/riscv-rvv-ime-gemm-microkernels-updated/HETEROGENEOUS_RVV_IME_OPENMP_GEMM/results/openmp_results_k1-rvv_1024_20260904_123239/raw_logs/GEMM_RVV_FP32_INT8_8x4_Baseline_RVV_IGEMM_INT8_I8I32_8x4_igemm_kernel_8x4_zvl256b_lmulmf4_unroll8_i8i32_run1.log",NA,NA,NA,NA,NA,NA,NA
k1_kernel_tuning,RVV,tile_N,32,2026-09-04T12:42:35,k1-rvv,"GEMM_RVV_FP32_INT8_8x4_Baseline","RVV_IGEMM_INT8_I8I32_8x4","igemm_kernel_8x4_zvl256b_lmulmf4_unroll8_i8i32",8x4,256b,mf4,8,INT8_RVV,0-7,8,8,1024,1024,1024,32,2,OK,0,NONE,0.096201289,GOPS,22.322816,parallel_tiles_including_required_packing,DISABLED,0,0,"0:cpu0:tiles4;1:cpu1:tiles4;2:cpu2:tiles4;3:cpu3:tiles4;4:cpu4:tiles4;5:cpu5:tiles4;6:cpu6:tiles4;7:cpu7:tiles4","NA",static,0,"NA","NA","/home/bananapi/MAT/kernels riscv rvv 1.0/FINAL/riscv-rvv-ime-gemm-microkernels-updated/HETEROGENEOUS_RVV_IME_OPENMP_GEMM/results/openmp_results_k1-rvv_1024_20260904_123239/raw_logs/GEMM_RVV_FP32_INT8_8x4_Baseline_RVV_IGEMM_INT8_I8I32_8x4_igemm_kernel_8x4_zvl256b_lmulmf4_unroll8_i8i32_run2.log",NA,NA,NA,NA,NA,NA,NA
k1_kernel_tuning,RVV,tile_N,32,2026-09-04T12:42:36,k1-rvv,"GEMM_RVV_FP32_INT8_8x4_Baseline","RVV_IGEMM_INT8_I8I32_8x4","igemm_kernel_8x4_zvl256b_lmulmf4_unroll8_i8i32",8x4,256b,mf4,8,INT8_RVV,0-7,8,8,1024,1024,1024,32,3,OK,0,NONE,0.094799247,GOPS,22.652961,parallel_tiles_including_required_packing,DISABLED,0,0,"0:cpu0:tiles4;1:cpu1:tiles4;2:cpu2:tiles4;3:cpu3:tiles4;4:cpu4:tiles4;5:cpu5:tiles4;6:cpu6:tiles4;7:cpu7:tiles4","NA",static,0,"NA","NA","/home/bananapi/MAT/kernels riscv rvv 1.0/FINAL/riscv-rvv-ime-gemm-microkernels-updated/HETEROGENEOUS_RVV_IME_OPENMP_GEMM/results/openmp_results_k1-rvv_1024_20260904_123239/raw_logs/GEMM_RVV_FP32_INT8_8x4_Baseline_RVV_IGEMM_INT8_I8I32_8x4_igemm_kernel_8x4_zvl256b_lmulmf4_unroll8_i8i32_run3.log",NA,NA,NA,NA,NA,NA,NA
k1_kernel_tuning,RVV,tile_N,32,2026-09-04T12:42:36,k1-rvv,"GEMM_RVV_FP32_INT8_8x4_Baseline","RVV_IGEMM_INT8_I8I32_8x4","igemm_kernel_8x4_zvl256b_lmulmf4_unroll8_i8i32",8x4,256b,mf4,8,INT8_RVV,0-7,8,8,1024,1024,1024,32,4,OK,0,NONE,0.094232041,GOPS,22.789315,parallel_tiles_including_required_packing,DISABLED,0,0,"0:cpu0:tiles4;1:cpu1:tiles4;2:cpu2:tiles4;3:cpu3:tiles4;4:cpu4:tiles4;5:cpu5:tiles4;6:cpu6:tiles4;7:cpu7:tiles4","NA",static,0,"NA","NA","/home/bananapi/MAT/kernels riscv rvv 1.0/FINAL/riscv-rvv-ime-gemm-microkernels-updated/HETEROGENEOUS_RVV_IME_OPENMP_GEMM/results/openmp_results_k1-rvv_1024_20260904_123239/raw_logs/GEMM_RVV_FP32_INT8_8x4_Baseline_RVV_IGEMM_INT8_I8I32_8x4_igemm_kernel_8x4_zvl256b_lmulmf4_unroll8_i8i32_run4.log",NA,NA,NA,NA,NA,NA,NA
k1_kernel_tuning,RVV,tile_N,32,2026-09-04T12:42:37,k1-rvv,"GEMM_RVV_FP32_INT8_8x4_Baseline","RVV_IGEMM_INT8_I8I32_8x4","igemm_kernel_8x4_zvl256b_lmulmf4_unroll8_i8i32",8x4,256b,mf4,8,INT8_RVV,0-7,8,8,1024,1024,1024,32,5,OK,0,NONE,0.107795376,GOPS,19.921853,parallel_tiles_including_required_packing,DISABLED,0,0,"0:cpu0:tiles4;1:cpu1:tiles4;2:cpu2:tiles4;3:cpu3:tiles4;4:cpu4:tiles4;5:cpu5:tiles4;6:cpu6:tiles4;7:cpu7:tiles4","NA",static,0,"NA","NA","/home/bananapi/MAT/kernels riscv rvv 1.0/FINAL/riscv-rvv-ime-gemm-microkernels-updated/HETEROGENEOUS_RVV_IME_OPENMP_GEMM/results/openmp_results_k1-rvv_1024_20260904_123239/raw_logs/GEMM_RVV_FP32_INT8_8x4_Baseline_RVV_IGEMM_INT8_I8I32_8x4_igemm_kernel_8x4_zvl256b_lmulmf4_unroll8_i8i32_run5.log",NA,NA,NA,NA,NA,NA,NA
k1_kernel_tuning,RVV,tile_N,32,2026-09-04T12:42:37,k1-rvv,"GEMM_RVV_FP32_INT8_8x4_Baseline","RVV_IGEMM_INT8_I8I32_8x4","igemm_kernel_8x4_zvl256b_lmulmf4_unroll8_i8i32",8x4,256b,mf4,8,INT8_RVV,0-7,8,8,1024,1024,1024,32,6,OK,0,NONE,0.097072415,GOPS,22.122491,parallel_tiles_including_required_packing,DISABLED,0,0,"0:cpu0:tiles4;1:cpu1:tiles4;2:cpu2:tiles4;3:cpu3:tiles4;4:cpu4:tiles4;5:cpu5:tiles4;6:cpu6:tiles4;7:cpu7:tiles4","NA",static,0,"NA","NA","/home/bananapi/MAT/kernels riscv rvv 1.0/FINAL/riscv-rvv-ime-gemm-microkernels-updated/HETEROGENEOUS_RVV_IME_OPENMP_GEMM/results/openmp_results_k1-rvv_1024_20260904_123239/raw_logs/GEMM_RVV_FP32_INT8_8x4_Baseline_RVV_IGEMM_INT8_I8I32_8x4_igemm_kernel_8x4_zvl256b_lmulmf4_unroll8_i8i32_run6.log",NA,NA,NA,NA,NA,NA,NA
k1_kernel_tuning,RVV,tile_N,32,2026-09-04T12:43:05,k1-rvv,"GEMM_RVV_FP32_INT8_8x4_Baseline","RVV_IGEMM_INT8_I8I32_8x4","igemm_kernel_8x4_zvl256b_lmulmf8_unroll1_i8i32",8x4,256b,mf8,1,INT8_RVV,0-7,8,8,1024,1024,1024,32,1,OK,0,NONE,0.096485708,GOPS,22.257013,parallel_tiles_including_required_packing,INDEPENDENT_INT64_REFERENCE_EXACT_INT32,0,0,"0:cpu0:tiles4;1:cpu1:tiles4;2:cpu2:tiles4;3:cpu3:tiles4;4:cpu4:tiles4;5:cpu5:tiles4;6:cpu6:tiles4;7:cpu7:tiles4","NA",static,0,"NA","NA","/home/bananapi/MAT/kernels riscv rvv 1.0/FINAL/riscv-rvv-ime-gemm-microkernels-updated/HETEROGENEOUS_RVV_IME_OPENMP_GEMM/results/openmp_results_k1-rvv_1024_20260904_123239/raw_logs/GEMM_RVV_FP32_INT8_8x4_Baseline_RVV_IGEMM_INT8_I8I32_8x4_igemm_kernel_8x4_zvl256b_lmulmf8_unroll1_i8i32_run1.log",NA,NA,NA,NA,NA,NA,NA
k1_kernel_tuning,RVV,tile_N,32,2026-09-04T12:43:06,k1-rvv,"GEMM_RVV_FP32_INT8_8x4_Baseline","RVV_IGEMM_INT8_I8I32_8x4","igemm_kernel_8x4_zvl256b_lmulmf8_unroll1_i8i32",8x4,256b,mf8,1,INT8_RVV,0-7,8,8,1024,1024,1024,32,2,OK,0,NONE,0.105557416,GOPS,20.344223,parallel_tiles_including_required_packing,DISABLED,0,0,"0:cpu0:tiles4;1:cpu1:tiles4;2:cpu2:tiles4;3:cpu3:tiles4;4:cpu4:tiles4;5:cpu5:tiles4;6:cpu6:tiles4;7:cpu7:tiles4","NA",static,0,"NA","NA","/home/bananapi/MAT/kernels riscv rvv 1.0/FINAL/riscv-rvv-ime-gemm-microkernels-updated/HETEROGENEOUS_RVV_IME_OPENMP_GEMM/results/openmp_results_k1-rvv_1024_20260904_123239/raw_logs/GEMM_RVV_FP32_INT8_8x4_Baseline_RVV_IGEMM_INT8_I8I32_8x4_igemm_kernel_8x4_zvl256b_lmulmf8_unroll1_i8i32_run2.log",NA,NA,NA,NA,NA,NA,NA
k1_kernel_tuning,RVV,tile_N,32,2026-09-04T12:43:06,k1-rvv,"GEMM_RVV_FP32_INT8_8x4_Baseline","RVV_IGEMM_INT8_I8I32_8x4","igemm_kernel_8x4_zvl256b_lmulmf8_unroll1_i8i32",8x4,256b,mf8,1,INT8_RVV,0-7,8,8,1024,1024,1024,32,3,OK,0,NONE,0.102511916,GOPS,20.948625,parallel_tiles_including_required_packing,DISABLED,0,0,"0:cpu0:tiles4;1:cpu1:tiles4;2:cpu2:tiles4;3:cpu3:tiles4;4:cpu4:tiles4;5:cpu5:tiles4;6:cpu6:tiles4;7:cpu7:tiles4","NA",static,0,"NA","NA","/home/bananapi/MAT/kernels riscv rvv 1.0/FINAL/riscv-rvv-ime-gemm-microkernels-updated/HETEROGENEOUS_RVV_IME_OPENMP_GEMM/results/openmp_results_k1-rvv_1024_20260904_123239/raw_logs/GEMM_RVV_FP32_INT8_8x4_Baseline_RVV_IGEMM_INT8_I8I32_8x4_igemm_kernel_8x4_zvl256b_lmulmf8_unroll1_i8i32_run3.log",NA,NA,NA,NA,NA,NA,NA
k1_kernel_tuning,RVV,tile_N,32,2026-09-04T12:43:07,k1-rvv,"GEMM_RVV_FP32_INT8_8x4_Baseline","RVV_IGEMM_INT8_I8I32_8x4","igemm_kernel_8x4_zvl256b_lmulmf8_unroll1_i8i32",8x4,256b,mf8,1,INT8_RVV,0-7,8,8,1024,1024,1024,32,4,OK,0,NONE,0.098020125,GOPS,21.908599,parallel_tiles_including_required_packing,DISABLED,0,0,"0:cpu0:tiles4;1:cpu1:tiles4;2:cpu2:tiles4;3:cpu3:tiles4;4:cpu4:tiles4;5:cpu5:tiles4;6:cpu6:tiles4;7:cpu7:tiles4","NA",static,0,"NA","NA","/home/bananapi/MAT/kernels riscv rvv 1.0/FINAL/riscv-rvv-ime-gemm-microkernels-updated/HETEROGENEOUS_RVV_IME_OPENMP_GEMM/results/openmp_results_k1-rvv_1024_20260904_123239/raw_logs/GEMM_RVV_FP32_INT8_8x4_Baseline_RVV_IGEMM_INT8_I8I32_8x4_igemm_kernel_8x4_zvl256b_lmulmf8_unroll1_i8i32_run4.log",NA,NA,NA,NA,NA,NA,NA
k1_kernel_tuning,RVV,tile_N,32,2026-09-04T12:43:07,k1-rvv,"GEMM_RVV_FP32_INT8_8x4_Baseline","RVV_IGEMM_INT8_I8I32_8x4","igemm_kernel_8x4_zvl256b_lmulmf8_unroll1_i8i32",8x4,256b,mf8,1,INT8_RVV,0-7,8,8,1024,1024,1024,32,5,OK,0,NONE,0.092902876,GOPS,23.115362,parallel_tiles_including_required_packing,DISABLED,0,0,"0:cpu0:tiles4;1:cpu1:tiles4;2:cpu2:tiles4;3:cpu3:tiles4;4:cpu4:tiles4;5:cpu5:tiles4;6:cpu6:tiles4;7:cpu7:tiles4","NA",static,0,"NA","NA","/home/bananapi/MAT/kernels riscv rvv 1.0/FINAL/riscv-rvv-ime-gemm-microkernels-updated/HETEROGENEOUS_RVV_IME_OPENMP_GEMM/results/openmp_results_k1-rvv_1024_20260904_123239/raw_logs/GEMM_RVV_FP32_INT8_8x4_Baseline_RVV_IGEMM_INT8_I8I32_8x4_igemm_kernel_8x4_zvl256b_lmulmf8_unroll1_i8i32_run5.log",NA,NA,NA,NA,NA,NA,NA
k1_kernel_tuning,RVV,tile_N,32,2026-09-04T12:43:08,k1-rvv,"GEMM_RVV_FP32_INT8_8x4_Baseline","RVV_IGEMM_INT8_I8I32_8x4","igemm_kernel_8x4_zvl256b_lmulmf8_unroll1_i8i32",8x4,256b,mf8,1,INT8_RVV,0-7,8,8,1024,1024,1024,32,6,OK,0,NONE,0.096974999,GOPS,22.144714,parallel_tiles_including_required_packing,DISABLED,0,0,"0:cpu0:tiles4;1:cpu1:tiles4;2:cpu2:tiles4;3:cpu3:tiles4;4:cpu4:tiles4;5:cpu5:tiles4;6:cpu6:tiles4;7:cpu7:tiles4","NA",static,0,"NA","NA","/home/bananapi/MAT/kernels riscv rvv 1.0/FINAL/riscv-rvv-ime-gemm-microkernels-updated/HETEROGENEOUS_RVV_IME_OPENMP_GEMM/results/openmp_results_k1-rvv_1024_20260904_123239/raw_logs/GEMM_RVV_FP32_INT8_8x4_Baseline_RVV_IGEMM_INT8_I8I32_8x4_igemm_kernel_8x4_zvl256b_lmulmf8_unroll1_i8i32_run6.log",NA,NA,NA,NA,NA,NA,NA
k1_kernel_tuning,RVV,tile_N,32,2026-09-04T12:43:36,k1-rvv,"GEMM_RVV_FP32_INT8_8x4_Baseline","RVV_IGEMM_INT8_I8I32_8x4","igemm_kernel_8x4_zvl256b_lmulmf8_unroll2_i8i32",8x4,256b,mf8,2,INT8_RVV,0-7,8,8,1024,1024,1024,32,1,OK,0,NONE,0.089317210,GOPS,24.043336,parallel_tiles_including_required_packing,INDEPENDENT_INT64_REFERENCE_EXACT_INT32,0,0,"0:cpu0:tiles4;1:cpu1:tiles4;2:cpu2:tiles4;3:cpu3:tiles4;4:cpu4:tiles4;5:cpu5:tiles4;6:cpu6:tiles4;7:cpu7:tiles4","NA",static,0,"NA","NA","/home/bananapi/MAT/kernels riscv rvv 1.0/FINAL/riscv-rvv-ime-gemm-microkernels-updated/HETEROGENEOUS_RVV_IME_OPENMP_GEMM/results/openmp_results_k1-rvv_1024_20260904_123239/raw_logs/GEMM_RVV_FP32_INT8_8x4_Baseline_RVV_IGEMM_INT8_I8I32_8x4_igemm_kernel_8x4_zvl256b_lmulmf8_unroll2_i8i32_run1.log",NA,NA,NA,NA,NA,NA,NA
k1_kernel_tuning,RVV,tile_N,32,2026-09-04T12:43:36,k1-rvv,"GEMM_RVV_FP32_INT8_8x4_Baseline","RVV_IGEMM_INT8_I8I32_8x4","igemm_kernel_8x4_zvl256b_lmulmf8_unroll2_i8i32",8x4,256b,mf8,2,INT8_RVV,0-7,8,8,1024,1024,1024,32,2,OK,0,NONE,0.098184418,GOPS,21.871939,parallel_tiles_including_required_packing,DISABLED,0,0,"0:cpu0:tiles4;1:cpu1:tiles4;2:cpu2:tiles4;3:cpu3:tiles4;4:cpu4:tiles4;5:cpu5:tiles4;6:cpu6:tiles4;7:cpu7:tiles4","NA",static,0,"NA","NA","/home/bananapi/MAT/kernels riscv rvv 1.0/FINAL/riscv-rvv-ime-gemm-microkernels-updated/HETEROGENEOUS_RVV_IME_OPENMP_GEMM/results/openmp_results_k1-rvv_1024_20260904_123239/raw_logs/GEMM_RVV_FP32_INT8_8x4_Baseline_RVV_IGEMM_INT8_I8I32_8x4_igemm_kernel_8x4_zvl256b_lmulmf8_unroll2_i8i32_run2.log",NA,NA,NA,NA,NA,NA,NA
k1_kernel_tuning,RVV,tile_N,32,2026-09-04T12:43:37,k1-rvv,"GEMM_RVV_FP32_INT8_8x4_Baseline","RVV_IGEMM_INT8_I8I32_8x4","igemm_kernel_8x4_zvl256b_lmulmf8_unroll2_i8i32",8x4,256b,mf8,2,INT8_RVV,0-7,8,8,1024,1024,1024,32,3,OK,0,NONE,0.093438044,GOPS,22.982969,parallel_tiles_including_required_packing,DISABLED,0,0,"0:cpu0:tiles4;1:cpu1:tiles4;2:cpu2:tiles4;3:cpu3:tiles4;4:cpu4:tiles4;5:cpu5:tiles4;6:cpu6:tiles4;7:cpu7:tiles4","NA",static,0,"NA","NA","/home/bananapi/MAT/kernels riscv rvv 1.0/FINAL/riscv-rvv-ime-gemm-microkernels-updated/HETEROGENEOUS_RVV_IME_OPENMP_GEMM/results/openmp_results_k1-rvv_1024_20260904_123239/raw_logs/GEMM_RVV_FP32_INT8_8x4_Baseline_RVV_IGEMM_INT8_I8I32_8x4_igemm_kernel_8x4_zvl256b_lmulmf8_unroll2_i8i32_run3.log",NA,NA,NA,NA,NA,NA,NA
k1_kernel_tuning,RVV,tile_N,32,2026-09-04T12:43:37,k1-rvv,"GEMM_RVV_FP32_INT8_8x4_Baseline","RVV_IGEMM_INT8_I8I32_8x4","igemm_kernel_8x4_zvl256b_lmulmf8_unroll2_i8i32",8x4,256b,mf8,2,INT8_RVV,0-7,8,8,1024,1024,1024,32,4,OK,0,NONE,0.093255747,GOPS,23.027896,parallel_tiles_including_required_packing,DISABLED,0,0,"0:cpu0:tiles4;1:cpu1:tiles4;2:cpu2:tiles4;3:cpu3:tiles4;4:cpu4:tiles4;5:cpu5:tiles4;6:cpu6:tiles4;7:cpu7:tiles4","NA",static,0,"NA","NA","/home/bananapi/MAT/kernels riscv rvv 1.0/FINAL/riscv-rvv-ime-gemm-microkernels-updated/HETEROGENEOUS_RVV_IME_OPENMP_GEMM/results/openmp_results_k1-rvv_1024_20260904_123239/raw_logs/GEMM_RVV_FP32_INT8_8x4_Baseline_RVV_IGEMM_INT8_I8I32_8x4_igemm_kernel_8x4_zvl256b_lmulmf8_unroll2_i8i32_run4.log",NA,NA,NA,NA,NA,NA,NA
k1_kernel_tuning,RVV,tile_N,32,2026-09-04T12:43:38,k1-rvv,"GEMM_RVV_FP32_INT8_8x4_Baseline","RVV_IGEMM_INT8_I8I32_8x4","igemm_kernel_8x4_zvl256b_lmulmf8_unroll2_i8i32",8x4,256b,mf8,2,INT8_RVV,0-7,8,8,1024,1024,1024,32,5,OK,0,NONE,0.090233415,GOPS,23.799206,parallel_tiles_including_required_packing,DISABLED,0,0,"0:cpu0:tiles4;1:cpu1:tiles4;2:cpu2:tiles4;3:cpu3:tiles4;4:cpu4:tiles4;5:cpu5:tiles4;6:cpu6:tiles4;7:cpu7:tiles4","NA",static,0,"NA","NA","/home/bananapi/MAT/kernels riscv rvv 1.0/FINAL/riscv-rvv-ime-gemm-microkernels-updated/HETEROGENEOUS_RVV_IME_OPENMP_GEMM/results/openmp_results_k1-rvv_1024_20260904_123239/raw_logs/GEMM_RVV_FP32_INT8_8x4_Baseline_RVV_IGEMM_INT8_I8I32_8x4_igemm_kernel_8x4_zvl256b_lmulmf8_unroll2_i8i32_run5.log",NA,NA,NA,NA,NA,NA,NA
k1_kernel_tuning,RVV,tile_N,32,2026-09-04T12:43:38,k1-rvv,"GEMM_RVV_FP32_INT8_8x4_Baseline","RVV_IGEMM_INT8_I8I32_8x4","igemm_kernel_8x4_zvl256b_lmulmf8_unroll2_i8i32",8x4,256b,mf8,2,INT8_RVV,0-7,8,8,1024,1024,1024,32,6,OK,0,NONE,0.094269540,GOPS,22.780250,parallel_tiles_including_required_packing,DISABLED,0,0,"0:cpu0:tiles4;1:cpu1:tiles4;2:cpu2:tiles4;3:cpu3:tiles4;4:cpu4:tiles4;5:cpu5:tiles4;6:cpu6:tiles4;7:cpu7:tiles4","NA",static,0,"NA","NA","/home/bananapi/MAT/kernels riscv rvv 1.0/FINAL/riscv-rvv-ime-gemm-microkernels-updated/HETEROGENEOUS_RVV_IME_OPENMP_GEMM/results/openmp_results_k1-rvv_1024_20260904_123239/raw_logs/GEMM_RVV_FP32_INT8_8x4_Baseline_RVV_IGEMM_INT8_I8I32_8x4_igemm_kernel_8x4_zvl256b_lmulmf8_unroll2_i8i32_run6.log",NA,NA,NA,NA,NA,NA,NA
k1_kernel_tuning,RVV,tile_N,32,2026-09-04T12:44:06,k1-rvv,"GEMM_RVV_FP32_INT8_8x4_Baseline","RVV_IGEMM_INT8_I8I32_8x4","igemm_kernel_8x4_zvl256b_lmulmf8_unroll4_i8i32",8x4,256b,mf8,4,INT8_RVV,0-7,8,8,1024,1024,1024,32,1,OK,0,NONE,0.094154209,GOPS,22.808153,parallel_tiles_including_required_packing,INDEPENDENT_INT64_REFERENCE_EXACT_INT32,0,0,"0:cpu0:tiles4;1:cpu1:tiles4;2:cpu2:tiles4;3:cpu3:tiles4;4:cpu4:tiles4;5:cpu5:tiles4;6:cpu6:tiles4;7:cpu7:tiles4","NA",static,0,"NA","NA","/home/bananapi/MAT/kernels riscv rvv 1.0/FINAL/riscv-rvv-ime-gemm-microkernels-updated/HETEROGENEOUS_RVV_IME_OPENMP_GEMM/results/openmp_results_k1-rvv_1024_20260904_123239/raw_logs/GEMM_RVV_FP32_INT8_8x4_Baseline_RVV_IGEMM_INT8_I8I32_8x4_igemm_kernel_8x4_zvl256b_lmulmf8_unroll4_i8i32_run1.log",NA,NA,NA,NA,NA,NA,NA
k1_kernel_tuning,RVV,tile_N,32,2026-09-04T12:44:07,k1-rvv,"GEMM_RVV_FP32_INT8_8x4_Baseline","RVV_IGEMM_INT8_I8I32_8x4","igemm_kernel_8x4_zvl256b_lmulmf8_unroll4_i8i32",8x4,256b,mf8,4,INT8_RVV,0-7,8,8,1024,1024,1024,32,2,OK,0,NONE,0.094138499,GOPS,22.811960,parallel_tiles_including_required_packing,DISABLED,0,0,"0:cpu0:tiles4;1:cpu1:tiles4;2:cpu2:tiles4;3:cpu3:tiles4;4:cpu4:tiles4;5:cpu5:tiles4;6:cpu6:tiles4;7:cpu7:tiles4","NA",static,0,"NA","NA","/home/bananapi/MAT/kernels riscv rvv 1.0/FINAL/riscv-rvv-ime-gemm-microkernels-updated/HETEROGENEOUS_RVV_IME_OPENMP_GEMM/results/openmp_results_k1-rvv_1024_20260904_123239/raw_logs/GEMM_RVV_FP32_INT8_8x4_Baseline_RVV_IGEMM_INT8_I8I32_8x4_igemm_kernel_8x4_zvl256b_lmulmf8_unroll4_i8i32_run2.log",NA,NA,NA,NA,NA,NA,NA
k1_kernel_tuning,RVV,tile_N,32,2026-09-04T12:44:07,k1-rvv,"GEMM_RVV_FP32_INT8_8x4_Baseline","RVV_IGEMM_INT8_I8I32_8x4","igemm_kernel_8x4_zvl256b_lmulmf8_unroll4_i8i32",8x4,256b,mf8,4,INT8_RVV,0-7,8,8,1024,1024,1024,32,3,OK,0,NONE,0.092539791,GOPS,23.206057,parallel_tiles_including_required_packing,DISABLED,0,0,"0:cpu0:tiles4;1:cpu1:tiles4;2:cpu2:tiles4;3:cpu3:tiles4;4:cpu4:tiles4;5:cpu5:tiles4;6:cpu6:tiles4;7:cpu7:tiles4","NA",static,0,"NA","NA","/home/bananapi/MAT/kernels riscv rvv 1.0/FINAL/riscv-rvv-ime-gemm-microkernels-updated/HETEROGENEOUS_RVV_IME_OPENMP_GEMM/results/openmp_results_k1-rvv_1024_20260904_123239/raw_logs/GEMM_RVV_FP32_INT8_8x4_Baseline_RVV_IGEMM_INT8_I8I32_8x4_igemm_kernel_8x4_zvl256b_lmulmf8_unroll4_i8i32_run3.log",NA,NA,NA,NA,NA,NA,NA
k1_kernel_tuning,RVV,tile_N,32,2026-09-04T12:44:08,k1-rvv,"GEMM_RVV_FP32_INT8_8x4_Baseline","RVV_IGEMM_INT8_I8I32_8x4","igemm_kernel_8x4_zvl256b_lmulmf8_unroll4_i8i32",8x4,256b,mf8,4,INT8_RVV,0-7,8,8,1024,1024,1024,32,4,OK,0,NONE,0.097002503,GOPS,22.138436,parallel_tiles_including_required_packing,DISABLED,0,0,"0:cpu0:tiles4;1:cpu1:tiles4;2:cpu2:tiles4;3:cpu3:tiles4;4:cpu4:tiles4;5:cpu5:tiles4;6:cpu6:tiles4;7:cpu7:tiles4","NA",static,0,"NA","NA","/home/bananapi/MAT/kernels riscv rvv 1.0/FINAL/riscv-rvv-ime-gemm-microkernels-updated/HETEROGENEOUS_RVV_IME_OPENMP_GEMM/results/openmp_results_k1-rvv_1024_20260904_123239/raw_logs/GEMM_RVV_FP32_INT8_8x4_Baseline_RVV_IGEMM_INT8_I8I32_8x4_igemm_kernel_8x4_zvl256b_lmulmf8_unroll4_i8i32_run4.log",NA,NA,NA,NA,NA,NA,NA
k1_kernel_tuning,RVV,tile_N,32,2026-09-04T12:44:08,k1-rvv,"GEMM_RVV_FP32_INT8_8x4_Baseline","RVV_IGEMM_INT8_I8I32_8x4","igemm_kernel_8x4_zvl256b_lmulmf8_unroll4_i8i32",8x4,256b,mf8,4,INT8_RVV,0-7,8,8,1024,1024,1024,32,5,OK,0,NONE,0.110283498,GOPS,19.472393,parallel_tiles_including_required_packing,DISABLED,0,0,"0:cpu0:tiles4;1:cpu1:tiles4;2:cpu2:tiles4;3:cpu3:tiles4;4:cpu4:tiles4;5:cpu5:tiles4;6:cpu6:tiles4;7:cpu7:tiles4","NA",static,0,"NA","NA","/home/bananapi/MAT/kernels riscv rvv 1.0/FINAL/riscv-rvv-ime-gemm-microkernels-updated/HETEROGENEOUS_RVV_IME_OPENMP_GEMM/results/openmp_results_k1-rvv_1024_20260904_123239/raw_logs/GEMM_RVV_FP32_INT8_8x4_Baseline_RVV_IGEMM_INT8_I8I32_8x4_igemm_kernel_8x4_zvl256b_lmulmf8_unroll4_i8i32_run5.log",NA,NA,NA,NA,NA,NA,NA
k1_kernel_tuning,RVV,tile_N,32,2026-09-04T12:44:09,k1-rvv,"GEMM_RVV_FP32_INT8_8x4_Baseline","RVV_IGEMM_INT8_I8I32_8x4","igemm_kernel_8x4_zvl256b_lmulmf8_unroll4_i8i32",8x4,256b,mf8,4,INT8_RVV,0-7,8,8,1024,1024,1024,32,6,OK,0,NONE,0.089990377,GOPS,23.863481,parallel_tiles_including_required_packing,DISABLED,0,0,"0:cpu0:tiles4;1:cpu1:tiles4;2:cpu2:tiles4;3:cpu3:tiles4;4:cpu4:tiles4;5:cpu5:tiles4;6:cpu6:tiles4;7:cpu7:tiles4","NA",static,0,"NA","NA","/home/bananapi/MAT/kernels riscv rvv 1.0/FINAL/riscv-rvv-ime-gemm-microkernels-updated/HETEROGENEOUS_RVV_IME_OPENMP_GEMM/results/openmp_results_k1-rvv_1024_20260904_123239/raw_logs/GEMM_RVV_FP32_INT8_8x4_Baseline_RVV_IGEMM_INT8_I8I32_8x4_igemm_kernel_8x4_zvl256b_lmulmf8_unroll4_i8i32_run6.log",NA,NA,NA,NA,NA,NA,NA
k1_kernel_tuning,RVV,tile_N,32,2026-09-04T12:44:45,k1-rvv,"GEMM_RVV_FP32_INT8_8x4_Baseline","RVV_IGEMM_INT8_I8I32_8x4","igemm_kernel_8x4_zvl256b_lmulmf8_unroll8_i8i32",8x4,256b,mf8,8,INT8_RVV,0-7,8,8,1024,1024,1024,32,1,OK,0,NONE,0.109805457,GOPS,19.557167,parallel_tiles_including_required_packing,INDEPENDENT_INT64_REFERENCE_EXACT_INT32,0,0,"0:cpu0:tiles4;1:cpu1:tiles4;2:cpu2:tiles4;3:cpu3:tiles4;4:cpu4:tiles4;5:cpu5:tiles4;6:cpu6:tiles4;7:cpu7:tiles4","NA",static,0,"NA","NA","/home/bananapi/MAT/kernels riscv rvv 1.0/FINAL/riscv-rvv-ime-gemm-microkernels-updated/HETEROGENEOUS_RVV_IME_OPENMP_GEMM/results/openmp_results_k1-rvv_1024_20260904_123239/raw_logs/GEMM_RVV_FP32_INT8_8x4_Baseline_RVV_IGEMM_INT8_I8I32_8x4_igemm_kernel_8x4_zvl256b_lmulmf8_unroll8_i8i32_run1.log",NA,NA,NA,NA,NA,NA,NA
k1_kernel_tuning,RVV,tile_N,32,2026-09-04T12:44:46,k1-rvv,"GEMM_RVV_FP32_INT8_8x4_Baseline","RVV_IGEMM_INT8_I8I32_8x4","igemm_kernel_8x4_zvl256b_lmulmf8_unroll8_i8i32",8x4,256b,mf8,8,INT8_RVV,0-7,8,8,1024,1024,1024,32,2,OK,0,NONE,0.112569753,GOPS,19.076915,parallel_tiles_including_required_packing,DISABLED,0,0,"0:cpu0:tiles4;1:cpu1:tiles4;2:cpu2:tiles4;3:cpu3:tiles4;4:cpu4:tiles4;5:cpu5:tiles4;6:cpu6:tiles4;7:cpu7:tiles4","NA",static,0,"NA","NA","/home/bananapi/MAT/kernels riscv rvv 1.0/FINAL/riscv-rvv-ime-gemm-microkernels-updated/HETEROGENEOUS_RVV_IME_OPENMP_GEMM/results/openmp_results_k1-rvv_1024_20260904_123239/raw_logs/GEMM_RVV_FP32_INT8_8x4_Baseline_RVV_IGEMM_INT8_I8I32_8x4_igemm_kernel_8x4_zvl256b_lmulmf8_unroll8_i8i32_run2.log",NA,NA,NA,NA,NA,NA,NA
k1_kernel_tuning,RVV,tile_N,32,2026-09-04T12:44:46,k1-rvv,"GEMM_RVV_FP32_INT8_8x4_Baseline","RVV_IGEMM_INT8_I8I32_8x4","igemm_kernel_8x4_zvl256b_lmulmf8_unroll8_i8i32",8x4,256b,mf8,8,INT8_RVV,0-7,8,8,1024,1024,1024,32,3,OK,0,NONE,0.112212960,GOPS,19.137572,parallel_tiles_including_required_packing,DISABLED,0,0,"0:cpu0:tiles4;1:cpu1:tiles4;2:cpu2:tiles4;3:cpu3:tiles4;4:cpu4:tiles4;5:cpu5:tiles4;6:cpu6:tiles4;7:cpu7:tiles4","NA",static,0,"NA","NA","/home/bananapi/MAT/kernels riscv rvv 1.0/FINAL/riscv-rvv-ime-gemm-microkernels-updated/HETEROGENEOUS_RVV_IME_OPENMP_GEMM/results/openmp_results_k1-rvv_1024_20260904_123239/raw_logs/GEMM_RVV_FP32_INT8_8x4_Baseline_RVV_IGEMM_INT8_I8I32_8x4_igemm_kernel_8x4_zvl256b_lmulmf8_unroll8_i8i32_run3.log",NA,NA,NA,NA,NA,NA,NA
k1_kernel_tuning,RVV,tile_N,32,2026-09-04T12:44:47,k1-rvv,"GEMM_RVV_FP32_INT8_8x4_Baseline","RVV_IGEMM_INT8_I8I32_8x4","igemm_kernel_8x4_zvl256b_lmulmf8_unroll8_i8i32",8x4,256b,mf8,8,INT8_RVV,0-7,8,8,1024,1024,1024,32,4,OK,0,NONE,0.092098415,GOPS,23.317270,parallel_tiles_including_required_packing,DISABLED,0,0,"0:cpu0:tiles4;1:cpu1:tiles4;2:cpu2:tiles4;3:cpu3:tiles4;4:cpu4:tiles4;5:cpu5:tiles4;6:cpu6:tiles4;7:cpu7:tiles4","NA",static,0,"NA","NA","/home/bananapi/MAT/kernels riscv rvv 1.0/FINAL/riscv-rvv-ime-gemm-microkernels-updated/HETEROGENEOUS_RVV_IME_OPENMP_GEMM/results/openmp_results_k1-rvv_1024_20260904_123239/raw_logs/GEMM_RVV_FP32_INT8_8x4_Baseline_RVV_IGEMM_INT8_I8I32_8x4_igemm_kernel_8x4_zvl256b_lmulmf8_unroll8_i8i32_run4.log",NA,NA,NA,NA,NA,NA,NA
k1_kernel_tuning,RVV,tile_N,32,2026-09-04T12:44:47,k1-rvv,"GEMM_RVV_FP32_INT8_8x4_Baseline","RVV_IGEMM_INT8_I8I32_8x4","igemm_kernel_8x4_zvl256b_lmulmf8_unroll8_i8i32",8x4,256b,mf8,8,INT8_RVV,0-7,8,8,1024,1024,1024,32,5,OK,0,NONE,0.092773542,GOPS,23.147587,parallel_tiles_including_required_packing,DISABLED,0,0,"0:cpu0:tiles4;1:cpu1:tiles4;2:cpu2:tiles4;3:cpu3:tiles4;4:cpu4:tiles4;5:cpu5:tiles4;6:cpu6:tiles4;7:cpu7:tiles4","NA",static,0,"NA","NA","/home/bananapi/MAT/kernels riscv rvv 1.0/FINAL/riscv-rvv-ime-gemm-microkernels-updated/HETEROGENEOUS_RVV_IME_OPENMP_GEMM/results/openmp_results_k1-rvv_1024_20260904_123239/raw_logs/GEMM_RVV_FP32_INT8_8x4_Baseline_RVV_IGEMM_INT8_I8I32_8x4_igemm_kernel_8x4_zvl256b_lmulmf8_unroll8_i8i32_run5.log",NA,NA,NA,NA,NA,NA,NA
k1_kernel_tuning,RVV,tile_N,32,2026-09-04T12:44:48,k1-rvv,"GEMM_RVV_FP32_INT8_8x4_Baseline","RVV_IGEMM_INT8_I8I32_8x4","igemm_kernel_8x4_zvl256b_lmulmf8_unroll8_i8i32",8x4,256b,mf8,8,INT8_RVV,0-7,8,8,1024,1024,1024,32,6,OK,0,NONE,0.092146002,GOPS,23.305229,parallel_tiles_including_required_packing,DISABLED,0,0,"0:cpu0:tiles4;1:cpu1:tiles4;2:cpu2:tiles4;3:cpu3:tiles4;4:cpu4:tiles4;5:cpu5:tiles4;6:cpu6:tiles4;7:cpu7:tiles4","NA",static,0,"NA","NA","/home/bananapi/MAT/kernels riscv rvv 1.0/FINAL/riscv-rvv-ime-gemm-microkernels-updated/HETEROGENEOUS_RVV_IME_OPENMP_GEMM/results/openmp_results_k1-rvv_1024_20260904_123239/raw_logs/GEMM_RVV_FP32_INT8_8x4_Baseline_RVV_IGEMM_INT8_I8I32_8x4_igemm_kernel_8x4_zvl256b_lmulmf8_unroll8_i8i32_run6.log",NA,NA,NA,NA,NA,NA,NA
k1_kernel_tuning,RVV,tile_N,32,2026-09-04T12:45:28,k1-rvv,"GEMM_RVV_FP32_INT8_8x8_Baseline","RVV_IGEMM_INT8_I8I32_8x8","igemm_kernel_8x8_zvl256b_lmul1_unroll1_i8i32",8x8,256b,1,1,INT8_RVV,0-7,8,8,1024,1024,1024,32,1,OK,0,NONE,0.172246583,GOPS,12.467496,parallel_tiles_including_required_packing,INDEPENDENT_INT64_REFERENCE_EXACT_INT32,0,0,"0:cpu0:tiles4;1:cpu1:tiles4;2:cpu2:tiles4;3:cpu3:tiles4;4:cpu4:tiles4;5:cpu5:tiles4;6:cpu6:tiles4;7:cpu7:tiles4","NA",static,0,"NA","NA","/home/bananapi/MAT/kernels riscv rvv 1.0/FINAL/riscv-rvv-ime-gemm-microkernels-updated/HETEROGENEOUS_RVV_IME_OPENMP_GEMM/results/openmp_results_k1-rvv_1024_20260904_123239/raw_logs/GEMM_RVV_FP32_INT8_8x8_Baseline_RVV_IGEMM_INT8_I8I32_8x8_igemm_kernel_8x8_zvl256b_lmul1_unroll1_i8i32_run1.log",NA,NA,NA,NA,NA,NA,NA
k1_kernel_tuning,RVV,tile_N,32,2026-09-04T12:45:28,k1-rvv,"GEMM_RVV_FP32_INT8_8x8_Baseline","RVV_IGEMM_INT8_I8I32_8x8","igemm_kernel_8x8_zvl256b_lmul1_unroll1_i8i32",8x8,256b,1,1,INT8_RVV,0-7,8,8,1024,1024,1024,32,2,OK,0,NONE,0.172549915,GOPS,12.445579,parallel_tiles_including_required_packing,DISABLED,0,0,"0:cpu0:tiles4;1:cpu1:tiles4;2:cpu2:tiles4;3:cpu3:tiles4;4:cpu4:tiles4;5:cpu5:tiles4;6:cpu6:tiles4;7:cpu7:tiles4","NA",static,0,"NA","NA","/home/bananapi/MAT/kernels riscv rvv 1.0/FINAL/riscv-rvv-ime-gemm-microkernels-updated/HETEROGENEOUS_RVV_IME_OPENMP_GEMM/results/openmp_results_k1-rvv_1024_20260904_123239/raw_logs/GEMM_RVV_FP32_INT8_8x8_Baseline_RVV_IGEMM_INT8_I8I32_8x8_igemm_kernel_8x8_zvl256b_lmul1_unroll1_i8i32_run2.log",NA,NA,NA,NA,NA,NA,NA
k1_kernel_tuning,RVV,tile_N,32,2026-09-04T12:45:29,k1-rvv,"GEMM_RVV_FP32_INT8_8x8_Baseline","RVV_IGEMM_INT8_I8I32_8x8","igemm_kernel_8x8_zvl256b_lmul1_unroll1_i8i32",8x8,256b,1,1,INT8_RVV,0-7,8,8,1024,1024,1024,32,3,OK,0,NONE,0.170005877,GOPS,12.631820,parallel_tiles_including_required_packing,DISABLED,0,0,"0:cpu0:tiles4;1:cpu1:tiles4;2:cpu2:tiles4;3:cpu3:tiles4;4:cpu4:tiles4;5:cpu5:tiles4;6:cpu6:tiles4;7:cpu7:tiles4","NA",static,0,"NA","NA","/home/bananapi/MAT/kernels riscv rvv 1.0/FINAL/riscv-rvv-ime-gemm-microkernels-updated/HETEROGENEOUS_RVV_IME_OPENMP_GEMM/results/openmp_results_k1-rvv_1024_20260904_123239/raw_logs/GEMM_RVV_FP32_INT8_8x8_Baseline_RVV_IGEMM_INT8_I8I32_8x8_igemm_kernel_8x8_zvl256b_lmul1_unroll1_i8i32_run3.log",NA,NA,NA,NA,NA,NA,NA
k1_kernel_tuning,RVV,tile_N,32,2026-09-04T12:45:30,k1-rvv,"GEMM_RVV_FP32_INT8_8x8_Baseline","RVV_IGEMM_INT8_I8I32_8x8","igemm_kernel_8x8_zvl256b_lmul1_unroll1_i8i32",8x8,256b,1,1,INT8_RVV,0-7,8,8,1024,1024,1024,32,4,OK,0,NONE,0.173102207,GOPS,12.405871,parallel_tiles_including_required_packing,DISABLED,0,0,"0:cpu0:tiles4;1:cpu1:tiles4;2:cpu2:tiles4;3:cpu3:tiles4;4:cpu4:tiles4;5:cpu5:tiles4;6:cpu6:tiles4;7:cpu7:tiles4","NA",static,0,"NA","NA","/home/bananapi/MAT/kernels riscv rvv 1.0/FINAL/riscv-rvv-ime-gemm-microkernels-updated/HETEROGENEOUS_RVV_IME_OPENMP_GEMM/results/openmp_results_k1-rvv_1024_20260904_123239/raw_logs/GEMM_RVV_FP32_INT8_8x8_Baseline_RVV_IGEMM_INT8_I8I32_8x8_igemm_kernel_8x8_zvl256b_lmul1_unroll1_i8i32_run4.log",NA,NA,NA,NA,NA,NA,NA
k1_kernel_tuning,RVV,tile_N,32,2026-09-04T12:45:30,k1-rvv,"GEMM_RVV_FP32_INT8_8x8_Baseline","RVV_IGEMM_INT8_I8I32_8x8","igemm_kernel_8x8_zvl256b_lmul1_unroll1_i8i32",8x8,256b,1,1,INT8_RVV,0-7,8,8,1024,1024,1024,32,5,OK,0,NONE,0.173997667,GOPS,12.342026,parallel_tiles_including_required_packing,DISABLED,0,0,"0:cpu0:tiles4;1:cpu1:tiles4;2:cpu2:tiles4;3:cpu3:tiles4;4:cpu4:tiles4;5:cpu5:tiles4;6:cpu6:tiles4;7:cpu7:tiles4","NA",static,0,"NA","NA","/home/bananapi/MAT/kernels riscv rvv 1.0/FINAL/riscv-rvv-ime-gemm-microkernels-updated/HETEROGENEOUS_RVV_IME_OPENMP_GEMM/results/openmp_results_k1-rvv_1024_20260904_123239/raw_logs/GEMM_RVV_FP32_INT8_8x8_Baseline_RVV_IGEMM_INT8_I8I32_8x8_igemm_kernel_8x8_zvl256b_lmul1_unroll1_i8i32_run5.log",NA,NA,NA,NA,NA,NA,NA
k1_kernel_tuning,RVV,tile_N,32,2026-09-04T12:45:31,k1-rvv,"GEMM_RVV_FP32_INT8_8x8_Baseline","RVV_IGEMM_INT8_I8I32_8x8","igemm_kernel_8x8_zvl256b_lmul1_unroll1_i8i32",8x8,256b,1,1,INT8_RVV,0-7,8,8,1024,1024,1024,32,6,OK,0,NONE,0.171730917,GOPS,12.504933,parallel_tiles_including_required_packing,DISABLED,0,0,"0:cpu0:tiles4;1:cpu1:tiles4;2:cpu2:tiles4;3:cpu3:tiles4;4:cpu4:tiles4;5:cpu5:tiles4;6:cpu6:tiles4;7:cpu7:tiles4","NA",static,0,"NA","NA","/home/bananapi/MAT/kernels riscv rvv 1.0/FINAL/riscv-rvv-ime-gemm-microkernels-updated/HETEROGENEOUS_RVV_IME_OPENMP_GEMM/results/openmp_results_k1-rvv_1024_20260904_123239/raw_logs/GEMM_RVV_FP32_INT8_8x8_Baseline_RVV_IGEMM_INT8_I8I32_8x8_igemm_kernel_8x8_zvl256b_lmul1_unroll1_i8i32_run6.log",NA,NA,NA,NA,NA,NA,NA
k1_kernel_tuning,RVV,tile_N,32,2026-09-04T12:46:10,k1-rvv,"GEMM_RVV_FP32_INT8_8x8_Baseline","RVV_IGEMM_INT8_I8I32_8x8","igemm_kernel_8x8_zvl256b_lmul1_unroll2_i8i32",8x8,256b,1,2,INT8_RVV,0-7,8,8,1024,1024,1024,32,1,OK,0,NONE,0.192578208,GOPS,11.151229,parallel_tiles_including_required_packing,INDEPENDENT_INT64_REFERENCE_EXACT_INT32,0,0,"0:cpu0:tiles4;1:cpu1:tiles4;2:cpu2:tiles4;3:cpu3:tiles4;4:cpu4:tiles4;5:cpu5:tiles4;6:cpu6:tiles4;7:cpu7:tiles4","NA",static,0,"NA","NA","/home/bananapi/MAT/kernels riscv rvv 1.0/FINAL/riscv-rvv-ime-gemm-microkernels-updated/HETEROGENEOUS_RVV_IME_OPENMP_GEMM/results/openmp_results_k1-rvv_1024_20260904_123239/raw_logs/GEMM_RVV_FP32_INT8_8x8_Baseline_RVV_IGEMM_INT8_I8I32_8x8_igemm_kernel_8x8_zvl256b_lmul1_unroll2_i8i32_run1.log",NA,NA,NA,NA,NA,NA,NA
k1_kernel_tuning,RVV,tile_N,32,2026-09-04T12:46:11,k1-rvv,"GEMM_RVV_FP32_INT8_8x8_Baseline","RVV_IGEMM_INT8_I8I32_8x8","igemm_kernel_8x8_zvl256b_lmul1_unroll2_i8i32",8x8,256b,1,2,INT8_RVV,0-7,8,8,1024,1024,1024,32,2,OK,0,NONE,0.190576002,GOPS,11.268384,parallel_tiles_including_required_packing,DISABLED,0,0,"0:cpu0:tiles4;1:cpu1:tiles4;2:cpu2:tiles4;3:cpu3:tiles4;4:cpu4:tiles4;5:cpu5:tiles4;6:cpu6:tiles4;7:cpu7:tiles4","NA",static,0,"NA","NA","/home/bananapi/MAT/kernels riscv rvv 1.0/FINAL/riscv-rvv-ime-gemm-microkernels-updated/HETEROGENEOUS_RVV_IME_OPENMP_GEMM/results/openmp_results_k1-rvv_1024_20260904_123239/raw_logs/GEMM_RVV_FP32_INT8_8x8_Baseline_RVV_IGEMM_INT8_I8I32_8x8_igemm_kernel_8x8_zvl256b_lmul1_unroll2_i8i32_run2.log",NA,NA,NA,NA,NA,NA,NA
k1_kernel_tuning,RVV,tile_N,32,2026-09-04T12:46:12,k1-rvv,"GEMM_RVV_FP32_INT8_8x8_Baseline","RVV_IGEMM_INT8_I8I32_8x8","igemm_kernel_8x8_zvl256b_lmul1_unroll2_i8i32",8x8,256b,1,2,INT8_RVV,0-7,8,8,1024,1024,1024,32,3,OK,0,NONE,0.190170333,GOPS,11.292422,parallel_tiles_including_required_packing,DISABLED,0,0,"0:cpu0:tiles4;1:cpu1:tiles4;2:cpu2:tiles4;3:cpu3:tiles4;4:cpu4:tiles4;5:cpu5:tiles4;6:cpu6:tiles4;7:cpu7:tiles4","NA",static,0,"NA","NA","/home/bananapi/MAT/kernels riscv rvv 1.0/FINAL/riscv-rvv-ime-gemm-microkernels-updated/HETEROGENEOUS_RVV_IME_OPENMP_GEMM/results/openmp_results_k1-rvv_1024_20260904_123239/raw_logs/GEMM_RVV_FP32_INT8_8x8_Baseline_RVV_IGEMM_INT8_I8I32_8x8_igemm_kernel_8x8_zvl256b_lmul1_unroll2_i8i32_run3.log",NA,NA,NA,NA,NA,NA,NA
k1_kernel_tuning,RVV,tile_N,32,2026-09-04T12:46:13,k1-rvv,"GEMM_RVV_FP32_INT8_8x8_Baseline","RVV_IGEMM_INT8_I8I32_8x8","igemm_kernel_8x8_zvl256b_lmul1_unroll2_i8i32",8x8,256b,1,2,INT8_RVV,0-7,8,8,1024,1024,1024,32,4,OK,0,NONE,0.191890210,GOPS,11.191210,parallel_tiles_including_required_packing,DISABLED,0,0,"0:cpu0:tiles4;1:cpu1:tiles4;2:cpu2:tiles4;3:cpu3:tiles4;4:cpu4:tiles4;5:cpu5:tiles4;6:cpu6:tiles4;7:cpu7:tiles4","NA",static,0,"NA","NA","/home/bananapi/MAT/kernels riscv rvv 1.0/FINAL/riscv-rvv-ime-gemm-microkernels-updated/HETEROGENEOUS_RVV_IME_OPENMP_GEMM/results/openmp_results_k1-rvv_1024_20260904_123239/raw_logs/GEMM_RVV_FP32_INT8_8x8_Baseline_RVV_IGEMM_INT8_I8I32_8x8_igemm_kernel_8x8_zvl256b_lmul1_unroll2_i8i32_run4.log",NA,NA,NA,NA,NA,NA,NA
k1_kernel_tuning,RVV,tile_N,32,2026-09-04T12:46:13,k1-rvv,"GEMM_RVV_FP32_INT8_8x8_Baseline","RVV_IGEMM_INT8_I8I32_8x8","igemm_kernel_8x8_zvl256b_lmul1_unroll2_i8i32",8x8,256b,1,2,INT8_RVV,0-7,8,8,1024,1024,1024,32,5,OK,0,NONE,0.188921832,GOPS,11.367049,parallel_tiles_including_required_packing,DISABLED,0,0,"0:cpu0:tiles4;1:cpu1:tiles4;2:cpu2:tiles4;3:cpu3:tiles4;4:cpu4:tiles4;5:cpu5:tiles4;6:cpu6:tiles4;7:cpu7:tiles4","NA",static,0,"NA","NA","/home/bananapi/MAT/kernels riscv rvv 1.0/FINAL/riscv-rvv-ime-gemm-microkernels-updated/HETEROGENEOUS_RVV_IME_OPENMP_GEMM/results/openmp_results_k1-rvv_1024_20260904_123239/raw_logs/GEMM_RVV_FP32_INT8_8x8_Baseline_RVV_IGEMM_INT8_I8I32_8x8_igemm_kernel_8x8_zvl256b_lmul1_unroll2_i8i32_run5.log",NA,NA,NA,NA,NA,NA,NA
k1_kernel_tuning,RVV,tile_N,32,2026-09-04T12:46:14,k1-rvv,"GEMM_RVV_FP32_INT8_8x8_Baseline","RVV_IGEMM_INT8_I8I32_8x8","igemm_kernel_8x8_zvl256b_lmul1_unroll2_i8i32",8x8,256b,1,2,INT8_RVV,0-7,8,8,1024,1024,1024,32,6,OK,0,NONE,0.190101288,GOPS,11.296523,parallel_tiles_including_required_packing,DISABLED,0,0,"0:cpu0:tiles4;1:cpu1:tiles4;2:cpu2:tiles4;3:cpu3:tiles4;4:cpu4:tiles4;5:cpu5:tiles4;6:cpu6:tiles4;7:cpu7:tiles4","NA",static,0,"NA","NA","/home/bananapi/MAT/kernels riscv rvv 1.0/FINAL/riscv-rvv-ime-gemm-microkernels-updated/HETEROGENEOUS_RVV_IME_OPENMP_GEMM/results/openmp_results_k1-rvv_1024_20260904_123239/raw_logs/GEMM_RVV_FP32_INT8_8x8_Baseline_RVV_IGEMM_INT8_I8I32_8x8_igemm_kernel_8x8_zvl256b_lmul1_unroll2_i8i32_run6.log",NA,NA,NA,NA,NA,NA,NA
k1_kernel_tuning,RVV,tile_N,32,2026-09-04T12:46:46,k1-rvv,"GEMM_RVV_FP32_INT8_8x8_Baseline","RVV_IGEMM_INT8_I8I32_8x8","igemm_kernel_8x8_zvl256b_lmul1_unroll4_i8i32",8x8,256b,1,4,INT8_RVV,0-7,8,8,1024,1024,1024,32,1,OK,0,NONE,0.197294708,GOPS,10.884649,parallel_tiles_including_required_packing,INDEPENDENT_INT64_REFERENCE_EXACT_INT32,0,0,"0:cpu0:tiles4;1:cpu1:tiles4;2:cpu2:tiles4;3:cpu3:tiles4;4:cpu4:tiles4;5:cpu5:tiles4;6:cpu6:tiles4;7:cpu7:tiles4","NA",static,0,"NA","NA","/home/bananapi/MAT/kernels riscv rvv 1.0/FINAL/riscv-rvv-ime-gemm-microkernels-updated/HETEROGENEOUS_RVV_IME_OPENMP_GEMM/results/openmp_results_k1-rvv_1024_20260904_123239/raw_logs/GEMM_RVV_FP32_INT8_8x8_Baseline_RVV_IGEMM_INT8_I8I32_8x8_igemm_kernel_8x8_zvl256b_lmul1_unroll4_i8i32_run1.log",NA,NA,NA,NA,NA,NA,NA
k1_kernel_tuning,RVV,tile_N,32,2026-09-04T12:46:47,k1-rvv,"GEMM_RVV_FP32_INT8_8x8_Baseline","RVV_IGEMM_INT8_I8I32_8x8","igemm_kernel_8x8_zvl256b_lmul1_unroll4_i8i32",8x8,256b,1,4,INT8_RVV,0-7,8,8,1024,1024,1024,32,2,OK,0,NONE,0.205183920,GOPS,10.466140,parallel_tiles_including_required_packing,DISABLED,0,0,"0:cpu0:tiles4;1:cpu1:tiles4;2:cpu2:tiles4;3:cpu3:tiles4;4:cpu4:tiles4;5:cpu5:tiles4;6:cpu6:tiles4;7:cpu7:tiles4","NA",static,0,"NA","NA","/home/bananapi/MAT/kernels riscv rvv 1.0/FINAL/riscv-rvv-ime-gemm-microkernels-updated/HETEROGENEOUS_RVV_IME_OPENMP_GEMM/results/openmp_results_k1-rvv_1024_20260904_123239/raw_logs/GEMM_RVV_FP32_INT8_8x8_Baseline_RVV_IGEMM_INT8_I8I32_8x8_igemm_kernel_8x8_zvl256b_lmul1_unroll4_i8i32_run2.log",NA,NA,NA,NA,NA,NA,NA
k1_kernel_tuning,RVV,tile_N,32,2026-09-04T12:46:48,k1-rvv,"GEMM_RVV_FP32_INT8_8x8_Baseline","RVV_IGEMM_INT8_I8I32_8x8","igemm_kernel_8x8_zvl256b_lmul1_unroll4_i8i32",8x8,256b,1,4,INT8_RVV,0-7,8,8,1024,1024,1024,32,3,OK,0,NONE,0.212704957,GOPS,10.096068,parallel_tiles_including_required_packing,DISABLED,0,0,"0:cpu0:tiles4;1:cpu1:tiles4;2:cpu2:tiles4;3:cpu3:tiles4;4:cpu4:tiles4;5:cpu5:tiles4;6:cpu6:tiles4;7:cpu7:tiles4","NA",static,0,"NA","NA","/home/bananapi/MAT/kernels riscv rvv 1.0/FINAL/riscv-rvv-ime-gemm-microkernels-updated/HETEROGENEOUS_RVV_IME_OPENMP_GEMM/results/openmp_results_k1-rvv_1024_20260904_123239/raw_logs/GEMM_RVV_FP32_INT8_8x8_Baseline_RVV_IGEMM_INT8_I8I32_8x8_igemm_kernel_8x8_zvl256b_lmul1_unroll4_i8i32_run3.log",NA,NA,NA,NA,NA,NA,NA
k1_kernel_tuning,RVV,tile_N,32,2026-09-04T12:46:48,k1-rvv,"GEMM_RVV_FP32_INT8_8x8_Baseline","RVV_IGEMM_INT8_I8I32_8x8","igemm_kernel_8x8_zvl256b_lmul1_unroll4_i8i32",8x8,256b,1,4,INT8_RVV,0-7,8,8,1024,1024,1024,32,4,OK,0,NONE,0.189702418,GOPS,11.320276,parallel_tiles_including_required_packing,DISABLED,0,0,"0:cpu0:tiles4;1:cpu1:tiles4;2:cpu2:tiles4;3:cpu3:tiles4;4:cpu4:tiles4;5:cpu5:tiles4;6:cpu6:tiles4;7:cpu7:tiles4","NA",static,0,"NA","NA","/home/bananapi/MAT/kernels riscv rvv 1.0/FINAL/riscv-rvv-ime-gemm-microkernels-updated/HETEROGENEOUS_RVV_IME_OPENMP_GEMM/results/openmp_results_k1-rvv_1024_20260904_123239/raw_logs/GEMM_RVV_FP32_INT8_8x8_Baseline_RVV_IGEMM_INT8_I8I32_8x8_igemm_kernel_8x8_zvl256b_lmul1_unroll4_i8i32_run4.log",NA,NA,NA,NA,NA,NA,NA
k1_kernel_tuning,RVV,tile_N,32,2026-09-04T12:46:49,k1-rvv,"GEMM_RVV_FP32_INT8_8x8_Baseline","RVV_IGEMM_INT8_I8I32_8x8","igemm_kernel_8x8_zvl256b_lmul1_unroll4_i8i32",8x8,256b,1,4,INT8_RVV,0-7,8,8,1024,1024,1024,32,5,OK,0,NONE,0.192699376,GOPS,11.144217,parallel_tiles_including_required_packing,DISABLED,0,0,"0:cpu0:tiles4;1:cpu1:tiles4;2:cpu2:tiles4;3:cpu3:tiles4;4:cpu4:tiles4;5:cpu5:tiles4;6:cpu6:tiles4;7:cpu7:tiles4","NA",static,0,"NA","NA","/home/bananapi/MAT/kernels riscv rvv 1.0/FINAL/riscv-rvv-ime-gemm-microkernels-updated/HETEROGENEOUS_RVV_IME_OPENMP_GEMM/results/openmp_results_k1-rvv_1024_20260904_123239/raw_logs/GEMM_RVV_FP32_INT8_8x8_Baseline_RVV_IGEMM_INT8_I8I32_8x8_igemm_kernel_8x8_zvl256b_lmul1_unroll4_i8i32_run5.log",NA,NA,NA,NA,NA,NA,NA
k1_kernel_tuning,RVV,tile_N,32,2026-09-04T12:46:50,k1-rvv,"GEMM_RVV_FP32_INT8_8x8_Baseline","RVV_IGEMM_INT8_I8I32_8x8","igemm_kernel_8x8_zvl256b_lmul1_unroll4_i8i32",8x8,256b,1,4,INT8_RVV,0-7,8,8,1024,1024,1024,32,6,OK,0,NONE,0.190941919,GOPS,11.246790,parallel_tiles_including_required_packing,DISABLED,0,0,"0:cpu0:tiles4;1:cpu1:tiles4;2:cpu2:tiles4;3:cpu3:tiles4;4:cpu4:tiles4;5:cpu5:tiles4;6:cpu6:tiles4;7:cpu7:tiles4","NA",static,0,"NA","NA","/home/bananapi/MAT/kernels riscv rvv 1.0/FINAL/riscv-rvv-ime-gemm-microkernels-updated/HETEROGENEOUS_RVV_IME_OPENMP_GEMM/results/openmp_results_k1-rvv_1024_20260904_123239/raw_logs/GEMM_RVV_FP32_INT8_8x8_Baseline_RVV_IGEMM_INT8_I8I32_8x8_igemm_kernel_8x8_zvl256b_lmul1_unroll4_i8i32_run6.log",NA,NA,NA,NA,NA,NA,NA
k1_kernel_tuning,RVV,tile_N,32,2026-09-04T12:47:30,k1-rvv,"GEMM_RVV_FP32_INT8_8x8_Baseline","RVV_IGEMM_INT8_I8I32_8x8","igemm_kernel_8x8_zvl256b_lmul1_unroll8_i8i32",8x8,256b,1,8,INT8_RVV,0-7,8,8,1024,1024,1024,32,1,OK,0,NONE,0.180152249,GOPS,11.920382,parallel_tiles_including_required_packing,INDEPENDENT_INT64_REFERENCE_EXACT_INT32,0,0,"0:cpu0:tiles4;1:cpu1:tiles4;2:cpu2:tiles4;3:cpu3:tiles4;4:cpu4:tiles4;5:cpu5:tiles4;6:cpu6:tiles4;7:cpu7:tiles4","NA",static,0,"NA","NA","/home/bananapi/MAT/kernels riscv rvv 1.0/FINAL/riscv-rvv-ime-gemm-microkernels-updated/HETEROGENEOUS_RVV_IME_OPENMP_GEMM/results/openmp_results_k1-rvv_1024_20260904_123239/raw_logs/GEMM_RVV_FP32_INT8_8x8_Baseline_RVV_IGEMM_INT8_I8I32_8x8_igemm_kernel_8x8_zvl256b_lmul1_unroll8_i8i32_run1.log",NA,NA,NA,NA,NA,NA,NA
k1_kernel_tuning,RVV,tile_N,32,2026-09-04T12:47:31,k1-rvv,"GEMM_RVV_FP32_INT8_8x8_Baseline","RVV_IGEMM_INT8_I8I32_8x8","igemm_kernel_8x8_zvl256b_lmul1_unroll8_i8i32",8x8,256b,1,8,INT8_RVV,0-7,8,8,1024,1024,1024,32,2,OK,0,NONE,0.180192292,GOPS,11.917733,parallel_tiles_including_required_packing,DISABLED,0,0,"0:cpu0:tiles4;1:cpu1:tiles4;2:cpu2:tiles4;3:cpu3:tiles4;4:cpu4:tiles4;5:cpu5:tiles4;6:cpu6:tiles4;7:cpu7:tiles4","NA",static,0,"NA","NA","/home/bananapi/MAT/kernels riscv rvv 1.0/FINAL/riscv-rvv-ime-gemm-microkernels-updated/HETEROGENEOUS_RVV_IME_OPENMP_GEMM/results/openmp_results_k1-rvv_1024_20260904_123239/raw_logs/GEMM_RVV_FP32_INT8_8x8_Baseline_RVV_IGEMM_INT8_I8I32_8x8_igemm_kernel_8x8_zvl256b_lmul1_unroll8_i8i32_run2.log",NA,NA,NA,NA,NA,NA,NA
k1_kernel_tuning,RVV,tile_N,32,2026-09-04T12:47:32,k1-rvv,"GEMM_RVV_FP32_INT8_8x8_Baseline","RVV_IGEMM_INT8_I8I32_8x8","igemm_kernel_8x8_zvl256b_lmul1_unroll8_i8i32",8x8,256b,1,8,INT8_RVV,0-7,8,8,1024,1024,1024,32,3,OK,0,NONE,0.185125001,GOPS,11.600182,parallel_tiles_including_required_packing,DISABLED,0,0,"0:cpu0:tiles4;1:cpu1:tiles4;2:cpu2:tiles4;3:cpu3:tiles4;4:cpu4:tiles4;5:cpu5:tiles4;6:cpu6:tiles4;7:cpu7:tiles4","NA",static,0,"NA","NA","/home/bananapi/MAT/kernels riscv rvv 1.0/FINAL/riscv-rvv-ime-gemm-microkernels-updated/HETEROGENEOUS_RVV_IME_OPENMP_GEMM/results/openmp_results_k1-rvv_1024_20260904_123239/raw_logs/GEMM_RVV_FP32_INT8_8x8_Baseline_RVV_IGEMM_INT8_I8I32_8x8_igemm_kernel_8x8_zvl256b_lmul1_unroll8_i8i32_run3.log",NA,NA,NA,NA,NA,NA,NA
k1_kernel_tuning,RVV,tile_N,32,2026-09-04T12:47:32,k1-rvv,"GEMM_RVV_FP32_INT8_8x8_Baseline","RVV_IGEMM_INT8_I8I32_8x8","igemm_kernel_8x8_zvl256b_lmul1_unroll8_i8i32",8x8,256b,1,8,INT8_RVV,0-7,8,8,1024,1024,1024,32,4,OK,0,NONE,0.186214544,GOPS,11.532309,parallel_tiles_including_required_packing,DISABLED,0,0,"0:cpu0:tiles4;1:cpu1:tiles4;2:cpu2:tiles4;3:cpu3:tiles4;4:cpu4:tiles4;5:cpu5:tiles4;6:cpu6:tiles4;7:cpu7:tiles4","NA",static,0,"NA","NA","/home/bananapi/MAT/kernels riscv rvv 1.0/FINAL/riscv-rvv-ime-gemm-microkernels-updated/HETEROGENEOUS_RVV_IME_OPENMP_GEMM/results/openmp_results_k1-rvv_1024_20260904_123239/raw_logs/GEMM_RVV_FP32_INT8_8x8_Baseline_RVV_IGEMM_INT8_I8I32_8x8_igemm_kernel_8x8_zvl256b_lmul1_unroll8_i8i32_run4.log",NA,NA,NA,NA,NA,NA,NA
k1_kernel_tuning,RVV,tile_N,32,2026-09-04T12:47:33,k1-rvv,"GEMM_RVV_FP32_INT8_8x8_Baseline","RVV_IGEMM_INT8_I8I32_8x8","igemm_kernel_8x8_zvl256b_lmul1_unroll8_i8i32",8x8,256b,1,8,INT8_RVV,0-7,8,8,1024,1024,1024,32,5,OK,0,NONE,0.186399043,GOPS,11.520894,parallel_tiles_including_required_packing,DISABLED,0,0,"0:cpu0:tiles4;1:cpu1:tiles4;2:cpu2:tiles4;3:cpu3:tiles4;4:cpu4:tiles4;5:cpu5:tiles4;6:cpu6:tiles4;7:cpu7:tiles4","NA",static,0,"NA","NA","/home/bananapi/MAT/kernels riscv rvv 1.0/FINAL/riscv-rvv-ime-gemm-microkernels-updated/HETEROGENEOUS_RVV_IME_OPENMP_GEMM/results/openmp_results_k1-rvv_1024_20260904_123239/raw_logs/GEMM_RVV_FP32_INT8_8x8_Baseline_RVV_IGEMM_INT8_I8I32_8x8_igemm_kernel_8x8_zvl256b_lmul1_unroll8_i8i32_run5.log",NA,NA,NA,NA,NA,NA,NA
k1_kernel_tuning,RVV,tile_N,32,2026-09-04T12:47:34,k1-rvv,"GEMM_RVV_FP32_INT8_8x8_Baseline","RVV_IGEMM_INT8_I8I32_8x8","igemm_kernel_8x8_zvl256b_lmul1_unroll8_i8i32",8x8,256b,1,8,INT8_RVV,0-7,8,8,1024,1024,1024,32,6,OK,0,NONE,0.184613500,GOPS,11.632322,parallel_tiles_including_required_packing,DISABLED,0,0,"0:cpu0:tiles4;1:cpu1:tiles4;2:cpu2:tiles4;3:cpu3:tiles4;4:cpu4:tiles4;5:cpu5:tiles4;6:cpu6:tiles4;7:cpu7:tiles4","NA",static,0,"NA","NA","/home/bananapi/MAT/kernels riscv rvv 1.0/FINAL/riscv-rvv-ime-gemm-microkernels-updated/HETEROGENEOUS_RVV_IME_OPENMP_GEMM/results/openmp_results_k1-rvv_1024_20260904_123239/raw_logs/GEMM_RVV_FP32_INT8_8x8_Baseline_RVV_IGEMM_INT8_I8I32_8x8_igemm_kernel_8x8_zvl256b_lmul1_unroll8_i8i32_run6.log",NA,NA,NA,NA,NA,NA,NA
k1_kernel_tuning,RVV,tile_N,32,2026-09-04T12:48:13,k1-rvv,"GEMM_RVV_FP32_INT8_8x8_Baseline","RVV_IGEMM_INT8_I8I32_8x8","igemm_kernel_8x8_zvl256b_lmul2_unroll1_i8i32",8x8,256b,2,1,INT8_RVV,0-7,8,8,1024,1024,1024,32,1,OK,0,NONE,0.563900001,GOPS,3.808270,parallel_tiles_including_required_packing,INDEPENDENT_INT64_REFERENCE_EXACT_INT32,0,0,"0:cpu0:tiles4;1:cpu1:tiles4;2:cpu2:tiles4;3:cpu3:tiles4;4:cpu4:tiles4;5:cpu5:tiles4;6:cpu6:tiles4;7:cpu7:tiles4","NA",static,0,"NA","NA","/home/bananapi/MAT/kernels riscv rvv 1.0/FINAL/riscv-rvv-ime-gemm-microkernels-updated/HETEROGENEOUS_RVV_IME_OPENMP_GEMM/results/openmp_results_k1-rvv_1024_20260904_123239/raw_logs/GEMM_RVV_FP32_INT8_8x8_Baseline_RVV_IGEMM_INT8_I8I32_8x8_igemm_kernel_8x8_zvl256b_lmul2_unroll1_i8i32_run1.log",NA,NA,NA,NA,NA,NA,NA
k1_kernel_tuning,RVV,tile_N,32,2026-09-04T12:48:15,k1-rvv,"GEMM_RVV_FP32_INT8_8x8_Baseline","RVV_IGEMM_INT8_I8I32_8x8","igemm_kernel_8x8_zvl256b_lmul2_unroll1_i8i32",8x8,256b,2,1,INT8_RVV,0-7,8,8,1024,1024,1024,32,2,OK,0,NONE,0.553110708,GOPS,3.882557,parallel_tiles_including_required_packing,DISABLED,0,0,"0:cpu0:tiles4;1:cpu1:tiles4;2:cpu2:tiles4;3:cpu3:tiles4;4:cpu4:tiles4;5:cpu5:tiles4;6:cpu6:tiles4;7:cpu7:tiles4","NA",static,0,"NA","NA","/home/bananapi/MAT/kernels riscv rvv 1.0/FINAL/riscv-rvv-ime-gemm-microkernels-updated/HETEROGENEOUS_RVV_IME_OPENMP_GEMM/results/openmp_results_k1-rvv_1024_20260904_123239/raw_logs/GEMM_RVV_FP32_INT8_8x8_Baseline_RVV_IGEMM_INT8_I8I32_8x8_igemm_kernel_8x8_zvl256b_lmul2_unroll1_i8i32_run2.log",NA,NA,NA,NA,NA,NA,NA
k1_kernel_tuning,RVV,tile_N,32,2026-09-04T12:48:16,k1-rvv,"GEMM_RVV_FP32_INT8_8x8_Baseline","RVV_IGEMM_INT8_I8I32_8x8","igemm_kernel_8x8_zvl256b_lmul2_unroll1_i8i32",8x8,256b,2,1,INT8_RVV,0-7,8,8,1024,1024,1024,32,3,OK,0,NONE,0.560040832,GOPS,3.834513,parallel_tiles_including_required_packing,DISABLED,0,0,"0:cpu0:tiles4;1:cpu1:tiles4;2:cpu2:tiles4;3:cpu3:tiles4;4:cpu4:tiles4;5:cpu5:tiles4;6:cpu6:tiles4;7:cpu7:tiles4","NA",static,0,"NA","NA","/home/bananapi/MAT/kernels riscv rvv 1.0/FINAL/riscv-rvv-ime-gemm-microkernels-updated/HETEROGENEOUS_RVV_IME_OPENMP_GEMM/results/openmp_results_k1-rvv_1024_20260904_123239/raw_logs/GEMM_RVV_FP32_INT8_8x8_Baseline_RVV_IGEMM_INT8_I8I32_8x8_igemm_kernel_8x8_zvl256b_lmul2_unroll1_i8i32_run3.log",NA,NA,NA,NA,NA,NA,NA
k1_kernel_tuning,RVV,tile_N,32,2026-09-04T12:48:18,k1-rvv,"GEMM_RVV_FP32_INT8_8x8_Baseline","RVV_IGEMM_INT8_I8I32_8x8","igemm_kernel_8x8_zvl256b_lmul2_unroll1_i8i32",8x8,256b,2,1,INT8_RVV,0-7,8,8,1024,1024,1024,32,4,OK,0,NONE,0.556033708,GOPS,3.862147,parallel_tiles_including_required_packing,DISABLED,0,0,"0:cpu0:tiles4;1:cpu1:tiles4;2:cpu2:tiles4;3:cpu3:tiles4;4:cpu4:tiles4;5:cpu5:tiles4;6:cpu6:tiles4;7:cpu7:tiles4","NA",static,0,"NA","NA","/home/bananapi/MAT/kernels riscv rvv 1.0/FINAL/riscv-rvv-ime-gemm-microkernels-updated/HETEROGENEOUS_RVV_IME_OPENMP_GEMM/results/openmp_results_k1-rvv_1024_20260904_123239/raw_logs/GEMM_RVV_FP32_INT8_8x8_Baseline_RVV_IGEMM_INT8_I8I32_8x8_igemm_kernel_8x8_zvl256b_lmul2_unroll1_i8i32_run4.log",NA,NA,NA,NA,NA,NA,NA
k1_kernel_tuning,RVV,tile_N,32,2026-09-04T12:48:19,k1-rvv,"GEMM_RVV_FP32_INT8_8x8_Baseline","RVV_IGEMM_INT8_I8I32_8x8","igemm_kernel_8x8_zvl256b_lmul2_unroll1_i8i32",8x8,256b,2,1,INT8_RVV,0-7,8,8,1024,1024,1024,32,5,OK,0,NONE,0.560302332,GOPS,3.832723,parallel_tiles_including_required_packing,DISABLED,0,0,"0:cpu0:tiles4;1:cpu1:tiles4;2:cpu2:tiles4;3:cpu3:tiles4;4:cpu4:tiles4;5:cpu5:tiles4;6:cpu6:tiles4;7:cpu7:tiles4","NA",static,0,"NA","NA","/home/bananapi/MAT/kernels riscv rvv 1.0/FINAL/riscv-rvv-ime-gemm-microkernels-updated/HETEROGENEOUS_RVV_IME_OPENMP_GEMM/results/openmp_results_k1-rvv_1024_20260904_123239/raw_logs/GEMM_RVV_FP32_INT8_8x8_Baseline_RVV_IGEMM_INT8_I8I32_8x8_igemm_kernel_8x8_zvl256b_lmul2_unroll1_i8i32_run5.log",NA,NA,NA,NA,NA,NA,NA
k1_kernel_tuning,RVV,tile_N,32,2026-09-04T12:48:20,k1-rvv,"GEMM_RVV_FP32_INT8_8x8_Baseline","RVV_IGEMM_INT8_I8I32_8x8","igemm_kernel_8x8_zvl256b_lmul2_unroll1_i8i32",8x8,256b,2,1,INT8_RVV,0-7,8,8,1024,1024,1024,32,6,OK,0,NONE,0.568542581,GOPS,3.777173,parallel_tiles_including_required_packing,DISABLED,0,0,"0:cpu0:tiles4;1:cpu1:tiles4;2:cpu2:tiles4;3:cpu3:tiles4;4:cpu4:tiles4;5:cpu5:tiles4;6:cpu6:tiles4;7:cpu7:tiles4","NA",static,0,"NA","NA","/home/bananapi/MAT/kernels riscv rvv 1.0/FINAL/riscv-rvv-ime-gemm-microkernels-updated/HETEROGENEOUS_RVV_IME_OPENMP_GEMM/results/openmp_results_k1-rvv_1024_20260904_123239/raw_logs/GEMM_RVV_FP32_INT8_8x8_Baseline_RVV_IGEMM_INT8_I8I32_8x8_igemm_kernel_8x8_zvl256b_lmul2_unroll1_i8i32_run6.log",NA,NA,NA,NA,NA,NA,NA
k1_kernel_tuning,RVV,tile_N,32,2026-09-04T12:49:00,k1-rvv,"GEMM_RVV_FP32_INT8_8x8_Baseline","RVV_IGEMM_INT8_I8I32_8x8","igemm_kernel_8x8_zvl256b_lmul2_unroll2_i8i32",8x8,256b,2,2,INT8_RVV,0-7,8,8,1024,1024,1024,32,1,OK,0,NONE,0.549400706,GOPS,3.908775,parallel_tiles_including_required_packing,INDEPENDENT_INT64_REFERENCE_EXACT_INT32,0,0,"0:cpu0:tiles4;1:cpu1:tiles4;2:cpu2:tiles4;3:cpu3:tiles4;4:cpu4:tiles4;5:cpu5:tiles4;6:cpu6:tiles4;7:cpu7:tiles4","NA",static,0,"NA","NA","/home/bananapi/MAT/kernels riscv rvv 1.0/FINAL/riscv-rvv-ime-gemm-microkernels-updated/HETEROGENEOUS_RVV_IME_OPENMP_GEMM/results/openmp_results_k1-rvv_1024_20260904_123239/raw_logs/GEMM_RVV_FP32_INT8_8x8_Baseline_RVV_IGEMM_INT8_I8I32_8x8_igemm_kernel_8x8_zvl256b_lmul2_unroll2_i8i32_run1.log",NA,NA,NA,NA,NA,NA,NA
k1_kernel_tuning,RVV,tile_N,32,2026-09-04T12:49:02,k1-rvv,"GEMM_RVV_FP32_INT8_8x8_Baseline","RVV_IGEMM_INT8_I8I32_8x8","igemm_kernel_8x8_zvl256b_lmul2_unroll2_i8i32",8x8,256b,2,2,INT8_RVV,0-7,8,8,1024,1024,1024,32,2,OK,0,NONE,0.556260709,GOPS,3.860570,parallel_tiles_including_required_packing,DISABLED,0,0,"0:cpu0:tiles4;1:cpu1:tiles4;2:cpu2:tiles4;3:cpu3:tiles4;4:cpu4:tiles4;5:cpu5:tiles4;6:cpu6:tiles4;7:cpu7:tiles4","NA",static,0,"NA","NA","/home/bananapi/MAT/kernels riscv rvv 1.0/FINAL/riscv-rvv-ime-gemm-microkernels-updated/HETEROGENEOUS_RVV_IME_OPENMP_GEMM/results/openmp_results_k1-rvv_1024_20260904_123239/raw_logs/GEMM_RVV_FP32_INT8_8x8_Baseline_RVV_IGEMM_INT8_I8I32_8x8_igemm_kernel_8x8_zvl256b_lmul2_unroll2_i8i32_run2.log",NA,NA,NA,NA,NA,NA,NA
k1_kernel_tuning,RVV,tile_N,32,2026-09-04T12:49:03,k1-rvv,"GEMM_RVV_FP32_INT8_8x8_Baseline","RVV_IGEMM_INT8_I8I32_8x8","igemm_kernel_8x8_zvl256b_lmul2_unroll2_i8i32",8x8,256b,2,2,INT8_RVV,0-7,8,8,1024,1024,1024,32,3,OK,0,NONE,0.554841917,GOPS,3.870442,parallel_tiles_including_required_packing,DISABLED,0,0,"0:cpu0:tiles4;1:cpu1:tiles4;2:cpu2:tiles4;3:cpu3:tiles4;4:cpu4:tiles4;5:cpu5:tiles4;6:cpu6:tiles4;7:cpu7:tiles4","NA",static,0,"NA","NA","/home/bananapi/MAT/kernels riscv rvv 1.0/FINAL/riscv-rvv-ime-gemm-microkernels-updated/HETEROGENEOUS_RVV_IME_OPENMP_GEMM/results/openmp_results_k1-rvv_1024_20260904_123239/raw_logs/GEMM_RVV_FP32_INT8_8x8_Baseline_RVV_IGEMM_INT8_I8I32_8x8_igemm_kernel_8x8_zvl256b_lmul2_unroll2_i8i32_run3.log",NA,NA,NA,NA,NA,NA,NA
k1_kernel_tuning,RVV,tile_N,32,2026-09-04T12:49:04,k1-rvv,"GEMM_RVV_FP32_INT8_8x8_Baseline","RVV_IGEMM_INT8_I8I32_8x8","igemm_kernel_8x8_zvl256b_lmul2_unroll2_i8i32",8x8,256b,2,2,INT8_RVV,0-7,8,8,1024,1024,1024,32,4,OK,0,NONE,0.549444500,GOPS,3.908463,parallel_tiles_including_required_packing,DISABLED,0,0,"0:cpu0:tiles4;1:cpu1:tiles4;2:cpu2:tiles4;3:cpu3:tiles4;4:cpu4:tiles4;5:cpu5:tiles4;6:cpu6:tiles4;7:cpu7:tiles4","NA",static,0,"NA","NA","/home/bananapi/MAT/kernels riscv rvv 1.0/FINAL/riscv-rvv-ime-gemm-microkernels-updated/HETEROGENEOUS_RVV_IME_OPENMP_GEMM/results/openmp_results_k1-rvv_1024_20260904_123239/raw_logs/GEMM_RVV_FP32_INT8_8x8_Baseline_RVV_IGEMM_INT8_I8I32_8x8_igemm_kernel_8x8_zvl256b_lmul2_unroll2_i8i32_run4.log",NA,NA,NA,NA,NA,NA,NA
k1_kernel_tuning,RVV,tile_N,32,2026-09-04T12:49:06,k1-rvv,"GEMM_RVV_FP32_INT8_8x8_Baseline","RVV_IGEMM_INT8_I8I32_8x8","igemm_kernel_8x8_zvl256b_lmul2_unroll2_i8i32",8x8,256b,2,2,INT8_RVV,0-7,8,8,1024,1024,1024,32,5,OK,0,NONE,0.556555748,GOPS,3.858524,parallel_tiles_including_required_packing,DISABLED,0,0,"0:cpu0:tiles4;1:cpu1:tiles4;2:cpu2:tiles4;3:cpu3:tiles4;4:cpu4:tiles4;5:cpu5:tiles4;6:cpu6:tiles4;7:cpu7:tiles4","NA",static,0,"NA","NA","/home/bananapi/MAT/kernels riscv rvv 1.0/FINAL/riscv-rvv-ime-gemm-microkernels-updated/HETEROGENEOUS_RVV_IME_OPENMP_GEMM/results/openmp_results_k1-rvv_1024_20260904_123239/raw_logs/GEMM_RVV_FP32_INT8_8x8_Baseline_RVV_IGEMM_INT8_I8I32_8x8_igemm_kernel_8x8_zvl256b_lmul2_unroll2_i8i32_run5.log",NA,NA,NA,NA,NA,NA,NA
k1_kernel_tuning,RVV,tile_N,32,2026-09-04T12:49:07,k1-rvv,"GEMM_RVV_FP32_INT8_8x8_Baseline","RVV_IGEMM_INT8_I8I32_8x8","igemm_kernel_8x8_zvl256b_lmul2_unroll2_i8i32",8x8,256b,2,2,INT8_RVV,0-7,8,8,1024,1024,1024,32,6,OK,0,NONE,0.555733334,GOPS,3.864234,parallel_tiles_including_required_packing,DISABLED,0,0,"0:cpu0:tiles4;1:cpu1:tiles4;2:cpu2:tiles4;3:cpu3:tiles4;4:cpu4:tiles4;5:cpu5:tiles4;6:cpu6:tiles4;7:cpu7:tiles4","NA",static,0,"NA","NA","/home/bananapi/MAT/kernels riscv rvv 1.0/FINAL/riscv-rvv-ime-gemm-microkernels-updated/HETEROGENEOUS_RVV_IME_OPENMP_GEMM/results/openmp_results_k1-rvv_1024_20260904_123239/raw_logs/GEMM_RVV_FP32_INT8_8x8_Baseline_RVV_IGEMM_INT8_I8I32_8x8_igemm_kernel_8x8_zvl256b_lmul2_unroll2_i8i32_run6.log",NA,NA,NA,NA,NA,NA,NA
k1_kernel_tuning,RVV,tile_N,32,2026-09-04T12:49:47,k1-rvv,"GEMM_RVV_FP32_INT8_8x8_Baseline","RVV_IGEMM_INT8_I8I32_8x8","igemm_kernel_8x8_zvl256b_lmul2_unroll4_i8i32",8x8,256b,2,4,INT8_RVV,0-7,8,8,1024,1024,1024,32,1,OK,0,NONE,0.644135166,GOPS,3.333902,parallel_tiles_including_required_packing,INDEPENDENT_INT64_REFERENCE_EXACT_INT32,0,0,"0:cpu0:tiles4;1:cpu1:tiles4;2:cpu2:tiles4;3:cpu3:tiles4;4:cpu4:tiles4;5:cpu5:tiles4;6:cpu6:tiles4;7:cpu7:tiles4","NA",static,0,"NA","NA","/home/bananapi/MAT/kernels riscv rvv 1.0/FINAL/riscv-rvv-ime-gemm-microkernels-updated/HETEROGENEOUS_RVV_IME_OPENMP_GEMM/results/openmp_results_k1-rvv_1024_20260904_123239/raw_logs/GEMM_RVV_FP32_INT8_8x8_Baseline_RVV_IGEMM_INT8_I8I32_8x8_igemm_kernel_8x8_zvl256b_lmul2_unroll4_i8i32_run1.log",NA,NA,NA,NA,NA,NA,NA
k1_kernel_tuning,RVV,tile_N,32,2026-09-04T12:49:49,k1-rvv,"GEMM_RVV_FP32_INT8_8x8_Baseline","RVV_IGEMM_INT8_I8I32_8x8","igemm_kernel_8x8_zvl256b_lmul2_unroll4_i8i32",8x8,256b,2,4,INT8_RVV,0-7,8,8,1024,1024,1024,32,2,OK,0,NONE,0.645827793,GOPS,3.325164,parallel_tiles_including_required_packing,DISABLED,0,0,"0:cpu0:tiles4;1:cpu1:tiles4;2:cpu2:tiles4;3:cpu3:tiles4;4:cpu4:tiles4;5:cpu5:tiles4;6:cpu6:tiles4;7:cpu7:tiles4","NA",static,0,"NA","NA","/home/bananapi/MAT/kernels riscv rvv 1.0/FINAL/riscv-rvv-ime-gemm-microkernels-updated/HETEROGENEOUS_RVV_IME_OPENMP_GEMM/results/openmp_results_k1-rvv_1024_20260904_123239/raw_logs/GEMM_RVV_FP32_INT8_8x8_Baseline_RVV_IGEMM_INT8_I8I32_8x8_igemm_kernel_8x8_zvl256b_lmul2_unroll4_i8i32_run2.log",NA,NA,NA,NA,NA,NA,NA
k1_kernel_tuning,RVV,tile_N,32,2026-09-04T12:49:50,k1-rvv,"GEMM_RVV_FP32_INT8_8x8_Baseline","RVV_IGEMM_INT8_I8I32_8x8","igemm_kernel_8x8_zvl256b_lmul2_unroll4_i8i32",8x8,256b,2,4,INT8_RVV,0-7,8,8,1024,1024,1024,32,3,OK,0,NONE,0.634552542,GOPS,3.384249,parallel_tiles_including_required_packing,DISABLED,0,0,"0:cpu0:tiles4;1:cpu1:tiles4;2:cpu2:tiles4;3:cpu3:tiles4;4:cpu4:tiles4;5:cpu5:tiles4;6:cpu6:tiles4;7:cpu7:tiles4","NA",static,0,"NA","NA","/home/bananapi/MAT/kernels riscv rvv 1.0/FINAL/riscv-rvv-ime-gemm-microkernels-updated/HETEROGENEOUS_RVV_IME_OPENMP_GEMM/results/openmp_results_k1-rvv_1024_20260904_123239/raw_logs/GEMM_RVV_FP32_INT8_8x8_Baseline_RVV_IGEMM_INT8_I8I32_8x8_igemm_kernel_8x8_zvl256b_lmul2_unroll4_i8i32_run3.log",NA,NA,NA,NA,NA,NA,NA
k1_kernel_tuning,RVV,tile_N,32,2026-09-04T12:49:52,k1-rvv,"GEMM_RVV_FP32_INT8_8x8_Baseline","RVV_IGEMM_INT8_I8I32_8x8","igemm_kernel_8x8_zvl256b_lmul2_unroll4_i8i32",8x8,256b,2,4,INT8_RVV,0-7,8,8,1024,1024,1024,32,4,OK,0,NONE,0.628780834,GOPS,3.415313,parallel_tiles_including_required_packing,DISABLED,0,0,"0:cpu0:tiles4;1:cpu1:tiles4;2:cpu2:tiles4;3:cpu3:tiles4;4:cpu4:tiles4;5:cpu5:tiles4;6:cpu6:tiles4;7:cpu7:tiles4","NA",static,0,"NA","NA","/home/bananapi/MAT/kernels riscv rvv 1.0/FINAL/riscv-rvv-ime-gemm-microkernels-updated/HETEROGENEOUS_RVV_IME_OPENMP_GEMM/results/openmp_results_k1-rvv_1024_20260904_123239/raw_logs/GEMM_RVV_FP32_INT8_8x8_Baseline_RVV_IGEMM_INT8_I8I32_8x8_igemm_kernel_8x8_zvl256b_lmul2_unroll4_i8i32_run4.log",NA,NA,NA,NA,NA,NA,NA
k1_kernel_tuning,RVV,tile_N,32,2026-09-04T12:49:54,k1-rvv,"GEMM_RVV_FP32_INT8_8x8_Baseline","RVV_IGEMM_INT8_I8I32_8x8","igemm_kernel_8x8_zvl256b_lmul2_unroll4_i8i32",8x8,256b,2,4,INT8_RVV,0-7,8,8,1024,1024,1024,32,5,OK,0,NONE,0.629100710,GOPS,3.413577,parallel_tiles_including_required_packing,DISABLED,0,0,"0:cpu0:tiles4;1:cpu1:tiles4;2:cpu2:tiles4;3:cpu3:tiles4;4:cpu4:tiles4;5:cpu5:tiles4;6:cpu6:tiles4;7:cpu7:tiles4","NA",static,0,"NA","NA","/home/bananapi/MAT/kernels riscv rvv 1.0/FINAL/riscv-rvv-ime-gemm-microkernels-updated/HETEROGENEOUS_RVV_IME_OPENMP_GEMM/results/openmp_results_k1-rvv_1024_20260904_123239/raw_logs/GEMM_RVV_FP32_INT8_8x8_Baseline_RVV_IGEMM_INT8_I8I32_8x8_igemm_kernel_8x8_zvl256b_lmul2_unroll4_i8i32_run5.log",NA,NA,NA,NA,NA,NA,NA
k1_kernel_tuning,RVV,tile_N,32,2026-09-04T12:49:55,k1-rvv,"GEMM_RVV_FP32_INT8_8x8_Baseline","RVV_IGEMM_INT8_I8I32_8x8","igemm_kernel_8x8_zvl256b_lmul2_unroll4_i8i32",8x8,256b,2,4,INT8_RVV,0-7,8,8,1024,1024,1024,32,6,OK,0,NONE,0.633021876,GOPS,3.392432,parallel_tiles_including_required_packing,DISABLED,0,0,"0:cpu0:tiles4;1:cpu1:tiles4;2:cpu2:tiles4;3:cpu3:tiles4;4:cpu4:tiles4;5:cpu5:tiles4;6:cpu6:tiles4;7:cpu7:tiles4","NA",static,0,"NA","NA","/home/bananapi/MAT/kernels riscv rvv 1.0/FINAL/riscv-rvv-ime-gemm-microkernels-updated/HETEROGENEOUS_RVV_IME_OPENMP_GEMM/results/openmp_results_k1-rvv_1024_20260904_123239/raw_logs/GEMM_RVV_FP32_INT8_8x8_Baseline_RVV_IGEMM_INT8_I8I32_8x8_igemm_kernel_8x8_zvl256b_lmul2_unroll4_i8i32_run6.log",NA,NA,NA,NA,NA,NA,NA
k1_kernel_tuning,RVV,tile_N,32,2026-09-04T12:50:30,k1-rvv,"GEMM_RVV_FP32_INT8_8x8_Baseline","RVV_IGEMM_INT8_I8I32_8x8","igemm_kernel_8x8_zvl256b_lmul2_unroll8_i8i32",8x8,256b,2,8,INT8_RVV,0-7,8,8,1024,1024,1024,32,1,OK,0,NONE,0.532570876,GOPS,4.032296,parallel_tiles_including_required_packing,INDEPENDENT_INT64_REFERENCE_EXACT_INT32,0,0,"0:cpu0:tiles4;1:cpu1:tiles4;2:cpu2:tiles4;3:cpu3:tiles4;4:cpu4:tiles4;5:cpu5:tiles4;6:cpu6:tiles4;7:cpu7:tiles4","NA",static,0,"NA","NA","/home/bananapi/MAT/kernels riscv rvv 1.0/FINAL/riscv-rvv-ime-gemm-microkernels-updated/HETEROGENEOUS_RVV_IME_OPENMP_GEMM/results/openmp_results_k1-rvv_1024_20260904_123239/raw_logs/GEMM_RVV_FP32_INT8_8x8_Baseline_RVV_IGEMM_INT8_I8I32_8x8_igemm_kernel_8x8_zvl256b_lmul2_unroll8_i8i32_run1.log",NA,NA,NA,NA,NA,NA,NA
k1_kernel_tuning,RVV,tile_N,32,2026-09-04T12:50:31,k1-rvv,"GEMM_RVV_FP32_INT8_8x8_Baseline","RVV_IGEMM_INT8_I8I32_8x8","igemm_kernel_8x8_zvl256b_lmul2_unroll8_i8i32",8x8,256b,2,8,INT8_RVV,0-7,8,8,1024,1024,1024,32,2,OK,0,NONE,0.536317833,GOPS,4.004125,parallel_tiles_including_required_packing,DISABLED,0,0,"0:cpu0:tiles4;1:cpu1:tiles4;2:cpu2:tiles4;3:cpu3:tiles4;4:cpu4:tiles4;5:cpu5:tiles4;6:cpu6:tiles4;7:cpu7:tiles4","NA",static,0,"NA","NA","/home/bananapi/MAT/kernels riscv rvv 1.0/FINAL/riscv-rvv-ime-gemm-microkernels-updated/HETEROGENEOUS_RVV_IME_OPENMP_GEMM/results/openmp_results_k1-rvv_1024_20260904_123239/raw_logs/GEMM_RVV_FP32_INT8_8x8_Baseline_RVV_IGEMM_INT8_I8I32_8x8_igemm_kernel_8x8_zvl256b_lmul2_unroll8_i8i32_run2.log",NA,NA,NA,NA,NA,NA,NA
k1_kernel_tuning,RVV,tile_N,32,2026-09-04T12:50:33,k1-rvv,"GEMM_RVV_FP32_INT8_8x8_Baseline","RVV_IGEMM_INT8_I8I32_8x8","igemm_kernel_8x8_zvl256b_lmul2_unroll8_i8i32",8x8,256b,2,8,INT8_RVV,0-7,8,8,1024,1024,1024,32,3,OK,0,NONE,0.534650914,GOPS,4.016609,parallel_tiles_including_required_packing,DISABLED,0,0,"0:cpu0:tiles4;1:cpu1:tiles4;2:cpu2:tiles4;3:cpu3:tiles4;4:cpu4:tiles4;5:cpu5:tiles4;6:cpu6:tiles4;7:cpu7:tiles4","NA",static,0,"NA","NA","/home/bananapi/MAT/kernels riscv rvv 1.0/FINAL/riscv-rvv-ime-gemm-microkernels-updated/HETEROGENEOUS_RVV_IME_OPENMP_GEMM/results/openmp_results_k1-rvv_1024_20260904_123239/raw_logs/GEMM_RVV_FP32_INT8_8x8_Baseline_RVV_IGEMM_INT8_I8I32_8x8_igemm_kernel_8x8_zvl256b_lmul2_unroll8_i8i32_run3.log",NA,NA,NA,NA,NA,NA,NA
k1_kernel_tuning,RVV,tile_N,32,2026-09-04T12:50:34,k1-rvv,"GEMM_RVV_FP32_INT8_8x8_Baseline","RVV_IGEMM_INT8_I8I32_8x8","igemm_kernel_8x8_zvl256b_lmul2_unroll8_i8i32",8x8,256b,2,8,INT8_RVV,0-7,8,8,1024,1024,1024,32,4,OK,0,NONE,0.539153837,GOPS,3.983063,parallel_tiles_including_required_packing,DISABLED,0,0,"0:cpu0:tiles4;1:cpu1:tiles4;2:cpu2:tiles4;3:cpu3:tiles4;4:cpu4:tiles4;5:cpu5:tiles4;6:cpu6:tiles4;7:cpu7:tiles4","NA",static,0,"NA","NA","/home/bananapi/MAT/kernels riscv rvv 1.0/FINAL/riscv-rvv-ime-gemm-microkernels-updated/HETEROGENEOUS_RVV_IME_OPENMP_GEMM/results/openmp_results_k1-rvv_1024_20260904_123239/raw_logs/GEMM_RVV_FP32_INT8_8x8_Baseline_RVV_IGEMM_INT8_I8I32_8x8_igemm_kernel_8x8_zvl256b_lmul2_unroll8_i8i32_run4.log",NA,NA,NA,NA,NA,NA,NA
k1_kernel_tuning,RVV,tile_N,32,2026-09-04T12:50:35,k1-rvv,"GEMM_RVV_FP32_INT8_8x8_Baseline","RVV_IGEMM_INT8_I8I32_8x8","igemm_kernel_8x8_zvl256b_lmul2_unroll8_i8i32",8x8,256b,2,8,INT8_RVV,0-7,8,8,1024,1024,1024,32,5,OK,0,NONE,0.530481957,GOPS,4.048175,parallel_tiles_including_required_packing,DISABLED,0,0,"0:cpu0:tiles4;1:cpu1:tiles4;2:cpu2:tiles4;3:cpu3:tiles4;4:cpu4:tiles4;5:cpu5:tiles4;6:cpu6:tiles4;7:cpu7:tiles4","NA",static,0,"NA","NA","/home/bananapi/MAT/kernels riscv rvv 1.0/FINAL/riscv-rvv-ime-gemm-microkernels-updated/HETEROGENEOUS_RVV_IME_OPENMP_GEMM/results/openmp_results_k1-rvv_1024_20260904_123239/raw_logs/GEMM_RVV_FP32_INT8_8x8_Baseline_RVV_IGEMM_INT8_I8I32_8x8_igemm_kernel_8x8_zvl256b_lmul2_unroll8_i8i32_run5.log",NA,NA,NA,NA,NA,NA,NA
k1_kernel_tuning,RVV,tile_N,32,2026-09-04T12:50:37,k1-rvv,"GEMM_RVV_FP32_INT8_8x8_Baseline","RVV_IGEMM_INT8_I8I32_8x8","igemm_kernel_8x8_zvl256b_lmul2_unroll8_i8i32",8x8,256b,2,8,INT8_RVV,0-7,8,8,1024,1024,1024,32,6,OK,0,NONE,0.525267083,GOPS,4.088365,parallel_tiles_including_required_packing,DISABLED,0,0,"0:cpu0:tiles4;1:cpu1:tiles4;2:cpu2:tiles4;3:cpu3:tiles4;4:cpu4:tiles4;5:cpu5:tiles4;6:cpu6:tiles4;7:cpu7:tiles4","NA",static,0,"NA","NA","/home/bananapi/MAT/kernels riscv rvv 1.0/FINAL/riscv-rvv-ime-gemm-microkernels-updated/HETEROGENEOUS_RVV_IME_OPENMP_GEMM/results/openmp_results_k1-rvv_1024_20260904_123239/raw_logs/GEMM_RVV_FP32_INT8_8x8_Baseline_RVV_IGEMM_INT8_I8I32_8x8_igemm_kernel_8x8_zvl256b_lmul2_unroll8_i8i32_run6.log",NA,NA,NA,NA,NA,NA,NA
k1_kernel_tuning,RVV,tile_N,32,2026-09-04T12:51:15,k1-rvv,"GEMM_RVV_FP32_INT8_8x8_Baseline","RVV_IGEMM_INT8_I8I32_8x8","igemm_kernel_8x8_zvl256b_lmulmf2_unroll1_i8i32",8x8,256b,mf2,1,INT8_RVV,0-7,8,8,1024,1024,1024,32,1,OK,0,NONE,0.080025416,GOPS,26.835020,parallel_tiles_including_required_packing,INDEPENDENT_INT64_REFERENCE_EXACT_INT32,0,0,"0:cpu0:tiles4;1:cpu1:tiles4;2:cpu2:tiles4;3:cpu3:tiles4;4:cpu4:tiles4;5:cpu5:tiles4;6:cpu6:tiles4;7:cpu7:tiles4","NA",static,0,"NA","NA","/home/bananapi/MAT/kernels riscv rvv 1.0/FINAL/riscv-rvv-ime-gemm-microkernels-updated/HETEROGENEOUS_RVV_IME_OPENMP_GEMM/results/openmp_results_k1-rvv_1024_20260904_123239/raw_logs/GEMM_RVV_FP32_INT8_8x8_Baseline_RVV_IGEMM_INT8_I8I32_8x8_igemm_kernel_8x8_zvl256b_lmulmf2_unroll1_i8i32_run1.log",NA,NA,NA,NA,NA,NA,NA
k1_kernel_tuning,RVV,tile_N,32,2026-09-04T12:51:16,k1-rvv,"GEMM_RVV_FP32_INT8_8x8_Baseline","RVV_IGEMM_INT8_I8I32_8x8","igemm_kernel_8x8_zvl256b_lmulmf2_unroll1_i8i32",8x8,256b,mf2,1,INT8_RVV,0-7,8,8,1024,1024,1024,32,2,OK,0,NONE,0.083949834,GOPS,25.580559,parallel_tiles_including_required_packing,DISABLED,0,0,"0:cpu0:tiles4;1:cpu1:tiles4;2:cpu2:tiles4;3:cpu3:tiles4;4:cpu4:tiles4;5:cpu5:tiles4;6:cpu6:tiles4;7:cpu7:tiles4","NA",static,0,"NA","NA","/home/bananapi/MAT/kernels riscv rvv 1.0/FINAL/riscv-rvv-ime-gemm-microkernels-updated/HETEROGENEOUS_RVV_IME_OPENMP_GEMM/results/openmp_results_k1-rvv_1024_20260904_123239/raw_logs/GEMM_RVV_FP32_INT8_8x8_Baseline_RVV_IGEMM_INT8_I8I32_8x8_igemm_kernel_8x8_zvl256b_lmulmf2_unroll1_i8i32_run2.log",NA,NA,NA,NA,NA,NA,NA
k1_kernel_tuning,RVV,tile_N,32,2026-09-04T12:51:16,k1-rvv,"GEMM_RVV_FP32_INT8_8x8_Baseline","RVV_IGEMM_INT8_I8I32_8x8","igemm_kernel_8x8_zvl256b_lmulmf2_unroll1_i8i32",8x8,256b,mf2,1,INT8_RVV,0-7,8,8,1024,1024,1024,32,3,OK,0,NONE,0.082605876,GOPS,25.996742,parallel_tiles_including_required_packing,DISABLED,0,0,"0:cpu0:tiles4;1:cpu1:tiles4;2:cpu2:tiles4;3:cpu3:tiles4;4:cpu4:tiles4;5:cpu5:tiles4;6:cpu6:tiles4;7:cpu7:tiles4","NA",static,0,"NA","NA","/home/bananapi/MAT/kernels riscv rvv 1.0/FINAL/riscv-rvv-ime-gemm-microkernels-updated/HETEROGENEOUS_RVV_IME_OPENMP_GEMM/results/openmp_results_k1-rvv_1024_20260904_123239/raw_logs/GEMM_RVV_FP32_INT8_8x8_Baseline_RVV_IGEMM_INT8_I8I32_8x8_igemm_kernel_8x8_zvl256b_lmulmf2_unroll1_i8i32_run3.log",NA,NA,NA,NA,NA,NA,NA
k1_kernel_tuning,RVV,tile_N,32,2026-09-04T12:51:17,k1-rvv,"GEMM_RVV_FP32_INT8_8x8_Baseline","RVV_IGEMM_INT8_I8I32_8x8","igemm_kernel_8x8_zvl256b_lmulmf2_unroll1_i8i32",8x8,256b,mf2,1,INT8_RVV,0-7,8,8,1024,1024,1024,32,4,OK,0,NONE,0.079978917,GOPS,26.850622,parallel_tiles_including_required_packing,DISABLED,0,0,"0:cpu0:tiles4;1:cpu1:tiles4;2:cpu2:tiles4;3:cpu3:tiles4;4:cpu4:tiles4;5:cpu5:tiles4;6:cpu6:tiles4;7:cpu7:tiles4","NA",static,0,"NA","NA","/home/bananapi/MAT/kernels riscv rvv 1.0/FINAL/riscv-rvv-ime-gemm-microkernels-updated/HETEROGENEOUS_RVV_IME_OPENMP_GEMM/results/openmp_results_k1-rvv_1024_20260904_123239/raw_logs/GEMM_RVV_FP32_INT8_8x8_Baseline_RVV_IGEMM_INT8_I8I32_8x8_igemm_kernel_8x8_zvl256b_lmulmf2_unroll1_i8i32_run4.log",NA,NA,NA,NA,NA,NA,NA
k1_kernel_tuning,RVV,tile_N,32,2026-09-04T12:51:17,k1-rvv,"GEMM_RVV_FP32_INT8_8x8_Baseline","RVV_IGEMM_INT8_I8I32_8x8","igemm_kernel_8x8_zvl256b_lmulmf2_unroll1_i8i32",8x8,256b,mf2,1,INT8_RVV,0-7,8,8,1024,1024,1024,32,5,OK,0,NONE,0.080458749,GOPS,26.690493,parallel_tiles_including_required_packing,DISABLED,0,0,"0:cpu0:tiles4;1:cpu1:tiles4;2:cpu2:tiles4;3:cpu3:tiles4;4:cpu4:tiles4;5:cpu5:tiles4;6:cpu6:tiles4;7:cpu7:tiles4","NA",static,0,"NA","NA","/home/bananapi/MAT/kernels riscv rvv 1.0/FINAL/riscv-rvv-ime-gemm-microkernels-updated/HETEROGENEOUS_RVV_IME_OPENMP_GEMM/results/openmp_results_k1-rvv_1024_20260904_123239/raw_logs/GEMM_RVV_FP32_INT8_8x8_Baseline_RVV_IGEMM_INT8_I8I32_8x8_igemm_kernel_8x8_zvl256b_lmulmf2_unroll1_i8i32_run5.log",NA,NA,NA,NA,NA,NA,NA
k1_kernel_tuning,RVV,tile_N,32,2026-09-04T12:51:18,k1-rvv,"GEMM_RVV_FP32_INT8_8x8_Baseline","RVV_IGEMM_INT8_I8I32_8x8","igemm_kernel_8x8_zvl256b_lmulmf2_unroll1_i8i32",8x8,256b,mf2,1,INT8_RVV,0-7,8,8,1024,1024,1024,32,6,OK,0,NONE,0.079080917,GOPS,27.155523,parallel_tiles_including_required_packing,DISABLED,0,0,"0:cpu0:tiles4;1:cpu1:tiles4;2:cpu2:tiles4;3:cpu3:tiles4;4:cpu4:tiles4;5:cpu5:tiles4;6:cpu6:tiles4;7:cpu7:tiles4","NA",static,0,"NA","NA","/home/bananapi/MAT/kernels riscv rvv 1.0/FINAL/riscv-rvv-ime-gemm-microkernels-updated/HETEROGENEOUS_RVV_IME_OPENMP_GEMM/results/openmp_results_k1-rvv_1024_20260904_123239/raw_logs/GEMM_RVV_FP32_INT8_8x8_Baseline_RVV_IGEMM_INT8_I8I32_8x8_igemm_kernel_8x8_zvl256b_lmulmf2_unroll1_i8i32_run6.log",NA,NA,NA,NA,NA,NA,NA
k1_kernel_tuning,RVV,tile_N,32,2026-09-04T12:51:49,k1-rvv,"GEMM_RVV_FP32_INT8_8x8_Baseline","RVV_IGEMM_INT8_I8I32_8x8","igemm_kernel_8x8_zvl256b_lmulmf2_unroll2_i8i32",8x8,256b,mf2,2,INT8_RVV,0-7,8,8,1024,1024,1024,32,1,OK,0,NONE,0.084690418,GOPS,25.356867,parallel_tiles_including_required_packing,INDEPENDENT_INT64_REFERENCE_EXACT_INT32,0,0,"0:cpu0:tiles4;1:cpu1:tiles4;2:cpu2:tiles4;3:cpu3:tiles4;4:cpu4:tiles4;5:cpu5:tiles4;6:cpu6:tiles4;7:cpu7:tiles4","NA",static,0,"NA","NA","/home/bananapi/MAT/kernels riscv rvv 1.0/FINAL/riscv-rvv-ime-gemm-microkernels-updated/HETEROGENEOUS_RVV_IME_OPENMP_GEMM/results/openmp_results_k1-rvv_1024_20260904_123239/raw_logs/GEMM_RVV_FP32_INT8_8x8_Baseline_RVV_IGEMM_INT8_I8I32_8x8_igemm_kernel_8x8_zvl256b_lmulmf2_unroll2_i8i32_run1.log",NA,NA,NA,NA,NA,NA,NA
k1_kernel_tuning,RVV,tile_N,32,2026-09-04T12:51:50,k1-rvv,"GEMM_RVV_FP32_INT8_8x8_Baseline","RVV_IGEMM_INT8_I8I32_8x8","igemm_kernel_8x8_zvl256b_lmulmf2_unroll2_i8i32",8x8,256b,mf2,2,INT8_RVV,0-7,8,8,1024,1024,1024,32,2,OK,0,NONE,0.075979456,GOPS,28.264004,parallel_tiles_including_required_packing,DISABLED,0,0,"0:cpu0:tiles4;1:cpu1:tiles4;2:cpu2:tiles4;3:cpu3:tiles4;4:cpu4:tiles4;5:cpu5:tiles4;6:cpu6:tiles4;7:cpu7:tiles4","NA",static,0,"NA","NA","/home/bananapi/MAT/kernels riscv rvv 1.0/FINAL/riscv-rvv-ime-gemm-microkernels-updated/HETEROGENEOUS_RVV_IME_OPENMP_GEMM/results/openmp_results_k1-rvv_1024_20260904_123239/raw_logs/GEMM_RVV_FP32_INT8_8x8_Baseline_RVV_IGEMM_INT8_I8I32_8x8_igemm_kernel_8x8_zvl256b_lmulmf2_unroll2_i8i32_run2.log",NA,NA,NA,NA,NA,NA,NA
k1_kernel_tuning,RVV,tile_N,32,2026-09-04T12:51:50,k1-rvv,"GEMM_RVV_FP32_INT8_8x8_Baseline","RVV_IGEMM_INT8_I8I32_8x8","igemm_kernel_8x8_zvl256b_lmulmf2_unroll2_i8i32",8x8,256b,mf2,2,INT8_RVV,0-7,8,8,1024,1024,1024,32,3,OK,0,NONE,0.074942213,GOPS,28.655194,parallel_tiles_including_required_packing,DISABLED,0,0,"0:cpu0:tiles4;1:cpu1:tiles4;2:cpu2:tiles4;3:cpu3:tiles4;4:cpu4:tiles4;5:cpu5:tiles4;6:cpu6:tiles4;7:cpu7:tiles4","NA",static,0,"NA","NA","/home/bananapi/MAT/kernels riscv rvv 1.0/FINAL/riscv-rvv-ime-gemm-microkernels-updated/HETEROGENEOUS_RVV_IME_OPENMP_GEMM/results/openmp_results_k1-rvv_1024_20260904_123239/raw_logs/GEMM_RVV_FP32_INT8_8x8_Baseline_RVV_IGEMM_INT8_I8I32_8x8_igemm_kernel_8x8_zvl256b_lmulmf2_unroll2_i8i32_run3.log",NA,NA,NA,NA,NA,NA,NA
k1_kernel_tuning,RVV,tile_N,32,2026-09-04T12:51:50,k1-rvv,"GEMM_RVV_FP32_INT8_8x8_Baseline","RVV_IGEMM_INT8_I8I32_8x8","igemm_kernel_8x8_zvl256b_lmulmf2_unroll2_i8i32",8x8,256b,mf2,2,INT8_RVV,0-7,8,8,1024,1024,1024,32,4,OK,0,NONE,0.075063791,GOPS,28.608782,parallel_tiles_including_required_packing,DISABLED,0,0,"0:cpu0:tiles4;1:cpu1:tiles4;2:cpu2:tiles4;3:cpu3:tiles4;4:cpu4:tiles4;5:cpu5:tiles4;6:cpu6:tiles4;7:cpu7:tiles4","NA",static,0,"NA","NA","/home/bananapi/MAT/kernels riscv rvv 1.0/FINAL/riscv-rvv-ime-gemm-microkernels-updated/HETEROGENEOUS_RVV_IME_OPENMP_GEMM/results/openmp_results_k1-rvv_1024_20260904_123239/raw_logs/GEMM_RVV_FP32_INT8_8x8_Baseline_RVV_IGEMM_INT8_I8I32_8x8_igemm_kernel_8x8_zvl256b_lmulmf2_unroll2_i8i32_run4.log",NA,NA,NA,NA,NA,NA,NA
k1_kernel_tuning,RVV,tile_N,32,2026-09-04T12:51:51,k1-rvv,"GEMM_RVV_FP32_INT8_8x8_Baseline","RVV_IGEMM_INT8_I8I32_8x8","igemm_kernel_8x8_zvl256b_lmulmf2_unroll2_i8i32",8x8,256b,mf2,2,INT8_RVV,0-7,8,8,1024,1024,1024,32,5,OK,0,NONE,0.073371459,GOPS,29.268651,parallel_tiles_including_required_packing,DISABLED,0,0,"0:cpu0:tiles4;1:cpu1:tiles4;2:cpu2:tiles4;3:cpu3:tiles4;4:cpu4:tiles4;5:cpu5:tiles4;6:cpu6:tiles4;7:cpu7:tiles4","NA",static,0,"NA","NA","/home/bananapi/MAT/kernels riscv rvv 1.0/FINAL/riscv-rvv-ime-gemm-microkernels-updated/HETEROGENEOUS_RVV_IME_OPENMP_GEMM/results/openmp_results_k1-rvv_1024_20260904_123239/raw_logs/GEMM_RVV_FP32_INT8_8x8_Baseline_RVV_IGEMM_INT8_I8I32_8x8_igemm_kernel_8x8_zvl256b_lmulmf2_unroll2_i8i32_run5.log",NA,NA,NA,NA,NA,NA,NA
k1_kernel_tuning,RVV,tile_N,32,2026-09-04T12:51:51,k1-rvv,"GEMM_RVV_FP32_INT8_8x8_Baseline","RVV_IGEMM_INT8_I8I32_8x8","igemm_kernel_8x8_zvl256b_lmulmf2_unroll2_i8i32",8x8,256b,mf2,2,INT8_RVV,0-7,8,8,1024,1024,1024,32,6,OK,0,NONE,0.077675000,GOPS,27.647038,parallel_tiles_including_required_packing,DISABLED,0,0,"0:cpu0:tiles4;1:cpu1:tiles4;2:cpu2:tiles4;3:cpu3:tiles4;4:cpu4:tiles4;5:cpu5:tiles4;6:cpu6:tiles4;7:cpu7:tiles4","NA",static,0,"NA","NA","/home/bananapi/MAT/kernels riscv rvv 1.0/FINAL/riscv-rvv-ime-gemm-microkernels-updated/HETEROGENEOUS_RVV_IME_OPENMP_GEMM/results/openmp_results_k1-rvv_1024_20260904_123239/raw_logs/GEMM_RVV_FP32_INT8_8x8_Baseline_RVV_IGEMM_INT8_I8I32_8x8_igemm_kernel_8x8_zvl256b_lmulmf2_unroll2_i8i32_run6.log",NA,NA,NA,NA,NA,NA,NA
k1_kernel_tuning,RVV,tile_N,32,2026-09-04T12:52:23,k1-rvv,"GEMM_RVV_FP32_INT8_8x8_Baseline","RVV_IGEMM_INT8_I8I32_8x8","igemm_kernel_8x8_zvl256b_lmulmf2_unroll4_i8i32",8x8,256b,mf2,4,INT8_RVV,0-7,8,8,1024,1024,1024,32,1,OK,0,NONE,0.074022166,GOPS,29.011359,parallel_tiles_including_required_packing,INDEPENDENT_INT64_REFERENCE_EXACT_INT32,0,0,"0:cpu0:tiles4;1:cpu1:tiles4;2:cpu2:tiles4;3:cpu3:tiles4;4:cpu4:tiles4;5:cpu5:tiles4;6:cpu6:tiles4;7:cpu7:tiles4","NA",static,0,"NA","NA","/home/bananapi/MAT/kernels riscv rvv 1.0/FINAL/riscv-rvv-ime-gemm-microkernels-updated/HETEROGENEOUS_RVV_IME_OPENMP_GEMM/results/openmp_results_k1-rvv_1024_20260904_123239/raw_logs/GEMM_RVV_FP32_INT8_8x8_Baseline_RVV_IGEMM_INT8_I8I32_8x8_igemm_kernel_8x8_zvl256b_lmulmf2_unroll4_i8i32_run1.log",NA,NA,NA,NA,NA,NA,NA
k1_kernel_tuning,RVV,tile_N,32,2026-09-04T12:52:24,k1-rvv,"GEMM_RVV_FP32_INT8_8x8_Baseline","RVV_IGEMM_INT8_I8I32_8x8","igemm_kernel_8x8_zvl256b_lmulmf2_unroll4_i8i32",8x8,256b,mf2,4,INT8_RVV,0-7,8,8,1024,1024,1024,32,2,OK,0,NONE,0.080060959,GOPS,26.823107,parallel_tiles_including_required_packing,DISABLED,0,0,"0:cpu0:tiles4;1:cpu1:tiles4;2:cpu2:tiles4;3:cpu3:tiles4;4:cpu4:tiles4;5:cpu5:tiles4;6:cpu6:tiles4;7:cpu7:tiles4","NA",static,0,"NA","NA","/home/bananapi/MAT/kernels riscv rvv 1.0/FINAL/riscv-rvv-ime-gemm-microkernels-updated/HETEROGENEOUS_RVV_IME_OPENMP_GEMM/results/openmp_results_k1-rvv_1024_20260904_123239/raw_logs/GEMM_RVV_FP32_INT8_8x8_Baseline_RVV_IGEMM_INT8_I8I32_8x8_igemm_kernel_8x8_zvl256b_lmulmf2_unroll4_i8i32_run2.log",NA,NA,NA,NA,NA,NA,NA
k1_kernel_tuning,RVV,tile_N,32,2026-09-04T12:52:24,k1-rvv,"GEMM_RVV_FP32_INT8_8x8_Baseline","RVV_IGEMM_INT8_I8I32_8x8","igemm_kernel_8x8_zvl256b_lmulmf2_unroll4_i8i32",8x8,256b,mf2,4,INT8_RVV,0-7,8,8,1024,1024,1024,32,3,OK,0,NONE,0.077427503,GOPS,27.735411,parallel_tiles_including_required_packing,DISABLED,0,0,"0:cpu0:tiles4;1:cpu1:tiles4;2:cpu2:tiles4;3:cpu3:tiles4;4:cpu4:tiles4;5:cpu5:tiles4;6:cpu6:tiles4;7:cpu7:tiles4","NA",static,0,"NA","NA","/home/bananapi/MAT/kernels riscv rvv 1.0/FINAL/riscv-rvv-ime-gemm-microkernels-updated/HETEROGENEOUS_RVV_IME_OPENMP_GEMM/results/openmp_results_k1-rvv_1024_20260904_123239/raw_logs/GEMM_RVV_FP32_INT8_8x8_Baseline_RVV_IGEMM_INT8_I8I32_8x8_igemm_kernel_8x8_zvl256b_lmulmf2_unroll4_i8i32_run3.log",NA,NA,NA,NA,NA,NA,NA
k1_kernel_tuning,RVV,tile_N,32,2026-09-04T12:52:25,k1-rvv,"GEMM_RVV_FP32_INT8_8x8_Baseline","RVV_IGEMM_INT8_I8I32_8x8","igemm_kernel_8x8_zvl256b_lmulmf2_unroll4_i8i32",8x8,256b,mf2,4,INT8_RVV,0-7,8,8,1024,1024,1024,32,4,OK,0,NONE,0.074344039,GOPS,28.885754,parallel_tiles_including_required_packing,DISABLED,0,0,"0:cpu0:tiles4;1:cpu1:tiles4;2:cpu2:tiles4;3:cpu3:tiles4;4:cpu4:tiles4;5:cpu5:tiles4;6:cpu6:tiles4;7:cpu7:tiles4","NA",static,0,"NA","NA","/home/bananapi/MAT/kernels riscv rvv 1.0/FINAL/riscv-rvv-ime-gemm-microkernels-updated/HETEROGENEOUS_RVV_IME_OPENMP_GEMM/results/openmp_results_k1-rvv_1024_20260904_123239/raw_logs/GEMM_RVV_FP32_INT8_8x8_Baseline_RVV_IGEMM_INT8_I8I32_8x8_igemm_kernel_8x8_zvl256b_lmulmf2_unroll4_i8i32_run4.log",NA,NA,NA,NA,NA,NA,NA
k1_kernel_tuning,RVV,tile_N,32,2026-09-04T12:52:25,k1-rvv,"GEMM_RVV_FP32_INT8_8x8_Baseline","RVV_IGEMM_INT8_I8I32_8x8","igemm_kernel_8x8_zvl256b_lmulmf2_unroll4_i8i32",8x8,256b,mf2,4,INT8_RVV,0-7,8,8,1024,1024,1024,32,5,OK,0,NONE,0.073240709,GOPS,29.320902,parallel_tiles_including_required_packing,DISABLED,0,0,"0:cpu0:tiles4;1:cpu1:tiles4;2:cpu2:tiles4;3:cpu3:tiles4;4:cpu4:tiles4;5:cpu5:tiles4;6:cpu6:tiles4;7:cpu7:tiles4","NA",static,0,"NA","NA","/home/bananapi/MAT/kernels riscv rvv 1.0/FINAL/riscv-rvv-ime-gemm-microkernels-updated/HETEROGENEOUS_RVV_IME_OPENMP_GEMM/results/openmp_results_k1-rvv_1024_20260904_123239/raw_logs/GEMM_RVV_FP32_INT8_8x8_Baseline_RVV_IGEMM_INT8_I8I32_8x8_igemm_kernel_8x8_zvl256b_lmulmf2_unroll4_i8i32_run5.log",NA,NA,NA,NA,NA,NA,NA
k1_kernel_tuning,RVV,tile_N,32,2026-09-04T12:52:25,k1-rvv,"GEMM_RVV_FP32_INT8_8x8_Baseline","RVV_IGEMM_INT8_I8I32_8x8","igemm_kernel_8x8_zvl256b_lmulmf2_unroll4_i8i32",8x8,256b,mf2,4,INT8_RVV,0-7,8,8,1024,1024,1024,32,6,OK,0,NONE,0.084669374,GOPS,25.363169,parallel_tiles_including_required_packing,DISABLED,0,0,"0:cpu0:tiles4;1:cpu1:tiles4;2:cpu2:tiles4;3:cpu3:tiles4;4:cpu4:tiles4;5:cpu5:tiles4;6:cpu6:tiles4;7:cpu7:tiles4","NA",static,0,"NA","NA","/home/bananapi/MAT/kernels riscv rvv 1.0/FINAL/riscv-rvv-ime-gemm-microkernels-updated/HETEROGENEOUS_RVV_IME_OPENMP_GEMM/results/openmp_results_k1-rvv_1024_20260904_123239/raw_logs/GEMM_RVV_FP32_INT8_8x8_Baseline_RVV_IGEMM_INT8_I8I32_8x8_igemm_kernel_8x8_zvl256b_lmulmf2_unroll4_i8i32_run6.log",NA,NA,NA,NA,NA,NA,NA
k1_kernel_tuning,RVV,tile_N,32,2026-09-04T12:53:06,k1-rvv,"GEMM_RVV_FP32_INT8_8x8_Baseline","RVV_IGEMM_INT8_I8I32_8x8","igemm_kernel_8x8_zvl256b_lmulmf2_unroll8_i8i32",8x8,256b,mf2,8,INT8_RVV,0-7,8,8,1024,1024,1024,32,1,OK,0,NONE,0.087506916,GOPS,24.540730,parallel_tiles_including_required_packing,INDEPENDENT_INT64_REFERENCE_EXACT_INT32,0,0,"0:cpu0:tiles4;1:cpu1:tiles4;2:cpu2:tiles4;3:cpu3:tiles4;4:cpu4:tiles4;5:cpu5:tiles4;6:cpu6:tiles4;7:cpu7:tiles4","NA",static,0,"NA","NA","/home/bananapi/MAT/kernels riscv rvv 1.0/FINAL/riscv-rvv-ime-gemm-microkernels-updated/HETEROGENEOUS_RVV_IME_OPENMP_GEMM/results/openmp_results_k1-rvv_1024_20260904_123239/raw_logs/GEMM_RVV_FP32_INT8_8x8_Baseline_RVV_IGEMM_INT8_I8I32_8x8_igemm_kernel_8x8_zvl256b_lmulmf2_unroll8_i8i32_run1.log",NA,NA,NA,NA,NA,NA,NA
k1_kernel_tuning,RVV,tile_N,32,2026-09-04T12:53:07,k1-rvv,"GEMM_RVV_FP32_INT8_8x8_Baseline","RVV_IGEMM_INT8_I8I32_8x8","igemm_kernel_8x8_zvl256b_lmulmf2_unroll8_i8i32",8x8,256b,mf2,8,INT8_RVV,0-7,8,8,1024,1024,1024,32,2,OK,0,NONE,0.074379459,GOPS,28.871999,parallel_tiles_including_required_packing,DISABLED,0,0,"0:cpu0:tiles4;1:cpu1:tiles4;2:cpu2:tiles4;3:cpu3:tiles4;4:cpu4:tiles4;5:cpu5:tiles4;6:cpu6:tiles4;7:cpu7:tiles4","NA",static,0,"NA","NA","/home/bananapi/MAT/kernels riscv rvv 1.0/FINAL/riscv-rvv-ime-gemm-microkernels-updated/HETEROGENEOUS_RVV_IME_OPENMP_GEMM/results/openmp_results_k1-rvv_1024_20260904_123239/raw_logs/GEMM_RVV_FP32_INT8_8x8_Baseline_RVV_IGEMM_INT8_I8I32_8x8_igemm_kernel_8x8_zvl256b_lmulmf2_unroll8_i8i32_run2.log",NA,NA,NA,NA,NA,NA,NA
k1_kernel_tuning,RVV,tile_N,32,2026-09-04T12:53:07,k1-rvv,"GEMM_RVV_FP32_INT8_8x8_Baseline","RVV_IGEMM_INT8_I8I32_8x8","igemm_kernel_8x8_zvl256b_lmulmf2_unroll8_i8i32",8x8,256b,mf2,8,INT8_RVV,0-7,8,8,1024,1024,1024,32,3,OK,0,NONE,0.076901335,GOPS,27.925180,parallel_tiles_including_required_packing,DISABLED,0,0,"0:cpu0:tiles4;1:cpu1:tiles4;2:cpu2:tiles4;3:cpu3:tiles4;4:cpu4:tiles4;5:cpu5:tiles4;6:cpu6:tiles4;7:cpu7:tiles4","NA",static,0,"NA","NA","/home/bananapi/MAT/kernels riscv rvv 1.0/FINAL/riscv-rvv-ime-gemm-microkernels-updated/HETEROGENEOUS_RVV_IME_OPENMP_GEMM/results/openmp_results_k1-rvv_1024_20260904_123239/raw_logs/GEMM_RVV_FP32_INT8_8x8_Baseline_RVV_IGEMM_INT8_I8I32_8x8_igemm_kernel_8x8_zvl256b_lmulmf2_unroll8_i8i32_run3.log",NA,NA,NA,NA,NA,NA,NA
k1_kernel_tuning,RVV,tile_N,32,2026-09-04T12:53:07,k1-rvv,"GEMM_RVV_FP32_INT8_8x8_Baseline","RVV_IGEMM_INT8_I8I32_8x8","igemm_kernel_8x8_zvl256b_lmulmf2_unroll8_i8i32",8x8,256b,mf2,8,INT8_RVV,0-7,8,8,1024,1024,1024,32,4,OK,0,NONE,0.076051667,GOPS,28.237167,parallel_tiles_including_required_packing,DISABLED,0,0,"0:cpu0:tiles4;1:cpu1:tiles4;2:cpu2:tiles4;3:cpu3:tiles4;4:cpu4:tiles4;5:cpu5:tiles4;6:cpu6:tiles4;7:cpu7:tiles4","NA",static,0,"NA","NA","/home/bananapi/MAT/kernels riscv rvv 1.0/FINAL/riscv-rvv-ime-gemm-microkernels-updated/HETEROGENEOUS_RVV_IME_OPENMP_GEMM/results/openmp_results_k1-rvv_1024_20260904_123239/raw_logs/GEMM_RVV_FP32_INT8_8x8_Baseline_RVV_IGEMM_INT8_I8I32_8x8_igemm_kernel_8x8_zvl256b_lmulmf2_unroll8_i8i32_run4.log",NA,NA,NA,NA,NA,NA,NA
k1_kernel_tuning,RVV,tile_N,32,2026-09-04T12:53:08,k1-rvv,"GEMM_RVV_FP32_INT8_8x8_Baseline","RVV_IGEMM_INT8_I8I32_8x8","igemm_kernel_8x8_zvl256b_lmulmf2_unroll8_i8i32",8x8,256b,mf2,8,INT8_RVV,0-7,8,8,1024,1024,1024,32,5,OK,0,NONE,0.074787416,GOPS,28.714505,parallel_tiles_including_required_packing,DISABLED,0,0,"0:cpu0:tiles4;1:cpu1:tiles4;2:cpu2:tiles4;3:cpu3:tiles4;4:cpu4:tiles4;5:cpu5:tiles4;6:cpu6:tiles4;7:cpu7:tiles4","NA",static,0,"NA","NA","/home/bananapi/MAT/kernels riscv rvv 1.0/FINAL/riscv-rvv-ime-gemm-microkernels-updated/HETEROGENEOUS_RVV_IME_OPENMP_GEMM/results/openmp_results_k1-rvv_1024_20260904_123239/raw_logs/GEMM_RVV_FP32_INT8_8x8_Baseline_RVV_IGEMM_INT8_I8I32_8x8_igemm_kernel_8x8_zvl256b_lmulmf2_unroll8_i8i32_run5.log",NA,NA,NA,NA,NA,NA,NA
k1_kernel_tuning,RVV,tile_N,32,2026-09-04T12:53:08,k1-rvv,"GEMM_RVV_FP32_INT8_8x8_Baseline","RVV_IGEMM_INT8_I8I32_8x8","igemm_kernel_8x8_zvl256b_lmulmf2_unroll8_i8i32",8x8,256b,mf2,8,INT8_RVV,0-7,8,8,1024,1024,1024,32,6,OK,0,NONE,0.075146124,GOPS,28.577437,parallel_tiles_including_required_packing,DISABLED,0,0,"0:cpu0:tiles4;1:cpu1:tiles4;2:cpu2:tiles4;3:cpu3:tiles4;4:cpu4:tiles4;5:cpu5:tiles4;6:cpu6:tiles4;7:cpu7:tiles4","NA",static,0,"NA","NA","/home/bananapi/MAT/kernels riscv rvv 1.0/FINAL/riscv-rvv-ime-gemm-microkernels-updated/HETEROGENEOUS_RVV_IME_OPENMP_GEMM/results/openmp_results_k1-rvv_1024_20260904_123239/raw_logs/GEMM_RVV_FP32_INT8_8x8_Baseline_RVV_IGEMM_INT8_I8I32_8x8_igemm_kernel_8x8_zvl256b_lmulmf2_unroll8_i8i32_run6.log",NA,NA,NA,NA,NA,NA,NA
k1_kernel_tuning,RVV,tile_N,32,2026-09-04T12:53:40,k1-rvv,"GEMM_RVV_FP32_INT8_8x8_Baseline","RVV_IGEMM_INT8_I8I32_8x8","igemm_kernel_8x8_zvl256b_lmulmf4_unroll1_i8i32",8x8,256b,mf4,1,INT8_RVV,0-7,8,8,1024,1024,1024,32,1,OK,0,NONE,0.074239373,GOPS,28.926479,parallel_tiles_including_required_packing,INDEPENDENT_INT64_REFERENCE_EXACT_INT32,0,0,"0:cpu0:tiles4;1:cpu1:tiles4;2:cpu2:tiles4;3:cpu3:tiles4;4:cpu4:tiles4;5:cpu5:tiles4;6:cpu6:tiles4;7:cpu7:tiles4","NA",static,0,"NA","NA","/home/bananapi/MAT/kernels riscv rvv 1.0/FINAL/riscv-rvv-ime-gemm-microkernels-updated/HETEROGENEOUS_RVV_IME_OPENMP_GEMM/results/openmp_results_k1-rvv_1024_20260904_123239/raw_logs/GEMM_RVV_FP32_INT8_8x8_Baseline_RVV_IGEMM_INT8_I8I32_8x8_igemm_kernel_8x8_zvl256b_lmulmf4_unroll1_i8i32_run1.log",NA,NA,NA,NA,NA,NA,NA
k1_kernel_tuning,RVV,tile_N,32,2026-09-04T12:53:40,k1-rvv,"GEMM_RVV_FP32_INT8_8x8_Baseline","RVV_IGEMM_INT8_I8I32_8x8","igemm_kernel_8x8_zvl256b_lmulmf4_unroll1_i8i32",8x8,256b,mf4,1,INT8_RVV,0-7,8,8,1024,1024,1024,32,2,OK,0,NONE,0.074126750,GOPS,28.970428,parallel_tiles_including_required_packing,DISABLED,0,0,"0:cpu0:tiles4;1:cpu1:tiles4;2:cpu2:tiles4;3:cpu3:tiles4;4:cpu4:tiles4;5:cpu5:tiles4;6:cpu6:tiles4;7:cpu7:tiles4","NA",static,0,"NA","NA","/home/bananapi/MAT/kernels riscv rvv 1.0/FINAL/riscv-rvv-ime-gemm-microkernels-updated/HETEROGENEOUS_RVV_IME_OPENMP_GEMM/results/openmp_results_k1-rvv_1024_20260904_123239/raw_logs/GEMM_RVV_FP32_INT8_8x8_Baseline_RVV_IGEMM_INT8_I8I32_8x8_igemm_kernel_8x8_zvl256b_lmulmf4_unroll1_i8i32_run2.log",NA,NA,NA,NA,NA,NA,NA
k1_kernel_tuning,RVV,tile_N,32,2026-09-04T12:53:41,k1-rvv,"GEMM_RVV_FP32_INT8_8x8_Baseline","RVV_IGEMM_INT8_I8I32_8x8","igemm_kernel_8x8_zvl256b_lmulmf4_unroll1_i8i32",8x8,256b,mf4,1,INT8_RVV,0-7,8,8,1024,1024,1024,32,3,OK,0,NONE,0.077820417,GOPS,27.595376,parallel_tiles_including_required_packing,DISABLED,0,0,"0:cpu0:tiles4;1:cpu1:tiles4;2:cpu2:tiles4;3:cpu3:tiles4;4:cpu4:tiles4;5:cpu5:tiles4;6:cpu6:tiles4;7:cpu7:tiles4","NA",static,0,"NA","NA","/home/bananapi/MAT/kernels riscv rvv 1.0/FINAL/riscv-rvv-ime-gemm-microkernels-updated/HETEROGENEOUS_RVV_IME_OPENMP_GEMM/results/openmp_results_k1-rvv_1024_20260904_123239/raw_logs/GEMM_RVV_FP32_INT8_8x8_Baseline_RVV_IGEMM_INT8_I8I32_8x8_igemm_kernel_8x8_zvl256b_lmulmf4_unroll1_i8i32_run3.log",NA,NA,NA,NA,NA,NA,NA
k1_kernel_tuning,RVV,tile_N,32,2026-09-04T12:53:41,k1-rvv,"GEMM_RVV_FP32_INT8_8x8_Baseline","RVV_IGEMM_INT8_I8I32_8x8","igemm_kernel_8x8_zvl256b_lmulmf4_unroll1_i8i32",8x8,256b,mf4,1,INT8_RVV,0-7,8,8,1024,1024,1024,32,4,OK,0,NONE,0.078745998,GOPS,27.271019,parallel_tiles_including_required_packing,DISABLED,0,0,"0:cpu0:tiles4;1:cpu1:tiles4;2:cpu2:tiles4;3:cpu3:tiles4;4:cpu4:tiles4;5:cpu5:tiles4;6:cpu6:tiles4;7:cpu7:tiles4","NA",static,0,"NA","NA","/home/bananapi/MAT/kernels riscv rvv 1.0/FINAL/riscv-rvv-ime-gemm-microkernels-updated/HETEROGENEOUS_RVV_IME_OPENMP_GEMM/results/openmp_results_k1-rvv_1024_20260904_123239/raw_logs/GEMM_RVV_FP32_INT8_8x8_Baseline_RVV_IGEMM_INT8_I8I32_8x8_igemm_kernel_8x8_zvl256b_lmulmf4_unroll1_i8i32_run4.log",NA,NA,NA,NA,NA,NA,NA
k1_kernel_tuning,RVV,tile_N,32,2026-09-04T12:53:42,k1-rvv,"GEMM_RVV_FP32_INT8_8x8_Baseline","RVV_IGEMM_INT8_I8I32_8x8","igemm_kernel_8x8_zvl256b_lmulmf4_unroll1_i8i32",8x8,256b,mf4,1,INT8_RVV,0-7,8,8,1024,1024,1024,32,5,OK,0,NONE,0.079428043,GOPS,27.036844,parallel_tiles_including_required_packing,DISABLED,0,0,"0:cpu0:tiles4;1:cpu1:tiles4;2:cpu2:tiles4;3:cpu3:tiles4;4:cpu4:tiles4;5:cpu5:tiles4;6:cpu6:tiles4;7:cpu7:tiles4","NA",static,0,"NA","NA","/home/bananapi/MAT/kernels riscv rvv 1.0/FINAL/riscv-rvv-ime-gemm-microkernels-updated/HETEROGENEOUS_RVV_IME_OPENMP_GEMM/results/openmp_results_k1-rvv_1024_20260904_123239/raw_logs/GEMM_RVV_FP32_INT8_8x8_Baseline_RVV_IGEMM_INT8_I8I32_8x8_igemm_kernel_8x8_zvl256b_lmulmf4_unroll1_i8i32_run5.log",NA,NA,NA,NA,NA,NA,NA
k1_kernel_tuning,RVV,tile_N,32,2026-09-04T12:53:42,k1-rvv,"GEMM_RVV_FP32_INT8_8x8_Baseline","RVV_IGEMM_INT8_I8I32_8x8","igemm_kernel_8x8_zvl256b_lmulmf4_unroll1_i8i32",8x8,256b,mf4,1,INT8_RVV,0-7,8,8,1024,1024,1024,32,6,OK,0,NONE,0.082342748,GOPS,26.079815,parallel_tiles_including_required_packing,DISABLED,0,0,"0:cpu0:tiles4;1:cpu1:tiles4;2:cpu2:tiles4;3:cpu3:tiles4;4:cpu4:tiles4;5:cpu5:tiles4;6:cpu6:tiles4;7:cpu7:tiles4","NA",static,0,"NA","NA","/home/bananapi/MAT/kernels riscv rvv 1.0/FINAL/riscv-rvv-ime-gemm-microkernels-updated/HETEROGENEOUS_RVV_IME_OPENMP_GEMM/results/openmp_results_k1-rvv_1024_20260904_123239/raw_logs/GEMM_RVV_FP32_INT8_8x8_Baseline_RVV_IGEMM_INT8_I8I32_8x8_igemm_kernel_8x8_zvl256b_lmulmf4_unroll1_i8i32_run6.log",NA,NA,NA,NA,NA,NA,NA
k1_kernel_tuning,RVV,tile_N,32,2026-09-04T12:54:21,k1-rvv,"GEMM_RVV_FP32_INT8_8x8_Baseline","RVV_IGEMM_INT8_I8I32_8x8","igemm_kernel_8x8_zvl256b_lmulmf4_unroll2_i8i32",8x8,256b,mf4,2,INT8_RVV,0-7,8,8,1024,1024,1024,32,1,OK,0,NONE,0.082765374,GOPS,25.946643,parallel_tiles_including_required_packing,INDEPENDENT_INT64_REFERENCE_EXACT_INT32,0,0,"0:cpu0:tiles4;1:cpu1:tiles4;2:cpu2:tiles4;3:cpu3:tiles4;4:cpu4:tiles4;5:cpu5:tiles4;6:cpu6:tiles4;7:cpu7:tiles4","NA",static,0,"NA","NA","/home/bananapi/MAT/kernels riscv rvv 1.0/FINAL/riscv-rvv-ime-gemm-microkernels-updated/HETEROGENEOUS_RVV_IME_OPENMP_GEMM/results/openmp_results_k1-rvv_1024_20260904_123239/raw_logs/GEMM_RVV_FP32_INT8_8x8_Baseline_RVV_IGEMM_INT8_I8I32_8x8_igemm_kernel_8x8_zvl256b_lmulmf4_unroll2_i8i32_run1.log",NA,NA,NA,NA,NA,NA,NA
k1_kernel_tuning,RVV,tile_N,32,2026-09-04T12:54:22,k1-rvv,"GEMM_RVV_FP32_INT8_8x8_Baseline","RVV_IGEMM_INT8_I8I32_8x8","igemm_kernel_8x8_zvl256b_lmulmf4_unroll2_i8i32",8x8,256b,mf4,2,INT8_RVV,0-7,8,8,1024,1024,1024,32,2,OK,0,NONE,0.071868584,GOPS,29.880701,parallel_tiles_including_required_packing,DISABLED,0,0,"0:cpu0:tiles4;1:cpu1:tiles4;2:cpu2:tiles4;3:cpu3:tiles4;4:cpu4:tiles4;5:cpu5:tiles4;6:cpu6:tiles4;7:cpu7:tiles4","NA",static,0,"NA","NA","/home/bananapi/MAT/kernels riscv rvv 1.0/FINAL/riscv-rvv-ime-gemm-microkernels-updated/HETEROGENEOUS_RVV_IME_OPENMP_GEMM/results/openmp_results_k1-rvv_1024_20260904_123239/raw_logs/GEMM_RVV_FP32_INT8_8x8_Baseline_RVV_IGEMM_INT8_I8I32_8x8_igemm_kernel_8x8_zvl256b_lmulmf4_unroll2_i8i32_run2.log",NA,NA,NA,NA,NA,NA,NA
k1_kernel_tuning,RVV,tile_N,32,2026-09-04T12:54:22,k1-rvv,"GEMM_RVV_FP32_INT8_8x8_Baseline","RVV_IGEMM_INT8_I8I32_8x8","igemm_kernel_8x8_zvl256b_lmulmf4_unroll2_i8i32",8x8,256b,mf4,2,INT8_RVV,0-7,8,8,1024,1024,1024,32,3,OK,0,NONE,0.079485212,GOPS,27.017399,parallel_tiles_including_required_packing,DISABLED,0,0,"0:cpu0:tiles4;1:cpu1:tiles4;2:cpu2:tiles4;3:cpu3:tiles4;4:cpu4:tiles4;5:cpu5:tiles4;6:cpu6:tiles4;7:cpu7:tiles4","NA",static,0,"NA","NA","/home/bananapi/MAT/kernels riscv rvv 1.0/FINAL/riscv-rvv-ime-gemm-microkernels-updated/HETEROGENEOUS_RVV_IME_OPENMP_GEMM/results/openmp_results_k1-rvv_1024_20260904_123239/raw_logs/GEMM_RVV_FP32_INT8_8x8_Baseline_RVV_IGEMM_INT8_I8I32_8x8_igemm_kernel_8x8_zvl256b_lmulmf4_unroll2_i8i32_run3.log",NA,NA,NA,NA,NA,NA,NA
k1_kernel_tuning,RVV,tile_N,32,2026-09-04T12:54:23,k1-rvv,"GEMM_RVV_FP32_INT8_8x8_Baseline","RVV_IGEMM_INT8_I8I32_8x8","igemm_kernel_8x8_zvl256b_lmulmf4_unroll2_i8i32",8x8,256b,mf4,2,INT8_RVV,0-7,8,8,1024,1024,1024,32,4,OK,0,NONE,0.069967084,GOPS,30.692771,parallel_tiles_including_required_packing,DISABLED,0,0,"0:cpu0:tiles4;1:cpu1:tiles4;2:cpu2:tiles4;3:cpu3:tiles4;4:cpu4:tiles4;5:cpu5:tiles4;6:cpu6:tiles4;7:cpu7:tiles4","NA",static,0,"NA","NA","/home/bananapi/MAT/kernels riscv rvv 1.0/FINAL/riscv-rvv-ime-gemm-microkernels-updated/HETEROGENEOUS_RVV_IME_OPENMP_GEMM/results/openmp_results_k1-rvv_1024_20260904_123239/raw_logs/GEMM_RVV_FP32_INT8_8x8_Baseline_RVV_IGEMM_INT8_I8I32_8x8_igemm_kernel_8x8_zvl256b_lmulmf4_unroll2_i8i32_run4.log",NA,NA,NA,NA,NA,NA,NA
k1_kernel_tuning,RVV,tile_N,32,2026-09-04T12:54:23,k1-rvv,"GEMM_RVV_FP32_INT8_8x8_Baseline","RVV_IGEMM_INT8_I8I32_8x8","igemm_kernel_8x8_zvl256b_lmulmf4_unroll2_i8i32",8x8,256b,mf4,2,INT8_RVV,0-7,8,8,1024,1024,1024,32,5,OK,0,NONE,0.069460291,GOPS,30.916709,parallel_tiles_including_required_packing,DISABLED,0,0,"0:cpu0:tiles4;1:cpu1:tiles4;2:cpu2:tiles4;3:cpu3:tiles4;4:cpu4:tiles4;5:cpu5:tiles4;6:cpu6:tiles4;7:cpu7:tiles4","NA",static,0,"NA","NA","/home/bananapi/MAT/kernels riscv rvv 1.0/FINAL/riscv-rvv-ime-gemm-microkernels-updated/HETEROGENEOUS_RVV_IME_OPENMP_GEMM/results/openmp_results_k1-rvv_1024_20260904_123239/raw_logs/GEMM_RVV_FP32_INT8_8x8_Baseline_RVV_IGEMM_INT8_I8I32_8x8_igemm_kernel_8x8_zvl256b_lmulmf4_unroll2_i8i32_run5.log",NA,NA,NA,NA,NA,NA,NA
k1_kernel_tuning,RVV,tile_N,32,2026-09-04T12:54:24,k1-rvv,"GEMM_RVV_FP32_INT8_8x8_Baseline","RVV_IGEMM_INT8_I8I32_8x8","igemm_kernel_8x8_zvl256b_lmulmf4_unroll2_i8i32",8x8,256b,mf4,2,INT8_RVV,0-7,8,8,1024,1024,1024,32,6,OK,0,NONE,0.071872417,GOPS,29.879107,parallel_tiles_including_required_packing,DISABLED,0,0,"0:cpu0:tiles4;1:cpu1:tiles4;2:cpu2:tiles4;3:cpu3:tiles4;4:cpu4:tiles4;5:cpu5:tiles4;6:cpu6:tiles4;7:cpu7:tiles4","NA",static,0,"NA","NA","/home/bananapi/MAT/kernels riscv rvv 1.0/FINAL/riscv-rvv-ime-gemm-microkernels-updated/HETEROGENEOUS_RVV_IME_OPENMP_GEMM/results/openmp_results_k1-rvv_1024_20260904_123239/raw_logs/GEMM_RVV_FP32_INT8_8x8_Baseline_RVV_IGEMM_INT8_I8I32_8x8_igemm_kernel_8x8_zvl256b_lmulmf4_unroll2_i8i32_run6.log",NA,NA,NA,NA,NA,NA,NA
k1_kernel_tuning,RVV,tile_N,32,2026-09-04T12:55:03,k1-rvv,"GEMM_RVV_FP32_INT8_8x8_Baseline","RVV_IGEMM_INT8_I8I32_8x8","igemm_kernel_8x8_zvl256b_lmulmf4_unroll4_i8i32",8x8,256b,mf4,4,INT8_RVV,0-7,8,8,1024,1024,1024,32,1,OK,0,NONE,0.074366625,GOPS,28.876981,parallel_tiles_including_required_packing,INDEPENDENT_INT64_REFERENCE_EXACT_INT32,0,0,"0:cpu0:tiles4;1:cpu1:tiles4;2:cpu2:tiles4;3:cpu3:tiles4;4:cpu4:tiles4;5:cpu5:tiles4;6:cpu6:tiles4;7:cpu7:tiles4","NA",static,0,"NA","NA","/home/bananapi/MAT/kernels riscv rvv 1.0/FINAL/riscv-rvv-ime-gemm-microkernels-updated/HETEROGENEOUS_RVV_IME_OPENMP_GEMM/results/openmp_results_k1-rvv_1024_20260904_123239/raw_logs/GEMM_RVV_FP32_INT8_8x8_Baseline_RVV_IGEMM_INT8_I8I32_8x8_igemm_kernel_8x8_zvl256b_lmulmf4_unroll4_i8i32_run1.log",NA,NA,NA,NA,NA,NA,NA
k1_kernel_tuning,RVV,tile_N,32,2026-09-04T12:55:03,k1-rvv,"GEMM_RVV_FP32_INT8_8x8_Baseline","RVV_IGEMM_INT8_I8I32_8x8","igemm_kernel_8x8_zvl256b_lmulmf4_unroll4_i8i32",8x8,256b,mf4,4,INT8_RVV,0-7,8,8,1024,1024,1024,32,2,OK,0,NONE,0.073359624,GOPS,29.273373,parallel_tiles_including_required_packing,DISABLED,0,0,"0:cpu0:tiles4;1:cpu1:tiles4;2:cpu2:tiles4;3:cpu3:tiles4;4:cpu4:tiles4;5:cpu5:tiles4;6:cpu6:tiles4;7:cpu7:tiles4","NA",static,0,"NA","NA","/home/bananapi/MAT/kernels riscv rvv 1.0/FINAL/riscv-rvv-ime-gemm-microkernels-updated/HETEROGENEOUS_RVV_IME_OPENMP_GEMM/results/openmp_results_k1-rvv_1024_20260904_123239/raw_logs/GEMM_RVV_FP32_INT8_8x8_Baseline_RVV_IGEMM_INT8_I8I32_8x8_igemm_kernel_8x8_zvl256b_lmulmf4_unroll4_i8i32_run2.log",NA,NA,NA,NA,NA,NA,NA
k1_kernel_tuning,RVV,tile_N,32,2026-09-04T12:55:03,k1-rvv,"GEMM_RVV_FP32_INT8_8x8_Baseline","RVV_IGEMM_INT8_I8I32_8x8","igemm_kernel_8x8_zvl256b_lmulmf4_unroll4_i8i32",8x8,256b,mf4,4,INT8_RVV,0-7,8,8,1024,1024,1024,32,3,OK,0,NONE,0.074883293,GOPS,28.677740,parallel_tiles_including_required_packing,DISABLED,0,0,"0:cpu0:tiles4;1:cpu1:tiles4;2:cpu2:tiles4;3:cpu3:tiles4;4:cpu4:tiles4;5:cpu5:tiles4;6:cpu6:tiles4;7:cpu7:tiles4","NA",static,0,"NA","NA","/home/bananapi/MAT/kernels riscv rvv 1.0/FINAL/riscv-rvv-ime-gemm-microkernels-updated/HETEROGENEOUS_RVV_IME_OPENMP_GEMM/results/openmp_results_k1-rvv_1024_20260904_123239/raw_logs/GEMM_RVV_FP32_INT8_8x8_Baseline_RVV_IGEMM_INT8_I8I32_8x8_igemm_kernel_8x8_zvl256b_lmulmf4_unroll4_i8i32_run3.log",NA,NA,NA,NA,NA,NA,NA
k1_kernel_tuning,RVV,tile_N,32,2026-09-04T12:55:04,k1-rvv,"GEMM_RVV_FP32_INT8_8x8_Baseline","RVV_IGEMM_INT8_I8I32_8x8","igemm_kernel_8x8_zvl256b_lmulmf4_unroll4_i8i32",8x8,256b,mf4,4,INT8_RVV,0-7,8,8,1024,1024,1024,32,4,OK,0,NONE,0.072123583,GOPS,29.775055,parallel_tiles_including_required_packing,DISABLED,0,0,"0:cpu0:tiles4;1:cpu1:tiles4;2:cpu2:tiles4;3:cpu3:tiles4;4:cpu4:tiles4;5:cpu5:tiles4;6:cpu6:tiles4;7:cpu7:tiles4","NA",static,0,"NA","NA","/home/bananapi/MAT/kernels riscv rvv 1.0/FINAL/riscv-rvv-ime-gemm-microkernels-updated/HETEROGENEOUS_RVV_IME_OPENMP_GEMM/results/openmp_results_k1-rvv_1024_20260904_123239/raw_logs/GEMM_RVV_FP32_INT8_8x8_Baseline_RVV_IGEMM_INT8_I8I32_8x8_igemm_kernel_8x8_zvl256b_lmulmf4_unroll4_i8i32_run4.log",NA,NA,NA,NA,NA,NA,NA
k1_kernel_tuning,RVV,tile_N,32,2026-09-04T12:55:04,k1-rvv,"GEMM_RVV_FP32_INT8_8x8_Baseline","RVV_IGEMM_INT8_I8I32_8x8","igemm_kernel_8x8_zvl256b_lmulmf4_unroll4_i8i32",8x8,256b,mf4,4,INT8_RVV,0-7,8,8,1024,1024,1024,32,5,OK,0,NONE,0.073989667,GOPS,29.024102,parallel_tiles_including_required_packing,DISABLED,0,0,"0:cpu0:tiles4;1:cpu1:tiles4;2:cpu2:tiles4;3:cpu3:tiles4;4:cpu4:tiles4;5:cpu5:tiles4;6:cpu6:tiles4;7:cpu7:tiles4","NA",static,0,"NA","NA","/home/bananapi/MAT/kernels riscv rvv 1.0/FINAL/riscv-rvv-ime-gemm-microkernels-updated/HETEROGENEOUS_RVV_IME_OPENMP_GEMM/results/openmp_results_k1-rvv_1024_20260904_123239/raw_logs/GEMM_RVV_FP32_INT8_8x8_Baseline_RVV_IGEMM_INT8_I8I32_8x8_igemm_kernel_8x8_zvl256b_lmulmf4_unroll4_i8i32_run5.log",NA,NA,NA,NA,NA,NA,NA
k1_kernel_tuning,RVV,tile_N,32,2026-09-04T12:55:05,k1-rvv,"GEMM_RVV_FP32_INT8_8x8_Baseline","RVV_IGEMM_INT8_I8I32_8x8","igemm_kernel_8x8_zvl256b_lmulmf4_unroll4_i8i32",8x8,256b,mf4,4,INT8_RVV,0-7,8,8,1024,1024,1024,32,6,OK,0,NONE,0.079283752,GOPS,27.086050,parallel_tiles_including_required_packing,DISABLED,0,0,"0:cpu0:tiles4;1:cpu1:tiles4;2:cpu2:tiles4;3:cpu3:tiles4;4:cpu4:tiles4;5:cpu5:tiles4;6:cpu6:tiles4;7:cpu7:tiles4","NA",static,0,"NA","NA","/home/bananapi/MAT/kernels riscv rvv 1.0/FINAL/riscv-rvv-ime-gemm-microkernels-updated/HETEROGENEOUS_RVV_IME_OPENMP_GEMM/results/openmp_results_k1-rvv_1024_20260904_123239/raw_logs/GEMM_RVV_FP32_INT8_8x8_Baseline_RVV_IGEMM_INT8_I8I32_8x8_igemm_kernel_8x8_zvl256b_lmulmf4_unroll4_i8i32_run6.log",NA,NA,NA,NA,NA,NA,NA
k1_kernel_tuning,RVV,tile_N,32,2026-09-04T12:55:44,k1-rvv,"GEMM_RVV_FP32_INT8_8x8_Baseline","RVV_IGEMM_INT8_I8I32_8x8","igemm_kernel_8x8_zvl256b_lmulmf4_unroll8_i8i32",8x8,256b,mf4,8,INT8_RVV,0-7,8,8,1024,1024,1024,32,1,OK,0,NONE,0.071562793,GOPS,30.008382,parallel_tiles_including_required_packing,INDEPENDENT_INT64_REFERENCE_EXACT_INT32,0,0,"0:cpu0:tiles4;1:cpu1:tiles4;2:cpu2:tiles4;3:cpu3:tiles4;4:cpu4:tiles4;5:cpu5:tiles4;6:cpu6:tiles4;7:cpu7:tiles4","NA",static,0,"NA","NA","/home/bananapi/MAT/kernels riscv rvv 1.0/FINAL/riscv-rvv-ime-gemm-microkernels-updated/HETEROGENEOUS_RVV_IME_OPENMP_GEMM/results/openmp_results_k1-rvv_1024_20260904_123239/raw_logs/GEMM_RVV_FP32_INT8_8x8_Baseline_RVV_IGEMM_INT8_I8I32_8x8_igemm_kernel_8x8_zvl256b_lmulmf4_unroll8_i8i32_run1.log",NA,NA,NA,NA,NA,NA,NA
k1_kernel_tuning,RVV,tile_N,32,2026-09-04T12:55:45,k1-rvv,"GEMM_RVV_FP32_INT8_8x8_Baseline","RVV_IGEMM_INT8_I8I32_8x8","igemm_kernel_8x8_zvl256b_lmulmf4_unroll8_i8i32",8x8,256b,mf4,8,INT8_RVV,0-7,8,8,1024,1024,1024,32,2,OK,0,NONE,0.072067667,GOPS,29.798157,parallel_tiles_including_required_packing,DISABLED,0,0,"0:cpu0:tiles4;1:cpu1:tiles4;2:cpu2:tiles4;3:cpu3:tiles4;4:cpu4:tiles4;5:cpu5:tiles4;6:cpu6:tiles4;7:cpu7:tiles4","NA",static,0,"NA","NA","/home/bananapi/MAT/kernels riscv rvv 1.0/FINAL/riscv-rvv-ime-gemm-microkernels-updated/HETEROGENEOUS_RVV_IME_OPENMP_GEMM/results/openmp_results_k1-rvv_1024_20260904_123239/raw_logs/GEMM_RVV_FP32_INT8_8x8_Baseline_RVV_IGEMM_INT8_I8I32_8x8_igemm_kernel_8x8_zvl256b_lmulmf4_unroll8_i8i32_run2.log",NA,NA,NA,NA,NA,NA,NA
k1_kernel_tuning,RVV,tile_N,32,2026-09-04T12:55:45,k1-rvv,"GEMM_RVV_FP32_INT8_8x8_Baseline","RVV_IGEMM_INT8_I8I32_8x8","igemm_kernel_8x8_zvl256b_lmulmf4_unroll8_i8i32",8x8,256b,mf4,8,INT8_RVV,0-7,8,8,1024,1024,1024,32,3,OK,0,NONE,0.073629376,GOPS,29.166126,parallel_tiles_including_required_packing,DISABLED,0,0,"0:cpu0:tiles4;1:cpu1:tiles4;2:cpu2:tiles4;3:cpu3:tiles4;4:cpu4:tiles4;5:cpu5:tiles4;6:cpu6:tiles4;7:cpu7:tiles4","NA",static,0,"NA","NA","/home/bananapi/MAT/kernels riscv rvv 1.0/FINAL/riscv-rvv-ime-gemm-microkernels-updated/HETEROGENEOUS_RVV_IME_OPENMP_GEMM/results/openmp_results_k1-rvv_1024_20260904_123239/raw_logs/GEMM_RVV_FP32_INT8_8x8_Baseline_RVV_IGEMM_INT8_I8I32_8x8_igemm_kernel_8x8_zvl256b_lmulmf4_unroll8_i8i32_run3.log",NA,NA,NA,NA,NA,NA,NA
k1_kernel_tuning,RVV,tile_N,32,2026-09-04T12:55:46,k1-rvv,"GEMM_RVV_FP32_INT8_8x8_Baseline","RVV_IGEMM_INT8_I8I32_8x8","igemm_kernel_8x8_zvl256b_lmulmf4_unroll8_i8i32",8x8,256b,mf4,8,INT8_RVV,0-7,8,8,1024,1024,1024,32,4,OK,0,NONE,0.074550167,GOPS,28.805887,parallel_tiles_including_required_packing,DISABLED,0,0,"0:cpu0:tiles4;1:cpu1:tiles4;2:cpu2:tiles4;3:cpu3:tiles4;4:cpu4:tiles4;5:cpu5:tiles4;6:cpu6:tiles4;7:cpu7:tiles4","NA",static,0,"NA","NA","/home/bananapi/MAT/kernels riscv rvv 1.0/FINAL/riscv-rvv-ime-gemm-microkernels-updated/HETEROGENEOUS_RVV_IME_OPENMP_GEMM/results/openmp_results_k1-rvv_1024_20260904_123239/raw_logs/GEMM_RVV_FP32_INT8_8x8_Baseline_RVV_IGEMM_INT8_I8I32_8x8_igemm_kernel_8x8_zvl256b_lmulmf4_unroll8_i8i32_run4.log",NA,NA,NA,NA,NA,NA,NA
k1_kernel_tuning,RVV,tile_N,32,2026-09-04T12:55:46,k1-rvv,"GEMM_RVV_FP32_INT8_8x8_Baseline","RVV_IGEMM_INT8_I8I32_8x8","igemm_kernel_8x8_zvl256b_lmulmf4_unroll8_i8i32",8x8,256b,mf4,8,INT8_RVV,0-7,8,8,1024,1024,1024,32,5,OK,0,NONE,0.069577627,GOPS,30.864572,parallel_tiles_including_required_packing,DISABLED,0,0,"0:cpu0:tiles4;1:cpu1:tiles4;2:cpu2:tiles4;3:cpu3:tiles4;4:cpu4:tiles4;5:cpu5:tiles4;6:cpu6:tiles4;7:cpu7:tiles4","NA",static,0,"NA","NA","/home/bananapi/MAT/kernels riscv rvv 1.0/FINAL/riscv-rvv-ime-gemm-microkernels-updated/HETEROGENEOUS_RVV_IME_OPENMP_GEMM/results/openmp_results_k1-rvv_1024_20260904_123239/raw_logs/GEMM_RVV_FP32_INT8_8x8_Baseline_RVV_IGEMM_INT8_I8I32_8x8_igemm_kernel_8x8_zvl256b_lmulmf4_unroll8_i8i32_run5.log",NA,NA,NA,NA,NA,NA,NA
k1_kernel_tuning,RVV,tile_N,32,2026-09-04T12:55:47,k1-rvv,"GEMM_RVV_FP32_INT8_8x8_Baseline","RVV_IGEMM_INT8_I8I32_8x8","igemm_kernel_8x8_zvl256b_lmulmf4_unroll8_i8i32",8x8,256b,mf4,8,INT8_RVV,0-7,8,8,1024,1024,1024,32,6,OK,0,NONE,0.073672332,GOPS,29.149120,parallel_tiles_including_required_packing,DISABLED,0,0,"0:cpu0:tiles4;1:cpu1:tiles4;2:cpu2:tiles4;3:cpu3:tiles4;4:cpu4:tiles4;5:cpu5:tiles4;6:cpu6:tiles4;7:cpu7:tiles4","NA",static,0,"NA","NA","/home/bananapi/MAT/kernels riscv rvv 1.0/FINAL/riscv-rvv-ime-gemm-microkernels-updated/HETEROGENEOUS_RVV_IME_OPENMP_GEMM/results/openmp_results_k1-rvv_1024_20260904_123239/raw_logs/GEMM_RVV_FP32_INT8_8x8_Baseline_RVV_IGEMM_INT8_I8I32_8x8_igemm_kernel_8x8_zvl256b_lmulmf4_unroll8_i8i32_run6.log",NA,NA,NA,NA,NA,NA,NA
k1_kernel_tuning,IME,tile_N,32,2026-09-04T12:56:35,k1-ime,"IME_NATIVE_KERNELS","IME_GEMM_INT8_I8I32_8x4_NATIVE","ime_kernel_8x4_zvl256b_lmul1_unroll1",8x4,256b,1,1,INT8_IME,0-3,4,4,1024,1024,1024,32,1,OK,0,NONE,0.130485460,GOPS,16.457647,parallel_tiles_including_required_packing,INDEPENDENT_INT64_REFERENCE_EXACT_INT32,0,0,"0:cpu0:tiles8;1:cpu1:tiles8;2:cpu2:tiles8;3:cpu3:tiles8","NA",static,0,"NA","NA","/home/bananapi/MAT/kernels riscv rvv 1.0/FINAL/riscv-rvv-ime-gemm-microkernels-updated/HETEROGENEOUS_RVV_IME_OPENMP_GEMM/results/openmp_results_k1-ime_1024_20260904_125554/raw_logs/IME_NATIVE_KERNELS_IME_GEMM_INT8_I8I32_8x4_NATIVE_ime_kernel_8x4_zvl256b_lmul1_unroll1_run1.log",NA,NA,NA,NA,NA,NA,NA
k1_kernel_tuning,IME,tile_N,32,2026-09-04T12:56:36,k1-ime,"IME_NATIVE_KERNELS","IME_GEMM_INT8_I8I32_8x4_NATIVE","ime_kernel_8x4_zvl256b_lmul1_unroll1",8x4,256b,1,1,INT8_IME,0-3,4,4,1024,1024,1024,32,2,OK,0,NONE,0.127004500,GOPS,16.908721,parallel_tiles_including_required_packing,DISABLED,0,0,"0:cpu0:tiles8;1:cpu1:tiles8;2:cpu2:tiles8;3:cpu3:tiles8","NA",static,0,"NA","NA","/home/bananapi/MAT/kernels riscv rvv 1.0/FINAL/riscv-rvv-ime-gemm-microkernels-updated/HETEROGENEOUS_RVV_IME_OPENMP_GEMM/results/openmp_results_k1-ime_1024_20260904_125554/raw_logs/IME_NATIVE_KERNELS_IME_GEMM_INT8_I8I32_8x4_NATIVE_ime_kernel_8x4_zvl256b_lmul1_unroll1_run2.log",NA,NA,NA,NA,NA,NA,NA
k1_kernel_tuning,IME,tile_N,32,2026-09-04T12:56:37,k1-ime,"IME_NATIVE_KERNELS","IME_GEMM_INT8_I8I32_8x4_NATIVE","ime_kernel_8x4_zvl256b_lmul1_unroll1",8x4,256b,1,1,INT8_IME,0-3,4,4,1024,1024,1024,32,3,OK,0,NONE,0.137219332,GOPS,15.650008,parallel_tiles_including_required_packing,DISABLED,0,0,"0:cpu0:tiles8;1:cpu1:tiles8;2:cpu2:tiles8;3:cpu3:tiles8","NA",static,0,"NA","NA","/home/bananapi/MAT/kernels riscv rvv 1.0/FINAL/riscv-rvv-ime-gemm-microkernels-updated/HETEROGENEOUS_RVV_IME_OPENMP_GEMM/results/openmp_results_k1-ime_1024_20260904_125554/raw_logs/IME_NATIVE_KERNELS_IME_GEMM_INT8_I8I32_8x4_NATIVE_ime_kernel_8x4_zvl256b_lmul1_unroll1_run3.log",NA,NA,NA,NA,NA,NA,NA
k1_kernel_tuning,IME,tile_N,32,2026-09-04T12:56:37,k1-ime,"IME_NATIVE_KERNELS","IME_GEMM_INT8_I8I32_8x4_NATIVE","ime_kernel_8x4_zvl256b_lmul1_unroll1",8x4,256b,1,1,INT8_IME,0-3,4,4,1024,1024,1024,32,4,OK,0,NONE,0.132265374,GOPS,16.236174,parallel_tiles_including_required_packing,DISABLED,0,0,"0:cpu0:tiles8;1:cpu1:tiles8;2:cpu2:tiles8;3:cpu3:tiles8","NA",static,0,"NA","NA","/home/bananapi/MAT/kernels riscv rvv 1.0/FINAL/riscv-rvv-ime-gemm-microkernels-updated/HETEROGENEOUS_RVV_IME_OPENMP_GEMM/results/openmp_results_k1-ime_1024_20260904_125554/raw_logs/IME_NATIVE_KERNELS_IME_GEMM_INT8_I8I32_8x4_NATIVE_ime_kernel_8x4_zvl256b_lmul1_unroll1_run4.log",NA,NA,NA,NA,NA,NA,NA
k1_kernel_tuning,IME,tile_N,32,2026-09-04T12:56:38,k1-ime,"IME_NATIVE_KERNELS","IME_GEMM_INT8_I8I32_8x4_NATIVE","ime_kernel_8x4_zvl256b_lmul1_unroll1",8x4,256b,1,1,INT8_IME,0-3,4,4,1024,1024,1024,32,5,OK,0,NONE,0.127653543,GOPS,16.822750,parallel_tiles_including_required_packing,DISABLED,0,0,"0:cpu0:tiles8;1:cpu1:tiles8;2:cpu2:tiles8;3:cpu3:tiles8","NA",static,0,"NA","NA","/home/bananapi/MAT/kernels riscv rvv 1.0/FINAL/riscv-rvv-ime-gemm-microkernels-updated/HETEROGENEOUS_RVV_IME_OPENMP_GEMM/results/openmp_results_k1-ime_1024_20260904_125554/raw_logs/IME_NATIVE_KERNELS_IME_GEMM_INT8_I8I32_8x4_NATIVE_ime_kernel_8x4_zvl256b_lmul1_unroll1_run5.log",NA,NA,NA,NA,NA,NA,NA
k1_kernel_tuning,IME,tile_N,32,2026-09-04T12:56:38,k1-ime,"IME_NATIVE_KERNELS","IME_GEMM_INT8_I8I32_8x4_NATIVE","ime_kernel_8x4_zvl256b_lmul1_unroll1",8x4,256b,1,1,INT8_IME,0-3,4,4,1024,1024,1024,32,6,OK,0,NONE,0.142836500,GOPS,15.034558,parallel_tiles_including_required_packing,DISABLED,0,0,"0:cpu0:tiles8;1:cpu1:tiles8;2:cpu2:tiles8;3:cpu3:tiles8","NA",static,0,"NA","NA","/home/bananapi/MAT/kernels riscv rvv 1.0/FINAL/riscv-rvv-ime-gemm-microkernels-updated/HETEROGENEOUS_RVV_IME_OPENMP_GEMM/results/openmp_results_k1-ime_1024_20260904_125554/raw_logs/IME_NATIVE_KERNELS_IME_GEMM_INT8_I8I32_8x4_NATIVE_ime_kernel_8x4_zvl256b_lmul1_unroll1_run6.log",NA,NA,NA,NA,NA,NA,NA
k1_kernel_tuning,IME,tile_N,32,2026-09-04T12:57:33,k1-ime,"IME_NATIVE_KERNELS","IME_GEMM_INT8_I8I32_8x4_NATIVE","ime_kernel_8x4_zvl256b_lmul1_unroll2",8x4,256b,1,2,INT8_IME,0-3,4,4,1024,1024,1024,32,1,OK,0,NONE,0.131424751,GOPS,16.340024,parallel_tiles_including_required_packing,INDEPENDENT_INT64_REFERENCE_EXACT_INT32,0,0,"0:cpu0:tiles8;1:cpu1:tiles8;2:cpu2:tiles8;3:cpu3:tiles8","NA",static,0,"NA","NA","/home/bananapi/MAT/kernels riscv rvv 1.0/FINAL/riscv-rvv-ime-gemm-microkernels-updated/HETEROGENEOUS_RVV_IME_OPENMP_GEMM/results/openmp_results_k1-ime_1024_20260904_125554/raw_logs/IME_NATIVE_KERNELS_IME_GEMM_INT8_I8I32_8x4_NATIVE_ime_kernel_8x4_zvl256b_lmul1_unroll2_run1.log",NA,NA,NA,NA,NA,NA,NA
k1_kernel_tuning,IME,tile_N,32,2026-09-04T12:57:33,k1-ime,"IME_NATIVE_KERNELS","IME_GEMM_INT8_I8I32_8x4_NATIVE","ime_kernel_8x4_zvl256b_lmul1_unroll2",8x4,256b,1,2,INT8_IME,0-3,4,4,1024,1024,1024,32,2,OK,0,NONE,0.142529916,GOPS,15.066898,parallel_tiles_including_required_packing,DISABLED,0,0,"0:cpu0:tiles8;1:cpu1:tiles8;2:cpu2:tiles8;3:cpu3:tiles8","NA",static,0,"NA","NA","/home/bananapi/MAT/kernels riscv rvv 1.0/FINAL/riscv-rvv-ime-gemm-microkernels-updated/HETEROGENEOUS_RVV_IME_OPENMP_GEMM/results/openmp_results_k1-ime_1024_20260904_125554/raw_logs/IME_NATIVE_KERNELS_IME_GEMM_INT8_I8I32_8x4_NATIVE_ime_kernel_8x4_zvl256b_lmul1_unroll2_run2.log",NA,NA,NA,NA,NA,NA,NA
k1_kernel_tuning,IME,tile_N,32,2026-09-04T12:57:34,k1-ime,"IME_NATIVE_KERNELS","IME_GEMM_INT8_I8I32_8x4_NATIVE","ime_kernel_8x4_zvl256b_lmul1_unroll2",8x4,256b,1,2,INT8_IME,0-3,4,4,1024,1024,1024,32,3,OK,0,NONE,0.136497457,GOPS,15.732774,parallel_tiles_including_required_packing,DISABLED,0,0,"0:cpu0:tiles8;1:cpu1:tiles8;2:cpu2:tiles8;3:cpu3:tiles8","NA",static,0,"NA","NA","/home/bananapi/MAT/kernels riscv rvv 1.0/FINAL/riscv-rvv-ime-gemm-microkernels-updated/HETEROGENEOUS_RVV_IME_OPENMP_GEMM/results/openmp_results_k1-ime_1024_20260904_125554/raw_logs/IME_NATIVE_KERNELS_IME_GEMM_INT8_I8I32_8x4_NATIVE_ime_kernel_8x4_zvl256b_lmul1_unroll2_run3.log",NA,NA,NA,NA,NA,NA,NA
k1_kernel_tuning,IME,tile_N,32,2026-09-04T12:57:35,k1-ime,"IME_NATIVE_KERNELS","IME_GEMM_INT8_I8I32_8x4_NATIVE","ime_kernel_8x4_zvl256b_lmul1_unroll2",8x4,256b,1,2,INT8_IME,0-3,4,4,1024,1024,1024,32,4,OK,0,NONE,0.142591041,GOPS,15.060439,parallel_tiles_including_required_packing,DISABLED,0,0,"0:cpu0:tiles8;1:cpu1:tiles8;2:cpu2:tiles8;3:cpu3:tiles8","NA",static,0,"NA","NA","/home/bananapi/MAT/kernels riscv rvv 1.0/FINAL/riscv-rvv-ime-gemm-microkernels-updated/HETEROGENEOUS_RVV_IME_OPENMP_GEMM/results/openmp_results_k1-ime_1024_20260904_125554/raw_logs/IME_NATIVE_KERNELS_IME_GEMM_INT8_I8I32_8x4_NATIVE_ime_kernel_8x4_zvl256b_lmul1_unroll2_run4.log",NA,NA,NA,NA,NA,NA,NA
k1_kernel_tuning,IME,tile_N,32,2026-09-04T12:57:35,k1-ime,"IME_NATIVE_KERNELS","IME_GEMM_INT8_I8I32_8x4_NATIVE","ime_kernel_8x4_zvl256b_lmul1_unroll2",8x4,256b,1,2,INT8_IME,0-3,4,4,1024,1024,1024,32,5,OK,0,NONE,0.133476499,GOPS,16.088852,parallel_tiles_including_required_packing,DISABLED,0,0,"0:cpu0:tiles8;1:cpu1:tiles8;2:cpu2:tiles8;3:cpu3:tiles8","NA",static,0,"NA","NA","/home/bananapi/MAT/kernels riscv rvv 1.0/FINAL/riscv-rvv-ime-gemm-microkernels-updated/HETEROGENEOUS_RVV_IME_OPENMP_GEMM/results/openmp_results_k1-ime_1024_20260904_125554/raw_logs/IME_NATIVE_KERNELS_IME_GEMM_INT8_I8I32_8x4_NATIVE_ime_kernel_8x4_zvl256b_lmul1_unroll2_run5.log",NA,NA,NA,NA,NA,NA,NA
k1_kernel_tuning,IME,tile_N,32,2026-09-04T12:57:36,k1-ime,"IME_NATIVE_KERNELS","IME_GEMM_INT8_I8I32_8x4_NATIVE","ime_kernel_8x4_zvl256b_lmul1_unroll2",8x4,256b,1,2,INT8_IME,0-3,4,4,1024,1024,1024,32,6,OK,0,NONE,0.152372334,GOPS,14.093659,parallel_tiles_including_required_packing,DISABLED,0,0,"0:cpu0:tiles8;1:cpu1:tiles8;2:cpu2:tiles8;3:cpu3:tiles8","NA",static,0,"NA","NA","/home/bananapi/MAT/kernels riscv rvv 1.0/FINAL/riscv-rvv-ime-gemm-microkernels-updated/HETEROGENEOUS_RVV_IME_OPENMP_GEMM/results/openmp_results_k1-ime_1024_20260904_125554/raw_logs/IME_NATIVE_KERNELS_IME_GEMM_INT8_I8I32_8x4_NATIVE_ime_kernel_8x4_zvl256b_lmul1_unroll2_run6.log",NA,NA,NA,NA,NA,NA,NA
k1_kernel_tuning,IME,tile_N,32,2026-09-04T12:58:30,k1-ime,"IME_NATIVE_KERNELS","IME_GEMM_INT8_I8I32_8x4_NATIVE","ime_kernel_8x4_zvl256b_lmul1_unroll4",8x4,256b,1,4,INT8_IME,0-3,4,4,1024,1024,1024,32,1,OK,0,NONE,0.132407084,GOPS,16.218797,parallel_tiles_including_required_packing,INDEPENDENT_INT64_REFERENCE_EXACT_INT32,0,0,"0:cpu0:tiles8;1:cpu1:tiles8;2:cpu2:tiles8;3:cpu3:tiles8","NA",static,0,"NA","NA","/home/bananapi/MAT/kernels riscv rvv 1.0/FINAL/riscv-rvv-ime-gemm-microkernels-updated/HETEROGENEOUS_RVV_IME_OPENMP_GEMM/results/openmp_results_k1-ime_1024_20260904_125554/raw_logs/IME_NATIVE_KERNELS_IME_GEMM_INT8_I8I32_8x4_NATIVE_ime_kernel_8x4_zvl256b_lmul1_unroll4_run1.log",NA,NA,NA,NA,NA,NA,NA
k1_kernel_tuning,IME,tile_N,32,2026-09-04T12:58:31,k1-ime,"IME_NATIVE_KERNELS","IME_GEMM_INT8_I8I32_8x4_NATIVE","ime_kernel_8x4_zvl256b_lmul1_unroll4",8x4,256b,1,4,INT8_IME,0-3,4,4,1024,1024,1024,32,2,OK,0,NONE,0.128367167,GOPS,16.729228,parallel_tiles_including_required_packing,DISABLED,0,0,"0:cpu0:tiles8;1:cpu1:tiles8;2:cpu2:tiles8;3:cpu3:tiles8","NA",static,0,"NA","NA","/home/bananapi/MAT/kernels riscv rvv 1.0/FINAL/riscv-rvv-ime-gemm-microkernels-updated/HETEROGENEOUS_RVV_IME_OPENMP_GEMM/results/openmp_results_k1-ime_1024_20260904_125554/raw_logs/IME_NATIVE_KERNELS_IME_GEMM_INT8_I8I32_8x4_NATIVE_ime_kernel_8x4_zvl256b_lmul1_unroll4_run2.log",NA,NA,NA,NA,NA,NA,NA
k1_kernel_tuning,IME,tile_N,32,2026-09-04T12:58:31,k1-ime,"IME_NATIVE_KERNELS","IME_GEMM_INT8_I8I32_8x4_NATIVE","ime_kernel_8x4_zvl256b_lmul1_unroll4",8x4,256b,1,4,INT8_IME,0-3,4,4,1024,1024,1024,32,3,OK,0,NONE,0.129263792,GOPS,16.613188,parallel_tiles_including_required_packing,DISABLED,0,0,"0:cpu0:tiles8;1:cpu1:tiles8;2:cpu2:tiles8;3:cpu3:tiles8","NA",static,0,"NA","NA","/home/bananapi/MAT/kernels riscv rvv 1.0/FINAL/riscv-rvv-ime-gemm-microkernels-updated/HETEROGENEOUS_RVV_IME_OPENMP_GEMM/results/openmp_results_k1-ime_1024_20260904_125554/raw_logs/IME_NATIVE_KERNELS_IME_GEMM_INT8_I8I32_8x4_NATIVE_ime_kernel_8x4_zvl256b_lmul1_unroll4_run3.log",NA,NA,NA,NA,NA,NA,NA
k1_kernel_tuning,IME,tile_N,32,2026-09-04T12:58:32,k1-ime,"IME_NATIVE_KERNELS","IME_GEMM_INT8_I8I32_8x4_NATIVE","ime_kernel_8x4_zvl256b_lmul1_unroll4",8x4,256b,1,4,INT8_IME,0-3,4,4,1024,1024,1024,32,4,OK,0,NONE,0.128831957,GOPS,16.668874,parallel_tiles_including_required_packing,DISABLED,0,0,"0:cpu0:tiles8;1:cpu1:tiles8;2:cpu2:tiles8;3:cpu3:tiles8","NA",static,0,"NA","NA","/home/bananapi/MAT/kernels riscv rvv 1.0/FINAL/riscv-rvv-ime-gemm-microkernels-updated/HETEROGENEOUS_RVV_IME_OPENMP_GEMM/results/openmp_results_k1-ime_1024_20260904_125554/raw_logs/IME_NATIVE_KERNELS_IME_GEMM_INT8_I8I32_8x4_NATIVE_ime_kernel_8x4_zvl256b_lmul1_unroll4_run4.log",NA,NA,NA,NA,NA,NA,NA
k1_kernel_tuning,IME,tile_N,32,2026-09-04T12:58:32,k1-ime,"IME_NATIVE_KERNELS","IME_GEMM_INT8_I8I32_8x4_NATIVE","ime_kernel_8x4_zvl256b_lmul1_unroll4",8x4,256b,1,4,INT8_IME,0-3,4,4,1024,1024,1024,32,5,OK,0,NONE,0.129449125,GOPS,16.589403,parallel_tiles_including_required_packing,DISABLED,0,0,"0:cpu0:tiles8;1:cpu1:tiles8;2:cpu2:tiles8;3:cpu3:tiles8","NA",static,0,"NA","NA","/home/bananapi/MAT/kernels riscv rvv 1.0/FINAL/riscv-rvv-ime-gemm-microkernels-updated/HETEROGENEOUS_RVV_IME_OPENMP_GEMM/results/openmp_results_k1-ime_1024_20260904_125554/raw_logs/IME_NATIVE_KERNELS_IME_GEMM_INT8_I8I32_8x4_NATIVE_ime_kernel_8x4_zvl256b_lmul1_unroll4_run5.log",NA,NA,NA,NA,NA,NA,NA
k1_kernel_tuning,IME,tile_N,32,2026-09-04T12:58:33,k1-ime,"IME_NATIVE_KERNELS","IME_GEMM_INT8_I8I32_8x4_NATIVE","ime_kernel_8x4_zvl256b_lmul1_unroll4",8x4,256b,1,4,INT8_IME,0-3,4,4,1024,1024,1024,32,6,OK,0,NONE,0.126567252,GOPS,16.967135,parallel_tiles_including_required_packing,DISABLED,0,0,"0:cpu0:tiles8;1:cpu1:tiles8;2:cpu2:tiles8;3:cpu3:tiles8","NA",static,0,"NA","NA","/home/bananapi/MAT/kernels riscv rvv 1.0/FINAL/riscv-rvv-ime-gemm-microkernels-updated/HETEROGENEOUS_RVV_IME_OPENMP_GEMM/results/openmp_results_k1-ime_1024_20260904_125554/raw_logs/IME_NATIVE_KERNELS_IME_GEMM_INT8_I8I32_8x4_NATIVE_ime_kernel_8x4_zvl256b_lmul1_unroll4_run6.log",NA,NA,NA,NA,NA,NA,NA
k1_kernel_tuning,IME,tile_N,32,2026-09-04T12:59:27,k1-ime,"IME_NATIVE_KERNELS","IME_GEMM_INT8_I8I32_8x4_NATIVE","ime_kernel_8x4_zvl256b_lmul1_unroll8",8x4,256b,1,8,INT8_IME,0-3,4,4,1024,1024,1024,32,1,OK,0,NONE,0.127839625,GOPS,16.798263,parallel_tiles_including_required_packing,INDEPENDENT_INT64_REFERENCE_EXACT_INT32,0,0,"0:cpu0:tiles8;1:cpu1:tiles8;2:cpu2:tiles8;3:cpu3:tiles8","NA",static,0,"NA","NA","/home/bananapi/MAT/kernels riscv rvv 1.0/FINAL/riscv-rvv-ime-gemm-microkernels-updated/HETEROGENEOUS_RVV_IME_OPENMP_GEMM/results/openmp_results_k1-ime_1024_20260904_125554/raw_logs/IME_NATIVE_KERNELS_IME_GEMM_INT8_I8I32_8x4_NATIVE_ime_kernel_8x4_zvl256b_lmul1_unroll8_run1.log",NA,NA,NA,NA,NA,NA,NA
k1_kernel_tuning,IME,tile_N,32,2026-09-04T12:59:28,k1-ime,"IME_NATIVE_KERNELS","IME_GEMM_INT8_I8I32_8x4_NATIVE","ime_kernel_8x4_zvl256b_lmul1_unroll8",8x4,256b,1,8,INT8_IME,0-3,4,4,1024,1024,1024,32,2,OK,0,NONE,0.137721125,GOPS,15.592987,parallel_tiles_including_required_packing,DISABLED,0,0,"0:cpu0:tiles8;1:cpu1:tiles8;2:cpu2:tiles8;3:cpu3:tiles8","NA",static,0,"NA","NA","/home/bananapi/MAT/kernels riscv rvv 1.0/FINAL/riscv-rvv-ime-gemm-microkernels-updated/HETEROGENEOUS_RVV_IME_OPENMP_GEMM/results/openmp_results_k1-ime_1024_20260904_125554/raw_logs/IME_NATIVE_KERNELS_IME_GEMM_INT8_I8I32_8x4_NATIVE_ime_kernel_8x4_zvl256b_lmul1_unroll8_run2.log",NA,NA,NA,NA,NA,NA,NA
k1_kernel_tuning,IME,tile_N,32,2026-09-04T12:59:29,k1-ime,"IME_NATIVE_KERNELS","IME_GEMM_INT8_I8I32_8x4_NATIVE","ime_kernel_8x4_zvl256b_lmul1_unroll8",8x4,256b,1,8,INT8_IME,0-3,4,4,1024,1024,1024,32,3,OK,0,NONE,0.143423583,GOPS,14.973016,parallel_tiles_including_required_packing,DISABLED,0,0,"0:cpu0:tiles8;1:cpu1:tiles8;2:cpu2:tiles8;3:cpu3:tiles8","NA",static,0,"NA","NA","/home/bananapi/MAT/kernels riscv rvv 1.0/FINAL/riscv-rvv-ime-gemm-microkernels-updated/HETEROGENEOUS_RVV_IME_OPENMP_GEMM/results/openmp_results_k1-ime_1024_20260904_125554/raw_logs/IME_NATIVE_KERNELS_IME_GEMM_INT8_I8I32_8x4_NATIVE_ime_kernel_8x4_zvl256b_lmul1_unroll8_run3.log",NA,NA,NA,NA,NA,NA,NA
k1_kernel_tuning,IME,tile_N,32,2026-09-04T12:59:29,k1-ime,"IME_NATIVE_KERNELS","IME_GEMM_INT8_I8I32_8x4_NATIVE","ime_kernel_8x4_zvl256b_lmul1_unroll8",8x4,256b,1,8,INT8_IME,0-3,4,4,1024,1024,1024,32,4,OK,0,NONE,0.135174416,GOPS,15.886761,parallel_tiles_including_required_packing,DISABLED,0,0,"0:cpu0:tiles8;1:cpu1:tiles8;2:cpu2:tiles8;3:cpu3:tiles8","NA",static,0,"NA","NA","/home/bananapi/MAT/kernels riscv rvv 1.0/FINAL/riscv-rvv-ime-gemm-microkernels-updated/HETEROGENEOUS_RVV_IME_OPENMP_GEMM/results/openmp_results_k1-ime_1024_20260904_125554/raw_logs/IME_NATIVE_KERNELS_IME_GEMM_INT8_I8I32_8x4_NATIVE_ime_kernel_8x4_zvl256b_lmul1_unroll8_run4.log",NA,NA,NA,NA,NA,NA,NA
k1_kernel_tuning,IME,tile_N,32,2026-09-04T12:59:30,k1-ime,"IME_NATIVE_KERNELS","IME_GEMM_INT8_I8I32_8x4_NATIVE","ime_kernel_8x4_zvl256b_lmul1_unroll8",8x4,256b,1,8,INT8_IME,0-3,4,4,1024,1024,1024,32,5,OK,0,NONE,0.143548250,GOPS,14.960013,parallel_tiles_including_required_packing,DISABLED,0,0,"0:cpu0:tiles8;1:cpu1:tiles8;2:cpu2:tiles8;3:cpu3:tiles8","NA",static,0,"NA","NA","/home/bananapi/MAT/kernels riscv rvv 1.0/FINAL/riscv-rvv-ime-gemm-microkernels-updated/HETEROGENEOUS_RVV_IME_OPENMP_GEMM/results/openmp_results_k1-ime_1024_20260904_125554/raw_logs/IME_NATIVE_KERNELS_IME_GEMM_INT8_I8I32_8x4_NATIVE_ime_kernel_8x4_zvl256b_lmul1_unroll8_run5.log",NA,NA,NA,NA,NA,NA,NA
k1_kernel_tuning,IME,tile_N,32,2026-09-04T12:59:30,k1-ime,"IME_NATIVE_KERNELS","IME_GEMM_INT8_I8I32_8x4_NATIVE","ime_kernel_8x4_zvl256b_lmul1_unroll8",8x4,256b,1,8,INT8_IME,0-3,4,4,1024,1024,1024,32,6,OK,0,NONE,0.130434126,GOPS,16.464124,parallel_tiles_including_required_packing,DISABLED,0,0,"0:cpu0:tiles8;1:cpu1:tiles8;2:cpu2:tiles8;3:cpu3:tiles8","NA",static,0,"NA","NA","/home/bananapi/MAT/kernels riscv rvv 1.0/FINAL/riscv-rvv-ime-gemm-microkernels-updated/HETEROGENEOUS_RVV_IME_OPENMP_GEMM/results/openmp_results_k1-ime_1024_20260904_125554/raw_logs/IME_NATIVE_KERNELS_IME_GEMM_INT8_I8I32_8x4_NATIVE_ime_kernel_8x4_zvl256b_lmul1_unroll8_run6.log",NA,NA,NA,NA,NA,NA,NA
k1_kernel_tuning,IME,tile_N,32,2026-09-04T13:00:09,k1-ime,"IME_NATIVE_KERNELS","IME_GEMM_INT8_I8I32_8x8_NATIVE","ime_kernel_8x8_zvl256b_lmul1_unroll1",8x8,256b,1,1,INT8_IME,0-3,4,4,1024,1024,1024,32,1,OK,0,NONE,0.138378125,GOPS,15.518953,parallel_tiles_including_required_packing,INDEPENDENT_INT64_REFERENCE_EXACT_INT32,0,0,"0:cpu0:tiles8;1:cpu1:tiles8;2:cpu2:tiles8;3:cpu3:tiles8","NA",static,0,"NA","NA","/home/bananapi/MAT/kernels riscv rvv 1.0/FINAL/riscv-rvv-ime-gemm-microkernels-updated/HETEROGENEOUS_RVV_IME_OPENMP_GEMM/results/openmp_results_k1-ime_1024_20260904_125554/raw_logs/IME_NATIVE_KERNELS_IME_GEMM_INT8_I8I32_8x8_NATIVE_ime_kernel_8x8_zvl256b_lmul1_unroll1_run1.log",NA,NA,NA,NA,NA,NA,NA
k1_kernel_tuning,IME,tile_N,32,2026-09-04T13:00:10,k1-ime,"IME_NATIVE_KERNELS","IME_GEMM_INT8_I8I32_8x8_NATIVE","ime_kernel_8x8_zvl256b_lmul1_unroll1",8x8,256b,1,1,INT8_IME,0-3,4,4,1024,1024,1024,32,2,OK,0,NONE,0.104530375,GOPS,20.544111,parallel_tiles_including_required_packing,DISABLED,0,0,"0:cpu0:tiles8;1:cpu1:tiles8;2:cpu2:tiles8;3:cpu3:tiles8","NA",static,0,"NA","NA","/home/bananapi/MAT/kernels riscv rvv 1.0/FINAL/riscv-rvv-ime-gemm-microkernels-updated/HETEROGENEOUS_RVV_IME_OPENMP_GEMM/results/openmp_results_k1-ime_1024_20260904_125554/raw_logs/IME_NATIVE_KERNELS_IME_GEMM_INT8_I8I32_8x8_NATIVE_ime_kernel_8x8_zvl256b_lmul1_unroll1_run2.log",NA,NA,NA,NA,NA,NA,NA
k1_kernel_tuning,IME,tile_N,32,2026-09-04T13:00:10,k1-ime,"IME_NATIVE_KERNELS","IME_GEMM_INT8_I8I32_8x8_NATIVE","ime_kernel_8x8_zvl256b_lmul1_unroll1",8x8,256b,1,1,INT8_IME,0-3,4,4,1024,1024,1024,32,3,OK,0,NONE,0.114043877,GOPS,18.830328,parallel_tiles_including_required_packing,DISABLED,0,0,"0:cpu0:tiles8;1:cpu1:tiles8;2:cpu2:tiles8;3:cpu3:tiles8","NA",static,0,"NA","NA","/home/bananapi/MAT/kernels riscv rvv 1.0/FINAL/riscv-rvv-ime-gemm-microkernels-updated/HETEROGENEOUS_RVV_IME_OPENMP_GEMM/results/openmp_results_k1-ime_1024_20260904_125554/raw_logs/IME_NATIVE_KERNELS_IME_GEMM_INT8_I8I32_8x8_NATIVE_ime_kernel_8x8_zvl256b_lmul1_unroll1_run3.log",NA,NA,NA,NA,NA,NA,NA
k1_kernel_tuning,IME,tile_N,32,2026-09-04T13:00:11,k1-ime,"IME_NATIVE_KERNELS","IME_GEMM_INT8_I8I32_8x8_NATIVE","ime_kernel_8x8_zvl256b_lmul1_unroll1",8x8,256b,1,1,INT8_IME,0-3,4,4,1024,1024,1024,32,4,OK,0,NONE,0.138022125,GOPS,15.558981,parallel_tiles_including_required_packing,DISABLED,0,0,"0:cpu0:tiles8;1:cpu1:tiles8;2:cpu2:tiles8;3:cpu3:tiles8","NA",static,0,"NA","NA","/home/bananapi/MAT/kernels riscv rvv 1.0/FINAL/riscv-rvv-ime-gemm-microkernels-updated/HETEROGENEOUS_RVV_IME_OPENMP_GEMM/results/openmp_results_k1-ime_1024_20260904_125554/raw_logs/IME_NATIVE_KERNELS_IME_GEMM_INT8_I8I32_8x8_NATIVE_ime_kernel_8x8_zvl256b_lmul1_unroll1_run4.log",NA,NA,NA,NA,NA,NA,NA
k1_kernel_tuning,IME,tile_N,32,2026-09-04T13:00:11,k1-ime,"IME_NATIVE_KERNELS","IME_GEMM_INT8_I8I32_8x8_NATIVE","ime_kernel_8x8_zvl256b_lmul1_unroll1",8x8,256b,1,1,INT8_IME,0-3,4,4,1024,1024,1024,32,5,OK,0,NONE,0.107871376,GOPS,19.907817,parallel_tiles_including_required_packing,DISABLED,0,0,"0:cpu0:tiles8;1:cpu1:tiles8;2:cpu2:tiles8;3:cpu3:tiles8","NA",static,0,"NA","NA","/home/bananapi/MAT/kernels riscv rvv 1.0/FINAL/riscv-rvv-ime-gemm-microkernels-updated/HETEROGENEOUS_RVV_IME_OPENMP_GEMM/results/openmp_results_k1-ime_1024_20260904_125554/raw_logs/IME_NATIVE_KERNELS_IME_GEMM_INT8_I8I32_8x8_NATIVE_ime_kernel_8x8_zvl256b_lmul1_unroll1_run5.log",NA,NA,NA,NA,NA,NA,NA
k1_kernel_tuning,IME,tile_N,32,2026-09-04T13:00:12,k1-ime,"IME_NATIVE_KERNELS","IME_GEMM_INT8_I8I32_8x8_NATIVE","ime_kernel_8x8_zvl256b_lmul1_unroll1",8x8,256b,1,1,INT8_IME,0-3,4,4,1024,1024,1024,32,6,OK,0,NONE,0.147857416,GOPS,14.524017,parallel_tiles_including_required_packing,DISABLED,0,0,"0:cpu0:tiles8;1:cpu1:tiles8;2:cpu2:tiles8;3:cpu3:tiles8","NA",static,0,"NA","NA","/home/bananapi/MAT/kernels riscv rvv 1.0/FINAL/riscv-rvv-ime-gemm-microkernels-updated/HETEROGENEOUS_RVV_IME_OPENMP_GEMM/results/openmp_results_k1-ime_1024_20260904_125554/raw_logs/IME_NATIVE_KERNELS_IME_GEMM_INT8_I8I32_8x8_NATIVE_ime_kernel_8x8_zvl256b_lmul1_unroll1_run6.log",NA,NA,NA,NA,NA,NA,NA
k1_kernel_tuning,IME,tile_N,32,2026-09-04T13:00:50,k1-ime,"IME_NATIVE_KERNELS","IME_GEMM_INT8_I8I32_8x8_NATIVE","ime_kernel_8x8_zvl256b_lmul1_unroll2",8x8,256b,1,2,INT8_IME,0-3,4,4,1024,1024,1024,32,1,OK,0,NONE,0.149625082,GOPS,14.352431,parallel_tiles_including_required_packing,INDEPENDENT_INT64_REFERENCE_EXACT_INT32,0,0,"0:cpu0:tiles8;1:cpu1:tiles8;2:cpu2:tiles8;3:cpu3:tiles8","NA",static,0,"NA","NA","/home/bananapi/MAT/kernels riscv rvv 1.0/FINAL/riscv-rvv-ime-gemm-microkernels-updated/HETEROGENEOUS_RVV_IME_OPENMP_GEMM/results/openmp_results_k1-ime_1024_20260904_125554/raw_logs/IME_NATIVE_KERNELS_IME_GEMM_INT8_I8I32_8x8_NATIVE_ime_kernel_8x8_zvl256b_lmul1_unroll2_run1.log",NA,NA,NA,NA,NA,NA,NA
k1_kernel_tuning,IME,tile_N,32,2026-09-04T13:00:50,k1-ime,"IME_NATIVE_KERNELS","IME_GEMM_INT8_I8I32_8x8_NATIVE","ime_kernel_8x8_zvl256b_lmul1_unroll2",8x8,256b,1,2,INT8_IME,0-3,4,4,1024,1024,1024,32,2,OK,0,NONE,0.115819916,GOPS,18.541575,parallel_tiles_including_required_packing,DISABLED,0,0,"0:cpu0:tiles8;1:cpu1:tiles8;2:cpu2:tiles8;3:cpu3:tiles8","NA",static,0,"NA","NA","/home/bananapi/MAT/kernels riscv rvv 1.0/FINAL/riscv-rvv-ime-gemm-microkernels-updated/HETEROGENEOUS_RVV_IME_OPENMP_GEMM/results/openmp_results_k1-ime_1024_20260904_125554/raw_logs/IME_NATIVE_KERNELS_IME_GEMM_INT8_I8I32_8x8_NATIVE_ime_kernel_8x8_zvl256b_lmul1_unroll2_run2.log",NA,NA,NA,NA,NA,NA,NA
k1_kernel_tuning,IME,tile_N,32,2026-09-04T13:00:51,k1-ime,"IME_NATIVE_KERNELS","IME_GEMM_INT8_I8I32_8x8_NATIVE","ime_kernel_8x8_zvl256b_lmul1_unroll2",8x8,256b,1,2,INT8_IME,0-3,4,4,1024,1024,1024,32,3,OK,0,NONE,0.130469665,GOPS,16.459639,parallel_tiles_including_required_packing,DISABLED,0,0,"0:cpu0:tiles8;1:cpu1:tiles8;2:cpu2:tiles8;3:cpu3:tiles8","NA",static,0,"NA","NA","/home/bananapi/MAT/kernels riscv rvv 1.0/FINAL/riscv-rvv-ime-gemm-microkernels-updated/HETEROGENEOUS_RVV_IME_OPENMP_GEMM/results/openmp_results_k1-ime_1024_20260904_125554/raw_logs/IME_NATIVE_KERNELS_IME_GEMM_INT8_I8I32_8x8_NATIVE_ime_kernel_8x8_zvl256b_lmul1_unroll2_run3.log",NA,NA,NA,NA,NA,NA,NA
k1_kernel_tuning,IME,tile_N,32,2026-09-04T13:00:52,k1-ime,"IME_NATIVE_KERNELS","IME_GEMM_INT8_I8I32_8x8_NATIVE","ime_kernel_8x8_zvl256b_lmul1_unroll2",8x8,256b,1,2,INT8_IME,0-3,4,4,1024,1024,1024,32,4,OK,0,NONE,0.113451418,GOPS,18.928663,parallel_tiles_including_required_packing,DISABLED,0,0,"0:cpu0:tiles8;1:cpu1:tiles8;2:cpu2:tiles8;3:cpu3:tiles8","NA",static,0,"NA","NA","/home/bananapi/MAT/kernels riscv rvv 1.0/FINAL/riscv-rvv-ime-gemm-microkernels-updated/HETEROGENEOUS_RVV_IME_OPENMP_GEMM/results/openmp_results_k1-ime_1024_20260904_125554/raw_logs/IME_NATIVE_KERNELS_IME_GEMM_INT8_I8I32_8x8_NATIVE_ime_kernel_8x8_zvl256b_lmul1_unroll2_run4.log",NA,NA,NA,NA,NA,NA,NA
k1_kernel_tuning,IME,tile_N,32,2026-09-04T13:00:52,k1-ime,"IME_NATIVE_KERNELS","IME_GEMM_INT8_I8I32_8x8_NATIVE","ime_kernel_8x8_zvl256b_lmul1_unroll2",8x8,256b,1,2,INT8_IME,0-3,4,4,1024,1024,1024,32,5,OK,0,NONE,0.120914832,GOPS,17.760300,parallel_tiles_including_required_packing,DISABLED,0,0,"0:cpu0:tiles8;1:cpu1:tiles8;2:cpu2:tiles8;3:cpu3:tiles8","NA",static,0,"NA","NA","/home/bananapi/MAT/kernels riscv rvv 1.0/FINAL/riscv-rvv-ime-gemm-microkernels-updated/HETEROGENEOUS_RVV_IME_OPENMP_GEMM/results/openmp_results_k1-ime_1024_20260904_125554/raw_logs/IME_NATIVE_KERNELS_IME_GEMM_INT8_I8I32_8x8_NATIVE_ime_kernel_8x8_zvl256b_lmul1_unroll2_run5.log",NA,NA,NA,NA,NA,NA,NA
k1_kernel_tuning,IME,tile_N,32,2026-09-04T13:00:53,k1-ime,"IME_NATIVE_KERNELS","IME_GEMM_INT8_I8I32_8x8_NATIVE","ime_kernel_8x8_zvl256b_lmul1_unroll2",8x8,256b,1,2,INT8_IME,0-3,4,4,1024,1024,1024,32,6,OK,0,NONE,0.135796044,GOPS,15.814037,parallel_tiles_including_required_packing,DISABLED,0,0,"0:cpu0:tiles8;1:cpu1:tiles8;2:cpu2:tiles8;3:cpu3:tiles8","NA",static,0,"NA","NA","/home/bananapi/MAT/kernels riscv rvv 1.0/FINAL/riscv-rvv-ime-gemm-microkernels-updated/HETEROGENEOUS_RVV_IME_OPENMP_GEMM/results/openmp_results_k1-ime_1024_20260904_125554/raw_logs/IME_NATIVE_KERNELS_IME_GEMM_INT8_I8I32_8x8_NATIVE_ime_kernel_8x8_zvl256b_lmul1_unroll2_run6.log",NA,NA,NA,NA,NA,NA,NA
k1_kernel_tuning,IME,tile_N,32,2026-09-04T13:01:46,k1-ime,"IME_NATIVE_KERNELS","IME_GEMM_INT8_I8I32_8x8_NATIVE","ime_kernel_8x8_zvl256b_lmul1_unroll4",8x8,256b,1,4,INT8_IME,0-3,4,4,1024,1024,1024,32,1,OK,0,NONE,0.097856957,GOPS,21.945130,parallel_tiles_including_required_packing,INDEPENDENT_INT64_REFERENCE_EXACT_INT32,0,0,"0:cpu0:tiles8;1:cpu1:tiles8;2:cpu2:tiles8;3:cpu3:tiles8","NA",static,0,"NA","NA","/home/bananapi/MAT/kernels riscv rvv 1.0/FINAL/riscv-rvv-ime-gemm-microkernels-updated/HETEROGENEOUS_RVV_IME_OPENMP_GEMM/results/openmp_results_k1-ime_1024_20260904_125554/raw_logs/IME_NATIVE_KERNELS_IME_GEMM_INT8_I8I32_8x8_NATIVE_ime_kernel_8x8_zvl256b_lmul1_unroll4_run1.log",NA,NA,NA,NA,NA,NA,NA
k1_kernel_tuning,IME,tile_N,32,2026-09-04T13:01:47,k1-ime,"IME_NATIVE_KERNELS","IME_GEMM_INT8_I8I32_8x8_NATIVE","ime_kernel_8x8_zvl256b_lmul1_unroll4",8x8,256b,1,4,INT8_IME,0-3,4,4,1024,1024,1024,32,2,OK,0,NONE,0.105085332,GOPS,20.435617,parallel_tiles_including_required_packing,DISABLED,0,0,"0:cpu0:tiles8;1:cpu1:tiles8;2:cpu2:tiles8;3:cpu3:tiles8","NA",static,0,"NA","NA","/home/bananapi/MAT/kernels riscv rvv 1.0/FINAL/riscv-rvv-ime-gemm-microkernels-updated/HETEROGENEOUS_RVV_IME_OPENMP_GEMM/results/openmp_results_k1-ime_1024_20260904_125554/raw_logs/IME_NATIVE_KERNELS_IME_GEMM_INT8_I8I32_8x8_NATIVE_ime_kernel_8x8_zvl256b_lmul1_unroll4_run2.log",NA,NA,NA,NA,NA,NA,NA
k1_kernel_tuning,IME,tile_N,32,2026-09-04T13:01:47,k1-ime,"IME_NATIVE_KERNELS","IME_GEMM_INT8_I8I32_8x8_NATIVE","ime_kernel_8x8_zvl256b_lmul1_unroll4",8x8,256b,1,4,INT8_IME,0-3,4,4,1024,1024,1024,32,3,OK,0,NONE,0.141941331,GOPS,15.129375,parallel_tiles_including_required_packing,DISABLED,0,0,"0:cpu0:tiles8;1:cpu1:tiles8;2:cpu2:tiles8;3:cpu3:tiles8","NA",static,0,"NA","NA","/home/bananapi/MAT/kernels riscv rvv 1.0/FINAL/riscv-rvv-ime-gemm-microkernels-updated/HETEROGENEOUS_RVV_IME_OPENMP_GEMM/results/openmp_results_k1-ime_1024_20260904_125554/raw_logs/IME_NATIVE_KERNELS_IME_GEMM_INT8_I8I32_8x8_NATIVE_ime_kernel_8x8_zvl256b_lmul1_unroll4_run3.log",NA,NA,NA,NA,NA,NA,NA
k1_kernel_tuning,IME,tile_N,32,2026-09-04T13:01:48,k1-ime,"IME_NATIVE_KERNELS","IME_GEMM_INT8_I8I32_8x8_NATIVE","ime_kernel_8x8_zvl256b_lmul1_unroll4",8x8,256b,1,4,INT8_IME,0-3,4,4,1024,1024,1024,32,4,OK,0,NONE,0.104510456,GOPS,20.548027,parallel_tiles_including_required_packing,DISABLED,0,0,"0:cpu0:tiles8;1:cpu1:tiles8;2:cpu2:tiles8;3:cpu3:tiles8","NA",static,0,"NA","NA","/home/bananapi/MAT/kernels riscv rvv 1.0/FINAL/riscv-rvv-ime-gemm-microkernels-updated/HETEROGENEOUS_RVV_IME_OPENMP_GEMM/results/openmp_results_k1-ime_1024_20260904_125554/raw_logs/IME_NATIVE_KERNELS_IME_GEMM_INT8_I8I32_8x8_NATIVE_ime_kernel_8x8_zvl256b_lmul1_unroll4_run4.log",NA,NA,NA,NA,NA,NA,NA
k1_kernel_tuning,IME,tile_N,32,2026-09-04T13:01:48,k1-ime,"IME_NATIVE_KERNELS","IME_GEMM_INT8_I8I32_8x8_NATIVE","ime_kernel_8x8_zvl256b_lmul1_unroll4",8x8,256b,1,4,INT8_IME,0-3,4,4,1024,1024,1024,32,5,OK,0,NONE,0.105335999,GOPS,20.386987,parallel_tiles_including_required_packing,DISABLED,0,0,"0:cpu0:tiles8;1:cpu1:tiles8;2:cpu2:tiles8;3:cpu3:tiles8","NA",static,0,"NA","NA","/home/bananapi/MAT/kernels riscv rvv 1.0/FINAL/riscv-rvv-ime-gemm-microkernels-updated/HETEROGENEOUS_RVV_IME_OPENMP_GEMM/results/openmp_results_k1-ime_1024_20260904_125554/raw_logs/IME_NATIVE_KERNELS_IME_GEMM_INT8_I8I32_8x8_NATIVE_ime_kernel_8x8_zvl256b_lmul1_unroll4_run5.log",NA,NA,NA,NA,NA,NA,NA
k1_kernel_tuning,IME,tile_N,32,2026-09-04T13:01:49,k1-ime,"IME_NATIVE_KERNELS","IME_GEMM_INT8_I8I32_8x8_NATIVE","ime_kernel_8x8_zvl256b_lmul1_unroll4",8x8,256b,1,4,INT8_IME,0-3,4,4,1024,1024,1024,32,6,OK,0,NONE,0.105436124,GOPS,20.367627,parallel_tiles_including_required_packing,DISABLED,0,0,"0:cpu0:tiles8;1:cpu1:tiles8;2:cpu2:tiles8;3:cpu3:tiles8","NA",static,0,"NA","NA","/home/bananapi/MAT/kernels riscv rvv 1.0/FINAL/riscv-rvv-ime-gemm-microkernels-updated/HETEROGENEOUS_RVV_IME_OPENMP_GEMM/results/openmp_results_k1-ime_1024_20260904_125554/raw_logs/IME_NATIVE_KERNELS_IME_GEMM_INT8_I8I32_8x8_NATIVE_ime_kernel_8x8_zvl256b_lmul1_unroll4_run6.log",NA,NA,NA,NA,NA,NA,NA
k1_kernel_tuning,IME,tile_N,32,2026-09-04T13:02:41,k1-ime,"IME_NATIVE_KERNELS","IME_GEMM_INT8_I8I32_8x8_NATIVE","ime_kernel_8x8_zvl256b_lmul1_unroll8",8x8,256b,1,8,INT8_IME,0-3,4,4,1024,1024,1024,32,1,OK,0,NONE,0.112219837,GOPS,19.136400,parallel_tiles_including_required_packing,INDEPENDENT_INT64_REFERENCE_EXACT_INT32,0,0,"0:cpu0:tiles8;1:cpu1:tiles8;2:cpu2:tiles8;3:cpu3:tiles8","NA",static,0,"NA","NA","/home/bananapi/MAT/kernels riscv rvv 1.0/FINAL/riscv-rvv-ime-gemm-microkernels-updated/HETEROGENEOUS_RVV_IME_OPENMP_GEMM/results/openmp_results_k1-ime_1024_20260904_125554/raw_logs/IME_NATIVE_KERNELS_IME_GEMM_INT8_I8I32_8x8_NATIVE_ime_kernel_8x8_zvl256b_lmul1_unroll8_run1.log",NA,NA,NA,NA,NA,NA,NA
k1_kernel_tuning,IME,tile_N,32,2026-09-04T13:02:42,k1-ime,"IME_NATIVE_KERNELS","IME_GEMM_INT8_I8I32_8x8_NATIVE","ime_kernel_8x8_zvl256b_lmul1_unroll8",8x8,256b,1,8,INT8_IME,0-3,4,4,1024,1024,1024,32,2,OK,0,NONE,0.118966624,GOPS,18.051144,parallel_tiles_including_required_packing,DISABLED,0,0,"0:cpu0:tiles8;1:cpu1:tiles8;2:cpu2:tiles8;3:cpu3:tiles8","NA",static,0,"NA","NA","/home/bananapi/MAT/kernels riscv rvv 1.0/FINAL/riscv-rvv-ime-gemm-microkernels-updated/HETEROGENEOUS_RVV_IME_OPENMP_GEMM/results/openmp_results_k1-ime_1024_20260904_125554/raw_logs/IME_NATIVE_KERNELS_IME_GEMM_INT8_I8I32_8x8_NATIVE_ime_kernel_8x8_zvl256b_lmul1_unroll8_run2.log",NA,NA,NA,NA,NA,NA,NA
k1_kernel_tuning,IME,tile_N,32,2026-09-04T13:02:42,k1-ime,"IME_NATIVE_KERNELS","IME_GEMM_INT8_I8I32_8x8_NATIVE","ime_kernel_8x8_zvl256b_lmul1_unroll8",8x8,256b,1,8,INT8_IME,0-3,4,4,1024,1024,1024,32,3,OK,0,NONE,0.134339582,GOPS,15.985487,parallel_tiles_including_required_packing,DISABLED,0,0,"0:cpu0:tiles8;1:cpu1:tiles8;2:cpu2:tiles8;3:cpu3:tiles8","NA",static,0,"NA","NA","/home/bananapi/MAT/kernels riscv rvv 1.0/FINAL/riscv-rvv-ime-gemm-microkernels-updated/HETEROGENEOUS_RVV_IME_OPENMP_GEMM/results/openmp_results_k1-ime_1024_20260904_125554/raw_logs/IME_NATIVE_KERNELS_IME_GEMM_INT8_I8I32_8x8_NATIVE_ime_kernel_8x8_zvl256b_lmul1_unroll8_run3.log",NA,NA,NA,NA,NA,NA,NA
k1_kernel_tuning,IME,tile_N,32,2026-09-04T13:02:43,k1-ime,"IME_NATIVE_KERNELS","IME_GEMM_INT8_I8I32_8x8_NATIVE","ime_kernel_8x8_zvl256b_lmul1_unroll8",8x8,256b,1,8,INT8_IME,0-3,4,4,1024,1024,1024,32,4,OK,0,NONE,0.104599126,GOPS,20.530608,parallel_tiles_including_required_packing,DISABLED,0,0,"0:cpu0:tiles8;1:cpu1:tiles8;2:cpu2:tiles8;3:cpu3:tiles8","NA",static,0,"NA","NA","/home/bananapi/MAT/kernels riscv rvv 1.0/FINAL/riscv-rvv-ime-gemm-microkernels-updated/HETEROGENEOUS_RVV_IME_OPENMP_GEMM/results/openmp_results_k1-ime_1024_20260904_125554/raw_logs/IME_NATIVE_KERNELS_IME_GEMM_INT8_I8I32_8x8_NATIVE_ime_kernel_8x8_zvl256b_lmul1_unroll8_run4.log",NA,NA,NA,NA,NA,NA,NA
k1_kernel_tuning,IME,tile_N,32,2026-09-04T13:02:44,k1-ime,"IME_NATIVE_KERNELS","IME_GEMM_INT8_I8I32_8x8_NATIVE","ime_kernel_8x8_zvl256b_lmul1_unroll8",8x8,256b,1,8,INT8_IME,0-3,4,4,1024,1024,1024,32,5,OK,0,NONE,0.104036290,GOPS,20.641678,parallel_tiles_including_required_packing,DISABLED,0,0,"0:cpu0:tiles8;1:cpu1:tiles8;2:cpu2:tiles8;3:cpu3:tiles8","NA",static,0,"NA","NA","/home/bananapi/MAT/kernels riscv rvv 1.0/FINAL/riscv-rvv-ime-gemm-microkernels-updated/HETEROGENEOUS_RVV_IME_OPENMP_GEMM/results/openmp_results_k1-ime_1024_20260904_125554/raw_logs/IME_NATIVE_KERNELS_IME_GEMM_INT8_I8I32_8x8_NATIVE_ime_kernel_8x8_zvl256b_lmul1_unroll8_run5.log",NA,NA,NA,NA,NA,NA,NA
k1_kernel_tuning,IME,tile_N,32,2026-09-04T13:02:44,k1-ime,"IME_NATIVE_KERNELS","IME_GEMM_INT8_I8I32_8x8_NATIVE","ime_kernel_8x8_zvl256b_lmul1_unroll8",8x8,256b,1,8,INT8_IME,0-3,4,4,1024,1024,1024,32,6,OK,0,NONE,0.141834252,GOPS,15.140797,parallel_tiles_including_required_packing,DISABLED,0,0,"0:cpu0:tiles8;1:cpu1:tiles8;2:cpu2:tiles8;3:cpu3:tiles8","NA",static,0,"NA","NA","/home/bananapi/MAT/kernels riscv rvv 1.0/FINAL/riscv-rvv-ime-gemm-microkernels-updated/HETEROGENEOUS_RVV_IME_OPENMP_GEMM/results/openmp_results_k1-ime_1024_20260904_125554/raw_logs/IME_NATIVE_KERNELS_IME_GEMM_INT8_I8I32_8x8_NATIVE_ime_kernel_8x8_zvl256b_lmul1_unroll8_run6.log",NA,NA,NA,NA,NA,NA,NA
k1_kernel_tuning,RVV,tile_N,64,2026-09-04T13:03:21,k1-rvv,"GEMM_RVV_FP32_INT8_8x4_Baseline","RVV_IGEMM_INT8_I8I32_8x4","igemm_kernel_8x4_zvl256b_lmul1_unroll1_i8i32",8x4,256b,1,1,INT8_RVV,0-7,8,8,1024,1024,1024,64,1,OK,0,NONE,0.289877959,GOPS,7.408234,parallel_tiles_including_required_packing,INDEPENDENT_INT64_REFERENCE_EXACT_INT32,0,0,"0:cpu0:tiles2;1:cpu1:tiles2;2:cpu2:tiles2;3:cpu3:tiles2;4:cpu4:tiles2;5:cpu5:tiles2;6:cpu6:tiles2;7:cpu7:tiles2","NA",static,0,"NA","NA","/home/bananapi/MAT/kernels riscv rvv 1.0/FINAL/riscv-rvv-ime-gemm-microkernels-updated/HETEROGENEOUS_RVV_IME_OPENMP_GEMM/results/openmp_results_k1-rvv_1024_20260904_130245/raw_logs/GEMM_RVV_FP32_INT8_8x4_Baseline_RVV_IGEMM_INT8_I8I32_8x4_igemm_kernel_8x4_zvl256b_lmul1_unroll1_i8i32_run1.log",NA,NA,NA,NA,NA,NA,NA
k1_kernel_tuning,RVV,tile_N,64,2026-09-04T13:03:21,k1-rvv,"GEMM_RVV_FP32_INT8_8x4_Baseline","RVV_IGEMM_INT8_I8I32_8x4","igemm_kernel_8x4_zvl256b_lmul1_unroll1_i8i32",8x4,256b,1,1,INT8_RVV,0-7,8,8,1024,1024,1024,64,2,OK,0,NONE,0.290791124,GOPS,7.384970,parallel_tiles_including_required_packing,DISABLED,0,0,"0:cpu0:tiles2;1:cpu1:tiles2;2:cpu2:tiles2;3:cpu3:tiles2;4:cpu4:tiles2;5:cpu5:tiles2;6:cpu6:tiles2;7:cpu7:tiles2","NA",static,0,"NA","NA","/home/bananapi/MAT/kernels riscv rvv 1.0/FINAL/riscv-rvv-ime-gemm-microkernels-updated/HETEROGENEOUS_RVV_IME_OPENMP_GEMM/results/openmp_results_k1-rvv_1024_20260904_130245/raw_logs/GEMM_RVV_FP32_INT8_8x4_Baseline_RVV_IGEMM_INT8_I8I32_8x4_igemm_kernel_8x4_zvl256b_lmul1_unroll1_i8i32_run2.log",NA,NA,NA,NA,NA,NA,NA
k1_kernel_tuning,RVV,tile_N,64,2026-09-04T13:03:22,k1-rvv,"GEMM_RVV_FP32_INT8_8x4_Baseline","RVV_IGEMM_INT8_I8I32_8x4","igemm_kernel_8x4_zvl256b_lmul1_unroll1_i8i32",8x4,256b,1,1,INT8_RVV,0-7,8,8,1024,1024,1024,64,3,OK,0,NONE,0.290575292,GOPS,7.390455,parallel_tiles_including_required_packing,DISABLED,0,0,"0:cpu0:tiles2;1:cpu1:tiles2;2:cpu2:tiles2;3:cpu3:tiles2;4:cpu4:tiles2;5:cpu5:tiles2;6:cpu6:tiles2;7:cpu7:tiles2","NA",static,0,"NA","NA","/home/bananapi/MAT/kernels riscv rvv 1.0/FINAL/riscv-rvv-ime-gemm-microkernels-updated/HETEROGENEOUS_RVV_IME_OPENMP_GEMM/results/openmp_results_k1-rvv_1024_20260904_130245/raw_logs/GEMM_RVV_FP32_INT8_8x4_Baseline_RVV_IGEMM_INT8_I8I32_8x4_igemm_kernel_8x4_zvl256b_lmul1_unroll1_i8i32_run3.log",NA,NA,NA,NA,NA,NA,NA
k1_kernel_tuning,RVV,tile_N,64,2026-09-04T13:03:23,k1-rvv,"GEMM_RVV_FP32_INT8_8x4_Baseline","RVV_IGEMM_INT8_I8I32_8x4","igemm_kernel_8x4_zvl256b_lmul1_unroll1_i8i32",8x4,256b,1,1,INT8_RVV,0-7,8,8,1024,1024,1024,64,4,OK,0,NONE,0.291525040,GOPS,7.366378,parallel_tiles_including_required_packing,DISABLED,0,0,"0:cpu0:tiles2;1:cpu1:tiles2;2:cpu2:tiles2;3:cpu3:tiles2;4:cpu4:tiles2;5:cpu5:tiles2;6:cpu6:tiles2;7:cpu7:tiles2","NA",static,0,"NA","NA","/home/bananapi/MAT/kernels riscv rvv 1.0/FINAL/riscv-rvv-ime-gemm-microkernels-updated/HETEROGENEOUS_RVV_IME_OPENMP_GEMM/results/openmp_results_k1-rvv_1024_20260904_130245/raw_logs/GEMM_RVV_FP32_INT8_8x4_Baseline_RVV_IGEMM_INT8_I8I32_8x4_igemm_kernel_8x4_zvl256b_lmul1_unroll1_i8i32_run4.log",NA,NA,NA,NA,NA,NA,NA
k1_kernel_tuning,RVV,tile_N,64,2026-09-04T13:03:24,k1-rvv,"GEMM_RVV_FP32_INT8_8x4_Baseline","RVV_IGEMM_INT8_I8I32_8x4","igemm_kernel_8x4_zvl256b_lmul1_unroll1_i8i32",8x4,256b,1,1,INT8_RVV,0-7,8,8,1024,1024,1024,64,5,OK,0,NONE,0.290707666,GOPS,7.387090,parallel_tiles_including_required_packing,DISABLED,0,0,"0:cpu0:tiles2;1:cpu1:tiles2;2:cpu2:tiles2;3:cpu3:tiles2;4:cpu4:tiles2;5:cpu5:tiles2;6:cpu6:tiles2;7:cpu7:tiles2","NA",static,0,"NA","NA","/home/bananapi/MAT/kernels riscv rvv 1.0/FINAL/riscv-rvv-ime-gemm-microkernels-updated/HETEROGENEOUS_RVV_IME_OPENMP_GEMM/results/openmp_results_k1-rvv_1024_20260904_130245/raw_logs/GEMM_RVV_FP32_INT8_8x4_Baseline_RVV_IGEMM_INT8_I8I32_8x4_igemm_kernel_8x4_zvl256b_lmul1_unroll1_i8i32_run5.log",NA,NA,NA,NA,NA,NA,NA
k1_kernel_tuning,RVV,tile_N,64,2026-09-04T13:03:25,k1-rvv,"GEMM_RVV_FP32_INT8_8x4_Baseline","RVV_IGEMM_INT8_I8I32_8x4","igemm_kernel_8x4_zvl256b_lmul1_unroll1_i8i32",8x4,256b,1,1,INT8_RVV,0-7,8,8,1024,1024,1024,64,6,OK,0,NONE,0.291612793,GOPS,7.364161,parallel_tiles_including_required_packing,DISABLED,0,0,"0:cpu0:tiles2;1:cpu1:tiles2;2:cpu2:tiles2;3:cpu3:tiles2;4:cpu4:tiles2;5:cpu5:tiles2;6:cpu6:tiles2;7:cpu7:tiles2","NA",static,0,"NA","NA","/home/bananapi/MAT/kernels riscv rvv 1.0/FINAL/riscv-rvv-ime-gemm-microkernels-updated/HETEROGENEOUS_RVV_IME_OPENMP_GEMM/results/openmp_results_k1-rvv_1024_20260904_130245/raw_logs/GEMM_RVV_FP32_INT8_8x4_Baseline_RVV_IGEMM_INT8_I8I32_8x4_igemm_kernel_8x4_zvl256b_lmul1_unroll1_i8i32_run6.log",NA,NA,NA,NA,NA,NA,NA
k1_kernel_tuning,RVV,tile_N,64,2026-09-04T13:04:01,k1-rvv,"GEMM_RVV_FP32_INT8_8x4_Baseline","RVV_IGEMM_INT8_I8I32_8x4","igemm_kernel_8x4_zvl256b_lmul1_unroll2_i8i32",8x4,256b,1,2,INT8_RVV,0-7,8,8,1024,1024,1024,64,1,OK,0,NONE,0.444199625,GOPS,4.834501,parallel_tiles_including_required_packing,INDEPENDENT_INT64_REFERENCE_EXACT_INT32,0,0,"0:cpu0:tiles2;1:cpu1:tiles2;2:cpu2:tiles2;3:cpu3:tiles2;4:cpu4:tiles2;5:cpu5:tiles2;6:cpu6:tiles2;7:cpu7:tiles2","NA",static,0,"NA","NA","/home/bananapi/MAT/kernels riscv rvv 1.0/FINAL/riscv-rvv-ime-gemm-microkernels-updated/HETEROGENEOUS_RVV_IME_OPENMP_GEMM/results/openmp_results_k1-rvv_1024_20260904_130245/raw_logs/GEMM_RVV_FP32_INT8_8x4_Baseline_RVV_IGEMM_INT8_I8I32_8x4_igemm_kernel_8x4_zvl256b_lmul1_unroll2_i8i32_run1.log",NA,NA,NA,NA,NA,NA,NA
k1_kernel_tuning,RVV,tile_N,64,2026-09-04T13:04:02,k1-rvv,"GEMM_RVV_FP32_INT8_8x4_Baseline","RVV_IGEMM_INT8_I8I32_8x4","igemm_kernel_8x4_zvl256b_lmul1_unroll2_i8i32",8x4,256b,1,2,INT8_RVV,0-7,8,8,1024,1024,1024,64,2,OK,0,NONE,0.444179956,GOPS,4.834715,parallel_tiles_including_required_packing,DISABLED,0,0,"0:cpu0:tiles2;1:cpu1:tiles2;2:cpu2:tiles2;3:cpu3:tiles2;4:cpu4:tiles2;5:cpu5:tiles2;6:cpu6:tiles2;7:cpu7:tiles2","NA",static,0,"NA","NA","/home/bananapi/MAT/kernels riscv rvv 1.0/FINAL/riscv-rvv-ime-gemm-microkernels-updated/HETEROGENEOUS_RVV_IME_OPENMP_GEMM/results/openmp_results_k1-rvv_1024_20260904_130245/raw_logs/GEMM_RVV_FP32_INT8_8x4_Baseline_RVV_IGEMM_INT8_I8I32_8x4_igemm_kernel_8x4_zvl256b_lmul1_unroll2_i8i32_run2.log",NA,NA,NA,NA,NA,NA,NA
k1_kernel_tuning,RVV,tile_N,64,2026-09-04T13:04:04,k1-rvv,"GEMM_RVV_FP32_INT8_8x4_Baseline","RVV_IGEMM_INT8_I8I32_8x4","igemm_kernel_8x4_zvl256b_lmul1_unroll2_i8i32",8x4,256b,1,2,INT8_RVV,0-7,8,8,1024,1024,1024,64,3,OK,0,NONE,0.448801126,GOPS,4.784934,parallel_tiles_including_required_packing,DISABLED,0,0,"0:cpu0:tiles2;1:cpu1:tiles2;2:cpu2:tiles2;3:cpu3:tiles2;4:cpu4:tiles2;5:cpu5:tiles2;6:cpu6:tiles2;7:cpu7:tiles2","NA",static,0,"NA","NA","/home/bananapi/MAT/kernels riscv rvv 1.0/FINAL/riscv-rvv-ime-gemm-microkernels-updated/HETEROGENEOUS_RVV_IME_OPENMP_GEMM/results/openmp_results_k1-rvv_1024_20260904_130245/raw_logs/GEMM_RVV_FP32_INT8_8x4_Baseline_RVV_IGEMM_INT8_I8I32_8x4_igemm_kernel_8x4_zvl256b_lmul1_unroll2_i8i32_run3.log",NA,NA,NA,NA,NA,NA,NA
k1_kernel_tuning,RVV,tile_N,64,2026-09-04T13:04:05,k1-rvv,"GEMM_RVV_FP32_INT8_8x4_Baseline","RVV_IGEMM_INT8_I8I32_8x4","igemm_kernel_8x4_zvl256b_lmul1_unroll2_i8i32",8x4,256b,1,2,INT8_RVV,0-7,8,8,1024,1024,1024,64,4,OK,0,NONE,0.443174209,GOPS,4.845687,parallel_tiles_including_required_packing,DISABLED,0,0,"0:cpu0:tiles2;1:cpu1:tiles2;2:cpu2:tiles2;3:cpu3:tiles2;4:cpu4:tiles2;5:cpu5:tiles2;6:cpu6:tiles2;7:cpu7:tiles2","NA",static,0,"NA","NA","/home/bananapi/MAT/kernels riscv rvv 1.0/FINAL/riscv-rvv-ime-gemm-microkernels-updated/HETEROGENEOUS_RVV_IME_OPENMP_GEMM/results/openmp_results_k1-rvv_1024_20260904_130245/raw_logs/GEMM_RVV_FP32_INT8_8x4_Baseline_RVV_IGEMM_INT8_I8I32_8x4_igemm_kernel_8x4_zvl256b_lmul1_unroll2_i8i32_run4.log",NA,NA,NA,NA,NA,NA,NA
k1_kernel_tuning,RVV,tile_N,64,2026-09-04T13:04:06,k1-rvv,"GEMM_RVV_FP32_INT8_8x4_Baseline","RVV_IGEMM_INT8_I8I32_8x4","igemm_kernel_8x4_zvl256b_lmul1_unroll2_i8i32",8x4,256b,1,2,INT8_RVV,0-7,8,8,1024,1024,1024,64,5,OK,0,NONE,0.445362292,GOPS,4.821880,parallel_tiles_including_required_packing,DISABLED,0,0,"0:cpu0:tiles2;1:cpu1:tiles2;2:cpu2:tiles2;3:cpu3:tiles2;4:cpu4:tiles2;5:cpu5:tiles2;6:cpu6:tiles2;7:cpu7:tiles2","NA",static,0,"NA","NA","/home/bananapi/MAT/kernels riscv rvv 1.0/FINAL/riscv-rvv-ime-gemm-microkernels-updated/HETEROGENEOUS_RVV_IME_OPENMP_GEMM/results/openmp_results_k1-rvv_1024_20260904_130245/raw_logs/GEMM_RVV_FP32_INT8_8x4_Baseline_RVV_IGEMM_INT8_I8I32_8x4_igemm_kernel_8x4_zvl256b_lmul1_unroll2_i8i32_run5.log",NA,NA,NA,NA,NA,NA,NA
k1_kernel_tuning,RVV,tile_N,64,2026-09-04T13:04:07,k1-rvv,"GEMM_RVV_FP32_INT8_8x4_Baseline","RVV_IGEMM_INT8_I8I32_8x4","igemm_kernel_8x4_zvl256b_lmul1_unroll2_i8i32",8x4,256b,1,2,INT8_RVV,0-7,8,8,1024,1024,1024,64,6,OK,0,NONE,0.444127709,GOPS,4.835284,parallel_tiles_including_required_packing,DISABLED,0,0,"0:cpu0:tiles2;1:cpu1:tiles2;2:cpu2:tiles2;3:cpu3:tiles2;4:cpu4:tiles2;5:cpu5:tiles2;6:cpu6:tiles2;7:cpu7:tiles2","NA",static,0,"NA","NA","/home/bananapi/MAT/kernels riscv rvv 1.0/FINAL/riscv-rvv-ime-gemm-microkernels-updated/HETEROGENEOUS_RVV_IME_OPENMP_GEMM/results/openmp_results_k1-rvv_1024_20260904_130245/raw_logs/GEMM_RVV_FP32_INT8_8x4_Baseline_RVV_IGEMM_INT8_I8I32_8x4_igemm_kernel_8x4_zvl256b_lmul1_unroll2_i8i32_run6.log",NA,NA,NA,NA,NA,NA,NA
k1_kernel_tuning,RVV,tile_N,64,2026-09-04T13:04:37,k1-rvv,"GEMM_RVV_FP32_INT8_8x4_Baseline","RVV_IGEMM_INT8_I8I32_8x4","igemm_kernel_8x4_zvl256b_lmul1_unroll4_i8i32",8x4,256b,1,4,INT8_RVV,0-7,8,8,1024,1024,1024,64,1,OK,0,NONE,0.464029167,GOPS,4.627907,parallel_tiles_including_required_packing,INDEPENDENT_INT64_REFERENCE_EXACT_INT32,0,0,"0:cpu0:tiles2;1:cpu1:tiles2;2:cpu2:tiles2;3:cpu3:tiles2;4:cpu4:tiles2;5:cpu5:tiles2;6:cpu6:tiles2;7:cpu7:tiles2","NA",static,0,"NA","NA","/home/bananapi/MAT/kernels riscv rvv 1.0/FINAL/riscv-rvv-ime-gemm-microkernels-updated/HETEROGENEOUS_RVV_IME_OPENMP_GEMM/results/openmp_results_k1-rvv_1024_20260904_130245/raw_logs/GEMM_RVV_FP32_INT8_8x4_Baseline_RVV_IGEMM_INT8_I8I32_8x4_igemm_kernel_8x4_zvl256b_lmul1_unroll4_i8i32_run1.log",NA,NA,NA,NA,NA,NA,NA
k1_kernel_tuning,RVV,tile_N,64,2026-09-04T13:04:38,k1-rvv,"GEMM_RVV_FP32_INT8_8x4_Baseline","RVV_IGEMM_INT8_I8I32_8x4","igemm_kernel_8x4_zvl256b_lmul1_unroll4_i8i32",8x4,256b,1,4,INT8_RVV,0-7,8,8,1024,1024,1024,64,2,OK,0,NONE,0.456182085,GOPS,4.707514,parallel_tiles_including_required_packing,DISABLED,0,0,"0:cpu0:tiles2;1:cpu1:tiles2;2:cpu2:tiles2;3:cpu3:tiles2;4:cpu4:tiles2;5:cpu5:tiles2;6:cpu6:tiles2;7:cpu7:tiles2","NA",static,0,"NA","NA","/home/bananapi/MAT/kernels riscv rvv 1.0/FINAL/riscv-rvv-ime-gemm-microkernels-updated/HETEROGENEOUS_RVV_IME_OPENMP_GEMM/results/openmp_results_k1-rvv_1024_20260904_130245/raw_logs/GEMM_RVV_FP32_INT8_8x4_Baseline_RVV_IGEMM_INT8_I8I32_8x4_igemm_kernel_8x4_zvl256b_lmul1_unroll4_i8i32_run2.log",NA,NA,NA,NA,NA,NA,NA
k1_kernel_tuning,RVV,tile_N,64,2026-09-04T13:04:39,k1-rvv,"GEMM_RVV_FP32_INT8_8x4_Baseline","RVV_IGEMM_INT8_I8I32_8x4","igemm_kernel_8x4_zvl256b_lmul1_unroll4_i8i32",8x4,256b,1,4,INT8_RVV,0-7,8,8,1024,1024,1024,64,3,OK,0,NONE,0.453682583,GOPS,4.733450,parallel_tiles_including_required_packing,DISABLED,0,0,"0:cpu0:tiles2;1:cpu1:tiles2;2:cpu2:tiles2;3:cpu3:tiles2;4:cpu4:tiles2;5:cpu5:tiles2;6:cpu6:tiles2;7:cpu7:tiles2","NA",static,0,"NA","NA","/home/bananapi/MAT/kernels riscv rvv 1.0/FINAL/riscv-rvv-ime-gemm-microkernels-updated/HETEROGENEOUS_RVV_IME_OPENMP_GEMM/results/openmp_results_k1-rvv_1024_20260904_130245/raw_logs/GEMM_RVV_FP32_INT8_8x4_Baseline_RVV_IGEMM_INT8_I8I32_8x4_igemm_kernel_8x4_zvl256b_lmul1_unroll4_i8i32_run3.log",NA,NA,NA,NA,NA,NA,NA
k1_kernel_tuning,RVV,tile_N,64,2026-09-04T13:04:41,k1-rvv,"GEMM_RVV_FP32_INT8_8x4_Baseline","RVV_IGEMM_INT8_I8I32_8x4","igemm_kernel_8x4_zvl256b_lmul1_unroll4_i8i32",8x4,256b,1,4,INT8_RVV,0-7,8,8,1024,1024,1024,64,4,OK,0,NONE,0.457245626,GOPS,4.696565,parallel_tiles_including_required_packing,DISABLED,0,0,"0:cpu0:tiles2;1:cpu1:tiles2;2:cpu2:tiles2;3:cpu3:tiles2;4:cpu4:tiles2;5:cpu5:tiles2;6:cpu6:tiles2;7:cpu7:tiles2","NA",static,0,"NA","NA","/home/bananapi/MAT/kernels riscv rvv 1.0/FINAL/riscv-rvv-ime-gemm-microkernels-updated/HETEROGENEOUS_RVV_IME_OPENMP_GEMM/results/openmp_results_k1-rvv_1024_20260904_130245/raw_logs/GEMM_RVV_FP32_INT8_8x4_Baseline_RVV_IGEMM_INT8_I8I32_8x4_igemm_kernel_8x4_zvl256b_lmul1_unroll4_i8i32_run4.log",NA,NA,NA,NA,NA,NA,NA
k1_kernel_tuning,RVV,tile_N,64,2026-09-04T13:04:42,k1-rvv,"GEMM_RVV_FP32_INT8_8x4_Baseline","RVV_IGEMM_INT8_I8I32_8x4","igemm_kernel_8x4_zvl256b_lmul1_unroll4_i8i32",8x4,256b,1,4,INT8_RVV,0-7,8,8,1024,1024,1024,64,5,OK,0,NONE,0.460733708,GOPS,4.661008,parallel_tiles_including_required_packing,DISABLED,0,0,"0:cpu0:tiles2;1:cpu1:tiles2;2:cpu2:tiles2;3:cpu3:tiles2;4:cpu4:tiles2;5:cpu5:tiles2;6:cpu6:tiles2;7:cpu7:tiles2","NA",static,0,"NA","NA","/home/bananapi/MAT/kernels riscv rvv 1.0/FINAL/riscv-rvv-ime-gemm-microkernels-updated/HETEROGENEOUS_RVV_IME_OPENMP_GEMM/results/openmp_results_k1-rvv_1024_20260904_130245/raw_logs/GEMM_RVV_FP32_INT8_8x4_Baseline_RVV_IGEMM_INT8_I8I32_8x4_igemm_kernel_8x4_zvl256b_lmul1_unroll4_i8i32_run5.log",NA,NA,NA,NA,NA,NA,NA
k1_kernel_tuning,RVV,tile_N,64,2026-09-04T13:04:43,k1-rvv,"GEMM_RVV_FP32_INT8_8x4_Baseline","RVV_IGEMM_INT8_I8I32_8x4","igemm_kernel_8x4_zvl256b_lmul1_unroll4_i8i32",8x4,256b,1,4,INT8_RVV,0-7,8,8,1024,1024,1024,64,6,OK,0,NONE,0.455782834,GOPS,4.711638,parallel_tiles_including_required_packing,DISABLED,0,0,"0:cpu0:tiles2;1:cpu1:tiles2;2:cpu2:tiles2;3:cpu3:tiles2;4:cpu4:tiles2;5:cpu5:tiles2;6:cpu6:tiles2;7:cpu7:tiles2","NA",static,0,"NA","NA","/home/bananapi/MAT/kernels riscv rvv 1.0/FINAL/riscv-rvv-ime-gemm-microkernels-updated/HETEROGENEOUS_RVV_IME_OPENMP_GEMM/results/openmp_results_k1-rvv_1024_20260904_130245/raw_logs/GEMM_RVV_FP32_INT8_8x4_Baseline_RVV_IGEMM_INT8_I8I32_8x4_igemm_kernel_8x4_zvl256b_lmul1_unroll4_i8i32_run6.log",NA,NA,NA,NA,NA,NA,NA
k1_kernel_tuning,RVV,tile_N,64,2026-09-04T13:05:21,k1-rvv,"GEMM_RVV_FP32_INT8_8x4_Baseline","RVV_IGEMM_INT8_I8I32_8x4","igemm_kernel_8x4_zvl256b_lmul1_unroll8_i8i32",8x4,256b,1,8,INT8_RVV,0-7,8,8,1024,1024,1024,64,1,OK,0,NONE,0.423781998,GOPS,5.067425,parallel_tiles_including_required_packing,INDEPENDENT_INT64_REFERENCE_EXACT_INT32,0,0,"0:cpu0:tiles2;1:cpu1:tiles2;2:cpu2:tiles2;3:cpu3:tiles2;4:cpu4:tiles2;5:cpu5:tiles2;6:cpu6:tiles2;7:cpu7:tiles2","NA",static,0,"NA","NA","/home/bananapi/MAT/kernels riscv rvv 1.0/FINAL/riscv-rvv-ime-gemm-microkernels-updated/HETEROGENEOUS_RVV_IME_OPENMP_GEMM/results/openmp_results_k1-rvv_1024_20260904_130245/raw_logs/GEMM_RVV_FP32_INT8_8x4_Baseline_RVV_IGEMM_INT8_I8I32_8x4_igemm_kernel_8x4_zvl256b_lmul1_unroll8_i8i32_run1.log",NA,NA,NA,NA,NA,NA,NA
k1_kernel_tuning,RVV,tile_N,64,2026-09-04T13:05:22,k1-rvv,"GEMM_RVV_FP32_INT8_8x4_Baseline","RVV_IGEMM_INT8_I8I32_8x4","igemm_kernel_8x4_zvl256b_lmul1_unroll8_i8i32",8x4,256b,1,8,INT8_RVV,0-7,8,8,1024,1024,1024,64,2,OK,0,NONE,0.420894042,GOPS,5.102195,parallel_tiles_including_required_packing,DISABLED,0,0,"0:cpu0:tiles2;1:cpu1:tiles2;2:cpu2:tiles2;3:cpu3:tiles2;4:cpu4:tiles2;5:cpu5:tiles2;6:cpu6:tiles2;7:cpu7:tiles2","NA",static,0,"NA","NA","/home/bananapi/MAT/kernels riscv rvv 1.0/FINAL/riscv-rvv-ime-gemm-microkernels-updated/HETEROGENEOUS_RVV_IME_OPENMP_GEMM/results/openmp_results_k1-rvv_1024_20260904_130245/raw_logs/GEMM_RVV_FP32_INT8_8x4_Baseline_RVV_IGEMM_INT8_I8I32_8x4_igemm_kernel_8x4_zvl256b_lmul1_unroll8_i8i32_run2.log",NA,NA,NA,NA,NA,NA,NA
k1_kernel_tuning,RVV,tile_N,64,2026-09-04T13:05:23,k1-rvv,"GEMM_RVV_FP32_INT8_8x4_Baseline","RVV_IGEMM_INT8_I8I32_8x4","igemm_kernel_8x4_zvl256b_lmul1_unroll8_i8i32",8x4,256b,1,8,INT8_RVV,0-7,8,8,1024,1024,1024,64,3,OK,0,NONE,0.420445457,GOPS,5.107639,parallel_tiles_including_required_packing,DISABLED,0,0,"0:cpu0:tiles2;1:cpu1:tiles2;2:cpu2:tiles2;3:cpu3:tiles2;4:cpu4:tiles2;5:cpu5:tiles2;6:cpu6:tiles2;7:cpu7:tiles2","NA",static,0,"NA","NA","/home/bananapi/MAT/kernels riscv rvv 1.0/FINAL/riscv-rvv-ime-gemm-microkernels-updated/HETEROGENEOUS_RVV_IME_OPENMP_GEMM/results/openmp_results_k1-rvv_1024_20260904_130245/raw_logs/GEMM_RVV_FP32_INT8_8x4_Baseline_RVV_IGEMM_INT8_I8I32_8x4_igemm_kernel_8x4_zvl256b_lmul1_unroll8_i8i32_run3.log",NA,NA,NA,NA,NA,NA,NA
k1_kernel_tuning,RVV,tile_N,64,2026-09-04T13:05:24,k1-rvv,"GEMM_RVV_FP32_INT8_8x4_Baseline","RVV_IGEMM_INT8_I8I32_8x4","igemm_kernel_8x4_zvl256b_lmul1_unroll8_i8i32",8x4,256b,1,8,INT8_RVV,0-7,8,8,1024,1024,1024,64,4,OK,0,NONE,0.418461166,GOPS,5.131859,parallel_tiles_including_required_packing,DISABLED,0,0,"0:cpu0:tiles2;1:cpu1:tiles2;2:cpu2:tiles2;3:cpu3:tiles2;4:cpu4:tiles2;5:cpu5:tiles2;6:cpu6:tiles2;7:cpu7:tiles2","NA",static,0,"NA","NA","/home/bananapi/MAT/kernels riscv rvv 1.0/FINAL/riscv-rvv-ime-gemm-microkernels-updated/HETEROGENEOUS_RVV_IME_OPENMP_GEMM/results/openmp_results_k1-rvv_1024_20260904_130245/raw_logs/GEMM_RVV_FP32_INT8_8x4_Baseline_RVV_IGEMM_INT8_I8I32_8x4_igemm_kernel_8x4_zvl256b_lmul1_unroll8_i8i32_run4.log",NA,NA,NA,NA,NA,NA,NA
k1_kernel_tuning,RVV,tile_N,64,2026-09-04T13:05:25,k1-rvv,"GEMM_RVV_FP32_INT8_8x4_Baseline","RVV_IGEMM_INT8_I8I32_8x4","igemm_kernel_8x4_zvl256b_lmul1_unroll8_i8i32",8x4,256b,1,8,INT8_RVV,0-7,8,8,1024,1024,1024,64,5,OK,0,NONE,0.419452164,GOPS,5.119734,parallel_tiles_including_required_packing,DISABLED,0,0,"0:cpu0:tiles2;1:cpu1:tiles2;2:cpu2:tiles2;3:cpu3:tiles2;4:cpu4:tiles2;5:cpu5:tiles2;6:cpu6:tiles2;7:cpu7:tiles2","NA",static,0,"NA","NA","/home/bananapi/MAT/kernels riscv rvv 1.0/FINAL/riscv-rvv-ime-gemm-microkernels-updated/HETEROGENEOUS_RVV_IME_OPENMP_GEMM/results/openmp_results_k1-rvv_1024_20260904_130245/raw_logs/GEMM_RVV_FP32_INT8_8x4_Baseline_RVV_IGEMM_INT8_I8I32_8x4_igemm_kernel_8x4_zvl256b_lmul1_unroll8_i8i32_run5.log",NA,NA,NA,NA,NA,NA,NA
k1_kernel_tuning,RVV,tile_N,64,2026-09-04T13:05:26,k1-rvv,"GEMM_RVV_FP32_INT8_8x4_Baseline","RVV_IGEMM_INT8_I8I32_8x4","igemm_kernel_8x4_zvl256b_lmul1_unroll8_i8i32",8x4,256b,1,8,INT8_RVV,0-7,8,8,1024,1024,1024,64,6,OK,0,NONE,0.420025624,GOPS,5.112744,parallel_tiles_including_required_packing,DISABLED,0,0,"0:cpu0:tiles2;1:cpu1:tiles2;2:cpu2:tiles2;3:cpu3:tiles2;4:cpu4:tiles2;5:cpu5:tiles2;6:cpu6:tiles2;7:cpu7:tiles2","NA",static,0,"NA","NA","/home/bananapi/MAT/kernels riscv rvv 1.0/FINAL/riscv-rvv-ime-gemm-microkernels-updated/HETEROGENEOUS_RVV_IME_OPENMP_GEMM/results/openmp_results_k1-rvv_1024_20260904_130245/raw_logs/GEMM_RVV_FP32_INT8_8x4_Baseline_RVV_IGEMM_INT8_I8I32_8x4_igemm_kernel_8x4_zvl256b_lmul1_unroll8_i8i32_run6.log",NA,NA,NA,NA,NA,NA,NA
k1_kernel_tuning,RVV,tile_N,64,2026-09-04T13:06:03,k1-rvv,"GEMM_RVV_FP32_INT8_8x4_Baseline","RVV_IGEMM_INT8_I8I32_8x4","igemm_kernel_8x4_zvl256b_lmul2_unroll1_i8i32",8x4,256b,2,1,INT8_RVV,0-7,8,8,1024,1024,1024,64,1,OK,0,NONE,1.016878251,GOPS,2.111839,parallel_tiles_including_required_packing,INDEPENDENT_INT64_REFERENCE_EXACT_INT32,0,0,"0:cpu0:tiles2;1:cpu1:tiles2;2:cpu2:tiles2;3:cpu3:tiles2;4:cpu4:tiles2;5:cpu5:tiles2;6:cpu6:tiles2;7:cpu7:tiles2","NA",static,0,"NA","NA","/home/bananapi/MAT/kernels riscv rvv 1.0/FINAL/riscv-rvv-ime-gemm-microkernels-updated/HETEROGENEOUS_RVV_IME_OPENMP_GEMM/results/openmp_results_k1-rvv_1024_20260904_130245/raw_logs/GEMM_RVV_FP32_INT8_8x4_Baseline_RVV_IGEMM_INT8_I8I32_8x4_igemm_kernel_8x4_zvl256b_lmul2_unroll1_i8i32_run1.log",NA,NA,NA,NA,NA,NA,NA
k1_kernel_tuning,RVV,tile_N,64,2026-09-04T13:06:05,k1-rvv,"GEMM_RVV_FP32_INT8_8x4_Baseline","RVV_IGEMM_INT8_I8I32_8x4","igemm_kernel_8x4_zvl256b_lmul2_unroll1_i8i32",8x4,256b,2,1,INT8_RVV,0-7,8,8,1024,1024,1024,64,2,OK,0,NONE,1.025204249,GOPS,2.094689,parallel_tiles_including_required_packing,DISABLED,0,0,"0:cpu0:tiles2;1:cpu1:tiles2;2:cpu2:tiles2;3:cpu3:tiles2;4:cpu4:tiles2;5:cpu5:tiles2;6:cpu6:tiles2;7:cpu7:tiles2","NA",static,0,"NA","NA","/home/bananapi/MAT/kernels riscv rvv 1.0/FINAL/riscv-rvv-ime-gemm-microkernels-updated/HETEROGENEOUS_RVV_IME_OPENMP_GEMM/results/openmp_results_k1-rvv_1024_20260904_130245/raw_logs/GEMM_RVV_FP32_INT8_8x4_Baseline_RVV_IGEMM_INT8_I8I32_8x4_igemm_kernel_8x4_zvl256b_lmul2_unroll1_i8i32_run2.log",NA,NA,NA,NA,NA,NA,NA
k1_kernel_tuning,RVV,tile_N,64,2026-09-04T13:06:08,k1-rvv,"GEMM_RVV_FP32_INT8_8x4_Baseline","RVV_IGEMM_INT8_I8I32_8x4","igemm_kernel_8x4_zvl256b_lmul2_unroll1_i8i32",8x4,256b,2,1,INT8_RVV,0-7,8,8,1024,1024,1024,64,3,OK,0,NONE,1.030976165,GOPS,2.082961,parallel_tiles_including_required_packing,DISABLED,0,0,"0:cpu0:tiles2;1:cpu1:tiles2;2:cpu2:tiles2;3:cpu3:tiles2;4:cpu4:tiles2;5:cpu5:tiles2;6:cpu6:tiles2;7:cpu7:tiles2","NA",static,0,"NA","NA","/home/bananapi/MAT/kernels riscv rvv 1.0/FINAL/riscv-rvv-ime-gemm-microkernels-updated/HETEROGENEOUS_RVV_IME_OPENMP_GEMM/results/openmp_results_k1-rvv_1024_20260904_130245/raw_logs/GEMM_RVV_FP32_INT8_8x4_Baseline_RVV_IGEMM_INT8_I8I32_8x4_igemm_kernel_8x4_zvl256b_lmul2_unroll1_i8i32_run3.log",NA,NA,NA,NA,NA,NA,NA
k1_kernel_tuning,RVV,tile_N,64,2026-09-04T13:06:10,k1-rvv,"GEMM_RVV_FP32_INT8_8x4_Baseline","RVV_IGEMM_INT8_I8I32_8x4","igemm_kernel_8x4_zvl256b_lmul2_unroll1_i8i32",8x4,256b,2,1,INT8_RVV,0-7,8,8,1024,1024,1024,64,4,OK,0,NONE,1.023213502,GOPS,2.098764,parallel_tiles_including_required_packing,DISABLED,0,0,"0:cpu0:tiles2;1:cpu1:tiles2;2:cpu2:tiles2;3:cpu3:tiles2;4:cpu4:tiles2;5:cpu5:tiles2;6:cpu6:tiles2;7:cpu7:tiles2","NA",static,0,"NA","NA","/home/bananapi/MAT/kernels riscv rvv 1.0/FINAL/riscv-rvv-ime-gemm-microkernels-updated/HETEROGENEOUS_RVV_IME_OPENMP_GEMM/results/openmp_results_k1-rvv_1024_20260904_130245/raw_logs/GEMM_RVV_FP32_INT8_8x4_Baseline_RVV_IGEMM_INT8_I8I32_8x4_igemm_kernel_8x4_zvl256b_lmul2_unroll1_i8i32_run4.log",NA,NA,NA,NA,NA,NA,NA
k1_kernel_tuning,RVV,tile_N,64,2026-09-04T13:06:12,k1-rvv,"GEMM_RVV_FP32_INT8_8x4_Baseline","RVV_IGEMM_INT8_I8I32_8x4","igemm_kernel_8x4_zvl256b_lmul2_unroll1_i8i32",8x4,256b,2,1,INT8_RVV,0-7,8,8,1024,1024,1024,64,5,OK,0,NONE,1.024426207,GOPS,2.096279,parallel_tiles_including_required_packing,DISABLED,0,0,"0:cpu0:tiles2;1:cpu1:tiles2;2:cpu2:tiles2;3:cpu3:tiles2;4:cpu4:tiles2;5:cpu5:tiles2;6:cpu6:tiles2;7:cpu7:tiles2","NA",static,0,"NA","NA","/home/bananapi/MAT/kernels riscv rvv 1.0/FINAL/riscv-rvv-ime-gemm-microkernels-updated/HETEROGENEOUS_RVV_IME_OPENMP_GEMM/results/openmp_results_k1-rvv_1024_20260904_130245/raw_logs/GEMM_RVV_FP32_INT8_8x4_Baseline_RVV_IGEMM_INT8_I8I32_8x4_igemm_kernel_8x4_zvl256b_lmul2_unroll1_i8i32_run5.log",NA,NA,NA,NA,NA,NA,NA
k1_kernel_tuning,RVV,tile_N,64,2026-09-04T13:06:15,k1-rvv,"GEMM_RVV_FP32_INT8_8x4_Baseline","RVV_IGEMM_INT8_I8I32_8x4","igemm_kernel_8x4_zvl256b_lmul2_unroll1_i8i32",8x4,256b,2,1,INT8_RVV,0-7,8,8,1024,1024,1024,64,6,OK,0,NONE,1.034410376,GOPS,2.076046,parallel_tiles_including_required_packing,DISABLED,0,0,"0:cpu0:tiles2;1:cpu1:tiles2;2:cpu2:tiles2;3:cpu3:tiles2;4:cpu4:tiles2;5:cpu5:tiles2;6:cpu6:tiles2;7:cpu7:tiles2","NA",static,0,"NA","NA","/home/bananapi/MAT/kernels riscv rvv 1.0/FINAL/riscv-rvv-ime-gemm-microkernels-updated/HETEROGENEOUS_RVV_IME_OPENMP_GEMM/results/openmp_results_k1-rvv_1024_20260904_130245/raw_logs/GEMM_RVV_FP32_INT8_8x4_Baseline_RVV_IGEMM_INT8_I8I32_8x4_igemm_kernel_8x4_zvl256b_lmul2_unroll1_i8i32_run6.log",NA,NA,NA,NA,NA,NA,NA
k1_kernel_tuning,RVV,tile_N,64,2026-09-04T13:06:52,k1-rvv,"GEMM_RVV_FP32_INT8_8x4_Baseline","RVV_IGEMM_INT8_I8I32_8x4","igemm_kernel_8x4_zvl256b_lmul2_unroll2_i8i32",8x4,256b,2,2,INT8_RVV,0-7,8,8,1024,1024,1024,64,1,OK,0,NONE,1.055010419,GOPS,2.035509,parallel_tiles_including_required_packing,INDEPENDENT_INT64_REFERENCE_EXACT_INT32,0,0,"0:cpu0:tiles2;1:cpu1:tiles2;2:cpu2:tiles2;3:cpu3:tiles2;4:cpu4:tiles2;5:cpu5:tiles2;6:cpu6:tiles2;7:cpu7:tiles2","NA",static,0,"NA","NA","/home/bananapi/MAT/kernels riscv rvv 1.0/FINAL/riscv-rvv-ime-gemm-microkernels-updated/HETEROGENEOUS_RVV_IME_OPENMP_GEMM/results/openmp_results_k1-rvv_1024_20260904_130245/raw_logs/GEMM_RVV_FP32_INT8_8x4_Baseline_RVV_IGEMM_INT8_I8I32_8x4_igemm_kernel_8x4_zvl256b_lmul2_unroll2_i8i32_run1.log",NA,NA,NA,NA,NA,NA,NA
k1_kernel_tuning,RVV,tile_N,64,2026-09-04T13:06:54,k1-rvv,"GEMM_RVV_FP32_INT8_8x4_Baseline","RVV_IGEMM_INT8_I8I32_8x4","igemm_kernel_8x4_zvl256b_lmul2_unroll2_i8i32",8x4,256b,2,2,INT8_RVV,0-7,8,8,1024,1024,1024,64,2,OK,0,NONE,1.214000918,GOPS,1.768931,parallel_tiles_including_required_packing,DISABLED,0,0,"0:cpu0:tiles2;1:cpu1:tiles2;2:cpu2:tiles2;3:cpu3:tiles2;4:cpu4:tiles2;5:cpu5:tiles2;6:cpu6:tiles2;7:cpu7:tiles2","NA",static,0,"NA","NA","/home/bananapi/MAT/kernels riscv rvv 1.0/FINAL/riscv-rvv-ime-gemm-microkernels-updated/HETEROGENEOUS_RVV_IME_OPENMP_GEMM/results/openmp_results_k1-rvv_1024_20260904_130245/raw_logs/GEMM_RVV_FP32_INT8_8x4_Baseline_RVV_IGEMM_INT8_I8I32_8x4_igemm_kernel_8x4_zvl256b_lmul2_unroll2_i8i32_run2.log",NA,NA,NA,NA,NA,NA,NA
k1_kernel_tuning,RVV,tile_N,64,2026-09-04T13:06:57,k1-rvv,"GEMM_RVV_FP32_INT8_8x4_Baseline","RVV_IGEMM_INT8_I8I32_8x4","igemm_kernel_8x4_zvl256b_lmul2_unroll2_i8i32",8x4,256b,2,2,INT8_RVV,0-7,8,8,1024,1024,1024,64,3,OK,0,NONE,1.155516587,GOPS,1.858462,parallel_tiles_including_required_packing,DISABLED,0,0,"0:cpu0:tiles2;1:cpu1:tiles2;2:cpu2:tiles2;3:cpu3:tiles2;4:cpu4:tiles2;5:cpu5:tiles2;6:cpu6:tiles2;7:cpu7:tiles2","NA",static,0,"NA","NA","/home/bananapi/MAT/kernels riscv rvv 1.0/FINAL/riscv-rvv-ime-gemm-microkernels-updated/HETEROGENEOUS_RVV_IME_OPENMP_GEMM/results/openmp_results_k1-rvv_1024_20260904_130245/raw_logs/GEMM_RVV_FP32_INT8_8x4_Baseline_RVV_IGEMM_INT8_I8I32_8x4_igemm_kernel_8x4_zvl256b_lmul2_unroll2_i8i32_run3.log",NA,NA,NA,NA,NA,NA,NA
k1_kernel_tuning,RVV,tile_N,64,2026-09-04T13:06:59,k1-rvv,"GEMM_RVV_FP32_INT8_8x4_Baseline","RVV_IGEMM_INT8_I8I32_8x4","igemm_kernel_8x4_zvl256b_lmul2_unroll2_i8i32",8x4,256b,2,2,INT8_RVV,0-7,8,8,1024,1024,1024,64,4,OK,0,NONE,1.058430664,GOPS,2.028932,parallel_tiles_including_required_packing,DISABLED,0,0,"0:cpu0:tiles2;1:cpu1:tiles2;2:cpu2:tiles2;3:cpu3:tiles2;4:cpu4:tiles2;5:cpu5:tiles2;6:cpu6:tiles2;7:cpu7:tiles2","NA",static,0,"NA","NA","/home/bananapi/MAT/kernels riscv rvv 1.0/FINAL/riscv-rvv-ime-gemm-microkernels-updated/HETEROGENEOUS_RVV_IME_OPENMP_GEMM/results/openmp_results_k1-rvv_1024_20260904_130245/raw_logs/GEMM_RVV_FP32_INT8_8x4_Baseline_RVV_IGEMM_INT8_I8I32_8x4_igemm_kernel_8x4_zvl256b_lmul2_unroll2_i8i32_run4.log",NA,NA,NA,NA,NA,NA,NA
k1_kernel_tuning,RVV,tile_N,64,2026-09-04T13:07:02,k1-rvv,"GEMM_RVV_FP32_INT8_8x4_Baseline","RVV_IGEMM_INT8_I8I32_8x4","igemm_kernel_8x4_zvl256b_lmul2_unroll2_i8i32",8x4,256b,2,2,INT8_RVV,0-7,8,8,1024,1024,1024,64,5,OK,0,NONE,1.058521166,GOPS,2.028758,parallel_tiles_including_required_packing,DISABLED,0,0,"0:cpu0:tiles2;1:cpu1:tiles2;2:cpu2:tiles2;3:cpu3:tiles2;4:cpu4:tiles2;5:cpu5:tiles2;6:cpu6:tiles2;7:cpu7:tiles2","NA",static,0,"NA","NA","/home/bananapi/MAT/kernels riscv rvv 1.0/FINAL/riscv-rvv-ime-gemm-microkernels-updated/HETEROGENEOUS_RVV_IME_OPENMP_GEMM/results/openmp_results_k1-rvv_1024_20260904_130245/raw_logs/GEMM_RVV_FP32_INT8_8x4_Baseline_RVV_IGEMM_INT8_I8I32_8x4_igemm_kernel_8x4_zvl256b_lmul2_unroll2_i8i32_run5.log",NA,NA,NA,NA,NA,NA,NA
k1_kernel_tuning,RVV,tile_N,64,2026-09-04T13:07:04,k1-rvv,"GEMM_RVV_FP32_INT8_8x4_Baseline","RVV_IGEMM_INT8_I8I32_8x4","igemm_kernel_8x4_zvl256b_lmul2_unroll2_i8i32",8x4,256b,2,2,INT8_RVV,0-7,8,8,1024,1024,1024,64,6,OK,0,NONE,1.076710459,GOPS,1.994486,parallel_tiles_including_required_packing,DISABLED,0,0,"0:cpu0:tiles2;1:cpu1:tiles2;2:cpu2:tiles2;3:cpu3:tiles2;4:cpu4:tiles2;5:cpu5:tiles2;6:cpu6:tiles2;7:cpu7:tiles2","NA",static,0,"NA","NA","/home/bananapi/MAT/kernels riscv rvv 1.0/FINAL/riscv-rvv-ime-gemm-microkernels-updated/HETEROGENEOUS_RVV_IME_OPENMP_GEMM/results/openmp_results_k1-rvv_1024_20260904_130245/raw_logs/GEMM_RVV_FP32_INT8_8x4_Baseline_RVV_IGEMM_INT8_I8I32_8x4_igemm_kernel_8x4_zvl256b_lmul2_unroll2_i8i32_run6.log",NA,NA,NA,NA,NA,NA,NA
k1_kernel_tuning,RVV,tile_N,64,2026-09-04T13:07:43,k1-rvv,"GEMM_RVV_FP32_INT8_8x4_Baseline","RVV_IGEMM_INT8_I8I32_8x4","igemm_kernel_8x4_zvl256b_lmul2_unroll4_i8i32",8x4,256b,2,4,INT8_RVV,0-7,8,8,1024,1024,1024,64,1,OK,0,NONE,1.227567416,GOPS,1.749381,parallel_tiles_including_required_packing,INDEPENDENT_INT64_REFERENCE_EXACT_INT32,0,0,"0:cpu0:tiles2;1:cpu1:tiles2;2:cpu2:tiles2;3:cpu3:tiles2;4:cpu4:tiles2;5:cpu5:tiles2;6:cpu6:tiles2;7:cpu7:tiles2","NA",static,0,"NA","NA","/home/bananapi/MAT/kernels riscv rvv 1.0/FINAL/riscv-rvv-ime-gemm-microkernels-updated/HETEROGENEOUS_RVV_IME_OPENMP_GEMM/results/openmp_results_k1-rvv_1024_20260904_130245/raw_logs/GEMM_RVV_FP32_INT8_8x4_Baseline_RVV_IGEMM_INT8_I8I32_8x4_igemm_kernel_8x4_zvl256b_lmul2_unroll4_i8i32_run1.log",NA,NA,NA,NA,NA,NA,NA
k1_kernel_tuning,RVV,tile_N,64,2026-09-04T13:07:45,k1-rvv,"GEMM_RVV_FP32_INT8_8x4_Baseline","RVV_IGEMM_INT8_I8I32_8x4","igemm_kernel_8x4_zvl256b_lmul2_unroll4_i8i32",8x4,256b,2,4,INT8_RVV,0-7,8,8,1024,1024,1024,64,2,OK,0,NONE,1.234212540,GOPS,1.739963,parallel_tiles_including_required_packing,DISABLED,0,0,"0:cpu0:tiles2;1:cpu1:tiles2;2:cpu2:tiles2;3:cpu3:tiles2;4:cpu4:tiles2;5:cpu5:tiles2;6:cpu6:tiles2;7:cpu7:tiles2","NA",static,0,"NA","NA","/home/bananapi/MAT/kernels riscv rvv 1.0/FINAL/riscv-rvv-ime-gemm-microkernels-updated/HETEROGENEOUS_RVV_IME_OPENMP_GEMM/results/openmp_results_k1-rvv_1024_20260904_130245/raw_logs/GEMM_RVV_FP32_INT8_8x4_Baseline_RVV_IGEMM_INT8_I8I32_8x4_igemm_kernel_8x4_zvl256b_lmul2_unroll4_i8i32_run2.log",NA,NA,NA,NA,NA,NA,NA
k1_kernel_tuning,RVV,tile_N,64,2026-09-04T13:07:48,k1-rvv,"GEMM_RVV_FP32_INT8_8x4_Baseline","RVV_IGEMM_INT8_I8I32_8x4","igemm_kernel_8x4_zvl256b_lmul2_unroll4_i8i32",8x4,256b,2,4,INT8_RVV,0-7,8,8,1024,1024,1024,64,3,OK,0,NONE,1.232487794,GOPS,1.742397,parallel_tiles_including_required_packing,DISABLED,0,0,"0:cpu0:tiles2;1:cpu1:tiles2;2:cpu2:tiles2;3:cpu3:tiles2;4:cpu4:tiles2;5:cpu5:tiles2;6:cpu6:tiles2;7:cpu7:tiles2","NA",static,0,"NA","NA","/home/bananapi/MAT/kernels riscv rvv 1.0/FINAL/riscv-rvv-ime-gemm-microkernels-updated/HETEROGENEOUS_RVV_IME_OPENMP_GEMM/results/openmp_results_k1-rvv_1024_20260904_130245/raw_logs/GEMM_RVV_FP32_INT8_8x4_Baseline_RVV_IGEMM_INT8_I8I32_8x4_igemm_kernel_8x4_zvl256b_lmul2_unroll4_i8i32_run3.log",NA,NA,NA,NA,NA,NA,NA
k1_kernel_tuning,RVV,tile_N,64,2026-09-04T13:07:51,k1-rvv,"GEMM_RVV_FP32_INT8_8x4_Baseline","RVV_IGEMM_INT8_I8I32_8x4","igemm_kernel_8x4_zvl256b_lmul2_unroll4_i8i32",8x4,256b,2,4,INT8_RVV,0-7,8,8,1024,1024,1024,64,4,OK,0,NONE,1.230105583,GOPS,1.745772,parallel_tiles_including_required_packing,DISABLED,0,0,"0:cpu0:tiles2;1:cpu1:tiles2;2:cpu2:tiles2;3:cpu3:tiles2;4:cpu4:tiles2;5:cpu5:tiles2;6:cpu6:tiles2;7:cpu7:tiles2","NA",static,0,"NA","NA","/home/bananapi/MAT/kernels riscv rvv 1.0/FINAL/riscv-rvv-ime-gemm-microkernels-updated/HETEROGENEOUS_RVV_IME_OPENMP_GEMM/results/openmp_results_k1-rvv_1024_20260904_130245/raw_logs/GEMM_RVV_FP32_INT8_8x4_Baseline_RVV_IGEMM_INT8_I8I32_8x4_igemm_kernel_8x4_zvl256b_lmul2_unroll4_i8i32_run4.log",NA,NA,NA,NA,NA,NA,NA
k1_kernel_tuning,RVV,tile_N,64,2026-09-04T13:07:54,k1-rvv,"GEMM_RVV_FP32_INT8_8x4_Baseline","RVV_IGEMM_INT8_I8I32_8x4","igemm_kernel_8x4_zvl256b_lmul2_unroll4_i8i32",8x4,256b,2,4,INT8_RVV,0-7,8,8,1024,1024,1024,64,5,OK,0,NONE,1.229837086,GOPS,1.746153,parallel_tiles_including_required_packing,DISABLED,0,0,"0:cpu0:tiles2;1:cpu1:tiles2;2:cpu2:tiles2;3:cpu3:tiles2;4:cpu4:tiles2;5:cpu5:tiles2;6:cpu6:tiles2;7:cpu7:tiles2","NA",static,0,"NA","NA","/home/bananapi/MAT/kernels riscv rvv 1.0/FINAL/riscv-rvv-ime-gemm-microkernels-updated/HETEROGENEOUS_RVV_IME_OPENMP_GEMM/results/openmp_results_k1-rvv_1024_20260904_130245/raw_logs/GEMM_RVV_FP32_INT8_8x4_Baseline_RVV_IGEMM_INT8_I8I32_8x4_igemm_kernel_8x4_zvl256b_lmul2_unroll4_i8i32_run5.log",NA,NA,NA,NA,NA,NA,NA
k1_kernel_tuning,RVV,tile_N,64,2026-09-04T13:07:57,k1-rvv,"GEMM_RVV_FP32_INT8_8x4_Baseline","RVV_IGEMM_INT8_I8I32_8x4","igemm_kernel_8x4_zvl256b_lmul2_unroll4_i8i32",8x4,256b,2,4,INT8_RVV,0-7,8,8,1024,1024,1024,64,6,OK,0,NONE,1.232014626,GOPS,1.743067,parallel_tiles_including_required_packing,DISABLED,0,0,"0:cpu0:tiles2;1:cpu1:tiles2;2:cpu2:tiles2;3:cpu3:tiles2;4:cpu4:tiles2;5:cpu5:tiles2;6:cpu6:tiles2;7:cpu7:tiles2","NA",static,0,"NA","NA","/home/bananapi/MAT/kernels riscv rvv 1.0/FINAL/riscv-rvv-ime-gemm-microkernels-updated/HETEROGENEOUS_RVV_IME_OPENMP_GEMM/results/openmp_results_k1-rvv_1024_20260904_130245/raw_logs/GEMM_RVV_FP32_INT8_8x4_Baseline_RVV_IGEMM_INT8_I8I32_8x4_igemm_kernel_8x4_zvl256b_lmul2_unroll4_i8i32_run6.log",NA,NA,NA,NA,NA,NA,NA
k1_kernel_tuning,RVV,tile_N,64,2026-09-04T13:08:29,k1-rvv,"GEMM_RVV_FP32_INT8_8x4_Baseline","RVV_IGEMM_INT8_I8I32_8x4","igemm_kernel_8x4_zvl256b_lmul2_unroll8_i8i32",8x4,256b,2,8,INT8_RVV,0-7,8,8,1024,1024,1024,64,1,OK,0,NONE,1.266965624,GOPS,1.694982,parallel_tiles_including_required_packing,INDEPENDENT_INT64_REFERENCE_EXACT_INT32,0,0,"0:cpu0:tiles2;1:cpu1:tiles2;2:cpu2:tiles2;3:cpu3:tiles2;4:cpu4:tiles2;5:cpu5:tiles2;6:cpu6:tiles2;7:cpu7:tiles2","NA",static,0,"NA","NA","/home/bananapi/MAT/kernels riscv rvv 1.0/FINAL/riscv-rvv-ime-gemm-microkernels-updated/HETEROGENEOUS_RVV_IME_OPENMP_GEMM/results/openmp_results_k1-rvv_1024_20260904_130245/raw_logs/GEMM_RVV_FP32_INT8_8x4_Baseline_RVV_IGEMM_INT8_I8I32_8x4_igemm_kernel_8x4_zvl256b_lmul2_unroll8_i8i32_run1.log",NA,NA,NA,NA,NA,NA,NA
k1_kernel_tuning,RVV,tile_N,64,2026-09-04T13:08:32,k1-rvv,"GEMM_RVV_FP32_INT8_8x4_Baseline","RVV_IGEMM_INT8_I8I32_8x4","igemm_kernel_8x4_zvl256b_lmul2_unroll8_i8i32",8x4,256b,2,8,INT8_RVV,0-7,8,8,1024,1024,1024,64,2,OK,0,NONE,1.263902083,GOPS,1.699090,parallel_tiles_including_required_packing,DISABLED,0,0,"0:cpu0:tiles2;1:cpu1:tiles2;2:cpu2:tiles2;3:cpu3:tiles2;4:cpu4:tiles2;5:cpu5:tiles2;6:cpu6:tiles2;7:cpu7:tiles2","NA",static,0,"NA","NA","/home/bananapi/MAT/kernels riscv rvv 1.0/FINAL/riscv-rvv-ime-gemm-microkernels-updated/HETEROGENEOUS_RVV_IME_OPENMP_GEMM/results/openmp_results_k1-rvv_1024_20260904_130245/raw_logs/GEMM_RVV_FP32_INT8_8x4_Baseline_RVV_IGEMM_INT8_I8I32_8x4_igemm_kernel_8x4_zvl256b_lmul2_unroll8_i8i32_run2.log",NA,NA,NA,NA,NA,NA,NA
k1_kernel_tuning,RVV,tile_N,64,2026-09-04T13:08:34,k1-rvv,"GEMM_RVV_FP32_INT8_8x4_Baseline","RVV_IGEMM_INT8_I8I32_8x4","igemm_kernel_8x4_zvl256b_lmul2_unroll8_i8i32",8x4,256b,2,8,INT8_RVV,0-7,8,8,1024,1024,1024,64,3,OK,0,NONE,1.269265916,GOPS,1.691910,parallel_tiles_including_required_packing,DISABLED,0,0,"0:cpu0:tiles2;1:cpu1:tiles2;2:cpu2:tiles2;3:cpu3:tiles2;4:cpu4:tiles2;5:cpu5:tiles2;6:cpu6:tiles2;7:cpu7:tiles2","NA",static,0,"NA","NA","/home/bananapi/MAT/kernels riscv rvv 1.0/FINAL/riscv-rvv-ime-gemm-microkernels-updated/HETEROGENEOUS_RVV_IME_OPENMP_GEMM/results/openmp_results_k1-rvv_1024_20260904_130245/raw_logs/GEMM_RVV_FP32_INT8_8x4_Baseline_RVV_IGEMM_INT8_I8I32_8x4_igemm_kernel_8x4_zvl256b_lmul2_unroll8_i8i32_run3.log",NA,NA,NA,NA,NA,NA,NA
k1_kernel_tuning,RVV,tile_N,64,2026-09-04T13:08:37,k1-rvv,"GEMM_RVV_FP32_INT8_8x4_Baseline","RVV_IGEMM_INT8_I8I32_8x4","igemm_kernel_8x4_zvl256b_lmul2_unroll8_i8i32",8x4,256b,2,8,INT8_RVV,0-7,8,8,1024,1024,1024,64,4,OK,0,NONE,1.269059125,GOPS,1.692186,parallel_tiles_including_required_packing,DISABLED,0,0,"0:cpu0:tiles2;1:cpu1:tiles2;2:cpu2:tiles2;3:cpu3:tiles2;4:cpu4:tiles2;5:cpu5:tiles2;6:cpu6:tiles2;7:cpu7:tiles2","NA",static,0,"NA","NA","/home/bananapi/MAT/kernels riscv rvv 1.0/FINAL/riscv-rvv-ime-gemm-microkernels-updated/HETEROGENEOUS_RVV_IME_OPENMP_GEMM/results/openmp_results_k1-rvv_1024_20260904_130245/raw_logs/GEMM_RVV_FP32_INT8_8x4_Baseline_RVV_IGEMM_INT8_I8I32_8x4_igemm_kernel_8x4_zvl256b_lmul2_unroll8_i8i32_run4.log",NA,NA,NA,NA,NA,NA,NA
k1_kernel_tuning,RVV,tile_N,64,2026-09-04T13:08:40,k1-rvv,"GEMM_RVV_FP32_INT8_8x4_Baseline","RVV_IGEMM_INT8_I8I32_8x4","igemm_kernel_8x4_zvl256b_lmul2_unroll8_i8i32",8x4,256b,2,8,INT8_RVV,0-7,8,8,1024,1024,1024,64,5,OK,0,NONE,1.267959207,GOPS,1.693654,parallel_tiles_including_required_packing,DISABLED,0,0,"0:cpu0:tiles2;1:cpu1:tiles2;2:cpu2:tiles2;3:cpu3:tiles2;4:cpu4:tiles2;5:cpu5:tiles2;6:cpu6:tiles2;7:cpu7:tiles2","NA",static,0,"NA","NA","/home/bananapi/MAT/kernels riscv rvv 1.0/FINAL/riscv-rvv-ime-gemm-microkernels-updated/HETEROGENEOUS_RVV_IME_OPENMP_GEMM/results/openmp_results_k1-rvv_1024_20260904_130245/raw_logs/GEMM_RVV_FP32_INT8_8x4_Baseline_RVV_IGEMM_INT8_I8I32_8x4_igemm_kernel_8x4_zvl256b_lmul2_unroll8_i8i32_run5.log",NA,NA,NA,NA,NA,NA,NA
k1_kernel_tuning,RVV,tile_N,64,2026-09-04T13:08:43,k1-rvv,"GEMM_RVV_FP32_INT8_8x4_Baseline","RVV_IGEMM_INT8_I8I32_8x4","igemm_kernel_8x4_zvl256b_lmul2_unroll8_i8i32",8x4,256b,2,8,INT8_RVV,0-7,8,8,1024,1024,1024,64,6,OK,0,NONE,1.257897291,GOPS,1.707201,parallel_tiles_including_required_packing,DISABLED,0,0,"0:cpu0:tiles2;1:cpu1:tiles2;2:cpu2:tiles2;3:cpu3:tiles2;4:cpu4:tiles2;5:cpu5:tiles2;6:cpu6:tiles2;7:cpu7:tiles2","NA",static,0,"NA","NA","/home/bananapi/MAT/kernels riscv rvv 1.0/FINAL/riscv-rvv-ime-gemm-microkernels-updated/HETEROGENEOUS_RVV_IME_OPENMP_GEMM/results/openmp_results_k1-rvv_1024_20260904_130245/raw_logs/GEMM_RVV_FP32_INT8_8x4_Baseline_RVV_IGEMM_INT8_I8I32_8x4_igemm_kernel_8x4_zvl256b_lmul2_unroll8_i8i32_run6.log",NA,NA,NA,NA,NA,NA,NA
k1_kernel_tuning,RVV,tile_N,64,2026-09-04T13:09:17,k1-rvv,"GEMM_RVV_FP32_INT8_8x4_Baseline","RVV_IGEMM_INT8_I8I32_8x4","igemm_kernel_8x4_zvl256b_lmulmf2_unroll1_i8i32",8x4,256b,mf2,1,INT8_RVV,0-7,8,8,1024,1024,1024,64,1,OK,0,NONE,0.103829250,GOPS,20.682839,parallel_tiles_including_required_packing,INDEPENDENT_INT64_REFERENCE_EXACT_INT32,0,0,"0:cpu0:tiles2;1:cpu1:tiles2;2:cpu2:tiles2;3:cpu3:tiles2;4:cpu4:tiles2;5:cpu5:tiles2;6:cpu6:tiles2;7:cpu7:tiles2","NA",static,0,"NA","NA","/home/bananapi/MAT/kernels riscv rvv 1.0/FINAL/riscv-rvv-ime-gemm-microkernels-updated/HETEROGENEOUS_RVV_IME_OPENMP_GEMM/results/openmp_results_k1-rvv_1024_20260904_130245/raw_logs/GEMM_RVV_FP32_INT8_8x4_Baseline_RVV_IGEMM_INT8_I8I32_8x4_igemm_kernel_8x4_zvl256b_lmulmf2_unroll1_i8i32_run1.log",NA,NA,NA,NA,NA,NA,NA
k1_kernel_tuning,RVV,tile_N,64,2026-09-04T13:09:18,k1-rvv,"GEMM_RVV_FP32_INT8_8x4_Baseline","RVV_IGEMM_INT8_I8I32_8x4","igemm_kernel_8x4_zvl256b_lmulmf2_unroll1_i8i32",8x4,256b,mf2,1,INT8_RVV,0-7,8,8,1024,1024,1024,64,2,OK,0,NONE,0.107128292,GOPS,20.045906,parallel_tiles_including_required_packing,DISABLED,0,0,"0:cpu0:tiles2;1:cpu1:tiles2;2:cpu2:tiles2;3:cpu3:tiles2;4:cpu4:tiles2;5:cpu5:tiles2;6:cpu6:tiles2;7:cpu7:tiles2","NA",static,0,"NA","NA","/home/bananapi/MAT/kernels riscv rvv 1.0/FINAL/riscv-rvv-ime-gemm-microkernels-updated/HETEROGENEOUS_RVV_IME_OPENMP_GEMM/results/openmp_results_k1-rvv_1024_20260904_130245/raw_logs/GEMM_RVV_FP32_INT8_8x4_Baseline_RVV_IGEMM_INT8_I8I32_8x4_igemm_kernel_8x4_zvl256b_lmulmf2_unroll1_i8i32_run2.log",NA,NA,NA,NA,NA,NA,NA
k1_kernel_tuning,RVV,tile_N,64,2026-09-04T13:09:18,k1-rvv,"GEMM_RVV_FP32_INT8_8x4_Baseline","RVV_IGEMM_INT8_I8I32_8x4","igemm_kernel_8x4_zvl256b_lmulmf2_unroll1_i8i32",8x4,256b,mf2,1,INT8_RVV,0-7,8,8,1024,1024,1024,64,3,OK,0,NONE,0.105903961,GOPS,20.277652,parallel_tiles_including_required_packing,DISABLED,0,0,"0:cpu0:tiles2;1:cpu1:tiles2;2:cpu2:tiles2;3:cpu3:tiles2;4:cpu4:tiles2;5:cpu5:tiles2;6:cpu6:tiles2;7:cpu7:tiles2","NA",static,0,"NA","NA","/home/bananapi/MAT/kernels riscv rvv 1.0/FINAL/riscv-rvv-ime-gemm-microkernels-updated/HETEROGENEOUS_RVV_IME_OPENMP_GEMM/results/openmp_results_k1-rvv_1024_20260904_130245/raw_logs/GEMM_RVV_FP32_INT8_8x4_Baseline_RVV_IGEMM_INT8_I8I32_8x4_igemm_kernel_8x4_zvl256b_lmulmf2_unroll1_i8i32_run3.log",NA,NA,NA,NA,NA,NA,NA
k1_kernel_tuning,RVV,tile_N,64,2026-09-04T13:09:19,k1-rvv,"GEMM_RVV_FP32_INT8_8x4_Baseline","RVV_IGEMM_INT8_I8I32_8x4","igemm_kernel_8x4_zvl256b_lmulmf2_unroll1_i8i32",8x4,256b,mf2,1,INT8_RVV,0-7,8,8,1024,1024,1024,64,4,OK,0,NONE,0.104902584,GOPS,20.471218,parallel_tiles_including_required_packing,DISABLED,0,0,"0:cpu0:tiles2;1:cpu1:tiles2;2:cpu2:tiles2;3:cpu3:tiles2;4:cpu4:tiles2;5:cpu5:tiles2;6:cpu6:tiles2;7:cpu7:tiles2","NA",static,0,"NA","NA","/home/bananapi/MAT/kernels riscv rvv 1.0/FINAL/riscv-rvv-ime-gemm-microkernels-updated/HETEROGENEOUS_RVV_IME_OPENMP_GEMM/results/openmp_results_k1-rvv_1024_20260904_130245/raw_logs/GEMM_RVV_FP32_INT8_8x4_Baseline_RVV_IGEMM_INT8_I8I32_8x4_igemm_kernel_8x4_zvl256b_lmulmf2_unroll1_i8i32_run4.log",NA,NA,NA,NA,NA,NA,NA
k1_kernel_tuning,RVV,tile_N,64,2026-09-04T13:09:19,k1-rvv,"GEMM_RVV_FP32_INT8_8x4_Baseline","RVV_IGEMM_INT8_I8I32_8x4","igemm_kernel_8x4_zvl256b_lmulmf2_unroll1_i8i32",8x4,256b,mf2,1,INT8_RVV,0-7,8,8,1024,1024,1024,64,5,OK,0,NONE,0.104168918,GOPS,20.615397,parallel_tiles_including_required_packing,DISABLED,0,0,"0:cpu0:tiles2;1:cpu1:tiles2;2:cpu2:tiles2;3:cpu3:tiles2;4:cpu4:tiles2;5:cpu5:tiles2;6:cpu6:tiles2;7:cpu7:tiles2","NA",static,0,"NA","NA","/home/bananapi/MAT/kernels riscv rvv 1.0/FINAL/riscv-rvv-ime-gemm-microkernels-updated/HETEROGENEOUS_RVV_IME_OPENMP_GEMM/results/openmp_results_k1-rvv_1024_20260904_130245/raw_logs/GEMM_RVV_FP32_INT8_8x4_Baseline_RVV_IGEMM_INT8_I8I32_8x4_igemm_kernel_8x4_zvl256b_lmulmf2_unroll1_i8i32_run5.log",NA,NA,NA,NA,NA,NA,NA
k1_kernel_tuning,RVV,tile_N,64,2026-09-04T13:09:20,k1-rvv,"GEMM_RVV_FP32_INT8_8x4_Baseline","RVV_IGEMM_INT8_I8I32_8x4","igemm_kernel_8x4_zvl256b_lmulmf2_unroll1_i8i32",8x4,256b,mf2,1,INT8_RVV,0-7,8,8,1024,1024,1024,64,6,OK,0,NONE,0.103989251,GOPS,20.651016,parallel_tiles_including_required_packing,DISABLED,0,0,"0:cpu0:tiles2;1:cpu1:tiles2;2:cpu2:tiles2;3:cpu3:tiles2;4:cpu4:tiles2;5:cpu5:tiles2;6:cpu6:tiles2;7:cpu7:tiles2","NA",static,0,"NA","NA","/home/bananapi/MAT/kernels riscv rvv 1.0/FINAL/riscv-rvv-ime-gemm-microkernels-updated/HETEROGENEOUS_RVV_IME_OPENMP_GEMM/results/openmp_results_k1-rvv_1024_20260904_130245/raw_logs/GEMM_RVV_FP32_INT8_8x4_Baseline_RVV_IGEMM_INT8_I8I32_8x4_igemm_kernel_8x4_zvl256b_lmulmf2_unroll1_i8i32_run6.log",NA,NA,NA,NA,NA,NA,NA
k1_kernel_tuning,RVV,tile_N,64,2026-09-04T13:09:55,k1-rvv,"GEMM_RVV_FP32_INT8_8x4_Baseline","RVV_IGEMM_INT8_I8I32_8x4","igemm_kernel_8x4_zvl256b_lmulmf2_unroll2_i8i32",8x4,256b,mf2,2,INT8_RVV,0-7,8,8,1024,1024,1024,64,1,OK,0,NONE,0.097677790,GOPS,21.985383,parallel_tiles_including_required_packing,INDEPENDENT_INT64_REFERENCE_EXACT_INT32,0,0,"0:cpu0:tiles2;1:cpu1:tiles2;2:cpu2:tiles2;3:cpu3:tiles2;4:cpu4:tiles2;5:cpu5:tiles2;6:cpu6:tiles2;7:cpu7:tiles2","NA",static,0,"NA","NA","/home/bananapi/MAT/kernels riscv rvv 1.0/FINAL/riscv-rvv-ime-gemm-microkernels-updated/HETEROGENEOUS_RVV_IME_OPENMP_GEMM/results/openmp_results_k1-rvv_1024_20260904_130245/raw_logs/GEMM_RVV_FP32_INT8_8x4_Baseline_RVV_IGEMM_INT8_I8I32_8x4_igemm_kernel_8x4_zvl256b_lmulmf2_unroll2_i8i32_run1.log",NA,NA,NA,NA,NA,NA,NA
k1_kernel_tuning,RVV,tile_N,64,2026-09-04T13:09:56,k1-rvv,"GEMM_RVV_FP32_INT8_8x4_Baseline","RVV_IGEMM_INT8_I8I32_8x4","igemm_kernel_8x4_zvl256b_lmulmf2_unroll2_i8i32",8x4,256b,mf2,2,INT8_RVV,0-7,8,8,1024,1024,1024,64,2,OK,0,NONE,0.101924874,GOPS,21.069279,parallel_tiles_including_required_packing,DISABLED,0,0,"0:cpu0:tiles2;1:cpu1:tiles2;2:cpu2:tiles2;3:cpu3:tiles2;4:cpu4:tiles2;5:cpu5:tiles2;6:cpu6:tiles2;7:cpu7:tiles2","NA",static,0,"NA","NA","/home/bananapi/MAT/kernels riscv rvv 1.0/FINAL/riscv-rvv-ime-gemm-microkernels-updated/HETEROGENEOUS_RVV_IME_OPENMP_GEMM/results/openmp_results_k1-rvv_1024_20260904_130245/raw_logs/GEMM_RVV_FP32_INT8_8x4_Baseline_RVV_IGEMM_INT8_I8I32_8x4_igemm_kernel_8x4_zvl256b_lmulmf2_unroll2_i8i32_run2.log",NA,NA,NA,NA,NA,NA,NA
k1_kernel_tuning,RVV,tile_N,64,2026-09-04T13:09:56,k1-rvv,"GEMM_RVV_FP32_INT8_8x4_Baseline","RVV_IGEMM_INT8_I8I32_8x4","igemm_kernel_8x4_zvl256b_lmulmf2_unroll2_i8i32",8x4,256b,mf2,2,INT8_RVV,0-7,8,8,1024,1024,1024,64,3,OK,0,NONE,0.104458209,GOPS,20.558304,parallel_tiles_including_required_packing,DISABLED,0,0,"0:cpu0:tiles2;1:cpu1:tiles2;2:cpu2:tiles2;3:cpu3:tiles2;4:cpu4:tiles2;5:cpu5:tiles2;6:cpu6:tiles2;7:cpu7:tiles2","NA",static,0,"NA","NA","/home/bananapi/MAT/kernels riscv rvv 1.0/FINAL/riscv-rvv-ime-gemm-microkernels-updated/HETEROGENEOUS_RVV_IME_OPENMP_GEMM/results/openmp_results_k1-rvv_1024_20260904_130245/raw_logs/GEMM_RVV_FP32_INT8_8x4_Baseline_RVV_IGEMM_INT8_I8I32_8x4_igemm_kernel_8x4_zvl256b_lmulmf2_unroll2_i8i32_run3.log",NA,NA,NA,NA,NA,NA,NA
k1_kernel_tuning,RVV,tile_N,64,2026-09-04T13:09:57,k1-rvv,"GEMM_RVV_FP32_INT8_8x4_Baseline","RVV_IGEMM_INT8_I8I32_8x4","igemm_kernel_8x4_zvl256b_lmulmf2_unroll2_i8i32",8x4,256b,mf2,2,INT8_RVV,0-7,8,8,1024,1024,1024,64,4,OK,0,NONE,0.103583291,GOPS,20.731950,parallel_tiles_including_required_packing,DISABLED,0,0,"0:cpu0:tiles2;1:cpu1:tiles2;2:cpu2:tiles2;3:cpu3:tiles2;4:cpu4:tiles2;5:cpu5:tiles2;6:cpu6:tiles2;7:cpu7:tiles2","NA",static,0,"NA","NA","/home/bananapi/MAT/kernels riscv rvv 1.0/FINAL/riscv-rvv-ime-gemm-microkernels-updated/HETEROGENEOUS_RVV_IME_OPENMP_GEMM/results/openmp_results_k1-rvv_1024_20260904_130245/raw_logs/GEMM_RVV_FP32_INT8_8x4_Baseline_RVV_IGEMM_INT8_I8I32_8x4_igemm_kernel_8x4_zvl256b_lmulmf2_unroll2_i8i32_run4.log",NA,NA,NA,NA,NA,NA,NA
k1_kernel_tuning,RVV,tile_N,64,2026-09-04T13:09:57,k1-rvv,"GEMM_RVV_FP32_INT8_8x4_Baseline","RVV_IGEMM_INT8_I8I32_8x4","igemm_kernel_8x4_zvl256b_lmulmf2_unroll2_i8i32",8x4,256b,mf2,2,INT8_RVV,0-7,8,8,1024,1024,1024,64,5,OK,0,NONE,0.103397168,GOPS,20.769269,parallel_tiles_including_required_packing,DISABLED,0,0,"0:cpu0:tiles2;1:cpu1:tiles2;2:cpu2:tiles2;3:cpu3:tiles2;4:cpu4:tiles2;5:cpu5:tiles2;6:cpu6:tiles2;7:cpu7:tiles2","NA",static,0,"NA","NA","/home/bananapi/MAT/kernels riscv rvv 1.0/FINAL/riscv-rvv-ime-gemm-microkernels-updated/HETEROGENEOUS_RVV_IME_OPENMP_GEMM/results/openmp_results_k1-rvv_1024_20260904_130245/raw_logs/GEMM_RVV_FP32_INT8_8x4_Baseline_RVV_IGEMM_INT8_I8I32_8x4_igemm_kernel_8x4_zvl256b_lmulmf2_unroll2_i8i32_run5.log",NA,NA,NA,NA,NA,NA,NA
k1_kernel_tuning,RVV,tile_N,64,2026-09-04T13:09:58,k1-rvv,"GEMM_RVV_FP32_INT8_8x4_Baseline","RVV_IGEMM_INT8_I8I32_8x4","igemm_kernel_8x4_zvl256b_lmulmf2_unroll2_i8i32",8x4,256b,mf2,2,INT8_RVV,0-7,8,8,1024,1024,1024,64,6,OK,0,NONE,0.102652919,GOPS,20.919850,parallel_tiles_including_required_packing,DISABLED,0,0,"0:cpu0:tiles2;1:cpu1:tiles2;2:cpu2:tiles2;3:cpu3:tiles2;4:cpu4:tiles2;5:cpu5:tiles2;6:cpu6:tiles2;7:cpu7:tiles2","NA",static,0,"NA","NA","/home/bananapi/MAT/kernels riscv rvv 1.0/FINAL/riscv-rvv-ime-gemm-microkernels-updated/HETEROGENEOUS_RVV_IME_OPENMP_GEMM/results/openmp_results_k1-rvv_1024_20260904_130245/raw_logs/GEMM_RVV_FP32_INT8_8x4_Baseline_RVV_IGEMM_INT8_I8I32_8x4_igemm_kernel_8x4_zvl256b_lmulmf2_unroll2_i8i32_run6.log",NA,NA,NA,NA,NA,NA,NA
k1_kernel_tuning,RVV,tile_N,64,2026-09-04T13:10:33,k1-rvv,"GEMM_RVV_FP32_INT8_8x4_Baseline","RVV_IGEMM_INT8_I8I32_8x4","igemm_kernel_8x4_zvl256b_lmulmf2_unroll4_i8i32",8x4,256b,mf2,4,INT8_RVV,0-7,8,8,1024,1024,1024,64,1,OK,0,NONE,0.098961916,GOPS,21.700102,parallel_tiles_including_required_packing,INDEPENDENT_INT64_REFERENCE_EXACT_INT32,0,0,"0:cpu0:tiles2;1:cpu1:tiles2;2:cpu2:tiles2;3:cpu3:tiles2;4:cpu4:tiles2;5:cpu5:tiles2;6:cpu6:tiles2;7:cpu7:tiles2","NA",static,0,"NA","NA","/home/bananapi/MAT/kernels riscv rvv 1.0/FINAL/riscv-rvv-ime-gemm-microkernels-updated/HETEROGENEOUS_RVV_IME_OPENMP_GEMM/results/openmp_results_k1-rvv_1024_20260904_130245/raw_logs/GEMM_RVV_FP32_INT8_8x4_Baseline_RVV_IGEMM_INT8_I8I32_8x4_igemm_kernel_8x4_zvl256b_lmulmf2_unroll4_i8i32_run1.log",NA,NA,NA,NA,NA,NA,NA
k1_kernel_tuning,RVV,tile_N,64,2026-09-04T13:10:34,k1-rvv,"GEMM_RVV_FP32_INT8_8x4_Baseline","RVV_IGEMM_INT8_I8I32_8x4","igemm_kernel_8x4_zvl256b_lmulmf2_unroll4_i8i32",8x4,256b,mf2,4,INT8_RVV,0-7,8,8,1024,1024,1024,64,2,OK,0,NONE,0.100835081,GOPS,21.296989,parallel_tiles_including_required_packing,DISABLED,0,0,"0:cpu0:tiles2;1:cpu1:tiles2;2:cpu2:tiles2;3:cpu3:tiles2;4:cpu4:tiles2;5:cpu5:tiles2;6:cpu6:tiles2;7:cpu7:tiles2","NA",static,0,"NA","NA","/home/bananapi/MAT/kernels riscv rvv 1.0/FINAL/riscv-rvv-ime-gemm-microkernels-updated/HETEROGENEOUS_RVV_IME_OPENMP_GEMM/results/openmp_results_k1-rvv_1024_20260904_130245/raw_logs/GEMM_RVV_FP32_INT8_8x4_Baseline_RVV_IGEMM_INT8_I8I32_8x4_igemm_kernel_8x4_zvl256b_lmulmf2_unroll4_i8i32_run2.log",NA,NA,NA,NA,NA,NA,NA
k1_kernel_tuning,RVV,tile_N,64,2026-09-04T13:10:34,k1-rvv,"GEMM_RVV_FP32_INT8_8x4_Baseline","RVV_IGEMM_INT8_I8I32_8x4","igemm_kernel_8x4_zvl256b_lmulmf2_unroll4_i8i32",8x4,256b,mf2,4,INT8_RVV,0-7,8,8,1024,1024,1024,64,3,OK,0,NONE,0.102047082,GOPS,21.044048,parallel_tiles_including_required_packing,DISABLED,0,0,"0:cpu0:tiles2;1:cpu1:tiles2;2:cpu2:tiles2;3:cpu3:tiles2;4:cpu4:tiles2;5:cpu5:tiles2;6:cpu6:tiles2;7:cpu7:tiles2","NA",static,0,"NA","NA","/home/bananapi/MAT/kernels riscv rvv 1.0/FINAL/riscv-rvv-ime-gemm-microkernels-updated/HETEROGENEOUS_RVV_IME_OPENMP_GEMM/results/openmp_results_k1-rvv_1024_20260904_130245/raw_logs/GEMM_RVV_FP32_INT8_8x4_Baseline_RVV_IGEMM_INT8_I8I32_8x4_igemm_kernel_8x4_zvl256b_lmulmf2_unroll4_i8i32_run3.log",NA,NA,NA,NA,NA,NA,NA
k1_kernel_tuning,RVV,tile_N,64,2026-09-04T13:10:35,k1-rvv,"GEMM_RVV_FP32_INT8_8x4_Baseline","RVV_IGEMM_INT8_I8I32_8x4","igemm_kernel_8x4_zvl256b_lmulmf2_unroll4_i8i32",8x4,256b,mf2,4,INT8_RVV,0-7,8,8,1024,1024,1024,64,4,OK,0,NONE,0.102681626,GOPS,20.914001,parallel_tiles_including_required_packing,DISABLED,0,0,"0:cpu0:tiles2;1:cpu1:tiles2;2:cpu2:tiles2;3:cpu3:tiles2;4:cpu4:tiles2;5:cpu5:tiles2;6:cpu6:tiles2;7:cpu7:tiles2","NA",static,0,"NA","NA","/home/bananapi/MAT/kernels riscv rvv 1.0/FINAL/riscv-rvv-ime-gemm-microkernels-updated/HETEROGENEOUS_RVV_IME_OPENMP_GEMM/results/openmp_results_k1-rvv_1024_20260904_130245/raw_logs/GEMM_RVV_FP32_INT8_8x4_Baseline_RVV_IGEMM_INT8_I8I32_8x4_igemm_kernel_8x4_zvl256b_lmulmf2_unroll4_i8i32_run4.log",NA,NA,NA,NA,NA,NA,NA
k1_kernel_tuning,RVV,tile_N,64,2026-09-04T13:10:36,k1-rvv,"GEMM_RVV_FP32_INT8_8x4_Baseline","RVV_IGEMM_INT8_I8I32_8x4","igemm_kernel_8x4_zvl256b_lmulmf2_unroll4_i8i32",8x4,256b,mf2,4,INT8_RVV,0-7,8,8,1024,1024,1024,64,5,OK,0,NONE,0.099141207,GOPS,21.660859,parallel_tiles_including_required_packing,DISABLED,0,0,"0:cpu0:tiles2;1:cpu1:tiles2;2:cpu2:tiles2;3:cpu3:tiles2;4:cpu4:tiles2;5:cpu5:tiles2;6:cpu6:tiles2;7:cpu7:tiles2","NA",static,0,"NA","NA","/home/bananapi/MAT/kernels riscv rvv 1.0/FINAL/riscv-rvv-ime-gemm-microkernels-updated/HETEROGENEOUS_RVV_IME_OPENMP_GEMM/results/openmp_results_k1-rvv_1024_20260904_130245/raw_logs/GEMM_RVV_FP32_INT8_8x4_Baseline_RVV_IGEMM_INT8_I8I32_8x4_igemm_kernel_8x4_zvl256b_lmulmf2_unroll4_i8i32_run5.log",NA,NA,NA,NA,NA,NA,NA
k1_kernel_tuning,RVV,tile_N,64,2026-09-04T13:10:36,k1-rvv,"GEMM_RVV_FP32_INT8_8x4_Baseline","RVV_IGEMM_INT8_I8I32_8x4","igemm_kernel_8x4_zvl256b_lmulmf2_unroll4_i8i32",8x4,256b,mf2,4,INT8_RVV,0-7,8,8,1024,1024,1024,64,6,OK,0,NONE,0.098067377,GOPS,21.898043,parallel_tiles_including_required_packing,DISABLED,0,0,"0:cpu0:tiles2;1:cpu1:tiles2;2:cpu2:tiles2;3:cpu3:tiles2;4:cpu4:tiles2;5:cpu5:tiles2;6:cpu6:tiles2;7:cpu7:tiles2","NA",static,0,"NA","NA","/home/bananapi/MAT/kernels riscv rvv 1.0/FINAL/riscv-rvv-ime-gemm-microkernels-updated/HETEROGENEOUS_RVV_IME_OPENMP_GEMM/results/openmp_results_k1-rvv_1024_20260904_130245/raw_logs/GEMM_RVV_FP32_INT8_8x4_Baseline_RVV_IGEMM_INT8_I8I32_8x4_igemm_kernel_8x4_zvl256b_lmulmf2_unroll4_i8i32_run6.log",NA,NA,NA,NA,NA,NA,NA
k1_kernel_tuning,RVV,tile_N,64,2026-09-04T13:11:05,k1-rvv,"GEMM_RVV_FP32_INT8_8x4_Baseline","RVV_IGEMM_INT8_I8I32_8x4","igemm_kernel_8x4_zvl256b_lmulmf2_unroll8_i8i32",8x4,256b,mf2,8,INT8_RVV,0-7,8,8,1024,1024,1024,64,1,OK,0,NONE,0.099259540,GOPS,21.635035,parallel_tiles_including_required_packing,INDEPENDENT_INT64_REFERENCE_EXACT_INT32,0,0,"0:cpu0:tiles2;1:cpu1:tiles2;2:cpu2:tiles2;3:cpu3:tiles2;4:cpu4:tiles2;5:cpu5:tiles2;6:cpu6:tiles2;7:cpu7:tiles2","NA",static,0,"NA","NA","/home/bananapi/MAT/kernels riscv rvv 1.0/FINAL/riscv-rvv-ime-gemm-microkernels-updated/HETEROGENEOUS_RVV_IME_OPENMP_GEMM/results/openmp_results_k1-rvv_1024_20260904_130245/raw_logs/GEMM_RVV_FP32_INT8_8x4_Baseline_RVV_IGEMM_INT8_I8I32_8x4_igemm_kernel_8x4_zvl256b_lmulmf2_unroll8_i8i32_run1.log",NA,NA,NA,NA,NA,NA,NA
k1_kernel_tuning,RVV,tile_N,64,2026-09-04T13:11:06,k1-rvv,"GEMM_RVV_FP32_INT8_8x4_Baseline","RVV_IGEMM_INT8_I8I32_8x4","igemm_kernel_8x4_zvl256b_lmulmf2_unroll8_i8i32",8x4,256b,mf2,8,INT8_RVV,0-7,8,8,1024,1024,1024,64,2,OK,0,NONE,0.100237001,GOPS,21.424061,parallel_tiles_including_required_packing,DISABLED,0,0,"0:cpu0:tiles2;1:cpu1:tiles2;2:cpu2:tiles2;3:cpu3:tiles2;4:cpu4:tiles2;5:cpu5:tiles2;6:cpu6:tiles2;7:cpu7:tiles2","NA",static,0,"NA","NA","/home/bananapi/MAT/kernels riscv rvv 1.0/FINAL/riscv-rvv-ime-gemm-microkernels-updated/HETEROGENEOUS_RVV_IME_OPENMP_GEMM/results/openmp_results_k1-rvv_1024_20260904_130245/raw_logs/GEMM_RVV_FP32_INT8_8x4_Baseline_RVV_IGEMM_INT8_I8I32_8x4_igemm_kernel_8x4_zvl256b_lmulmf2_unroll8_i8i32_run2.log",NA,NA,NA,NA,NA,NA,NA
k1_kernel_tuning,RVV,tile_N,64,2026-09-04T13:11:06,k1-rvv,"GEMM_RVV_FP32_INT8_8x4_Baseline","RVV_IGEMM_INT8_I8I32_8x4","igemm_kernel_8x4_zvl256b_lmulmf2_unroll8_i8i32",8x4,256b,mf2,8,INT8_RVV,0-7,8,8,1024,1024,1024,64,3,OK,0,NONE,0.098757125,GOPS,21.745101,parallel_tiles_including_required_packing,DISABLED,0,0,"0:cpu0:tiles2;1:cpu1:tiles2;2:cpu2:tiles2;3:cpu3:tiles2;4:cpu4:tiles2;5:cpu5:tiles2;6:cpu6:tiles2;7:cpu7:tiles2","NA",static,0,"NA","NA","/home/bananapi/MAT/kernels riscv rvv 1.0/FINAL/riscv-rvv-ime-gemm-microkernels-updated/HETEROGENEOUS_RVV_IME_OPENMP_GEMM/results/openmp_results_k1-rvv_1024_20260904_130245/raw_logs/GEMM_RVV_FP32_INT8_8x4_Baseline_RVV_IGEMM_INT8_I8I32_8x4_igemm_kernel_8x4_zvl256b_lmulmf2_unroll8_i8i32_run3.log",NA,NA,NA,NA,NA,NA,NA
k1_kernel_tuning,RVV,tile_N,64,2026-09-04T13:11:07,k1-rvv,"GEMM_RVV_FP32_INT8_8x4_Baseline","RVV_IGEMM_INT8_I8I32_8x4","igemm_kernel_8x4_zvl256b_lmulmf2_unroll8_i8i32",8x4,256b,mf2,8,INT8_RVV,0-7,8,8,1024,1024,1024,64,4,OK,0,NONE,0.100123253,GOPS,21.448401,parallel_tiles_including_required_packing,DISABLED,0,0,"0:cpu0:tiles2;1:cpu1:tiles2;2:cpu2:tiles2;3:cpu3:tiles2;4:cpu4:tiles2;5:cpu5:tiles2;6:cpu6:tiles2;7:cpu7:tiles2","NA",static,0,"NA","NA","/home/bananapi/MAT/kernels riscv rvv 1.0/FINAL/riscv-rvv-ime-gemm-microkernels-updated/HETEROGENEOUS_RVV_IME_OPENMP_GEMM/results/openmp_results_k1-rvv_1024_20260904_130245/raw_logs/GEMM_RVV_FP32_INT8_8x4_Baseline_RVV_IGEMM_INT8_I8I32_8x4_igemm_kernel_8x4_zvl256b_lmulmf2_unroll8_i8i32_run4.log",NA,NA,NA,NA,NA,NA,NA
k1_kernel_tuning,RVV,tile_N,64,2026-09-04T13:11:07,k1-rvv,"GEMM_RVV_FP32_INT8_8x4_Baseline","RVV_IGEMM_INT8_I8I32_8x4","igemm_kernel_8x4_zvl256b_lmulmf2_unroll8_i8i32",8x4,256b,mf2,8,INT8_RVV,0-7,8,8,1024,1024,1024,64,5,OK,0,NONE,0.109468795,GOPS,19.617313,parallel_tiles_including_required_packing,DISABLED,0,0,"0:cpu0:tiles2;1:cpu1:tiles2;2:cpu2:tiles2;3:cpu3:tiles2;4:cpu4:tiles2;5:cpu5:tiles2;6:cpu6:tiles2;7:cpu7:tiles2","NA",static,0,"NA","NA","/home/bananapi/MAT/kernels riscv rvv 1.0/FINAL/riscv-rvv-ime-gemm-microkernels-updated/HETEROGENEOUS_RVV_IME_OPENMP_GEMM/results/openmp_results_k1-rvv_1024_20260904_130245/raw_logs/GEMM_RVV_FP32_INT8_8x4_Baseline_RVV_IGEMM_INT8_I8I32_8x4_igemm_kernel_8x4_zvl256b_lmulmf2_unroll8_i8i32_run5.log",NA,NA,NA,NA,NA,NA,NA
k1_kernel_tuning,RVV,tile_N,64,2026-09-04T13:11:08,k1-rvv,"GEMM_RVV_FP32_INT8_8x4_Baseline","RVV_IGEMM_INT8_I8I32_8x4","igemm_kernel_8x4_zvl256b_lmulmf2_unroll8_i8i32",8x4,256b,mf2,8,INT8_RVV,0-7,8,8,1024,1024,1024,64,6,OK,0,NONE,0.103259377,GOPS,20.796984,parallel_tiles_including_required_packing,DISABLED,0,0,"0:cpu0:tiles2;1:cpu1:tiles2;2:cpu2:tiles2;3:cpu3:tiles2;4:cpu4:tiles2;5:cpu5:tiles2;6:cpu6:tiles2;7:cpu7:tiles2","NA",static,0,"NA","NA","/home/bananapi/MAT/kernels riscv rvv 1.0/FINAL/riscv-rvv-ime-gemm-microkernels-updated/HETEROGENEOUS_RVV_IME_OPENMP_GEMM/results/openmp_results_k1-rvv_1024_20260904_130245/raw_logs/GEMM_RVV_FP32_INT8_8x4_Baseline_RVV_IGEMM_INT8_I8I32_8x4_igemm_kernel_8x4_zvl256b_lmulmf2_unroll8_i8i32_run6.log",NA,NA,NA,NA,NA,NA,NA
k1_kernel_tuning,RVV,tile_N,64,2026-09-04T13:11:36,k1-rvv,"GEMM_RVV_FP32_INT8_8x4_Baseline","RVV_IGEMM_INT8_I8I32_8x4","igemm_kernel_8x4_zvl256b_lmulmf4_unroll1_i8i32",8x4,256b,mf4,1,INT8_RVV,0-7,8,8,1024,1024,1024,64,1,OK,0,NONE,0.078593627,GOPS,27.323891,parallel_tiles_including_required_packing,INDEPENDENT_INT64_REFERENCE_EXACT_INT32,0,0,"0:cpu0:tiles2;1:cpu1:tiles2;2:cpu2:tiles2;3:cpu3:tiles2;4:cpu4:tiles2;5:cpu5:tiles2;6:cpu6:tiles2;7:cpu7:tiles2","NA",static,0,"NA","NA","/home/bananapi/MAT/kernels riscv rvv 1.0/FINAL/riscv-rvv-ime-gemm-microkernels-updated/HETEROGENEOUS_RVV_IME_OPENMP_GEMM/results/openmp_results_k1-rvv_1024_20260904_130245/raw_logs/GEMM_RVV_FP32_INT8_8x4_Baseline_RVV_IGEMM_INT8_I8I32_8x4_igemm_kernel_8x4_zvl256b_lmulmf4_unroll1_i8i32_run1.log",NA,NA,NA,NA,NA,NA,NA
k1_kernel_tuning,RVV,tile_N,64,2026-09-04T13:11:36,k1-rvv,"GEMM_RVV_FP32_INT8_8x4_Baseline","RVV_IGEMM_INT8_I8I32_8x4","igemm_kernel_8x4_zvl256b_lmulmf4_unroll1_i8i32",8x4,256b,mf4,1,INT8_RVV,0-7,8,8,1024,1024,1024,64,2,OK,0,NONE,0.080266625,GOPS,26.754378,parallel_tiles_including_required_packing,DISABLED,0,0,"0:cpu0:tiles2;1:cpu1:tiles2;2:cpu2:tiles2;3:cpu3:tiles2;4:cpu4:tiles2;5:cpu5:tiles2;6:cpu6:tiles2;7:cpu7:tiles2","NA",static,0,"NA","NA","/home/bananapi/MAT/kernels riscv rvv 1.0/FINAL/riscv-rvv-ime-gemm-microkernels-updated/HETEROGENEOUS_RVV_IME_OPENMP_GEMM/results/openmp_results_k1-rvv_1024_20260904_130245/raw_logs/GEMM_RVV_FP32_INT8_8x4_Baseline_RVV_IGEMM_INT8_I8I32_8x4_igemm_kernel_8x4_zvl256b_lmulmf4_unroll1_i8i32_run2.log",NA,NA,NA,NA,NA,NA,NA
k1_kernel_tuning,RVV,tile_N,64,2026-09-04T13:11:37,k1-rvv,"GEMM_RVV_FP32_INT8_8x4_Baseline","RVV_IGEMM_INT8_I8I32_8x4","igemm_kernel_8x4_zvl256b_lmulmf4_unroll1_i8i32",8x4,256b,mf4,1,INT8_RVV,0-7,8,8,1024,1024,1024,64,3,OK,0,NONE,0.078941707,GOPS,27.203410,parallel_tiles_including_required_packing,DISABLED,0,0,"0:cpu0:tiles2;1:cpu1:tiles2;2:cpu2:tiles2;3:cpu3:tiles2;4:cpu4:tiles2;5:cpu5:tiles2;6:cpu6:tiles2;7:cpu7:tiles2","NA",static,0,"NA","NA","/home/bananapi/MAT/kernels riscv rvv 1.0/FINAL/riscv-rvv-ime-gemm-microkernels-updated/HETEROGENEOUS_RVV_IME_OPENMP_GEMM/results/openmp_results_k1-rvv_1024_20260904_130245/raw_logs/GEMM_RVV_FP32_INT8_8x4_Baseline_RVV_IGEMM_INT8_I8I32_8x4_igemm_kernel_8x4_zvl256b_lmulmf4_unroll1_i8i32_run3.log",NA,NA,NA,NA,NA,NA,NA
k1_kernel_tuning,RVV,tile_N,64,2026-09-04T13:11:37,k1-rvv,"GEMM_RVV_FP32_INT8_8x4_Baseline","RVV_IGEMM_INT8_I8I32_8x4","igemm_kernel_8x4_zvl256b_lmulmf4_unroll1_i8i32",8x4,256b,mf4,1,INT8_RVV,0-7,8,8,1024,1024,1024,64,4,OK,0,NONE,0.080490708,GOPS,26.679895,parallel_tiles_including_required_packing,DISABLED,0,0,"0:cpu0:tiles2;1:cpu1:tiles2;2:cpu2:tiles2;3:cpu3:tiles2;4:cpu4:tiles2;5:cpu5:tiles2;6:cpu6:tiles2;7:cpu7:tiles2","NA",static,0,"NA","NA","/home/bananapi/MAT/kernels riscv rvv 1.0/FINAL/riscv-rvv-ime-gemm-microkernels-updated/HETEROGENEOUS_RVV_IME_OPENMP_GEMM/results/openmp_results_k1-rvv_1024_20260904_130245/raw_logs/GEMM_RVV_FP32_INT8_8x4_Baseline_RVV_IGEMM_INT8_I8I32_8x4_igemm_kernel_8x4_zvl256b_lmulmf4_unroll1_i8i32_run4.log",NA,NA,NA,NA,NA,NA,NA
k1_kernel_tuning,RVV,tile_N,64,2026-09-04T13:11:38,k1-rvv,"GEMM_RVV_FP32_INT8_8x4_Baseline","RVV_IGEMM_INT8_I8I32_8x4","igemm_kernel_8x4_zvl256b_lmulmf4_unroll1_i8i32",8x4,256b,mf4,1,INT8_RVV,0-7,8,8,1024,1024,1024,64,5,OK,0,NONE,0.078117125,GOPS,27.490562,parallel_tiles_including_required_packing,DISABLED,0,0,"0:cpu0:tiles2;1:cpu1:tiles2;2:cpu2:tiles2;3:cpu3:tiles2;4:cpu4:tiles2;5:cpu5:tiles2;6:cpu6:tiles2;7:cpu7:tiles2","NA",static,0,"NA","NA","/home/bananapi/MAT/kernels riscv rvv 1.0/FINAL/riscv-rvv-ime-gemm-microkernels-updated/HETEROGENEOUS_RVV_IME_OPENMP_GEMM/results/openmp_results_k1-rvv_1024_20260904_130245/raw_logs/GEMM_RVV_FP32_INT8_8x4_Baseline_RVV_IGEMM_INT8_I8I32_8x4_igemm_kernel_8x4_zvl256b_lmulmf4_unroll1_i8i32_run5.log",NA,NA,NA,NA,NA,NA,NA
k1_kernel_tuning,RVV,tile_N,64,2026-09-04T13:11:38,k1-rvv,"GEMM_RVV_FP32_INT8_8x4_Baseline","RVV_IGEMM_INT8_I8I32_8x4","igemm_kernel_8x4_zvl256b_lmulmf4_unroll1_i8i32",8x4,256b,mf4,1,INT8_RVV,0-7,8,8,1024,1024,1024,64,6,OK,0,NONE,0.083818417,GOPS,25.620666,parallel_tiles_including_required_packing,DISABLED,0,0,"0:cpu0:tiles2;1:cpu1:tiles2;2:cpu2:tiles2;3:cpu3:tiles2;4:cpu4:tiles2;5:cpu5:tiles2;6:cpu6:tiles2;7:cpu7:tiles2","NA",static,0,"NA","NA","/home/bananapi/MAT/kernels riscv rvv 1.0/FINAL/riscv-rvv-ime-gemm-microkernels-updated/HETEROGENEOUS_RVV_IME_OPENMP_GEMM/results/openmp_results_k1-rvv_1024_20260904_130245/raw_logs/GEMM_RVV_FP32_INT8_8x4_Baseline_RVV_IGEMM_INT8_I8I32_8x4_igemm_kernel_8x4_zvl256b_lmulmf4_unroll1_i8i32_run6.log",NA,NA,NA,NA,NA,NA,NA
k1_kernel_tuning,RVV,tile_N,64,2026-09-04T13:12:14,k1-rvv,"GEMM_RVV_FP32_INT8_8x4_Baseline","RVV_IGEMM_INT8_I8I32_8x4","igemm_kernel_8x4_zvl256b_lmulmf4_unroll2_i8i32",8x4,256b,mf4,2,INT8_RVV,0-7,8,8,1024,1024,1024,64,1,OK,0,NONE,0.075941790,GOPS,28.278023,parallel_tiles_including_required_packing,INDEPENDENT_INT64_REFERENCE_EXACT_INT32,0,0,"0:cpu0:tiles2;1:cpu1:tiles2;2:cpu2:tiles2;3:cpu3:tiles2;4:cpu4:tiles2;5:cpu5:tiles2;6:cpu6:tiles2;7:cpu7:tiles2","NA",static,0,"NA","NA","/home/bananapi/MAT/kernels riscv rvv 1.0/FINAL/riscv-rvv-ime-gemm-microkernels-updated/HETEROGENEOUS_RVV_IME_OPENMP_GEMM/results/openmp_results_k1-rvv_1024_20260904_130245/raw_logs/GEMM_RVV_FP32_INT8_8x4_Baseline_RVV_IGEMM_INT8_I8I32_8x4_igemm_kernel_8x4_zvl256b_lmulmf4_unroll2_i8i32_run1.log",NA,NA,NA,NA,NA,NA,NA
k1_kernel_tuning,RVV,tile_N,64,2026-09-04T13:12:14,k1-rvv,"GEMM_RVV_FP32_INT8_8x4_Baseline","RVV_IGEMM_INT8_I8I32_8x4","igemm_kernel_8x4_zvl256b_lmulmf4_unroll2_i8i32",8x4,256b,mf4,2,INT8_RVV,0-7,8,8,1024,1024,1024,64,2,OK,0,NONE,0.072267208,GOPS,29.715879,parallel_tiles_including_required_packing,DISABLED,0,0,"0:cpu0:tiles2;1:cpu1:tiles2;2:cpu2:tiles2;3:cpu3:tiles2;4:cpu4:tiles2;5:cpu5:tiles2;6:cpu6:tiles2;7:cpu7:tiles2","NA",static,0,"NA","NA","/home/bananapi/MAT/kernels riscv rvv 1.0/FINAL/riscv-rvv-ime-gemm-microkernels-updated/HETEROGENEOUS_RVV_IME_OPENMP_GEMM/results/openmp_results_k1-rvv_1024_20260904_130245/raw_logs/GEMM_RVV_FP32_INT8_8x4_Baseline_RVV_IGEMM_INT8_I8I32_8x4_igemm_kernel_8x4_zvl256b_lmulmf4_unroll2_i8i32_run2.log",NA,NA,NA,NA,NA,NA,NA
k1_kernel_tuning,RVV,tile_N,64,2026-09-04T13:12:15,k1-rvv,"GEMM_RVV_FP32_INT8_8x4_Baseline","RVV_IGEMM_INT8_I8I32_8x4","igemm_kernel_8x4_zvl256b_lmulmf4_unroll2_i8i32",8x4,256b,mf4,2,INT8_RVV,0-7,8,8,1024,1024,1024,64,3,OK,0,NONE,0.075417917,GOPS,28.474449,parallel_tiles_including_required_packing,DISABLED,0,0,"0:cpu0:tiles2;1:cpu1:tiles2;2:cpu2:tiles2;3:cpu3:tiles2;4:cpu4:tiles2;5:cpu5:tiles2;6:cpu6:tiles2;7:cpu7:tiles2","NA",static,0,"NA","NA","/home/bananapi/MAT/kernels riscv rvv 1.0/FINAL/riscv-rvv-ime-gemm-microkernels-updated/HETEROGENEOUS_RVV_IME_OPENMP_GEMM/results/openmp_results_k1-rvv_1024_20260904_130245/raw_logs/GEMM_RVV_FP32_INT8_8x4_Baseline_RVV_IGEMM_INT8_I8I32_8x4_igemm_kernel_8x4_zvl256b_lmulmf4_unroll2_i8i32_run3.log",NA,NA,NA,NA,NA,NA,NA
k1_kernel_tuning,RVV,tile_N,64,2026-09-04T13:12:15,k1-rvv,"GEMM_RVV_FP32_INT8_8x4_Baseline","RVV_IGEMM_INT8_I8I32_8x4","igemm_kernel_8x4_zvl256b_lmulmf4_unroll2_i8i32",8x4,256b,mf4,2,INT8_RVV,0-7,8,8,1024,1024,1024,64,4,OK,0,NONE,0.072645165,GOPS,29.561274,parallel_tiles_including_required_packing,DISABLED,0,0,"0:cpu0:tiles2;1:cpu1:tiles2;2:cpu2:tiles2;3:cpu3:tiles2;4:cpu4:tiles2;5:cpu5:tiles2;6:cpu6:tiles2;7:cpu7:tiles2","NA",static,0,"NA","NA","/home/bananapi/MAT/kernels riscv rvv 1.0/FINAL/riscv-rvv-ime-gemm-microkernels-updated/HETEROGENEOUS_RVV_IME_OPENMP_GEMM/results/openmp_results_k1-rvv_1024_20260904_130245/raw_logs/GEMM_RVV_FP32_INT8_8x4_Baseline_RVV_IGEMM_INT8_I8I32_8x4_igemm_kernel_8x4_zvl256b_lmulmf4_unroll2_i8i32_run4.log",NA,NA,NA,NA,NA,NA,NA
k1_kernel_tuning,RVV,tile_N,64,2026-09-04T13:12:16,k1-rvv,"GEMM_RVV_FP32_INT8_8x4_Baseline","RVV_IGEMM_INT8_I8I32_8x4","igemm_kernel_8x4_zvl256b_lmulmf4_unroll2_i8i32",8x4,256b,mf4,2,INT8_RVV,0-7,8,8,1024,1024,1024,64,5,OK,0,NONE,0.076408248,GOPS,28.105390,parallel_tiles_including_required_packing,DISABLED,0,0,"0:cpu0:tiles2;1:cpu1:tiles2;2:cpu2:tiles2;3:cpu3:tiles2;4:cpu4:tiles2;5:cpu5:tiles2;6:cpu6:tiles2;7:cpu7:tiles2","NA",static,0,"NA","NA","/home/bananapi/MAT/kernels riscv rvv 1.0/FINAL/riscv-rvv-ime-gemm-microkernels-updated/HETEROGENEOUS_RVV_IME_OPENMP_GEMM/results/openmp_results_k1-rvv_1024_20260904_130245/raw_logs/GEMM_RVV_FP32_INT8_8x4_Baseline_RVV_IGEMM_INT8_I8I32_8x4_igemm_kernel_8x4_zvl256b_lmulmf4_unroll2_i8i32_run5.log",NA,NA,NA,NA,NA,NA,NA
k1_kernel_tuning,RVV,tile_N,64,2026-09-04T13:12:16,k1-rvv,"GEMM_RVV_FP32_INT8_8x4_Baseline","RVV_IGEMM_INT8_I8I32_8x4","igemm_kernel_8x4_zvl256b_lmulmf4_unroll2_i8i32",8x4,256b,mf4,2,INT8_RVV,0-7,8,8,1024,1024,1024,64,6,OK,0,NONE,0.071840249,GOPS,29.892486,parallel_tiles_including_required_packing,DISABLED,0,0,"0:cpu0:tiles2;1:cpu1:tiles2;2:cpu2:tiles2;3:cpu3:tiles2;4:cpu4:tiles2;5:cpu5:tiles2;6:cpu6:tiles2;7:cpu7:tiles2","NA",static,0,"NA","NA","/home/bananapi/MAT/kernels riscv rvv 1.0/FINAL/riscv-rvv-ime-gemm-microkernels-updated/HETEROGENEOUS_RVV_IME_OPENMP_GEMM/results/openmp_results_k1-rvv_1024_20260904_130245/raw_logs/GEMM_RVV_FP32_INT8_8x4_Baseline_RVV_IGEMM_INT8_I8I32_8x4_igemm_kernel_8x4_zvl256b_lmulmf4_unroll2_i8i32_run6.log",NA,NA,NA,NA,NA,NA,NA
k1_kernel_tuning,RVV,tile_N,64,2026-09-04T13:12:51,k1-rvv,"GEMM_RVV_FP32_INT8_8x4_Baseline","RVV_IGEMM_INT8_I8I32_8x4","igemm_kernel_8x4_zvl256b_lmulmf4_unroll4_i8i32",8x4,256b,mf4,4,INT8_RVV,0-7,8,8,1024,1024,1024,64,1,OK,0,NONE,0.078693289,GOPS,27.289286,parallel_tiles_including_required_packing,INDEPENDENT_INT64_REFERENCE_EXACT_INT32,0,0,"0:cpu0:tiles2;1:cpu1:tiles2;2:cpu2:tiles2;3:cpu3:tiles2;4:cpu4:tiles2;5:cpu5:tiles2;6:cpu6:tiles2;7:cpu7:tiles2","NA",static,0,"NA","NA","/home/bananapi/MAT/kernels riscv rvv 1.0/FINAL/riscv-rvv-ime-gemm-microkernels-updated/HETEROGENEOUS_RVV_IME_OPENMP_GEMM/results/openmp_results_k1-rvv_1024_20260904_130245/raw_logs/GEMM_RVV_FP32_INT8_8x4_Baseline_RVV_IGEMM_INT8_I8I32_8x4_igemm_kernel_8x4_zvl256b_lmulmf4_unroll4_i8i32_run1.log",NA,NA,NA,NA,NA,NA,NA
k1_kernel_tuning,RVV,tile_N,64,2026-09-04T13:12:52,k1-rvv,"GEMM_RVV_FP32_INT8_8x4_Baseline","RVV_IGEMM_INT8_I8I32_8x4","igemm_kernel_8x4_zvl256b_lmulmf4_unroll4_i8i32",8x4,256b,mf4,4,INT8_RVV,0-7,8,8,1024,1024,1024,64,2,OK,0,NONE,0.076120958,GOPS,28.211464,parallel_tiles_including_required_packing,DISABLED,0,0,"0:cpu0:tiles2;1:cpu1:tiles2;2:cpu2:tiles2;3:cpu3:tiles2;4:cpu4:tiles2;5:cpu5:tiles2;6:cpu6:tiles2;7:cpu7:tiles2","NA",static,0,"NA","NA","/home/bananapi/MAT/kernels riscv rvv 1.0/FINAL/riscv-rvv-ime-gemm-microkernels-updated/HETEROGENEOUS_RVV_IME_OPENMP_GEMM/results/openmp_results_k1-rvv_1024_20260904_130245/raw_logs/GEMM_RVV_FP32_INT8_8x4_Baseline_RVV_IGEMM_INT8_I8I32_8x4_igemm_kernel_8x4_zvl256b_lmulmf4_unroll4_i8i32_run2.log",NA,NA,NA,NA,NA,NA,NA
k1_kernel_tuning,RVV,tile_N,64,2026-09-04T13:12:52,k1-rvv,"GEMM_RVV_FP32_INT8_8x4_Baseline","RVV_IGEMM_INT8_I8I32_8x4","igemm_kernel_8x4_zvl256b_lmulmf4_unroll4_i8i32",8x4,256b,mf4,4,INT8_RVV,0-7,8,8,1024,1024,1024,64,3,OK,0,NONE,0.075485710,GOPS,28.448877,parallel_tiles_including_required_packing,DISABLED,0,0,"0:cpu0:tiles2;1:cpu1:tiles2;2:cpu2:tiles2;3:cpu3:tiles2;4:cpu4:tiles2;5:cpu5:tiles2;6:cpu6:tiles2;7:cpu7:tiles2","NA",static,0,"NA","NA","/home/bananapi/MAT/kernels riscv rvv 1.0/FINAL/riscv-rvv-ime-gemm-microkernels-updated/HETEROGENEOUS_RVV_IME_OPENMP_GEMM/results/openmp_results_k1-rvv_1024_20260904_130245/raw_logs/GEMM_RVV_FP32_INT8_8x4_Baseline_RVV_IGEMM_INT8_I8I32_8x4_igemm_kernel_8x4_zvl256b_lmulmf4_unroll4_i8i32_run3.log",NA,NA,NA,NA,NA,NA,NA
k1_kernel_tuning,RVV,tile_N,64,2026-09-04T13:12:53,k1-rvv,"GEMM_RVV_FP32_INT8_8x4_Baseline","RVV_IGEMM_INT8_I8I32_8x4","igemm_kernel_8x4_zvl256b_lmulmf4_unroll4_i8i32",8x4,256b,mf4,4,INT8_RVV,0-7,8,8,1024,1024,1024,64,4,OK,0,NONE,0.072179373,GOPS,29.752041,parallel_tiles_including_required_packing,DISABLED,0,0,"0:cpu0:tiles2;1:cpu1:tiles2;2:cpu2:tiles2;3:cpu3:tiles2;4:cpu4:tiles2;5:cpu5:tiles2;6:cpu6:tiles2;7:cpu7:tiles2","NA",static,0,"NA","NA","/home/bananapi/MAT/kernels riscv rvv 1.0/FINAL/riscv-rvv-ime-gemm-microkernels-updated/HETEROGENEOUS_RVV_IME_OPENMP_GEMM/results/openmp_results_k1-rvv_1024_20260904_130245/raw_logs/GEMM_RVV_FP32_INT8_8x4_Baseline_RVV_IGEMM_INT8_I8I32_8x4_igemm_kernel_8x4_zvl256b_lmulmf4_unroll4_i8i32_run4.log",NA,NA,NA,NA,NA,NA,NA
k1_kernel_tuning,RVV,tile_N,64,2026-09-04T13:12:53,k1-rvv,"GEMM_RVV_FP32_INT8_8x4_Baseline","RVV_IGEMM_INT8_I8I32_8x4","igemm_kernel_8x4_zvl256b_lmulmf4_unroll4_i8i32",8x4,256b,mf4,4,INT8_RVV,0-7,8,8,1024,1024,1024,64,5,OK,0,NONE,0.076831751,GOPS,27.950471,parallel_tiles_including_required_packing,DISABLED,0,0,"0:cpu0:tiles2;1:cpu1:tiles2;2:cpu2:tiles2;3:cpu3:tiles2;4:cpu4:tiles2;5:cpu5:tiles2;6:cpu6:tiles2;7:cpu7:tiles2","NA",static,0,"NA","NA","/home/bananapi/MAT/kernels riscv rvv 1.0/FINAL/riscv-rvv-ime-gemm-microkernels-updated/HETEROGENEOUS_RVV_IME_OPENMP_GEMM/results/openmp_results_k1-rvv_1024_20260904_130245/raw_logs/GEMM_RVV_FP32_INT8_8x4_Baseline_RVV_IGEMM_INT8_I8I32_8x4_igemm_kernel_8x4_zvl256b_lmulmf4_unroll4_i8i32_run5.log",NA,NA,NA,NA,NA,NA,NA
k1_kernel_tuning,RVV,tile_N,64,2026-09-04T13:12:54,k1-rvv,"GEMM_RVV_FP32_INT8_8x4_Baseline","RVV_IGEMM_INT8_I8I32_8x4","igemm_kernel_8x4_zvl256b_lmulmf4_unroll4_i8i32",8x4,256b,mf4,4,INT8_RVV,0-7,8,8,1024,1024,1024,64,6,OK,0,NONE,0.073707748,GOPS,29.135114,parallel_tiles_including_required_packing,DISABLED,0,0,"0:cpu0:tiles2;1:cpu1:tiles2;2:cpu2:tiles2;3:cpu3:tiles2;4:cpu4:tiles2;5:cpu5:tiles2;6:cpu6:tiles2;7:cpu7:tiles2","NA",static,0,"NA","NA","/home/bananapi/MAT/kernels riscv rvv 1.0/FINAL/riscv-rvv-ime-gemm-microkernels-updated/HETEROGENEOUS_RVV_IME_OPENMP_GEMM/results/openmp_results_k1-rvv_1024_20260904_130245/raw_logs/GEMM_RVV_FP32_INT8_8x4_Baseline_RVV_IGEMM_INT8_I8I32_8x4_igemm_kernel_8x4_zvl256b_lmulmf4_unroll4_i8i32_run6.log",NA,NA,NA,NA,NA,NA,NA
k1_kernel_tuning,RVV,tile_N,64,2026-09-04T13:13:23,k1-rvv,"GEMM_RVV_FP32_INT8_8x4_Baseline","RVV_IGEMM_INT8_I8I32_8x4","igemm_kernel_8x4_zvl256b_lmulmf4_unroll8_i8i32",8x4,256b,mf4,8,INT8_RVV,0-7,8,8,1024,1024,1024,64,1,OK,0,NONE,0.072236747,GOPS,29.728410,parallel_tiles_including_required_packing,INDEPENDENT_INT64_REFERENCE_EXACT_INT32,0,0,"0:cpu0:tiles2;1:cpu1:tiles2;2:cpu2:tiles2;3:cpu3:tiles2;4:cpu4:tiles2;5:cpu5:tiles2;6:cpu6:tiles2;7:cpu7:tiles2","NA",static,0,"NA","NA","/home/bananapi/MAT/kernels riscv rvv 1.0/FINAL/riscv-rvv-ime-gemm-microkernels-updated/HETEROGENEOUS_RVV_IME_OPENMP_GEMM/results/openmp_results_k1-rvv_1024_20260904_130245/raw_logs/GEMM_RVV_FP32_INT8_8x4_Baseline_RVV_IGEMM_INT8_I8I32_8x4_igemm_kernel_8x4_zvl256b_lmulmf4_unroll8_i8i32_run1.log",NA,NA,NA,NA,NA,NA,NA
k1_kernel_tuning,RVV,tile_N,64,2026-09-04T13:13:23,k1-rvv,"GEMM_RVV_FP32_INT8_8x4_Baseline","RVV_IGEMM_INT8_I8I32_8x4","igemm_kernel_8x4_zvl256b_lmulmf4_unroll8_i8i32",8x4,256b,mf4,8,INT8_RVV,0-7,8,8,1024,1024,1024,64,2,OK,0,NONE,0.074755292,GOPS,28.726844,parallel_tiles_including_required_packing,DISABLED,0,0,"0:cpu0:tiles2;1:cpu1:tiles2;2:cpu2:tiles2;3:cpu3:tiles2;4:cpu4:tiles2;5:cpu5:tiles2;6:cpu6:tiles2;7:cpu7:tiles2","NA",static,0,"NA","NA","/home/bananapi/MAT/kernels riscv rvv 1.0/FINAL/riscv-rvv-ime-gemm-microkernels-updated/HETEROGENEOUS_RVV_IME_OPENMP_GEMM/results/openmp_results_k1-rvv_1024_20260904_130245/raw_logs/GEMM_RVV_FP32_INT8_8x4_Baseline_RVV_IGEMM_INT8_I8I32_8x4_igemm_kernel_8x4_zvl256b_lmulmf4_unroll8_i8i32_run2.log",NA,NA,NA,NA,NA,NA,NA
k1_kernel_tuning,RVV,tile_N,64,2026-09-04T13:13:24,k1-rvv,"GEMM_RVV_FP32_INT8_8x4_Baseline","RVV_IGEMM_INT8_I8I32_8x4","igemm_kernel_8x4_zvl256b_lmulmf4_unroll8_i8i32",8x4,256b,mf4,8,INT8_RVV,0-7,8,8,1024,1024,1024,64,3,OK,0,NONE,0.074232876,GOPS,28.929010,parallel_tiles_including_required_packing,DISABLED,0,0,"0:cpu0:tiles2;1:cpu1:tiles2;2:cpu2:tiles2;3:cpu3:tiles2;4:cpu4:tiles2;5:cpu5:tiles2;6:cpu6:tiles2;7:cpu7:tiles2","NA",static,0,"NA","NA","/home/bananapi/MAT/kernels riscv rvv 1.0/FINAL/riscv-rvv-ime-gemm-microkernels-updated/HETEROGENEOUS_RVV_IME_OPENMP_GEMM/results/openmp_results_k1-rvv_1024_20260904_130245/raw_logs/GEMM_RVV_FP32_INT8_8x4_Baseline_RVV_IGEMM_INT8_I8I32_8x4_igemm_kernel_8x4_zvl256b_lmulmf4_unroll8_i8i32_run3.log",NA,NA,NA,NA,NA,NA,NA
k1_kernel_tuning,RVV,tile_N,64,2026-09-04T13:13:24,k1-rvv,"GEMM_RVV_FP32_INT8_8x4_Baseline","RVV_IGEMM_INT8_I8I32_8x4","igemm_kernel_8x4_zvl256b_lmulmf4_unroll8_i8i32",8x4,256b,mf4,8,INT8_RVV,0-7,8,8,1024,1024,1024,64,4,OK,0,NONE,0.072703250,GOPS,29.537657,parallel_tiles_including_required_packing,DISABLED,0,0,"0:cpu0:tiles2;1:cpu1:tiles2;2:cpu2:tiles2;3:cpu3:tiles2;4:cpu4:tiles2;5:cpu5:tiles2;6:cpu6:tiles2;7:cpu7:tiles2","NA",static,0,"NA","NA","/home/bananapi/MAT/kernels riscv rvv 1.0/FINAL/riscv-rvv-ime-gemm-microkernels-updated/HETEROGENEOUS_RVV_IME_OPENMP_GEMM/results/openmp_results_k1-rvv_1024_20260904_130245/raw_logs/GEMM_RVV_FP32_INT8_8x4_Baseline_RVV_IGEMM_INT8_I8I32_8x4_igemm_kernel_8x4_zvl256b_lmulmf4_unroll8_i8i32_run4.log",NA,NA,NA,NA,NA,NA,NA
k1_kernel_tuning,RVV,tile_N,64,2026-09-04T13:13:25,k1-rvv,"GEMM_RVV_FP32_INT8_8x4_Baseline","RVV_IGEMM_INT8_I8I32_8x4","igemm_kernel_8x4_zvl256b_lmulmf4_unroll8_i8i32",8x4,256b,mf4,8,INT8_RVV,0-7,8,8,1024,1024,1024,64,5,OK,0,NONE,0.074195292,GOPS,28.943665,parallel_tiles_including_required_packing,DISABLED,0,0,"0:cpu0:tiles2;1:cpu1:tiles2;2:cpu2:tiles2;3:cpu3:tiles2;4:cpu4:tiles2;5:cpu5:tiles2;6:cpu6:tiles2;7:cpu7:tiles2","NA",static,0,"NA","NA","/home/bananapi/MAT/kernels riscv rvv 1.0/FINAL/riscv-rvv-ime-gemm-microkernels-updated/HETEROGENEOUS_RVV_IME_OPENMP_GEMM/results/openmp_results_k1-rvv_1024_20260904_130245/raw_logs/GEMM_RVV_FP32_INT8_8x4_Baseline_RVV_IGEMM_INT8_I8I32_8x4_igemm_kernel_8x4_zvl256b_lmulmf4_unroll8_i8i32_run5.log",NA,NA,NA,NA,NA,NA,NA
k1_kernel_tuning,RVV,tile_N,64,2026-09-04T13:13:25,k1-rvv,"GEMM_RVV_FP32_INT8_8x4_Baseline","RVV_IGEMM_INT8_I8I32_8x4","igemm_kernel_8x4_zvl256b_lmulmf4_unroll8_i8i32",8x4,256b,mf4,8,INT8_RVV,0-7,8,8,1024,1024,1024,64,6,OK,0,NONE,0.071264461,GOPS,30.134005,parallel_tiles_including_required_packing,DISABLED,0,0,"0:cpu0:tiles2;1:cpu1:tiles2;2:cpu2:tiles2;3:cpu3:tiles2;4:cpu4:tiles2;5:cpu5:tiles2;6:cpu6:tiles2;7:cpu7:tiles2","NA",static,0,"NA","NA","/home/bananapi/MAT/kernels riscv rvv 1.0/FINAL/riscv-rvv-ime-gemm-microkernels-updated/HETEROGENEOUS_RVV_IME_OPENMP_GEMM/results/openmp_results_k1-rvv_1024_20260904_130245/raw_logs/GEMM_RVV_FP32_INT8_8x4_Baseline_RVV_IGEMM_INT8_I8I32_8x4_igemm_kernel_8x4_zvl256b_lmulmf4_unroll8_i8i32_run6.log",NA,NA,NA,NA,NA,NA,NA
k1_kernel_tuning,RVV,tile_N,64,2026-09-04T13:13:53,k1-rvv,"GEMM_RVV_FP32_INT8_8x4_Baseline","RVV_IGEMM_INT8_I8I32_8x4","igemm_kernel_8x4_zvl256b_lmulmf8_unroll1_i8i32",8x4,256b,mf8,1,INT8_RVV,0-7,8,8,1024,1024,1024,64,1,OK,0,NONE,0.074887749,GOPS,28.676034,parallel_tiles_including_required_packing,INDEPENDENT_INT64_REFERENCE_EXACT_INT32,0,0,"0:cpu0:tiles2;1:cpu1:tiles2;2:cpu2:tiles2;3:cpu3:tiles2;4:cpu4:tiles2;5:cpu5:tiles2;6:cpu6:tiles2;7:cpu7:tiles2","NA",static,0,"NA","NA","/home/bananapi/MAT/kernels riscv rvv 1.0/FINAL/riscv-rvv-ime-gemm-microkernels-updated/HETEROGENEOUS_RVV_IME_OPENMP_GEMM/results/openmp_results_k1-rvv_1024_20260904_130245/raw_logs/GEMM_RVV_FP32_INT8_8x4_Baseline_RVV_IGEMM_INT8_I8I32_8x4_igemm_kernel_8x4_zvl256b_lmulmf8_unroll1_i8i32_run1.log",NA,NA,NA,NA,NA,NA,NA
k1_kernel_tuning,RVV,tile_N,64,2026-09-04T13:13:54,k1-rvv,"GEMM_RVV_FP32_INT8_8x4_Baseline","RVV_IGEMM_INT8_I8I32_8x4","igemm_kernel_8x4_zvl256b_lmulmf8_unroll1_i8i32",8x4,256b,mf8,1,INT8_RVV,0-7,8,8,1024,1024,1024,64,2,OK,0,NONE,0.074091874,GOPS,28.984064,parallel_tiles_including_required_packing,DISABLED,0,0,"0:cpu0:tiles2;1:cpu1:tiles2;2:cpu2:tiles2;3:cpu3:tiles2;4:cpu4:tiles2;5:cpu5:tiles2;6:cpu6:tiles2;7:cpu7:tiles2","NA",static,0,"NA","NA","/home/bananapi/MAT/kernels riscv rvv 1.0/FINAL/riscv-rvv-ime-gemm-microkernels-updated/HETEROGENEOUS_RVV_IME_OPENMP_GEMM/results/openmp_results_k1-rvv_1024_20260904_130245/raw_logs/GEMM_RVV_FP32_INT8_8x4_Baseline_RVV_IGEMM_INT8_I8I32_8x4_igemm_kernel_8x4_zvl256b_lmulmf8_unroll1_i8i32_run2.log",NA,NA,NA,NA,NA,NA,NA
k1_kernel_tuning,RVV,tile_N,64,2026-09-04T13:13:54,k1-rvv,"GEMM_RVV_FP32_INT8_8x4_Baseline","RVV_IGEMM_INT8_I8I32_8x4","igemm_kernel_8x4_zvl256b_lmulmf8_unroll1_i8i32",8x4,256b,mf8,1,INT8_RVV,0-7,8,8,1024,1024,1024,64,3,OK,0,NONE,0.074757624,GOPS,28.725948,parallel_tiles_including_required_packing,DISABLED,0,0,"0:cpu0:tiles2;1:cpu1:tiles2;2:cpu2:tiles2;3:cpu3:tiles2;4:cpu4:tiles2;5:cpu5:tiles2;6:cpu6:tiles2;7:cpu7:tiles2","NA",static,0,"NA","NA","/home/bananapi/MAT/kernels riscv rvv 1.0/FINAL/riscv-rvv-ime-gemm-microkernels-updated/HETEROGENEOUS_RVV_IME_OPENMP_GEMM/results/openmp_results_k1-rvv_1024_20260904_130245/raw_logs/GEMM_RVV_FP32_INT8_8x4_Baseline_RVV_IGEMM_INT8_I8I32_8x4_igemm_kernel_8x4_zvl256b_lmulmf8_unroll1_i8i32_run3.log",NA,NA,NA,NA,NA,NA,NA
k1_kernel_tuning,RVV,tile_N,64,2026-09-04T13:13:55,k1-rvv,"GEMM_RVV_FP32_INT8_8x4_Baseline","RVV_IGEMM_INT8_I8I32_8x4","igemm_kernel_8x4_zvl256b_lmulmf8_unroll1_i8i32",8x4,256b,mf8,1,INT8_RVV,0-7,8,8,1024,1024,1024,64,4,OK,0,NONE,0.074346669,GOPS,28.884733,parallel_tiles_including_required_packing,DISABLED,0,0,"0:cpu0:tiles2;1:cpu1:tiles2;2:cpu2:tiles2;3:cpu3:tiles2;4:cpu4:tiles2;5:cpu5:tiles2;6:cpu6:tiles2;7:cpu7:tiles2","NA",static,0,"NA","NA","/home/bananapi/MAT/kernels riscv rvv 1.0/FINAL/riscv-rvv-ime-gemm-microkernels-updated/HETEROGENEOUS_RVV_IME_OPENMP_GEMM/results/openmp_results_k1-rvv_1024_20260904_130245/raw_logs/GEMM_RVV_FP32_INT8_8x4_Baseline_RVV_IGEMM_INT8_I8I32_8x4_igemm_kernel_8x4_zvl256b_lmulmf8_unroll1_i8i32_run4.log",NA,NA,NA,NA,NA,NA,NA
k1_kernel_tuning,RVV,tile_N,64,2026-09-04T13:13:55,k1-rvv,"GEMM_RVV_FP32_INT8_8x4_Baseline","RVV_IGEMM_INT8_I8I32_8x4","igemm_kernel_8x4_zvl256b_lmulmf8_unroll1_i8i32",8x4,256b,mf8,1,INT8_RVV,0-7,8,8,1024,1024,1024,64,5,OK,0,NONE,0.073285915,GOPS,29.302816,parallel_tiles_including_required_packing,DISABLED,0,0,"0:cpu0:tiles2;1:cpu1:tiles2;2:cpu2:tiles2;3:cpu3:tiles2;4:cpu4:tiles2;5:cpu5:tiles2;6:cpu6:tiles2;7:cpu7:tiles2","NA",static,0,"NA","NA","/home/bananapi/MAT/kernels riscv rvv 1.0/FINAL/riscv-rvv-ime-gemm-microkernels-updated/HETEROGENEOUS_RVV_IME_OPENMP_GEMM/results/openmp_results_k1-rvv_1024_20260904_130245/raw_logs/GEMM_RVV_FP32_INT8_8x4_Baseline_RVV_IGEMM_INT8_I8I32_8x4_igemm_kernel_8x4_zvl256b_lmulmf8_unroll1_i8i32_run5.log",NA,NA,NA,NA,NA,NA,NA
k1_kernel_tuning,RVV,tile_N,64,2026-09-04T13:13:56,k1-rvv,"GEMM_RVV_FP32_INT8_8x4_Baseline","RVV_IGEMM_INT8_I8I32_8x4","igemm_kernel_8x4_zvl256b_lmulmf8_unroll1_i8i32",8x4,256b,mf8,1,INT8_RVV,0-7,8,8,1024,1024,1024,64,6,OK,0,NONE,0.075376127,GOPS,28.490236,parallel_tiles_including_required_packing,DISABLED,0,0,"0:cpu0:tiles2;1:cpu1:tiles2;2:cpu2:tiles2;3:cpu3:tiles2;4:cpu4:tiles2;5:cpu5:tiles2;6:cpu6:tiles2;7:cpu7:tiles2","NA",static,0,"NA","NA","/home/bananapi/MAT/kernels riscv rvv 1.0/FINAL/riscv-rvv-ime-gemm-microkernels-updated/HETEROGENEOUS_RVV_IME_OPENMP_GEMM/results/openmp_results_k1-rvv_1024_20260904_130245/raw_logs/GEMM_RVV_FP32_INT8_8x4_Baseline_RVV_IGEMM_INT8_I8I32_8x4_igemm_kernel_8x4_zvl256b_lmulmf8_unroll1_i8i32_run6.log",NA,NA,NA,NA,NA,NA,NA
k1_kernel_tuning,RVV,tile_N,64,2026-09-04T13:14:24,k1-rvv,"GEMM_RVV_FP32_INT8_8x4_Baseline","RVV_IGEMM_INT8_I8I32_8x4","igemm_kernel_8x4_zvl256b_lmulmf8_unroll2_i8i32",8x4,256b,mf8,2,INT8_RVV,0-7,8,8,1024,1024,1024,64,1,OK,0,NONE,0.072511248,GOPS,29.615869,parallel_tiles_including_required_packing,INDEPENDENT_INT64_REFERENCE_EXACT_INT32,0,0,"0:cpu0:tiles2;1:cpu1:tiles2;2:cpu2:tiles2;3:cpu3:tiles2;4:cpu4:tiles2;5:cpu5:tiles2;6:cpu6:tiles2;7:cpu7:tiles2","NA",static,0,"NA","NA","/home/bananapi/MAT/kernels riscv rvv 1.0/FINAL/riscv-rvv-ime-gemm-microkernels-updated/HETEROGENEOUS_RVV_IME_OPENMP_GEMM/results/openmp_results_k1-rvv_1024_20260904_130245/raw_logs/GEMM_RVV_FP32_INT8_8x4_Baseline_RVV_IGEMM_INT8_I8I32_8x4_igemm_kernel_8x4_zvl256b_lmulmf8_unroll2_i8i32_run1.log",NA,NA,NA,NA,NA,NA,NA
k1_kernel_tuning,RVV,tile_N,64,2026-09-04T13:14:24,k1-rvv,"GEMM_RVV_FP32_INT8_8x4_Baseline","RVV_IGEMM_INT8_I8I32_8x4","igemm_kernel_8x4_zvl256b_lmulmf8_unroll2_i8i32",8x4,256b,mf8,2,INT8_RVV,0-7,8,8,1024,1024,1024,64,2,OK,0,NONE,0.068451334,GOPS,31.372415,parallel_tiles_including_required_packing,DISABLED,0,0,"0:cpu0:tiles2;1:cpu1:tiles2;2:cpu2:tiles2;3:cpu3:tiles2;4:cpu4:tiles2;5:cpu5:tiles2;6:cpu6:tiles2;7:cpu7:tiles2","NA",static,0,"NA","NA","/home/bananapi/MAT/kernels riscv rvv 1.0/FINAL/riscv-rvv-ime-gemm-microkernels-updated/HETEROGENEOUS_RVV_IME_OPENMP_GEMM/results/openmp_results_k1-rvv_1024_20260904_130245/raw_logs/GEMM_RVV_FP32_INT8_8x4_Baseline_RVV_IGEMM_INT8_I8I32_8x4_igemm_kernel_8x4_zvl256b_lmulmf8_unroll2_i8i32_run2.log",NA,NA,NA,NA,NA,NA,NA
k1_kernel_tuning,RVV,tile_N,64,2026-09-04T13:14:25,k1-rvv,"GEMM_RVV_FP32_INT8_8x4_Baseline","RVV_IGEMM_INT8_I8I32_8x4","igemm_kernel_8x4_zvl256b_lmulmf8_unroll2_i8i32",8x4,256b,mf8,2,INT8_RVV,0-7,8,8,1024,1024,1024,64,3,OK,0,NONE,0.067947291,GOPS,31.605140,parallel_tiles_including_required_packing,DISABLED,0,0,"0:cpu0:tiles2;1:cpu1:tiles2;2:cpu2:tiles2;3:cpu3:tiles2;4:cpu4:tiles2;5:cpu5:tiles2;6:cpu6:tiles2;7:cpu7:tiles2","NA",static,0,"NA","NA","/home/bananapi/MAT/kernels riscv rvv 1.0/FINAL/riscv-rvv-ime-gemm-microkernels-updated/HETEROGENEOUS_RVV_IME_OPENMP_GEMM/results/openmp_results_k1-rvv_1024_20260904_130245/raw_logs/GEMM_RVV_FP32_INT8_8x4_Baseline_RVV_IGEMM_INT8_I8I32_8x4_igemm_kernel_8x4_zvl256b_lmulmf8_unroll2_i8i32_run3.log",NA,NA,NA,NA,NA,NA,NA
k1_kernel_tuning,RVV,tile_N,64,2026-09-04T13:14:25,k1-rvv,"GEMM_RVV_FP32_INT8_8x4_Baseline","RVV_IGEMM_INT8_I8I32_8x4","igemm_kernel_8x4_zvl256b_lmulmf8_unroll2_i8i32",8x4,256b,mf8,2,INT8_RVV,0-7,8,8,1024,1024,1024,64,4,OK,0,NONE,0.067949876,GOPS,31.603938,parallel_tiles_including_required_packing,DISABLED,0,0,"0:cpu0:tiles2;1:cpu1:tiles2;2:cpu2:tiles2;3:cpu3:tiles2;4:cpu4:tiles2;5:cpu5:tiles2;6:cpu6:tiles2;7:cpu7:tiles2","NA",static,0,"NA","NA","/home/bananapi/MAT/kernels riscv rvv 1.0/FINAL/riscv-rvv-ime-gemm-microkernels-updated/HETEROGENEOUS_RVV_IME_OPENMP_GEMM/results/openmp_results_k1-rvv_1024_20260904_130245/raw_logs/GEMM_RVV_FP32_INT8_8x4_Baseline_RVV_IGEMM_INT8_I8I32_8x4_igemm_kernel_8x4_zvl256b_lmulmf8_unroll2_i8i32_run4.log",NA,NA,NA,NA,NA,NA,NA
k1_kernel_tuning,RVV,tile_N,64,2026-09-04T13:14:26,k1-rvv,"GEMM_RVV_FP32_INT8_8x4_Baseline","RVV_IGEMM_INT8_I8I32_8x4","igemm_kernel_8x4_zvl256b_lmulmf8_unroll2_i8i32",8x4,256b,mf8,2,INT8_RVV,0-7,8,8,1024,1024,1024,64,5,OK,0,NONE,0.069464248,GOPS,30.914949,parallel_tiles_including_required_packing,DISABLED,0,0,"0:cpu0:tiles2;1:cpu1:tiles2;2:cpu2:tiles2;3:cpu3:tiles2;4:cpu4:tiles2;5:cpu5:tiles2;6:cpu6:tiles2;7:cpu7:tiles2","NA",static,0,"NA","NA","/home/bananapi/MAT/kernels riscv rvv 1.0/FINAL/riscv-rvv-ime-gemm-microkernels-updated/HETEROGENEOUS_RVV_IME_OPENMP_GEMM/results/openmp_results_k1-rvv_1024_20260904_130245/raw_logs/GEMM_RVV_FP32_INT8_8x4_Baseline_RVV_IGEMM_INT8_I8I32_8x4_igemm_kernel_8x4_zvl256b_lmulmf8_unroll2_i8i32_run5.log",NA,NA,NA,NA,NA,NA,NA
k1_kernel_tuning,RVV,tile_N,64,2026-09-04T13:14:26,k1-rvv,"GEMM_RVV_FP32_INT8_8x4_Baseline","RVV_IGEMM_INT8_I8I32_8x4","igemm_kernel_8x4_zvl256b_lmulmf8_unroll2_i8i32",8x4,256b,mf8,2,INT8_RVV,0-7,8,8,1024,1024,1024,64,6,OK,0,NONE,0.070252668,GOPS,30.568001,parallel_tiles_including_required_packing,DISABLED,0,0,"0:cpu0:tiles2;1:cpu1:tiles2;2:cpu2:tiles2;3:cpu3:tiles2;4:cpu4:tiles2;5:cpu5:tiles2;6:cpu6:tiles2;7:cpu7:tiles2","NA",static,0,"NA","NA","/home/bananapi/MAT/kernels riscv rvv 1.0/FINAL/riscv-rvv-ime-gemm-microkernels-updated/HETEROGENEOUS_RVV_IME_OPENMP_GEMM/results/openmp_results_k1-rvv_1024_20260904_130245/raw_logs/GEMM_RVV_FP32_INT8_8x4_Baseline_RVV_IGEMM_INT8_I8I32_8x4_igemm_kernel_8x4_zvl256b_lmulmf8_unroll2_i8i32_run6.log",NA,NA,NA,NA,NA,NA,NA
k1_kernel_tuning,RVV,tile_N,64,2026-09-04T13:14:54,k1-rvv,"GEMM_RVV_FP32_INT8_8x4_Baseline","RVV_IGEMM_INT8_I8I32_8x4","igemm_kernel_8x4_zvl256b_lmulmf8_unroll4_i8i32",8x4,256b,mf8,4,INT8_RVV,0-7,8,8,1024,1024,1024,64,1,OK,0,NONE,0.069280747,GOPS,30.996831,parallel_tiles_including_required_packing,INDEPENDENT_INT64_REFERENCE_EXACT_INT32,0,0,"0:cpu0:tiles2;1:cpu1:tiles2;2:cpu2:tiles2;3:cpu3:tiles2;4:cpu4:tiles2;5:cpu5:tiles2;6:cpu6:tiles2;7:cpu7:tiles2","NA",static,0,"NA","NA","/home/bananapi/MAT/kernels riscv rvv 1.0/FINAL/riscv-rvv-ime-gemm-microkernels-updated/HETEROGENEOUS_RVV_IME_OPENMP_GEMM/results/openmp_results_k1-rvv_1024_20260904_130245/raw_logs/GEMM_RVV_FP32_INT8_8x4_Baseline_RVV_IGEMM_INT8_I8I32_8x4_igemm_kernel_8x4_zvl256b_lmulmf8_unroll4_i8i32_run1.log",NA,NA,NA,NA,NA,NA,NA
k1_kernel_tuning,RVV,tile_N,64,2026-09-04T13:14:55,k1-rvv,"GEMM_RVV_FP32_INT8_8x4_Baseline","RVV_IGEMM_INT8_I8I32_8x4","igemm_kernel_8x4_zvl256b_lmulmf8_unroll4_i8i32",8x4,256b,mf8,4,INT8_RVV,0-7,8,8,1024,1024,1024,64,2,OK,0,NONE,0.071085043,GOPS,30.210063,parallel_tiles_including_required_packing,DISABLED,0,0,"0:cpu0:tiles2;1:cpu1:tiles2;2:cpu2:tiles2;3:cpu3:tiles2;4:cpu4:tiles2;5:cpu5:tiles2;6:cpu6:tiles2;7:cpu7:tiles2","NA",static,0,"NA","NA","/home/bananapi/MAT/kernels riscv rvv 1.0/FINAL/riscv-rvv-ime-gemm-microkernels-updated/HETEROGENEOUS_RVV_IME_OPENMP_GEMM/results/openmp_results_k1-rvv_1024_20260904_130245/raw_logs/GEMM_RVV_FP32_INT8_8x4_Baseline_RVV_IGEMM_INT8_I8I32_8x4_igemm_kernel_8x4_zvl256b_lmulmf8_unroll4_i8i32_run2.log",NA,NA,NA,NA,NA,NA,NA
k1_kernel_tuning,RVV,tile_N,64,2026-09-04T13:14:55,k1-rvv,"GEMM_RVV_FP32_INT8_8x4_Baseline","RVV_IGEMM_INT8_I8I32_8x4","igemm_kernel_8x4_zvl256b_lmulmf8_unroll4_i8i32",8x4,256b,mf8,4,INT8_RVV,0-7,8,8,1024,1024,1024,64,3,OK,0,NONE,0.069866374,GOPS,30.737013,parallel_tiles_including_required_packing,DISABLED,0,0,"0:cpu0:tiles2;1:cpu1:tiles2;2:cpu2:tiles2;3:cpu3:tiles2;4:cpu4:tiles2;5:cpu5:tiles2;6:cpu6:tiles2;7:cpu7:tiles2","NA",static,0,"NA","NA","/home/bananapi/MAT/kernels riscv rvv 1.0/FINAL/riscv-rvv-ime-gemm-microkernels-updated/HETEROGENEOUS_RVV_IME_OPENMP_GEMM/results/openmp_results_k1-rvv_1024_20260904_130245/raw_logs/GEMM_RVV_FP32_INT8_8x4_Baseline_RVV_IGEMM_INT8_I8I32_8x4_igemm_kernel_8x4_zvl256b_lmulmf8_unroll4_i8i32_run3.log",NA,NA,NA,NA,NA,NA,NA
k1_kernel_tuning,RVV,tile_N,64,2026-09-04T13:14:56,k1-rvv,"GEMM_RVV_FP32_INT8_8x4_Baseline","RVV_IGEMM_INT8_I8I32_8x4","igemm_kernel_8x4_zvl256b_lmulmf8_unroll4_i8i32",8x4,256b,mf8,4,INT8_RVV,0-7,8,8,1024,1024,1024,64,4,OK,0,NONE,0.069200333,GOPS,31.032851,parallel_tiles_including_required_packing,DISABLED,0,0,"0:cpu0:tiles2;1:cpu1:tiles2;2:cpu2:tiles2;3:cpu3:tiles2;4:cpu4:tiles2;5:cpu5:tiles2;6:cpu6:tiles2;7:cpu7:tiles2","NA",static,0,"NA","NA","/home/bananapi/MAT/kernels riscv rvv 1.0/FINAL/riscv-rvv-ime-gemm-microkernels-updated/HETEROGENEOUS_RVV_IME_OPENMP_GEMM/results/openmp_results_k1-rvv_1024_20260904_130245/raw_logs/GEMM_RVV_FP32_INT8_8x4_Baseline_RVV_IGEMM_INT8_I8I32_8x4_igemm_kernel_8x4_zvl256b_lmulmf8_unroll4_i8i32_run4.log",NA,NA,NA,NA,NA,NA,NA
k1_kernel_tuning,RVV,tile_N,64,2026-09-04T13:14:56,k1-rvv,"GEMM_RVV_FP32_INT8_8x4_Baseline","RVV_IGEMM_INT8_I8I32_8x4","igemm_kernel_8x4_zvl256b_lmulmf8_unroll4_i8i32",8x4,256b,mf8,4,INT8_RVV,0-7,8,8,1024,1024,1024,64,5,OK,0,NONE,0.087567709,GOPS,24.523693,parallel_tiles_including_required_packing,DISABLED,0,0,"0:cpu0:tiles2;1:cpu1:tiles2;2:cpu2:tiles2;3:cpu3:tiles2;4:cpu4:tiles2;5:cpu5:tiles2;6:cpu6:tiles2;7:cpu7:tiles2","NA",static,0,"NA","NA","/home/bananapi/MAT/kernels riscv rvv 1.0/FINAL/riscv-rvv-ime-gemm-microkernels-updated/HETEROGENEOUS_RVV_IME_OPENMP_GEMM/results/openmp_results_k1-rvv_1024_20260904_130245/raw_logs/GEMM_RVV_FP32_INT8_8x4_Baseline_RVV_IGEMM_INT8_I8I32_8x4_igemm_kernel_8x4_zvl256b_lmulmf8_unroll4_i8i32_run5.log",NA,NA,NA,NA,NA,NA,NA
k1_kernel_tuning,RVV,tile_N,64,2026-09-04T13:14:57,k1-rvv,"GEMM_RVV_FP32_INT8_8x4_Baseline","RVV_IGEMM_INT8_I8I32_8x4","igemm_kernel_8x4_zvl256b_lmulmf8_unroll4_i8i32",8x4,256b,mf8,4,INT8_RVV,0-7,8,8,1024,1024,1024,64,6,OK,0,NONE,0.086743291,GOPS,24.756769,parallel_tiles_including_required_packing,DISABLED,0,0,"0:cpu0:tiles2;1:cpu1:tiles2;2:cpu2:tiles2;3:cpu3:tiles2;4:cpu4:tiles2;5:cpu5:tiles2;6:cpu6:tiles2;7:cpu7:tiles2","NA",static,0,"NA","NA","/home/bananapi/MAT/kernels riscv rvv 1.0/FINAL/riscv-rvv-ime-gemm-microkernels-updated/HETEROGENEOUS_RVV_IME_OPENMP_GEMM/results/openmp_results_k1-rvv_1024_20260904_130245/raw_logs/GEMM_RVV_FP32_INT8_8x4_Baseline_RVV_IGEMM_INT8_I8I32_8x4_igemm_kernel_8x4_zvl256b_lmulmf8_unroll4_i8i32_run6.log",NA,NA,NA,NA,NA,NA,NA
k1_kernel_tuning,RVV,tile_N,64,2026-09-04T13:15:26,k1-rvv,"GEMM_RVV_FP32_INT8_8x4_Baseline","RVV_IGEMM_INT8_I8I32_8x4","igemm_kernel_8x4_zvl256b_lmulmf8_unroll8_i8i32",8x4,256b,mf8,8,INT8_RVV,0-7,8,8,1024,1024,1024,64,1,OK,0,NONE,0.083975460,GOPS,25.572752,parallel_tiles_including_required_packing,INDEPENDENT_INT64_REFERENCE_EXACT_INT32,0,0,"0:cpu0:tiles2;1:cpu1:tiles2;2:cpu2:tiles2;3:cpu3:tiles2;4:cpu4:tiles2;5:cpu5:tiles2;6:cpu6:tiles2;7:cpu7:tiles2","NA",static,0,"NA","NA","/home/bananapi/MAT/kernels riscv rvv 1.0/FINAL/riscv-rvv-ime-gemm-microkernels-updated/HETEROGENEOUS_RVV_IME_OPENMP_GEMM/results/openmp_results_k1-rvv_1024_20260904_130245/raw_logs/GEMM_RVV_FP32_INT8_8x4_Baseline_RVV_IGEMM_INT8_I8I32_8x4_igemm_kernel_8x4_zvl256b_lmulmf8_unroll8_i8i32_run1.log",NA,NA,NA,NA,NA,NA,NA
k1_kernel_tuning,RVV,tile_N,64,2026-09-04T13:15:26,k1-rvv,"GEMM_RVV_FP32_INT8_8x4_Baseline","RVV_IGEMM_INT8_I8I32_8x4","igemm_kernel_8x4_zvl256b_lmulmf8_unroll8_i8i32",8x4,256b,mf8,8,INT8_RVV,0-7,8,8,1024,1024,1024,64,2,OK,0,NONE,0.072177541,GOPS,29.752796,parallel_tiles_including_required_packing,DISABLED,0,0,"0:cpu0:tiles2;1:cpu1:tiles2;2:cpu2:tiles2;3:cpu3:tiles2;4:cpu4:tiles2;5:cpu5:tiles2;6:cpu6:tiles2;7:cpu7:tiles2","NA",static,0,"NA","NA","/home/bananapi/MAT/kernels riscv rvv 1.0/FINAL/riscv-rvv-ime-gemm-microkernels-updated/HETEROGENEOUS_RVV_IME_OPENMP_GEMM/results/openmp_results_k1-rvv_1024_20260904_130245/raw_logs/GEMM_RVV_FP32_INT8_8x4_Baseline_RVV_IGEMM_INT8_I8I32_8x4_igemm_kernel_8x4_zvl256b_lmulmf8_unroll8_i8i32_run2.log",NA,NA,NA,NA,NA,NA,NA
k1_kernel_tuning,RVV,tile_N,64,2026-09-04T13:15:27,k1-rvv,"GEMM_RVV_FP32_INT8_8x4_Baseline","RVV_IGEMM_INT8_I8I32_8x4","igemm_kernel_8x4_zvl256b_lmulmf8_unroll8_i8i32",8x4,256b,mf8,8,INT8_RVV,0-7,8,8,1024,1024,1024,64,3,OK,0,NONE,0.071174372,GOPS,30.172147,parallel_tiles_including_required_packing,DISABLED,0,0,"0:cpu0:tiles2;1:cpu1:tiles2;2:cpu2:tiles2;3:cpu3:tiles2;4:cpu4:tiles2;5:cpu5:tiles2;6:cpu6:tiles2;7:cpu7:tiles2","NA",static,0,"NA","NA","/home/bananapi/MAT/kernels riscv rvv 1.0/FINAL/riscv-rvv-ime-gemm-microkernels-updated/HETEROGENEOUS_RVV_IME_OPENMP_GEMM/results/openmp_results_k1-rvv_1024_20260904_130245/raw_logs/GEMM_RVV_FP32_INT8_8x4_Baseline_RVV_IGEMM_INT8_I8I32_8x4_igemm_kernel_8x4_zvl256b_lmulmf8_unroll8_i8i32_run3.log",NA,NA,NA,NA,NA,NA,NA
k1_kernel_tuning,RVV,tile_N,64,2026-09-04T13:15:27,k1-rvv,"GEMM_RVV_FP32_INT8_8x4_Baseline","RVV_IGEMM_INT8_I8I32_8x4","igemm_kernel_8x4_zvl256b_lmulmf8_unroll8_i8i32",8x4,256b,mf8,8,INT8_RVV,0-7,8,8,1024,1024,1024,64,4,OK,0,NONE,0.074345753,GOPS,28.885089,parallel_tiles_including_required_packing,DISABLED,0,0,"0:cpu0:tiles2;1:cpu1:tiles2;2:cpu2:tiles2;3:cpu3:tiles2;4:cpu4:tiles2;5:cpu5:tiles2;6:cpu6:tiles2;7:cpu7:tiles2","NA",static,0,"NA","NA","/home/bananapi/MAT/kernels riscv rvv 1.0/FINAL/riscv-rvv-ime-gemm-microkernels-updated/HETEROGENEOUS_RVV_IME_OPENMP_GEMM/results/openmp_results_k1-rvv_1024_20260904_130245/raw_logs/GEMM_RVV_FP32_INT8_8x4_Baseline_RVV_IGEMM_INT8_I8I32_8x4_igemm_kernel_8x4_zvl256b_lmulmf8_unroll8_i8i32_run4.log",NA,NA,NA,NA,NA,NA,NA
k1_kernel_tuning,RVV,tile_N,64,2026-09-04T13:15:28,k1-rvv,"GEMM_RVV_FP32_INT8_8x4_Baseline","RVV_IGEMM_INT8_I8I32_8x4","igemm_kernel_8x4_zvl256b_lmulmf8_unroll8_i8i32",8x4,256b,mf8,8,INT8_RVV,0-7,8,8,1024,1024,1024,64,5,OK,0,NONE,0.072297540,GOPS,29.703413,parallel_tiles_including_required_packing,DISABLED,0,0,"0:cpu0:tiles2;1:cpu1:tiles2;2:cpu2:tiles2;3:cpu3:tiles2;4:cpu4:tiles2;5:cpu5:tiles2;6:cpu6:tiles2;7:cpu7:tiles2","NA",static,0,"NA","NA","/home/bananapi/MAT/kernels riscv rvv 1.0/FINAL/riscv-rvv-ime-gemm-microkernels-updated/HETEROGENEOUS_RVV_IME_OPENMP_GEMM/results/openmp_results_k1-rvv_1024_20260904_130245/raw_logs/GEMM_RVV_FP32_INT8_8x4_Baseline_RVV_IGEMM_INT8_I8I32_8x4_igemm_kernel_8x4_zvl256b_lmulmf8_unroll8_i8i32_run5.log",NA,NA,NA,NA,NA,NA,NA
k1_kernel_tuning,RVV,tile_N,64,2026-09-04T13:15:28,k1-rvv,"GEMM_RVV_FP32_INT8_8x4_Baseline","RVV_IGEMM_INT8_I8I32_8x4","igemm_kernel_8x4_zvl256b_lmulmf8_unroll8_i8i32",8x4,256b,mf8,8,INT8_RVV,0-7,8,8,1024,1024,1024,64,6,OK,0,NONE,0.070366040,GOPS,30.518751,parallel_tiles_including_required_packing,DISABLED,0,0,"0:cpu0:tiles2;1:cpu1:tiles2;2:cpu2:tiles2;3:cpu3:tiles2;4:cpu4:tiles2;5:cpu5:tiles2;6:cpu6:tiles2;7:cpu7:tiles2","NA",static,0,"NA","NA","/home/bananapi/MAT/kernels riscv rvv 1.0/FINAL/riscv-rvv-ime-gemm-microkernels-updated/HETEROGENEOUS_RVV_IME_OPENMP_GEMM/results/openmp_results_k1-rvv_1024_20260904_130245/raw_logs/GEMM_RVV_FP32_INT8_8x4_Baseline_RVV_IGEMM_INT8_I8I32_8x4_igemm_kernel_8x4_zvl256b_lmulmf8_unroll8_i8i32_run6.log",NA,NA,NA,NA,NA,NA,NA
k1_kernel_tuning,RVV,tile_N,64,2026-09-04T13:16:07,k1-rvv,"GEMM_RVV_FP32_INT8_8x8_Baseline","RVV_IGEMM_INT8_I8I32_8x8","igemm_kernel_8x8_zvl256b_lmul1_unroll1_i8i32",8x8,256b,1,1,INT8_RVV,0-7,8,8,1024,1024,1024,64,1,OK,0,NONE,0.158246335,GOPS,13.570511,parallel_tiles_including_required_packing,INDEPENDENT_INT64_REFERENCE_EXACT_INT32,0,0,"0:cpu0:tiles2;1:cpu1:tiles2;2:cpu2:tiles2;3:cpu3:tiles2;4:cpu4:tiles2;5:cpu5:tiles2;6:cpu6:tiles2;7:cpu7:tiles2","NA",static,0,"NA","NA","/home/bananapi/MAT/kernels riscv rvv 1.0/FINAL/riscv-rvv-ime-gemm-microkernels-updated/HETEROGENEOUS_RVV_IME_OPENMP_GEMM/results/openmp_results_k1-rvv_1024_20260904_130245/raw_logs/GEMM_RVV_FP32_INT8_8x8_Baseline_RVV_IGEMM_INT8_I8I32_8x8_igemm_kernel_8x8_zvl256b_lmul1_unroll1_i8i32_run1.log",NA,NA,NA,NA,NA,NA,NA
k1_kernel_tuning,RVV,tile_N,64,2026-09-04T13:16:08,k1-rvv,"GEMM_RVV_FP32_INT8_8x8_Baseline","RVV_IGEMM_INT8_I8I32_8x8","igemm_kernel_8x8_zvl256b_lmul1_unroll1_i8i32",8x8,256b,1,1,INT8_RVV,0-7,8,8,1024,1024,1024,64,2,OK,0,NONE,0.161808874,GOPS,13.271730,parallel_tiles_including_required_packing,DISABLED,0,0,"0:cpu0:tiles2;1:cpu1:tiles2;2:cpu2:tiles2;3:cpu3:tiles2;4:cpu4:tiles2;5:cpu5:tiles2;6:cpu6:tiles2;7:cpu7:tiles2","NA",static,0,"NA","NA","/home/bananapi/MAT/kernels riscv rvv 1.0/FINAL/riscv-rvv-ime-gemm-microkernels-updated/HETEROGENEOUS_RVV_IME_OPENMP_GEMM/results/openmp_results_k1-rvv_1024_20260904_130245/raw_logs/GEMM_RVV_FP32_INT8_8x8_Baseline_RVV_IGEMM_INT8_I8I32_8x8_igemm_kernel_8x8_zvl256b_lmul1_unroll1_i8i32_run2.log",NA,NA,NA,NA,NA,NA,NA
k1_kernel_tuning,RVV,tile_N,64,2026-09-04T13:16:09,k1-rvv,"GEMM_RVV_FP32_INT8_8x8_Baseline","RVV_IGEMM_INT8_I8I32_8x8","igemm_kernel_8x8_zvl256b_lmul1_unroll1_i8i32",8x8,256b,1,1,INT8_RVV,0-7,8,8,1024,1024,1024,64,3,OK,0,NONE,0.156044874,GOPS,13.761962,parallel_tiles_including_required_packing,DISABLED,0,0,"0:cpu0:tiles2;1:cpu1:tiles2;2:cpu2:tiles2;3:cpu3:tiles2;4:cpu4:tiles2;5:cpu5:tiles2;6:cpu6:tiles2;7:cpu7:tiles2","NA",static,0,"NA","NA","/home/bananapi/MAT/kernels riscv rvv 1.0/FINAL/riscv-rvv-ime-gemm-microkernels-updated/HETEROGENEOUS_RVV_IME_OPENMP_GEMM/results/openmp_results_k1-rvv_1024_20260904_130245/raw_logs/GEMM_RVV_FP32_INT8_8x8_Baseline_RVV_IGEMM_INT8_I8I32_8x8_igemm_kernel_8x8_zvl256b_lmul1_unroll1_i8i32_run3.log",NA,NA,NA,NA,NA,NA,NA
k1_kernel_tuning,RVV,tile_N,64,2026-09-04T13:16:09,k1-rvv,"GEMM_RVV_FP32_INT8_8x8_Baseline","RVV_IGEMM_INT8_I8I32_8x8","igemm_kernel_8x8_zvl256b_lmul1_unroll1_i8i32",8x8,256b,1,1,INT8_RVV,0-7,8,8,1024,1024,1024,64,4,OK,0,NONE,0.156373587,GOPS,13.733033,parallel_tiles_including_required_packing,DISABLED,0,0,"0:cpu0:tiles2;1:cpu1:tiles2;2:cpu2:tiles2;3:cpu3:tiles2;4:cpu4:tiles2;5:cpu5:tiles2;6:cpu6:tiles2;7:cpu7:tiles2","NA",static,0,"NA","NA","/home/bananapi/MAT/kernels riscv rvv 1.0/FINAL/riscv-rvv-ime-gemm-microkernels-updated/HETEROGENEOUS_RVV_IME_OPENMP_GEMM/results/openmp_results_k1-rvv_1024_20260904_130245/raw_logs/GEMM_RVV_FP32_INT8_8x8_Baseline_RVV_IGEMM_INT8_I8I32_8x8_igemm_kernel_8x8_zvl256b_lmul1_unroll1_i8i32_run4.log",NA,NA,NA,NA,NA,NA,NA
k1_kernel_tuning,RVV,tile_N,64,2026-09-04T13:16:10,k1-rvv,"GEMM_RVV_FP32_INT8_8x8_Baseline","RVV_IGEMM_INT8_I8I32_8x8","igemm_kernel_8x8_zvl256b_lmul1_unroll1_i8i32",8x8,256b,1,1,INT8_RVV,0-7,8,8,1024,1024,1024,64,5,OK,0,NONE,0.156166580,GOPS,13.751237,parallel_tiles_including_required_packing,DISABLED,0,0,"0:cpu0:tiles2;1:cpu1:tiles2;2:cpu2:tiles2;3:cpu3:tiles2;4:cpu4:tiles2;5:cpu5:tiles2;6:cpu6:tiles2;7:cpu7:tiles2","NA",static,0,"NA","NA","/home/bananapi/MAT/kernels riscv rvv 1.0/FINAL/riscv-rvv-ime-gemm-microkernels-updated/HETEROGENEOUS_RVV_IME_OPENMP_GEMM/results/openmp_results_k1-rvv_1024_20260904_130245/raw_logs/GEMM_RVV_FP32_INT8_8x8_Baseline_RVV_IGEMM_INT8_I8I32_8x8_igemm_kernel_8x8_zvl256b_lmul1_unroll1_i8i32_run5.log",NA,NA,NA,NA,NA,NA,NA
k1_kernel_tuning,RVV,tile_N,64,2026-09-04T13:16:10,k1-rvv,"GEMM_RVV_FP32_INT8_8x8_Baseline","RVV_IGEMM_INT8_I8I32_8x8","igemm_kernel_8x8_zvl256b_lmul1_unroll1_i8i32",8x8,256b,1,1,INT8_RVV,0-7,8,8,1024,1024,1024,64,6,OK,0,NONE,0.164122127,GOPS,13.084669,parallel_tiles_including_required_packing,DISABLED,0,0,"0:cpu0:tiles2;1:cpu1:tiles2;2:cpu2:tiles2;3:cpu3:tiles2;4:cpu4:tiles2;5:cpu5:tiles2;6:cpu6:tiles2;7:cpu7:tiles2","NA",static,0,"NA","NA","/home/bananapi/MAT/kernels riscv rvv 1.0/FINAL/riscv-rvv-ime-gemm-microkernels-updated/HETEROGENEOUS_RVV_IME_OPENMP_GEMM/results/openmp_results_k1-rvv_1024_20260904_130245/raw_logs/GEMM_RVV_FP32_INT8_8x8_Baseline_RVV_IGEMM_INT8_I8I32_8x8_igemm_kernel_8x8_zvl256b_lmul1_unroll1_i8i32_run6.log",NA,NA,NA,NA,NA,NA,NA
k1_kernel_tuning,RVV,tile_N,64,2026-09-04T13:16:49,k1-rvv,"GEMM_RVV_FP32_INT8_8x8_Baseline","RVV_IGEMM_INT8_I8I32_8x8","igemm_kernel_8x8_zvl256b_lmul1_unroll2_i8i32",8x8,256b,1,2,INT8_RVV,0-7,8,8,1024,1024,1024,64,1,OK,0,NONE,0.174520336,GOPS,12.305063,parallel_tiles_including_required_packing,INDEPENDENT_INT64_REFERENCE_EXACT_INT32,0,0,"0:cpu0:tiles2;1:cpu1:tiles2;2:cpu2:tiles2;3:cpu3:tiles2;4:cpu4:tiles2;5:cpu5:tiles2;6:cpu6:tiles2;7:cpu7:tiles2","NA",static,0,"NA","NA","/home/bananapi/MAT/kernels riscv rvv 1.0/FINAL/riscv-rvv-ime-gemm-microkernels-updated/HETEROGENEOUS_RVV_IME_OPENMP_GEMM/results/openmp_results_k1-rvv_1024_20260904_130245/raw_logs/GEMM_RVV_FP32_INT8_8x8_Baseline_RVV_IGEMM_INT8_I8I32_8x8_igemm_kernel_8x8_zvl256b_lmul1_unroll2_i8i32_run1.log",NA,NA,NA,NA,NA,NA,NA
k1_kernel_tuning,RVV,tile_N,64,2026-09-04T13:16:50,k1-rvv,"GEMM_RVV_FP32_INT8_8x8_Baseline","RVV_IGEMM_INT8_I8I32_8x8","igemm_kernel_8x8_zvl256b_lmul1_unroll2_i8i32",8x8,256b,1,2,INT8_RVV,0-7,8,8,1024,1024,1024,64,2,OK,0,NONE,0.173670415,GOPS,12.365282,parallel_tiles_including_required_packing,DISABLED,0,0,"0:cpu0:tiles2;1:cpu1:tiles2;2:cpu2:tiles2;3:cpu3:tiles2;4:cpu4:tiles2;5:cpu5:tiles2;6:cpu6:tiles2;7:cpu7:tiles2","NA",static,0,"NA","NA","/home/bananapi/MAT/kernels riscv rvv 1.0/FINAL/riscv-rvv-ime-gemm-microkernels-updated/HETEROGENEOUS_RVV_IME_OPENMP_GEMM/results/openmp_results_k1-rvv_1024_20260904_130245/raw_logs/GEMM_RVV_FP32_INT8_8x8_Baseline_RVV_IGEMM_INT8_I8I32_8x8_igemm_kernel_8x8_zvl256b_lmul1_unroll2_i8i32_run2.log",NA,NA,NA,NA,NA,NA,NA
k1_kernel_tuning,RVV,tile_N,64,2026-09-04T13:16:51,k1-rvv,"GEMM_RVV_FP32_INT8_8x8_Baseline","RVV_IGEMM_INT8_I8I32_8x8","igemm_kernel_8x8_zvl256b_lmul1_unroll2_i8i32",8x8,256b,1,2,INT8_RVV,0-7,8,8,1024,1024,1024,64,3,OK,0,NONE,0.173646875,GOPS,12.366958,parallel_tiles_including_required_packing,DISABLED,0,0,"0:cpu0:tiles2;1:cpu1:tiles2;2:cpu2:tiles2;3:cpu3:tiles2;4:cpu4:tiles2;5:cpu5:tiles2;6:cpu6:tiles2;7:cpu7:tiles2","NA",static,0,"NA","NA","/home/bananapi/MAT/kernels riscv rvv 1.0/FINAL/riscv-rvv-ime-gemm-microkernels-updated/HETEROGENEOUS_RVV_IME_OPENMP_GEMM/results/openmp_results_k1-rvv_1024_20260904_130245/raw_logs/GEMM_RVV_FP32_INT8_8x8_Baseline_RVV_IGEMM_INT8_I8I32_8x8_igemm_kernel_8x8_zvl256b_lmul1_unroll2_i8i32_run3.log",NA,NA,NA,NA,NA,NA,NA
k1_kernel_tuning,RVV,tile_N,64,2026-09-04T13:16:51,k1-rvv,"GEMM_RVV_FP32_INT8_8x8_Baseline","RVV_IGEMM_INT8_I8I32_8x8","igemm_kernel_8x8_zvl256b_lmul1_unroll2_i8i32",8x8,256b,1,2,INT8_RVV,0-7,8,8,1024,1024,1024,64,4,OK,0,NONE,0.174579334,GOPS,12.300904,parallel_tiles_including_required_packing,DISABLED,0,0,"0:cpu0:tiles2;1:cpu1:tiles2;2:cpu2:tiles2;3:cpu3:tiles2;4:cpu4:tiles2;5:cpu5:tiles2;6:cpu6:tiles2;7:cpu7:tiles2","NA",static,0,"NA","NA","/home/bananapi/MAT/kernels riscv rvv 1.0/FINAL/riscv-rvv-ime-gemm-microkernels-updated/HETEROGENEOUS_RVV_IME_OPENMP_GEMM/results/openmp_results_k1-rvv_1024_20260904_130245/raw_logs/GEMM_RVV_FP32_INT8_8x8_Baseline_RVV_IGEMM_INT8_I8I32_8x8_igemm_kernel_8x8_zvl256b_lmul1_unroll2_i8i32_run4.log",NA,NA,NA,NA,NA,NA,NA
k1_kernel_tuning,RVV,tile_N,64,2026-09-04T13:16:52,k1-rvv,"GEMM_RVV_FP32_INT8_8x8_Baseline","RVV_IGEMM_INT8_I8I32_8x8","igemm_kernel_8x8_zvl256b_lmul1_unroll2_i8i32",8x8,256b,1,2,INT8_RVV,0-7,8,8,1024,1024,1024,64,5,OK,0,NONE,0.175710790,GOPS,12.221695,parallel_tiles_including_required_packing,DISABLED,0,0,"0:cpu0:tiles2;1:cpu1:tiles2;2:cpu2:tiles2;3:cpu3:tiles2;4:cpu4:tiles2;5:cpu5:tiles2;6:cpu6:tiles2;7:cpu7:tiles2","NA",static,0,"NA","NA","/home/bananapi/MAT/kernels riscv rvv 1.0/FINAL/riscv-rvv-ime-gemm-microkernels-updated/HETEROGENEOUS_RVV_IME_OPENMP_GEMM/results/openmp_results_k1-rvv_1024_20260904_130245/raw_logs/GEMM_RVV_FP32_INT8_8x8_Baseline_RVV_IGEMM_INT8_I8I32_8x8_igemm_kernel_8x8_zvl256b_lmul1_unroll2_i8i32_run5.log",NA,NA,NA,NA,NA,NA,NA
k1_kernel_tuning,RVV,tile_N,64,2026-09-04T13:16:53,k1-rvv,"GEMM_RVV_FP32_INT8_8x8_Baseline","RVV_IGEMM_INT8_I8I32_8x8","igemm_kernel_8x8_zvl256b_lmul1_unroll2_i8i32",8x8,256b,1,2,INT8_RVV,0-7,8,8,1024,1024,1024,64,6,OK,0,NONE,0.171526041,GOPS,12.519870,parallel_tiles_including_required_packing,DISABLED,0,0,"0:cpu0:tiles2;1:cpu1:tiles2;2:cpu2:tiles2;3:cpu3:tiles2;4:cpu4:tiles2;5:cpu5:tiles2;6:cpu6:tiles2;7:cpu7:tiles2","NA",static,0,"NA","NA","/home/bananapi/MAT/kernels riscv rvv 1.0/FINAL/riscv-rvv-ime-gemm-microkernels-updated/HETEROGENEOUS_RVV_IME_OPENMP_GEMM/results/openmp_results_k1-rvv_1024_20260904_130245/raw_logs/GEMM_RVV_FP32_INT8_8x8_Baseline_RVV_IGEMM_INT8_I8I32_8x8_igemm_kernel_8x8_zvl256b_lmul1_unroll2_i8i32_run6.log",NA,NA,NA,NA,NA,NA,NA
k1_kernel_tuning,RVV,tile_N,64,2026-09-04T13:17:25,k1-rvv,"GEMM_RVV_FP32_INT8_8x8_Baseline","RVV_IGEMM_INT8_I8I32_8x8","igemm_kernel_8x8_zvl256b_lmul1_unroll4_i8i32",8x8,256b,1,4,INT8_RVV,0-7,8,8,1024,1024,1024,64,1,OK,0,NONE,0.174118705,GOPS,12.333446,parallel_tiles_including_required_packing,INDEPENDENT_INT64_REFERENCE_EXACT_INT32,0,0,"0:cpu0:tiles2;1:cpu1:tiles2;2:cpu2:tiles2;3:cpu3:tiles2;4:cpu4:tiles2;5:cpu5:tiles2;6:cpu6:tiles2;7:cpu7:tiles2","NA",static,0,"NA","NA","/home/bananapi/MAT/kernels riscv rvv 1.0/FINAL/riscv-rvv-ime-gemm-microkernels-updated/HETEROGENEOUS_RVV_IME_OPENMP_GEMM/results/openmp_results_k1-rvv_1024_20260904_130245/raw_logs/GEMM_RVV_FP32_INT8_8x8_Baseline_RVV_IGEMM_INT8_I8I32_8x8_igemm_kernel_8x8_zvl256b_lmul1_unroll4_i8i32_run1.log",NA,NA,NA,NA,NA,NA,NA
k1_kernel_tuning,RVV,tile_N,64,2026-09-04T13:17:26,k1-rvv,"GEMM_RVV_FP32_INT8_8x8_Baseline","RVV_IGEMM_INT8_I8I32_8x8","igemm_kernel_8x8_zvl256b_lmul1_unroll4_i8i32",8x8,256b,1,4,INT8_RVV,0-7,8,8,1024,1024,1024,64,2,OK,0,NONE,0.175286211,GOPS,12.251298,parallel_tiles_including_required_packing,DISABLED,0,0,"0:cpu0:tiles2;1:cpu1:tiles2;2:cpu2:tiles2;3:cpu3:tiles2;4:cpu4:tiles2;5:cpu5:tiles2;6:cpu6:tiles2;7:cpu7:tiles2","NA",static,0,"NA","NA","/home/bananapi/MAT/kernels riscv rvv 1.0/FINAL/riscv-rvv-ime-gemm-microkernels-updated/HETEROGENEOUS_RVV_IME_OPENMP_GEMM/results/openmp_results_k1-rvv_1024_20260904_130245/raw_logs/GEMM_RVV_FP32_INT8_8x8_Baseline_RVV_IGEMM_INT8_I8I32_8x8_igemm_kernel_8x8_zvl256b_lmul1_unroll4_i8i32_run2.log",NA,NA,NA,NA,NA,NA,NA
k1_kernel_tuning,RVV,tile_N,64,2026-09-04T13:17:26,k1-rvv,"GEMM_RVV_FP32_INT8_8x8_Baseline","RVV_IGEMM_INT8_I8I32_8x8","igemm_kernel_8x8_zvl256b_lmul1_unroll4_i8i32",8x8,256b,1,4,INT8_RVV,0-7,8,8,1024,1024,1024,64,3,OK,0,NONE,0.175181918,GOPS,12.258592,parallel_tiles_including_required_packing,DISABLED,0,0,"0:cpu0:tiles2;1:cpu1:tiles2;2:cpu2:tiles2;3:cpu3:tiles2;4:cpu4:tiles2;5:cpu5:tiles2;6:cpu6:tiles2;7:cpu7:tiles2","NA",static,0,"NA","NA","/home/bananapi/MAT/kernels riscv rvv 1.0/FINAL/riscv-rvv-ime-gemm-microkernels-updated/HETEROGENEOUS_RVV_IME_OPENMP_GEMM/results/openmp_results_k1-rvv_1024_20260904_130245/raw_logs/GEMM_RVV_FP32_INT8_8x8_Baseline_RVV_IGEMM_INT8_I8I32_8x8_igemm_kernel_8x8_zvl256b_lmul1_unroll4_i8i32_run3.log",NA,NA,NA,NA,NA,NA,NA
k1_kernel_tuning,RVV,tile_N,64,2026-09-04T13:17:27,k1-rvv,"GEMM_RVV_FP32_INT8_8x8_Baseline","RVV_IGEMM_INT8_I8I32_8x8","igemm_kernel_8x8_zvl256b_lmul1_unroll4_i8i32",8x8,256b,1,4,INT8_RVV,0-7,8,8,1024,1024,1024,64,4,OK,0,NONE,0.174799960,GOPS,12.285378,parallel_tiles_including_required_packing,DISABLED,0,0,"0:cpu0:tiles2;1:cpu1:tiles2;2:cpu2:tiles2;3:cpu3:tiles2;4:cpu4:tiles2;5:cpu5:tiles2;6:cpu6:tiles2;7:cpu7:tiles2","NA",static,0,"NA","NA","/home/bananapi/MAT/kernels riscv rvv 1.0/FINAL/riscv-rvv-ime-gemm-microkernels-updated/HETEROGENEOUS_RVV_IME_OPENMP_GEMM/results/openmp_results_k1-rvv_1024_20260904_130245/raw_logs/GEMM_RVV_FP32_INT8_8x8_Baseline_RVV_IGEMM_INT8_I8I32_8x8_igemm_kernel_8x8_zvl256b_lmul1_unroll4_i8i32_run4.log",NA,NA,NA,NA,NA,NA,NA
k1_kernel_tuning,RVV,tile_N,64,2026-09-04T13:17:28,k1-rvv,"GEMM_RVV_FP32_INT8_8x8_Baseline","RVV_IGEMM_INT8_I8I32_8x8","igemm_kernel_8x8_zvl256b_lmul1_unroll4_i8i32",8x8,256b,1,4,INT8_RVV,0-7,8,8,1024,1024,1024,64,5,OK,0,NONE,0.180760790,GOPS,11.880252,parallel_tiles_including_required_packing,DISABLED,0,0,"0:cpu0:tiles2;1:cpu1:tiles2;2:cpu2:tiles2;3:cpu3:tiles2;4:cpu4:tiles2;5:cpu5:tiles2;6:cpu6:tiles2;7:cpu7:tiles2","NA",static,0,"NA","NA","/home/bananapi/MAT/kernels riscv rvv 1.0/FINAL/riscv-rvv-ime-gemm-microkernels-updated/HETEROGENEOUS_RVV_IME_OPENMP_GEMM/results/openmp_results_k1-rvv_1024_20260904_130245/raw_logs/GEMM_RVV_FP32_INT8_8x8_Baseline_RVV_IGEMM_INT8_I8I32_8x8_igemm_kernel_8x8_zvl256b_lmul1_unroll4_i8i32_run5.log",NA,NA,NA,NA,NA,NA,NA
k1_kernel_tuning,RVV,tile_N,64,2026-09-04T13:17:28,k1-rvv,"GEMM_RVV_FP32_INT8_8x8_Baseline","RVV_IGEMM_INT8_I8I32_8x8","igemm_kernel_8x8_zvl256b_lmul1_unroll4_i8i32",8x8,256b,1,4,INT8_RVV,0-7,8,8,1024,1024,1024,64,6,OK,0,NONE,0.176485293,GOPS,12.168060,parallel_tiles_including_required_packing,DISABLED,0,0,"0:cpu0:tiles2;1:cpu1:tiles2;2:cpu2:tiles2;3:cpu3:tiles2;4:cpu4:tiles2;5:cpu5:tiles2;6:cpu6:tiles2;7:cpu7:tiles2","NA",static,0,"NA","NA","/home/bananapi/MAT/kernels riscv rvv 1.0/FINAL/riscv-rvv-ime-gemm-microkernels-updated/HETEROGENEOUS_RVV_IME_OPENMP_GEMM/results/openmp_results_k1-rvv_1024_20260904_130245/raw_logs/GEMM_RVV_FP32_INT8_8x8_Baseline_RVV_IGEMM_INT8_I8I32_8x8_igemm_kernel_8x8_zvl256b_lmul1_unroll4_i8i32_run6.log",NA,NA,NA,NA,NA,NA,NA
k1_kernel_tuning,RVV,tile_N,64,2026-09-04T13:18:09,k1-rvv,"GEMM_RVV_FP32_INT8_8x8_Baseline","RVV_IGEMM_INT8_I8I32_8x8","igemm_kernel_8x8_zvl256b_lmul1_unroll8_i8i32",8x8,256b,1,8,INT8_RVV,0-7,8,8,1024,1024,1024,64,1,OK,0,NONE,0.162904084,GOPS,13.182503,parallel_tiles_including_required_packing,INDEPENDENT_INT64_REFERENCE_EXACT_INT32,0,0,"0:cpu0:tiles2;1:cpu1:tiles2;2:cpu2:tiles2;3:cpu3:tiles2;4:cpu4:tiles2;5:cpu5:tiles2;6:cpu6:tiles2;7:cpu7:tiles2","NA",static,0,"NA","NA","/home/bananapi/MAT/kernels riscv rvv 1.0/FINAL/riscv-rvv-ime-gemm-microkernels-updated/HETEROGENEOUS_RVV_IME_OPENMP_GEMM/results/openmp_results_k1-rvv_1024_20260904_130245/raw_logs/GEMM_RVV_FP32_INT8_8x8_Baseline_RVV_IGEMM_INT8_I8I32_8x8_igemm_kernel_8x8_zvl256b_lmul1_unroll8_i8i32_run1.log",NA,NA,NA,NA,NA,NA,NA
k1_kernel_tuning,RVV,tile_N,64,2026-09-04T13:18:10,k1-rvv,"GEMM_RVV_FP32_INT8_8x8_Baseline","RVV_IGEMM_INT8_I8I32_8x8","igemm_kernel_8x8_zvl256b_lmul1_unroll8_i8i32",8x8,256b,1,8,INT8_RVV,0-7,8,8,1024,1024,1024,64,2,OK,0,NONE,0.162689041,GOPS,13.199928,parallel_tiles_including_required_packing,DISABLED,0,0,"0:cpu0:tiles2;1:cpu1:tiles2;2:cpu2:tiles2;3:cpu3:tiles2;4:cpu4:tiles2;5:cpu5:tiles2;6:cpu6:tiles2;7:cpu7:tiles2","NA",static,0,"NA","NA","/home/bananapi/MAT/kernels riscv rvv 1.0/FINAL/riscv-rvv-ime-gemm-microkernels-updated/HETEROGENEOUS_RVV_IME_OPENMP_GEMM/results/openmp_results_k1-rvv_1024_20260904_130245/raw_logs/GEMM_RVV_FP32_INT8_8x8_Baseline_RVV_IGEMM_INT8_I8I32_8x8_igemm_kernel_8x8_zvl256b_lmul1_unroll8_i8i32_run2.log",NA,NA,NA,NA,NA,NA,NA
k1_kernel_tuning,RVV,tile_N,64,2026-09-04T13:18:11,k1-rvv,"GEMM_RVV_FP32_INT8_8x8_Baseline","RVV_IGEMM_INT8_I8I32_8x8","igemm_kernel_8x8_zvl256b_lmul1_unroll8_i8i32",8x8,256b,1,8,INT8_RVV,0-7,8,8,1024,1024,1024,64,3,OK,0,NONE,0.162605543,GOPS,13.206706,parallel_tiles_including_required_packing,DISABLED,0,0,"0:cpu0:tiles2;1:cpu1:tiles2;2:cpu2:tiles2;3:cpu3:tiles2;4:cpu4:tiles2;5:cpu5:tiles2;6:cpu6:tiles2;7:cpu7:tiles2","NA",static,0,"NA","NA","/home/bananapi/MAT/kernels riscv rvv 1.0/FINAL/riscv-rvv-ime-gemm-microkernels-updated/HETEROGENEOUS_RVV_IME_OPENMP_GEMM/results/openmp_results_k1-rvv_1024_20260904_130245/raw_logs/GEMM_RVV_FP32_INT8_8x8_Baseline_RVV_IGEMM_INT8_I8I32_8x8_igemm_kernel_8x8_zvl256b_lmul1_unroll8_i8i32_run3.log",NA,NA,NA,NA,NA,NA,NA
k1_kernel_tuning,RVV,tile_N,64,2026-09-04T13:18:11,k1-rvv,"GEMM_RVV_FP32_INT8_8x8_Baseline","RVV_IGEMM_INT8_I8I32_8x8","igemm_kernel_8x8_zvl256b_lmul1_unroll8_i8i32",8x8,256b,1,8,INT8_RVV,0-7,8,8,1024,1024,1024,64,4,OK,0,NONE,0.162027378,GOPS,13.253832,parallel_tiles_including_required_packing,DISABLED,0,0,"0:cpu0:tiles2;1:cpu1:tiles2;2:cpu2:tiles2;3:cpu3:tiles2;4:cpu4:tiles2;5:cpu5:tiles2;6:cpu6:tiles2;7:cpu7:tiles2","NA",static,0,"NA","NA","/home/bananapi/MAT/kernels riscv rvv 1.0/FINAL/riscv-rvv-ime-gemm-microkernels-updated/HETEROGENEOUS_RVV_IME_OPENMP_GEMM/results/openmp_results_k1-rvv_1024_20260904_130245/raw_logs/GEMM_RVV_FP32_INT8_8x8_Baseline_RVV_IGEMM_INT8_I8I32_8x8_igemm_kernel_8x8_zvl256b_lmul1_unroll8_i8i32_run4.log",NA,NA,NA,NA,NA,NA,NA
k1_kernel_tuning,RVV,tile_N,64,2026-09-04T13:18:12,k1-rvv,"GEMM_RVV_FP32_INT8_8x8_Baseline","RVV_IGEMM_INT8_I8I32_8x8","igemm_kernel_8x8_zvl256b_lmul1_unroll8_i8i32",8x8,256b,1,8,INT8_RVV,0-7,8,8,1024,1024,1024,64,5,OK,0,NONE,0.165117249,GOPS,13.005810,parallel_tiles_including_required_packing,DISABLED,0,0,"0:cpu0:tiles2;1:cpu1:tiles2;2:cpu2:tiles2;3:cpu3:tiles2;4:cpu4:tiles2;5:cpu5:tiles2;6:cpu6:tiles2;7:cpu7:tiles2","NA",static,0,"NA","NA","/home/bananapi/MAT/kernels riscv rvv 1.0/FINAL/riscv-rvv-ime-gemm-microkernels-updated/HETEROGENEOUS_RVV_IME_OPENMP_GEMM/results/openmp_results_k1-rvv_1024_20260904_130245/raw_logs/GEMM_RVV_FP32_INT8_8x8_Baseline_RVV_IGEMM_INT8_I8I32_8x8_igemm_kernel_8x8_zvl256b_lmul1_unroll8_i8i32_run5.log",NA,NA,NA,NA,NA,NA,NA
k1_kernel_tuning,RVV,tile_N,64,2026-09-04T13:18:13,k1-rvv,"GEMM_RVV_FP32_INT8_8x8_Baseline","RVV_IGEMM_INT8_I8I32_8x8","igemm_kernel_8x8_zvl256b_lmul1_unroll8_i8i32",8x8,256b,1,8,INT8_RVV,0-7,8,8,1024,1024,1024,64,6,OK,0,NONE,0.160165627,GOPS,13.407893,parallel_tiles_including_required_packing,DISABLED,0,0,"0:cpu0:tiles2;1:cpu1:tiles2;2:cpu2:tiles2;3:cpu3:tiles2;4:cpu4:tiles2;5:cpu5:tiles2;6:cpu6:tiles2;7:cpu7:tiles2","NA",static,0,"NA","NA","/home/bananapi/MAT/kernels riscv rvv 1.0/FINAL/riscv-rvv-ime-gemm-microkernels-updated/HETEROGENEOUS_RVV_IME_OPENMP_GEMM/results/openmp_results_k1-rvv_1024_20260904_130245/raw_logs/GEMM_RVV_FP32_INT8_8x8_Baseline_RVV_IGEMM_INT8_I8I32_8x8_igemm_kernel_8x8_zvl256b_lmul1_unroll8_i8i32_run6.log",NA,NA,NA,NA,NA,NA,NA
k1_kernel_tuning,RVV,tile_N,64,2026-09-04T13:18:52,k1-rvv,"GEMM_RVV_FP32_INT8_8x8_Baseline","RVV_IGEMM_INT8_I8I32_8x8","igemm_kernel_8x8_zvl256b_lmul2_unroll1_i8i32",8x8,256b,2,1,INT8_RVV,0-7,8,8,1024,1024,1024,64,1,OK,0,NONE,0.546189126,GOPS,3.931758,parallel_tiles_including_required_packing,INDEPENDENT_INT64_REFERENCE_EXACT_INT32,0,0,"0:cpu0:tiles2;1:cpu1:tiles2;2:cpu2:tiles2;3:cpu3:tiles2;4:cpu4:tiles2;5:cpu5:tiles2;6:cpu6:tiles2;7:cpu7:tiles2","NA",static,0,"NA","NA","/home/bananapi/MAT/kernels riscv rvv 1.0/FINAL/riscv-rvv-ime-gemm-microkernels-updated/HETEROGENEOUS_RVV_IME_OPENMP_GEMM/results/openmp_results_k1-rvv_1024_20260904_130245/raw_logs/GEMM_RVV_FP32_INT8_8x8_Baseline_RVV_IGEMM_INT8_I8I32_8x8_igemm_kernel_8x8_zvl256b_lmul2_unroll1_i8i32_run1.log",NA,NA,NA,NA,NA,NA,NA
k1_kernel_tuning,RVV,tile_N,64,2026-09-04T13:18:53,k1-rvv,"GEMM_RVV_FP32_INT8_8x8_Baseline","RVV_IGEMM_INT8_I8I32_8x8","igemm_kernel_8x8_zvl256b_lmul2_unroll1_i8i32",8x8,256b,2,1,INT8_RVV,0-7,8,8,1024,1024,1024,64,2,OK,0,NONE,0.542992167,GOPS,3.954907,parallel_tiles_including_required_packing,DISABLED,0,0,"0:cpu0:tiles2;1:cpu1:tiles2;2:cpu2:tiles2;3:cpu3:tiles2;4:cpu4:tiles2;5:cpu5:tiles2;6:cpu6:tiles2;7:cpu7:tiles2","NA",static,0,"NA","NA","/home/bananapi/MAT/kernels riscv rvv 1.0/FINAL/riscv-rvv-ime-gemm-microkernels-updated/HETEROGENEOUS_RVV_IME_OPENMP_GEMM/results/openmp_results_k1-rvv_1024_20260904_130245/raw_logs/GEMM_RVV_FP32_INT8_8x8_Baseline_RVV_IGEMM_INT8_I8I32_8x8_igemm_kernel_8x8_zvl256b_lmul2_unroll1_i8i32_run2.log",NA,NA,NA,NA,NA,NA,NA
k1_kernel_tuning,RVV,tile_N,64,2026-09-04T13:18:55,k1-rvv,"GEMM_RVV_FP32_INT8_8x8_Baseline","RVV_IGEMM_INT8_I8I32_8x8","igemm_kernel_8x8_zvl256b_lmul2_unroll1_i8i32",8x8,256b,2,1,INT8_RVV,0-7,8,8,1024,1024,1024,64,3,OK,0,NONE,0.542129543,GOPS,3.961200,parallel_tiles_including_required_packing,DISABLED,0,0,"0:cpu0:tiles2;1:cpu1:tiles2;2:cpu2:tiles2;3:cpu3:tiles2;4:cpu4:tiles2;5:cpu5:tiles2;6:cpu6:tiles2;7:cpu7:tiles2","NA",static,0,"NA","NA","/home/bananapi/MAT/kernels riscv rvv 1.0/FINAL/riscv-rvv-ime-gemm-microkernels-updated/HETEROGENEOUS_RVV_IME_OPENMP_GEMM/results/openmp_results_k1-rvv_1024_20260904_130245/raw_logs/GEMM_RVV_FP32_INT8_8x8_Baseline_RVV_IGEMM_INT8_I8I32_8x8_igemm_kernel_8x8_zvl256b_lmul2_unroll1_i8i32_run3.log",NA,NA,NA,NA,NA,NA,NA
k1_kernel_tuning,RVV,tile_N,64,2026-09-04T13:18:56,k1-rvv,"GEMM_RVV_FP32_INT8_8x8_Baseline","RVV_IGEMM_INT8_I8I32_8x8","igemm_kernel_8x8_zvl256b_lmul2_unroll1_i8i32",8x8,256b,2,1,INT8_RVV,0-7,8,8,1024,1024,1024,64,4,OK,0,NONE,0.548869584,GOPS,3.912557,parallel_tiles_including_required_packing,DISABLED,0,0,"0:cpu0:tiles2;1:cpu1:tiles2;2:cpu2:tiles2;3:cpu3:tiles2;4:cpu4:tiles2;5:cpu5:tiles2;6:cpu6:tiles2;7:cpu7:tiles2","NA",static,0,"NA","NA","/home/bananapi/MAT/kernels riscv rvv 1.0/FINAL/riscv-rvv-ime-gemm-microkernels-updated/HETEROGENEOUS_RVV_IME_OPENMP_GEMM/results/openmp_results_k1-rvv_1024_20260904_130245/raw_logs/GEMM_RVV_FP32_INT8_8x8_Baseline_RVV_IGEMM_INT8_I8I32_8x8_igemm_kernel_8x8_zvl256b_lmul2_unroll1_i8i32_run4.log",NA,NA,NA,NA,NA,NA,NA
k1_kernel_tuning,RVV,tile_N,64,2026-09-04T13:18:58,k1-rvv,"GEMM_RVV_FP32_INT8_8x8_Baseline","RVV_IGEMM_INT8_I8I32_8x8","igemm_kernel_8x8_zvl256b_lmul2_unroll1_i8i32",8x8,256b,2,1,INT8_RVV,0-7,8,8,1024,1024,1024,64,5,OK,0,NONE,0.544417251,GOPS,3.944555,parallel_tiles_including_required_packing,DISABLED,0,0,"0:cpu0:tiles2;1:cpu1:tiles2;2:cpu2:tiles2;3:cpu3:tiles2;4:cpu4:tiles2;5:cpu5:tiles2;6:cpu6:tiles2;7:cpu7:tiles2","NA",static,0,"NA","NA","/home/bananapi/MAT/kernels riscv rvv 1.0/FINAL/riscv-rvv-ime-gemm-microkernels-updated/HETEROGENEOUS_RVV_IME_OPENMP_GEMM/results/openmp_results_k1-rvv_1024_20260904_130245/raw_logs/GEMM_RVV_FP32_INT8_8x8_Baseline_RVV_IGEMM_INT8_I8I32_8x8_igemm_kernel_8x8_zvl256b_lmul2_unroll1_i8i32_run5.log",NA,NA,NA,NA,NA,NA,NA
k1_kernel_tuning,RVV,tile_N,64,2026-09-04T13:18:59,k1-rvv,"GEMM_RVV_FP32_INT8_8x8_Baseline","RVV_IGEMM_INT8_I8I32_8x8","igemm_kernel_8x8_zvl256b_lmul2_unroll1_i8i32",8x8,256b,2,1,INT8_RVV,0-7,8,8,1024,1024,1024,64,6,OK,0,NONE,0.616322000,GOPS,3.484353,parallel_tiles_including_required_packing,DISABLED,0,0,"0:cpu0:tiles2;1:cpu1:tiles2;2:cpu2:tiles2;3:cpu3:tiles2;4:cpu4:tiles2;5:cpu5:tiles2;6:cpu6:tiles2;7:cpu7:tiles2","NA",static,0,"NA","NA","/home/bananapi/MAT/kernels riscv rvv 1.0/FINAL/riscv-rvv-ime-gemm-microkernels-updated/HETEROGENEOUS_RVV_IME_OPENMP_GEMM/results/openmp_results_k1-rvv_1024_20260904_130245/raw_logs/GEMM_RVV_FP32_INT8_8x8_Baseline_RVV_IGEMM_INT8_I8I32_8x8_igemm_kernel_8x8_zvl256b_lmul2_unroll1_i8i32_run6.log",NA,NA,NA,NA,NA,NA,NA
k1_kernel_tuning,RVV,tile_N,64,2026-09-04T13:19:39,k1-rvv,"GEMM_RVV_FP32_INT8_8x8_Baseline","RVV_IGEMM_INT8_I8I32_8x8","igemm_kernel_8x8_zvl256b_lmul2_unroll2_i8i32",8x8,256b,2,2,INT8_RVV,0-7,8,8,1024,1024,1024,64,1,OK,0,NONE,0.533065956,GOPS,4.028551,parallel_tiles_including_required_packing,INDEPENDENT_INT64_REFERENCE_EXACT_INT32,0,0,"0:cpu0:tiles2;1:cpu1:tiles2;2:cpu2:tiles2;3:cpu3:tiles2;4:cpu4:tiles2;5:cpu5:tiles2;6:cpu6:tiles2;7:cpu7:tiles2","NA",static,0,"NA","NA","/home/bananapi/MAT/kernels riscv rvv 1.0/FINAL/riscv-rvv-ime-gemm-microkernels-updated/HETEROGENEOUS_RVV_IME_OPENMP_GEMM/results/openmp_results_k1-rvv_1024_20260904_130245/raw_logs/GEMM_RVV_FP32_INT8_8x8_Baseline_RVV_IGEMM_INT8_I8I32_8x8_igemm_kernel_8x8_zvl256b_lmul2_unroll2_i8i32_run1.log",NA,NA,NA,NA,NA,NA,NA
k1_kernel_tuning,RVV,tile_N,64,2026-09-04T13:19:41,k1-rvv,"GEMM_RVV_FP32_INT8_8x8_Baseline","RVV_IGEMM_INT8_I8I32_8x8","igemm_kernel_8x8_zvl256b_lmul2_unroll2_i8i32",8x8,256b,2,2,INT8_RVV,0-7,8,8,1024,1024,1024,64,2,OK,0,NONE,0.532210667,GOPS,4.035026,parallel_tiles_including_required_packing,DISABLED,0,0,"0:cpu0:tiles2;1:cpu1:tiles2;2:cpu2:tiles2;3:cpu3:tiles2;4:cpu4:tiles2;5:cpu5:tiles2;6:cpu6:tiles2;7:cpu7:tiles2","NA",static,0,"NA","NA","/home/bananapi/MAT/kernels riscv rvv 1.0/FINAL/riscv-rvv-ime-gemm-microkernels-updated/HETEROGENEOUS_RVV_IME_OPENMP_GEMM/results/openmp_results_k1-rvv_1024_20260904_130245/raw_logs/GEMM_RVV_FP32_INT8_8x8_Baseline_RVV_IGEMM_INT8_I8I32_8x8_igemm_kernel_8x8_zvl256b_lmul2_unroll2_i8i32_run2.log",NA,NA,NA,NA,NA,NA,NA
k1_kernel_tuning,RVV,tile_N,64,2026-09-04T13:19:42,k1-rvv,"GEMM_RVV_FP32_INT8_8x8_Baseline","RVV_IGEMM_INT8_I8I32_8x8","igemm_kernel_8x8_zvl256b_lmul2_unroll2_i8i32",8x8,256b,2,2,INT8_RVV,0-7,8,8,1024,1024,1024,64,3,OK,0,NONE,0.536686793,GOPS,4.001372,parallel_tiles_including_required_packing,DISABLED,0,0,"0:cpu0:tiles2;1:cpu1:tiles2;2:cpu2:tiles2;3:cpu3:tiles2;4:cpu4:tiles2;5:cpu5:tiles2;6:cpu6:tiles2;7:cpu7:tiles2","NA",static,0,"NA","NA","/home/bananapi/MAT/kernels riscv rvv 1.0/FINAL/riscv-rvv-ime-gemm-microkernels-updated/HETEROGENEOUS_RVV_IME_OPENMP_GEMM/results/openmp_results_k1-rvv_1024_20260904_130245/raw_logs/GEMM_RVV_FP32_INT8_8x8_Baseline_RVV_IGEMM_INT8_I8I32_8x8_igemm_kernel_8x8_zvl256b_lmul2_unroll2_i8i32_run3.log",NA,NA,NA,NA,NA,NA,NA
k1_kernel_tuning,RVV,tile_N,64,2026-09-04T13:19:44,k1-rvv,"GEMM_RVV_FP32_INT8_8x8_Baseline","RVV_IGEMM_INT8_I8I32_8x8","igemm_kernel_8x8_zvl256b_lmul2_unroll2_i8i32",8x8,256b,2,2,INT8_RVV,0-7,8,8,1024,1024,1024,64,4,OK,0,NONE,0.530764211,GOPS,4.046022,parallel_tiles_including_required_packing,DISABLED,0,0,"0:cpu0:tiles2;1:cpu1:tiles2;2:cpu2:tiles2;3:cpu3:tiles2;4:cpu4:tiles2;5:cpu5:tiles2;6:cpu6:tiles2;7:cpu7:tiles2","NA",static,0,"NA","NA","/home/bananapi/MAT/kernels riscv rvv 1.0/FINAL/riscv-rvv-ime-gemm-microkernels-updated/HETEROGENEOUS_RVV_IME_OPENMP_GEMM/results/openmp_results_k1-rvv_1024_20260904_130245/raw_logs/GEMM_RVV_FP32_INT8_8x8_Baseline_RVV_IGEMM_INT8_I8I32_8x8_igemm_kernel_8x8_zvl256b_lmul2_unroll2_i8i32_run4.log",NA,NA,NA,NA,NA,NA,NA
k1_kernel_tuning,RVV,tile_N,64,2026-09-04T13:19:45,k1-rvv,"GEMM_RVV_FP32_INT8_8x8_Baseline","RVV_IGEMM_INT8_I8I32_8x8","igemm_kernel_8x8_zvl256b_lmul2_unroll2_i8i32",8x8,256b,2,2,INT8_RVV,0-7,8,8,1024,1024,1024,64,5,OK,0,NONE,0.532877043,GOPS,4.029980,parallel_tiles_including_required_packing,DISABLED,0,0,"0:cpu0:tiles2;1:cpu1:tiles2;2:cpu2:tiles2;3:cpu3:tiles2;4:cpu4:tiles2;5:cpu5:tiles2;6:cpu6:tiles2;7:cpu7:tiles2","NA",static,0,"NA","NA","/home/bananapi/MAT/kernels riscv rvv 1.0/FINAL/riscv-rvv-ime-gemm-microkernels-updated/HETEROGENEOUS_RVV_IME_OPENMP_GEMM/results/openmp_results_k1-rvv_1024_20260904_130245/raw_logs/GEMM_RVV_FP32_INT8_8x8_Baseline_RVV_IGEMM_INT8_I8I32_8x8_igemm_kernel_8x8_zvl256b_lmul2_unroll2_i8i32_run5.log",NA,NA,NA,NA,NA,NA,NA
k1_kernel_tuning,RVV,tile_N,64,2026-09-04T13:19:46,k1-rvv,"GEMM_RVV_FP32_INT8_8x8_Baseline","RVV_IGEMM_INT8_I8I32_8x8","igemm_kernel_8x8_zvl256b_lmul2_unroll2_i8i32",8x8,256b,2,2,INT8_RVV,0-7,8,8,1024,1024,1024,64,6,OK,0,NONE,0.530723542,GOPS,4.046332,parallel_tiles_including_required_packing,DISABLED,0,0,"0:cpu0:tiles2;1:cpu1:tiles2;2:cpu2:tiles2;3:cpu3:tiles2;4:cpu4:tiles2;5:cpu5:tiles2;6:cpu6:tiles2;7:cpu7:tiles2","NA",static,0,"NA","NA","/home/bananapi/MAT/kernels riscv rvv 1.0/FINAL/riscv-rvv-ime-gemm-microkernels-updated/HETEROGENEOUS_RVV_IME_OPENMP_GEMM/results/openmp_results_k1-rvv_1024_20260904_130245/raw_logs/GEMM_RVV_FP32_INT8_8x8_Baseline_RVV_IGEMM_INT8_I8I32_8x8_igemm_kernel_8x8_zvl256b_lmul2_unroll2_i8i32_run6.log",NA,NA,NA,NA,NA,NA,NA
k1_kernel_tuning,RVV,tile_N,64,2026-09-04T13:20:19,k1-rvv,"GEMM_RVV_FP32_INT8_8x8_Baseline","RVV_IGEMM_INT8_I8I32_8x8","igemm_kernel_8x8_zvl256b_lmul2_unroll4_i8i32",8x8,256b,2,4,INT8_RVV,0-7,8,8,1024,1024,1024,64,1,OK,0,NONE,0.617276751,GOPS,3.478964,parallel_tiles_including_required_packing,INDEPENDENT_INT64_REFERENCE_EXACT_INT32,0,0,"0:cpu0:tiles2;1:cpu1:tiles2;2:cpu2:tiles2;3:cpu3:tiles2;4:cpu4:tiles2;5:cpu5:tiles2;6:cpu6:tiles2;7:cpu7:tiles2","NA",static,0,"NA","NA","/home/bananapi/MAT/kernels riscv rvv 1.0/FINAL/riscv-rvv-ime-gemm-microkernels-updated/HETEROGENEOUS_RVV_IME_OPENMP_GEMM/results/openmp_results_k1-rvv_1024_20260904_130245/raw_logs/GEMM_RVV_FP32_INT8_8x8_Baseline_RVV_IGEMM_INT8_I8I32_8x8_igemm_kernel_8x8_zvl256b_lmul2_unroll4_i8i32_run1.log",NA,NA,NA,NA,NA,NA,NA
k1_kernel_tuning,RVV,tile_N,64,2026-09-04T13:20:21,k1-rvv,"GEMM_RVV_FP32_INT8_8x8_Baseline","RVV_IGEMM_INT8_I8I32_8x8","igemm_kernel_8x8_zvl256b_lmul2_unroll4_i8i32",8x8,256b,2,4,INT8_RVV,0-7,8,8,1024,1024,1024,64,2,OK,0,NONE,0.616294540,GOPS,3.484509,parallel_tiles_including_required_packing,DISABLED,0,0,"0:cpu0:tiles2;1:cpu1:tiles2;2:cpu2:tiles2;3:cpu3:tiles2;4:cpu4:tiles2;5:cpu5:tiles2;6:cpu6:tiles2;7:cpu7:tiles2","NA",static,0,"NA","NA","/home/bananapi/MAT/kernels riscv rvv 1.0/FINAL/riscv-rvv-ime-gemm-microkernels-updated/HETEROGENEOUS_RVV_IME_OPENMP_GEMM/results/openmp_results_k1-rvv_1024_20260904_130245/raw_logs/GEMM_RVV_FP32_INT8_8x8_Baseline_RVV_IGEMM_INT8_I8I32_8x8_igemm_kernel_8x8_zvl256b_lmul2_unroll4_i8i32_run2.log",NA,NA,NA,NA,NA,NA,NA
k1_kernel_tuning,RVV,tile_N,64,2026-09-04T13:20:23,k1-rvv,"GEMM_RVV_FP32_INT8_8x8_Baseline","RVV_IGEMM_INT8_I8I32_8x8","igemm_kernel_8x8_zvl256b_lmul2_unroll4_i8i32",8x8,256b,2,4,INT8_RVV,0-7,8,8,1024,1024,1024,64,3,OK,0,NONE,0.623190168,GOPS,3.445952,parallel_tiles_including_required_packing,DISABLED,0,0,"0:cpu0:tiles2;1:cpu1:tiles2;2:cpu2:tiles2;3:cpu3:tiles2;4:cpu4:tiles2;5:cpu5:tiles2;6:cpu6:tiles2;7:cpu7:tiles2","NA",static,0,"NA","NA","/home/bananapi/MAT/kernels riscv rvv 1.0/FINAL/riscv-rvv-ime-gemm-microkernels-updated/HETEROGENEOUS_RVV_IME_OPENMP_GEMM/results/openmp_results_k1-rvv_1024_20260904_130245/raw_logs/GEMM_RVV_FP32_INT8_8x8_Baseline_RVV_IGEMM_INT8_I8I32_8x8_igemm_kernel_8x8_zvl256b_lmul2_unroll4_i8i32_run3.log",NA,NA,NA,NA,NA,NA,NA
k1_kernel_tuning,RVV,tile_N,64,2026-09-04T13:20:24,k1-rvv,"GEMM_RVV_FP32_INT8_8x8_Baseline","RVV_IGEMM_INT8_I8I32_8x8","igemm_kernel_8x8_zvl256b_lmul2_unroll4_i8i32",8x8,256b,2,4,INT8_RVV,0-7,8,8,1024,1024,1024,64,4,OK,0,NONE,0.617539249,GOPS,3.477485,parallel_tiles_including_required_packing,DISABLED,0,0,"0:cpu0:tiles2;1:cpu1:tiles2;2:cpu2:tiles2;3:cpu3:tiles2;4:cpu4:tiles2;5:cpu5:tiles2;6:cpu6:tiles2;7:cpu7:tiles2","NA",static,0,"NA","NA","/home/bananapi/MAT/kernels riscv rvv 1.0/FINAL/riscv-rvv-ime-gemm-microkernels-updated/HETEROGENEOUS_RVV_IME_OPENMP_GEMM/results/openmp_results_k1-rvv_1024_20260904_130245/raw_logs/GEMM_RVV_FP32_INT8_8x8_Baseline_RVV_IGEMM_INT8_I8I32_8x8_igemm_kernel_8x8_zvl256b_lmul2_unroll4_i8i32_run4.log",NA,NA,NA,NA,NA,NA,NA
k1_kernel_tuning,RVV,tile_N,64,2026-09-04T13:20:26,k1-rvv,"GEMM_RVV_FP32_INT8_8x8_Baseline","RVV_IGEMM_INT8_I8I32_8x8","igemm_kernel_8x8_zvl256b_lmul2_unroll4_i8i32",8x8,256b,2,4,INT8_RVV,0-7,8,8,1024,1024,1024,64,5,OK,0,NONE,0.616355833,GOPS,3.484162,parallel_tiles_including_required_packing,DISABLED,0,0,"0:cpu0:tiles2;1:cpu1:tiles2;2:cpu2:tiles2;3:cpu3:tiles2;4:cpu4:tiles2;5:cpu5:tiles2;6:cpu6:tiles2;7:cpu7:tiles2","NA",static,0,"NA","NA","/home/bananapi/MAT/kernels riscv rvv 1.0/FINAL/riscv-rvv-ime-gemm-microkernels-updated/HETEROGENEOUS_RVV_IME_OPENMP_GEMM/results/openmp_results_k1-rvv_1024_20260904_130245/raw_logs/GEMM_RVV_FP32_INT8_8x8_Baseline_RVV_IGEMM_INT8_I8I32_8x8_igemm_kernel_8x8_zvl256b_lmul2_unroll4_i8i32_run5.log",NA,NA,NA,NA,NA,NA,NA
k1_kernel_tuning,RVV,tile_N,64,2026-09-04T13:20:27,k1-rvv,"GEMM_RVV_FP32_INT8_8x8_Baseline","RVV_IGEMM_INT8_I8I32_8x8","igemm_kernel_8x8_zvl256b_lmul2_unroll4_i8i32",8x8,256b,2,4,INT8_RVV,0-7,8,8,1024,1024,1024,64,6,OK,0,NONE,0.616743252,GOPS,3.481973,parallel_tiles_including_required_packing,DISABLED,0,0,"0:cpu0:tiles2;1:cpu1:tiles2;2:cpu2:tiles2;3:cpu3:tiles2;4:cpu4:tiles2;5:cpu5:tiles2;6:cpu6:tiles2;7:cpu7:tiles2","NA",static,0,"NA","NA","/home/bananapi/MAT/kernels riscv rvv 1.0/FINAL/riscv-rvv-ime-gemm-microkernels-updated/HETEROGENEOUS_RVV_IME_OPENMP_GEMM/results/openmp_results_k1-rvv_1024_20260904_130245/raw_logs/GEMM_RVV_FP32_INT8_8x8_Baseline_RVV_IGEMM_INT8_I8I32_8x8_igemm_kernel_8x8_zvl256b_lmul2_unroll4_i8i32_run6.log",NA,NA,NA,NA,NA,NA,NA
k1_kernel_tuning,RVV,tile_N,64,2026-09-04T13:21:02,k1-rvv,"GEMM_RVV_FP32_INT8_8x8_Baseline","RVV_IGEMM_INT8_I8I32_8x8","igemm_kernel_8x8_zvl256b_lmul2_unroll8_i8i32",8x8,256b,2,8,INT8_RVV,0-7,8,8,1024,1024,1024,64,1,OK,0,NONE,0.557295002,GOPS,3.853406,parallel_tiles_including_required_packing,INDEPENDENT_INT64_REFERENCE_EXACT_INT32,0,0,"0:cpu0:tiles2;1:cpu1:tiles2;2:cpu2:tiles2;3:cpu3:tiles2;4:cpu4:tiles2;5:cpu5:tiles2;6:cpu6:tiles2;7:cpu7:tiles2","NA",static,0,"NA","NA","/home/bananapi/MAT/kernels riscv rvv 1.0/FINAL/riscv-rvv-ime-gemm-microkernels-updated/HETEROGENEOUS_RVV_IME_OPENMP_GEMM/results/openmp_results_k1-rvv_1024_20260904_130245/raw_logs/GEMM_RVV_FP32_INT8_8x8_Baseline_RVV_IGEMM_INT8_I8I32_8x8_igemm_kernel_8x8_zvl256b_lmul2_unroll8_i8i32_run1.log",NA,NA,NA,NA,NA,NA,NA
k1_kernel_tuning,RVV,tile_N,64,2026-09-04T13:21:03,k1-rvv,"GEMM_RVV_FP32_INT8_8x8_Baseline","RVV_IGEMM_INT8_I8I32_8x8","igemm_kernel_8x8_zvl256b_lmul2_unroll8_i8i32",8x8,256b,2,8,INT8_RVV,0-7,8,8,1024,1024,1024,64,2,OK,0,NONE,0.563644920,GOPS,3.809994,parallel_tiles_including_required_packing,DISABLED,0,0,"0:cpu0:tiles2;1:cpu1:tiles2;2:cpu2:tiles2;3:cpu3:tiles2;4:cpu4:tiles2;5:cpu5:tiles2;6:cpu6:tiles2;7:cpu7:tiles2","NA",static,0,"NA","NA","/home/bananapi/MAT/kernels riscv rvv 1.0/FINAL/riscv-rvv-ime-gemm-microkernels-updated/HETEROGENEOUS_RVV_IME_OPENMP_GEMM/results/openmp_results_k1-rvv_1024_20260904_130245/raw_logs/GEMM_RVV_FP32_INT8_8x8_Baseline_RVV_IGEMM_INT8_I8I32_8x8_igemm_kernel_8x8_zvl256b_lmul2_unroll8_i8i32_run2.log",NA,NA,NA,NA,NA,NA,NA
k1_kernel_tuning,RVV,tile_N,64,2026-09-04T13:21:05,k1-rvv,"GEMM_RVV_FP32_INT8_8x8_Baseline","RVV_IGEMM_INT8_I8I32_8x8","igemm_kernel_8x8_zvl256b_lmul2_unroll8_i8i32",8x8,256b,2,8,INT8_RVV,0-7,8,8,1024,1024,1024,64,3,OK,0,NONE,0.511604458,GOPS,4.197547,parallel_tiles_including_required_packing,DISABLED,0,0,"0:cpu0:tiles2;1:cpu1:tiles2;2:cpu2:tiles2;3:cpu3:tiles2;4:cpu4:tiles2;5:cpu5:tiles2;6:cpu6:tiles2;7:cpu7:tiles2","NA",static,0,"NA","NA","/home/bananapi/MAT/kernels riscv rvv 1.0/FINAL/riscv-rvv-ime-gemm-microkernels-updated/HETEROGENEOUS_RVV_IME_OPENMP_GEMM/results/openmp_results_k1-rvv_1024_20260904_130245/raw_logs/GEMM_RVV_FP32_INT8_8x8_Baseline_RVV_IGEMM_INT8_I8I32_8x8_igemm_kernel_8x8_zvl256b_lmul2_unroll8_i8i32_run3.log",NA,NA,NA,NA,NA,NA,NA
k1_kernel_tuning,RVV,tile_N,64,2026-09-04T13:21:06,k1-rvv,"GEMM_RVV_FP32_INT8_8x8_Baseline","RVV_IGEMM_INT8_I8I32_8x8","igemm_kernel_8x8_zvl256b_lmul2_unroll8_i8i32",8x8,256b,2,8,INT8_RVV,0-7,8,8,1024,1024,1024,64,4,OK,0,NONE,0.512667000,GOPS,4.188847,parallel_tiles_including_required_packing,DISABLED,0,0,"0:cpu0:tiles2;1:cpu1:tiles2;2:cpu2:tiles2;3:cpu3:tiles2;4:cpu4:tiles2;5:cpu5:tiles2;6:cpu6:tiles2;7:cpu7:tiles2","NA",static,0,"NA","NA","/home/bananapi/MAT/kernels riscv rvv 1.0/FINAL/riscv-rvv-ime-gemm-microkernels-updated/HETEROGENEOUS_RVV_IME_OPENMP_GEMM/results/openmp_results_k1-rvv_1024_20260904_130245/raw_logs/GEMM_RVV_FP32_INT8_8x8_Baseline_RVV_IGEMM_INT8_I8I32_8x8_igemm_kernel_8x8_zvl256b_lmul2_unroll8_i8i32_run4.log",NA,NA,NA,NA,NA,NA,NA
k1_kernel_tuning,RVV,tile_N,64,2026-09-04T13:21:07,k1-rvv,"GEMM_RVV_FP32_INT8_8x8_Baseline","RVV_IGEMM_INT8_I8I32_8x8","igemm_kernel_8x8_zvl256b_lmul2_unroll8_i8i32",8x8,256b,2,8,INT8_RVV,0-7,8,8,1024,1024,1024,64,5,OK,0,NONE,0.515207585,GOPS,4.168191,parallel_tiles_including_required_packing,DISABLED,0,0,"0:cpu0:tiles2;1:cpu1:tiles2;2:cpu2:tiles2;3:cpu3:tiles2;4:cpu4:tiles2;5:cpu5:tiles2;6:cpu6:tiles2;7:cpu7:tiles2","NA",static,0,"NA","NA","/home/bananapi/MAT/kernels riscv rvv 1.0/FINAL/riscv-rvv-ime-gemm-microkernels-updated/HETEROGENEOUS_RVV_IME_OPENMP_GEMM/results/openmp_results_k1-rvv_1024_20260904_130245/raw_logs/GEMM_RVV_FP32_INT8_8x8_Baseline_RVV_IGEMM_INT8_I8I32_8x8_igemm_kernel_8x8_zvl256b_lmul2_unroll8_i8i32_run5.log",NA,NA,NA,NA,NA,NA,NA
k1_kernel_tuning,RVV,tile_N,64,2026-09-04T13:21:09,k1-rvv,"GEMM_RVV_FP32_INT8_8x8_Baseline","RVV_IGEMM_INT8_I8I32_8x8","igemm_kernel_8x8_zvl256b_lmul2_unroll8_i8i32",8x8,256b,2,8,INT8_RVV,0-7,8,8,1024,1024,1024,64,6,OK,0,NONE,0.512017541,GOPS,4.194160,parallel_tiles_including_required_packing,DISABLED,0,0,"0:cpu0:tiles2;1:cpu1:tiles2;2:cpu2:tiles2;3:cpu3:tiles2;4:cpu4:tiles2;5:cpu5:tiles2;6:cpu6:tiles2;7:cpu7:tiles2","NA",static,0,"NA","NA","/home/bananapi/MAT/kernels riscv rvv 1.0/FINAL/riscv-rvv-ime-gemm-microkernels-updated/HETEROGENEOUS_RVV_IME_OPENMP_GEMM/results/openmp_results_k1-rvv_1024_20260904_130245/raw_logs/GEMM_RVV_FP32_INT8_8x8_Baseline_RVV_IGEMM_INT8_I8I32_8x8_igemm_kernel_8x8_zvl256b_lmul2_unroll8_i8i32_run6.log",NA,NA,NA,NA,NA,NA,NA
k1_kernel_tuning,RVV,tile_N,64,2026-09-04T13:21:40,k1-rvv,"GEMM_RVV_FP32_INT8_8x8_Baseline","RVV_IGEMM_INT8_I8I32_8x8","igemm_kernel_8x8_zvl256b_lmulmf2_unroll1_i8i32",8x8,256b,mf2,1,INT8_RVV,0-7,8,8,1024,1024,1024,64,1,OK,0,NONE,0.061663583,GOPS,34.825801,parallel_tiles_including_required_packing,INDEPENDENT_INT64_REFERENCE_EXACT_INT32,0,0,"0:cpu0:tiles2;1:cpu1:tiles2;2:cpu2:tiles2;3:cpu3:tiles2;4:cpu4:tiles2;5:cpu5:tiles2;6:cpu6:tiles2;7:cpu7:tiles2","NA",static,0,"NA","NA","/home/bananapi/MAT/kernels riscv rvv 1.0/FINAL/riscv-rvv-ime-gemm-microkernels-updated/HETEROGENEOUS_RVV_IME_OPENMP_GEMM/results/openmp_results_k1-rvv_1024_20260904_130245/raw_logs/GEMM_RVV_FP32_INT8_8x8_Baseline_RVV_IGEMM_INT8_I8I32_8x8_igemm_kernel_8x8_zvl256b_lmulmf2_unroll1_i8i32_run1.log",NA,NA,NA,NA,NA,NA,NA
k1_kernel_tuning,RVV,tile_N,64,2026-09-04T13:21:40,k1-rvv,"GEMM_RVV_FP32_INT8_8x8_Baseline","RVV_IGEMM_INT8_I8I32_8x8","igemm_kernel_8x8_zvl256b_lmulmf2_unroll1_i8i32",8x8,256b,mf2,1,INT8_RVV,0-7,8,8,1024,1024,1024,64,2,OK,0,NONE,0.064766873,GOPS,33.157130,parallel_tiles_including_required_packing,DISABLED,0,0,"0:cpu0:tiles2;1:cpu1:tiles2;2:cpu2:tiles2;3:cpu3:tiles2;4:cpu4:tiles2;5:cpu5:tiles2;6:cpu6:tiles2;7:cpu7:tiles2","NA",static,0,"NA","NA","/home/bananapi/MAT/kernels riscv rvv 1.0/FINAL/riscv-rvv-ime-gemm-microkernels-updated/HETEROGENEOUS_RVV_IME_OPENMP_GEMM/results/openmp_results_k1-rvv_1024_20260904_130245/raw_logs/GEMM_RVV_FP32_INT8_8x8_Baseline_RVV_IGEMM_INT8_I8I32_8x8_igemm_kernel_8x8_zvl256b_lmulmf2_unroll1_i8i32_run2.log",NA,NA,NA,NA,NA,NA,NA
k1_kernel_tuning,RVV,tile_N,64,2026-09-04T13:21:41,k1-rvv,"GEMM_RVV_FP32_INT8_8x8_Baseline","RVV_IGEMM_INT8_I8I32_8x8","igemm_kernel_8x8_zvl256b_lmulmf2_unroll1_i8i32",8x8,256b,mf2,1,INT8_RVV,0-7,8,8,1024,1024,1024,64,3,OK,0,NONE,0.063475873,GOPS,33.831494,parallel_tiles_including_required_packing,DISABLED,0,0,"0:cpu0:tiles2;1:cpu1:tiles2;2:cpu2:tiles2;3:cpu3:tiles2;4:cpu4:tiles2;5:cpu5:tiles2;6:cpu6:tiles2;7:cpu7:tiles2","NA",static,0,"NA","NA","/home/bananapi/MAT/kernels riscv rvv 1.0/FINAL/riscv-rvv-ime-gemm-microkernels-updated/HETEROGENEOUS_RVV_IME_OPENMP_GEMM/results/openmp_results_k1-rvv_1024_20260904_130245/raw_logs/GEMM_RVV_FP32_INT8_8x8_Baseline_RVV_IGEMM_INT8_I8I32_8x8_igemm_kernel_8x8_zvl256b_lmulmf2_unroll1_i8i32_run3.log",NA,NA,NA,NA,NA,NA,NA
k1_kernel_tuning,RVV,tile_N,64,2026-09-04T13:21:41,k1-rvv,"GEMM_RVV_FP32_INT8_8x8_Baseline","RVV_IGEMM_INT8_I8I32_8x8","igemm_kernel_8x8_zvl256b_lmulmf2_unroll1_i8i32",8x8,256b,mf2,1,INT8_RVV,0-7,8,8,1024,1024,1024,64,4,OK,0,NONE,0.064419210,GOPS,33.336076,parallel_tiles_including_required_packing,DISABLED,0,0,"0:cpu0:tiles2;1:cpu1:tiles2;2:cpu2:tiles2;3:cpu3:tiles2;4:cpu4:tiles2;5:cpu5:tiles2;6:cpu6:tiles2;7:cpu7:tiles2","NA",static,0,"NA","NA","/home/bananapi/MAT/kernels riscv rvv 1.0/FINAL/riscv-rvv-ime-gemm-microkernels-updated/HETEROGENEOUS_RVV_IME_OPENMP_GEMM/results/openmp_results_k1-rvv_1024_20260904_130245/raw_logs/GEMM_RVV_FP32_INT8_8x8_Baseline_RVV_IGEMM_INT8_I8I32_8x8_igemm_kernel_8x8_zvl256b_lmulmf2_unroll1_i8i32_run4.log",NA,NA,NA,NA,NA,NA,NA
k1_kernel_tuning,RVV,tile_N,64,2026-09-04T13:21:42,k1-rvv,"GEMM_RVV_FP32_INT8_8x8_Baseline","RVV_IGEMM_INT8_I8I32_8x8","igemm_kernel_8x8_zvl256b_lmulmf2_unroll1_i8i32",8x8,256b,mf2,1,INT8_RVV,0-7,8,8,1024,1024,1024,64,5,OK,0,NONE,0.062518749,GOPS,34.349434,parallel_tiles_including_required_packing,DISABLED,0,0,"0:cpu0:tiles2;1:cpu1:tiles2;2:cpu2:tiles2;3:cpu3:tiles2;4:cpu4:tiles2;5:cpu5:tiles2;6:cpu6:tiles2;7:cpu7:tiles2","NA",static,0,"NA","NA","/home/bananapi/MAT/kernels riscv rvv 1.0/FINAL/riscv-rvv-ime-gemm-microkernels-updated/HETEROGENEOUS_RVV_IME_OPENMP_GEMM/results/openmp_results_k1-rvv_1024_20260904_130245/raw_logs/GEMM_RVV_FP32_INT8_8x8_Baseline_RVV_IGEMM_INT8_I8I32_8x8_igemm_kernel_8x8_zvl256b_lmulmf2_unroll1_i8i32_run5.log",NA,NA,NA,NA,NA,NA,NA
k1_kernel_tuning,RVV,tile_N,64,2026-09-04T13:21:42,k1-rvv,"GEMM_RVV_FP32_INT8_8x8_Baseline","RVV_IGEMM_INT8_I8I32_8x8","igemm_kernel_8x8_zvl256b_lmulmf2_unroll1_i8i32",8x8,256b,mf2,1,INT8_RVV,0-7,8,8,1024,1024,1024,64,6,OK,0,NONE,0.060636584,GOPS,35.415644,parallel_tiles_including_required_packing,DISABLED,0,0,"0:cpu0:tiles2;1:cpu1:tiles2;2:cpu2:tiles2;3:cpu3:tiles2;4:cpu4:tiles2;5:cpu5:tiles2;6:cpu6:tiles2;7:cpu7:tiles2","NA",static,0,"NA","NA","/home/bananapi/MAT/kernels riscv rvv 1.0/FINAL/riscv-rvv-ime-gemm-microkernels-updated/HETEROGENEOUS_RVV_IME_OPENMP_GEMM/results/openmp_results_k1-rvv_1024_20260904_130245/raw_logs/GEMM_RVV_FP32_INT8_8x8_Baseline_RVV_IGEMM_INT8_I8I32_8x8_igemm_kernel_8x8_zvl256b_lmulmf2_unroll1_i8i32_run6.log",NA,NA,NA,NA,NA,NA,NA
k1_kernel_tuning,RVV,tile_N,64,2026-09-04T13:22:20,k1-rvv,"GEMM_RVV_FP32_INT8_8x8_Baseline","RVV_IGEMM_INT8_I8I32_8x8","igemm_kernel_8x8_zvl256b_lmulmf2_unroll2_i8i32",8x8,256b,mf2,2,INT8_RVV,0-7,8,8,1024,1024,1024,64,1,OK,0,NONE,0.068457875,GOPS,31.369417,parallel_tiles_including_required_packing,INDEPENDENT_INT64_REFERENCE_EXACT_INT32,0,0,"0:cpu0:tiles2;1:cpu1:tiles2;2:cpu2:tiles2;3:cpu3:tiles2;4:cpu4:tiles2;5:cpu5:tiles2;6:cpu6:tiles2;7:cpu7:tiles2","NA",static,0,"NA","NA","/home/bananapi/MAT/kernels riscv rvv 1.0/FINAL/riscv-rvv-ime-gemm-microkernels-updated/HETEROGENEOUS_RVV_IME_OPENMP_GEMM/results/openmp_results_k1-rvv_1024_20260904_130245/raw_logs/GEMM_RVV_FP32_INT8_8x8_Baseline_RVV_IGEMM_INT8_I8I32_8x8_igemm_kernel_8x8_zvl256b_lmulmf2_unroll2_i8i32_run1.log",NA,NA,NA,NA,NA,NA,NA
k1_kernel_tuning,RVV,tile_N,64,2026-09-04T13:22:21,k1-rvv,"GEMM_RVV_FP32_INT8_8x8_Baseline","RVV_IGEMM_INT8_I8I32_8x8","igemm_kernel_8x8_zvl256b_lmulmf2_unroll2_i8i32",8x8,256b,mf2,2,INT8_RVV,0-7,8,8,1024,1024,1024,64,2,OK,0,NONE,0.057174541,GOPS,37.560138,parallel_tiles_including_required_packing,DISABLED,0,0,"0:cpu0:tiles2;1:cpu1:tiles2;2:cpu2:tiles2;3:cpu3:tiles2;4:cpu4:tiles2;5:cpu5:tiles2;6:cpu6:tiles2;7:cpu7:tiles2","NA",static,0,"NA","NA","/home/bananapi/MAT/kernels riscv rvv 1.0/FINAL/riscv-rvv-ime-gemm-microkernels-updated/HETEROGENEOUS_RVV_IME_OPENMP_GEMM/results/openmp_results_k1-rvv_1024_20260904_130245/raw_logs/GEMM_RVV_FP32_INT8_8x8_Baseline_RVV_IGEMM_INT8_I8I32_8x8_igemm_kernel_8x8_zvl256b_lmulmf2_unroll2_i8i32_run2.log",NA,NA,NA,NA,NA,NA,NA
k1_kernel_tuning,RVV,tile_N,64,2026-09-04T13:22:21,k1-rvv,"GEMM_RVV_FP32_INT8_8x8_Baseline","RVV_IGEMM_INT8_I8I32_8x8","igemm_kernel_8x8_zvl256b_lmulmf2_unroll2_i8i32",8x8,256b,mf2,2,INT8_RVV,0-7,8,8,1024,1024,1024,64,3,OK,0,NONE,0.057174042,GOPS,37.560466,parallel_tiles_including_required_packing,DISABLED,0,0,"0:cpu0:tiles2;1:cpu1:tiles2;2:cpu2:tiles2;3:cpu3:tiles2;4:cpu4:tiles2;5:cpu5:tiles2;6:cpu6:tiles2;7:cpu7:tiles2","NA",static,0,"NA","NA","/home/bananapi/MAT/kernels riscv rvv 1.0/FINAL/riscv-rvv-ime-gemm-microkernels-updated/HETEROGENEOUS_RVV_IME_OPENMP_GEMM/results/openmp_results_k1-rvv_1024_20260904_130245/raw_logs/GEMM_RVV_FP32_INT8_8x8_Baseline_RVV_IGEMM_INT8_I8I32_8x8_igemm_kernel_8x8_zvl256b_lmulmf2_unroll2_i8i32_run3.log",NA,NA,NA,NA,NA,NA,NA
k1_kernel_tuning,RVV,tile_N,64,2026-09-04T13:22:21,k1-rvv,"GEMM_RVV_FP32_INT8_8x8_Baseline","RVV_IGEMM_INT8_I8I32_8x8","igemm_kernel_8x8_zvl256b_lmulmf2_unroll2_i8i32",8x8,256b,mf2,2,INT8_RVV,0-7,8,8,1024,1024,1024,64,4,OK,0,NONE,0.056194998,GOPS,38.214854,parallel_tiles_including_required_packing,DISABLED,0,0,"0:cpu0:tiles2;1:cpu1:tiles2;2:cpu2:tiles2;3:cpu3:tiles2;4:cpu4:tiles2;5:cpu5:tiles2;6:cpu6:tiles2;7:cpu7:tiles2","NA",static,0,"NA","NA","/home/bananapi/MAT/kernels riscv rvv 1.0/FINAL/riscv-rvv-ime-gemm-microkernels-updated/HETEROGENEOUS_RVV_IME_OPENMP_GEMM/results/openmp_results_k1-rvv_1024_20260904_130245/raw_logs/GEMM_RVV_FP32_INT8_8x8_Baseline_RVV_IGEMM_INT8_I8I32_8x8_igemm_kernel_8x8_zvl256b_lmulmf2_unroll2_i8i32_run4.log",NA,NA,NA,NA,NA,NA,NA
k1_kernel_tuning,RVV,tile_N,64,2026-09-04T13:22:22,k1-rvv,"GEMM_RVV_FP32_INT8_8x8_Baseline","RVV_IGEMM_INT8_I8I32_8x8","igemm_kernel_8x8_zvl256b_lmulmf2_unroll2_i8i32",8x8,256b,mf2,2,INT8_RVV,0-7,8,8,1024,1024,1024,64,5,OK,0,NONE,0.056870874,GOPS,37.760694,parallel_tiles_including_required_packing,DISABLED,0,0,"0:cpu0:tiles2;1:cpu1:tiles2;2:cpu2:tiles2;3:cpu3:tiles2;4:cpu4:tiles2;5:cpu5:tiles2;6:cpu6:tiles2;7:cpu7:tiles2","NA",static,0,"NA","NA","/home/bananapi/MAT/kernels riscv rvv 1.0/FINAL/riscv-rvv-ime-gemm-microkernels-updated/HETEROGENEOUS_RVV_IME_OPENMP_GEMM/results/openmp_results_k1-rvv_1024_20260904_130245/raw_logs/GEMM_RVV_FP32_INT8_8x8_Baseline_RVV_IGEMM_INT8_I8I32_8x8_igemm_kernel_8x8_zvl256b_lmulmf2_unroll2_i8i32_run5.log",NA,NA,NA,NA,NA,NA,NA
k1_kernel_tuning,RVV,tile_N,64,2026-09-04T13:22:22,k1-rvv,"GEMM_RVV_FP32_INT8_8x8_Baseline","RVV_IGEMM_INT8_I8I32_8x8","igemm_kernel_8x8_zvl256b_lmulmf2_unroll2_i8i32",8x8,256b,mf2,2,INT8_RVV,0-7,8,8,1024,1024,1024,64,6,OK,0,NONE,0.057019290,GOPS,37.662406,parallel_tiles_including_required_packing,DISABLED,0,0,"0:cpu0:tiles2;1:cpu1:tiles2;2:cpu2:tiles2;3:cpu3:tiles2;4:cpu4:tiles2;5:cpu5:tiles2;6:cpu6:tiles2;7:cpu7:tiles2","NA",static,0,"NA","NA","/home/bananapi/MAT/kernels riscv rvv 1.0/FINAL/riscv-rvv-ime-gemm-microkernels-updated/HETEROGENEOUS_RVV_IME_OPENMP_GEMM/results/openmp_results_k1-rvv_1024_20260904_130245/raw_logs/GEMM_RVV_FP32_INT8_8x8_Baseline_RVV_IGEMM_INT8_I8I32_8x8_igemm_kernel_8x8_zvl256b_lmulmf2_unroll2_i8i32_run6.log",NA,NA,NA,NA,NA,NA,NA
k1_kernel_tuning,RVV,tile_N,64,2026-09-04T13:23:01,k1-rvv,"GEMM_RVV_FP32_INT8_8x8_Baseline","RVV_IGEMM_INT8_I8I32_8x8","igemm_kernel_8x8_zvl256b_lmulmf2_unroll4_i8i32",8x8,256b,mf2,4,INT8_RVV,0-7,8,8,1024,1024,1024,64,1,OK,0,NONE,0.069507498,GOPS,30.895712,parallel_tiles_including_required_packing,INDEPENDENT_INT64_REFERENCE_EXACT_INT32,0,0,"0:cpu0:tiles2;1:cpu1:tiles2;2:cpu2:tiles2;3:cpu3:tiles2;4:cpu4:tiles2;5:cpu5:tiles2;6:cpu6:tiles2;7:cpu7:tiles2","NA",static,0,"NA","NA","/home/bananapi/MAT/kernels riscv rvv 1.0/FINAL/riscv-rvv-ime-gemm-microkernels-updated/HETEROGENEOUS_RVV_IME_OPENMP_GEMM/results/openmp_results_k1-rvv_1024_20260904_130245/raw_logs/GEMM_RVV_FP32_INT8_8x8_Baseline_RVV_IGEMM_INT8_I8I32_8x8_igemm_kernel_8x8_zvl256b_lmulmf2_unroll4_i8i32_run1.log",NA,NA,NA,NA,NA,NA,NA
k1_kernel_tuning,RVV,tile_N,64,2026-09-04T13:23:01,k1-rvv,"GEMM_RVV_FP32_INT8_8x8_Baseline","RVV_IGEMM_INT8_I8I32_8x8","igemm_kernel_8x8_zvl256b_lmulmf2_unroll4_i8i32",8x8,256b,mf2,4,INT8_RVV,0-7,8,8,1024,1024,1024,64,2,OK,0,NONE,0.066055499,GOPS,32.510293,parallel_tiles_including_required_packing,DISABLED,0,0,"0:cpu0:tiles2;1:cpu1:tiles2;2:cpu2:tiles2;3:cpu3:tiles2;4:cpu4:tiles2;5:cpu5:tiles2;6:cpu6:tiles2;7:cpu7:tiles2","NA",static,0,"NA","NA","/home/bananapi/MAT/kernels riscv rvv 1.0/FINAL/riscv-rvv-ime-gemm-microkernels-updated/HETEROGENEOUS_RVV_IME_OPENMP_GEMM/results/openmp_results_k1-rvv_1024_20260904_130245/raw_logs/GEMM_RVV_FP32_INT8_8x8_Baseline_RVV_IGEMM_INT8_I8I32_8x8_igemm_kernel_8x8_zvl256b_lmulmf2_unroll4_i8i32_run2.log",NA,NA,NA,NA,NA,NA,NA
k1_kernel_tuning,RVV,tile_N,64,2026-09-04T13:23:02,k1-rvv,"GEMM_RVV_FP32_INT8_8x8_Baseline","RVV_IGEMM_INT8_I8I32_8x8","igemm_kernel_8x8_zvl256b_lmulmf2_unroll4_i8i32",8x8,256b,mf2,4,INT8_RVV,0-7,8,8,1024,1024,1024,64,3,OK,0,NONE,0.055218875,GOPS,38.890391,parallel_tiles_including_required_packing,DISABLED,0,0,"0:cpu0:tiles2;1:cpu1:tiles2;2:cpu2:tiles2;3:cpu3:tiles2;4:cpu4:tiles2;5:cpu5:tiles2;6:cpu6:tiles2;7:cpu7:tiles2","NA",static,0,"NA","NA","/home/bananapi/MAT/kernels riscv rvv 1.0/FINAL/riscv-rvv-ime-gemm-microkernels-updated/HETEROGENEOUS_RVV_IME_OPENMP_GEMM/results/openmp_results_k1-rvv_1024_20260904_130245/raw_logs/GEMM_RVV_FP32_INT8_8x8_Baseline_RVV_IGEMM_INT8_I8I32_8x8_igemm_kernel_8x8_zvl256b_lmulmf2_unroll4_i8i32_run3.log",NA,NA,NA,NA,NA,NA,NA
k1_kernel_tuning,RVV,tile_N,64,2026-09-04T13:23:02,k1-rvv,"GEMM_RVV_FP32_INT8_8x8_Baseline","RVV_IGEMM_INT8_I8I32_8x8","igemm_kernel_8x8_zvl256b_lmulmf2_unroll4_i8i32",8x8,256b,mf2,4,INT8_RVV,0-7,8,8,1024,1024,1024,64,4,OK,0,NONE,0.056050003,GOPS,38.313712,parallel_tiles_including_required_packing,DISABLED,0,0,"0:cpu0:tiles2;1:cpu1:tiles2;2:cpu2:tiles2;3:cpu3:tiles2;4:cpu4:tiles2;5:cpu5:tiles2;6:cpu6:tiles2;7:cpu7:tiles2","NA",static,0,"NA","NA","/home/bananapi/MAT/kernels riscv rvv 1.0/FINAL/riscv-rvv-ime-gemm-microkernels-updated/HETEROGENEOUS_RVV_IME_OPENMP_GEMM/results/openmp_results_k1-rvv_1024_20260904_130245/raw_logs/GEMM_RVV_FP32_INT8_8x8_Baseline_RVV_IGEMM_INT8_I8I32_8x8_igemm_kernel_8x8_zvl256b_lmulmf2_unroll4_i8i32_run4.log",NA,NA,NA,NA,NA,NA,NA
k1_kernel_tuning,RVV,tile_N,64,2026-09-04T13:23:03,k1-rvv,"GEMM_RVV_FP32_INT8_8x8_Baseline","RVV_IGEMM_INT8_I8I32_8x8","igemm_kernel_8x8_zvl256b_lmulmf2_unroll4_i8i32",8x8,256b,mf2,4,INT8_RVV,0-7,8,8,1024,1024,1024,64,5,OK,0,NONE,0.067844208,GOPS,31.653161,parallel_tiles_including_required_packing,DISABLED,0,0,"0:cpu0:tiles2;1:cpu1:tiles2;2:cpu2:tiles2;3:cpu3:tiles2;4:cpu4:tiles2;5:cpu5:tiles2;6:cpu6:tiles2;7:cpu7:tiles2","NA",static,0,"NA","NA","/home/bananapi/MAT/kernels riscv rvv 1.0/FINAL/riscv-rvv-ime-gemm-microkernels-updated/HETEROGENEOUS_RVV_IME_OPENMP_GEMM/results/openmp_results_k1-rvv_1024_20260904_130245/raw_logs/GEMM_RVV_FP32_INT8_8x8_Baseline_RVV_IGEMM_INT8_I8I32_8x8_igemm_kernel_8x8_zvl256b_lmulmf2_unroll4_i8i32_run5.log",NA,NA,NA,NA,NA,NA,NA
k1_kernel_tuning,RVV,tile_N,64,2026-09-04T13:23:03,k1-rvv,"GEMM_RVV_FP32_INT8_8x8_Baseline","RVV_IGEMM_INT8_I8I32_8x8","igemm_kernel_8x8_zvl256b_lmulmf2_unroll4_i8i32",8x8,256b,mf2,4,INT8_RVV,0-7,8,8,1024,1024,1024,64,6,OK,0,NONE,0.068778373,GOPS,31.223240,parallel_tiles_including_required_packing,DISABLED,0,0,"0:cpu0:tiles2;1:cpu1:tiles2;2:cpu2:tiles2;3:cpu3:tiles2;4:cpu4:tiles2;5:cpu5:tiles2;6:cpu6:tiles2;7:cpu7:tiles2","NA",static,0,"NA","NA","/home/bananapi/MAT/kernels riscv rvv 1.0/FINAL/riscv-rvv-ime-gemm-microkernels-updated/HETEROGENEOUS_RVV_IME_OPENMP_GEMM/results/openmp_results_k1-rvv_1024_20260904_130245/raw_logs/GEMM_RVV_FP32_INT8_8x8_Baseline_RVV_IGEMM_INT8_I8I32_8x8_igemm_kernel_8x8_zvl256b_lmulmf2_unroll4_i8i32_run6.log",NA,NA,NA,NA,NA,NA,NA
k1_kernel_tuning,RVV,tile_N,64,2026-09-04T13:23:44,k1-rvv,"GEMM_RVV_FP32_INT8_8x8_Baseline","RVV_IGEMM_INT8_I8I32_8x8","igemm_kernel_8x8_zvl256b_lmulmf2_unroll8_i8i32",8x8,256b,mf2,8,INT8_RVV,0-7,8,8,1024,1024,1024,64,1,OK,0,NONE,0.056943666,GOPS,37.712423,parallel_tiles_including_required_packing,INDEPENDENT_INT64_REFERENCE_EXACT_INT32,0,0,"0:cpu0:tiles2;1:cpu1:tiles2;2:cpu2:tiles2;3:cpu3:tiles2;4:cpu4:tiles2;5:cpu5:tiles2;6:cpu6:tiles2;7:cpu7:tiles2","NA",static,0,"NA","NA","/home/bananapi/MAT/kernels riscv rvv 1.0/FINAL/riscv-rvv-ime-gemm-microkernels-updated/HETEROGENEOUS_RVV_IME_OPENMP_GEMM/results/openmp_results_k1-rvv_1024_20260904_130245/raw_logs/GEMM_RVV_FP32_INT8_8x8_Baseline_RVV_IGEMM_INT8_I8I32_8x8_igemm_kernel_8x8_zvl256b_lmulmf2_unroll8_i8i32_run1.log",NA,NA,NA,NA,NA,NA,NA
k1_kernel_tuning,RVV,tile_N,64,2026-09-04T13:23:44,k1-rvv,"GEMM_RVV_FP32_INT8_8x8_Baseline","RVV_IGEMM_INT8_I8I32_8x8","igemm_kernel_8x8_zvl256b_lmulmf2_unroll8_i8i32",8x8,256b,mf2,8,INT8_RVV,0-7,8,8,1024,1024,1024,64,2,OK,0,NONE,0.055190623,GOPS,38.910299,parallel_tiles_including_required_packing,DISABLED,0,0,"0:cpu0:tiles2;1:cpu1:tiles2;2:cpu2:tiles2;3:cpu3:tiles2;4:cpu4:tiles2;5:cpu5:tiles2;6:cpu6:tiles2;7:cpu7:tiles2","NA",static,0,"NA","NA","/home/bananapi/MAT/kernels riscv rvv 1.0/FINAL/riscv-rvv-ime-gemm-microkernels-updated/HETEROGENEOUS_RVV_IME_OPENMP_GEMM/results/openmp_results_k1-rvv_1024_20260904_130245/raw_logs/GEMM_RVV_FP32_INT8_8x8_Baseline_RVV_IGEMM_INT8_I8I32_8x8_igemm_kernel_8x8_zvl256b_lmulmf2_unroll8_i8i32_run2.log",NA,NA,NA,NA,NA,NA,NA
k1_kernel_tuning,RVV,tile_N,64,2026-09-04T13:23:44,k1-rvv,"GEMM_RVV_FP32_INT8_8x8_Baseline","RVV_IGEMM_INT8_I8I32_8x8","igemm_kernel_8x8_zvl256b_lmulmf2_unroll8_i8i32",8x8,256b,mf2,8,INT8_RVV,0-7,8,8,1024,1024,1024,64,3,OK,0,NONE,0.057006251,GOPS,37.671020,parallel_tiles_including_required_packing,DISABLED,0,0,"0:cpu0:tiles2;1:cpu1:tiles2;2:cpu2:tiles2;3:cpu3:tiles2;4:cpu4:tiles2;5:cpu5:tiles2;6:cpu6:tiles2;7:cpu7:tiles2","NA",static,0,"NA","NA","/home/bananapi/MAT/kernels riscv rvv 1.0/FINAL/riscv-rvv-ime-gemm-microkernels-updated/HETEROGENEOUS_RVV_IME_OPENMP_GEMM/results/openmp_results_k1-rvv_1024_20260904_130245/raw_logs/GEMM_RVV_FP32_INT8_8x8_Baseline_RVV_IGEMM_INT8_I8I32_8x8_igemm_kernel_8x8_zvl256b_lmulmf2_unroll8_i8i32_run3.log",NA,NA,NA,NA,NA,NA,NA
k1_kernel_tuning,RVV,tile_N,64,2026-09-04T13:23:45,k1-rvv,"GEMM_RVV_FP32_INT8_8x8_Baseline","RVV_IGEMM_INT8_I8I32_8x8","igemm_kernel_8x8_zvl256b_lmulmf2_unroll8_i8i32",8x8,256b,mf2,8,INT8_RVV,0-7,8,8,1024,1024,1024,64,4,OK,0,NONE,0.053962626,GOPS,39.795759,parallel_tiles_including_required_packing,DISABLED,0,0,"0:cpu0:tiles2;1:cpu1:tiles2;2:cpu2:tiles2;3:cpu3:tiles2;4:cpu4:tiles2;5:cpu5:tiles2;6:cpu6:tiles2;7:cpu7:tiles2","NA",static,0,"NA","NA","/home/bananapi/MAT/kernels riscv rvv 1.0/FINAL/riscv-rvv-ime-gemm-microkernels-updated/HETEROGENEOUS_RVV_IME_OPENMP_GEMM/results/openmp_results_k1-rvv_1024_20260904_130245/raw_logs/GEMM_RVV_FP32_INT8_8x8_Baseline_RVV_IGEMM_INT8_I8I32_8x8_igemm_kernel_8x8_zvl256b_lmulmf2_unroll8_i8i32_run4.log",NA,NA,NA,NA,NA,NA,NA
k1_kernel_tuning,RVV,tile_N,64,2026-09-04T13:23:45,k1-rvv,"GEMM_RVV_FP32_INT8_8x8_Baseline","RVV_IGEMM_INT8_I8I32_8x8","igemm_kernel_8x8_zvl256b_lmulmf2_unroll8_i8i32",8x8,256b,mf2,8,INT8_RVV,0-7,8,8,1024,1024,1024,64,5,OK,0,NONE,0.055371750,GOPS,38.783019,parallel_tiles_including_required_packing,DISABLED,0,0,"0:cpu0:tiles2;1:cpu1:tiles2;2:cpu2:tiles2;3:cpu3:tiles2;4:cpu4:tiles2;5:cpu5:tiles2;6:cpu6:tiles2;7:cpu7:tiles2","NA",static,0,"NA","NA","/home/bananapi/MAT/kernels riscv rvv 1.0/FINAL/riscv-rvv-ime-gemm-microkernels-updated/HETEROGENEOUS_RVV_IME_OPENMP_GEMM/results/openmp_results_k1-rvv_1024_20260904_130245/raw_logs/GEMM_RVV_FP32_INT8_8x8_Baseline_RVV_IGEMM_INT8_I8I32_8x8_igemm_kernel_8x8_zvl256b_lmulmf2_unroll8_i8i32_run5.log",NA,NA,NA,NA,NA,NA,NA
k1_kernel_tuning,RVV,tile_N,64,2026-09-04T13:23:46,k1-rvv,"GEMM_RVV_FP32_INT8_8x8_Baseline","RVV_IGEMM_INT8_I8I32_8x8","igemm_kernel_8x8_zvl256b_lmulmf2_unroll8_i8i32",8x8,256b,mf2,8,INT8_RVV,0-7,8,8,1024,1024,1024,64,6,OK,0,NONE,0.057060625,GOPS,37.635123,parallel_tiles_including_required_packing,DISABLED,0,0,"0:cpu0:tiles2;1:cpu1:tiles2;2:cpu2:tiles2;3:cpu3:tiles2;4:cpu4:tiles2;5:cpu5:tiles2;6:cpu6:tiles2;7:cpu7:tiles2","NA",static,0,"NA","NA","/home/bananapi/MAT/kernels riscv rvv 1.0/FINAL/riscv-rvv-ime-gemm-microkernels-updated/HETEROGENEOUS_RVV_IME_OPENMP_GEMM/results/openmp_results_k1-rvv_1024_20260904_130245/raw_logs/GEMM_RVV_FP32_INT8_8x8_Baseline_RVV_IGEMM_INT8_I8I32_8x8_igemm_kernel_8x8_zvl256b_lmulmf2_unroll8_i8i32_run6.log",NA,NA,NA,NA,NA,NA,NA
k1_kernel_tuning,RVV,tile_N,64,2026-09-04T13:24:24,k1-rvv,"GEMM_RVV_FP32_INT8_8x8_Baseline","RVV_IGEMM_INT8_I8I32_8x8","igemm_kernel_8x8_zvl256b_lmulmf4_unroll1_i8i32",8x8,256b,mf4,1,INT8_RVV,0-7,8,8,1024,1024,1024,64,1,OK,0,NONE,0.053159665,GOPS,40.396862,parallel_tiles_including_required_packing,INDEPENDENT_INT64_REFERENCE_EXACT_INT32,0,0,"0:cpu0:tiles2;1:cpu1:tiles2;2:cpu2:tiles2;3:cpu3:tiles2;4:cpu4:tiles2;5:cpu5:tiles2;6:cpu6:tiles2;7:cpu7:tiles2","NA",static,0,"NA","NA","/home/bananapi/MAT/kernels riscv rvv 1.0/FINAL/riscv-rvv-ime-gemm-microkernels-updated/HETEROGENEOUS_RVV_IME_OPENMP_GEMM/results/openmp_results_k1-rvv_1024_20260904_130245/raw_logs/GEMM_RVV_FP32_INT8_8x8_Baseline_RVV_IGEMM_INT8_I8I32_8x8_igemm_kernel_8x8_zvl256b_lmulmf4_unroll1_i8i32_run1.log",NA,NA,NA,NA,NA,NA,NA
k1_kernel_tuning,RVV,tile_N,64,2026-09-04T13:24:24,k1-rvv,"GEMM_RVV_FP32_INT8_8x8_Baseline","RVV_IGEMM_INT8_I8I32_8x8","igemm_kernel_8x8_zvl256b_lmulmf4_unroll1_i8i32",8x8,256b,mf4,1,INT8_RVV,0-7,8,8,1024,1024,1024,64,2,OK,0,NONE,0.052633125,GOPS,40.800991,parallel_tiles_including_required_packing,DISABLED,0,0,"0:cpu0:tiles2;1:cpu1:tiles2;2:cpu2:tiles2;3:cpu3:tiles2;4:cpu4:tiles2;5:cpu5:tiles2;6:cpu6:tiles2;7:cpu7:tiles2","NA",static,0,"NA","NA","/home/bananapi/MAT/kernels riscv rvv 1.0/FINAL/riscv-rvv-ime-gemm-microkernels-updated/HETEROGENEOUS_RVV_IME_OPENMP_GEMM/results/openmp_results_k1-rvv_1024_20260904_130245/raw_logs/GEMM_RVV_FP32_INT8_8x8_Baseline_RVV_IGEMM_INT8_I8I32_8x8_igemm_kernel_8x8_zvl256b_lmulmf4_unroll1_i8i32_run2.log",NA,NA,NA,NA,NA,NA,NA
k1_kernel_tuning,RVV,tile_N,64,2026-09-04T13:24:24,k1-rvv,"GEMM_RVV_FP32_INT8_8x8_Baseline","RVV_IGEMM_INT8_I8I32_8x8","igemm_kernel_8x8_zvl256b_lmulmf4_unroll1_i8i32",8x8,256b,mf4,1,INT8_RVV,0-7,8,8,1024,1024,1024,64,3,OK,0,NONE,0.051493082,GOPS,41.704314,parallel_tiles_including_required_packing,DISABLED,0,0,"0:cpu0:tiles2;1:cpu1:tiles2;2:cpu2:tiles2;3:cpu3:tiles2;4:cpu4:tiles2;5:cpu5:tiles2;6:cpu6:tiles2;7:cpu7:tiles2","NA",static,0,"NA","NA","/home/bananapi/MAT/kernels riscv rvv 1.0/FINAL/riscv-rvv-ime-gemm-microkernels-updated/HETEROGENEOUS_RVV_IME_OPENMP_GEMM/results/openmp_results_k1-rvv_1024_20260904_130245/raw_logs/GEMM_RVV_FP32_INT8_8x8_Baseline_RVV_IGEMM_INT8_I8I32_8x8_igemm_kernel_8x8_zvl256b_lmulmf4_unroll1_i8i32_run3.log",NA,NA,NA,NA,NA,NA,NA
k1_kernel_tuning,RVV,tile_N,64,2026-09-04T13:24:25,k1-rvv,"GEMM_RVV_FP32_INT8_8x8_Baseline","RVV_IGEMM_INT8_I8I32_8x8","igemm_kernel_8x8_zvl256b_lmulmf4_unroll1_i8i32",8x8,256b,mf4,1,INT8_RVV,0-7,8,8,1024,1024,1024,64,4,OK,0,NONE,0.051213168,GOPS,41.932256,parallel_tiles_including_required_packing,DISABLED,0,0,"0:cpu0:tiles2;1:cpu1:tiles2;2:cpu2:tiles2;3:cpu3:tiles2;4:cpu4:tiles2;5:cpu5:tiles2;6:cpu6:tiles2;7:cpu7:tiles2","NA",static,0,"NA","NA","/home/bananapi/MAT/kernels riscv rvv 1.0/FINAL/riscv-rvv-ime-gemm-microkernels-updated/HETEROGENEOUS_RVV_IME_OPENMP_GEMM/results/openmp_results_k1-rvv_1024_20260904_130245/raw_logs/GEMM_RVV_FP32_INT8_8x8_Baseline_RVV_IGEMM_INT8_I8I32_8x8_igemm_kernel_8x8_zvl256b_lmulmf4_unroll1_i8i32_run4.log",NA,NA,NA,NA,NA,NA,NA
k1_kernel_tuning,RVV,tile_N,64,2026-09-04T13:24:25,k1-rvv,"GEMM_RVV_FP32_INT8_8x8_Baseline","RVV_IGEMM_INT8_I8I32_8x8","igemm_kernel_8x8_zvl256b_lmulmf4_unroll1_i8i32",8x8,256b,mf4,1,INT8_RVV,0-7,8,8,1024,1024,1024,64,5,OK,0,NONE,0.052811250,GOPS,40.663375,parallel_tiles_including_required_packing,DISABLED,0,0,"0:cpu0:tiles2;1:cpu1:tiles2;2:cpu2:tiles2;3:cpu3:tiles2;4:cpu4:tiles2;5:cpu5:tiles2;6:cpu6:tiles2;7:cpu7:tiles2","NA",static,0,"NA","NA","/home/bananapi/MAT/kernels riscv rvv 1.0/FINAL/riscv-rvv-ime-gemm-microkernels-updated/HETEROGENEOUS_RVV_IME_OPENMP_GEMM/results/openmp_results_k1-rvv_1024_20260904_130245/raw_logs/GEMM_RVV_FP32_INT8_8x8_Baseline_RVV_IGEMM_INT8_I8I32_8x8_igemm_kernel_8x8_zvl256b_lmulmf4_unroll1_i8i32_run5.log",NA,NA,NA,NA,NA,NA,NA
k1_kernel_tuning,RVV,tile_N,64,2026-09-04T13:24:26,k1-rvv,"GEMM_RVV_FP32_INT8_8x8_Baseline","RVV_IGEMM_INT8_I8I32_8x8","igemm_kernel_8x8_zvl256b_lmulmf4_unroll1_i8i32",8x8,256b,mf4,1,INT8_RVV,0-7,8,8,1024,1024,1024,64,6,OK,0,NONE,0.052267794,GOPS,41.086174,parallel_tiles_including_required_packing,DISABLED,0,0,"0:cpu0:tiles2;1:cpu1:tiles2;2:cpu2:tiles2;3:cpu3:tiles2;4:cpu4:tiles2;5:cpu5:tiles2;6:cpu6:tiles2;7:cpu7:tiles2","NA",static,0,"NA","NA","/home/bananapi/MAT/kernels riscv rvv 1.0/FINAL/riscv-rvv-ime-gemm-microkernels-updated/HETEROGENEOUS_RVV_IME_OPENMP_GEMM/results/openmp_results_k1-rvv_1024_20260904_130245/raw_logs/GEMM_RVV_FP32_INT8_8x8_Baseline_RVV_IGEMM_INT8_I8I32_8x8_igemm_kernel_8x8_zvl256b_lmulmf4_unroll1_i8i32_run6.log",NA,NA,NA,NA,NA,NA,NA
k1_kernel_tuning,RVV,tile_N,64,2026-09-04T13:25:04,k1-rvv,"GEMM_RVV_FP32_INT8_8x8_Baseline","RVV_IGEMM_INT8_I8I32_8x8","igemm_kernel_8x8_zvl256b_lmulmf4_unroll2_i8i32",8x8,256b,mf4,2,INT8_RVV,0-7,8,8,1024,1024,1024,64,1,OK,0,NONE,0.049566627,GOPS,43.325193,parallel_tiles_including_required_packing,INDEPENDENT_INT64_REFERENCE_EXACT_INT32,0,0,"0:cpu0:tiles2;1:cpu1:tiles2;2:cpu2:tiles2;3:cpu3:tiles2;4:cpu4:tiles2;5:cpu5:tiles2;6:cpu6:tiles2;7:cpu7:tiles2","NA",static,0,"NA","NA","/home/bananapi/MAT/kernels riscv rvv 1.0/FINAL/riscv-rvv-ime-gemm-microkernels-updated/HETEROGENEOUS_RVV_IME_OPENMP_GEMM/results/openmp_results_k1-rvv_1024_20260904_130245/raw_logs/GEMM_RVV_FP32_INT8_8x8_Baseline_RVV_IGEMM_INT8_I8I32_8x8_igemm_kernel_8x8_zvl256b_lmulmf4_unroll2_i8i32_run1.log",NA,NA,NA,NA,NA,NA,NA
k1_kernel_tuning,RVV,tile_N,64,2026-09-04T13:25:04,k1-rvv,"GEMM_RVV_FP32_INT8_8x8_Baseline","RVV_IGEMM_INT8_I8I32_8x8","igemm_kernel_8x8_zvl256b_lmulmf4_unroll2_i8i32",8x8,256b,mf4,2,INT8_RVV,0-7,8,8,1024,1024,1024,64,2,OK,0,NONE,0.051928665,GOPS,41.354493,parallel_tiles_including_required_packing,DISABLED,0,0,"0:cpu0:tiles2;1:cpu1:tiles2;2:cpu2:tiles2;3:cpu3:tiles2;4:cpu4:tiles2;5:cpu5:tiles2;6:cpu6:tiles2;7:cpu7:tiles2","NA",static,0,"NA","NA","/home/bananapi/MAT/kernels riscv rvv 1.0/FINAL/riscv-rvv-ime-gemm-microkernels-updated/HETEROGENEOUS_RVV_IME_OPENMP_GEMM/results/openmp_results_k1-rvv_1024_20260904_130245/raw_logs/GEMM_RVV_FP32_INT8_8x8_Baseline_RVV_IGEMM_INT8_I8I32_8x8_igemm_kernel_8x8_zvl256b_lmulmf4_unroll2_i8i32_run2.log",NA,NA,NA,NA,NA,NA,NA
k1_kernel_tuning,RVV,tile_N,64,2026-09-04T13:25:05,k1-rvv,"GEMM_RVV_FP32_INT8_8x8_Baseline","RVV_IGEMM_INT8_I8I32_8x8","igemm_kernel_8x8_zvl256b_lmulmf4_unroll2_i8i32",8x8,256b,mf4,2,INT8_RVV,0-7,8,8,1024,1024,1024,64,3,OK,0,NONE,0.069633249,GOPS,30.839917,parallel_tiles_including_required_packing,DISABLED,0,0,"0:cpu0:tiles2;1:cpu1:tiles2;2:cpu2:tiles2;3:cpu3:tiles2;4:cpu4:tiles2;5:cpu5:tiles2;6:cpu6:tiles2;7:cpu7:tiles2","NA",static,0,"NA","NA","/home/bananapi/MAT/kernels riscv rvv 1.0/FINAL/riscv-rvv-ime-gemm-microkernels-updated/HETEROGENEOUS_RVV_IME_OPENMP_GEMM/results/openmp_results_k1-rvv_1024_20260904_130245/raw_logs/GEMM_RVV_FP32_INT8_8x8_Baseline_RVV_IGEMM_INT8_I8I32_8x8_igemm_kernel_8x8_zvl256b_lmulmf4_unroll2_i8i32_run3.log",NA,NA,NA,NA,NA,NA,NA
k1_kernel_tuning,RVV,tile_N,64,2026-09-04T13:25:05,k1-rvv,"GEMM_RVV_FP32_INT8_8x8_Baseline","RVV_IGEMM_INT8_I8I32_8x8","igemm_kernel_8x8_zvl256b_lmulmf4_unroll2_i8i32",8x8,256b,mf4,2,INT8_RVV,0-7,8,8,1024,1024,1024,64,4,OK,0,NONE,0.050461456,GOPS,42.556910,parallel_tiles_including_required_packing,DISABLED,0,0,"0:cpu0:tiles2;1:cpu1:tiles2;2:cpu2:tiles2;3:cpu3:tiles2;4:cpu4:tiles2;5:cpu5:tiles2;6:cpu6:tiles2;7:cpu7:tiles2","NA",static,0,"NA","NA","/home/bananapi/MAT/kernels riscv rvv 1.0/FINAL/riscv-rvv-ime-gemm-microkernels-updated/HETEROGENEOUS_RVV_IME_OPENMP_GEMM/results/openmp_results_k1-rvv_1024_20260904_130245/raw_logs/GEMM_RVV_FP32_INT8_8x8_Baseline_RVV_IGEMM_INT8_I8I32_8x8_igemm_kernel_8x8_zvl256b_lmulmf4_unroll2_i8i32_run4.log",NA,NA,NA,NA,NA,NA,NA
k1_kernel_tuning,RVV,tile_N,64,2026-09-04T13:25:06,k1-rvv,"GEMM_RVV_FP32_INT8_8x8_Baseline","RVV_IGEMM_INT8_I8I32_8x8","igemm_kernel_8x8_zvl256b_lmulmf4_unroll2_i8i32",8x8,256b,mf4,2,INT8_RVV,0-7,8,8,1024,1024,1024,64,5,OK,0,NONE,0.049593415,GOPS,43.301790,parallel_tiles_including_required_packing,DISABLED,0,0,"0:cpu0:tiles2;1:cpu1:tiles2;2:cpu2:tiles2;3:cpu3:tiles2;4:cpu4:tiles2;5:cpu5:tiles2;6:cpu6:tiles2;7:cpu7:tiles2","NA",static,0,"NA","NA","/home/bananapi/MAT/kernels riscv rvv 1.0/FINAL/riscv-rvv-ime-gemm-microkernels-updated/HETEROGENEOUS_RVV_IME_OPENMP_GEMM/results/openmp_results_k1-rvv_1024_20260904_130245/raw_logs/GEMM_RVV_FP32_INT8_8x8_Baseline_RVV_IGEMM_INT8_I8I32_8x8_igemm_kernel_8x8_zvl256b_lmulmf4_unroll2_i8i32_run5.log",NA,NA,NA,NA,NA,NA,NA
k1_kernel_tuning,RVV,tile_N,64,2026-09-04T13:25:06,k1-rvv,"GEMM_RVV_FP32_INT8_8x8_Baseline","RVV_IGEMM_INT8_I8I32_8x8","igemm_kernel_8x8_zvl256b_lmulmf4_unroll2_i8i32",8x8,256b,mf4,2,INT8_RVV,0-7,8,8,1024,1024,1024,64,6,OK,0,NONE,0.047951166,GOPS,44.784806,parallel_tiles_including_required_packing,DISABLED,0,0,"0:cpu0:tiles2;1:cpu1:tiles2;2:cpu2:tiles2;3:cpu3:tiles2;4:cpu4:tiles2;5:cpu5:tiles2;6:cpu6:tiles2;7:cpu7:tiles2","NA",static,0,"NA","NA","/home/bananapi/MAT/kernels riscv rvv 1.0/FINAL/riscv-rvv-ime-gemm-microkernels-updated/HETEROGENEOUS_RVV_IME_OPENMP_GEMM/results/openmp_results_k1-rvv_1024_20260904_130245/raw_logs/GEMM_RVV_FP32_INT8_8x8_Baseline_RVV_IGEMM_INT8_I8I32_8x8_igemm_kernel_8x8_zvl256b_lmulmf4_unroll2_i8i32_run6.log",NA,NA,NA,NA,NA,NA,NA
k1_kernel_tuning,RVV,tile_N,64,2026-09-04T13:25:37,k1-rvv,"GEMM_RVV_FP32_INT8_8x8_Baseline","RVV_IGEMM_INT8_I8I32_8x8","igemm_kernel_8x8_zvl256b_lmulmf4_unroll4_i8i32",8x8,256b,mf4,4,INT8_RVV,0-7,8,8,1024,1024,1024,64,1,OK,0,NONE,0.050141335,GOPS,42.828610,parallel_tiles_including_required_packing,INDEPENDENT_INT64_REFERENCE_EXACT_INT32,0,0,"0:cpu0:tiles2;1:cpu1:tiles2;2:cpu2:tiles2;3:cpu3:tiles2;4:cpu4:tiles2;5:cpu5:tiles2;6:cpu6:tiles2;7:cpu7:tiles2","NA",static,0,"NA","NA","/home/bananapi/MAT/kernels riscv rvv 1.0/FINAL/riscv-rvv-ime-gemm-microkernels-updated/HETEROGENEOUS_RVV_IME_OPENMP_GEMM/results/openmp_results_k1-rvv_1024_20260904_130245/raw_logs/GEMM_RVV_FP32_INT8_8x8_Baseline_RVV_IGEMM_INT8_I8I32_8x8_igemm_kernel_8x8_zvl256b_lmulmf4_unroll4_i8i32_run1.log",NA,NA,NA,NA,NA,NA,NA
k1_kernel_tuning,RVV,tile_N,64,2026-09-04T13:25:38,k1-rvv,"GEMM_RVV_FP32_INT8_8x8_Baseline","RVV_IGEMM_INT8_I8I32_8x8","igemm_kernel_8x8_zvl256b_lmulmf4_unroll4_i8i32",8x8,256b,mf4,4,INT8_RVV,0-7,8,8,1024,1024,1024,64,2,OK,0,NONE,0.051770288,GOPS,41.481006,parallel_tiles_including_required_packing,DISABLED,0,0,"0:cpu0:tiles2;1:cpu1:tiles2;2:cpu2:tiles2;3:cpu3:tiles2;4:cpu4:tiles2;5:cpu5:tiles2;6:cpu6:tiles2;7:cpu7:tiles2","NA",static,0,"NA","NA","/home/bananapi/MAT/kernels riscv rvv 1.0/FINAL/riscv-rvv-ime-gemm-microkernels-updated/HETEROGENEOUS_RVV_IME_OPENMP_GEMM/results/openmp_results_k1-rvv_1024_20260904_130245/raw_logs/GEMM_RVV_FP32_INT8_8x8_Baseline_RVV_IGEMM_INT8_I8I32_8x8_igemm_kernel_8x8_zvl256b_lmulmf4_unroll4_i8i32_run2.log",NA,NA,NA,NA,NA,NA,NA
k1_kernel_tuning,RVV,tile_N,64,2026-09-04T13:25:38,k1-rvv,"GEMM_RVV_FP32_INT8_8x8_Baseline","RVV_IGEMM_INT8_I8I32_8x8","igemm_kernel_8x8_zvl256b_lmulmf4_unroll4_i8i32",8x8,256b,mf4,4,INT8_RVV,0-7,8,8,1024,1024,1024,64,3,OK,0,NONE,0.050928041,GOPS,42.167018,parallel_tiles_including_required_packing,DISABLED,0,0,"0:cpu0:tiles2;1:cpu1:tiles2;2:cpu2:tiles2;3:cpu3:tiles2;4:cpu4:tiles2;5:cpu5:tiles2;6:cpu6:tiles2;7:cpu7:tiles2","NA",static,0,"NA","NA","/home/bananapi/MAT/kernels riscv rvv 1.0/FINAL/riscv-rvv-ime-gemm-microkernels-updated/HETEROGENEOUS_RVV_IME_OPENMP_GEMM/results/openmp_results_k1-rvv_1024_20260904_130245/raw_logs/GEMM_RVV_FP32_INT8_8x8_Baseline_RVV_IGEMM_INT8_I8I32_8x8_igemm_kernel_8x8_zvl256b_lmulmf4_unroll4_i8i32_run3.log",NA,NA,NA,NA,NA,NA,NA
k1_kernel_tuning,RVV,tile_N,64,2026-09-04T13:25:39,k1-rvv,"GEMM_RVV_FP32_INT8_8x8_Baseline","RVV_IGEMM_INT8_I8I32_8x8","igemm_kernel_8x8_zvl256b_lmulmf4_unroll4_i8i32",8x8,256b,mf4,4,INT8_RVV,0-7,8,8,1024,1024,1024,64,4,OK,0,NONE,0.049336582,GOPS,43.527207,parallel_tiles_including_required_packing,DISABLED,0,0,"0:cpu0:tiles2;1:cpu1:tiles2;2:cpu2:tiles2;3:cpu3:tiles2;4:cpu4:tiles2;5:cpu5:tiles2;6:cpu6:tiles2;7:cpu7:tiles2","NA",static,0,"NA","NA","/home/bananapi/MAT/kernels riscv rvv 1.0/FINAL/riscv-rvv-ime-gemm-microkernels-updated/HETEROGENEOUS_RVV_IME_OPENMP_GEMM/results/openmp_results_k1-rvv_1024_20260904_130245/raw_logs/GEMM_RVV_FP32_INT8_8x8_Baseline_RVV_IGEMM_INT8_I8I32_8x8_igemm_kernel_8x8_zvl256b_lmulmf4_unroll4_i8i32_run4.log",NA,NA,NA,NA,NA,NA,NA
k1_kernel_tuning,RVV,tile_N,64,2026-09-04T13:25:39,k1-rvv,"GEMM_RVV_FP32_INT8_8x8_Baseline","RVV_IGEMM_INT8_I8I32_8x8","igemm_kernel_8x8_zvl256b_lmulmf4_unroll4_i8i32",8x8,256b,mf4,4,INT8_RVV,0-7,8,8,1024,1024,1024,64,5,OK,0,NONE,0.056126125,GOPS,38.261748,parallel_tiles_including_required_packing,DISABLED,0,0,"0:cpu0:tiles2;1:cpu1:tiles2;2:cpu2:tiles2;3:cpu3:tiles2;4:cpu4:tiles2;5:cpu5:tiles2;6:cpu6:tiles2;7:cpu7:tiles2","NA",static,0,"NA","NA","/home/bananapi/MAT/kernels riscv rvv 1.0/FINAL/riscv-rvv-ime-gemm-microkernels-updated/HETEROGENEOUS_RVV_IME_OPENMP_GEMM/results/openmp_results_k1-rvv_1024_20260904_130245/raw_logs/GEMM_RVV_FP32_INT8_8x8_Baseline_RVV_IGEMM_INT8_I8I32_8x8_igemm_kernel_8x8_zvl256b_lmulmf4_unroll4_i8i32_run5.log",NA,NA,NA,NA,NA,NA,NA
k1_kernel_tuning,RVV,tile_N,64,2026-09-04T13:25:40,k1-rvv,"GEMM_RVV_FP32_INT8_8x8_Baseline","RVV_IGEMM_INT8_I8I32_8x8","igemm_kernel_8x8_zvl256b_lmulmf4_unroll4_i8i32",8x8,256b,mf4,4,INT8_RVV,0-7,8,8,1024,1024,1024,64,6,OK,0,NONE,0.050860666,GOPS,42.222877,parallel_tiles_including_required_packing,DISABLED,0,0,"0:cpu0:tiles2;1:cpu1:tiles2;2:cpu2:tiles2;3:cpu3:tiles2;4:cpu4:tiles2;5:cpu5:tiles2;6:cpu6:tiles2;7:cpu7:tiles2","NA",static,0,"NA","NA","/home/bananapi/MAT/kernels riscv rvv 1.0/FINAL/riscv-rvv-ime-gemm-microkernels-updated/HETEROGENEOUS_RVV_IME_OPENMP_GEMM/results/openmp_results_k1-rvv_1024_20260904_130245/raw_logs/GEMM_RVV_FP32_INT8_8x8_Baseline_RVV_IGEMM_INT8_I8I32_8x8_igemm_kernel_8x8_zvl256b_lmulmf4_unroll4_i8i32_run6.log",NA,NA,NA,NA,NA,NA,NA
k1_kernel_tuning,RVV,tile_N,64,2026-09-04T13:26:20,k1-rvv,"GEMM_RVV_FP32_INT8_8x8_Baseline","RVV_IGEMM_INT8_I8I32_8x8","igemm_kernel_8x8_zvl256b_lmulmf4_unroll8_i8i32",8x8,256b,mf4,8,INT8_RVV,0-7,8,8,1024,1024,1024,64,1,OK,0,NONE,0.050447457,GOPS,42.568720,parallel_tiles_including_required_packing,INDEPENDENT_INT64_REFERENCE_EXACT_INT32,0,0,"0:cpu0:tiles2;1:cpu1:tiles2;2:cpu2:tiles2;3:cpu3:tiles2;4:cpu4:tiles2;5:cpu5:tiles2;6:cpu6:tiles2;7:cpu7:tiles2","NA",static,0,"NA","NA","/home/bananapi/MAT/kernels riscv rvv 1.0/FINAL/riscv-rvv-ime-gemm-microkernels-updated/HETEROGENEOUS_RVV_IME_OPENMP_GEMM/results/openmp_results_k1-rvv_1024_20260904_130245/raw_logs/GEMM_RVV_FP32_INT8_8x8_Baseline_RVV_IGEMM_INT8_I8I32_8x8_igemm_kernel_8x8_zvl256b_lmulmf4_unroll8_i8i32_run1.log",NA,NA,NA,NA,NA,NA,NA
k1_kernel_tuning,RVV,tile_N,64,2026-09-04T13:26:20,k1-rvv,"GEMM_RVV_FP32_INT8_8x8_Baseline","RVV_IGEMM_INT8_I8I32_8x8","igemm_kernel_8x8_zvl256b_lmulmf4_unroll8_i8i32",8x8,256b,mf4,8,INT8_RVV,0-7,8,8,1024,1024,1024,64,2,OK,0,NONE,0.048870917,GOPS,43.941955,parallel_tiles_including_required_packing,DISABLED,0,0,"0:cpu0:tiles2;1:cpu1:tiles2;2:cpu2:tiles2;3:cpu3:tiles2;4:cpu4:tiles2;5:cpu5:tiles2;6:cpu6:tiles2;7:cpu7:tiles2","NA",static,0,"NA","NA","/home/bananapi/MAT/kernels riscv rvv 1.0/FINAL/riscv-rvv-ime-gemm-microkernels-updated/HETEROGENEOUS_RVV_IME_OPENMP_GEMM/results/openmp_results_k1-rvv_1024_20260904_130245/raw_logs/GEMM_RVV_FP32_INT8_8x8_Baseline_RVV_IGEMM_INT8_I8I32_8x8_igemm_kernel_8x8_zvl256b_lmulmf4_unroll8_i8i32_run2.log",NA,NA,NA,NA,NA,NA,NA
k1_kernel_tuning,RVV,tile_N,64,2026-09-04T13:26:21,k1-rvv,"GEMM_RVV_FP32_INT8_8x8_Baseline","RVV_IGEMM_INT8_I8I32_8x8","igemm_kernel_8x8_zvl256b_lmulmf4_unroll8_i8i32",8x8,256b,mf4,8,INT8_RVV,0-7,8,8,1024,1024,1024,64,3,OK,0,NONE,0.051751580,GOPS,41.496002,parallel_tiles_including_required_packing,DISABLED,0,0,"0:cpu0:tiles2;1:cpu1:tiles2;2:cpu2:tiles2;3:cpu3:tiles2;4:cpu4:tiles2;5:cpu5:tiles2;6:cpu6:tiles2;7:cpu7:tiles2","NA",static,0,"NA","NA","/home/bananapi/MAT/kernels riscv rvv 1.0/FINAL/riscv-rvv-ime-gemm-microkernels-updated/HETEROGENEOUS_RVV_IME_OPENMP_GEMM/results/openmp_results_k1-rvv_1024_20260904_130245/raw_logs/GEMM_RVV_FP32_INT8_8x8_Baseline_RVV_IGEMM_INT8_I8I32_8x8_igemm_kernel_8x8_zvl256b_lmulmf4_unroll8_i8i32_run3.log",NA,NA,NA,NA,NA,NA,NA
k1_kernel_tuning,RVV,tile_N,64,2026-09-04T13:26:21,k1-rvv,"GEMM_RVV_FP32_INT8_8x8_Baseline","RVV_IGEMM_INT8_I8I32_8x8","igemm_kernel_8x8_zvl256b_lmulmf4_unroll8_i8i32",8x8,256b,mf4,8,INT8_RVV,0-7,8,8,1024,1024,1024,64,4,OK,0,NONE,0.050168082,GOPS,42.805775,parallel_tiles_including_required_packing,DISABLED,0,0,"0:cpu0:tiles2;1:cpu1:tiles2;2:cpu2:tiles2;3:cpu3:tiles2;4:cpu4:tiles2;5:cpu5:tiles2;6:cpu6:tiles2;7:cpu7:tiles2","NA",static,0,"NA","NA","/home/bananapi/MAT/kernels riscv rvv 1.0/FINAL/riscv-rvv-ime-gemm-microkernels-updated/HETEROGENEOUS_RVV_IME_OPENMP_GEMM/results/openmp_results_k1-rvv_1024_20260904_130245/raw_logs/GEMM_RVV_FP32_INT8_8x8_Baseline_RVV_IGEMM_INT8_I8I32_8x8_igemm_kernel_8x8_zvl256b_lmulmf4_unroll8_i8i32_run4.log",NA,NA,NA,NA,NA,NA,NA
k1_kernel_tuning,RVV,tile_N,64,2026-09-04T13:26:21,k1-rvv,"GEMM_RVV_FP32_INT8_8x8_Baseline","RVV_IGEMM_INT8_I8I32_8x8","igemm_kernel_8x8_zvl256b_lmulmf4_unroll8_i8i32",8x8,256b,mf4,8,INT8_RVV,0-7,8,8,1024,1024,1024,64,5,OK,0,NONE,0.050285958,GOPS,42.705434,parallel_tiles_including_required_packing,DISABLED,0,0,"0:cpu0:tiles2;1:cpu1:tiles2;2:cpu2:tiles2;3:cpu3:tiles2;4:cpu4:tiles2;5:cpu5:tiles2;6:cpu6:tiles2;7:cpu7:tiles2","NA",static,0,"NA","NA","/home/bananapi/MAT/kernels riscv rvv 1.0/FINAL/riscv-rvv-ime-gemm-microkernels-updated/HETEROGENEOUS_RVV_IME_OPENMP_GEMM/results/openmp_results_k1-rvv_1024_20260904_130245/raw_logs/GEMM_RVV_FP32_INT8_8x8_Baseline_RVV_IGEMM_INT8_I8I32_8x8_igemm_kernel_8x8_zvl256b_lmulmf4_unroll8_i8i32_run5.log",NA,NA,NA,NA,NA,NA,NA
k1_kernel_tuning,RVV,tile_N,64,2026-09-04T13:26:22,k1-rvv,"GEMM_RVV_FP32_INT8_8x8_Baseline","RVV_IGEMM_INT8_I8I32_8x8","igemm_kernel_8x8_zvl256b_lmulmf4_unroll8_i8i32",8x8,256b,mf4,8,INT8_RVV,0-7,8,8,1024,1024,1024,64,6,OK,0,NONE,0.062716000,GOPS,34.241400,parallel_tiles_including_required_packing,DISABLED,0,0,"0:cpu0:tiles2;1:cpu1:tiles2;2:cpu2:tiles2;3:cpu3:tiles2;4:cpu4:tiles2;5:cpu5:tiles2;6:cpu6:tiles2;7:cpu7:tiles2","NA",static,0,"NA","NA","/home/bananapi/MAT/kernels riscv rvv 1.0/FINAL/riscv-rvv-ime-gemm-microkernels-updated/HETEROGENEOUS_RVV_IME_OPENMP_GEMM/results/openmp_results_k1-rvv_1024_20260904_130245/raw_logs/GEMM_RVV_FP32_INT8_8x8_Baseline_RVV_IGEMM_INT8_I8I32_8x8_igemm_kernel_8x8_zvl256b_lmulmf4_unroll8_i8i32_run6.log",NA,NA,NA,NA,NA,NA,NA
k1_kernel_tuning,IME,tile_N,64,2026-09-04T13:27:26,k1-ime,"IME_NATIVE_KERNELS","IME_GEMM_INT8_I8I32_8x4_NATIVE","ime_kernel_8x4_zvl256b_lmul1_unroll1",8x4,256b,1,1,INT8_IME,0-3,4,4,1024,1024,1024,64,1,OK,0,NONE,0.084497042,GOPS,25.414897,parallel_tiles_including_required_packing,INDEPENDENT_INT64_REFERENCE_EXACT_INT32,0,0,"0:cpu0:tiles4;1:cpu1:tiles4;2:cpu2:tiles4;3:cpu3:tiles4","NA",static,0,"NA","NA","/home/bananapi/MAT/kernels riscv rvv 1.0/FINAL/riscv-rvv-ime-gemm-microkernels-updated/HETEROGENEOUS_RVV_IME_OPENMP_GEMM/results/openmp_results_k1-ime_1024_20260904_132629/raw_logs/IME_NATIVE_KERNELS_IME_GEMM_INT8_I8I32_8x4_NATIVE_ime_kernel_8x4_zvl256b_lmul1_unroll1_run1.log",NA,NA,NA,NA,NA,NA,NA
k1_kernel_tuning,IME,tile_N,64,2026-09-04T13:27:26,k1-ime,"IME_NATIVE_KERNELS","IME_GEMM_INT8_I8I32_8x4_NATIVE","ime_kernel_8x4_zvl256b_lmul1_unroll1",8x4,256b,1,1,INT8_IME,0-3,4,4,1024,1024,1024,64,2,OK,0,NONE,0.092015166,GOPS,23.338366,parallel_tiles_including_required_packing,DISABLED,0,0,"0:cpu0:tiles4;1:cpu1:tiles4;2:cpu2:tiles4;3:cpu3:tiles4","NA",static,0,"NA","NA","/home/bananapi/MAT/kernels riscv rvv 1.0/FINAL/riscv-rvv-ime-gemm-microkernels-updated/HETEROGENEOUS_RVV_IME_OPENMP_GEMM/results/openmp_results_k1-ime_1024_20260904_132629/raw_logs/IME_NATIVE_KERNELS_IME_GEMM_INT8_I8I32_8x4_NATIVE_ime_kernel_8x4_zvl256b_lmul1_unroll1_run2.log",NA,NA,NA,NA,NA,NA,NA
k1_kernel_tuning,IME,tile_N,64,2026-09-04T13:27:27,k1-ime,"IME_NATIVE_KERNELS","IME_GEMM_INT8_I8I32_8x4_NATIVE","ime_kernel_8x4_zvl256b_lmul1_unroll1",8x4,256b,1,1,INT8_IME,0-3,4,4,1024,1024,1024,64,3,OK,0,NONE,0.087843291,GOPS,24.446758,parallel_tiles_including_required_packing,DISABLED,0,0,"0:cpu0:tiles4;1:cpu1:tiles4;2:cpu2:tiles4;3:cpu3:tiles4","NA",static,0,"NA","NA","/home/bananapi/MAT/kernels riscv rvv 1.0/FINAL/riscv-rvv-ime-gemm-microkernels-updated/HETEROGENEOUS_RVV_IME_OPENMP_GEMM/results/openmp_results_k1-ime_1024_20260904_132629/raw_logs/IME_NATIVE_KERNELS_IME_GEMM_INT8_I8I32_8x4_NATIVE_ime_kernel_8x4_zvl256b_lmul1_unroll1_run3.log",NA,NA,NA,NA,NA,NA,NA
k1_kernel_tuning,IME,tile_N,64,2026-09-04T13:27:27,k1-ime,"IME_NATIVE_KERNELS","IME_GEMM_INT8_I8I32_8x4_NATIVE","ime_kernel_8x4_zvl256b_lmul1_unroll1",8x4,256b,1,1,INT8_IME,0-3,4,4,1024,1024,1024,64,4,OK,0,NONE,0.089888707,GOPS,23.890472,parallel_tiles_including_required_packing,DISABLED,0,0,"0:cpu0:tiles4;1:cpu1:tiles4;2:cpu2:tiles4;3:cpu3:tiles4","NA",static,0,"NA","NA","/home/bananapi/MAT/kernels riscv rvv 1.0/FINAL/riscv-rvv-ime-gemm-microkernels-updated/HETEROGENEOUS_RVV_IME_OPENMP_GEMM/results/openmp_results_k1-ime_1024_20260904_132629/raw_logs/IME_NATIVE_KERNELS_IME_GEMM_INT8_I8I32_8x4_NATIVE_ime_kernel_8x4_zvl256b_lmul1_unroll1_run4.log",NA,NA,NA,NA,NA,NA,NA
k1_kernel_tuning,IME,tile_N,64,2026-09-04T13:27:28,k1-ime,"IME_NATIVE_KERNELS","IME_GEMM_INT8_I8I32_8x4_NATIVE","ime_kernel_8x4_zvl256b_lmul1_unroll1",8x4,256b,1,1,INT8_IME,0-3,4,4,1024,1024,1024,64,5,OK,0,NONE,0.087831542,GOPS,24.450028,parallel_tiles_including_required_packing,DISABLED,0,0,"0:cpu0:tiles4;1:cpu1:tiles4;2:cpu2:tiles4;3:cpu3:tiles4","NA",static,0,"NA","NA","/home/bananapi/MAT/kernels riscv rvv 1.0/FINAL/riscv-rvv-ime-gemm-microkernels-updated/HETEROGENEOUS_RVV_IME_OPENMP_GEMM/results/openmp_results_k1-ime_1024_20260904_132629/raw_logs/IME_NATIVE_KERNELS_IME_GEMM_INT8_I8I32_8x4_NATIVE_ime_kernel_8x4_zvl256b_lmul1_unroll1_run5.log",NA,NA,NA,NA,NA,NA,NA
k1_kernel_tuning,IME,tile_N,64,2026-09-04T13:27:28,k1-ime,"IME_NATIVE_KERNELS","IME_GEMM_INT8_I8I32_8x4_NATIVE","ime_kernel_8x4_zvl256b_lmul1_unroll1",8x4,256b,1,1,INT8_IME,0-3,4,4,1024,1024,1024,64,6,OK,0,NONE,0.085328083,GOPS,25.167372,parallel_tiles_including_required_packing,DISABLED,0,0,"0:cpu0:tiles4;1:cpu1:tiles4;2:cpu2:tiles4;3:cpu3:tiles4","NA",static,0,"NA","NA","/home/bananapi/MAT/kernels riscv rvv 1.0/FINAL/riscv-rvv-ime-gemm-microkernels-updated/HETEROGENEOUS_RVV_IME_OPENMP_GEMM/results/openmp_results_k1-ime_1024_20260904_132629/raw_logs/IME_NATIVE_KERNELS_IME_GEMM_INT8_I8I32_8x4_NATIVE_ime_kernel_8x4_zvl256b_lmul1_unroll1_run6.log",NA,NA,NA,NA,NA,NA,NA
k1_kernel_tuning,IME,tile_N,64,2026-09-04T13:28:23,k1-ime,"IME_NATIVE_KERNELS","IME_GEMM_INT8_I8I32_8x4_NATIVE","ime_kernel_8x4_zvl256b_lmul1_unroll2",8x4,256b,1,2,INT8_IME,0-3,4,4,1024,1024,1024,64,1,OK,0,NONE,0.089786999,GOPS,23.917535,parallel_tiles_including_required_packing,INDEPENDENT_INT64_REFERENCE_EXACT_INT32,0,0,"0:cpu0:tiles4;1:cpu1:tiles4;2:cpu2:tiles4;3:cpu3:tiles4","NA",static,0,"NA","NA","/home/bananapi/MAT/kernels riscv rvv 1.0/FINAL/riscv-rvv-ime-gemm-microkernels-updated/HETEROGENEOUS_RVV_IME_OPENMP_GEMM/results/openmp_results_k1-ime_1024_20260904_132629/raw_logs/IME_NATIVE_KERNELS_IME_GEMM_INT8_I8I32_8x4_NATIVE_ime_kernel_8x4_zvl256b_lmul1_unroll2_run1.log",NA,NA,NA,NA,NA,NA,NA
k1_kernel_tuning,IME,tile_N,64,2026-09-04T13:28:23,k1-ime,"IME_NATIVE_KERNELS","IME_GEMM_INT8_I8I32_8x4_NATIVE","ime_kernel_8x4_zvl256b_lmul1_unroll2",8x4,256b,1,2,INT8_IME,0-3,4,4,1024,1024,1024,64,2,OK,0,NONE,0.090863459,GOPS,23.634183,parallel_tiles_including_required_packing,DISABLED,0,0,"0:cpu0:tiles4;1:cpu1:tiles4;2:cpu2:tiles4;3:cpu3:tiles4","NA",static,0,"NA","NA","/home/bananapi/MAT/kernels riscv rvv 1.0/FINAL/riscv-rvv-ime-gemm-microkernels-updated/HETEROGENEOUS_RVV_IME_OPENMP_GEMM/results/openmp_results_k1-ime_1024_20260904_132629/raw_logs/IME_NATIVE_KERNELS_IME_GEMM_INT8_I8I32_8x4_NATIVE_ime_kernel_8x4_zvl256b_lmul1_unroll2_run2.log",NA,NA,NA,NA,NA,NA,NA
k1_kernel_tuning,IME,tile_N,64,2026-09-04T13:28:24,k1-ime,"IME_NATIVE_KERNELS","IME_GEMM_INT8_I8I32_8x4_NATIVE","ime_kernel_8x4_zvl256b_lmul1_unroll2",8x4,256b,1,2,INT8_IME,0-3,4,4,1024,1024,1024,64,3,OK,0,NONE,0.088251710,GOPS,24.333621,parallel_tiles_including_required_packing,DISABLED,0,0,"0:cpu0:tiles4;1:cpu1:tiles4;2:cpu2:tiles4;3:cpu3:tiles4","NA",static,0,"NA","NA","/home/bananapi/MAT/kernels riscv rvv 1.0/FINAL/riscv-rvv-ime-gemm-microkernels-updated/HETEROGENEOUS_RVV_IME_OPENMP_GEMM/results/openmp_results_k1-ime_1024_20260904_132629/raw_logs/IME_NATIVE_KERNELS_IME_GEMM_INT8_I8I32_8x4_NATIVE_ime_kernel_8x4_zvl256b_lmul1_unroll2_run3.log",NA,NA,NA,NA,NA,NA,NA
k1_kernel_tuning,IME,tile_N,64,2026-09-04T13:28:24,k1-ime,"IME_NATIVE_KERNELS","IME_GEMM_INT8_I8I32_8x4_NATIVE","ime_kernel_8x4_zvl256b_lmul1_unroll2",8x4,256b,1,2,INT8_IME,0-3,4,4,1024,1024,1024,64,4,OK,0,NONE,0.089106418,GOPS,24.100213,parallel_tiles_including_required_packing,DISABLED,0,0,"0:cpu0:tiles4;1:cpu1:tiles4;2:cpu2:tiles4;3:cpu3:tiles4","NA",static,0,"NA","NA","/home/bananapi/MAT/kernels riscv rvv 1.0/FINAL/riscv-rvv-ime-gemm-microkernels-updated/HETEROGENEOUS_RVV_IME_OPENMP_GEMM/results/openmp_results_k1-ime_1024_20260904_132629/raw_logs/IME_NATIVE_KERNELS_IME_GEMM_INT8_I8I32_8x4_NATIVE_ime_kernel_8x4_zvl256b_lmul1_unroll2_run4.log",NA,NA,NA,NA,NA,NA,NA
k1_kernel_tuning,IME,tile_N,64,2026-09-04T13:28:25,k1-ime,"IME_NATIVE_KERNELS","IME_GEMM_INT8_I8I32_8x4_NATIVE","ime_kernel_8x4_zvl256b_lmul1_unroll2",8x4,256b,1,2,INT8_IME,0-3,4,4,1024,1024,1024,64,5,OK,0,NONE,0.093781415,GOPS,22.898819,parallel_tiles_including_required_packing,DISABLED,0,0,"0:cpu0:tiles4;1:cpu1:tiles4;2:cpu2:tiles4;3:cpu3:tiles4","NA",static,0,"NA","NA","/home/bananapi/MAT/kernels riscv rvv 1.0/FINAL/riscv-rvv-ime-gemm-microkernels-updated/HETEROGENEOUS_RVV_IME_OPENMP_GEMM/results/openmp_results_k1-ime_1024_20260904_132629/raw_logs/IME_NATIVE_KERNELS_IME_GEMM_INT8_I8I32_8x4_NATIVE_ime_kernel_8x4_zvl256b_lmul1_unroll2_run5.log",NA,NA,NA,NA,NA,NA,NA
k1_kernel_tuning,IME,tile_N,64,2026-09-04T13:28:25,k1-ime,"IME_NATIVE_KERNELS","IME_GEMM_INT8_I8I32_8x4_NATIVE","ime_kernel_8x4_zvl256b_lmul1_unroll2",8x4,256b,1,2,INT8_IME,0-3,4,4,1024,1024,1024,64,6,OK,0,NONE,0.090760585,GOPS,23.660972,parallel_tiles_including_required_packing,DISABLED,0,0,"0:cpu0:tiles4;1:cpu1:tiles4;2:cpu2:tiles4;3:cpu3:tiles4","NA",static,0,"NA","NA","/home/bananapi/MAT/kernels riscv rvv 1.0/FINAL/riscv-rvv-ime-gemm-microkernels-updated/HETEROGENEOUS_RVV_IME_OPENMP_GEMM/results/openmp_results_k1-ime_1024_20260904_132629/raw_logs/IME_NATIVE_KERNELS_IME_GEMM_INT8_I8I32_8x4_NATIVE_ime_kernel_8x4_zvl256b_lmul1_unroll2_run6.log",NA,NA,NA,NA,NA,NA,NA
k1_kernel_tuning,IME,tile_N,64,2026-09-04T13:29:04,k1-ime,"IME_NATIVE_KERNELS","IME_GEMM_INT8_I8I32_8x4_NATIVE","ime_kernel_8x4_zvl256b_lmul1_unroll4",8x4,256b,1,4,INT8_IME,0-3,4,4,1024,1024,1024,64,1,OK,0,NONE,0.092183750,GOPS,23.295685,parallel_tiles_including_required_packing,INDEPENDENT_INT64_REFERENCE_EXACT_INT32,0,0,"0:cpu0:tiles4;1:cpu1:tiles4;2:cpu2:tiles4;3:cpu3:tiles4","NA",static,0,"NA","NA","/home/bananapi/MAT/kernels riscv rvv 1.0/FINAL/riscv-rvv-ime-gemm-microkernels-updated/HETEROGENEOUS_RVV_IME_OPENMP_GEMM/results/openmp_results_k1-ime_1024_20260904_132629/raw_logs/IME_NATIVE_KERNELS_IME_GEMM_INT8_I8I32_8x4_NATIVE_ime_kernel_8x4_zvl256b_lmul1_unroll4_run1.log",NA,NA,NA,NA,NA,NA,NA
k1_kernel_tuning,IME,tile_N,64,2026-09-04T13:29:05,k1-ime,"IME_NATIVE_KERNELS","IME_GEMM_INT8_I8I32_8x4_NATIVE","ime_kernel_8x4_zvl256b_lmul1_unroll4",8x4,256b,1,4,INT8_IME,0-3,4,4,1024,1024,1024,64,2,OK,0,NONE,0.094293166,GOPS,22.774542,parallel_tiles_including_required_packing,DISABLED,0,0,"0:cpu0:tiles4;1:cpu1:tiles4;2:cpu2:tiles4;3:cpu3:tiles4","NA",static,0,"NA","NA","/home/bananapi/MAT/kernels riscv rvv 1.0/FINAL/riscv-rvv-ime-gemm-microkernels-updated/HETEROGENEOUS_RVV_IME_OPENMP_GEMM/results/openmp_results_k1-ime_1024_20260904_132629/raw_logs/IME_NATIVE_KERNELS_IME_GEMM_INT8_I8I32_8x4_NATIVE_ime_kernel_8x4_zvl256b_lmul1_unroll4_run2.log",NA,NA,NA,NA,NA,NA,NA
k1_kernel_tuning,IME,tile_N,64,2026-09-04T13:29:05,k1-ime,"IME_NATIVE_KERNELS","IME_GEMM_INT8_I8I32_8x4_NATIVE","ime_kernel_8x4_zvl256b_lmul1_unroll4",8x4,256b,1,4,INT8_IME,0-3,4,4,1024,1024,1024,64,3,OK,0,NONE,0.092179708,GOPS,23.296707,parallel_tiles_including_required_packing,DISABLED,0,0,"0:cpu0:tiles4;1:cpu1:tiles4;2:cpu2:tiles4;3:cpu3:tiles4","NA",static,0,"NA","NA","/home/bananapi/MAT/kernels riscv rvv 1.0/FINAL/riscv-rvv-ime-gemm-microkernels-updated/HETEROGENEOUS_RVV_IME_OPENMP_GEMM/results/openmp_results_k1-ime_1024_20260904_132629/raw_logs/IME_NATIVE_KERNELS_IME_GEMM_INT8_I8I32_8x4_NATIVE_ime_kernel_8x4_zvl256b_lmul1_unroll4_run3.log",NA,NA,NA,NA,NA,NA,NA
k1_kernel_tuning,IME,tile_N,64,2026-09-04T13:29:06,k1-ime,"IME_NATIVE_KERNELS","IME_GEMM_INT8_I8I32_8x4_NATIVE","ime_kernel_8x4_zvl256b_lmul1_unroll4",8x4,256b,1,4,INT8_IME,0-3,4,4,1024,1024,1024,64,4,OK,0,NONE,0.089544211,GOPS,23.982384,parallel_tiles_including_required_packing,DISABLED,0,0,"0:cpu0:tiles4;1:cpu1:tiles4;2:cpu2:tiles4;3:cpu3:tiles4","NA",static,0,"NA","NA","/home/bananapi/MAT/kernels riscv rvv 1.0/FINAL/riscv-rvv-ime-gemm-microkernels-updated/HETEROGENEOUS_RVV_IME_OPENMP_GEMM/results/openmp_results_k1-ime_1024_20260904_132629/raw_logs/IME_NATIVE_KERNELS_IME_GEMM_INT8_I8I32_8x4_NATIVE_ime_kernel_8x4_zvl256b_lmul1_unroll4_run4.log",NA,NA,NA,NA,NA,NA,NA
k1_kernel_tuning,IME,tile_N,64,2026-09-04T13:29:06,k1-ime,"IME_NATIVE_KERNELS","IME_GEMM_INT8_I8I32_8x4_NATIVE","ime_kernel_8x4_zvl256b_lmul1_unroll4",8x4,256b,1,4,INT8_IME,0-3,4,4,1024,1024,1024,64,5,OK,0,NONE,0.098098833,GOPS,21.891021,parallel_tiles_including_required_packing,DISABLED,0,0,"0:cpu0:tiles4;1:cpu1:tiles4;2:cpu2:tiles4;3:cpu3:tiles4","NA",static,0,"NA","NA","/home/bananapi/MAT/kernels riscv rvv 1.0/FINAL/riscv-rvv-ime-gemm-microkernels-updated/HETEROGENEOUS_RVV_IME_OPENMP_GEMM/results/openmp_results_k1-ime_1024_20260904_132629/raw_logs/IME_NATIVE_KERNELS_IME_GEMM_INT8_I8I32_8x4_NATIVE_ime_kernel_8x4_zvl256b_lmul1_unroll4_run5.log",NA,NA,NA,NA,NA,NA,NA
k1_kernel_tuning,IME,tile_N,64,2026-09-04T13:29:07,k1-ime,"IME_NATIVE_KERNELS","IME_GEMM_INT8_I8I32_8x4_NATIVE","ime_kernel_8x4_zvl256b_lmul1_unroll4",8x4,256b,1,4,INT8_IME,0-3,4,4,1024,1024,1024,64,6,OK,0,NONE,0.093890917,GOPS,22.872113,parallel_tiles_including_required_packing,DISABLED,0,0,"0:cpu0:tiles4;1:cpu1:tiles4;2:cpu2:tiles4;3:cpu3:tiles4","NA",static,0,"NA","NA","/home/bananapi/MAT/kernels riscv rvv 1.0/FINAL/riscv-rvv-ime-gemm-microkernels-updated/HETEROGENEOUS_RVV_IME_OPENMP_GEMM/results/openmp_results_k1-ime_1024_20260904_132629/raw_logs/IME_NATIVE_KERNELS_IME_GEMM_INT8_I8I32_8x4_NATIVE_ime_kernel_8x4_zvl256b_lmul1_unroll4_run6.log",NA,NA,NA,NA,NA,NA,NA
k1_kernel_tuning,IME,tile_N,64,2026-09-04T13:30:01,k1-ime,"IME_NATIVE_KERNELS","IME_GEMM_INT8_I8I32_8x4_NATIVE","ime_kernel_8x4_zvl256b_lmul1_unroll8",8x4,256b,1,8,INT8_IME,0-3,4,4,1024,1024,1024,64,1,OK,0,NONE,0.089966249,GOPS,23.869881,parallel_tiles_including_required_packing,INDEPENDENT_INT64_REFERENCE_EXACT_INT32,0,0,"0:cpu0:tiles4;1:cpu1:tiles4;2:cpu2:tiles4;3:cpu3:tiles4","NA",static,0,"NA","NA","/home/bananapi/MAT/kernels riscv rvv 1.0/FINAL/riscv-rvv-ime-gemm-microkernels-updated/HETEROGENEOUS_RVV_IME_OPENMP_GEMM/results/openmp_results_k1-ime_1024_20260904_132629/raw_logs/IME_NATIVE_KERNELS_IME_GEMM_INT8_I8I32_8x4_NATIVE_ime_kernel_8x4_zvl256b_lmul1_unroll8_run1.log",NA,NA,NA,NA,NA,NA,NA
k1_kernel_tuning,IME,tile_N,64,2026-09-04T13:30:01,k1-ime,"IME_NATIVE_KERNELS","IME_GEMM_INT8_I8I32_8x4_NATIVE","ime_kernel_8x4_zvl256b_lmul1_unroll8",8x4,256b,1,8,INT8_IME,0-3,4,4,1024,1024,1024,64,2,OK,0,NONE,0.090270501,GOPS,23.789429,parallel_tiles_including_required_packing,DISABLED,0,0,"0:cpu0:tiles4;1:cpu1:tiles4;2:cpu2:tiles4;3:cpu3:tiles4","NA",static,0,"NA","NA","/home/bananapi/MAT/kernels riscv rvv 1.0/FINAL/riscv-rvv-ime-gemm-microkernels-updated/HETEROGENEOUS_RVV_IME_OPENMP_GEMM/results/openmp_results_k1-ime_1024_20260904_132629/raw_logs/IME_NATIVE_KERNELS_IME_GEMM_INT8_I8I32_8x4_NATIVE_ime_kernel_8x4_zvl256b_lmul1_unroll8_run2.log",NA,NA,NA,NA,NA,NA,NA
k1_kernel_tuning,IME,tile_N,64,2026-09-04T13:30:02,k1-ime,"IME_NATIVE_KERNELS","IME_GEMM_INT8_I8I32_8x4_NATIVE","ime_kernel_8x4_zvl256b_lmul1_unroll8",8x4,256b,1,8,INT8_IME,0-3,4,4,1024,1024,1024,64,3,OK,0,NONE,0.089790251,GOPS,23.916668,parallel_tiles_including_required_packing,DISABLED,0,0,"0:cpu0:tiles4;1:cpu1:tiles4;2:cpu2:tiles4;3:cpu3:tiles4","NA",static,0,"NA","NA","/home/bananapi/MAT/kernels riscv rvv 1.0/FINAL/riscv-rvv-ime-gemm-microkernels-updated/HETEROGENEOUS_RVV_IME_OPENMP_GEMM/results/openmp_results_k1-ime_1024_20260904_132629/raw_logs/IME_NATIVE_KERNELS_IME_GEMM_INT8_I8I32_8x4_NATIVE_ime_kernel_8x4_zvl256b_lmul1_unroll8_run3.log",NA,NA,NA,NA,NA,NA,NA
k1_kernel_tuning,IME,tile_N,64,2026-09-04T13:30:02,k1-ime,"IME_NATIVE_KERNELS","IME_GEMM_INT8_I8I32_8x4_NATIVE","ime_kernel_8x4_zvl256b_lmul1_unroll8",8x4,256b,1,8,INT8_IME,0-3,4,4,1024,1024,1024,64,4,OK,0,NONE,0.087573290,GOPS,24.522131,parallel_tiles_including_required_packing,DISABLED,0,0,"0:cpu0:tiles4;1:cpu1:tiles4;2:cpu2:tiles4;3:cpu3:tiles4","NA",static,0,"NA","NA","/home/bananapi/MAT/kernels riscv rvv 1.0/FINAL/riscv-rvv-ime-gemm-microkernels-updated/HETEROGENEOUS_RVV_IME_OPENMP_GEMM/results/openmp_results_k1-ime_1024_20260904_132629/raw_logs/IME_NATIVE_KERNELS_IME_GEMM_INT8_I8I32_8x4_NATIVE_ime_kernel_8x4_zvl256b_lmul1_unroll8_run4.log",NA,NA,NA,NA,NA,NA,NA
k1_kernel_tuning,IME,tile_N,64,2026-09-04T13:30:03,k1-ime,"IME_NATIVE_KERNELS","IME_GEMM_INT8_I8I32_8x4_NATIVE","ime_kernel_8x4_zvl256b_lmul1_unroll8",8x4,256b,1,8,INT8_IME,0-3,4,4,1024,1024,1024,64,5,OK,0,NONE,0.094459414,GOPS,22.734459,parallel_tiles_including_required_packing,DISABLED,0,0,"0:cpu0:tiles4;1:cpu1:tiles4;2:cpu2:tiles4;3:cpu3:tiles4","NA",static,0,"NA","NA","/home/bananapi/MAT/kernels riscv rvv 1.0/FINAL/riscv-rvv-ime-gemm-microkernels-updated/HETEROGENEOUS_RVV_IME_OPENMP_GEMM/results/openmp_results_k1-ime_1024_20260904_132629/raw_logs/IME_NATIVE_KERNELS_IME_GEMM_INT8_I8I32_8x4_NATIVE_ime_kernel_8x4_zvl256b_lmul1_unroll8_run5.log",NA,NA,NA,NA,NA,NA,NA
k1_kernel_tuning,IME,tile_N,64,2026-09-04T13:30:03,k1-ime,"IME_NATIVE_KERNELS","IME_GEMM_INT8_I8I32_8x4_NATIVE","ime_kernel_8x4_zvl256b_lmul1_unroll8",8x4,256b,1,8,INT8_IME,0-3,4,4,1024,1024,1024,64,6,OK,0,NONE,0.092931751,GOPS,23.108180,parallel_tiles_including_required_packing,DISABLED,0,0,"0:cpu0:tiles4;1:cpu1:tiles4;2:cpu2:tiles4;3:cpu3:tiles4","NA",static,0,"NA","NA","/home/bananapi/MAT/kernels riscv rvv 1.0/FINAL/riscv-rvv-ime-gemm-microkernels-updated/HETEROGENEOUS_RVV_IME_OPENMP_GEMM/results/openmp_results_k1-ime_1024_20260904_132629/raw_logs/IME_NATIVE_KERNELS_IME_GEMM_INT8_I8I32_8x4_NATIVE_ime_kernel_8x4_zvl256b_lmul1_unroll8_run6.log",NA,NA,NA,NA,NA,NA,NA
k1_kernel_tuning,IME,tile_N,64,2026-09-04T13:30:56,k1-ime,"IME_NATIVE_KERNELS","IME_GEMM_INT8_I8I32_8x8_NATIVE","ime_kernel_8x8_zvl256b_lmul1_unroll1",8x8,256b,1,1,INT8_IME,0-3,4,4,1024,1024,1024,64,1,OK,0,NONE,0.065224957,GOPS,32.924263,parallel_tiles_including_required_packing,INDEPENDENT_INT64_REFERENCE_EXACT_INT32,0,0,"0:cpu0:tiles4;1:cpu1:tiles4;2:cpu2:tiles4;3:cpu3:tiles4","NA",static,0,"NA","NA","/home/bananapi/MAT/kernels riscv rvv 1.0/FINAL/riscv-rvv-ime-gemm-microkernels-updated/HETEROGENEOUS_RVV_IME_OPENMP_GEMM/results/openmp_results_k1-ime_1024_20260904_132629/raw_logs/IME_NATIVE_KERNELS_IME_GEMM_INT8_I8I32_8x8_NATIVE_ime_kernel_8x8_zvl256b_lmul1_unroll1_run1.log",NA,NA,NA,NA,NA,NA,NA
k1_kernel_tuning,IME,tile_N,64,2026-09-04T13:30:57,k1-ime,"IME_NATIVE_KERNELS","IME_GEMM_INT8_I8I32_8x8_NATIVE","ime_kernel_8x8_zvl256b_lmul1_unroll1",8x8,256b,1,1,INT8_IME,0-3,4,4,1024,1024,1024,64,2,OK,0,NONE,0.073891249,GOPS,29.062760,parallel_tiles_including_required_packing,DISABLED,0,0,"0:cpu0:tiles4;1:cpu1:tiles4;2:cpu2:tiles4;3:cpu3:tiles4","NA",static,0,"NA","NA","/home/bananapi/MAT/kernels riscv rvv 1.0/FINAL/riscv-rvv-ime-gemm-microkernels-updated/HETEROGENEOUS_RVV_IME_OPENMP_GEMM/results/openmp_results_k1-ime_1024_20260904_132629/raw_logs/IME_NATIVE_KERNELS_IME_GEMM_INT8_I8I32_8x8_NATIVE_ime_kernel_8x8_zvl256b_lmul1_unroll1_run2.log",NA,NA,NA,NA,NA,NA,NA
k1_kernel_tuning,IME,tile_N,64,2026-09-04T13:30:57,k1-ime,"IME_NATIVE_KERNELS","IME_GEMM_INT8_I8I32_8x8_NATIVE","ime_kernel_8x8_zvl256b_lmul1_unroll1",8x8,256b,1,1,INT8_IME,0-3,4,4,1024,1024,1024,64,3,OK,0,NONE,0.065016251,GOPS,33.029952,parallel_tiles_including_required_packing,DISABLED,0,0,"0:cpu0:tiles4;1:cpu1:tiles4;2:cpu2:tiles4;3:cpu3:tiles4","NA",static,0,"NA","NA","/home/bananapi/MAT/kernels riscv rvv 1.0/FINAL/riscv-rvv-ime-gemm-microkernels-updated/HETEROGENEOUS_RVV_IME_OPENMP_GEMM/results/openmp_results_k1-ime_1024_20260904_132629/raw_logs/IME_NATIVE_KERNELS_IME_GEMM_INT8_I8I32_8x8_NATIVE_ime_kernel_8x8_zvl256b_lmul1_unroll1_run3.log",NA,NA,NA,NA,NA,NA,NA
k1_kernel_tuning,IME,tile_N,64,2026-09-04T13:30:57,k1-ime,"IME_NATIVE_KERNELS","IME_GEMM_INT8_I8I32_8x8_NATIVE","ime_kernel_8x8_zvl256b_lmul1_unroll1",8x8,256b,1,1,INT8_IME,0-3,4,4,1024,1024,1024,64,4,OK,0,NONE,0.073875375,GOPS,29.069005,parallel_tiles_including_required_packing,DISABLED,0,0,"0:cpu0:tiles4;1:cpu1:tiles4;2:cpu2:tiles4;3:cpu3:tiles4","NA",static,0,"NA","NA","/home/bananapi/MAT/kernels riscv rvv 1.0/FINAL/riscv-rvv-ime-gemm-microkernels-updated/HETEROGENEOUS_RVV_IME_OPENMP_GEMM/results/openmp_results_k1-ime_1024_20260904_132629/raw_logs/IME_NATIVE_KERNELS_IME_GEMM_INT8_I8I32_8x8_NATIVE_ime_kernel_8x8_zvl256b_lmul1_unroll1_run4.log",NA,NA,NA,NA,NA,NA,NA
k1_kernel_tuning,IME,tile_N,64,2026-09-04T13:30:58,k1-ime,"IME_NATIVE_KERNELS","IME_GEMM_INT8_I8I32_8x8_NATIVE","ime_kernel_8x8_zvl256b_lmul1_unroll1",8x8,256b,1,1,INT8_IME,0-3,4,4,1024,1024,1024,64,5,OK,0,NONE,0.076865334,GOPS,27.938259,parallel_tiles_including_required_packing,DISABLED,0,0,"0:cpu0:tiles4;1:cpu1:tiles4;2:cpu2:tiles4;3:cpu3:tiles4","NA",static,0,"NA","NA","/home/bananapi/MAT/kernels riscv rvv 1.0/FINAL/riscv-rvv-ime-gemm-microkernels-updated/HETEROGENEOUS_RVV_IME_OPENMP_GEMM/results/openmp_results_k1-ime_1024_20260904_132629/raw_logs/IME_NATIVE_KERNELS_IME_GEMM_INT8_I8I32_8x8_NATIVE_ime_kernel_8x8_zvl256b_lmul1_unroll1_run5.log",NA,NA,NA,NA,NA,NA,NA
k1_kernel_tuning,IME,tile_N,64,2026-09-04T13:30:58,k1-ime,"IME_NATIVE_KERNELS","IME_GEMM_INT8_I8I32_8x8_NATIVE","ime_kernel_8x8_zvl256b_lmul1_unroll1",8x8,256b,1,1,INT8_IME,0-3,4,4,1024,1024,1024,64,6,OK,0,NONE,0.076719332,GOPS,27.991428,parallel_tiles_including_required_packing,DISABLED,0,0,"0:cpu0:tiles4;1:cpu1:tiles4;2:cpu2:tiles4;3:cpu3:tiles4","NA",static,0,"NA","NA","/home/bananapi/MAT/kernels riscv rvv 1.0/FINAL/riscv-rvv-ime-gemm-microkernels-updated/HETEROGENEOUS_RVV_IME_OPENMP_GEMM/results/openmp_results_k1-ime_1024_20260904_132629/raw_logs/IME_NATIVE_KERNELS_IME_GEMM_INT8_I8I32_8x8_NATIVE_ime_kernel_8x8_zvl256b_lmul1_unroll1_run6.log",NA,NA,NA,NA,NA,NA,NA
k1_kernel_tuning,IME,tile_N,64,2026-09-04T13:31:52,k1-ime,"IME_NATIVE_KERNELS","IME_GEMM_INT8_I8I32_8x8_NATIVE","ime_kernel_8x8_zvl256b_lmul1_unroll2",8x8,256b,1,2,INT8_IME,0-3,4,4,1024,1024,1024,64,1,OK,0,NONE,0.067079164,GOPS,32.014168,parallel_tiles_including_required_packing,INDEPENDENT_INT64_REFERENCE_EXACT_INT32,0,0,"0:cpu0:tiles4;1:cpu1:tiles4;2:cpu2:tiles4;3:cpu3:tiles4","NA",static,0,"NA","NA","/home/bananapi/MAT/kernels riscv rvv 1.0/FINAL/riscv-rvv-ime-gemm-microkernels-updated/HETEROGENEOUS_RVV_IME_OPENMP_GEMM/results/openmp_results_k1-ime_1024_20260904_132629/raw_logs/IME_NATIVE_KERNELS_IME_GEMM_INT8_I8I32_8x8_NATIVE_ime_kernel_8x8_zvl256b_lmul1_unroll2_run1.log",NA,NA,NA,NA,NA,NA,NA
k1_kernel_tuning,IME,tile_N,64,2026-09-04T13:31:52,k1-ime,"IME_NATIVE_KERNELS","IME_GEMM_INT8_I8I32_8x8_NATIVE","ime_kernel_8x8_zvl256b_lmul1_unroll2",8x8,256b,1,2,INT8_IME,0-3,4,4,1024,1024,1024,64,2,OK,0,NONE,0.066693790,GOPS,32.199154,parallel_tiles_including_required_packing,DISABLED,0,0,"0:cpu0:tiles4;1:cpu1:tiles4;2:cpu2:tiles4;3:cpu3:tiles4","NA",static,0,"NA","NA","/home/bananapi/MAT/kernels riscv rvv 1.0/FINAL/riscv-rvv-ime-gemm-microkernels-updated/HETEROGENEOUS_RVV_IME_OPENMP_GEMM/results/openmp_results_k1-ime_1024_20260904_132629/raw_logs/IME_NATIVE_KERNELS_IME_GEMM_INT8_I8I32_8x8_NATIVE_ime_kernel_8x8_zvl256b_lmul1_unroll2_run2.log",NA,NA,NA,NA,NA,NA,NA
k1_kernel_tuning,IME,tile_N,64,2026-09-04T13:31:53,k1-ime,"IME_NATIVE_KERNELS","IME_GEMM_INT8_I8I32_8x8_NATIVE","ime_kernel_8x8_zvl256b_lmul1_unroll2",8x8,256b,1,2,INT8_IME,0-3,4,4,1024,1024,1024,64,3,OK,0,NONE,0.065710835,GOPS,32.680815,parallel_tiles_including_required_packing,DISABLED,0,0,"0:cpu0:tiles4;1:cpu1:tiles4;2:cpu2:tiles4;3:cpu3:tiles4","NA",static,0,"NA","NA","/home/bananapi/MAT/kernels riscv rvv 1.0/FINAL/riscv-rvv-ime-gemm-microkernels-updated/HETEROGENEOUS_RVV_IME_OPENMP_GEMM/results/openmp_results_k1-ime_1024_20260904_132629/raw_logs/IME_NATIVE_KERNELS_IME_GEMM_INT8_I8I32_8x8_NATIVE_ime_kernel_8x8_zvl256b_lmul1_unroll2_run3.log",NA,NA,NA,NA,NA,NA,NA
k1_kernel_tuning,IME,tile_N,64,2026-09-04T13:31:53,k1-ime,"IME_NATIVE_KERNELS","IME_GEMM_INT8_I8I32_8x8_NATIVE","ime_kernel_8x8_zvl256b_lmul1_unroll2",8x8,256b,1,2,INT8_IME,0-3,4,4,1024,1024,1024,64,4,OK,0,NONE,0.067380626,GOPS,31.870937,parallel_tiles_including_required_packing,DISABLED,0,0,"0:cpu0:tiles4;1:cpu1:tiles4;2:cpu2:tiles4;3:cpu3:tiles4","NA",static,0,"NA","NA","/home/bananapi/MAT/kernels riscv rvv 1.0/FINAL/riscv-rvv-ime-gemm-microkernels-updated/HETEROGENEOUS_RVV_IME_OPENMP_GEMM/results/openmp_results_k1-ime_1024_20260904_132629/raw_logs/IME_NATIVE_KERNELS_IME_GEMM_INT8_I8I32_8x8_NATIVE_ime_kernel_8x8_zvl256b_lmul1_unroll2_run4.log",NA,NA,NA,NA,NA,NA,NA
k1_kernel_tuning,IME,tile_N,64,2026-09-04T13:31:53,k1-ime,"IME_NATIVE_KERNELS","IME_GEMM_INT8_I8I32_8x8_NATIVE","ime_kernel_8x8_zvl256b_lmul1_unroll2",8x8,256b,1,2,INT8_IME,0-3,4,4,1024,1024,1024,64,5,OK,0,NONE,0.066653248,GOPS,32.218740,parallel_tiles_including_required_packing,DISABLED,0,0,"0:cpu0:tiles4;1:cpu1:tiles4;2:cpu2:tiles4;3:cpu3:tiles4","NA",static,0,"NA","NA","/home/bananapi/MAT/kernels riscv rvv 1.0/FINAL/riscv-rvv-ime-gemm-microkernels-updated/HETEROGENEOUS_RVV_IME_OPENMP_GEMM/results/openmp_results_k1-ime_1024_20260904_132629/raw_logs/IME_NATIVE_KERNELS_IME_GEMM_INT8_I8I32_8x8_NATIVE_ime_kernel_8x8_zvl256b_lmul1_unroll2_run5.log",NA,NA,NA,NA,NA,NA,NA
k1_kernel_tuning,IME,tile_N,64,2026-09-04T13:31:54,k1-ime,"IME_NATIVE_KERNELS","IME_GEMM_INT8_I8I32_8x8_NATIVE","ime_kernel_8x8_zvl256b_lmul1_unroll2",8x8,256b,1,2,INT8_IME,0-3,4,4,1024,1024,1024,64,6,OK,0,NONE,0.069143832,GOPS,31.058210,parallel_tiles_including_required_packing,DISABLED,0,0,"0:cpu0:tiles4;1:cpu1:tiles4;2:cpu2:tiles4;3:cpu3:tiles4","NA",static,0,"NA","NA","/home/bananapi/MAT/kernels riscv rvv 1.0/FINAL/riscv-rvv-ime-gemm-microkernels-updated/HETEROGENEOUS_RVV_IME_OPENMP_GEMM/results/openmp_results_k1-ime_1024_20260904_132629/raw_logs/IME_NATIVE_KERNELS_IME_GEMM_INT8_I8I32_8x8_NATIVE_ime_kernel_8x8_zvl256b_lmul1_unroll2_run6.log",NA,NA,NA,NA,NA,NA,NA
k1_kernel_tuning,IME,tile_N,64,2026-09-04T13:32:32,k1-ime,"IME_NATIVE_KERNELS","IME_GEMM_INT8_I8I32_8x8_NATIVE","ime_kernel_8x8_zvl256b_lmul1_unroll4",8x8,256b,1,4,INT8_IME,0-3,4,4,1024,1024,1024,64,1,OK,0,NONE,0.078006998,GOPS,27.529372,parallel_tiles_including_required_packing,INDEPENDENT_INT64_REFERENCE_EXACT_INT32,0,0,"0:cpu0:tiles4;1:cpu1:tiles4;2:cpu2:tiles4;3:cpu3:tiles4","NA",static,0,"NA","NA","/home/bananapi/MAT/kernels riscv rvv 1.0/FINAL/riscv-rvv-ime-gemm-microkernels-updated/HETEROGENEOUS_RVV_IME_OPENMP_GEMM/results/openmp_results_k1-ime_1024_20260904_132629/raw_logs/IME_NATIVE_KERNELS_IME_GEMM_INT8_I8I32_8x8_NATIVE_ime_kernel_8x8_zvl256b_lmul1_unroll4_run1.log",NA,NA,NA,NA,NA,NA,NA
k1_kernel_tuning,IME,tile_N,64,2026-09-04T13:32:32,k1-ime,"IME_NATIVE_KERNELS","IME_GEMM_INT8_I8I32_8x8_NATIVE","ime_kernel_8x8_zvl256b_lmul1_unroll4",8x8,256b,1,4,INT8_IME,0-3,4,4,1024,1024,1024,64,2,OK,0,NONE,0.068889540,GOPS,31.172855,parallel_tiles_including_required_packing,DISABLED,0,0,"0:cpu0:tiles4;1:cpu1:tiles4;2:cpu2:tiles4;3:cpu3:tiles4","NA",static,0,"NA","NA","/home/bananapi/MAT/kernels riscv rvv 1.0/FINAL/riscv-rvv-ime-gemm-microkernels-updated/HETEROGENEOUS_RVV_IME_OPENMP_GEMM/results/openmp_results_k1-ime_1024_20260904_132629/raw_logs/IME_NATIVE_KERNELS_IME_GEMM_INT8_I8I32_8x8_NATIVE_ime_kernel_8x8_zvl256b_lmul1_unroll4_run2.log",NA,NA,NA,NA,NA,NA,NA
k1_kernel_tuning,IME,tile_N,64,2026-09-04T13:32:33,k1-ime,"IME_NATIVE_KERNELS","IME_GEMM_INT8_I8I32_8x8_NATIVE","ime_kernel_8x8_zvl256b_lmul1_unroll4",8x8,256b,1,4,INT8_IME,0-3,4,4,1024,1024,1024,64,3,OK,0,NONE,0.065897793,GOPS,32.588097,parallel_tiles_including_required_packing,DISABLED,0,0,"0:cpu0:tiles4;1:cpu1:tiles4;2:cpu2:tiles4;3:cpu3:tiles4","NA",static,0,"NA","NA","/home/bananapi/MAT/kernels riscv rvv 1.0/FINAL/riscv-rvv-ime-gemm-microkernels-updated/HETEROGENEOUS_RVV_IME_OPENMP_GEMM/results/openmp_results_k1-ime_1024_20260904_132629/raw_logs/IME_NATIVE_KERNELS_IME_GEMM_INT8_I8I32_8x8_NATIVE_ime_kernel_8x8_zvl256b_lmul1_unroll4_run3.log",NA,NA,NA,NA,NA,NA,NA
k1_kernel_tuning,IME,tile_N,64,2026-09-04T13:32:33,k1-ime,"IME_NATIVE_KERNELS","IME_GEMM_INT8_I8I32_8x8_NATIVE","ime_kernel_8x8_zvl256b_lmul1_unroll4",8x8,256b,1,4,INT8_IME,0-3,4,4,1024,1024,1024,64,4,OK,0,NONE,0.067410875,GOPS,31.856635,parallel_tiles_including_required_packing,DISABLED,0,0,"0:cpu0:tiles4;1:cpu1:tiles4;2:cpu2:tiles4;3:cpu3:tiles4","NA",static,0,"NA","NA","/home/bananapi/MAT/kernels riscv rvv 1.0/FINAL/riscv-rvv-ime-gemm-microkernels-updated/HETEROGENEOUS_RVV_IME_OPENMP_GEMM/results/openmp_results_k1-ime_1024_20260904_132629/raw_logs/IME_NATIVE_KERNELS_IME_GEMM_INT8_I8I32_8x8_NATIVE_ime_kernel_8x8_zvl256b_lmul1_unroll4_run4.log",NA,NA,NA,NA,NA,NA,NA
k1_kernel_tuning,IME,tile_N,64,2026-09-04T13:32:34,k1-ime,"IME_NATIVE_KERNELS","IME_GEMM_INT8_I8I32_8x8_NATIVE","ime_kernel_8x8_zvl256b_lmul1_unroll4",8x8,256b,1,4,INT8_IME,0-3,4,4,1024,1024,1024,64,5,OK,0,NONE,0.065816917,GOPS,32.628141,parallel_tiles_including_required_packing,DISABLED,0,0,"0:cpu0:tiles4;1:cpu1:tiles4;2:cpu2:tiles4;3:cpu3:tiles4","NA",static,0,"NA","NA","/home/bananapi/MAT/kernels riscv rvv 1.0/FINAL/riscv-rvv-ime-gemm-microkernels-updated/HETEROGENEOUS_RVV_IME_OPENMP_GEMM/results/openmp_results_k1-ime_1024_20260904_132629/raw_logs/IME_NATIVE_KERNELS_IME_GEMM_INT8_I8I32_8x8_NATIVE_ime_kernel_8x8_zvl256b_lmul1_unroll4_run5.log",NA,NA,NA,NA,NA,NA,NA
k1_kernel_tuning,IME,tile_N,64,2026-09-04T13:32:34,k1-ime,"IME_NATIVE_KERNELS","IME_GEMM_INT8_I8I32_8x8_NATIVE","ime_kernel_8x8_zvl256b_lmul1_unroll4",8x8,256b,1,4,INT8_IME,0-3,4,4,1024,1024,1024,64,6,OK,0,NONE,0.070284914,GOPS,30.553977,parallel_tiles_including_required_packing,DISABLED,0,0,"0:cpu0:tiles4;1:cpu1:tiles4;2:cpu2:tiles4;3:cpu3:tiles4","NA",static,0,"NA","NA","/home/bananapi/MAT/kernels riscv rvv 1.0/FINAL/riscv-rvv-ime-gemm-microkernels-updated/HETEROGENEOUS_RVV_IME_OPENMP_GEMM/results/openmp_results_k1-ime_1024_20260904_132629/raw_logs/IME_NATIVE_KERNELS_IME_GEMM_INT8_I8I32_8x8_NATIVE_ime_kernel_8x8_zvl256b_lmul1_unroll4_run6.log",NA,NA,NA,NA,NA,NA,NA
k1_kernel_tuning,IME,tile_N,64,2026-09-04T13:33:13,k1-ime,"IME_NATIVE_KERNELS","IME_GEMM_INT8_I8I32_8x8_NATIVE","ime_kernel_8x8_zvl256b_lmul1_unroll8",8x8,256b,1,8,INT8_IME,0-3,4,4,1024,1024,1024,64,1,OK,0,NONE,0.078257293,GOPS,27.441323,parallel_tiles_including_required_packing,INDEPENDENT_INT64_REFERENCE_EXACT_INT32,0,0,"0:cpu0:tiles4;1:cpu1:tiles4;2:cpu2:tiles4;3:cpu3:tiles4","NA",static,0,"NA","NA","/home/bananapi/MAT/kernels riscv rvv 1.0/FINAL/riscv-rvv-ime-gemm-microkernels-updated/HETEROGENEOUS_RVV_IME_OPENMP_GEMM/results/openmp_results_k1-ime_1024_20260904_132629/raw_logs/IME_NATIVE_KERNELS_IME_GEMM_INT8_I8I32_8x8_NATIVE_ime_kernel_8x8_zvl256b_lmul1_unroll8_run1.log",NA,NA,NA,NA,NA,NA,NA
k1_kernel_tuning,IME,tile_N,64,2026-09-04T13:33:13,k1-ime,"IME_NATIVE_KERNELS","IME_GEMM_INT8_I8I32_8x8_NATIVE","ime_kernel_8x8_zvl256b_lmul1_unroll8",8x8,256b,1,8,INT8_IME,0-3,4,4,1024,1024,1024,64,2,OK,0,NONE,0.070721291,GOPS,30.365447,parallel_tiles_including_required_packing,DISABLED,0,0,"0:cpu0:tiles4;1:cpu1:tiles4;2:cpu2:tiles4;3:cpu3:tiles4","NA",static,0,"NA","NA","/home/bananapi/MAT/kernels riscv rvv 1.0/FINAL/riscv-rvv-ime-gemm-microkernels-updated/HETEROGENEOUS_RVV_IME_OPENMP_GEMM/results/openmp_results_k1-ime_1024_20260904_132629/raw_logs/IME_NATIVE_KERNELS_IME_GEMM_INT8_I8I32_8x8_NATIVE_ime_kernel_8x8_zvl256b_lmul1_unroll8_run2.log",NA,NA,NA,NA,NA,NA,NA
k1_kernel_tuning,IME,tile_N,64,2026-09-04T13:33:13,k1-ime,"IME_NATIVE_KERNELS","IME_GEMM_INT8_I8I32_8x8_NATIVE","ime_kernel_8x8_zvl256b_lmul1_unroll8",8x8,256b,1,8,INT8_IME,0-3,4,4,1024,1024,1024,64,3,OK,0,NONE,0.070315581,GOPS,30.540651,parallel_tiles_including_required_packing,DISABLED,0,0,"0:cpu0:tiles4;1:cpu1:tiles4;2:cpu2:tiles4;3:cpu3:tiles4","NA",static,0,"NA","NA","/home/bananapi/MAT/kernels riscv rvv 1.0/FINAL/riscv-rvv-ime-gemm-microkernels-updated/HETEROGENEOUS_RVV_IME_OPENMP_GEMM/results/openmp_results_k1-ime_1024_20260904_132629/raw_logs/IME_NATIVE_KERNELS_IME_GEMM_INT8_I8I32_8x8_NATIVE_ime_kernel_8x8_zvl256b_lmul1_unroll8_run3.log",NA,NA,NA,NA,NA,NA,NA
k1_kernel_tuning,IME,tile_N,64,2026-09-04T13:33:14,k1-ime,"IME_NATIVE_KERNELS","IME_GEMM_INT8_I8I32_8x8_NATIVE","ime_kernel_8x8_zvl256b_lmul1_unroll8",8x8,256b,1,8,INT8_IME,0-3,4,4,1024,1024,1024,64,4,OK,0,NONE,0.083152626,GOPS,25.825807,parallel_tiles_including_required_packing,DISABLED,0,0,"0:cpu0:tiles4;1:cpu1:tiles4;2:cpu2:tiles4;3:cpu3:tiles4","NA",static,0,"NA","NA","/home/bananapi/MAT/kernels riscv rvv 1.0/FINAL/riscv-rvv-ime-gemm-microkernels-updated/HETEROGENEOUS_RVV_IME_OPENMP_GEMM/results/openmp_results_k1-ime_1024_20260904_132629/raw_logs/IME_NATIVE_KERNELS_IME_GEMM_INT8_I8I32_8x8_NATIVE_ime_kernel_8x8_zvl256b_lmul1_unroll8_run4.log",NA,NA,NA,NA,NA,NA,NA
k1_kernel_tuning,IME,tile_N,64,2026-09-04T13:33:14,k1-ime,"IME_NATIVE_KERNELS","IME_GEMM_INT8_I8I32_8x8_NATIVE","ime_kernel_8x8_zvl256b_lmul1_unroll8",8x8,256b,1,8,INT8_IME,0-3,4,4,1024,1024,1024,64,5,OK,0,NONE,0.068589624,GOPS,31.309162,parallel_tiles_including_required_packing,DISABLED,0,0,"0:cpu0:tiles4;1:cpu1:tiles4;2:cpu2:tiles4;3:cpu3:tiles4","NA",static,0,"NA","NA","/home/bananapi/MAT/kernels riscv rvv 1.0/FINAL/riscv-rvv-ime-gemm-microkernels-updated/HETEROGENEOUS_RVV_IME_OPENMP_GEMM/results/openmp_results_k1-ime_1024_20260904_132629/raw_logs/IME_NATIVE_KERNELS_IME_GEMM_INT8_I8I32_8x8_NATIVE_ime_kernel_8x8_zvl256b_lmul1_unroll8_run5.log",NA,NA,NA,NA,NA,NA,NA
k1_kernel_tuning,IME,tile_N,64,2026-09-04T13:33:15,k1-ime,"IME_NATIVE_KERNELS","IME_GEMM_INT8_I8I32_8x8_NATIVE","ime_kernel_8x8_zvl256b_lmul1_unroll8",8x8,256b,1,8,INT8_IME,0-3,4,4,1024,1024,1024,64,6,OK,0,NONE,0.082245667,GOPS,26.110599,parallel_tiles_including_required_packing,DISABLED,0,0,"0:cpu0:tiles4;1:cpu1:tiles4;2:cpu2:tiles4;3:cpu3:tiles4","NA",static,0,"NA","NA","/home/bananapi/MAT/kernels riscv rvv 1.0/FINAL/riscv-rvv-ime-gemm-microkernels-updated/HETEROGENEOUS_RVV_IME_OPENMP_GEMM/results/openmp_results_k1-ime_1024_20260904_132629/raw_logs/IME_NATIVE_KERNELS_IME_GEMM_INT8_I8I32_8x8_NATIVE_ime_kernel_8x8_zvl256b_lmul1_unroll8_run6.log",NA,NA,NA,NA,NA,NA,NA
k1_kernel_tuning,RVV,tile_N,128,2026-09-04T13:33:44,k1-rvv,"GEMM_RVV_FP32_INT8_8x4_Baseline","RVV_IGEMM_INT8_I8I32_8x4","igemm_kernel_8x4_zvl256b_lmul1_unroll1_i8i32",8x4,256b,1,1,INT8_RVV,0-7,8,8,1024,1024,1024,128,1,OK,0,NONE,0.281624209,GOPS,7.625352,parallel_tiles_including_required_packing,INDEPENDENT_INT64_REFERENCE_EXACT_INT32,0,0,"0:cpu0:tiles1;1:cpu1:tiles1;2:cpu2:tiles1;3:cpu3:tiles1;4:cpu4:tiles1;5:cpu5:tiles1;6:cpu6:tiles1;7:cpu7:tiles1","NA",static,0,"NA","NA","/home/bananapi/MAT/kernels riscv rvv 1.0/FINAL/riscv-rvv-ime-gemm-microkernels-updated/HETEROGENEOUS_RVV_IME_OPENMP_GEMM/results/openmp_results_k1-rvv_1024_20260904_133315/raw_logs/GEMM_RVV_FP32_INT8_8x4_Baseline_RVV_IGEMM_INT8_I8I32_8x4_igemm_kernel_8x4_zvl256b_lmul1_unroll1_i8i32_run1.log",NA,NA,NA,NA,NA,NA,NA
k1_kernel_tuning,RVV,tile_N,128,2026-09-04T13:33:45,k1-rvv,"GEMM_RVV_FP32_INT8_8x4_Baseline","RVV_IGEMM_INT8_I8I32_8x4","igemm_kernel_8x4_zvl256b_lmul1_unroll1_i8i32",8x4,256b,1,1,INT8_RVV,0-7,8,8,1024,1024,1024,128,2,OK,0,NONE,0.283738539,GOPS,7.568530,parallel_tiles_including_required_packing,DISABLED,0,0,"0:cpu0:tiles1;1:cpu1:tiles1;2:cpu2:tiles1;3:cpu3:tiles1;4:cpu4:tiles1;5:cpu5:tiles1;6:cpu6:tiles1;7:cpu7:tiles1","NA",static,0,"NA","NA","/home/bananapi/MAT/kernels riscv rvv 1.0/FINAL/riscv-rvv-ime-gemm-microkernels-updated/HETEROGENEOUS_RVV_IME_OPENMP_GEMM/results/openmp_results_k1-rvv_1024_20260904_133315/raw_logs/GEMM_RVV_FP32_INT8_8x4_Baseline_RVV_IGEMM_INT8_I8I32_8x4_igemm_kernel_8x4_zvl256b_lmul1_unroll1_i8i32_run2.log",NA,NA,NA,NA,NA,NA,NA
k1_kernel_tuning,RVV,tile_N,128,2026-09-04T13:33:46,k1-rvv,"GEMM_RVV_FP32_INT8_8x4_Baseline","RVV_IGEMM_INT8_I8I32_8x4","igemm_kernel_8x4_zvl256b_lmul1_unroll1_i8i32",8x4,256b,1,1,INT8_RVV,0-7,8,8,1024,1024,1024,128,3,OK,0,NONE,0.289313585,GOPS,7.422685,parallel_tiles_including_required_packing,DISABLED,0,0,"0:cpu0:tiles1;1:cpu1:tiles1;2:cpu2:tiles1;3:cpu3:tiles1;4:cpu4:tiles1;5:cpu5:tiles1;6:cpu6:tiles1;7:cpu7:tiles1","NA",static,0,"NA","NA","/home/bananapi/MAT/kernels riscv rvv 1.0/FINAL/riscv-rvv-ime-gemm-microkernels-updated/HETEROGENEOUS_RVV_IME_OPENMP_GEMM/results/openmp_results_k1-rvv_1024_20260904_133315/raw_logs/GEMM_RVV_FP32_INT8_8x4_Baseline_RVV_IGEMM_INT8_I8I32_8x4_igemm_kernel_8x4_zvl256b_lmul1_unroll1_i8i32_run3.log",NA,NA,NA,NA,NA,NA,NA
k1_kernel_tuning,RVV,tile_N,128,2026-09-04T13:33:47,k1-rvv,"GEMM_RVV_FP32_INT8_8x4_Baseline","RVV_IGEMM_INT8_I8I32_8x4","igemm_kernel_8x4_zvl256b_lmul1_unroll1_i8i32",8x4,256b,1,1,INT8_RVV,0-7,8,8,1024,1024,1024,128,4,OK,0,NONE,0.282173917,GOPS,7.610497,parallel_tiles_including_required_packing,DISABLED,0,0,"0:cpu0:tiles1;1:cpu1:tiles1;2:cpu2:tiles1;3:cpu3:tiles1;4:cpu4:tiles1;5:cpu5:tiles1;6:cpu6:tiles1;7:cpu7:tiles1","NA",static,0,"NA","NA","/home/bananapi/MAT/kernels riscv rvv 1.0/FINAL/riscv-rvv-ime-gemm-microkernels-updated/HETEROGENEOUS_RVV_IME_OPENMP_GEMM/results/openmp_results_k1-rvv_1024_20260904_133315/raw_logs/GEMM_RVV_FP32_INT8_8x4_Baseline_RVV_IGEMM_INT8_I8I32_8x4_igemm_kernel_8x4_zvl256b_lmul1_unroll1_i8i32_run4.log",NA,NA,NA,NA,NA,NA,NA
k1_kernel_tuning,RVV,tile_N,128,2026-09-04T13:33:48,k1-rvv,"GEMM_RVV_FP32_INT8_8x4_Baseline","RVV_IGEMM_INT8_I8I32_8x4","igemm_kernel_8x4_zvl256b_lmul1_unroll1_i8i32",8x4,256b,1,1,INT8_RVV,0-7,8,8,1024,1024,1024,128,5,OK,0,NONE,0.280097581,GOPS,7.666912,parallel_tiles_including_required_packing,DISABLED,0,0,"0:cpu0:tiles1;1:cpu1:tiles1;2:cpu2:tiles1;3:cpu3:tiles1;4:cpu4:tiles1;5:cpu5:tiles1;6:cpu6:tiles1;7:cpu7:tiles1","NA",static,0,"NA","NA","/home/bananapi/MAT/kernels riscv rvv 1.0/FINAL/riscv-rvv-ime-gemm-microkernels-updated/HETEROGENEOUS_RVV_IME_OPENMP_GEMM/results/openmp_results_k1-rvv_1024_20260904_133315/raw_logs/GEMM_RVV_FP32_INT8_8x4_Baseline_RVV_IGEMM_INT8_I8I32_8x4_igemm_kernel_8x4_zvl256b_lmul1_unroll1_i8i32_run5.log",NA,NA,NA,NA,NA,NA,NA
k1_kernel_tuning,RVV,tile_N,128,2026-09-04T13:33:49,k1-rvv,"GEMM_RVV_FP32_INT8_8x4_Baseline","RVV_IGEMM_INT8_I8I32_8x4","igemm_kernel_8x4_zvl256b_lmul1_unroll1_i8i32",8x4,256b,1,1,INT8_RVV,0-7,8,8,1024,1024,1024,128,6,OK,0,NONE,0.282309085,GOPS,7.606853,parallel_tiles_including_required_packing,DISABLED,0,0,"0:cpu0:tiles1;1:cpu1:tiles1;2:cpu2:tiles1;3:cpu3:tiles1;4:cpu4:tiles1;5:cpu5:tiles1;6:cpu6:tiles1;7:cpu7:tiles1","NA",static,0,"NA","NA","/home/bananapi/MAT/kernels riscv rvv 1.0/FINAL/riscv-rvv-ime-gemm-microkernels-updated/HETEROGENEOUS_RVV_IME_OPENMP_GEMM/results/openmp_results_k1-rvv_1024_20260904_133315/raw_logs/GEMM_RVV_FP32_INT8_8x4_Baseline_RVV_IGEMM_INT8_I8I32_8x4_igemm_kernel_8x4_zvl256b_lmul1_unroll1_i8i32_run6.log",NA,NA,NA,NA,NA,NA,NA
k1_kernel_tuning,RVV,tile_N,128,2026-09-04T13:34:17,k1-rvv,"GEMM_RVV_FP32_INT8_8x4_Baseline","RVV_IGEMM_INT8_I8I32_8x4","igemm_kernel_8x4_zvl256b_lmul1_unroll2_i8i32",8x4,256b,1,2,INT8_RVV,0-7,8,8,1024,1024,1024,128,1,OK,0,NONE,0.435427334,GOPS,4.931899,parallel_tiles_including_required_packing,INDEPENDENT_INT64_REFERENCE_EXACT_INT32,0,0,"0:cpu0:tiles1;1:cpu1:tiles1;2:cpu2:tiles1;3:cpu3:tiles1;4:cpu4:tiles1;5:cpu5:tiles1;6:cpu6:tiles1;7:cpu7:tiles1","NA",static,0,"NA","NA","/home/bananapi/MAT/kernels riscv rvv 1.0/FINAL/riscv-rvv-ime-gemm-microkernels-updated/HETEROGENEOUS_RVV_IME_OPENMP_GEMM/results/openmp_results_k1-rvv_1024_20260904_133315/raw_logs/GEMM_RVV_FP32_INT8_8x4_Baseline_RVV_IGEMM_INT8_I8I32_8x4_igemm_kernel_8x4_zvl256b_lmul1_unroll2_i8i32_run1.log",NA,NA,NA,NA,NA,NA,NA
k1_kernel_tuning,RVV,tile_N,128,2026-09-04T13:34:18,k1-rvv,"GEMM_RVV_FP32_INT8_8x4_Baseline","RVV_IGEMM_INT8_I8I32_8x4","igemm_kernel_8x4_zvl256b_lmul1_unroll2_i8i32",8x4,256b,1,2,INT8_RVV,0-7,8,8,1024,1024,1024,128,2,OK,0,NONE,0.440837126,GOPS,4.871377,parallel_tiles_including_required_packing,DISABLED,0,0,"0:cpu0:tiles1;1:cpu1:tiles1;2:cpu2:tiles1;3:cpu3:tiles1;4:cpu4:tiles1;5:cpu5:tiles1;6:cpu6:tiles1;7:cpu7:tiles1","NA",static,0,"NA","NA","/home/bananapi/MAT/kernels riscv rvv 1.0/FINAL/riscv-rvv-ime-gemm-microkernels-updated/HETEROGENEOUS_RVV_IME_OPENMP_GEMM/results/openmp_results_k1-rvv_1024_20260904_133315/raw_logs/GEMM_RVV_FP32_INT8_8x4_Baseline_RVV_IGEMM_INT8_I8I32_8x4_igemm_kernel_8x4_zvl256b_lmul1_unroll2_i8i32_run2.log",NA,NA,NA,NA,NA,NA,NA
k1_kernel_tuning,RVV,tile_N,128,2026-09-04T13:34:19,k1-rvv,"GEMM_RVV_FP32_INT8_8x4_Baseline","RVV_IGEMM_INT8_I8I32_8x4","igemm_kernel_8x4_zvl256b_lmul1_unroll2_i8i32",8x4,256b,1,2,INT8_RVV,0-7,8,8,1024,1024,1024,128,3,OK,0,NONE,0.433793709,GOPS,4.950472,parallel_tiles_including_required_packing,DISABLED,0,0,"0:cpu0:tiles1;1:cpu1:tiles1;2:cpu2:tiles1;3:cpu3:tiles1;4:cpu4:tiles1;5:cpu5:tiles1;6:cpu6:tiles1;7:cpu7:tiles1","NA",static,0,"NA","NA","/home/bananapi/MAT/kernels riscv rvv 1.0/FINAL/riscv-rvv-ime-gemm-microkernels-updated/HETEROGENEOUS_RVV_IME_OPENMP_GEMM/results/openmp_results_k1-rvv_1024_20260904_133315/raw_logs/GEMM_RVV_FP32_INT8_8x4_Baseline_RVV_IGEMM_INT8_I8I32_8x4_igemm_kernel_8x4_zvl256b_lmul1_unroll2_i8i32_run3.log",NA,NA,NA,NA,NA,NA,NA
k1_kernel_tuning,RVV,tile_N,128,2026-09-04T13:34:21,k1-rvv,"GEMM_RVV_FP32_INT8_8x4_Baseline","RVV_IGEMM_INT8_I8I32_8x4","igemm_kernel_8x4_zvl256b_lmul1_unroll2_i8i32",8x4,256b,1,2,INT8_RVV,0-7,8,8,1024,1024,1024,128,4,OK,0,NONE,0.447771084,GOPS,4.795941,parallel_tiles_including_required_packing,DISABLED,0,0,"0:cpu0:tiles1;1:cpu1:tiles1;2:cpu2:tiles1;3:cpu3:tiles1;4:cpu4:tiles1;5:cpu5:tiles1;6:cpu6:tiles1;7:cpu7:tiles1","NA",static,0,"NA","NA","/home/bananapi/MAT/kernels riscv rvv 1.0/FINAL/riscv-rvv-ime-gemm-microkernels-updated/HETEROGENEOUS_RVV_IME_OPENMP_GEMM/results/openmp_results_k1-rvv_1024_20260904_133315/raw_logs/GEMM_RVV_FP32_INT8_8x4_Baseline_RVV_IGEMM_INT8_I8I32_8x4_igemm_kernel_8x4_zvl256b_lmul1_unroll2_i8i32_run4.log",NA,NA,NA,NA,NA,NA,NA
k1_kernel_tuning,RVV,tile_N,128,2026-09-04T13:34:22,k1-rvv,"GEMM_RVV_FP32_INT8_8x4_Baseline","RVV_IGEMM_INT8_I8I32_8x4","igemm_kernel_8x4_zvl256b_lmul1_unroll2_i8i32",8x4,256b,1,2,INT8_RVV,0-7,8,8,1024,1024,1024,128,5,OK,0,NONE,0.440805331,GOPS,4.871728,parallel_tiles_including_required_packing,DISABLED,0,0,"0:cpu0:tiles1;1:cpu1:tiles1;2:cpu2:tiles1;3:cpu3:tiles1;4:cpu4:tiles1;5:cpu5:tiles1;6:cpu6:tiles1;7:cpu7:tiles1","NA",static,0,"NA","NA","/home/bananapi/MAT/kernels riscv rvv 1.0/FINAL/riscv-rvv-ime-gemm-microkernels-updated/HETEROGENEOUS_RVV_IME_OPENMP_GEMM/results/openmp_results_k1-rvv_1024_20260904_133315/raw_logs/GEMM_RVV_FP32_INT8_8x4_Baseline_RVV_IGEMM_INT8_I8I32_8x4_igemm_kernel_8x4_zvl256b_lmul1_unroll2_i8i32_run5.log",NA,NA,NA,NA,NA,NA,NA
k1_kernel_tuning,RVV,tile_N,128,2026-09-04T13:34:23,k1-rvv,"GEMM_RVV_FP32_INT8_8x4_Baseline","RVV_IGEMM_INT8_I8I32_8x4","igemm_kernel_8x4_zvl256b_lmul1_unroll2_i8i32",8x4,256b,1,2,INT8_RVV,0-7,8,8,1024,1024,1024,128,6,OK,0,NONE,0.440845169,GOPS,4.871288,parallel_tiles_including_required_packing,DISABLED,0,0,"0:cpu0:tiles1;1:cpu1:tiles1;2:cpu2:tiles1;3:cpu3:tiles1;4:cpu4:tiles1;5:cpu5:tiles1;6:cpu6:tiles1;7:cpu7:tiles1","NA",static,0,"NA","NA","/home/bananapi/MAT/kernels riscv rvv 1.0/FINAL/riscv-rvv-ime-gemm-microkernels-updated/HETEROGENEOUS_RVV_IME_OPENMP_GEMM/results/openmp_results_k1-rvv_1024_20260904_133315/raw_logs/GEMM_RVV_FP32_INT8_8x4_Baseline_RVV_IGEMM_INT8_I8I32_8x4_igemm_kernel_8x4_zvl256b_lmul1_unroll2_i8i32_run6.log",NA,NA,NA,NA,NA,NA,NA
k1_kernel_tuning,RVV,tile_N,128,2026-09-04T13:34:53,k1-rvv,"GEMM_RVV_FP32_INT8_8x4_Baseline","RVV_IGEMM_INT8_I8I32_8x4","igemm_kernel_8x4_zvl256b_lmul1_unroll4_i8i32",8x4,256b,1,4,INT8_RVV,0-7,8,8,1024,1024,1024,128,1,OK,0,NONE,0.456395000,GOPS,4.705318,parallel_tiles_including_required_packing,INDEPENDENT_INT64_REFERENCE_EXACT_INT32,0,0,"0:cpu0:tiles1;1:cpu1:tiles1;2:cpu2:tiles1;3:cpu3:tiles1;4:cpu4:tiles1;5:cpu5:tiles1;6:cpu6:tiles1;7:cpu7:tiles1","NA",static,0,"NA","NA","/home/bananapi/MAT/kernels riscv rvv 1.0/FINAL/riscv-rvv-ime-gemm-microkernels-updated/HETEROGENEOUS_RVV_IME_OPENMP_GEMM/results/openmp_results_k1-rvv_1024_20260904_133315/raw_logs/GEMM_RVV_FP32_INT8_8x4_Baseline_RVV_IGEMM_INT8_I8I32_8x4_igemm_kernel_8x4_zvl256b_lmul1_unroll4_i8i32_run1.log",NA,NA,NA,NA,NA,NA,NA
k1_kernel_tuning,RVV,tile_N,128,2026-09-04T13:34:54,k1-rvv,"GEMM_RVV_FP32_INT8_8x4_Baseline","RVV_IGEMM_INT8_I8I32_8x4","igemm_kernel_8x4_zvl256b_lmul1_unroll4_i8i32",8x4,256b,1,4,INT8_RVV,0-7,8,8,1024,1024,1024,128,2,OK,0,NONE,0.447419040,GOPS,4.799714,parallel_tiles_including_required_packing,DISABLED,0,0,"0:cpu0:tiles1;1:cpu1:tiles1;2:cpu2:tiles1;3:cpu3:tiles1;4:cpu4:tiles1;5:cpu5:tiles1;6:cpu6:tiles1;7:cpu7:tiles1","NA",static,0,"NA","NA","/home/bananapi/MAT/kernels riscv rvv 1.0/FINAL/riscv-rvv-ime-gemm-microkernels-updated/HETEROGENEOUS_RVV_IME_OPENMP_GEMM/results/openmp_results_k1-rvv_1024_20260904_133315/raw_logs/GEMM_RVV_FP32_INT8_8x4_Baseline_RVV_IGEMM_INT8_I8I32_8x4_igemm_kernel_8x4_zvl256b_lmul1_unroll4_i8i32_run2.log",NA,NA,NA,NA,NA,NA,NA
k1_kernel_tuning,RVV,tile_N,128,2026-09-04T13:34:55,k1-rvv,"GEMM_RVV_FP32_INT8_8x4_Baseline","RVV_IGEMM_INT8_I8I32_8x4","igemm_kernel_8x4_zvl256b_lmul1_unroll4_i8i32",8x4,256b,1,4,INT8_RVV,0-7,8,8,1024,1024,1024,128,3,OK,0,NONE,0.445166960,GOPS,4.823996,parallel_tiles_including_required_packing,DISABLED,0,0,"0:cpu0:tiles1;1:cpu1:tiles1;2:cpu2:tiles1;3:cpu3:tiles1;4:cpu4:tiles1;5:cpu5:tiles1;6:cpu6:tiles1;7:cpu7:tiles1","NA",static,0,"NA","NA","/home/bananapi/MAT/kernels riscv rvv 1.0/FINAL/riscv-rvv-ime-gemm-microkernels-updated/HETEROGENEOUS_RVV_IME_OPENMP_GEMM/results/openmp_results_k1-rvv_1024_20260904_133315/raw_logs/GEMM_RVV_FP32_INT8_8x4_Baseline_RVV_IGEMM_INT8_I8I32_8x4_igemm_kernel_8x4_zvl256b_lmul1_unroll4_i8i32_run3.log",NA,NA,NA,NA,NA,NA,NA
k1_kernel_tuning,RVV,tile_N,128,2026-09-04T13:34:57,k1-rvv,"GEMM_RVV_FP32_INT8_8x4_Baseline","RVV_IGEMM_INT8_I8I32_8x4","igemm_kernel_8x4_zvl256b_lmul1_unroll4_i8i32",8x4,256b,1,4,INT8_RVV,0-7,8,8,1024,1024,1024,128,4,OK,0,NONE,0.444844082,GOPS,4.827497,parallel_tiles_including_required_packing,DISABLED,0,0,"0:cpu0:tiles1;1:cpu1:tiles1;2:cpu2:tiles1;3:cpu3:tiles1;4:cpu4:tiles1;5:cpu5:tiles1;6:cpu6:tiles1;7:cpu7:tiles1","NA",static,0,"NA","NA","/home/bananapi/MAT/kernels riscv rvv 1.0/FINAL/riscv-rvv-ime-gemm-microkernels-updated/HETEROGENEOUS_RVV_IME_OPENMP_GEMM/results/openmp_results_k1-rvv_1024_20260904_133315/raw_logs/GEMM_RVV_FP32_INT8_8x4_Baseline_RVV_IGEMM_INT8_I8I32_8x4_igemm_kernel_8x4_zvl256b_lmul1_unroll4_i8i32_run4.log",NA,NA,NA,NA,NA,NA,NA
k1_kernel_tuning,RVV,tile_N,128,2026-09-04T13:34:58,k1-rvv,"GEMM_RVV_FP32_INT8_8x4_Baseline","RVV_IGEMM_INT8_I8I32_8x4","igemm_kernel_8x4_zvl256b_lmul1_unroll4_i8i32",8x4,256b,1,4,INT8_RVV,0-7,8,8,1024,1024,1024,128,5,OK,0,NONE,0.452426709,GOPS,4.746589,parallel_tiles_including_required_packing,DISABLED,0,0,"0:cpu0:tiles1;1:cpu1:tiles1;2:cpu2:tiles1;3:cpu3:tiles1;4:cpu4:tiles1;5:cpu5:tiles1;6:cpu6:tiles1;7:cpu7:tiles1","NA",static,0,"NA","NA","/home/bananapi/MAT/kernels riscv rvv 1.0/FINAL/riscv-rvv-ime-gemm-microkernels-updated/HETEROGENEOUS_RVV_IME_OPENMP_GEMM/results/openmp_results_k1-rvv_1024_20260904_133315/raw_logs/GEMM_RVV_FP32_INT8_8x4_Baseline_RVV_IGEMM_INT8_I8I32_8x4_igemm_kernel_8x4_zvl256b_lmul1_unroll4_i8i32_run5.log",NA,NA,NA,NA,NA,NA,NA
k1_kernel_tuning,RVV,tile_N,128,2026-09-04T13:34:59,k1-rvv,"GEMM_RVV_FP32_INT8_8x4_Baseline","RVV_IGEMM_INT8_I8I32_8x4","igemm_kernel_8x4_zvl256b_lmul1_unroll4_i8i32",8x4,256b,1,4,INT8_RVV,0-7,8,8,1024,1024,1024,128,6,OK,0,NONE,0.454190586,GOPS,4.728155,parallel_tiles_including_required_packing,DISABLED,0,0,"0:cpu0:tiles1;1:cpu1:tiles1;2:cpu2:tiles1;3:cpu3:tiles1;4:cpu4:tiles1;5:cpu5:tiles1;6:cpu6:tiles1;7:cpu7:tiles1","NA",static,0,"NA","NA","/home/bananapi/MAT/kernels riscv rvv 1.0/FINAL/riscv-rvv-ime-gemm-microkernels-updated/HETEROGENEOUS_RVV_IME_OPENMP_GEMM/results/openmp_results_k1-rvv_1024_20260904_133315/raw_logs/GEMM_RVV_FP32_INT8_8x4_Baseline_RVV_IGEMM_INT8_I8I32_8x4_igemm_kernel_8x4_zvl256b_lmul1_unroll4_i8i32_run6.log",NA,NA,NA,NA,NA,NA,NA
k1_kernel_tuning,RVV,tile_N,128,2026-09-04T13:35:29,k1-rvv,"GEMM_RVV_FP32_INT8_8x4_Baseline","RVV_IGEMM_INT8_I8I32_8x4","igemm_kernel_8x4_zvl256b_lmul1_unroll8_i8i32",8x4,256b,1,8,INT8_RVV,0-7,8,8,1024,1024,1024,128,1,OK,0,NONE,0.419106834,GOPS,5.123953,parallel_tiles_including_required_packing,INDEPENDENT_INT64_REFERENCE_EXACT_INT32,0,0,"0:cpu0:tiles1;1:cpu1:tiles1;2:cpu2:tiles1;3:cpu3:tiles1;4:cpu4:tiles1;5:cpu5:tiles1;6:cpu6:tiles1;7:cpu7:tiles1","NA",static,0,"NA","NA","/home/bananapi/MAT/kernels riscv rvv 1.0/FINAL/riscv-rvv-ime-gemm-microkernels-updated/HETEROGENEOUS_RVV_IME_OPENMP_GEMM/results/openmp_results_k1-rvv_1024_20260904_133315/raw_logs/GEMM_RVV_FP32_INT8_8x4_Baseline_RVV_IGEMM_INT8_I8I32_8x4_igemm_kernel_8x4_zvl256b_lmul1_unroll8_i8i32_run1.log",NA,NA,NA,NA,NA,NA,NA
k1_kernel_tuning,RVV,tile_N,128,2026-09-04T13:35:30,k1-rvv,"GEMM_RVV_FP32_INT8_8x4_Baseline","RVV_IGEMM_INT8_I8I32_8x4","igemm_kernel_8x4_zvl256b_lmul1_unroll8_i8i32",8x4,256b,1,8,INT8_RVV,0-7,8,8,1024,1024,1024,128,2,OK,0,NONE,0.417795833,GOPS,5.140031,parallel_tiles_including_required_packing,DISABLED,0,0,"0:cpu0:tiles1;1:cpu1:tiles1;2:cpu2:tiles1;3:cpu3:tiles1;4:cpu4:tiles1;5:cpu5:tiles1;6:cpu6:tiles1;7:cpu7:tiles1","NA",static,0,"NA","NA","/home/bananapi/MAT/kernels riscv rvv 1.0/FINAL/riscv-rvv-ime-gemm-microkernels-updated/HETEROGENEOUS_RVV_IME_OPENMP_GEMM/results/openmp_results_k1-rvv_1024_20260904_133315/raw_logs/GEMM_RVV_FP32_INT8_8x4_Baseline_RVV_IGEMM_INT8_I8I32_8x4_igemm_kernel_8x4_zvl256b_lmul1_unroll8_i8i32_run2.log",NA,NA,NA,NA,NA,NA,NA
k1_kernel_tuning,RVV,tile_N,128,2026-09-04T13:35:31,k1-rvv,"GEMM_RVV_FP32_INT8_8x4_Baseline","RVV_IGEMM_INT8_I8I32_8x4","igemm_kernel_8x4_zvl256b_lmul1_unroll8_i8i32",8x4,256b,1,8,INT8_RVV,0-7,8,8,1024,1024,1024,128,3,OK,0,NONE,0.411091916,GOPS,5.223853,parallel_tiles_including_required_packing,DISABLED,0,0,"0:cpu0:tiles1;1:cpu1:tiles1;2:cpu2:tiles1;3:cpu3:tiles1;4:cpu4:tiles1;5:cpu5:tiles1;6:cpu6:tiles1;7:cpu7:tiles1","NA",static,0,"NA","NA","/home/bananapi/MAT/kernels riscv rvv 1.0/FINAL/riscv-rvv-ime-gemm-microkernels-updated/HETEROGENEOUS_RVV_IME_OPENMP_GEMM/results/openmp_results_k1-rvv_1024_20260904_133315/raw_logs/GEMM_RVV_FP32_INT8_8x4_Baseline_RVV_IGEMM_INT8_I8I32_8x4_igemm_kernel_8x4_zvl256b_lmul1_unroll8_i8i32_run3.log",NA,NA,NA,NA,NA,NA,NA
k1_kernel_tuning,RVV,tile_N,128,2026-09-04T13:35:32,k1-rvv,"GEMM_RVV_FP32_INT8_8x4_Baseline","RVV_IGEMM_INT8_I8I32_8x4","igemm_kernel_8x4_zvl256b_lmul1_unroll8_i8i32",8x4,256b,1,8,INT8_RVV,0-7,8,8,1024,1024,1024,128,4,OK,0,NONE,0.410732750,GOPS,5.228421,parallel_tiles_including_required_packing,DISABLED,0,0,"0:cpu0:tiles1;1:cpu1:tiles1;2:cpu2:tiles1;3:cpu3:tiles1;4:cpu4:tiles1;5:cpu5:tiles1;6:cpu6:tiles1;7:cpu7:tiles1","NA",static,0,"NA","NA","/home/bananapi/MAT/kernels riscv rvv 1.0/FINAL/riscv-rvv-ime-gemm-microkernels-updated/HETEROGENEOUS_RVV_IME_OPENMP_GEMM/results/openmp_results_k1-rvv_1024_20260904_133315/raw_logs/GEMM_RVV_FP32_INT8_8x4_Baseline_RVV_IGEMM_INT8_I8I32_8x4_igemm_kernel_8x4_zvl256b_lmul1_unroll8_i8i32_run4.log",NA,NA,NA,NA,NA,NA,NA
k1_kernel_tuning,RVV,tile_N,128,2026-09-04T13:35:33,k1-rvv,"GEMM_RVV_FP32_INT8_8x4_Baseline","RVV_IGEMM_INT8_I8I32_8x4","igemm_kernel_8x4_zvl256b_lmul1_unroll8_i8i32",8x4,256b,1,8,INT8_RVV,0-7,8,8,1024,1024,1024,128,5,OK,0,NONE,0.409599960,GOPS,5.242881,parallel_tiles_including_required_packing,DISABLED,0,0,"0:cpu0:tiles1;1:cpu1:tiles1;2:cpu2:tiles1;3:cpu3:tiles1;4:cpu4:tiles1;5:cpu5:tiles1;6:cpu6:tiles1;7:cpu7:tiles1","NA",static,0,"NA","NA","/home/bananapi/MAT/kernels riscv rvv 1.0/FINAL/riscv-rvv-ime-gemm-microkernels-updated/HETEROGENEOUS_RVV_IME_OPENMP_GEMM/results/openmp_results_k1-rvv_1024_20260904_133315/raw_logs/GEMM_RVV_FP32_INT8_8x4_Baseline_RVV_IGEMM_INT8_I8I32_8x4_igemm_kernel_8x4_zvl256b_lmul1_unroll8_i8i32_run5.log",NA,NA,NA,NA,NA,NA,NA
k1_kernel_tuning,RVV,tile_N,128,2026-09-04T13:35:34,k1-rvv,"GEMM_RVV_FP32_INT8_8x4_Baseline","RVV_IGEMM_INT8_I8I32_8x4","igemm_kernel_8x4_zvl256b_lmul1_unroll8_i8i32",8x4,256b,1,8,INT8_RVV,0-7,8,8,1024,1024,1024,128,6,OK,0,NONE,0.415678788,GOPS,5.166209,parallel_tiles_including_required_packing,DISABLED,0,0,"0:cpu0:tiles1;1:cpu1:tiles1;2:cpu2:tiles1;3:cpu3:tiles1;4:cpu4:tiles1;5:cpu5:tiles1;6:cpu6:tiles1;7:cpu7:tiles1","NA",static,0,"NA","NA","/home/bananapi/MAT/kernels riscv rvv 1.0/FINAL/riscv-rvv-ime-gemm-microkernels-updated/HETEROGENEOUS_RVV_IME_OPENMP_GEMM/results/openmp_results_k1-rvv_1024_20260904_133315/raw_logs/GEMM_RVV_FP32_INT8_8x4_Baseline_RVV_IGEMM_INT8_I8I32_8x4_igemm_kernel_8x4_zvl256b_lmul1_unroll8_i8i32_run6.log",NA,NA,NA,NA,NA,NA,NA
k1_kernel_tuning,RVV,tile_N,128,2026-09-04T13:36:12,k1-rvv,"GEMM_RVV_FP32_INT8_8x4_Baseline","RVV_IGEMM_INT8_I8I32_8x4","igemm_kernel_8x4_zvl256b_lmul2_unroll1_i8i32",8x4,256b,2,1,INT8_RVV,0-7,8,8,1024,1024,1024,128,1,OK,0,NONE,1.016698919,GOPS,2.112212,parallel_tiles_including_required_packing,INDEPENDENT_INT64_REFERENCE_EXACT_INT32,0,0,"0:cpu0:tiles1;1:cpu1:tiles1;2:cpu2:tiles1;3:cpu3:tiles1;4:cpu4:tiles1;5:cpu5:tiles1;6:cpu6:tiles1;7:cpu7:tiles1","NA",static,0,"NA","NA","/home/bananapi/MAT/kernels riscv rvv 1.0/FINAL/riscv-rvv-ime-gemm-microkernels-updated/HETEROGENEOUS_RVV_IME_OPENMP_GEMM/results/openmp_results_k1-rvv_1024_20260904_133315/raw_logs/GEMM_RVV_FP32_INT8_8x4_Baseline_RVV_IGEMM_INT8_I8I32_8x4_igemm_kernel_8x4_zvl256b_lmul2_unroll1_i8i32_run1.log",NA,NA,NA,NA,NA,NA,NA
k1_kernel_tuning,RVV,tile_N,128,2026-09-04T13:36:14,k1-rvv,"GEMM_RVV_FP32_INT8_8x4_Baseline","RVV_IGEMM_INT8_I8I32_8x4","igemm_kernel_8x4_zvl256b_lmul2_unroll1_i8i32",8x4,256b,2,1,INT8_RVV,0-7,8,8,1024,1024,1024,128,2,OK,0,NONE,1.012635626,GOPS,2.120687,parallel_tiles_including_required_packing,DISABLED,0,0,"0:cpu0:tiles1;1:cpu1:tiles1;2:cpu2:tiles1;3:cpu3:tiles1;4:cpu4:tiles1;5:cpu5:tiles1;6:cpu6:tiles1;7:cpu7:tiles1","NA",static,0,"NA","NA","/home/bananapi/MAT/kernels riscv rvv 1.0/FINAL/riscv-rvv-ime-gemm-microkernels-updated/HETEROGENEOUS_RVV_IME_OPENMP_GEMM/results/openmp_results_k1-rvv_1024_20260904_133315/raw_logs/GEMM_RVV_FP32_INT8_8x4_Baseline_RVV_IGEMM_INT8_I8I32_8x4_igemm_kernel_8x4_zvl256b_lmul2_unroll1_i8i32_run2.log",NA,NA,NA,NA,NA,NA,NA
k1_kernel_tuning,RVV,tile_N,128,2026-09-04T13:36:16,k1-rvv,"GEMM_RVV_FP32_INT8_8x4_Baseline","RVV_IGEMM_INT8_I8I32_8x4","igemm_kernel_8x4_zvl256b_lmul2_unroll1_i8i32",8x4,256b,2,1,INT8_RVV,0-7,8,8,1024,1024,1024,128,3,OK,0,NONE,1.020271957,GOPS,2.104815,parallel_tiles_including_required_packing,DISABLED,0,0,"0:cpu0:tiles1;1:cpu1:tiles1;2:cpu2:tiles1;3:cpu3:tiles1;4:cpu4:tiles1;5:cpu5:tiles1;6:cpu6:tiles1;7:cpu7:tiles1","NA",static,0,"NA","NA","/home/bananapi/MAT/kernels riscv rvv 1.0/FINAL/riscv-rvv-ime-gemm-microkernels-updated/HETEROGENEOUS_RVV_IME_OPENMP_GEMM/results/openmp_results_k1-rvv_1024_20260904_133315/raw_logs/GEMM_RVV_FP32_INT8_8x4_Baseline_RVV_IGEMM_INT8_I8I32_8x4_igemm_kernel_8x4_zvl256b_lmul2_unroll1_i8i32_run3.log",NA,NA,NA,NA,NA,NA,NA
k1_kernel_tuning,RVV,tile_N,128,2026-09-04T13:36:19,k1-rvv,"GEMM_RVV_FP32_INT8_8x4_Baseline","RVV_IGEMM_INT8_I8I32_8x4","igemm_kernel_8x4_zvl256b_lmul2_unroll1_i8i32",8x4,256b,2,1,INT8_RVV,0-7,8,8,1024,1024,1024,128,4,OK,0,NONE,1.022809125,GOPS,2.099594,parallel_tiles_including_required_packing,DISABLED,0,0,"0:cpu0:tiles1;1:cpu1:tiles1;2:cpu2:tiles1;3:cpu3:tiles1;4:cpu4:tiles1;5:cpu5:tiles1;6:cpu6:tiles1;7:cpu7:tiles1","NA",static,0,"NA","NA","/home/bananapi/MAT/kernels riscv rvv 1.0/FINAL/riscv-rvv-ime-gemm-microkernels-updated/HETEROGENEOUS_RVV_IME_OPENMP_GEMM/results/openmp_results_k1-rvv_1024_20260904_133315/raw_logs/GEMM_RVV_FP32_INT8_8x4_Baseline_RVV_IGEMM_INT8_I8I32_8x4_igemm_kernel_8x4_zvl256b_lmul2_unroll1_i8i32_run4.log",NA,NA,NA,NA,NA,NA,NA
k1_kernel_tuning,RVV,tile_N,128,2026-09-04T13:36:21,k1-rvv,"GEMM_RVV_FP32_INT8_8x4_Baseline","RVV_IGEMM_INT8_I8I32_8x4","igemm_kernel_8x4_zvl256b_lmul2_unroll1_i8i32",8x4,256b,2,1,INT8_RVV,0-7,8,8,1024,1024,1024,128,5,OK,0,NONE,1.016160291,GOPS,2.113332,parallel_tiles_including_required_packing,DISABLED,0,0,"0:cpu0:tiles1;1:cpu1:tiles1;2:cpu2:tiles1;3:cpu3:tiles1;4:cpu4:tiles1;5:cpu5:tiles1;6:cpu6:tiles1;7:cpu7:tiles1","NA",static,0,"NA","NA","/home/bananapi/MAT/kernels riscv rvv 1.0/FINAL/riscv-rvv-ime-gemm-microkernels-updated/HETEROGENEOUS_RVV_IME_OPENMP_GEMM/results/openmp_results_k1-rvv_1024_20260904_133315/raw_logs/GEMM_RVV_FP32_INT8_8x4_Baseline_RVV_IGEMM_INT8_I8I32_8x4_igemm_kernel_8x4_zvl256b_lmul2_unroll1_i8i32_run5.log",NA,NA,NA,NA,NA,NA,NA
k1_kernel_tuning,RVV,tile_N,128,2026-09-04T13:36:24,k1-rvv,"GEMM_RVV_FP32_INT8_8x4_Baseline","RVV_IGEMM_INT8_I8I32_8x4","igemm_kernel_8x4_zvl256b_lmul2_unroll1_i8i32",8x4,256b,2,1,INT8_RVV,0-7,8,8,1024,1024,1024,128,6,OK,0,NONE,1.023833752,GOPS,2.097493,parallel_tiles_including_required_packing,DISABLED,0,0,"0:cpu0:tiles1;1:cpu1:tiles1;2:cpu2:tiles1;3:cpu3:tiles1;4:cpu4:tiles1;5:cpu5:tiles1;6:cpu6:tiles1;7:cpu7:tiles1","NA",static,0,"NA","NA","/home/bananapi/MAT/kernels riscv rvv 1.0/FINAL/riscv-rvv-ime-gemm-microkernels-updated/HETEROGENEOUS_RVV_IME_OPENMP_GEMM/results/openmp_results_k1-rvv_1024_20260904_133315/raw_logs/GEMM_RVV_FP32_INT8_8x4_Baseline_RVV_IGEMM_INT8_I8I32_8x4_igemm_kernel_8x4_zvl256b_lmul2_unroll1_i8i32_run6.log",NA,NA,NA,NA,NA,NA,NA
k1_kernel_tuning,RVV,tile_N,128,2026-09-04T13:36:53,k1-rvv,"GEMM_RVV_FP32_INT8_8x4_Baseline","RVV_IGEMM_INT8_I8I32_8x4","igemm_kernel_8x4_zvl256b_lmul2_unroll2_i8i32",8x4,256b,2,2,INT8_RVV,0-7,8,8,1024,1024,1024,128,1,OK,0,NONE,1.057373669,GOPS,2.030960,parallel_tiles_including_required_packing,INDEPENDENT_INT64_REFERENCE_EXACT_INT32,0,0,"0:cpu0:tiles1;1:cpu1:tiles1;2:cpu2:tiles1;3:cpu3:tiles1;4:cpu4:tiles1;5:cpu5:tiles1;6:cpu6:tiles1;7:cpu7:tiles1","NA",static,0,"NA","NA","/home/bananapi/MAT/kernels riscv rvv 1.0/FINAL/riscv-rvv-ime-gemm-microkernels-updated/HETEROGENEOUS_RVV_IME_OPENMP_GEMM/results/openmp_results_k1-rvv_1024_20260904_133315/raw_logs/GEMM_RVV_FP32_INT8_8x4_Baseline_RVV_IGEMM_INT8_I8I32_8x4_igemm_kernel_8x4_zvl256b_lmul2_unroll2_i8i32_run1.log",NA,NA,NA,NA,NA,NA,NA
k1_kernel_tuning,RVV,tile_N,128,2026-09-04T13:36:56,k1-rvv,"GEMM_RVV_FP32_INT8_8x4_Baseline","RVV_IGEMM_INT8_I8I32_8x4","igemm_kernel_8x4_zvl256b_lmul2_unroll2_i8i32",8x4,256b,2,2,INT8_RVV,0-7,8,8,1024,1024,1024,128,2,OK,0,NONE,1.057903498,GOPS,2.029943,parallel_tiles_including_required_packing,DISABLED,0,0,"0:cpu0:tiles1;1:cpu1:tiles1;2:cpu2:tiles1;3:cpu3:tiles1;4:cpu4:tiles1;5:cpu5:tiles1;6:cpu6:tiles1;7:cpu7:tiles1","NA",static,0,"NA","NA","/home/bananapi/MAT/kernels riscv rvv 1.0/FINAL/riscv-rvv-ime-gemm-microkernels-updated/HETEROGENEOUS_RVV_IME_OPENMP_GEMM/results/openmp_results_k1-rvv_1024_20260904_133315/raw_logs/GEMM_RVV_FP32_INT8_8x4_Baseline_RVV_IGEMM_INT8_I8I32_8x4_igemm_kernel_8x4_zvl256b_lmul2_unroll2_i8i32_run2.log",NA,NA,NA,NA,NA,NA,NA
k1_kernel_tuning,RVV,tile_N,128,2026-09-04T13:36:58,k1-rvv,"GEMM_RVV_FP32_INT8_8x4_Baseline","RVV_IGEMM_INT8_I8I32_8x4","igemm_kernel_8x4_zvl256b_lmul2_unroll2_i8i32",8x4,256b,2,2,INT8_RVV,0-7,8,8,1024,1024,1024,128,3,OK,0,NONE,1.048419625,GOPS,2.048305,parallel_tiles_including_required_packing,DISABLED,0,0,"0:cpu0:tiles1;1:cpu1:tiles1;2:cpu2:tiles1;3:cpu3:tiles1;4:cpu4:tiles1;5:cpu5:tiles1;6:cpu6:tiles1;7:cpu7:tiles1","NA",static,0,"NA","NA","/home/bananapi/MAT/kernels riscv rvv 1.0/FINAL/riscv-rvv-ime-gemm-microkernels-updated/HETEROGENEOUS_RVV_IME_OPENMP_GEMM/results/openmp_results_k1-rvv_1024_20260904_133315/raw_logs/GEMM_RVV_FP32_INT8_8x4_Baseline_RVV_IGEMM_INT8_I8I32_8x4_igemm_kernel_8x4_zvl256b_lmul2_unroll2_i8i32_run3.log",NA,NA,NA,NA,NA,NA,NA
k1_kernel_tuning,RVV,tile_N,128,2026-09-04T13:37:01,k1-rvv,"GEMM_RVV_FP32_INT8_8x4_Baseline","RVV_IGEMM_INT8_I8I32_8x4","igemm_kernel_8x4_zvl256b_lmul2_unroll2_i8i32",8x4,256b,2,2,INT8_RVV,0-7,8,8,1024,1024,1024,128,4,OK,0,NONE,1.049720377,GOPS,2.045767,parallel_tiles_including_required_packing,DISABLED,0,0,"0:cpu0:tiles1;1:cpu1:tiles1;2:cpu2:tiles1;3:cpu3:tiles1;4:cpu4:tiles1;5:cpu5:tiles1;6:cpu6:tiles1;7:cpu7:tiles1","NA",static,0,"NA","NA","/home/bananapi/MAT/kernels riscv rvv 1.0/FINAL/riscv-rvv-ime-gemm-microkernels-updated/HETEROGENEOUS_RVV_IME_OPENMP_GEMM/results/openmp_results_k1-rvv_1024_20260904_133315/raw_logs/GEMM_RVV_FP32_INT8_8x4_Baseline_RVV_IGEMM_INT8_I8I32_8x4_igemm_kernel_8x4_zvl256b_lmul2_unroll2_i8i32_run4.log",NA,NA,NA,NA,NA,NA,NA
k1_kernel_tuning,RVV,tile_N,128,2026-09-04T13:37:03,k1-rvv,"GEMM_RVV_FP32_INT8_8x4_Baseline","RVV_IGEMM_INT8_I8I32_8x4","igemm_kernel_8x4_zvl256b_lmul2_unroll2_i8i32",8x4,256b,2,2,INT8_RVV,0-7,8,8,1024,1024,1024,128,5,OK,0,NONE,1.056148794,GOPS,2.033315,parallel_tiles_including_required_packing,DISABLED,0,0,"0:cpu0:tiles1;1:cpu1:tiles1;2:cpu2:tiles1;3:cpu3:tiles1;4:cpu4:tiles1;5:cpu5:tiles1;6:cpu6:tiles1;7:cpu7:tiles1","NA",static,0,"NA","NA","/home/bananapi/MAT/kernels riscv rvv 1.0/FINAL/riscv-rvv-ime-gemm-microkernels-updated/HETEROGENEOUS_RVV_IME_OPENMP_GEMM/results/openmp_results_k1-rvv_1024_20260904_133315/raw_logs/GEMM_RVV_FP32_INT8_8x4_Baseline_RVV_IGEMM_INT8_I8I32_8x4_igemm_kernel_8x4_zvl256b_lmul2_unroll2_i8i32_run5.log",NA,NA,NA,NA,NA,NA,NA
k1_kernel_tuning,RVV,tile_N,128,2026-09-04T13:37:05,k1-rvv,"GEMM_RVV_FP32_INT8_8x4_Baseline","RVV_IGEMM_INT8_I8I32_8x4","igemm_kernel_8x4_zvl256b_lmul2_unroll2_i8i32",8x4,256b,2,2,INT8_RVV,0-7,8,8,1024,1024,1024,128,6,OK,0,NONE,1.065864250,GOPS,2.014782,parallel_tiles_including_required_packing,DISABLED,0,0,"0:cpu0:tiles1;1:cpu1:tiles1;2:cpu2:tiles1;3:cpu3:tiles1;4:cpu4:tiles1;5:cpu5:tiles1;6:cpu6:tiles1;7:cpu7:tiles1","NA",static,0,"NA","NA","/home/bananapi/MAT/kernels riscv rvv 1.0/FINAL/riscv-rvv-ime-gemm-microkernels-updated/HETEROGENEOUS_RVV_IME_OPENMP_GEMM/results/openmp_results_k1-rvv_1024_20260904_133315/raw_logs/GEMM_RVV_FP32_INT8_8x4_Baseline_RVV_IGEMM_INT8_I8I32_8x4_igemm_kernel_8x4_zvl256b_lmul2_unroll2_i8i32_run6.log",NA,NA,NA,NA,NA,NA,NA
k1_kernel_tuning,RVV,tile_N,128,2026-09-04T13:37:37,k1-rvv,"GEMM_RVV_FP32_INT8_8x4_Baseline","RVV_IGEMM_INT8_I8I32_8x4","igemm_kernel_8x4_zvl256b_lmul2_unroll4_i8i32",8x4,256b,2,4,INT8_RVV,0-7,8,8,1024,1024,1024,128,1,OK,0,NONE,1.223628961,GOPS,1.755012,parallel_tiles_including_required_packing,INDEPENDENT_INT64_REFERENCE_EXACT_INT32,0,0,"0:cpu0:tiles1;1:cpu1:tiles1;2:cpu2:tiles1;3:cpu3:tiles1;4:cpu4:tiles1;5:cpu5:tiles1;6:cpu6:tiles1;7:cpu7:tiles1","NA",static,0,"NA","NA","/home/bananapi/MAT/kernels riscv rvv 1.0/FINAL/riscv-rvv-ime-gemm-microkernels-updated/HETEROGENEOUS_RVV_IME_OPENMP_GEMM/results/openmp_results_k1-rvv_1024_20260904_133315/raw_logs/GEMM_RVV_FP32_INT8_8x4_Baseline_RVV_IGEMM_INT8_I8I32_8x4_igemm_kernel_8x4_zvl256b_lmul2_unroll4_i8i32_run1.log",NA,NA,NA,NA,NA,NA,NA
k1_kernel_tuning,RVV,tile_N,128,2026-09-04T13:37:39,k1-rvv,"GEMM_RVV_FP32_INT8_8x4_Baseline","RVV_IGEMM_INT8_I8I32_8x4","igemm_kernel_8x4_zvl256b_lmul2_unroll4_i8i32",8x4,256b,2,4,INT8_RVV,0-7,8,8,1024,1024,1024,128,2,OK,0,NONE,1.219018377,GOPS,1.761650,parallel_tiles_including_required_packing,DISABLED,0,0,"0:cpu0:tiles1;1:cpu1:tiles1;2:cpu2:tiles1;3:cpu3:tiles1;4:cpu4:tiles1;5:cpu5:tiles1;6:cpu6:tiles1;7:cpu7:tiles1","NA",static,0,"NA","NA","/home/bananapi/MAT/kernels riscv rvv 1.0/FINAL/riscv-rvv-ime-gemm-microkernels-updated/HETEROGENEOUS_RVV_IME_OPENMP_GEMM/results/openmp_results_k1-rvv_1024_20260904_133315/raw_logs/GEMM_RVV_FP32_INT8_8x4_Baseline_RVV_IGEMM_INT8_I8I32_8x4_igemm_kernel_8x4_zvl256b_lmul2_unroll4_i8i32_run2.log",NA,NA,NA,NA,NA,NA,NA
k1_kernel_tuning,RVV,tile_N,128,2026-09-04T13:37:42,k1-rvv,"GEMM_RVV_FP32_INT8_8x4_Baseline","RVV_IGEMM_INT8_I8I32_8x4","igemm_kernel_8x4_zvl256b_lmul2_unroll4_i8i32",8x4,256b,2,4,INT8_RVV,0-7,8,8,1024,1024,1024,128,3,OK,0,NONE,1.219251461,GOPS,1.761313,parallel_tiles_including_required_packing,DISABLED,0,0,"0:cpu0:tiles1;1:cpu1:tiles1;2:cpu2:tiles1;3:cpu3:tiles1;4:cpu4:tiles1;5:cpu5:tiles1;6:cpu6:tiles1;7:cpu7:tiles1","NA",static,0,"NA","NA","/home/bananapi/MAT/kernels riscv rvv 1.0/FINAL/riscv-rvv-ime-gemm-microkernels-updated/HETEROGENEOUS_RVV_IME_OPENMP_GEMM/results/openmp_results_k1-rvv_1024_20260904_133315/raw_logs/GEMM_RVV_FP32_INT8_8x4_Baseline_RVV_IGEMM_INT8_I8I32_8x4_igemm_kernel_8x4_zvl256b_lmul2_unroll4_i8i32_run3.log",NA,NA,NA,NA,NA,NA,NA
k1_kernel_tuning,RVV,tile_N,128,2026-09-04T13:37:45,k1-rvv,"GEMM_RVV_FP32_INT8_8x4_Baseline","RVV_IGEMM_INT8_I8I32_8x4","igemm_kernel_8x4_zvl256b_lmul2_unroll4_i8i32",8x4,256b,2,4,INT8_RVV,0-7,8,8,1024,1024,1024,128,4,OK,0,NONE,1.235363375,GOPS,1.738342,parallel_tiles_including_required_packing,DISABLED,0,0,"0:cpu0:tiles1;1:cpu1:tiles1;2:cpu2:tiles1;3:cpu3:tiles1;4:cpu4:tiles1;5:cpu5:tiles1;6:cpu6:tiles1;7:cpu7:tiles1","NA",static,0,"NA","NA","/home/bananapi/MAT/kernels riscv rvv 1.0/FINAL/riscv-rvv-ime-gemm-microkernels-updated/HETEROGENEOUS_RVV_IME_OPENMP_GEMM/results/openmp_results_k1-rvv_1024_20260904_133315/raw_logs/GEMM_RVV_FP32_INT8_8x4_Baseline_RVV_IGEMM_INT8_I8I32_8x4_igemm_kernel_8x4_zvl256b_lmul2_unroll4_i8i32_run4.log",NA,NA,NA,NA,NA,NA,NA
k1_kernel_tuning,RVV,tile_N,128,2026-09-04T13:37:48,k1-rvv,"GEMM_RVV_FP32_INT8_8x4_Baseline","RVV_IGEMM_INT8_I8I32_8x4","igemm_kernel_8x4_zvl256b_lmul2_unroll4_i8i32",8x4,256b,2,4,INT8_RVV,0-7,8,8,1024,1024,1024,128,5,OK,0,NONE,1.219992127,GOPS,1.760244,parallel_tiles_including_required_packing,DISABLED,0,0,"0:cpu0:tiles1;1:cpu1:tiles1;2:cpu2:tiles1;3:cpu3:tiles1;4:cpu4:tiles1;5:cpu5:tiles1;6:cpu6:tiles1;7:cpu7:tiles1","NA",static,0,"NA","NA","/home/bananapi/MAT/kernels riscv rvv 1.0/FINAL/riscv-rvv-ime-gemm-microkernels-updated/HETEROGENEOUS_RVV_IME_OPENMP_GEMM/results/openmp_results_k1-rvv_1024_20260904_133315/raw_logs/GEMM_RVV_FP32_INT8_8x4_Baseline_RVV_IGEMM_INT8_I8I32_8x4_igemm_kernel_8x4_zvl256b_lmul2_unroll4_i8i32_run5.log",NA,NA,NA,NA,NA,NA,NA
k1_kernel_tuning,RVV,tile_N,128,2026-09-04T13:37:50,k1-rvv,"GEMM_RVV_FP32_INT8_8x4_Baseline","RVV_IGEMM_INT8_I8I32_8x4","igemm_kernel_8x4_zvl256b_lmul2_unroll4_i8i32",8x4,256b,2,4,INT8_RVV,0-7,8,8,1024,1024,1024,128,6,OK,0,NONE,1.219403125,GOPS,1.761094,parallel_tiles_including_required_packing,DISABLED,0,0,"0:cpu0:tiles1;1:cpu1:tiles1;2:cpu2:tiles1;3:cpu3:tiles1;4:cpu4:tiles1;5:cpu5:tiles1;6:cpu6:tiles1;7:cpu7:tiles1","NA",static,0,"NA","NA","/home/bananapi/MAT/kernels riscv rvv 1.0/FINAL/riscv-rvv-ime-gemm-microkernels-updated/HETEROGENEOUS_RVV_IME_OPENMP_GEMM/results/openmp_results_k1-rvv_1024_20260904_133315/raw_logs/GEMM_RVV_FP32_INT8_8x4_Baseline_RVV_IGEMM_INT8_I8I32_8x4_igemm_kernel_8x4_zvl256b_lmul2_unroll4_i8i32_run6.log",NA,NA,NA,NA,NA,NA,NA
k1_kernel_tuning,RVV,tile_N,128,2026-09-04T13:38:23,k1-rvv,"GEMM_RVV_FP32_INT8_8x4_Baseline","RVV_IGEMM_INT8_I8I32_8x4","igemm_kernel_8x4_zvl256b_lmul2_unroll8_i8i32",8x4,256b,2,8,INT8_RVV,0-7,8,8,1024,1024,1024,128,1,OK,0,NONE,1.258731417,GOPS,1.706070,parallel_tiles_including_required_packing,INDEPENDENT_INT64_REFERENCE_EXACT_INT32,0,0,"0:cpu0:tiles1;1:cpu1:tiles1;2:cpu2:tiles1;3:cpu3:tiles1;4:cpu4:tiles1;5:cpu5:tiles1;6:cpu6:tiles1;7:cpu7:tiles1","NA",static,0,"NA","NA","/home/bananapi/MAT/kernels riscv rvv 1.0/FINAL/riscv-rvv-ime-gemm-microkernels-updated/HETEROGENEOUS_RVV_IME_OPENMP_GEMM/results/openmp_results_k1-rvv_1024_20260904_133315/raw_logs/GEMM_RVV_FP32_INT8_8x4_Baseline_RVV_IGEMM_INT8_I8I32_8x4_igemm_kernel_8x4_zvl256b_lmul2_unroll8_i8i32_run1.log",NA,NA,NA,NA,NA,NA,NA
k1_kernel_tuning,RVV,tile_N,128,2026-09-04T13:38:26,k1-rvv,"GEMM_RVV_FP32_INT8_8x4_Baseline","RVV_IGEMM_INT8_I8I32_8x4","igemm_kernel_8x4_zvl256b_lmul2_unroll8_i8i32",8x4,256b,2,8,INT8_RVV,0-7,8,8,1024,1024,1024,128,2,OK,0,NONE,1.263478164,GOPS,1.699660,parallel_tiles_including_required_packing,DISABLED,0,0,"0:cpu0:tiles1;1:cpu1:tiles1;2:cpu2:tiles1;3:cpu3:tiles1;4:cpu4:tiles1;5:cpu5:tiles1;6:cpu6:tiles1;7:cpu7:tiles1","NA",static,0,"NA","NA","/home/bananapi/MAT/kernels riscv rvv 1.0/FINAL/riscv-rvv-ime-gemm-microkernels-updated/HETEROGENEOUS_RVV_IME_OPENMP_GEMM/results/openmp_results_k1-rvv_1024_20260904_133315/raw_logs/GEMM_RVV_FP32_INT8_8x4_Baseline_RVV_IGEMM_INT8_I8I32_8x4_igemm_kernel_8x4_zvl256b_lmul2_unroll8_i8i32_run2.log",NA,NA,NA,NA,NA,NA,NA
k1_kernel_tuning,RVV,tile_N,128,2026-09-04T13:38:28,k1-rvv,"GEMM_RVV_FP32_INT8_8x4_Baseline","RVV_IGEMM_INT8_I8I32_8x4","igemm_kernel_8x4_zvl256b_lmul2_unroll8_i8i32",8x4,256b,2,8,INT8_RVV,0-7,8,8,1024,1024,1024,128,3,OK,0,NONE,1.267969251,GOPS,1.693640,parallel_tiles_including_required_packing,DISABLED,0,0,"0:cpu0:tiles1;1:cpu1:tiles1;2:cpu2:tiles1;3:cpu3:tiles1;4:cpu4:tiles1;5:cpu5:tiles1;6:cpu6:tiles1;7:cpu7:tiles1","NA",static,0,"NA","NA","/home/bananapi/MAT/kernels riscv rvv 1.0/FINAL/riscv-rvv-ime-gemm-microkernels-updated/HETEROGENEOUS_RVV_IME_OPENMP_GEMM/results/openmp_results_k1-rvv_1024_20260904_133315/raw_logs/GEMM_RVV_FP32_INT8_8x4_Baseline_RVV_IGEMM_INT8_I8I32_8x4_igemm_kernel_8x4_zvl256b_lmul2_unroll8_i8i32_run3.log",NA,NA,NA,NA,NA,NA,NA
k1_kernel_tuning,RVV,tile_N,128,2026-09-04T13:38:31,k1-rvv,"GEMM_RVV_FP32_INT8_8x4_Baseline","RVV_IGEMM_INT8_I8I32_8x4","igemm_kernel_8x4_zvl256b_lmul2_unroll8_i8i32",8x4,256b,2,8,INT8_RVV,0-7,8,8,1024,1024,1024,128,4,OK,0,NONE,1.263874166,GOPS,1.699128,parallel_tiles_including_required_packing,DISABLED,0,0,"0:cpu0:tiles1;1:cpu1:tiles1;2:cpu2:tiles1;3:cpu3:tiles1;4:cpu4:tiles1;5:cpu5:tiles1;6:cpu6:tiles1;7:cpu7:tiles1","NA",static,0,"NA","NA","/home/bananapi/MAT/kernels riscv rvv 1.0/FINAL/riscv-rvv-ime-gemm-microkernels-updated/HETEROGENEOUS_RVV_IME_OPENMP_GEMM/results/openmp_results_k1-rvv_1024_20260904_133315/raw_logs/GEMM_RVV_FP32_INT8_8x4_Baseline_RVV_IGEMM_INT8_I8I32_8x4_igemm_kernel_8x4_zvl256b_lmul2_unroll8_i8i32_run4.log",NA,NA,NA,NA,NA,NA,NA
k1_kernel_tuning,RVV,tile_N,128,2026-09-04T13:38:34,k1-rvv,"GEMM_RVV_FP32_INT8_8x4_Baseline","RVV_IGEMM_INT8_I8I32_8x4","igemm_kernel_8x4_zvl256b_lmul2_unroll8_i8i32",8x4,256b,2,8,INT8_RVV,0-7,8,8,1024,1024,1024,128,5,OK,0,NONE,1.258623209,GOPS,1.706216,parallel_tiles_including_required_packing,DISABLED,0,0,"0:cpu0:tiles1;1:cpu1:tiles1;2:cpu2:tiles1;3:cpu3:tiles1;4:cpu4:tiles1;5:cpu5:tiles1;6:cpu6:tiles1;7:cpu7:tiles1","NA",static,0,"NA","NA","/home/bananapi/MAT/kernels riscv rvv 1.0/FINAL/riscv-rvv-ime-gemm-microkernels-updated/HETEROGENEOUS_RVV_IME_OPENMP_GEMM/results/openmp_results_k1-rvv_1024_20260904_133315/raw_logs/GEMM_RVV_FP32_INT8_8x4_Baseline_RVV_IGEMM_INT8_I8I32_8x4_igemm_kernel_8x4_zvl256b_lmul2_unroll8_i8i32_run5.log",NA,NA,NA,NA,NA,NA,NA
k1_kernel_tuning,RVV,tile_N,128,2026-09-04T13:38:37,k1-rvv,"GEMM_RVV_FP32_INT8_8x4_Baseline","RVV_IGEMM_INT8_I8I32_8x4","igemm_kernel_8x4_zvl256b_lmul2_unroll8_i8i32",8x4,256b,2,8,INT8_RVV,0-7,8,8,1024,1024,1024,128,6,OK,0,NONE,1.262497418,GOPS,1.700981,parallel_tiles_including_required_packing,DISABLED,0,0,"0:cpu0:tiles1;1:cpu1:tiles1;2:cpu2:tiles1;3:cpu3:tiles1;4:cpu4:tiles1;5:cpu5:tiles1;6:cpu6:tiles1;7:cpu7:tiles1","NA",static,0,"NA","NA","/home/bananapi/MAT/kernels riscv rvv 1.0/FINAL/riscv-rvv-ime-gemm-microkernels-updated/HETEROGENEOUS_RVV_IME_OPENMP_GEMM/results/openmp_results_k1-rvv_1024_20260904_133315/raw_logs/GEMM_RVV_FP32_INT8_8x4_Baseline_RVV_IGEMM_INT8_I8I32_8x4_igemm_kernel_8x4_zvl256b_lmul2_unroll8_i8i32_run6.log",NA,NA,NA,NA,NA,NA,NA
k1_kernel_tuning,RVV,tile_N,128,2026-09-04T13:39:12,k1-rvv,"GEMM_RVV_FP32_INT8_8x4_Baseline","RVV_IGEMM_INT8_I8I32_8x4","igemm_kernel_8x4_zvl256b_lmulmf2_unroll1_i8i32",8x4,256b,mf2,1,INT8_RVV,0-7,8,8,1024,1024,1024,128,1,OK,0,NONE,0.111402001,GOPS,19.276886,parallel_tiles_including_required_packing,INDEPENDENT_INT64_REFERENCE_EXACT_INT32,0,0,"0:cpu0:tiles1;1:cpu1:tiles1;2:cpu2:tiles1;3:cpu3:tiles1;4:cpu4:tiles1;5:cpu5:tiles1;6:cpu6:tiles1;7:cpu7:tiles1","NA",static,0,"NA","NA","/home/bananapi/MAT/kernels riscv rvv 1.0/FINAL/riscv-rvv-ime-gemm-microkernels-updated/HETEROGENEOUS_RVV_IME_OPENMP_GEMM/results/openmp_results_k1-rvv_1024_20260904_133315/raw_logs/GEMM_RVV_FP32_INT8_8x4_Baseline_RVV_IGEMM_INT8_I8I32_8x4_igemm_kernel_8x4_zvl256b_lmulmf2_unroll1_i8i32_run1.log",NA,NA,NA,NA,NA,NA,NA
k1_kernel_tuning,RVV,tile_N,128,2026-09-04T13:39:13,k1-rvv,"GEMM_RVV_FP32_INT8_8x4_Baseline","RVV_IGEMM_INT8_I8I32_8x4","igemm_kernel_8x4_zvl256b_lmulmf2_unroll1_i8i32",8x4,256b,mf2,1,INT8_RVV,0-7,8,8,1024,1024,1024,128,2,OK,0,NONE,0.093944669,GOPS,22.859026,parallel_tiles_including_required_packing,DISABLED,0,0,"0:cpu0:tiles1;1:cpu1:tiles1;2:cpu2:tiles1;3:cpu3:tiles1;4:cpu4:tiles1;5:cpu5:tiles1;6:cpu6:tiles1;7:cpu7:tiles1","NA",static,0,"NA","NA","/home/bananapi/MAT/kernels riscv rvv 1.0/FINAL/riscv-rvv-ime-gemm-microkernels-updated/HETEROGENEOUS_RVV_IME_OPENMP_GEMM/results/openmp_results_k1-rvv_1024_20260904_133315/raw_logs/GEMM_RVV_FP32_INT8_8x4_Baseline_RVV_IGEMM_INT8_I8I32_8x4_igemm_kernel_8x4_zvl256b_lmulmf2_unroll1_i8i32_run2.log",NA,NA,NA,NA,NA,NA,NA
k1_kernel_tuning,RVV,tile_N,128,2026-09-04T13:39:13,k1-rvv,"GEMM_RVV_FP32_INT8_8x4_Baseline","RVV_IGEMM_INT8_I8I32_8x4","igemm_kernel_8x4_zvl256b_lmulmf2_unroll1_i8i32",8x4,256b,mf2,1,INT8_RVV,0-7,8,8,1024,1024,1024,128,3,OK,0,NONE,0.093180042,GOPS,23.046605,parallel_tiles_including_required_packing,DISABLED,0,0,"0:cpu0:tiles1;1:cpu1:tiles1;2:cpu2:tiles1;3:cpu3:tiles1;4:cpu4:tiles1;5:cpu5:tiles1;6:cpu6:tiles1;7:cpu7:tiles1","NA",static,0,"NA","NA","/home/bananapi/MAT/kernels riscv rvv 1.0/FINAL/riscv-rvv-ime-gemm-microkernels-updated/HETEROGENEOUS_RVV_IME_OPENMP_GEMM/results/openmp_results_k1-rvv_1024_20260904_133315/raw_logs/GEMM_RVV_FP32_INT8_8x4_Baseline_RVV_IGEMM_INT8_I8I32_8x4_igemm_kernel_8x4_zvl256b_lmulmf2_unroll1_i8i32_run3.log",NA,NA,NA,NA,NA,NA,NA
k1_kernel_tuning,RVV,tile_N,128,2026-09-04T13:39:14,k1-rvv,"GEMM_RVV_FP32_INT8_8x4_Baseline","RVV_IGEMM_INT8_I8I32_8x4","igemm_kernel_8x4_zvl256b_lmulmf2_unroll1_i8i32",8x4,256b,mf2,1,INT8_RVV,0-7,8,8,1024,1024,1024,128,4,OK,0,NONE,0.094275832,GOPS,22.778729,parallel_tiles_including_required_packing,DISABLED,0,0,"0:cpu0:tiles1;1:cpu1:tiles1;2:cpu2:tiles1;3:cpu3:tiles1;4:cpu4:tiles1;5:cpu5:tiles1;6:cpu6:tiles1;7:cpu7:tiles1","NA",static,0,"NA","NA","/home/bananapi/MAT/kernels riscv rvv 1.0/FINAL/riscv-rvv-ime-gemm-microkernels-updated/HETEROGENEOUS_RVV_IME_OPENMP_GEMM/results/openmp_results_k1-rvv_1024_20260904_133315/raw_logs/GEMM_RVV_FP32_INT8_8x4_Baseline_RVV_IGEMM_INT8_I8I32_8x4_igemm_kernel_8x4_zvl256b_lmulmf2_unroll1_i8i32_run4.log",NA,NA,NA,NA,NA,NA,NA
k1_kernel_tuning,RVV,tile_N,128,2026-09-04T13:39:14,k1-rvv,"GEMM_RVV_FP32_INT8_8x4_Baseline","RVV_IGEMM_INT8_I8I32_8x4","igemm_kernel_8x4_zvl256b_lmulmf2_unroll1_i8i32",8x4,256b,mf2,1,INT8_RVV,0-7,8,8,1024,1024,1024,128,5,OK,0,NONE,0.095361792,GOPS,22.519330,parallel_tiles_including_required_packing,DISABLED,0,0,"0:cpu0:tiles1;1:cpu1:tiles1;2:cpu2:tiles1;3:cpu3:tiles1;4:cpu4:tiles1;5:cpu5:tiles1;6:cpu6:tiles1;7:cpu7:tiles1","NA",static,0,"NA","NA","/home/bananapi/MAT/kernels riscv rvv 1.0/FINAL/riscv-rvv-ime-gemm-microkernels-updated/HETEROGENEOUS_RVV_IME_OPENMP_GEMM/results/openmp_results_k1-rvv_1024_20260904_133315/raw_logs/GEMM_RVV_FP32_INT8_8x4_Baseline_RVV_IGEMM_INT8_I8I32_8x4_igemm_kernel_8x4_zvl256b_lmulmf2_unroll1_i8i32_run5.log",NA,NA,NA,NA,NA,NA,NA
k1_kernel_tuning,RVV,tile_N,128,2026-09-04T13:39:15,k1-rvv,"GEMM_RVV_FP32_INT8_8x4_Baseline","RVV_IGEMM_INT8_I8I32_8x4","igemm_kernel_8x4_zvl256b_lmulmf2_unroll1_i8i32",8x4,256b,mf2,1,INT8_RVV,0-7,8,8,1024,1024,1024,128,6,OK,0,NONE,0.096273545,GOPS,22.306062,parallel_tiles_including_required_packing,DISABLED,0,0,"0:cpu0:tiles1;1:cpu1:tiles1;2:cpu2:tiles1;3:cpu3:tiles1;4:cpu4:tiles1;5:cpu5:tiles1;6:cpu6:tiles1;7:cpu7:tiles1","NA",static,0,"NA","NA","/home/bananapi/MAT/kernels riscv rvv 1.0/FINAL/riscv-rvv-ime-gemm-microkernels-updated/HETEROGENEOUS_RVV_IME_OPENMP_GEMM/results/openmp_results_k1-rvv_1024_20260904_133315/raw_logs/GEMM_RVV_FP32_INT8_8x4_Baseline_RVV_IGEMM_INT8_I8I32_8x4_igemm_kernel_8x4_zvl256b_lmulmf2_unroll1_i8i32_run6.log",NA,NA,NA,NA,NA,NA,NA
k1_kernel_tuning,RVV,tile_N,128,2026-09-04T13:39:43,k1-rvv,"GEMM_RVV_FP32_INT8_8x4_Baseline","RVV_IGEMM_INT8_I8I32_8x4","igemm_kernel_8x4_zvl256b_lmulmf2_unroll2_i8i32",8x4,256b,mf2,2,INT8_RVV,0-7,8,8,1024,1024,1024,128,1,OK,0,NONE,0.090963665,GOPS,23.608148,parallel_tiles_including_required_packing,INDEPENDENT_INT64_REFERENCE_EXACT_INT32,0,0,"0:cpu0:tiles1;1:cpu1:tiles1;2:cpu2:tiles1;3:cpu3:tiles1;4:cpu4:tiles1;5:cpu5:tiles1;6:cpu6:tiles1;7:cpu7:tiles1","NA",static,0,"NA","NA","/home/bananapi/MAT/kernels riscv rvv 1.0/FINAL/riscv-rvv-ime-gemm-microkernels-updated/HETEROGENEOUS_RVV_IME_OPENMP_GEMM/results/openmp_results_k1-rvv_1024_20260904_133315/raw_logs/GEMM_RVV_FP32_INT8_8x4_Baseline_RVV_IGEMM_INT8_I8I32_8x4_igemm_kernel_8x4_zvl256b_lmulmf2_unroll2_i8i32_run1.log",NA,NA,NA,NA,NA,NA,NA
k1_kernel_tuning,RVV,tile_N,128,2026-09-04T13:39:44,k1-rvv,"GEMM_RVV_FP32_INT8_8x4_Baseline","RVV_IGEMM_INT8_I8I32_8x4","igemm_kernel_8x4_zvl256b_lmulmf2_unroll2_i8i32",8x4,256b,mf2,2,INT8_RVV,0-7,8,8,1024,1024,1024,128,2,OK,0,NONE,0.089728210,GOPS,23.933205,parallel_tiles_including_required_packing,DISABLED,0,0,"0:cpu0:tiles1;1:cpu1:tiles1;2:cpu2:tiles1;3:cpu3:tiles1;4:cpu4:tiles1;5:cpu5:tiles1;6:cpu6:tiles1;7:cpu7:tiles1","NA",static,0,"NA","NA","/home/bananapi/MAT/kernels riscv rvv 1.0/FINAL/riscv-rvv-ime-gemm-microkernels-updated/HETEROGENEOUS_RVV_IME_OPENMP_GEMM/results/openmp_results_k1-rvv_1024_20260904_133315/raw_logs/GEMM_RVV_FP32_INT8_8x4_Baseline_RVV_IGEMM_INT8_I8I32_8x4_igemm_kernel_8x4_zvl256b_lmulmf2_unroll2_i8i32_run2.log",NA,NA,NA,NA,NA,NA,NA
k1_kernel_tuning,RVV,tile_N,128,2026-09-04T13:39:44,k1-rvv,"GEMM_RVV_FP32_INT8_8x4_Baseline","RVV_IGEMM_INT8_I8I32_8x4","igemm_kernel_8x4_zvl256b_lmulmf2_unroll2_i8i32",8x4,256b,mf2,2,INT8_RVV,0-7,8,8,1024,1024,1024,128,3,OK,0,NONE,0.090964500,GOPS,23.607931,parallel_tiles_including_required_packing,DISABLED,0,0,"0:cpu0:tiles1;1:cpu1:tiles1;2:cpu2:tiles1;3:cpu3:tiles1;4:cpu4:tiles1;5:cpu5:tiles1;6:cpu6:tiles1;7:cpu7:tiles1","NA",static,0,"NA","NA","/home/bananapi/MAT/kernels riscv rvv 1.0/FINAL/riscv-rvv-ime-gemm-microkernels-updated/HETEROGENEOUS_RVV_IME_OPENMP_GEMM/results/openmp_results_k1-rvv_1024_20260904_133315/raw_logs/GEMM_RVV_FP32_INT8_8x4_Baseline_RVV_IGEMM_INT8_I8I32_8x4_igemm_kernel_8x4_zvl256b_lmulmf2_unroll2_i8i32_run3.log",NA,NA,NA,NA,NA,NA,NA
k1_kernel_tuning,RVV,tile_N,128,2026-09-04T13:39:45,k1-rvv,"GEMM_RVV_FP32_INT8_8x4_Baseline","RVV_IGEMM_INT8_I8I32_8x4","igemm_kernel_8x4_zvl256b_lmulmf2_unroll2_i8i32",8x4,256b,mf2,2,INT8_RVV,0-7,8,8,1024,1024,1024,128,4,OK,0,NONE,0.092354625,GOPS,23.252584,parallel_tiles_including_required_packing,DISABLED,0,0,"0:cpu0:tiles1;1:cpu1:tiles1;2:cpu2:tiles1;3:cpu3:tiles1;4:cpu4:tiles1;5:cpu5:tiles1;6:cpu6:tiles1;7:cpu7:tiles1","NA",static,0,"NA","NA","/home/bananapi/MAT/kernels riscv rvv 1.0/FINAL/riscv-rvv-ime-gemm-microkernels-updated/HETEROGENEOUS_RVV_IME_OPENMP_GEMM/results/openmp_results_k1-rvv_1024_20260904_133315/raw_logs/GEMM_RVV_FP32_INT8_8x4_Baseline_RVV_IGEMM_INT8_I8I32_8x4_igemm_kernel_8x4_zvl256b_lmulmf2_unroll2_i8i32_run4.log",NA,NA,NA,NA,NA,NA,NA
k1_kernel_tuning,RVV,tile_N,128,2026-09-04T13:39:45,k1-rvv,"GEMM_RVV_FP32_INT8_8x4_Baseline","RVV_IGEMM_INT8_I8I32_8x4","igemm_kernel_8x4_zvl256b_lmulmf2_unroll2_i8i32",8x4,256b,mf2,2,INT8_RVV,0-7,8,8,1024,1024,1024,128,5,OK,0,NONE,0.088139918,GOPS,24.364484,parallel_tiles_including_required_packing,DISABLED,0,0,"0:cpu0:tiles1;1:cpu1:tiles1;2:cpu2:tiles1;3:cpu3:tiles1;4:cpu4:tiles1;5:cpu5:tiles1;6:cpu6:tiles1;7:cpu7:tiles1","NA",static,0,"NA","NA","/home/bananapi/MAT/kernels riscv rvv 1.0/FINAL/riscv-rvv-ime-gemm-microkernels-updated/HETEROGENEOUS_RVV_IME_OPENMP_GEMM/results/openmp_results_k1-rvv_1024_20260904_133315/raw_logs/GEMM_RVV_FP32_INT8_8x4_Baseline_RVV_IGEMM_INT8_I8I32_8x4_igemm_kernel_8x4_zvl256b_lmulmf2_unroll2_i8i32_run5.log",NA,NA,NA,NA,NA,NA,NA
k1_kernel_tuning,RVV,tile_N,128,2026-09-04T13:39:46,k1-rvv,"GEMM_RVV_FP32_INT8_8x4_Baseline","RVV_IGEMM_INT8_I8I32_8x4","igemm_kernel_8x4_zvl256b_lmulmf2_unroll2_i8i32",8x4,256b,mf2,2,INT8_RVV,0-7,8,8,1024,1024,1024,128,6,OK,0,NONE,0.089299958,GOPS,24.047980,parallel_tiles_including_required_packing,DISABLED,0,0,"0:cpu0:tiles1;1:cpu1:tiles1;2:cpu2:tiles1;3:cpu3:tiles1;4:cpu4:tiles1;5:cpu5:tiles1;6:cpu6:tiles1;7:cpu7:tiles1","NA",static,0,"NA","NA","/home/bananapi/MAT/kernels riscv rvv 1.0/FINAL/riscv-rvv-ime-gemm-microkernels-updated/HETEROGENEOUS_RVV_IME_OPENMP_GEMM/results/openmp_results_k1-rvv_1024_20260904_133315/raw_logs/GEMM_RVV_FP32_INT8_8x4_Baseline_RVV_IGEMM_INT8_I8I32_8x4_igemm_kernel_8x4_zvl256b_lmulmf2_unroll2_i8i32_run6.log",NA,NA,NA,NA,NA,NA,NA
k1_kernel_tuning,RVV,tile_N,128,2026-09-04T13:40:22,k1-rvv,"GEMM_RVV_FP32_INT8_8x4_Baseline","RVV_IGEMM_INT8_I8I32_8x4","igemm_kernel_8x4_zvl256b_lmulmf2_unroll4_i8i32",8x4,256b,mf2,4,INT8_RVV,0-7,8,8,1024,1024,1024,128,1,OK,0,NONE,0.087600295,GOPS,24.514571,parallel_tiles_including_required_packing,INDEPENDENT_INT64_REFERENCE_EXACT_INT32,0,0,"0:cpu0:tiles1;1:cpu1:tiles1;2:cpu2:tiles1;3:cpu3:tiles1;4:cpu4:tiles1;5:cpu5:tiles1;6:cpu6:tiles1;7:cpu7:tiles1","NA",static,0,"NA","NA","/home/bananapi/MAT/kernels riscv rvv 1.0/FINAL/riscv-rvv-ime-gemm-microkernels-updated/HETEROGENEOUS_RVV_IME_OPENMP_GEMM/results/openmp_results_k1-rvv_1024_20260904_133315/raw_logs/GEMM_RVV_FP32_INT8_8x4_Baseline_RVV_IGEMM_INT8_I8I32_8x4_igemm_kernel_8x4_zvl256b_lmulmf2_unroll4_i8i32_run1.log",NA,NA,NA,NA,NA,NA,NA
k1_kernel_tuning,RVV,tile_N,128,2026-09-04T13:40:22,k1-rvv,"GEMM_RVV_FP32_INT8_8x4_Baseline","RVV_IGEMM_INT8_I8I32_8x4","igemm_kernel_8x4_zvl256b_lmulmf2_unroll4_i8i32",8x4,256b,mf2,4,INT8_RVV,0-7,8,8,1024,1024,1024,128,2,OK,0,NONE,0.090581544,GOPS,23.707740,parallel_tiles_including_required_packing,DISABLED,0,0,"0:cpu0:tiles1;1:cpu1:tiles1;2:cpu2:tiles1;3:cpu3:tiles1;4:cpu4:tiles1;5:cpu5:tiles1;6:cpu6:tiles1;7:cpu7:tiles1","NA",static,0,"NA","NA","/home/bananapi/MAT/kernels riscv rvv 1.0/FINAL/riscv-rvv-ime-gemm-microkernels-updated/HETEROGENEOUS_RVV_IME_OPENMP_GEMM/results/openmp_results_k1-rvv_1024_20260904_133315/raw_logs/GEMM_RVV_FP32_INT8_8x4_Baseline_RVV_IGEMM_INT8_I8I32_8x4_igemm_kernel_8x4_zvl256b_lmulmf2_unroll4_i8i32_run2.log",NA,NA,NA,NA,NA,NA,NA
k1_kernel_tuning,RVV,tile_N,128,2026-09-04T13:40:23,k1-rvv,"GEMM_RVV_FP32_INT8_8x4_Baseline","RVV_IGEMM_INT8_I8I32_8x4","igemm_kernel_8x4_zvl256b_lmulmf2_unroll4_i8i32",8x4,256b,mf2,4,INT8_RVV,0-7,8,8,1024,1024,1024,128,3,OK,0,NONE,0.090469707,GOPS,23.737047,parallel_tiles_including_required_packing,DISABLED,0,0,"0:cpu0:tiles1;1:cpu1:tiles1;2:cpu2:tiles1;3:cpu3:tiles1;4:cpu4:tiles1;5:cpu5:tiles1;6:cpu6:tiles1;7:cpu7:tiles1","NA",static,0,"NA","NA","/home/bananapi/MAT/kernels riscv rvv 1.0/FINAL/riscv-rvv-ime-gemm-microkernels-updated/HETEROGENEOUS_RVV_IME_OPENMP_GEMM/results/openmp_results_k1-rvv_1024_20260904_133315/raw_logs/GEMM_RVV_FP32_INT8_8x4_Baseline_RVV_IGEMM_INT8_I8I32_8x4_igemm_kernel_8x4_zvl256b_lmulmf2_unroll4_i8i32_run3.log",NA,NA,NA,NA,NA,NA,NA
k1_kernel_tuning,RVV,tile_N,128,2026-09-04T13:40:23,k1-rvv,"GEMM_RVV_FP32_INT8_8x4_Baseline","RVV_IGEMM_INT8_I8I32_8x4","igemm_kernel_8x4_zvl256b_lmulmf2_unroll4_i8i32",8x4,256b,mf2,4,INT8_RVV,0-7,8,8,1024,1024,1024,128,4,OK,0,NONE,0.093886167,GOPS,22.873270,parallel_tiles_including_required_packing,DISABLED,0,0,"0:cpu0:tiles1;1:cpu1:tiles1;2:cpu2:tiles1;3:cpu3:tiles1;4:cpu4:tiles1;5:cpu5:tiles1;6:cpu6:tiles1;7:cpu7:tiles1","NA",static,0,"NA","NA","/home/bananapi/MAT/kernels riscv rvv 1.0/FINAL/riscv-rvv-ime-gemm-microkernels-updated/HETEROGENEOUS_RVV_IME_OPENMP_GEMM/results/openmp_results_k1-rvv_1024_20260904_133315/raw_logs/GEMM_RVV_FP32_INT8_8x4_Baseline_RVV_IGEMM_INT8_I8I32_8x4_igemm_kernel_8x4_zvl256b_lmulmf2_unroll4_i8i32_run4.log",NA,NA,NA,NA,NA,NA,NA
k1_kernel_tuning,RVV,tile_N,128,2026-09-04T13:40:24,k1-rvv,"GEMM_RVV_FP32_INT8_8x4_Baseline","RVV_IGEMM_INT8_I8I32_8x4","igemm_kernel_8x4_zvl256b_lmulmf2_unroll4_i8i32",8x4,256b,mf2,4,INT8_RVV,0-7,8,8,1024,1024,1024,128,5,OK,0,NONE,0.089821707,GOPS,23.908292,parallel_tiles_including_required_packing,DISABLED,0,0,"0:cpu0:tiles1;1:cpu1:tiles1;2:cpu2:tiles1;3:cpu3:tiles1;4:cpu4:tiles1;5:cpu5:tiles1;6:cpu6:tiles1;7:cpu7:tiles1","NA",static,0,"NA","NA","/home/bananapi/MAT/kernels riscv rvv 1.0/FINAL/riscv-rvv-ime-gemm-microkernels-updated/HETEROGENEOUS_RVV_IME_OPENMP_GEMM/results/openmp_results_k1-rvv_1024_20260904_133315/raw_logs/GEMM_RVV_FP32_INT8_8x4_Baseline_RVV_IGEMM_INT8_I8I32_8x4_igemm_kernel_8x4_zvl256b_lmulmf2_unroll4_i8i32_run5.log",NA,NA,NA,NA,NA,NA,NA
k1_kernel_tuning,RVV,tile_N,128,2026-09-04T13:40:24,k1-rvv,"GEMM_RVV_FP32_INT8_8x4_Baseline","RVV_IGEMM_INT8_I8I32_8x4","igemm_kernel_8x4_zvl256b_lmulmf2_unroll4_i8i32",8x4,256b,mf2,4,INT8_RVV,0-7,8,8,1024,1024,1024,128,6,OK,0,NONE,0.088293128,GOPS,24.322206,parallel_tiles_including_required_packing,DISABLED,0,0,"0:cpu0:tiles1;1:cpu1:tiles1;2:cpu2:tiles1;3:cpu3:tiles1;4:cpu4:tiles1;5:cpu5:tiles1;6:cpu6:tiles1;7:cpu7:tiles1","NA",static,0,"NA","NA","/home/bananapi/MAT/kernels riscv rvv 1.0/FINAL/riscv-rvv-ime-gemm-microkernels-updated/HETEROGENEOUS_RVV_IME_OPENMP_GEMM/results/openmp_results_k1-rvv_1024_20260904_133315/raw_logs/GEMM_RVV_FP32_INT8_8x4_Baseline_RVV_IGEMM_INT8_I8I32_8x4_igemm_kernel_8x4_zvl256b_lmulmf2_unroll4_i8i32_run6.log",NA,NA,NA,NA,NA,NA,NA
k1_kernel_tuning,RVV,tile_N,128,2026-09-04T13:41:01,k1-rvv,"GEMM_RVV_FP32_INT8_8x4_Baseline","RVV_IGEMM_INT8_I8I32_8x4","igemm_kernel_8x4_zvl256b_lmulmf2_unroll8_i8i32",8x4,256b,mf2,8,INT8_RVV,0-7,8,8,1024,1024,1024,128,1,OK,0,NONE,0.090015791,GOPS,23.856744,parallel_tiles_including_required_packing,INDEPENDENT_INT64_REFERENCE_EXACT_INT32,0,0,"0:cpu0:tiles1;1:cpu1:tiles1;2:cpu2:tiles1;3:cpu3:tiles1;4:cpu4:tiles1;5:cpu5:tiles1;6:cpu6:tiles1;7:cpu7:tiles1","NA",static,0,"NA","NA","/home/bananapi/MAT/kernels riscv rvv 1.0/FINAL/riscv-rvv-ime-gemm-microkernels-updated/HETEROGENEOUS_RVV_IME_OPENMP_GEMM/results/openmp_results_k1-rvv_1024_20260904_133315/raw_logs/GEMM_RVV_FP32_INT8_8x4_Baseline_RVV_IGEMM_INT8_I8I32_8x4_igemm_kernel_8x4_zvl256b_lmulmf2_unroll8_i8i32_run1.log",NA,NA,NA,NA,NA,NA,NA
k1_kernel_tuning,RVV,tile_N,128,2026-09-04T13:41:01,k1-rvv,"GEMM_RVV_FP32_INT8_8x4_Baseline","RVV_IGEMM_INT8_I8I32_8x4","igemm_kernel_8x4_zvl256b_lmulmf2_unroll8_i8i32",8x4,256b,mf2,8,INT8_RVV,0-7,8,8,1024,1024,1024,128,2,OK,0,NONE,0.091328248,GOPS,23.513904,parallel_tiles_including_required_packing,DISABLED,0,0,"0:cpu0:tiles1;1:cpu1:tiles1;2:cpu2:tiles1;3:cpu3:tiles1;4:cpu4:tiles1;5:cpu5:tiles1;6:cpu6:tiles1;7:cpu7:tiles1","NA",static,0,"NA","NA","/home/bananapi/MAT/kernels riscv rvv 1.0/FINAL/riscv-rvv-ime-gemm-microkernels-updated/HETEROGENEOUS_RVV_IME_OPENMP_GEMM/results/openmp_results_k1-rvv_1024_20260904_133315/raw_logs/GEMM_RVV_FP32_INT8_8x4_Baseline_RVV_IGEMM_INT8_I8I32_8x4_igemm_kernel_8x4_zvl256b_lmulmf2_unroll8_i8i32_run2.log",NA,NA,NA,NA,NA,NA,NA
k1_kernel_tuning,RVV,tile_N,128,2026-09-04T13:41:02,k1-rvv,"GEMM_RVV_FP32_INT8_8x4_Baseline","RVV_IGEMM_INT8_I8I32_8x4","igemm_kernel_8x4_zvl256b_lmulmf2_unroll8_i8i32",8x4,256b,mf2,8,INT8_RVV,0-7,8,8,1024,1024,1024,128,3,OK,0,NONE,0.089942750,GOPS,23.876117,parallel_tiles_including_required_packing,DISABLED,0,0,"0:cpu0:tiles1;1:cpu1:tiles1;2:cpu2:tiles1;3:cpu3:tiles1;4:cpu4:tiles1;5:cpu5:tiles1;6:cpu6:tiles1;7:cpu7:tiles1","NA",static,0,"NA","NA","/home/bananapi/MAT/kernels riscv rvv 1.0/FINAL/riscv-rvv-ime-gemm-microkernels-updated/HETEROGENEOUS_RVV_IME_OPENMP_GEMM/results/openmp_results_k1-rvv_1024_20260904_133315/raw_logs/GEMM_RVV_FP32_INT8_8x4_Baseline_RVV_IGEMM_INT8_I8I32_8x4_igemm_kernel_8x4_zvl256b_lmulmf2_unroll8_i8i32_run3.log",NA,NA,NA,NA,NA,NA,NA
k1_kernel_tuning,RVV,tile_N,128,2026-09-04T13:41:02,k1-rvv,"GEMM_RVV_FP32_INT8_8x4_Baseline","RVV_IGEMM_INT8_I8I32_8x4","igemm_kernel_8x4_zvl256b_lmulmf2_unroll8_i8i32",8x4,256b,mf2,8,INT8_RVV,0-7,8,8,1024,1024,1024,128,4,OK,0,NONE,0.089332998,GOPS,24.039086,parallel_tiles_including_required_packing,DISABLED,0,0,"0:cpu0:tiles1;1:cpu1:tiles1;2:cpu2:tiles1;3:cpu3:tiles1;4:cpu4:tiles1;5:cpu5:tiles1;6:cpu6:tiles1;7:cpu7:tiles1","NA",static,0,"NA","NA","/home/bananapi/MAT/kernels riscv rvv 1.0/FINAL/riscv-rvv-ime-gemm-microkernels-updated/HETEROGENEOUS_RVV_IME_OPENMP_GEMM/results/openmp_results_k1-rvv_1024_20260904_133315/raw_logs/GEMM_RVV_FP32_INT8_8x4_Baseline_RVV_IGEMM_INT8_I8I32_8x4_igemm_kernel_8x4_zvl256b_lmulmf2_unroll8_i8i32_run4.log",NA,NA,NA,NA,NA,NA,NA
k1_kernel_tuning,RVV,tile_N,128,2026-09-04T13:41:03,k1-rvv,"GEMM_RVV_FP32_INT8_8x4_Baseline","RVV_IGEMM_INT8_I8I32_8x4","igemm_kernel_8x4_zvl256b_lmulmf2_unroll8_i8i32",8x4,256b,mf2,8,INT8_RVV,0-7,8,8,1024,1024,1024,128,5,OK,0,NONE,0.091144543,GOPS,23.561297,parallel_tiles_including_required_packing,DISABLED,0,0,"0:cpu0:tiles1;1:cpu1:tiles1;2:cpu2:tiles1;3:cpu3:tiles1;4:cpu4:tiles1;5:cpu5:tiles1;6:cpu6:tiles1;7:cpu7:tiles1","NA",static,0,"NA","NA","/home/bananapi/MAT/kernels riscv rvv 1.0/FINAL/riscv-rvv-ime-gemm-microkernels-updated/HETEROGENEOUS_RVV_IME_OPENMP_GEMM/results/openmp_results_k1-rvv_1024_20260904_133315/raw_logs/GEMM_RVV_FP32_INT8_8x4_Baseline_RVV_IGEMM_INT8_I8I32_8x4_igemm_kernel_8x4_zvl256b_lmulmf2_unroll8_i8i32_run5.log",NA,NA,NA,NA,NA,NA,NA
k1_kernel_tuning,RVV,tile_N,128,2026-09-04T13:41:03,k1-rvv,"GEMM_RVV_FP32_INT8_8x4_Baseline","RVV_IGEMM_INT8_I8I32_8x4","igemm_kernel_8x4_zvl256b_lmulmf2_unroll8_i8i32",8x4,256b,mf2,8,INT8_RVV,0-7,8,8,1024,1024,1024,128,6,OK,0,NONE,0.088118501,GOPS,24.370406,parallel_tiles_including_required_packing,DISABLED,0,0,"0:cpu0:tiles1;1:cpu1:tiles1;2:cpu2:tiles1;3:cpu3:tiles1;4:cpu4:tiles1;5:cpu5:tiles1;6:cpu6:tiles1;7:cpu7:tiles1","NA",static,0,"NA","NA","/home/bananapi/MAT/kernels riscv rvv 1.0/FINAL/riscv-rvv-ime-gemm-microkernels-updated/HETEROGENEOUS_RVV_IME_OPENMP_GEMM/results/openmp_results_k1-rvv_1024_20260904_133315/raw_logs/GEMM_RVV_FP32_INT8_8x4_Baseline_RVV_IGEMM_INT8_I8I32_8x4_igemm_kernel_8x4_zvl256b_lmulmf2_unroll8_i8i32_run6.log",NA,NA,NA,NA,NA,NA,NA
k1_kernel_tuning,RVV,tile_N,128,2026-09-04T13:41:31,k1-rvv,"GEMM_RVV_FP32_INT8_8x4_Baseline","RVV_IGEMM_INT8_I8I32_8x4","igemm_kernel_8x4_zvl256b_lmulmf4_unroll1_i8i32",8x4,256b,mf4,1,INT8_RVV,0-7,8,8,1024,1024,1024,128,1,OK,0,NONE,0.072807584,GOPS,29.495329,parallel_tiles_including_required_packing,INDEPENDENT_INT64_REFERENCE_EXACT_INT32,0,0,"0:cpu0:tiles1;1:cpu1:tiles1;2:cpu2:tiles1;3:cpu3:tiles1;4:cpu4:tiles1;5:cpu5:tiles1;6:cpu6:tiles1;7:cpu7:tiles1","NA",static,0,"NA","NA","/home/bananapi/MAT/kernels riscv rvv 1.0/FINAL/riscv-rvv-ime-gemm-microkernels-updated/HETEROGENEOUS_RVV_IME_OPENMP_GEMM/results/openmp_results_k1-rvv_1024_20260904_133315/raw_logs/GEMM_RVV_FP32_INT8_8x4_Baseline_RVV_IGEMM_INT8_I8I32_8x4_igemm_kernel_8x4_zvl256b_lmulmf4_unroll1_i8i32_run1.log",NA,NA,NA,NA,NA,NA,NA
k1_kernel_tuning,RVV,tile_N,128,2026-09-04T13:41:32,k1-rvv,"GEMM_RVV_FP32_INT8_8x4_Baseline","RVV_IGEMM_INT8_I8I32_8x4","igemm_kernel_8x4_zvl256b_lmulmf4_unroll1_i8i32",8x4,256b,mf4,1,INT8_RVV,0-7,8,8,1024,1024,1024,128,2,OK,0,NONE,0.068804376,GOPS,31.211440,parallel_tiles_including_required_packing,DISABLED,0,0,"0:cpu0:tiles1;1:cpu1:tiles1;2:cpu2:tiles1;3:cpu3:tiles1;4:cpu4:tiles1;5:cpu5:tiles1;6:cpu6:tiles1;7:cpu7:tiles1","NA",static,0,"NA","NA","/home/bananapi/MAT/kernels riscv rvv 1.0/FINAL/riscv-rvv-ime-gemm-microkernels-updated/HETEROGENEOUS_RVV_IME_OPENMP_GEMM/results/openmp_results_k1-rvv_1024_20260904_133315/raw_logs/GEMM_RVV_FP32_INT8_8x4_Baseline_RVV_IGEMM_INT8_I8I32_8x4_igemm_kernel_8x4_zvl256b_lmulmf4_unroll1_i8i32_run2.log",NA,NA,NA,NA,NA,NA,NA
k1_kernel_tuning,RVV,tile_N,128,2026-09-04T13:41:32,k1-rvv,"GEMM_RVV_FP32_INT8_8x4_Baseline","RVV_IGEMM_INT8_I8I32_8x4","igemm_kernel_8x4_zvl256b_lmulmf4_unroll1_i8i32",8x4,256b,mf4,1,INT8_RVV,0-7,8,8,1024,1024,1024,128,3,OK,0,NONE,0.068456169,GOPS,31.370199,parallel_tiles_including_required_packing,DISABLED,0,0,"0:cpu0:tiles1;1:cpu1:tiles1;2:cpu2:tiles1;3:cpu3:tiles1;4:cpu4:tiles1;5:cpu5:tiles1;6:cpu6:tiles1;7:cpu7:tiles1","NA",static,0,"NA","NA","/home/bananapi/MAT/kernels riscv rvv 1.0/FINAL/riscv-rvv-ime-gemm-microkernels-updated/HETEROGENEOUS_RVV_IME_OPENMP_GEMM/results/openmp_results_k1-rvv_1024_20260904_133315/raw_logs/GEMM_RVV_FP32_INT8_8x4_Baseline_RVV_IGEMM_INT8_I8I32_8x4_igemm_kernel_8x4_zvl256b_lmulmf4_unroll1_i8i32_run3.log",NA,NA,NA,NA,NA,NA,NA
k1_kernel_tuning,RVV,tile_N,128,2026-09-04T13:41:33,k1-rvv,"GEMM_RVV_FP32_INT8_8x4_Baseline","RVV_IGEMM_INT8_I8I32_8x4","igemm_kernel_8x4_zvl256b_lmulmf4_unroll1_i8i32",8x4,256b,mf4,1,INT8_RVV,0-7,8,8,1024,1024,1024,128,4,OK,0,NONE,0.068700749,GOPS,31.258519,parallel_tiles_including_required_packing,DISABLED,0,0,"0:cpu0:tiles1;1:cpu1:tiles1;2:cpu2:tiles1;3:cpu3:tiles1;4:cpu4:tiles1;5:cpu5:tiles1;6:cpu6:tiles1;7:cpu7:tiles1","NA",static,0,"NA","NA","/home/bananapi/MAT/kernels riscv rvv 1.0/FINAL/riscv-rvv-ime-gemm-microkernels-updated/HETEROGENEOUS_RVV_IME_OPENMP_GEMM/results/openmp_results_k1-rvv_1024_20260904_133315/raw_logs/GEMM_RVV_FP32_INT8_8x4_Baseline_RVV_IGEMM_INT8_I8I32_8x4_igemm_kernel_8x4_zvl256b_lmulmf4_unroll1_i8i32_run4.log",NA,NA,NA,NA,NA,NA,NA
k1_kernel_tuning,RVV,tile_N,128,2026-09-04T13:41:33,k1-rvv,"GEMM_RVV_FP32_INT8_8x4_Baseline","RVV_IGEMM_INT8_I8I32_8x4","igemm_kernel_8x4_zvl256b_lmulmf4_unroll1_i8i32",8x4,256b,mf4,1,INT8_RVV,0-7,8,8,1024,1024,1024,128,5,OK,0,NONE,0.070169624,GOPS,30.604178,parallel_tiles_including_required_packing,DISABLED,0,0,"0:cpu0:tiles1;1:cpu1:tiles1;2:cpu2:tiles1;3:cpu3:tiles1;4:cpu4:tiles1;5:cpu5:tiles1;6:cpu6:tiles1;7:cpu7:tiles1","NA",static,0,"NA","NA","/home/bananapi/MAT/kernels riscv rvv 1.0/FINAL/riscv-rvv-ime-gemm-microkernels-updated/HETEROGENEOUS_RVV_IME_OPENMP_GEMM/results/openmp_results_k1-rvv_1024_20260904_133315/raw_logs/GEMM_RVV_FP32_INT8_8x4_Baseline_RVV_IGEMM_INT8_I8I32_8x4_igemm_kernel_8x4_zvl256b_lmulmf4_unroll1_i8i32_run5.log",NA,NA,NA,NA,NA,NA,NA
k1_kernel_tuning,RVV,tile_N,128,2026-09-04T13:41:33,k1-rvv,"GEMM_RVV_FP32_INT8_8x4_Baseline","RVV_IGEMM_INT8_I8I32_8x4","igemm_kernel_8x4_zvl256b_lmulmf4_unroll1_i8i32",8x4,256b,mf4,1,INT8_RVV,0-7,8,8,1024,1024,1024,128,6,OK,0,NONE,0.070540041,GOPS,30.443470,parallel_tiles_including_required_packing,DISABLED,0,0,"0:cpu0:tiles1;1:cpu1:tiles1;2:cpu2:tiles1;3:cpu3:tiles1;4:cpu4:tiles1;5:cpu5:tiles1;6:cpu6:tiles1;7:cpu7:tiles1","NA",static,0,"NA","NA","/home/bananapi/MAT/kernels riscv rvv 1.0/FINAL/riscv-rvv-ime-gemm-microkernels-updated/HETEROGENEOUS_RVV_IME_OPENMP_GEMM/results/openmp_results_k1-rvv_1024_20260904_133315/raw_logs/GEMM_RVV_FP32_INT8_8x4_Baseline_RVV_IGEMM_INT8_I8I32_8x4_igemm_kernel_8x4_zvl256b_lmulmf4_unroll1_i8i32_run6.log",NA,NA,NA,NA,NA,NA,NA
k1_kernel_tuning,RVV,tile_N,128,2026-09-04T13:42:02,k1-rvv,"GEMM_RVV_FP32_INT8_8x4_Baseline","RVV_IGEMM_INT8_I8I32_8x4","igemm_kernel_8x4_zvl256b_lmulmf4_unroll2_i8i32",8x4,256b,mf4,2,INT8_RVV,0-7,8,8,1024,1024,1024,128,1,OK,0,NONE,0.065945253,GOPS,32.564644,parallel_tiles_including_required_packing,INDEPENDENT_INT64_REFERENCE_EXACT_INT32,0,0,"0:cpu0:tiles1;1:cpu1:tiles1;2:cpu2:tiles1;3:cpu3:tiles1;4:cpu4:tiles1;5:cpu5:tiles1;6:cpu6:tiles1;7:cpu7:tiles1","NA",static,0,"NA","NA","/home/bananapi/MAT/kernels riscv rvv 1.0/FINAL/riscv-rvv-ime-gemm-microkernels-updated/HETEROGENEOUS_RVV_IME_OPENMP_GEMM/results/openmp_results_k1-rvv_1024_20260904_133315/raw_logs/GEMM_RVV_FP32_INT8_8x4_Baseline_RVV_IGEMM_INT8_I8I32_8x4_igemm_kernel_8x4_zvl256b_lmulmf4_unroll2_i8i32_run1.log",NA,NA,NA,NA,NA,NA,NA
k1_kernel_tuning,RVV,tile_N,128,2026-09-04T13:42:02,k1-rvv,"GEMM_RVV_FP32_INT8_8x4_Baseline","RVV_IGEMM_INT8_I8I32_8x4","igemm_kernel_8x4_zvl256b_lmulmf4_unroll2_i8i32",8x4,256b,mf4,2,INT8_RVV,0-7,8,8,1024,1024,1024,128,2,OK,0,NONE,0.063818544,GOPS,33.649838,parallel_tiles_including_required_packing,DISABLED,0,0,"0:cpu0:tiles1;1:cpu1:tiles1;2:cpu2:tiles1;3:cpu3:tiles1;4:cpu4:tiles1;5:cpu5:tiles1;6:cpu6:tiles1;7:cpu7:tiles1","NA",static,0,"NA","NA","/home/bananapi/MAT/kernels riscv rvv 1.0/FINAL/riscv-rvv-ime-gemm-microkernels-updated/HETEROGENEOUS_RVV_IME_OPENMP_GEMM/results/openmp_results_k1-rvv_1024_20260904_133315/raw_logs/GEMM_RVV_FP32_INT8_8x4_Baseline_RVV_IGEMM_INT8_I8I32_8x4_igemm_kernel_8x4_zvl256b_lmulmf4_unroll2_i8i32_run2.log",NA,NA,NA,NA,NA,NA,NA
k1_kernel_tuning,RVV,tile_N,128,2026-09-04T13:42:03,k1-rvv,"GEMM_RVV_FP32_INT8_8x4_Baseline","RVV_IGEMM_INT8_I8I32_8x4","igemm_kernel_8x4_zvl256b_lmulmf4_unroll2_i8i32",8x4,256b,mf4,2,INT8_RVV,0-7,8,8,1024,1024,1024,128,3,OK,0,NONE,0.062906586,GOPS,34.137660,parallel_tiles_including_required_packing,DISABLED,0,0,"0:cpu0:tiles1;1:cpu1:tiles1;2:cpu2:tiles1;3:cpu3:tiles1;4:cpu4:tiles1;5:cpu5:tiles1;6:cpu6:tiles1;7:cpu7:tiles1","NA",static,0,"NA","NA","/home/bananapi/MAT/kernels riscv rvv 1.0/FINAL/riscv-rvv-ime-gemm-microkernels-updated/HETEROGENEOUS_RVV_IME_OPENMP_GEMM/results/openmp_results_k1-rvv_1024_20260904_133315/raw_logs/GEMM_RVV_FP32_INT8_8x4_Baseline_RVV_IGEMM_INT8_I8I32_8x4_igemm_kernel_8x4_zvl256b_lmulmf4_unroll2_i8i32_run3.log",NA,NA,NA,NA,NA,NA,NA
k1_kernel_tuning,RVV,tile_N,128,2026-09-04T13:42:03,k1-rvv,"GEMM_RVV_FP32_INT8_8x4_Baseline","RVV_IGEMM_INT8_I8I32_8x4","igemm_kernel_8x4_zvl256b_lmulmf4_unroll2_i8i32",8x4,256b,mf4,2,INT8_RVV,0-7,8,8,1024,1024,1024,128,4,OK,0,NONE,0.064111002,GOPS,33.496336,parallel_tiles_including_required_packing,DISABLED,0,0,"0:cpu0:tiles1;1:cpu1:tiles1;2:cpu2:tiles1;3:cpu3:tiles1;4:cpu4:tiles1;5:cpu5:tiles1;6:cpu6:tiles1;7:cpu7:tiles1","NA",static,0,"NA","NA","/home/bananapi/MAT/kernels riscv rvv 1.0/FINAL/riscv-rvv-ime-gemm-microkernels-updated/HETEROGENEOUS_RVV_IME_OPENMP_GEMM/results/openmp_results_k1-rvv_1024_20260904_133315/raw_logs/GEMM_RVV_FP32_INT8_8x4_Baseline_RVV_IGEMM_INT8_I8I32_8x4_igemm_kernel_8x4_zvl256b_lmulmf4_unroll2_i8i32_run4.log",NA,NA,NA,NA,NA,NA,NA
k1_kernel_tuning,RVV,tile_N,128,2026-09-04T13:42:04,k1-rvv,"GEMM_RVV_FP32_INT8_8x4_Baseline","RVV_IGEMM_INT8_I8I32_8x4","igemm_kernel_8x4_zvl256b_lmulmf4_unroll2_i8i32",8x4,256b,mf4,2,INT8_RVV,0-7,8,8,1024,1024,1024,128,5,OK,0,NONE,0.064351458,GOPS,33.371173,parallel_tiles_including_required_packing,DISABLED,0,0,"0:cpu0:tiles1;1:cpu1:tiles1;2:cpu2:tiles1;3:cpu3:tiles1;4:cpu4:tiles1;5:cpu5:tiles1;6:cpu6:tiles1;7:cpu7:tiles1","NA",static,0,"NA","NA","/home/bananapi/MAT/kernels riscv rvv 1.0/FINAL/riscv-rvv-ime-gemm-microkernels-updated/HETEROGENEOUS_RVV_IME_OPENMP_GEMM/results/openmp_results_k1-rvv_1024_20260904_133315/raw_logs/GEMM_RVV_FP32_INT8_8x4_Baseline_RVV_IGEMM_INT8_I8I32_8x4_igemm_kernel_8x4_zvl256b_lmulmf4_unroll2_i8i32_run5.log",NA,NA,NA,NA,NA,NA,NA
k1_kernel_tuning,RVV,tile_N,128,2026-09-04T13:42:04,k1-rvv,"GEMM_RVV_FP32_INT8_8x4_Baseline","RVV_IGEMM_INT8_I8I32_8x4","igemm_kernel_8x4_zvl256b_lmulmf4_unroll2_i8i32",8x4,256b,mf4,2,INT8_RVV,0-7,8,8,1024,1024,1024,128,6,OK,0,NONE,0.061866876,GOPS,34.711364,parallel_tiles_including_required_packing,DISABLED,0,0,"0:cpu0:tiles1;1:cpu1:tiles1;2:cpu2:tiles1;3:cpu3:tiles1;4:cpu4:tiles1;5:cpu5:tiles1;6:cpu6:tiles1;7:cpu7:tiles1","NA",static,0,"NA","NA","/home/bananapi/MAT/kernels riscv rvv 1.0/FINAL/riscv-rvv-ime-gemm-microkernels-updated/HETEROGENEOUS_RVV_IME_OPENMP_GEMM/results/openmp_results_k1-rvv_1024_20260904_133315/raw_logs/GEMM_RVV_FP32_INT8_8x4_Baseline_RVV_IGEMM_INT8_I8I32_8x4_igemm_kernel_8x4_zvl256b_lmulmf4_unroll2_i8i32_run6.log",NA,NA,NA,NA,NA,NA,NA
k1_kernel_tuning,RVV,tile_N,128,2026-09-04T13:42:40,k1-rvv,"GEMM_RVV_FP32_INT8_8x4_Baseline","RVV_IGEMM_INT8_I8I32_8x4","igemm_kernel_8x4_zvl256b_lmulmf4_unroll4_i8i32",8x4,256b,mf4,4,INT8_RVV,0-7,8,8,1024,1024,1024,128,1,OK,0,NONE,0.062948000,GOPS,34.115201,parallel_tiles_including_required_packing,INDEPENDENT_INT64_REFERENCE_EXACT_INT32,0,0,"0:cpu0:tiles1;1:cpu1:tiles1;2:cpu2:tiles1;3:cpu3:tiles1;4:cpu4:tiles1;5:cpu5:tiles1;6:cpu6:tiles1;7:cpu7:tiles1","NA",static,0,"NA","NA","/home/bananapi/MAT/kernels riscv rvv 1.0/FINAL/riscv-rvv-ime-gemm-microkernels-updated/HETEROGENEOUS_RVV_IME_OPENMP_GEMM/results/openmp_results_k1-rvv_1024_20260904_133315/raw_logs/GEMM_RVV_FP32_INT8_8x4_Baseline_RVV_IGEMM_INT8_I8I32_8x4_igemm_kernel_8x4_zvl256b_lmulmf4_unroll4_i8i32_run1.log",NA,NA,NA,NA,NA,NA,NA
k1_kernel_tuning,RVV,tile_N,128,2026-09-04T13:42:41,k1-rvv,"GEMM_RVV_FP32_INT8_8x4_Baseline","RVV_IGEMM_INT8_I8I32_8x4","igemm_kernel_8x4_zvl256b_lmulmf4_unroll4_i8i32",8x4,256b,mf4,4,INT8_RVV,0-7,8,8,1024,1024,1024,128,2,OK,0,NONE,0.064420585,GOPS,33.335364,parallel_tiles_including_required_packing,DISABLED,0,0,"0:cpu0:tiles1;1:cpu1:tiles1;2:cpu2:tiles1;3:cpu3:tiles1;4:cpu4:tiles1;5:cpu5:tiles1;6:cpu6:tiles1;7:cpu7:tiles1","NA",static,0,"NA","NA","/home/bananapi/MAT/kernels riscv rvv 1.0/FINAL/riscv-rvv-ime-gemm-microkernels-updated/HETEROGENEOUS_RVV_IME_OPENMP_GEMM/results/openmp_results_k1-rvv_1024_20260904_133315/raw_logs/GEMM_RVV_FP32_INT8_8x4_Baseline_RVV_IGEMM_INT8_I8I32_8x4_igemm_kernel_8x4_zvl256b_lmulmf4_unroll4_i8i32_run2.log",NA,NA,NA,NA,NA,NA,NA
k1_kernel_tuning,RVV,tile_N,128,2026-09-04T13:42:41,k1-rvv,"GEMM_RVV_FP32_INT8_8x4_Baseline","RVV_IGEMM_INT8_I8I32_8x4","igemm_kernel_8x4_zvl256b_lmulmf4_unroll4_i8i32",8x4,256b,mf4,4,INT8_RVV,0-7,8,8,1024,1024,1024,128,3,OK,0,NONE,0.064005498,GOPS,33.551550,parallel_tiles_including_required_packing,DISABLED,0,0,"0:cpu0:tiles1;1:cpu1:tiles1;2:cpu2:tiles1;3:cpu3:tiles1;4:cpu4:tiles1;5:cpu5:tiles1;6:cpu6:tiles1;7:cpu7:tiles1","NA",static,0,"NA","NA","/home/bananapi/MAT/kernels riscv rvv 1.0/FINAL/riscv-rvv-ime-gemm-microkernels-updated/HETEROGENEOUS_RVV_IME_OPENMP_GEMM/results/openmp_results_k1-rvv_1024_20260904_133315/raw_logs/GEMM_RVV_FP32_INT8_8x4_Baseline_RVV_IGEMM_INT8_I8I32_8x4_igemm_kernel_8x4_zvl256b_lmulmf4_unroll4_i8i32_run3.log",NA,NA,NA,NA,NA,NA,NA
k1_kernel_tuning,RVV,tile_N,128,2026-09-04T13:42:41,k1-rvv,"GEMM_RVV_FP32_INT8_8x4_Baseline","RVV_IGEMM_INT8_I8I32_8x4","igemm_kernel_8x4_zvl256b_lmulmf4_unroll4_i8i32",8x4,256b,mf4,4,INT8_RVV,0-7,8,8,1024,1024,1024,128,4,OK,0,NONE,0.063525081,GOPS,33.805288,parallel_tiles_including_required_packing,DISABLED,0,0,"0:cpu0:tiles1;1:cpu1:tiles1;2:cpu2:tiles1;3:cpu3:tiles1;4:cpu4:tiles1;5:cpu5:tiles1;6:cpu6:tiles1;7:cpu7:tiles1","NA",static,0,"NA","NA","/home/bananapi/MAT/kernels riscv rvv 1.0/FINAL/riscv-rvv-ime-gemm-microkernels-updated/HETEROGENEOUS_RVV_IME_OPENMP_GEMM/results/openmp_results_k1-rvv_1024_20260904_133315/raw_logs/GEMM_RVV_FP32_INT8_8x4_Baseline_RVV_IGEMM_INT8_I8I32_8x4_igemm_kernel_8x4_zvl256b_lmulmf4_unroll4_i8i32_run4.log",NA,NA,NA,NA,NA,NA,NA
k1_kernel_tuning,RVV,tile_N,128,2026-09-04T13:42:42,k1-rvv,"GEMM_RVV_FP32_INT8_8x4_Baseline","RVV_IGEMM_INT8_I8I32_8x4","igemm_kernel_8x4_zvl256b_lmulmf4_unroll4_i8i32",8x4,256b,mf4,4,INT8_RVV,0-7,8,8,1024,1024,1024,128,5,OK,0,NONE,0.080650583,GOPS,26.627007,parallel_tiles_including_required_packing,DISABLED,0,0,"0:cpu0:tiles1;1:cpu1:tiles1;2:cpu2:tiles1;3:cpu3:tiles1;4:cpu4:tiles1;5:cpu5:tiles1;6:cpu6:tiles1;7:cpu7:tiles1","NA",static,0,"NA","NA","/home/bananapi/MAT/kernels riscv rvv 1.0/FINAL/riscv-rvv-ime-gemm-microkernels-updated/HETEROGENEOUS_RVV_IME_OPENMP_GEMM/results/openmp_results_k1-rvv_1024_20260904_133315/raw_logs/GEMM_RVV_FP32_INT8_8x4_Baseline_RVV_IGEMM_INT8_I8I32_8x4_igemm_kernel_8x4_zvl256b_lmulmf4_unroll4_i8i32_run5.log",NA,NA,NA,NA,NA,NA,NA
k1_kernel_tuning,RVV,tile_N,128,2026-09-04T13:42:42,k1-rvv,"GEMM_RVV_FP32_INT8_8x4_Baseline","RVV_IGEMM_INT8_I8I32_8x4","igemm_kernel_8x4_zvl256b_lmulmf4_unroll4_i8i32",8x4,256b,mf4,4,INT8_RVV,0-7,8,8,1024,1024,1024,128,6,OK,0,NONE,0.065932501,GOPS,32.570942,parallel_tiles_including_required_packing,DISABLED,0,0,"0:cpu0:tiles1;1:cpu1:tiles1;2:cpu2:tiles1;3:cpu3:tiles1;4:cpu4:tiles1;5:cpu5:tiles1;6:cpu6:tiles1;7:cpu7:tiles1","NA",static,0,"NA","NA","/home/bananapi/MAT/kernels riscv rvv 1.0/FINAL/riscv-rvv-ime-gemm-microkernels-updated/HETEROGENEOUS_RVV_IME_OPENMP_GEMM/results/openmp_results_k1-rvv_1024_20260904_133315/raw_logs/GEMM_RVV_FP32_INT8_8x4_Baseline_RVV_IGEMM_INT8_I8I32_8x4_igemm_kernel_8x4_zvl256b_lmulmf4_unroll4_i8i32_run6.log",NA,NA,NA,NA,NA,NA,NA
k1_kernel_tuning,RVV,tile_N,128,2026-09-04T13:43:19,k1-rvv,"GEMM_RVV_FP32_INT8_8x4_Baseline","RVV_IGEMM_INT8_I8I32_8x4","igemm_kernel_8x4_zvl256b_lmulmf4_unroll8_i8i32",8x4,256b,mf4,8,INT8_RVV,0-7,8,8,1024,1024,1024,128,1,OK,0,NONE,0.066889875,GOPS,32.104764,parallel_tiles_including_required_packing,INDEPENDENT_INT64_REFERENCE_EXACT_INT32,0,0,"0:cpu0:tiles1;1:cpu1:tiles1;2:cpu2:tiles1;3:cpu3:tiles1;4:cpu4:tiles1;5:cpu5:tiles1;6:cpu6:tiles1;7:cpu7:tiles1","NA",static,0,"NA","NA","/home/bananapi/MAT/kernels riscv rvv 1.0/FINAL/riscv-rvv-ime-gemm-microkernels-updated/HETEROGENEOUS_RVV_IME_OPENMP_GEMM/results/openmp_results_k1-rvv_1024_20260904_133315/raw_logs/GEMM_RVV_FP32_INT8_8x4_Baseline_RVV_IGEMM_INT8_I8I32_8x4_igemm_kernel_8x4_zvl256b_lmulmf4_unroll8_i8i32_run1.log",NA,NA,NA,NA,NA,NA,NA
k1_kernel_tuning,RVV,tile_N,128,2026-09-04T13:43:20,k1-rvv,"GEMM_RVV_FP32_INT8_8x4_Baseline","RVV_IGEMM_INT8_I8I32_8x4","igemm_kernel_8x4_zvl256b_lmulmf4_unroll8_i8i32",8x4,256b,mf4,8,INT8_RVV,0-7,8,8,1024,1024,1024,128,2,OK,0,NONE,0.068959124,GOPS,31.141400,parallel_tiles_including_required_packing,DISABLED,0,0,"0:cpu0:tiles1;1:cpu1:tiles1;2:cpu2:tiles1;3:cpu3:tiles1;4:cpu4:tiles1;5:cpu5:tiles1;6:cpu6:tiles1;7:cpu7:tiles1","NA",static,0,"NA","NA","/home/bananapi/MAT/kernels riscv rvv 1.0/FINAL/riscv-rvv-ime-gemm-microkernels-updated/HETEROGENEOUS_RVV_IME_OPENMP_GEMM/results/openmp_results_k1-rvv_1024_20260904_133315/raw_logs/GEMM_RVV_FP32_INT8_8x4_Baseline_RVV_IGEMM_INT8_I8I32_8x4_igemm_kernel_8x4_zvl256b_lmulmf4_unroll8_i8i32_run2.log",NA,NA,NA,NA,NA,NA,NA
k1_kernel_tuning,RVV,tile_N,128,2026-09-04T13:43:20,k1-rvv,"GEMM_RVV_FP32_INT8_8x4_Baseline","RVV_IGEMM_INT8_I8I32_8x4","igemm_kernel_8x4_zvl256b_lmulmf4_unroll8_i8i32",8x4,256b,mf4,8,INT8_RVV,0-7,8,8,1024,1024,1024,128,3,OK,0,NONE,0.080667000,GOPS,26.621588,parallel_tiles_including_required_packing,DISABLED,0,0,"0:cpu0:tiles1;1:cpu1:tiles1;2:cpu2:tiles1;3:cpu3:tiles1;4:cpu4:tiles1;5:cpu5:tiles1;6:cpu6:tiles1;7:cpu7:tiles1","NA",static,0,"NA","NA","/home/bananapi/MAT/kernels riscv rvv 1.0/FINAL/riscv-rvv-ime-gemm-microkernels-updated/HETEROGENEOUS_RVV_IME_OPENMP_GEMM/results/openmp_results_k1-rvv_1024_20260904_133315/raw_logs/GEMM_RVV_FP32_INT8_8x4_Baseline_RVV_IGEMM_INT8_I8I32_8x4_igemm_kernel_8x4_zvl256b_lmulmf4_unroll8_i8i32_run3.log",NA,NA,NA,NA,NA,NA,NA
k1_kernel_tuning,RVV,tile_N,128,2026-09-04T13:43:21,k1-rvv,"GEMM_RVV_FP32_INT8_8x4_Baseline","RVV_IGEMM_INT8_I8I32_8x4","igemm_kernel_8x4_zvl256b_lmulmf4_unroll8_i8i32",8x4,256b,mf4,8,INT8_RVV,0-7,8,8,1024,1024,1024,128,4,OK,0,NONE,0.065862000,GOPS,32.605807,parallel_tiles_including_required_packing,DISABLED,0,0,"0:cpu0:tiles1;1:cpu1:tiles1;2:cpu2:tiles1;3:cpu3:tiles1;4:cpu4:tiles1;5:cpu5:tiles1;6:cpu6:tiles1;7:cpu7:tiles1","NA",static,0,"NA","NA","/home/bananapi/MAT/kernels riscv rvv 1.0/FINAL/riscv-rvv-ime-gemm-microkernels-updated/HETEROGENEOUS_RVV_IME_OPENMP_GEMM/results/openmp_results_k1-rvv_1024_20260904_133315/raw_logs/GEMM_RVV_FP32_INT8_8x4_Baseline_RVV_IGEMM_INT8_I8I32_8x4_igemm_kernel_8x4_zvl256b_lmulmf4_unroll8_i8i32_run4.log",NA,NA,NA,NA,NA,NA,NA
k1_kernel_tuning,RVV,tile_N,128,2026-09-04T13:43:21,k1-rvv,"GEMM_RVV_FP32_INT8_8x4_Baseline","RVV_IGEMM_INT8_I8I32_8x4","igemm_kernel_8x4_zvl256b_lmulmf4_unroll8_i8i32",8x4,256b,mf4,8,INT8_RVV,0-7,8,8,1024,1024,1024,128,5,OK,0,NONE,0.068121459,GOPS,31.524334,parallel_tiles_including_required_packing,DISABLED,0,0,"0:cpu0:tiles1;1:cpu1:tiles1;2:cpu2:tiles1;3:cpu3:tiles1;4:cpu4:tiles1;5:cpu5:tiles1;6:cpu6:tiles1;7:cpu7:tiles1","NA",static,0,"NA","NA","/home/bananapi/MAT/kernels riscv rvv 1.0/FINAL/riscv-rvv-ime-gemm-microkernels-updated/HETEROGENEOUS_RVV_IME_OPENMP_GEMM/results/openmp_results_k1-rvv_1024_20260904_133315/raw_logs/GEMM_RVV_FP32_INT8_8x4_Baseline_RVV_IGEMM_INT8_I8I32_8x4_igemm_kernel_8x4_zvl256b_lmulmf4_unroll8_i8i32_run5.log",NA,NA,NA,NA,NA,NA,NA
k1_kernel_tuning,RVV,tile_N,128,2026-09-04T13:43:22,k1-rvv,"GEMM_RVV_FP32_INT8_8x4_Baseline","RVV_IGEMM_INT8_I8I32_8x4","igemm_kernel_8x4_zvl256b_lmulmf4_unroll8_i8i32",8x4,256b,mf4,8,INT8_RVV,0-7,8,8,1024,1024,1024,128,6,OK,0,NONE,0.066857666,GOPS,32.120231,parallel_tiles_including_required_packing,DISABLED,0,0,"0:cpu0:tiles1;1:cpu1:tiles1;2:cpu2:tiles1;3:cpu3:tiles1;4:cpu4:tiles1;5:cpu5:tiles1;6:cpu6:tiles1;7:cpu7:tiles1","NA",static,0,"NA","NA","/home/bananapi/MAT/kernels riscv rvv 1.0/FINAL/riscv-rvv-ime-gemm-microkernels-updated/HETEROGENEOUS_RVV_IME_OPENMP_GEMM/results/openmp_results_k1-rvv_1024_20260904_133315/raw_logs/GEMM_RVV_FP32_INT8_8x4_Baseline_RVV_IGEMM_INT8_I8I32_8x4_igemm_kernel_8x4_zvl256b_lmulmf4_unroll8_i8i32_run6.log",NA,NA,NA,NA,NA,NA,NA
k1_kernel_tuning,RVV,tile_N,128,2026-09-04T13:43:49,k1-rvv,"GEMM_RVV_FP32_INT8_8x4_Baseline","RVV_IGEMM_INT8_I8I32_8x4","igemm_kernel_8x4_zvl256b_lmulmf8_unroll1_i8i32",8x4,256b,mf8,1,INT8_RVV,0-7,8,8,1024,1024,1024,128,1,OK,0,NONE,0.067022540,GOPS,32.041216,parallel_tiles_including_required_packing,INDEPENDENT_INT64_REFERENCE_EXACT_INT32,0,0,"0:cpu0:tiles1;1:cpu1:tiles1;2:cpu2:tiles1;3:cpu3:tiles1;4:cpu4:tiles1;5:cpu5:tiles1;6:cpu6:tiles1;7:cpu7:tiles1","NA",static,0,"NA","NA","/home/bananapi/MAT/kernels riscv rvv 1.0/FINAL/riscv-rvv-ime-gemm-microkernels-updated/HETEROGENEOUS_RVV_IME_OPENMP_GEMM/results/openmp_results_k1-rvv_1024_20260904_133315/raw_logs/GEMM_RVV_FP32_INT8_8x4_Baseline_RVV_IGEMM_INT8_I8I32_8x4_igemm_kernel_8x4_zvl256b_lmulmf8_unroll1_i8i32_run1.log",NA,NA,NA,NA,NA,NA,NA
k1_kernel_tuning,RVV,tile_N,128,2026-09-04T13:43:50,k1-rvv,"GEMM_RVV_FP32_INT8_8x4_Baseline","RVV_IGEMM_INT8_I8I32_8x4","igemm_kernel_8x4_zvl256b_lmulmf8_unroll1_i8i32",8x4,256b,mf8,1,INT8_RVV,0-7,8,8,1024,1024,1024,128,2,OK,0,NONE,0.065554623,GOPS,32.758691,parallel_tiles_including_required_packing,DISABLED,0,0,"0:cpu0:tiles1;1:cpu1:tiles1;2:cpu2:tiles1;3:cpu3:tiles1;4:cpu4:tiles1;5:cpu5:tiles1;6:cpu6:tiles1;7:cpu7:tiles1","NA",static,0,"NA","NA","/home/bananapi/MAT/kernels riscv rvv 1.0/FINAL/riscv-rvv-ime-gemm-microkernels-updated/HETEROGENEOUS_RVV_IME_OPENMP_GEMM/results/openmp_results_k1-rvv_1024_20260904_133315/raw_logs/GEMM_RVV_FP32_INT8_8x4_Baseline_RVV_IGEMM_INT8_I8I32_8x4_igemm_kernel_8x4_zvl256b_lmulmf8_unroll1_i8i32_run2.log",NA,NA,NA,NA,NA,NA,NA
k1_kernel_tuning,RVV,tile_N,128,2026-09-04T13:43:50,k1-rvv,"GEMM_RVV_FP32_INT8_8x4_Baseline","RVV_IGEMM_INT8_I8I32_8x4","igemm_kernel_8x4_zvl256b_lmulmf8_unroll1_i8i32",8x4,256b,mf8,1,INT8_RVV,0-7,8,8,1024,1024,1024,128,3,OK,0,NONE,0.063193414,GOPS,33.982713,parallel_tiles_including_required_packing,DISABLED,0,0,"0:cpu0:tiles1;1:cpu1:tiles1;2:cpu2:tiles1;3:cpu3:tiles1;4:cpu4:tiles1;5:cpu5:tiles1;6:cpu6:tiles1;7:cpu7:tiles1","NA",static,0,"NA","NA","/home/bananapi/MAT/kernels riscv rvv 1.0/FINAL/riscv-rvv-ime-gemm-microkernels-updated/HETEROGENEOUS_RVV_IME_OPENMP_GEMM/results/openmp_results_k1-rvv_1024_20260904_133315/raw_logs/GEMM_RVV_FP32_INT8_8x4_Baseline_RVV_IGEMM_INT8_I8I32_8x4_igemm_kernel_8x4_zvl256b_lmulmf8_unroll1_i8i32_run3.log",NA,NA,NA,NA,NA,NA,NA
k1_kernel_tuning,RVV,tile_N,128,2026-09-04T13:43:51,k1-rvv,"GEMM_RVV_FP32_INT8_8x4_Baseline","RVV_IGEMM_INT8_I8I32_8x4","igemm_kernel_8x4_zvl256b_lmulmf8_unroll1_i8i32",8x4,256b,mf8,1,INT8_RVV,0-7,8,8,1024,1024,1024,128,4,OK,0,NONE,0.064401165,GOPS,33.345416,parallel_tiles_including_required_packing,DISABLED,0,0,"0:cpu0:tiles1;1:cpu1:tiles1;2:cpu2:tiles1;3:cpu3:tiles1;4:cpu4:tiles1;5:cpu5:tiles1;6:cpu6:tiles1;7:cpu7:tiles1","NA",static,0,"NA","NA","/home/bananapi/MAT/kernels riscv rvv 1.0/FINAL/riscv-rvv-ime-gemm-microkernels-updated/HETEROGENEOUS_RVV_IME_OPENMP_GEMM/results/openmp_results_k1-rvv_1024_20260904_133315/raw_logs/GEMM_RVV_FP32_INT8_8x4_Baseline_RVV_IGEMM_INT8_I8I32_8x4_igemm_kernel_8x4_zvl256b_lmulmf8_unroll1_i8i32_run4.log",NA,NA,NA,NA,NA,NA,NA
k1_kernel_tuning,RVV,tile_N,128,2026-09-04T13:43:51,k1-rvv,"GEMM_RVV_FP32_INT8_8x4_Baseline","RVV_IGEMM_INT8_I8I32_8x4","igemm_kernel_8x4_zvl256b_lmulmf8_unroll1_i8i32",8x4,256b,mf8,1,INT8_RVV,0-7,8,8,1024,1024,1024,128,5,OK,0,NONE,0.067300335,GOPS,31.908959,parallel_tiles_including_required_packing,DISABLED,0,0,"0:cpu0:tiles1;1:cpu1:tiles1;2:cpu2:tiles1;3:cpu3:tiles1;4:cpu4:tiles1;5:cpu5:tiles1;6:cpu6:tiles1;7:cpu7:tiles1","NA",static,0,"NA","NA","/home/bananapi/MAT/kernels riscv rvv 1.0/FINAL/riscv-rvv-ime-gemm-microkernels-updated/HETEROGENEOUS_RVV_IME_OPENMP_GEMM/results/openmp_results_k1-rvv_1024_20260904_133315/raw_logs/GEMM_RVV_FP32_INT8_8x4_Baseline_RVV_IGEMM_INT8_I8I32_8x4_igemm_kernel_8x4_zvl256b_lmulmf8_unroll1_i8i32_run5.log",NA,NA,NA,NA,NA,NA,NA
k1_kernel_tuning,RVV,tile_N,128,2026-09-04T13:43:52,k1-rvv,"GEMM_RVV_FP32_INT8_8x4_Baseline","RVV_IGEMM_INT8_I8I32_8x4","igemm_kernel_8x4_zvl256b_lmulmf8_unroll1_i8i32",8x4,256b,mf8,1,INT8_RVV,0-7,8,8,1024,1024,1024,128,6,OK,0,NONE,0.068126418,GOPS,31.522040,parallel_tiles_including_required_packing,DISABLED,0,0,"0:cpu0:tiles1;1:cpu1:tiles1;2:cpu2:tiles1;3:cpu3:tiles1;4:cpu4:tiles1;5:cpu5:tiles1;6:cpu6:tiles1;7:cpu7:tiles1","NA",static,0,"NA","NA","/home/bananapi/MAT/kernels riscv rvv 1.0/FINAL/riscv-rvv-ime-gemm-microkernels-updated/HETEROGENEOUS_RVV_IME_OPENMP_GEMM/results/openmp_results_k1-rvv_1024_20260904_133315/raw_logs/GEMM_RVV_FP32_INT8_8x4_Baseline_RVV_IGEMM_INT8_I8I32_8x4_igemm_kernel_8x4_zvl256b_lmulmf8_unroll1_i8i32_run6.log",NA,NA,NA,NA,NA,NA,NA
k1_kernel_tuning,RVV,tile_N,128,2026-09-04T13:44:20,k1-rvv,"GEMM_RVV_FP32_INT8_8x4_Baseline","RVV_IGEMM_INT8_I8I32_8x4","igemm_kernel_8x4_zvl256b_lmulmf8_unroll2_i8i32",8x4,256b,mf8,2,INT8_RVV,0-7,8,8,1024,1024,1024,128,1,OK,0,NONE,0.064222876,GOPS,33.437986,parallel_tiles_including_required_packing,INDEPENDENT_INT64_REFERENCE_EXACT_INT32,0,0,"0:cpu0:tiles1;1:cpu1:tiles1;2:cpu2:tiles1;3:cpu3:tiles1;4:cpu4:tiles1;5:cpu5:tiles1;6:cpu6:tiles1;7:cpu7:tiles1","NA",static,0,"NA","NA","/home/bananapi/MAT/kernels riscv rvv 1.0/FINAL/riscv-rvv-ime-gemm-microkernels-updated/HETEROGENEOUS_RVV_IME_OPENMP_GEMM/results/openmp_results_k1-rvv_1024_20260904_133315/raw_logs/GEMM_RVV_FP32_INT8_8x4_Baseline_RVV_IGEMM_INT8_I8I32_8x4_igemm_kernel_8x4_zvl256b_lmulmf8_unroll2_i8i32_run1.log",NA,NA,NA,NA,NA,NA,NA
k1_kernel_tuning,RVV,tile_N,128,2026-09-04T13:44:20,k1-rvv,"GEMM_RVV_FP32_INT8_8x4_Baseline","RVV_IGEMM_INT8_I8I32_8x4","igemm_kernel_8x4_zvl256b_lmulmf8_unroll2_i8i32",8x4,256b,mf8,2,INT8_RVV,0-7,8,8,1024,1024,1024,128,2,OK,0,NONE,0.062486250,GOPS,34.367299,parallel_tiles_including_required_packing,DISABLED,0,0,"0:cpu0:tiles1;1:cpu1:tiles1;2:cpu2:tiles1;3:cpu3:tiles1;4:cpu4:tiles1;5:cpu5:tiles1;6:cpu6:tiles1;7:cpu7:tiles1","NA",static,0,"NA","NA","/home/bananapi/MAT/kernels riscv rvv 1.0/FINAL/riscv-rvv-ime-gemm-microkernels-updated/HETEROGENEOUS_RVV_IME_OPENMP_GEMM/results/openmp_results_k1-rvv_1024_20260904_133315/raw_logs/GEMM_RVV_FP32_INT8_8x4_Baseline_RVV_IGEMM_INT8_I8I32_8x4_igemm_kernel_8x4_zvl256b_lmulmf8_unroll2_i8i32_run2.log",NA,NA,NA,NA,NA,NA,NA
k1_kernel_tuning,RVV,tile_N,128,2026-09-04T13:44:21,k1-rvv,"GEMM_RVV_FP32_INT8_8x4_Baseline","RVV_IGEMM_INT8_I8I32_8x4","igemm_kernel_8x4_zvl256b_lmulmf8_unroll2_i8i32",8x4,256b,mf8,2,INT8_RVV,0-7,8,8,1024,1024,1024,128,3,OK,0,NONE,0.063848086,GOPS,33.634268,parallel_tiles_including_required_packing,DISABLED,0,0,"0:cpu0:tiles1;1:cpu1:tiles1;2:cpu2:tiles1;3:cpu3:tiles1;4:cpu4:tiles1;5:cpu5:tiles1;6:cpu6:tiles1;7:cpu7:tiles1","NA",static,0,"NA","NA","/home/bananapi/MAT/kernels riscv rvv 1.0/FINAL/riscv-rvv-ime-gemm-microkernels-updated/HETEROGENEOUS_RVV_IME_OPENMP_GEMM/results/openmp_results_k1-rvv_1024_20260904_133315/raw_logs/GEMM_RVV_FP32_INT8_8x4_Baseline_RVV_IGEMM_INT8_I8I32_8x4_igemm_kernel_8x4_zvl256b_lmulmf8_unroll2_i8i32_run3.log",NA,NA,NA,NA,NA,NA,NA
k1_kernel_tuning,RVV,tile_N,128,2026-09-04T13:44:21,k1-rvv,"GEMM_RVV_FP32_INT8_8x4_Baseline","RVV_IGEMM_INT8_I8I32_8x4","igemm_kernel_8x4_zvl256b_lmulmf8_unroll2_i8i32",8x4,256b,mf8,2,INT8_RVV,0-7,8,8,1024,1024,1024,128,4,OK,0,NONE,0.063848667,GOPS,33.633962,parallel_tiles_including_required_packing,DISABLED,0,0,"0:cpu0:tiles1;1:cpu1:tiles1;2:cpu2:tiles1;3:cpu3:tiles1;4:cpu4:tiles1;5:cpu5:tiles1;6:cpu6:tiles1;7:cpu7:tiles1","NA",static,0,"NA","NA","/home/bananapi/MAT/kernels riscv rvv 1.0/FINAL/riscv-rvv-ime-gemm-microkernels-updated/HETEROGENEOUS_RVV_IME_OPENMP_GEMM/results/openmp_results_k1-rvv_1024_20260904_133315/raw_logs/GEMM_RVV_FP32_INT8_8x4_Baseline_RVV_IGEMM_INT8_I8I32_8x4_igemm_kernel_8x4_zvl256b_lmulmf8_unroll2_i8i32_run4.log",NA,NA,NA,NA,NA,NA,NA
k1_kernel_tuning,RVV,tile_N,128,2026-09-04T13:44:21,k1-rvv,"GEMM_RVV_FP32_INT8_8x4_Baseline","RVV_IGEMM_INT8_I8I32_8x4","igemm_kernel_8x4_zvl256b_lmulmf8_unroll2_i8i32",8x4,256b,mf8,2,INT8_RVV,0-7,8,8,1024,1024,1024,128,5,OK,0,NONE,0.063694581,GOPS,33.715327,parallel_tiles_including_required_packing,DISABLED,0,0,"0:cpu0:tiles1;1:cpu1:tiles1;2:cpu2:tiles1;3:cpu3:tiles1;4:cpu4:tiles1;5:cpu5:tiles1;6:cpu6:tiles1;7:cpu7:tiles1","NA",static,0,"NA","NA","/home/bananapi/MAT/kernels riscv rvv 1.0/FINAL/riscv-rvv-ime-gemm-microkernels-updated/HETEROGENEOUS_RVV_IME_OPENMP_GEMM/results/openmp_results_k1-rvv_1024_20260904_133315/raw_logs/GEMM_RVV_FP32_INT8_8x4_Baseline_RVV_IGEMM_INT8_I8I32_8x4_igemm_kernel_8x4_zvl256b_lmulmf8_unroll2_i8i32_run5.log",NA,NA,NA,NA,NA,NA,NA
k1_kernel_tuning,RVV,tile_N,128,2026-09-04T13:44:22,k1-rvv,"GEMM_RVV_FP32_INT8_8x4_Baseline","RVV_IGEMM_INT8_I8I32_8x4","igemm_kernel_8x4_zvl256b_lmulmf8_unroll2_i8i32",8x4,256b,mf8,2,INT8_RVV,0-7,8,8,1024,1024,1024,128,6,OK,0,NONE,0.061257001,GOPS,35.056950,parallel_tiles_including_required_packing,DISABLED,0,0,"0:cpu0:tiles1;1:cpu1:tiles1;2:cpu2:tiles1;3:cpu3:tiles1;4:cpu4:tiles1;5:cpu5:tiles1;6:cpu6:tiles1;7:cpu7:tiles1","NA",static,0,"NA","NA","/home/bananapi/MAT/kernels riscv rvv 1.0/FINAL/riscv-rvv-ime-gemm-microkernels-updated/HETEROGENEOUS_RVV_IME_OPENMP_GEMM/results/openmp_results_k1-rvv_1024_20260904_133315/raw_logs/GEMM_RVV_FP32_INT8_8x4_Baseline_RVV_IGEMM_INT8_I8I32_8x4_igemm_kernel_8x4_zvl256b_lmulmf8_unroll2_i8i32_run6.log",NA,NA,NA,NA,NA,NA,NA
k1_kernel_tuning,RVV,tile_N,128,2026-09-04T13:44:58,k1-rvv,"GEMM_RVV_FP32_INT8_8x4_Baseline","RVV_IGEMM_INT8_I8I32_8x4","igemm_kernel_8x4_zvl256b_lmulmf8_unroll4_i8i32",8x4,256b,mf8,4,INT8_RVV,0-7,8,8,1024,1024,1024,128,1,OK,0,NONE,0.062912919,GOPS,34.134224,parallel_tiles_including_required_packing,INDEPENDENT_INT64_REFERENCE_EXACT_INT32,0,0,"0:cpu0:tiles1;1:cpu1:tiles1;2:cpu2:tiles1;3:cpu3:tiles1;4:cpu4:tiles1;5:cpu5:tiles1;6:cpu6:tiles1;7:cpu7:tiles1","NA",static,0,"NA","NA","/home/bananapi/MAT/kernels riscv rvv 1.0/FINAL/riscv-rvv-ime-gemm-microkernels-updated/HETEROGENEOUS_RVV_IME_OPENMP_GEMM/results/openmp_results_k1-rvv_1024_20260904_133315/raw_logs/GEMM_RVV_FP32_INT8_8x4_Baseline_RVV_IGEMM_INT8_I8I32_8x4_igemm_kernel_8x4_zvl256b_lmulmf8_unroll4_i8i32_run1.log",NA,NA,NA,NA,NA,NA,NA
k1_kernel_tuning,RVV,tile_N,128,2026-09-04T13:44:58,k1-rvv,"GEMM_RVV_FP32_INT8_8x4_Baseline","RVV_IGEMM_INT8_I8I32_8x4","igemm_kernel_8x4_zvl256b_lmulmf8_unroll4_i8i32",8x4,256b,mf8,4,INT8_RVV,0-7,8,8,1024,1024,1024,128,2,OK,0,NONE,0.062041666,GOPS,34.613571,parallel_tiles_including_required_packing,DISABLED,0,0,"0:cpu0:tiles1;1:cpu1:tiles1;2:cpu2:tiles1;3:cpu3:tiles1;4:cpu4:tiles1;5:cpu5:tiles1;6:cpu6:tiles1;7:cpu7:tiles1","NA",static,0,"NA","NA","/home/bananapi/MAT/kernels riscv rvv 1.0/FINAL/riscv-rvv-ime-gemm-microkernels-updated/HETEROGENEOUS_RVV_IME_OPENMP_GEMM/results/openmp_results_k1-rvv_1024_20260904_133315/raw_logs/GEMM_RVV_FP32_INT8_8x4_Baseline_RVV_IGEMM_INT8_I8I32_8x4_igemm_kernel_8x4_zvl256b_lmulmf8_unroll4_i8i32_run2.log",NA,NA,NA,NA,NA,NA,NA
k1_kernel_tuning,RVV,tile_N,128,2026-09-04T13:44:58,k1-rvv,"GEMM_RVV_FP32_INT8_8x4_Baseline","RVV_IGEMM_INT8_I8I32_8x4","igemm_kernel_8x4_zvl256b_lmulmf8_unroll4_i8i32",8x4,256b,mf8,4,INT8_RVV,0-7,8,8,1024,1024,1024,128,3,OK,0,NONE,0.065558501,GOPS,32.756754,parallel_tiles_including_required_packing,DISABLED,0,0,"0:cpu0:tiles1;1:cpu1:tiles1;2:cpu2:tiles1;3:cpu3:tiles1;4:cpu4:tiles1;5:cpu5:tiles1;6:cpu6:tiles1;7:cpu7:tiles1","NA",static,0,"NA","NA","/home/bananapi/MAT/kernels riscv rvv 1.0/FINAL/riscv-rvv-ime-gemm-microkernels-updated/HETEROGENEOUS_RVV_IME_OPENMP_GEMM/results/openmp_results_k1-rvv_1024_20260904_133315/raw_logs/GEMM_RVV_FP32_INT8_8x4_Baseline_RVV_IGEMM_INT8_I8I32_8x4_igemm_kernel_8x4_zvl256b_lmulmf8_unroll4_i8i32_run3.log",NA,NA,NA,NA,NA,NA,NA
k1_kernel_tuning,RVV,tile_N,128,2026-09-04T13:44:59,k1-rvv,"GEMM_RVV_FP32_INT8_8x4_Baseline","RVV_IGEMM_INT8_I8I32_8x4","igemm_kernel_8x4_zvl256b_lmulmf8_unroll4_i8i32",8x4,256b,mf8,4,INT8_RVV,0-7,8,8,1024,1024,1024,128,4,OK,0,NONE,0.065332580,GOPS,32.870027,parallel_tiles_including_required_packing,DISABLED,0,0,"0:cpu0:tiles1;1:cpu1:tiles1;2:cpu2:tiles1;3:cpu3:tiles1;4:cpu4:tiles1;5:cpu5:tiles1;6:cpu6:tiles1;7:cpu7:tiles1","NA",static,0,"NA","NA","/home/bananapi/MAT/kernels riscv rvv 1.0/FINAL/riscv-rvv-ime-gemm-microkernels-updated/HETEROGENEOUS_RVV_IME_OPENMP_GEMM/results/openmp_results_k1-rvv_1024_20260904_133315/raw_logs/GEMM_RVV_FP32_INT8_8x4_Baseline_RVV_IGEMM_INT8_I8I32_8x4_igemm_kernel_8x4_zvl256b_lmulmf8_unroll4_i8i32_run4.log",NA,NA,NA,NA,NA,NA,NA
k1_kernel_tuning,RVV,tile_N,128,2026-09-04T13:44:59,k1-rvv,"GEMM_RVV_FP32_INT8_8x4_Baseline","RVV_IGEMM_INT8_I8I32_8x4","igemm_kernel_8x4_zvl256b_lmulmf8_unroll4_i8i32",8x4,256b,mf8,4,INT8_RVV,0-7,8,8,1024,1024,1024,128,5,OK,0,NONE,0.063391749,GOPS,33.876391,parallel_tiles_including_required_packing,DISABLED,0,0,"0:cpu0:tiles1;1:cpu1:tiles1;2:cpu2:tiles1;3:cpu3:tiles1;4:cpu4:tiles1;5:cpu5:tiles1;6:cpu6:tiles1;7:cpu7:tiles1","NA",static,0,"NA","NA","/home/bananapi/MAT/kernels riscv rvv 1.0/FINAL/riscv-rvv-ime-gemm-microkernels-updated/HETEROGENEOUS_RVV_IME_OPENMP_GEMM/results/openmp_results_k1-rvv_1024_20260904_133315/raw_logs/GEMM_RVV_FP32_INT8_8x4_Baseline_RVV_IGEMM_INT8_I8I32_8x4_igemm_kernel_8x4_zvl256b_lmulmf8_unroll4_i8i32_run5.log",NA,NA,NA,NA,NA,NA,NA
k1_kernel_tuning,RVV,tile_N,128,2026-09-04T13:45:00,k1-rvv,"GEMM_RVV_FP32_INT8_8x4_Baseline","RVV_IGEMM_INT8_I8I32_8x4","igemm_kernel_8x4_zvl256b_lmulmf8_unroll4_i8i32",8x4,256b,mf8,4,INT8_RVV,0-7,8,8,1024,1024,1024,128,6,OK,0,NONE,0.062877748,GOPS,34.153317,parallel_tiles_including_required_packing,DISABLED,0,0,"0:cpu0:tiles1;1:cpu1:tiles1;2:cpu2:tiles1;3:cpu3:tiles1;4:cpu4:tiles1;5:cpu5:tiles1;6:cpu6:tiles1;7:cpu7:tiles1","NA",static,0,"NA","NA","/home/bananapi/MAT/kernels riscv rvv 1.0/FINAL/riscv-rvv-ime-gemm-microkernels-updated/HETEROGENEOUS_RVV_IME_OPENMP_GEMM/results/openmp_results_k1-rvv_1024_20260904_133315/raw_logs/GEMM_RVV_FP32_INT8_8x4_Baseline_RVV_IGEMM_INT8_I8I32_8x4_igemm_kernel_8x4_zvl256b_lmulmf8_unroll4_i8i32_run6.log",NA,NA,NA,NA,NA,NA,NA
k1_kernel_tuning,RVV,tile_N,128,2026-09-04T13:45:29,k1-rvv,"GEMM_RVV_FP32_INT8_8x4_Baseline","RVV_IGEMM_INT8_I8I32_8x4","igemm_kernel_8x4_zvl256b_lmulmf8_unroll8_i8i32",8x4,256b,mf8,8,INT8_RVV,0-7,8,8,1024,1024,1024,128,1,OK,0,NONE,0.065370459,GOPS,32.850980,parallel_tiles_including_required_packing,INDEPENDENT_INT64_REFERENCE_EXACT_INT32,0,0,"0:cpu0:tiles1;1:cpu1:tiles1;2:cpu2:tiles1;3:cpu3:tiles1;4:cpu4:tiles1;5:cpu5:tiles1;6:cpu6:tiles1;7:cpu7:tiles1","NA",static,0,"NA","NA","/home/bananapi/MAT/kernels riscv rvv 1.0/FINAL/riscv-rvv-ime-gemm-microkernels-updated/HETEROGENEOUS_RVV_IME_OPENMP_GEMM/results/openmp_results_k1-rvv_1024_20260904_133315/raw_logs/GEMM_RVV_FP32_INT8_8x4_Baseline_RVV_IGEMM_INT8_I8I32_8x4_igemm_kernel_8x4_zvl256b_lmulmf8_unroll8_i8i32_run1.log",NA,NA,NA,NA,NA,NA,NA
k1_kernel_tuning,RVV,tile_N,128,2026-09-04T13:45:29,k1-rvv,"GEMM_RVV_FP32_INT8_8x4_Baseline","RVV_IGEMM_INT8_I8I32_8x4","igemm_kernel_8x4_zvl256b_lmulmf8_unroll8_i8i32",8x4,256b,mf8,8,INT8_RVV,0-7,8,8,1024,1024,1024,128,2,OK,0,NONE,0.061585248,GOPS,34.870099,parallel_tiles_including_required_packing,DISABLED,0,0,"0:cpu0:tiles1;1:cpu1:tiles1;2:cpu2:tiles1;3:cpu3:tiles1;4:cpu4:tiles1;5:cpu5:tiles1;6:cpu6:tiles1;7:cpu7:tiles1","NA",static,0,"NA","NA","/home/bananapi/MAT/kernels riscv rvv 1.0/FINAL/riscv-rvv-ime-gemm-microkernels-updated/HETEROGENEOUS_RVV_IME_OPENMP_GEMM/results/openmp_results_k1-rvv_1024_20260904_133315/raw_logs/GEMM_RVV_FP32_INT8_8x4_Baseline_RVV_IGEMM_INT8_I8I32_8x4_igemm_kernel_8x4_zvl256b_lmulmf8_unroll8_i8i32_run2.log",NA,NA,NA,NA,NA,NA,NA
k1_kernel_tuning,RVV,tile_N,128,2026-09-04T13:45:30,k1-rvv,"GEMM_RVV_FP32_INT8_8x4_Baseline","RVV_IGEMM_INT8_I8I32_8x4","igemm_kernel_8x4_zvl256b_lmulmf8_unroll8_i8i32",8x4,256b,mf8,8,INT8_RVV,0-7,8,8,1024,1024,1024,128,3,OK,0,NONE,0.060214918,GOPS,35.663648,parallel_tiles_including_required_packing,DISABLED,0,0,"0:cpu0:tiles1;1:cpu1:tiles1;2:cpu2:tiles1;3:cpu3:tiles1;4:cpu4:tiles1;5:cpu5:tiles1;6:cpu6:tiles1;7:cpu7:tiles1","NA",static,0,"NA","NA","/home/bananapi/MAT/kernels riscv rvv 1.0/FINAL/riscv-rvv-ime-gemm-microkernels-updated/HETEROGENEOUS_RVV_IME_OPENMP_GEMM/results/openmp_results_k1-rvv_1024_20260904_133315/raw_logs/GEMM_RVV_FP32_INT8_8x4_Baseline_RVV_IGEMM_INT8_I8I32_8x4_igemm_kernel_8x4_zvl256b_lmulmf8_unroll8_i8i32_run3.log",NA,NA,NA,NA,NA,NA,NA
k1_kernel_tuning,RVV,tile_N,128,2026-09-04T13:45:30,k1-rvv,"GEMM_RVV_FP32_INT8_8x4_Baseline","RVV_IGEMM_INT8_I8I32_8x4","igemm_kernel_8x4_zvl256b_lmulmf8_unroll8_i8i32",8x4,256b,mf8,8,INT8_RVV,0-7,8,8,1024,1024,1024,128,4,OK,0,NONE,0.062026083,GOPS,34.622267,parallel_tiles_including_required_packing,DISABLED,0,0,"0:cpu0:tiles1;1:cpu1:tiles1;2:cpu2:tiles1;3:cpu3:tiles1;4:cpu4:tiles1;5:cpu5:tiles1;6:cpu6:tiles1;7:cpu7:tiles1","NA",static,0,"NA","NA","/home/bananapi/MAT/kernels riscv rvv 1.0/FINAL/riscv-rvv-ime-gemm-microkernels-updated/HETEROGENEOUS_RVV_IME_OPENMP_GEMM/results/openmp_results_k1-rvv_1024_20260904_133315/raw_logs/GEMM_RVV_FP32_INT8_8x4_Baseline_RVV_IGEMM_INT8_I8I32_8x4_igemm_kernel_8x4_zvl256b_lmulmf8_unroll8_i8i32_run4.log",NA,NA,NA,NA,NA,NA,NA
k1_kernel_tuning,RVV,tile_N,128,2026-09-04T13:45:30,k1-rvv,"GEMM_RVV_FP32_INT8_8x4_Baseline","RVV_IGEMM_INT8_I8I32_8x4","igemm_kernel_8x4_zvl256b_lmulmf8_unroll8_i8i32",8x4,256b,mf8,8,INT8_RVV,0-7,8,8,1024,1024,1024,128,5,OK,0,NONE,0.063242499,GOPS,33.956338,parallel_tiles_including_required_packing,DISABLED,0,0,"0:cpu0:tiles1;1:cpu1:tiles1;2:cpu2:tiles1;3:cpu3:tiles1;4:cpu4:tiles1;5:cpu5:tiles1;6:cpu6:tiles1;7:cpu7:tiles1","NA",static,0,"NA","NA","/home/bananapi/MAT/kernels riscv rvv 1.0/FINAL/riscv-rvv-ime-gemm-microkernels-updated/HETEROGENEOUS_RVV_IME_OPENMP_GEMM/results/openmp_results_k1-rvv_1024_20260904_133315/raw_logs/GEMM_RVV_FP32_INT8_8x4_Baseline_RVV_IGEMM_INT8_I8I32_8x4_igemm_kernel_8x4_zvl256b_lmulmf8_unroll8_i8i32_run5.log",NA,NA,NA,NA,NA,NA,NA
k1_kernel_tuning,RVV,tile_N,128,2026-09-04T13:45:31,k1-rvv,"GEMM_RVV_FP32_INT8_8x4_Baseline","RVV_IGEMM_INT8_I8I32_8x4","igemm_kernel_8x4_zvl256b_lmulmf8_unroll8_i8i32",8x4,256b,mf8,8,INT8_RVV,0-7,8,8,1024,1024,1024,128,6,OK,0,NONE,0.062786292,GOPS,34.203065,parallel_tiles_including_required_packing,DISABLED,0,0,"0:cpu0:tiles1;1:cpu1:tiles1;2:cpu2:tiles1;3:cpu3:tiles1;4:cpu4:tiles1;5:cpu5:tiles1;6:cpu6:tiles1;7:cpu7:tiles1","NA",static,0,"NA","NA","/home/bananapi/MAT/kernels riscv rvv 1.0/FINAL/riscv-rvv-ime-gemm-microkernels-updated/HETEROGENEOUS_RVV_IME_OPENMP_GEMM/results/openmp_results_k1-rvv_1024_20260904_133315/raw_logs/GEMM_RVV_FP32_INT8_8x4_Baseline_RVV_IGEMM_INT8_I8I32_8x4_igemm_kernel_8x4_zvl256b_lmulmf8_unroll8_i8i32_run6.log",NA,NA,NA,NA,NA,NA,NA
k1_kernel_tuning,RVV,tile_N,128,2026-09-04T13:46:11,k1-rvv,"GEMM_RVV_FP32_INT8_8x8_Baseline","RVV_IGEMM_INT8_I8I32_8x8","igemm_kernel_8x8_zvl256b_lmul1_unroll1_i8i32",8x8,256b,1,1,INT8_RVV,0-7,8,8,1024,1024,1024,128,1,OK,0,NONE,0.145774540,GOPS,14.731541,parallel_tiles_including_required_packing,INDEPENDENT_INT64_REFERENCE_EXACT_INT32,0,0,"0:cpu0:tiles1;1:cpu1:tiles1;2:cpu2:tiles1;3:cpu3:tiles1;4:cpu4:tiles1;5:cpu5:tiles1;6:cpu6:tiles1;7:cpu7:tiles1","NA",static,0,"NA","NA","/home/bananapi/MAT/kernels riscv rvv 1.0/FINAL/riscv-rvv-ime-gemm-microkernels-updated/HETEROGENEOUS_RVV_IME_OPENMP_GEMM/results/openmp_results_k1-rvv_1024_20260904_133315/raw_logs/GEMM_RVV_FP32_INT8_8x8_Baseline_RVV_IGEMM_INT8_I8I32_8x8_igemm_kernel_8x8_zvl256b_lmul1_unroll1_i8i32_run1.log",NA,NA,NA,NA,NA,NA,NA
k1_kernel_tuning,RVV,tile_N,128,2026-09-04T13:46:12,k1-rvv,"GEMM_RVV_FP32_INT8_8x8_Baseline","RVV_IGEMM_INT8_I8I32_8x8","igemm_kernel_8x8_zvl256b_lmul1_unroll1_i8i32",8x8,256b,1,1,INT8_RVV,0-7,8,8,1024,1024,1024,128,2,OK,0,NONE,0.147384875,GOPS,14.570584,parallel_tiles_including_required_packing,DISABLED,0,0,"0:cpu0:tiles1;1:cpu1:tiles1;2:cpu2:tiles1;3:cpu3:tiles1;4:cpu4:tiles1;5:cpu5:tiles1;6:cpu6:tiles1;7:cpu7:tiles1","NA",static,0,"NA","NA","/home/bananapi/MAT/kernels riscv rvv 1.0/FINAL/riscv-rvv-ime-gemm-microkernels-updated/HETEROGENEOUS_RVV_IME_OPENMP_GEMM/results/openmp_results_k1-rvv_1024_20260904_133315/raw_logs/GEMM_RVV_FP32_INT8_8x8_Baseline_RVV_IGEMM_INT8_I8I32_8x8_igemm_kernel_8x8_zvl256b_lmul1_unroll1_i8i32_run2.log",NA,NA,NA,NA,NA,NA,NA
k1_kernel_tuning,RVV,tile_N,128,2026-09-04T13:46:12,k1-rvv,"GEMM_RVV_FP32_INT8_8x8_Baseline","RVV_IGEMM_INT8_I8I32_8x8","igemm_kernel_8x8_zvl256b_lmul1_unroll1_i8i32",8x8,256b,1,1,INT8_RVV,0-7,8,8,1024,1024,1024,128,3,OK,0,NONE,0.144852206,GOPS,14.825343,parallel_tiles_including_required_packing,DISABLED,0,0,"0:cpu0:tiles1;1:cpu1:tiles1;2:cpu2:tiles1;3:cpu3:tiles1;4:cpu4:tiles1;5:cpu5:tiles1;6:cpu6:tiles1;7:cpu7:tiles1","NA",static,0,"NA","NA","/home/bananapi/MAT/kernels riscv rvv 1.0/FINAL/riscv-rvv-ime-gemm-microkernels-updated/HETEROGENEOUS_RVV_IME_OPENMP_GEMM/results/openmp_results_k1-rvv_1024_20260904_133315/raw_logs/GEMM_RVV_FP32_INT8_8x8_Baseline_RVV_IGEMM_INT8_I8I32_8x8_igemm_kernel_8x8_zvl256b_lmul1_unroll1_i8i32_run3.log",NA,NA,NA,NA,NA,NA,NA
k1_kernel_tuning,RVV,tile_N,128,2026-09-04T13:46:13,k1-rvv,"GEMM_RVV_FP32_INT8_8x8_Baseline","RVV_IGEMM_INT8_I8I32_8x8","igemm_kernel_8x8_zvl256b_lmul1_unroll1_i8i32",8x8,256b,1,1,INT8_RVV,0-7,8,8,1024,1024,1024,128,4,OK,0,NONE,0.145891920,GOPS,14.719689,parallel_tiles_including_required_packing,DISABLED,0,0,"0:cpu0:tiles1;1:cpu1:tiles1;2:cpu2:tiles1;3:cpu3:tiles1;4:cpu4:tiles1;5:cpu5:tiles1;6:cpu6:tiles1;7:cpu7:tiles1","NA",static,0,"NA","NA","/home/bananapi/MAT/kernels riscv rvv 1.0/FINAL/riscv-rvv-ime-gemm-microkernels-updated/HETEROGENEOUS_RVV_IME_OPENMP_GEMM/results/openmp_results_k1-rvv_1024_20260904_133315/raw_logs/GEMM_RVV_FP32_INT8_8x8_Baseline_RVV_IGEMM_INT8_I8I32_8x8_igemm_kernel_8x8_zvl256b_lmul1_unroll1_i8i32_run4.log",NA,NA,NA,NA,NA,NA,NA
k1_kernel_tuning,RVV,tile_N,128,2026-09-04T13:46:14,k1-rvv,"GEMM_RVV_FP32_INT8_8x8_Baseline","RVV_IGEMM_INT8_I8I32_8x8","igemm_kernel_8x8_zvl256b_lmul1_unroll1_i8i32",8x8,256b,1,1,INT8_RVV,0-7,8,8,1024,1024,1024,128,5,OK,0,NONE,0.144923124,GOPS,14.818088,parallel_tiles_including_required_packing,DISABLED,0,0,"0:cpu0:tiles1;1:cpu1:tiles1;2:cpu2:tiles1;3:cpu3:tiles1;4:cpu4:tiles1;5:cpu5:tiles1;6:cpu6:tiles1;7:cpu7:tiles1","NA",static,0,"NA","NA","/home/bananapi/MAT/kernels riscv rvv 1.0/FINAL/riscv-rvv-ime-gemm-microkernels-updated/HETEROGENEOUS_RVV_IME_OPENMP_GEMM/results/openmp_results_k1-rvv_1024_20260904_133315/raw_logs/GEMM_RVV_FP32_INT8_8x8_Baseline_RVV_IGEMM_INT8_I8I32_8x8_igemm_kernel_8x8_zvl256b_lmul1_unroll1_i8i32_run5.log",NA,NA,NA,NA,NA,NA,NA
k1_kernel_tuning,RVV,tile_N,128,2026-09-04T13:46:14,k1-rvv,"GEMM_RVV_FP32_INT8_8x8_Baseline","RVV_IGEMM_INT8_I8I32_8x8","igemm_kernel_8x8_zvl256b_lmul1_unroll1_i8i32",8x8,256b,1,1,INT8_RVV,0-7,8,8,1024,1024,1024,128,6,OK,0,NONE,0.145974789,GOPS,14.711332,parallel_tiles_including_required_packing,DISABLED,0,0,"0:cpu0:tiles1;1:cpu1:tiles1;2:cpu2:tiles1;3:cpu3:tiles1;4:cpu4:tiles1;5:cpu5:tiles1;6:cpu6:tiles1;7:cpu7:tiles1","NA",static,0,"NA","NA","/home/bananapi/MAT/kernels riscv rvv 1.0/FINAL/riscv-rvv-ime-gemm-microkernels-updated/HETEROGENEOUS_RVV_IME_OPENMP_GEMM/results/openmp_results_k1-rvv_1024_20260904_133315/raw_logs/GEMM_RVV_FP32_INT8_8x8_Baseline_RVV_IGEMM_INT8_I8I32_8x8_igemm_kernel_8x8_zvl256b_lmul1_unroll1_i8i32_run6.log",NA,NA,NA,NA,NA,NA,NA
k1_kernel_tuning,RVV,tile_N,128,2026-09-04T13:46:52,k1-rvv,"GEMM_RVV_FP32_INT8_8x8_Baseline","RVV_IGEMM_INT8_I8I32_8x8","igemm_kernel_8x8_zvl256b_lmul1_unroll2_i8i32",8x8,256b,1,2,INT8_RVV,0-7,8,8,1024,1024,1024,128,1,OK,0,NONE,0.164304122,GOPS,13.070175,parallel_tiles_including_required_packing,INDEPENDENT_INT64_REFERENCE_EXACT_INT32,0,0,"0:cpu0:tiles1;1:cpu1:tiles1;2:cpu2:tiles1;3:cpu3:tiles1;4:cpu4:tiles1;5:cpu5:tiles1;6:cpu6:tiles1;7:cpu7:tiles1","NA",static,0,"NA","NA","/home/bananapi/MAT/kernels riscv rvv 1.0/FINAL/riscv-rvv-ime-gemm-microkernels-updated/HETEROGENEOUS_RVV_IME_OPENMP_GEMM/results/openmp_results_k1-rvv_1024_20260904_133315/raw_logs/GEMM_RVV_FP32_INT8_8x8_Baseline_RVV_IGEMM_INT8_I8I32_8x8_igemm_kernel_8x8_zvl256b_lmul1_unroll2_i8i32_run1.log",NA,NA,NA,NA,NA,NA,NA
k1_kernel_tuning,RVV,tile_N,128,2026-09-04T13:46:53,k1-rvv,"GEMM_RVV_FP32_INT8_8x8_Baseline","RVV_IGEMM_INT8_I8I32_8x8","igemm_kernel_8x8_zvl256b_lmul1_unroll2_i8i32",8x8,256b,1,2,INT8_RVV,0-7,8,8,1024,1024,1024,128,2,OK,0,NONE,0.167458378,GOPS,12.823985,parallel_tiles_including_required_packing,DISABLED,0,0,"0:cpu0:tiles1;1:cpu1:tiles1;2:cpu2:tiles1;3:cpu3:tiles1;4:cpu4:tiles1;5:cpu5:tiles1;6:cpu6:tiles1;7:cpu7:tiles1","NA",static,0,"NA","NA","/home/bananapi/MAT/kernels riscv rvv 1.0/FINAL/riscv-rvv-ime-gemm-microkernels-updated/HETEROGENEOUS_RVV_IME_OPENMP_GEMM/results/openmp_results_k1-rvv_1024_20260904_133315/raw_logs/GEMM_RVV_FP32_INT8_8x8_Baseline_RVV_IGEMM_INT8_I8I32_8x8_igemm_kernel_8x8_zvl256b_lmul1_unroll2_i8i32_run2.log",NA,NA,NA,NA,NA,NA,NA
k1_kernel_tuning,RVV,tile_N,128,2026-09-04T13:46:54,k1-rvv,"GEMM_RVV_FP32_INT8_8x8_Baseline","RVV_IGEMM_INT8_I8I32_8x8","igemm_kernel_8x8_zvl256b_lmul1_unroll2_i8i32",8x8,256b,1,2,INT8_RVV,0-7,8,8,1024,1024,1024,128,3,OK,0,NONE,0.164589208,GOPS,13.047536,parallel_tiles_including_required_packing,DISABLED,0,0,"0:cpu0:tiles1;1:cpu1:tiles1;2:cpu2:tiles1;3:cpu3:tiles1;4:cpu4:tiles1;5:cpu5:tiles1;6:cpu6:tiles1;7:cpu7:tiles1","NA",static,0,"NA","NA","/home/bananapi/MAT/kernels riscv rvv 1.0/FINAL/riscv-rvv-ime-gemm-microkernels-updated/HETEROGENEOUS_RVV_IME_OPENMP_GEMM/results/openmp_results_k1-rvv_1024_20260904_133315/raw_logs/GEMM_RVV_FP32_INT8_8x8_Baseline_RVV_IGEMM_INT8_I8I32_8x8_igemm_kernel_8x8_zvl256b_lmul1_unroll2_i8i32_run3.log",NA,NA,NA,NA,NA,NA,NA
k1_kernel_tuning,RVV,tile_N,128,2026-09-04T13:46:54,k1-rvv,"GEMM_RVV_FP32_INT8_8x8_Baseline","RVV_IGEMM_INT8_I8I32_8x8","igemm_kernel_8x8_zvl256b_lmul1_unroll2_i8i32",8x8,256b,1,2,INT8_RVV,0-7,8,8,1024,1024,1024,128,4,OK,0,NONE,0.163177039,GOPS,13.160452,parallel_tiles_including_required_packing,DISABLED,0,0,"0:cpu0:tiles1;1:cpu1:tiles1;2:cpu2:tiles1;3:cpu3:tiles1;4:cpu4:tiles1;5:cpu5:tiles1;6:cpu6:tiles1;7:cpu7:tiles1","NA",static,0,"NA","NA","/home/bananapi/MAT/kernels riscv rvv 1.0/FINAL/riscv-rvv-ime-gemm-microkernels-updated/HETEROGENEOUS_RVV_IME_OPENMP_GEMM/results/openmp_results_k1-rvv_1024_20260904_133315/raw_logs/GEMM_RVV_FP32_INT8_8x8_Baseline_RVV_IGEMM_INT8_I8I32_8x8_igemm_kernel_8x8_zvl256b_lmul1_unroll2_i8i32_run4.log",NA,NA,NA,NA,NA,NA,NA
k1_kernel_tuning,RVV,tile_N,128,2026-09-04T13:46:55,k1-rvv,"GEMM_RVV_FP32_INT8_8x8_Baseline","RVV_IGEMM_INT8_I8I32_8x8","igemm_kernel_8x8_zvl256b_lmul1_unroll2_i8i32",8x8,256b,1,2,INT8_RVV,0-7,8,8,1024,1024,1024,128,5,OK,0,NONE,0.162563831,GOPS,13.210095,parallel_tiles_including_required_packing,DISABLED,0,0,"0:cpu0:tiles1;1:cpu1:tiles1;2:cpu2:tiles1;3:cpu3:tiles1;4:cpu4:tiles1;5:cpu5:tiles1;6:cpu6:tiles1;7:cpu7:tiles1","NA",static,0,"NA","NA","/home/bananapi/MAT/kernels riscv rvv 1.0/FINAL/riscv-rvv-ime-gemm-microkernels-updated/HETEROGENEOUS_RVV_IME_OPENMP_GEMM/results/openmp_results_k1-rvv_1024_20260904_133315/raw_logs/GEMM_RVV_FP32_INT8_8x8_Baseline_RVV_IGEMM_INT8_I8I32_8x8_igemm_kernel_8x8_zvl256b_lmul1_unroll2_i8i32_run5.log",NA,NA,NA,NA,NA,NA,NA
k1_kernel_tuning,RVV,tile_N,128,2026-09-04T13:46:56,k1-rvv,"GEMM_RVV_FP32_INT8_8x8_Baseline","RVV_IGEMM_INT8_I8I32_8x8","igemm_kernel_8x8_zvl256b_lmul1_unroll2_i8i32",8x8,256b,1,2,INT8_RVV,0-7,8,8,1024,1024,1024,128,6,OK,0,NONE,0.163064290,GOPS,13.169552,parallel_tiles_including_required_packing,DISABLED,0,0,"0:cpu0:tiles1;1:cpu1:tiles1;2:cpu2:tiles1;3:cpu3:tiles1;4:cpu4:tiles1;5:cpu5:tiles1;6:cpu6:tiles1;7:cpu7:tiles1","NA",static,0,"NA","NA","/home/bananapi/MAT/kernels riscv rvv 1.0/FINAL/riscv-rvv-ime-gemm-microkernels-updated/HETEROGENEOUS_RVV_IME_OPENMP_GEMM/results/openmp_results_k1-rvv_1024_20260904_133315/raw_logs/GEMM_RVV_FP32_INT8_8x8_Baseline_RVV_IGEMM_INT8_I8I32_8x8_igemm_kernel_8x8_zvl256b_lmul1_unroll2_i8i32_run6.log",NA,NA,NA,NA,NA,NA,NA
k1_kernel_tuning,RVV,tile_N,128,2026-09-04T13:47:35,k1-rvv,"GEMM_RVV_FP32_INT8_8x8_Baseline","RVV_IGEMM_INT8_I8I32_8x8","igemm_kernel_8x8_zvl256b_lmul1_unroll4_i8i32",8x8,256b,1,4,INT8_RVV,0-7,8,8,1024,1024,1024,128,1,OK,0,NONE,0.166135833,GOPS,12.926071,parallel_tiles_including_required_packing,INDEPENDENT_INT64_REFERENCE_EXACT_INT32,0,0,"0:cpu0:tiles1;1:cpu1:tiles1;2:cpu2:tiles1;3:cpu3:tiles1;4:cpu4:tiles1;5:cpu5:tiles1;6:cpu6:tiles1;7:cpu7:tiles1","NA",static,0,"NA","NA","/home/bananapi/MAT/kernels riscv rvv 1.0/FINAL/riscv-rvv-ime-gemm-microkernels-updated/HETEROGENEOUS_RVV_IME_OPENMP_GEMM/results/openmp_results_k1-rvv_1024_20260904_133315/raw_logs/GEMM_RVV_FP32_INT8_8x8_Baseline_RVV_IGEMM_INT8_I8I32_8x8_igemm_kernel_8x8_zvl256b_lmul1_unroll4_i8i32_run1.log",NA,NA,NA,NA,NA,NA,NA
k1_kernel_tuning,RVV,tile_N,128,2026-09-04T13:47:35,k1-rvv,"GEMM_RVV_FP32_INT8_8x8_Baseline","RVV_IGEMM_INT8_I8I32_8x8","igemm_kernel_8x8_zvl256b_lmul1_unroll4_i8i32",8x8,256b,1,4,INT8_RVV,0-7,8,8,1024,1024,1024,128,2,OK,0,NONE,0.167018667,GOPS,12.857746,parallel_tiles_including_required_packing,DISABLED,0,0,"0:cpu0:tiles1;1:cpu1:tiles1;2:cpu2:tiles1;3:cpu3:tiles1;4:cpu4:tiles1;5:cpu5:tiles1;6:cpu6:tiles1;7:cpu7:tiles1","NA",static,0,"NA","NA","/home/bananapi/MAT/kernels riscv rvv 1.0/FINAL/riscv-rvv-ime-gemm-microkernels-updated/HETEROGENEOUS_RVV_IME_OPENMP_GEMM/results/openmp_results_k1-rvv_1024_20260904_133315/raw_logs/GEMM_RVV_FP32_INT8_8x8_Baseline_RVV_IGEMM_INT8_I8I32_8x8_igemm_kernel_8x8_zvl256b_lmul1_unroll4_i8i32_run2.log",NA,NA,NA,NA,NA,NA,NA
k1_kernel_tuning,RVV,tile_N,128,2026-09-04T13:47:36,k1-rvv,"GEMM_RVV_FP32_INT8_8x8_Baseline","RVV_IGEMM_INT8_I8I32_8x8","igemm_kernel_8x8_zvl256b_lmul1_unroll4_i8i32",8x8,256b,1,4,INT8_RVV,0-7,8,8,1024,1024,1024,128,3,OK,0,NONE,0.164220665,GOPS,13.076817,parallel_tiles_including_required_packing,DISABLED,0,0,"0:cpu0:tiles1;1:cpu1:tiles1;2:cpu2:tiles1;3:cpu3:tiles1;4:cpu4:tiles1;5:cpu5:tiles1;6:cpu6:tiles1;7:cpu7:tiles1","NA",static,0,"NA","NA","/home/bananapi/MAT/kernels riscv rvv 1.0/FINAL/riscv-rvv-ime-gemm-microkernels-updated/HETEROGENEOUS_RVV_IME_OPENMP_GEMM/results/openmp_results_k1-rvv_1024_20260904_133315/raw_logs/GEMM_RVV_FP32_INT8_8x8_Baseline_RVV_IGEMM_INT8_I8I32_8x8_igemm_kernel_8x8_zvl256b_lmul1_unroll4_i8i32_run3.log",NA,NA,NA,NA,NA,NA,NA
k1_kernel_tuning,RVV,tile_N,128,2026-09-04T13:47:37,k1-rvv,"GEMM_RVV_FP32_INT8_8x8_Baseline","RVV_IGEMM_INT8_I8I32_8x8","igemm_kernel_8x8_zvl256b_lmul1_unroll4_i8i32",8x8,256b,1,4,INT8_RVV,0-7,8,8,1024,1024,1024,128,4,OK,0,NONE,0.163670499,GOPS,13.120774,parallel_tiles_including_required_packing,DISABLED,0,0,"0:cpu0:tiles1;1:cpu1:tiles1;2:cpu2:tiles1;3:cpu3:tiles1;4:cpu4:tiles1;5:cpu5:tiles1;6:cpu6:tiles1;7:cpu7:tiles1","NA",static,0,"NA","NA","/home/bananapi/MAT/kernels riscv rvv 1.0/FINAL/riscv-rvv-ime-gemm-microkernels-updated/HETEROGENEOUS_RVV_IME_OPENMP_GEMM/results/openmp_results_k1-rvv_1024_20260904_133315/raw_logs/GEMM_RVV_FP32_INT8_8x8_Baseline_RVV_IGEMM_INT8_I8I32_8x8_igemm_kernel_8x8_zvl256b_lmul1_unroll4_i8i32_run4.log",NA,NA,NA,NA,NA,NA,NA
k1_kernel_tuning,RVV,tile_N,128,2026-09-04T13:47:37,k1-rvv,"GEMM_RVV_FP32_INT8_8x8_Baseline","RVV_IGEMM_INT8_I8I32_8x8","igemm_kernel_8x8_zvl256b_lmul1_unroll4_i8i32",8x8,256b,1,4,INT8_RVV,0-7,8,8,1024,1024,1024,128,5,OK,0,NONE,0.165756710,GOPS,12.955636,parallel_tiles_including_required_packing,DISABLED,0,0,"0:cpu0:tiles1;1:cpu1:tiles1;2:cpu2:tiles1;3:cpu3:tiles1;4:cpu4:tiles1;5:cpu5:tiles1;6:cpu6:tiles1;7:cpu7:tiles1","NA",static,0,"NA","NA","/home/bananapi/MAT/kernels riscv rvv 1.0/FINAL/riscv-rvv-ime-gemm-microkernels-updated/HETEROGENEOUS_RVV_IME_OPENMP_GEMM/results/openmp_results_k1-rvv_1024_20260904_133315/raw_logs/GEMM_RVV_FP32_INT8_8x8_Baseline_RVV_IGEMM_INT8_I8I32_8x8_igemm_kernel_8x8_zvl256b_lmul1_unroll4_i8i32_run5.log",NA,NA,NA,NA,NA,NA,NA
k1_kernel_tuning,RVV,tile_N,128,2026-09-04T13:47:38,k1-rvv,"GEMM_RVV_FP32_INT8_8x8_Baseline","RVV_IGEMM_INT8_I8I32_8x8","igemm_kernel_8x8_zvl256b_lmul1_unroll4_i8i32",8x8,256b,1,4,INT8_RVV,0-7,8,8,1024,1024,1024,128,6,OK,0,NONE,0.168197416,GOPS,12.767638,parallel_tiles_including_required_packing,DISABLED,0,0,"0:cpu0:tiles1;1:cpu1:tiles1;2:cpu2:tiles1;3:cpu3:tiles1;4:cpu4:tiles1;5:cpu5:tiles1;6:cpu6:tiles1;7:cpu7:tiles1","NA",static,0,"NA","NA","/home/bananapi/MAT/kernels riscv rvv 1.0/FINAL/riscv-rvv-ime-gemm-microkernels-updated/HETEROGENEOUS_RVV_IME_OPENMP_GEMM/results/openmp_results_k1-rvv_1024_20260904_133315/raw_logs/GEMM_RVV_FP32_INT8_8x8_Baseline_RVV_IGEMM_INT8_I8I32_8x8_igemm_kernel_8x8_zvl256b_lmul1_unroll4_i8i32_run6.log",NA,NA,NA,NA,NA,NA,NA
k1_kernel_tuning,RVV,tile_N,128,2026-09-04T13:48:18,k1-rvv,"GEMM_RVV_FP32_INT8_8x8_Baseline","RVV_IGEMM_INT8_I8I32_8x8","igemm_kernel_8x8_zvl256b_lmul1_unroll8_i8i32",8x8,256b,1,8,INT8_RVV,0-7,8,8,1024,1024,1024,128,1,OK,0,NONE,0.153137125,GOPS,14.023273,parallel_tiles_including_required_packing,INDEPENDENT_INT64_REFERENCE_EXACT_INT32,0,0,"0:cpu0:tiles1;1:cpu1:tiles1;2:cpu2:tiles1;3:cpu3:tiles1;4:cpu4:tiles1;5:cpu5:tiles1;6:cpu6:tiles1;7:cpu7:tiles1","NA",static,0,"NA","NA","/home/bananapi/MAT/kernels riscv rvv 1.0/FINAL/riscv-rvv-ime-gemm-microkernels-updated/HETEROGENEOUS_RVV_IME_OPENMP_GEMM/results/openmp_results_k1-rvv_1024_20260904_133315/raw_logs/GEMM_RVV_FP32_INT8_8x8_Baseline_RVV_IGEMM_INT8_I8I32_8x8_igemm_kernel_8x8_zvl256b_lmul1_unroll8_i8i32_run1.log",NA,NA,NA,NA,NA,NA,NA
k1_kernel_tuning,RVV,tile_N,128,2026-09-04T13:48:19,k1-rvv,"GEMM_RVV_FP32_INT8_8x8_Baseline","RVV_IGEMM_INT8_I8I32_8x8","igemm_kernel_8x8_zvl256b_lmul1_unroll8_i8i32",8x8,256b,1,8,INT8_RVV,0-7,8,8,1024,1024,1024,128,2,OK,0,NONE,0.155990668,GOPS,13.766744,parallel_tiles_including_required_packing,DISABLED,0,0,"0:cpu0:tiles1;1:cpu1:tiles1;2:cpu2:tiles1;3:cpu3:tiles1;4:cpu4:tiles1;5:cpu5:tiles1;6:cpu6:tiles1;7:cpu7:tiles1","NA",static,0,"NA","NA","/home/bananapi/MAT/kernels riscv rvv 1.0/FINAL/riscv-rvv-ime-gemm-microkernels-updated/HETEROGENEOUS_RVV_IME_OPENMP_GEMM/results/openmp_results_k1-rvv_1024_20260904_133315/raw_logs/GEMM_RVV_FP32_INT8_8x8_Baseline_RVV_IGEMM_INT8_I8I32_8x8_igemm_kernel_8x8_zvl256b_lmul1_unroll8_i8i32_run2.log",NA,NA,NA,NA,NA,NA,NA
k1_kernel_tuning,RVV,tile_N,128,2026-09-04T13:48:20,k1-rvv,"GEMM_RVV_FP32_INT8_8x8_Baseline","RVV_IGEMM_INT8_I8I32_8x8","igemm_kernel_8x8_zvl256b_lmul1_unroll8_i8i32",8x8,256b,1,8,INT8_RVV,0-7,8,8,1024,1024,1024,128,3,OK,0,NONE,0.155555289,GOPS,13.805276,parallel_tiles_including_required_packing,DISABLED,0,0,"0:cpu0:tiles1;1:cpu1:tiles1;2:cpu2:tiles1;3:cpu3:tiles1;4:cpu4:tiles1;5:cpu5:tiles1;6:cpu6:tiles1;7:cpu7:tiles1","NA",static,0,"NA","NA","/home/bananapi/MAT/kernels riscv rvv 1.0/FINAL/riscv-rvv-ime-gemm-microkernels-updated/HETEROGENEOUS_RVV_IME_OPENMP_GEMM/results/openmp_results_k1-rvv_1024_20260904_133315/raw_logs/GEMM_RVV_FP32_INT8_8x8_Baseline_RVV_IGEMM_INT8_I8I32_8x8_igemm_kernel_8x8_zvl256b_lmul1_unroll8_i8i32_run3.log",NA,NA,NA,NA,NA,NA,NA
k1_kernel_tuning,RVV,tile_N,128,2026-09-04T13:48:20,k1-rvv,"GEMM_RVV_FP32_INT8_8x8_Baseline","RVV_IGEMM_INT8_I8I32_8x8","igemm_kernel_8x8_zvl256b_lmul1_unroll8_i8i32",8x8,256b,1,8,INT8_RVV,0-7,8,8,1024,1024,1024,128,4,OK,0,NONE,0.153386083,GOPS,14.000512,parallel_tiles_including_required_packing,DISABLED,0,0,"0:cpu0:tiles1;1:cpu1:tiles1;2:cpu2:tiles1;3:cpu3:tiles1;4:cpu4:tiles1;5:cpu5:tiles1;6:cpu6:tiles1;7:cpu7:tiles1","NA",static,0,"NA","NA","/home/bananapi/MAT/kernels riscv rvv 1.0/FINAL/riscv-rvv-ime-gemm-microkernels-updated/HETEROGENEOUS_RVV_IME_OPENMP_GEMM/results/openmp_results_k1-rvv_1024_20260904_133315/raw_logs/GEMM_RVV_FP32_INT8_8x8_Baseline_RVV_IGEMM_INT8_I8I32_8x8_igemm_kernel_8x8_zvl256b_lmul1_unroll8_i8i32_run4.log",NA,NA,NA,NA,NA,NA,NA
k1_kernel_tuning,RVV,tile_N,128,2026-09-04T13:48:21,k1-rvv,"GEMM_RVV_FP32_INT8_8x8_Baseline","RVV_IGEMM_INT8_I8I32_8x8","igemm_kernel_8x8_zvl256b_lmul1_unroll8_i8i32",8x8,256b,1,8,INT8_RVV,0-7,8,8,1024,1024,1024,128,5,OK,0,NONE,0.154940709,GOPS,13.860035,parallel_tiles_including_required_packing,DISABLED,0,0,"0:cpu0:tiles1;1:cpu1:tiles1;2:cpu2:tiles1;3:cpu3:tiles1;4:cpu4:tiles1;5:cpu5:tiles1;6:cpu6:tiles1;7:cpu7:tiles1","NA",static,0,"NA","NA","/home/bananapi/MAT/kernels riscv rvv 1.0/FINAL/riscv-rvv-ime-gemm-microkernels-updated/HETEROGENEOUS_RVV_IME_OPENMP_GEMM/results/openmp_results_k1-rvv_1024_20260904_133315/raw_logs/GEMM_RVV_FP32_INT8_8x8_Baseline_RVV_IGEMM_INT8_I8I32_8x8_igemm_kernel_8x8_zvl256b_lmul1_unroll8_i8i32_run5.log",NA,NA,NA,NA,NA,NA,NA
k1_kernel_tuning,RVV,tile_N,128,2026-09-04T13:48:21,k1-rvv,"GEMM_RVV_FP32_INT8_8x8_Baseline","RVV_IGEMM_INT8_I8I32_8x8","igemm_kernel_8x8_zvl256b_lmul1_unroll8_i8i32",8x8,256b,1,8,INT8_RVV,0-7,8,8,1024,1024,1024,128,6,OK,0,NONE,0.153860666,GOPS,13.957327,parallel_tiles_including_required_packing,DISABLED,0,0,"0:cpu0:tiles1;1:cpu1:tiles1;2:cpu2:tiles1;3:cpu3:tiles1;4:cpu4:tiles1;5:cpu5:tiles1;6:cpu6:tiles1;7:cpu7:tiles1","NA",static,0,"NA","NA","/home/bananapi/MAT/kernels riscv rvv 1.0/FINAL/riscv-rvv-ime-gemm-microkernels-updated/HETEROGENEOUS_RVV_IME_OPENMP_GEMM/results/openmp_results_k1-rvv_1024_20260904_133315/raw_logs/GEMM_RVV_FP32_INT8_8x8_Baseline_RVV_IGEMM_INT8_I8I32_8x8_igemm_kernel_8x8_zvl256b_lmul1_unroll8_i8i32_run6.log",NA,NA,NA,NA,NA,NA,NA
k1_kernel_tuning,RVV,tile_N,128,2026-09-04T13:49:01,k1-rvv,"GEMM_RVV_FP32_INT8_8x8_Baseline","RVV_IGEMM_INT8_I8I32_8x8","igemm_kernel_8x8_zvl256b_lmul2_unroll1_i8i32",8x8,256b,2,1,INT8_RVV,0-7,8,8,1024,1024,1024,128,1,OK,0,NONE,0.541409373,GOPS,3.966469,parallel_tiles_including_required_packing,INDEPENDENT_INT64_REFERENCE_EXACT_INT32,0,0,"0:cpu0:tiles1;1:cpu1:tiles1;2:cpu2:tiles1;3:cpu3:tiles1;4:cpu4:tiles1;5:cpu5:tiles1;6:cpu6:tiles1;7:cpu7:tiles1","NA",static,0,"NA","NA","/home/bananapi/MAT/kernels riscv rvv 1.0/FINAL/riscv-rvv-ime-gemm-microkernels-updated/HETEROGENEOUS_RVV_IME_OPENMP_GEMM/results/openmp_results_k1-rvv_1024_20260904_133315/raw_logs/GEMM_RVV_FP32_INT8_8x8_Baseline_RVV_IGEMM_INT8_I8I32_8x8_igemm_kernel_8x8_zvl256b_lmul2_unroll1_i8i32_run1.log",NA,NA,NA,NA,NA,NA,NA
k1_kernel_tuning,RVV,tile_N,128,2026-09-04T13:49:02,k1-rvv,"GEMM_RVV_FP32_INT8_8x8_Baseline","RVV_IGEMM_INT8_I8I32_8x8","igemm_kernel_8x8_zvl256b_lmul2_unroll1_i8i32",8x8,256b,2,1,INT8_RVV,0-7,8,8,1024,1024,1024,128,2,OK,0,NONE,0.540398750,GOPS,3.973887,parallel_tiles_including_required_packing,DISABLED,0,0,"0:cpu0:tiles1;1:cpu1:tiles1;2:cpu2:tiles1;3:cpu3:tiles1;4:cpu4:tiles1;5:cpu5:tiles1;6:cpu6:tiles1;7:cpu7:tiles1","NA",static,0,"NA","NA","/home/bananapi/MAT/kernels riscv rvv 1.0/FINAL/riscv-rvv-ime-gemm-microkernels-updated/HETEROGENEOUS_RVV_IME_OPENMP_GEMM/results/openmp_results_k1-rvv_1024_20260904_133315/raw_logs/GEMM_RVV_FP32_INT8_8x8_Baseline_RVV_IGEMM_INT8_I8I32_8x8_igemm_kernel_8x8_zvl256b_lmul2_unroll1_i8i32_run2.log",NA,NA,NA,NA,NA,NA,NA
k1_kernel_tuning,RVV,tile_N,128,2026-09-04T13:49:04,k1-rvv,"GEMM_RVV_FP32_INT8_8x8_Baseline","RVV_IGEMM_INT8_I8I32_8x8","igemm_kernel_8x8_zvl256b_lmul2_unroll1_i8i32",8x8,256b,2,1,INT8_RVV,0-7,8,8,1024,1024,1024,128,3,OK,0,NONE,0.540612999,GOPS,3.972312,parallel_tiles_including_required_packing,DISABLED,0,0,"0:cpu0:tiles1;1:cpu1:tiles1;2:cpu2:tiles1;3:cpu3:tiles1;4:cpu4:tiles1;5:cpu5:tiles1;6:cpu6:tiles1;7:cpu7:tiles1","NA",static,0,"NA","NA","/home/bananapi/MAT/kernels riscv rvv 1.0/FINAL/riscv-rvv-ime-gemm-microkernels-updated/HETEROGENEOUS_RVV_IME_OPENMP_GEMM/results/openmp_results_k1-rvv_1024_20260904_133315/raw_logs/GEMM_RVV_FP32_INT8_8x8_Baseline_RVV_IGEMM_INT8_I8I32_8x8_igemm_kernel_8x8_zvl256b_lmul2_unroll1_i8i32_run3.log",NA,NA,NA,NA,NA,NA,NA
k1_kernel_tuning,RVV,tile_N,128,2026-09-04T13:49:05,k1-rvv,"GEMM_RVV_FP32_INT8_8x8_Baseline","RVV_IGEMM_INT8_I8I32_8x8","igemm_kernel_8x8_zvl256b_lmul2_unroll1_i8i32",8x8,256b,2,1,INT8_RVV,0-7,8,8,1024,1024,1024,128,4,OK,0,NONE,0.545625709,GOPS,3.935818,parallel_tiles_including_required_packing,DISABLED,0,0,"0:cpu0:tiles1;1:cpu1:tiles1;2:cpu2:tiles1;3:cpu3:tiles1;4:cpu4:tiles1;5:cpu5:tiles1;6:cpu6:tiles1;7:cpu7:tiles1","NA",static,0,"NA","NA","/home/bananapi/MAT/kernels riscv rvv 1.0/FINAL/riscv-rvv-ime-gemm-microkernels-updated/HETEROGENEOUS_RVV_IME_OPENMP_GEMM/results/openmp_results_k1-rvv_1024_20260904_133315/raw_logs/GEMM_RVV_FP32_INT8_8x8_Baseline_RVV_IGEMM_INT8_I8I32_8x8_igemm_kernel_8x8_zvl256b_lmul2_unroll1_i8i32_run4.log",NA,NA,NA,NA,NA,NA,NA
k1_kernel_tuning,RVV,tile_N,128,2026-09-04T13:49:07,k1-rvv,"GEMM_RVV_FP32_INT8_8x8_Baseline","RVV_IGEMM_INT8_I8I32_8x8","igemm_kernel_8x8_zvl256b_lmul2_unroll1_i8i32",8x8,256b,2,1,INT8_RVV,0-7,8,8,1024,1024,1024,128,5,OK,0,NONE,0.539881002,GOPS,3.977698,parallel_tiles_including_required_packing,DISABLED,0,0,"0:cpu0:tiles1;1:cpu1:tiles1;2:cpu2:tiles1;3:cpu3:tiles1;4:cpu4:tiles1;5:cpu5:tiles1;6:cpu6:tiles1;7:cpu7:tiles1","NA",static,0,"NA","NA","/home/bananapi/MAT/kernels riscv rvv 1.0/FINAL/riscv-rvv-ime-gemm-microkernels-updated/HETEROGENEOUS_RVV_IME_OPENMP_GEMM/results/openmp_results_k1-rvv_1024_20260904_133315/raw_logs/GEMM_RVV_FP32_INT8_8x8_Baseline_RVV_IGEMM_INT8_I8I32_8x8_igemm_kernel_8x8_zvl256b_lmul2_unroll1_i8i32_run5.log",NA,NA,NA,NA,NA,NA,NA
k1_kernel_tuning,RVV,tile_N,128,2026-09-04T13:49:08,k1-rvv,"GEMM_RVV_FP32_INT8_8x8_Baseline","RVV_IGEMM_INT8_I8I32_8x8","igemm_kernel_8x8_zvl256b_lmul2_unroll1_i8i32",8x8,256b,2,1,INT8_RVV,0-7,8,8,1024,1024,1024,128,6,OK,0,NONE,0.544007584,GOPS,3.947525,parallel_tiles_including_required_packing,DISABLED,0,0,"0:cpu0:tiles1;1:cpu1:tiles1;2:cpu2:tiles1;3:cpu3:tiles1;4:cpu4:tiles1;5:cpu5:tiles1;6:cpu6:tiles1;7:cpu7:tiles1","NA",static,0,"NA","NA","/home/bananapi/MAT/kernels riscv rvv 1.0/FINAL/riscv-rvv-ime-gemm-microkernels-updated/HETEROGENEOUS_RVV_IME_OPENMP_GEMM/results/openmp_results_k1-rvv_1024_20260904_133315/raw_logs/GEMM_RVV_FP32_INT8_8x8_Baseline_RVV_IGEMM_INT8_I8I32_8x8_igemm_kernel_8x8_zvl256b_lmul2_unroll1_i8i32_run6.log",NA,NA,NA,NA,NA,NA,NA
k1_kernel_tuning,RVV,tile_N,128,2026-09-04T13:49:49,k1-rvv,"GEMM_RVV_FP32_INT8_8x8_Baseline","RVV_IGEMM_INT8_I8I32_8x8","igemm_kernel_8x8_zvl256b_lmul2_unroll2_i8i32",8x8,256b,2,2,INT8_RVV,0-7,8,8,1024,1024,1024,128,1,OK,0,NONE,0.532318667,GOPS,4.034207,parallel_tiles_including_required_packing,INDEPENDENT_INT64_REFERENCE_EXACT_INT32,0,0,"0:cpu0:tiles1;1:cpu1:tiles1;2:cpu2:tiles1;3:cpu3:tiles1;4:cpu4:tiles1;5:cpu5:tiles1;6:cpu6:tiles1;7:cpu7:tiles1","NA",static,0,"NA","NA","/home/bananapi/MAT/kernels riscv rvv 1.0/FINAL/riscv-rvv-ime-gemm-microkernels-updated/HETEROGENEOUS_RVV_IME_OPENMP_GEMM/results/openmp_results_k1-rvv_1024_20260904_133315/raw_logs/GEMM_RVV_FP32_INT8_8x8_Baseline_RVV_IGEMM_INT8_I8I32_8x8_igemm_kernel_8x8_zvl256b_lmul2_unroll2_i8i32_run1.log",NA,NA,NA,NA,NA,NA,NA
k1_kernel_tuning,RVV,tile_N,128,2026-09-04T13:49:50,k1-rvv,"GEMM_RVV_FP32_INT8_8x8_Baseline","RVV_IGEMM_INT8_I8I32_8x8","igemm_kernel_8x8_zvl256b_lmul2_unroll2_i8i32",8x8,256b,2,2,INT8_RVV,0-7,8,8,1024,1024,1024,128,2,OK,0,NONE,0.525781624,GOPS,4.084364,parallel_tiles_including_required_packing,DISABLED,0,0,"0:cpu0:tiles1;1:cpu1:tiles1;2:cpu2:tiles1;3:cpu3:tiles1;4:cpu4:tiles1;5:cpu5:tiles1;6:cpu6:tiles1;7:cpu7:tiles1","NA",static,0,"NA","NA","/home/bananapi/MAT/kernels riscv rvv 1.0/FINAL/riscv-rvv-ime-gemm-microkernels-updated/HETEROGENEOUS_RVV_IME_OPENMP_GEMM/results/openmp_results_k1-rvv_1024_20260904_133315/raw_logs/GEMM_RVV_FP32_INT8_8x8_Baseline_RVV_IGEMM_INT8_I8I32_8x8_igemm_kernel_8x8_zvl256b_lmul2_unroll2_i8i32_run2.log",NA,NA,NA,NA,NA,NA,NA
k1_kernel_tuning,RVV,tile_N,128,2026-09-04T13:49:51,k1-rvv,"GEMM_RVV_FP32_INT8_8x8_Baseline","RVV_IGEMM_INT8_I8I32_8x8","igemm_kernel_8x8_zvl256b_lmul2_unroll2_i8i32",8x8,256b,2,2,INT8_RVV,0-7,8,8,1024,1024,1024,128,3,OK,0,NONE,0.525194414,GOPS,4.088931,parallel_tiles_including_required_packing,DISABLED,0,0,"0:cpu0:tiles1;1:cpu1:tiles1;2:cpu2:tiles1;3:cpu3:tiles1;4:cpu4:tiles1;5:cpu5:tiles1;6:cpu6:tiles1;7:cpu7:tiles1","NA",static,0,"NA","NA","/home/bananapi/MAT/kernels riscv rvv 1.0/FINAL/riscv-rvv-ime-gemm-microkernels-updated/HETEROGENEOUS_RVV_IME_OPENMP_GEMM/results/openmp_results_k1-rvv_1024_20260904_133315/raw_logs/GEMM_RVV_FP32_INT8_8x8_Baseline_RVV_IGEMM_INT8_I8I32_8x8_igemm_kernel_8x8_zvl256b_lmul2_unroll2_i8i32_run3.log",NA,NA,NA,NA,NA,NA,NA
k1_kernel_tuning,RVV,tile_N,128,2026-09-04T13:49:53,k1-rvv,"GEMM_RVV_FP32_INT8_8x8_Baseline","RVV_IGEMM_INT8_I8I32_8x8","igemm_kernel_8x8_zvl256b_lmul2_unroll2_i8i32",8x8,256b,2,2,INT8_RVV,0-7,8,8,1024,1024,1024,128,4,OK,0,NONE,0.530669708,GOPS,4.046742,parallel_tiles_including_required_packing,DISABLED,0,0,"0:cpu0:tiles1;1:cpu1:tiles1;2:cpu2:tiles1;3:cpu3:tiles1;4:cpu4:tiles1;5:cpu5:tiles1;6:cpu6:tiles1;7:cpu7:tiles1","NA",static,0,"NA","NA","/home/bananapi/MAT/kernels riscv rvv 1.0/FINAL/riscv-rvv-ime-gemm-microkernels-updated/HETEROGENEOUS_RVV_IME_OPENMP_GEMM/results/openmp_results_k1-rvv_1024_20260904_133315/raw_logs/GEMM_RVV_FP32_INT8_8x8_Baseline_RVV_IGEMM_INT8_I8I32_8x8_igemm_kernel_8x8_zvl256b_lmul2_unroll2_i8i32_run4.log",NA,NA,NA,NA,NA,NA,NA
k1_kernel_tuning,RVV,tile_N,128,2026-09-04T13:49:54,k1-rvv,"GEMM_RVV_FP32_INT8_8x8_Baseline","RVV_IGEMM_INT8_I8I32_8x8","igemm_kernel_8x8_zvl256b_lmul2_unroll2_i8i32",8x8,256b,2,2,INT8_RVV,0-7,8,8,1024,1024,1024,128,5,OK,0,NONE,0.525439832,GOPS,4.087021,parallel_tiles_including_required_packing,DISABLED,0,0,"0:cpu0:tiles1;1:cpu1:tiles1;2:cpu2:tiles1;3:cpu3:tiles1;4:cpu4:tiles1;5:cpu5:tiles1;6:cpu6:tiles1;7:cpu7:tiles1","NA",static,0,"NA","NA","/home/bananapi/MAT/kernels riscv rvv 1.0/FINAL/riscv-rvv-ime-gemm-microkernels-updated/HETEROGENEOUS_RVV_IME_OPENMP_GEMM/results/openmp_results_k1-rvv_1024_20260904_133315/raw_logs/GEMM_RVV_FP32_INT8_8x8_Baseline_RVV_IGEMM_INT8_I8I32_8x8_igemm_kernel_8x8_zvl256b_lmul2_unroll2_i8i32_run5.log",NA,NA,NA,NA,NA,NA,NA
k1_kernel_tuning,RVV,tile_N,128,2026-09-04T13:49:55,k1-rvv,"GEMM_RVV_FP32_INT8_8x8_Baseline","RVV_IGEMM_INT8_I8I32_8x8","igemm_kernel_8x8_zvl256b_lmul2_unroll2_i8i32",8x8,256b,2,2,INT8_RVV,0-7,8,8,1024,1024,1024,128,6,OK,0,NONE,0.524449125,GOPS,4.094742,parallel_tiles_including_required_packing,DISABLED,0,0,"0:cpu0:tiles1;1:cpu1:tiles1;2:cpu2:tiles1;3:cpu3:tiles1;4:cpu4:tiles1;5:cpu5:tiles1;6:cpu6:tiles1;7:cpu7:tiles1","NA",static,0,"NA","NA","/home/bananapi/MAT/kernels riscv rvv 1.0/FINAL/riscv-rvv-ime-gemm-microkernels-updated/HETEROGENEOUS_RVV_IME_OPENMP_GEMM/results/openmp_results_k1-rvv_1024_20260904_133315/raw_logs/GEMM_RVV_FP32_INT8_8x8_Baseline_RVV_IGEMM_INT8_I8I32_8x8_igemm_kernel_8x8_zvl256b_lmul2_unroll2_i8i32_run6.log",NA,NA,NA,NA,NA,NA,NA
k1_kernel_tuning,RVV,tile_N,128,2026-09-04T13:50:29,k1-rvv,"GEMM_RVV_FP32_INT8_8x8_Baseline","RVV_IGEMM_INT8_I8I32_8x8","igemm_kernel_8x8_zvl256b_lmul2_unroll4_i8i32",8x8,256b,2,4,INT8_RVV,0-7,8,8,1024,1024,1024,128,1,OK,0,NONE,0.605227541,GOPS,3.548225,parallel_tiles_including_required_packing,INDEPENDENT_INT64_REFERENCE_EXACT_INT32,0,0,"0:cpu0:tiles1;1:cpu1:tiles1;2:cpu2:tiles1;3:cpu3:tiles1;4:cpu4:tiles1;5:cpu5:tiles1;6:cpu6:tiles1;7:cpu7:tiles1","NA",static,0,"NA","NA","/home/bananapi/MAT/kernels riscv rvv 1.0/FINAL/riscv-rvv-ime-gemm-microkernels-updated/HETEROGENEOUS_RVV_IME_OPENMP_GEMM/results/openmp_results_k1-rvv_1024_20260904_133315/raw_logs/GEMM_RVV_FP32_INT8_8x8_Baseline_RVV_IGEMM_INT8_I8I32_8x8_igemm_kernel_8x8_zvl256b_lmul2_unroll4_i8i32_run1.log",NA,NA,NA,NA,NA,NA,NA
k1_kernel_tuning,RVV,tile_N,128,2026-09-04T13:50:31,k1-rvv,"GEMM_RVV_FP32_INT8_8x8_Baseline","RVV_IGEMM_INT8_I8I32_8x8","igemm_kernel_8x8_zvl256b_lmul2_unroll4_i8i32",8x8,256b,2,4,INT8_RVV,0-7,8,8,1024,1024,1024,128,2,OK,0,NONE,0.606276166,GOPS,3.542088,parallel_tiles_including_required_packing,DISABLED,0,0,"0:cpu0:tiles1;1:cpu1:tiles1;2:cpu2:tiles1;3:cpu3:tiles1;4:cpu4:tiles1;5:cpu5:tiles1;6:cpu6:tiles1;7:cpu7:tiles1","NA",static,0,"NA","NA","/home/bananapi/MAT/kernels riscv rvv 1.0/FINAL/riscv-rvv-ime-gemm-microkernels-updated/HETEROGENEOUS_RVV_IME_OPENMP_GEMM/results/openmp_results_k1-rvv_1024_20260904_133315/raw_logs/GEMM_RVV_FP32_INT8_8x8_Baseline_RVV_IGEMM_INT8_I8I32_8x8_igemm_kernel_8x8_zvl256b_lmul2_unroll4_i8i32_run2.log",NA,NA,NA,NA,NA,NA,NA
k1_kernel_tuning,RVV,tile_N,128,2026-09-04T13:50:32,k1-rvv,"GEMM_RVV_FP32_INT8_8x8_Baseline","RVV_IGEMM_INT8_I8I32_8x8","igemm_kernel_8x8_zvl256b_lmul2_unroll4_i8i32",8x8,256b,2,4,INT8_RVV,0-7,8,8,1024,1024,1024,128,3,OK,0,NONE,0.610017501,GOPS,3.520364,parallel_tiles_including_required_packing,DISABLED,0,0,"0:cpu0:tiles1;1:cpu1:tiles1;2:cpu2:tiles1;3:cpu3:tiles1;4:cpu4:tiles1;5:cpu5:tiles1;6:cpu6:tiles1;7:cpu7:tiles1","NA",static,0,"NA","NA","/home/bananapi/MAT/kernels riscv rvv 1.0/FINAL/riscv-rvv-ime-gemm-microkernels-updated/HETEROGENEOUS_RVV_IME_OPENMP_GEMM/results/openmp_results_k1-rvv_1024_20260904_133315/raw_logs/GEMM_RVV_FP32_INT8_8x8_Baseline_RVV_IGEMM_INT8_I8I32_8x8_igemm_kernel_8x8_zvl256b_lmul2_unroll4_i8i32_run3.log",NA,NA,NA,NA,NA,NA,NA
k1_kernel_tuning,RVV,tile_N,128,2026-09-04T13:50:34,k1-rvv,"GEMM_RVV_FP32_INT8_8x8_Baseline","RVV_IGEMM_INT8_I8I32_8x8","igemm_kernel_8x8_zvl256b_lmul2_unroll4_i8i32",8x8,256b,2,4,INT8_RVV,0-7,8,8,1024,1024,1024,128,4,OK,0,NONE,0.619375002,GOPS,3.467178,parallel_tiles_including_required_packing,DISABLED,0,0,"0:cpu0:tiles1;1:cpu1:tiles1;2:cpu2:tiles1;3:cpu3:tiles1;4:cpu4:tiles1;5:cpu5:tiles1;6:cpu6:tiles1;7:cpu7:tiles1","NA",static,0,"NA","NA","/home/bananapi/MAT/kernels riscv rvv 1.0/FINAL/riscv-rvv-ime-gemm-microkernels-updated/HETEROGENEOUS_RVV_IME_OPENMP_GEMM/results/openmp_results_k1-rvv_1024_20260904_133315/raw_logs/GEMM_RVV_FP32_INT8_8x8_Baseline_RVV_IGEMM_INT8_I8I32_8x8_igemm_kernel_8x8_zvl256b_lmul2_unroll4_i8i32_run4.log",NA,NA,NA,NA,NA,NA,NA
k1_kernel_tuning,RVV,tile_N,128,2026-09-04T13:50:35,k1-rvv,"GEMM_RVV_FP32_INT8_8x8_Baseline","RVV_IGEMM_INT8_I8I32_8x8","igemm_kernel_8x8_zvl256b_lmul2_unroll4_i8i32",8x8,256b,2,4,INT8_RVV,0-7,8,8,1024,1024,1024,128,5,OK,0,NONE,0.613145001,GOPS,3.502407,parallel_tiles_including_required_packing,DISABLED,0,0,"0:cpu0:tiles1;1:cpu1:tiles1;2:cpu2:tiles1;3:cpu3:tiles1;4:cpu4:tiles1;5:cpu5:tiles1;6:cpu6:tiles1;7:cpu7:tiles1","NA",static,0,"NA","NA","/home/bananapi/MAT/kernels riscv rvv 1.0/FINAL/riscv-rvv-ime-gemm-microkernels-updated/HETEROGENEOUS_RVV_IME_OPENMP_GEMM/results/openmp_results_k1-rvv_1024_20260904_133315/raw_logs/GEMM_RVV_FP32_INT8_8x8_Baseline_RVV_IGEMM_INT8_I8I32_8x8_igemm_kernel_8x8_zvl256b_lmul2_unroll4_i8i32_run5.log",NA,NA,NA,NA,NA,NA,NA
k1_kernel_tuning,RVV,tile_N,128,2026-09-04T13:50:37,k1-rvv,"GEMM_RVV_FP32_INT8_8x8_Baseline","RVV_IGEMM_INT8_I8I32_8x8","igemm_kernel_8x8_zvl256b_lmul2_unroll4_i8i32",8x8,256b,2,4,INT8_RVV,0-7,8,8,1024,1024,1024,128,6,OK,0,NONE,0.606761541,GOPS,3.539255,parallel_tiles_including_required_packing,DISABLED,0,0,"0:cpu0:tiles1;1:cpu1:tiles1;2:cpu2:tiles1;3:cpu3:tiles1;4:cpu4:tiles1;5:cpu5:tiles1;6:cpu6:tiles1;7:cpu7:tiles1","NA",static,0,"NA","NA","/home/bananapi/MAT/kernels riscv rvv 1.0/FINAL/riscv-rvv-ime-gemm-microkernels-updated/HETEROGENEOUS_RVV_IME_OPENMP_GEMM/results/openmp_results_k1-rvv_1024_20260904_133315/raw_logs/GEMM_RVV_FP32_INT8_8x8_Baseline_RVV_IGEMM_INT8_I8I32_8x8_igemm_kernel_8x8_zvl256b_lmul2_unroll4_i8i32_run6.log",NA,NA,NA,NA,NA,NA,NA
k1_kernel_tuning,RVV,tile_N,128,2026-09-04T13:51:19,k1-rvv,"GEMM_RVV_FP32_INT8_8x8_Baseline","RVV_IGEMM_INT8_I8I32_8x8","igemm_kernel_8x8_zvl256b_lmul2_unroll8_i8i32",8x8,256b,2,8,INT8_RVV,0-7,8,8,1024,1024,1024,128,1,OK,0,NONE,0.502294458,GOPS,4.275348,parallel_tiles_including_required_packing,INDEPENDENT_INT64_REFERENCE_EXACT_INT32,0,0,"0:cpu0:tiles1;1:cpu1:tiles1;2:cpu2:tiles1;3:cpu3:tiles1;4:cpu4:tiles1;5:cpu5:tiles1;6:cpu6:tiles1;7:cpu7:tiles1","NA",static,0,"NA","NA","/home/bananapi/MAT/kernels riscv rvv 1.0/FINAL/riscv-rvv-ime-gemm-microkernels-updated/HETEROGENEOUS_RVV_IME_OPENMP_GEMM/results/openmp_results_k1-rvv_1024_20260904_133315/raw_logs/GEMM_RVV_FP32_INT8_8x8_Baseline_RVV_IGEMM_INT8_I8I32_8x8_igemm_kernel_8x8_zvl256b_lmul2_unroll8_i8i32_run1.log",NA,NA,NA,NA,NA,NA,NA
k1_kernel_tuning,RVV,tile_N,128,2026-09-04T13:51:20,k1-rvv,"GEMM_RVV_FP32_INT8_8x8_Baseline","RVV_IGEMM_INT8_I8I32_8x8","igemm_kernel_8x8_zvl256b_lmul2_unroll8_i8i32",8x8,256b,2,8,INT8_RVV,0-7,8,8,1024,1024,1024,128,2,OK,0,NONE,0.513693836,GOPS,4.180474,parallel_tiles_including_required_packing,DISABLED,0,0,"0:cpu0:tiles1;1:cpu1:tiles1;2:cpu2:tiles1;3:cpu3:tiles1;4:cpu4:tiles1;5:cpu5:tiles1;6:cpu6:tiles1;7:cpu7:tiles1","NA",static,0,"NA","NA","/home/bananapi/MAT/kernels riscv rvv 1.0/FINAL/riscv-rvv-ime-gemm-microkernels-updated/HETEROGENEOUS_RVV_IME_OPENMP_GEMM/results/openmp_results_k1-rvv_1024_20260904_133315/raw_logs/GEMM_RVV_FP32_INT8_8x8_Baseline_RVV_IGEMM_INT8_I8I32_8x8_igemm_kernel_8x8_zvl256b_lmul2_unroll8_i8i32_run2.log",NA,NA,NA,NA,NA,NA,NA
k1_kernel_tuning,RVV,tile_N,128,2026-09-04T13:51:21,k1-rvv,"GEMM_RVV_FP32_INT8_8x8_Baseline","RVV_IGEMM_INT8_I8I32_8x8","igemm_kernel_8x8_zvl256b_lmul2_unroll8_i8i32",8x8,256b,2,8,INT8_RVV,0-7,8,8,1024,1024,1024,128,3,OK,0,NONE,0.499280252,GOPS,4.301159,parallel_tiles_including_required_packing,DISABLED,0,0,"0:cpu0:tiles1;1:cpu1:tiles1;2:cpu2:tiles1;3:cpu3:tiles1;4:cpu4:tiles1;5:cpu5:tiles1;6:cpu6:tiles1;7:cpu7:tiles1","NA",static,0,"NA","NA","/home/bananapi/MAT/kernels riscv rvv 1.0/FINAL/riscv-rvv-ime-gemm-microkernels-updated/HETEROGENEOUS_RVV_IME_OPENMP_GEMM/results/openmp_results_k1-rvv_1024_20260904_133315/raw_logs/GEMM_RVV_FP32_INT8_8x8_Baseline_RVV_IGEMM_INT8_I8I32_8x8_igemm_kernel_8x8_zvl256b_lmul2_unroll8_i8i32_run3.log",NA,NA,NA,NA,NA,NA,NA
k1_kernel_tuning,RVV,tile_N,128,2026-09-04T13:51:23,k1-rvv,"GEMM_RVV_FP32_INT8_8x8_Baseline","RVV_IGEMM_INT8_I8I32_8x8","igemm_kernel_8x8_zvl256b_lmul2_unroll8_i8i32",8x8,256b,2,8,INT8_RVV,0-7,8,8,1024,1024,1024,128,4,OK,0,NONE,0.500957791,GOPS,4.286756,parallel_tiles_including_required_packing,DISABLED,0,0,"0:cpu0:tiles1;1:cpu1:tiles1;2:cpu2:tiles1;3:cpu3:tiles1;4:cpu4:tiles1;5:cpu5:tiles1;6:cpu6:tiles1;7:cpu7:tiles1","NA",static,0,"NA","NA","/home/bananapi/MAT/kernels riscv rvv 1.0/FINAL/riscv-rvv-ime-gemm-microkernels-updated/HETEROGENEOUS_RVV_IME_OPENMP_GEMM/results/openmp_results_k1-rvv_1024_20260904_133315/raw_logs/GEMM_RVV_FP32_INT8_8x8_Baseline_RVV_IGEMM_INT8_I8I32_8x8_igemm_kernel_8x8_zvl256b_lmul2_unroll8_i8i32_run4.log",NA,NA,NA,NA,NA,NA,NA
k1_kernel_tuning,RVV,tile_N,128,2026-09-04T13:51:24,k1-rvv,"GEMM_RVV_FP32_INT8_8x8_Baseline","RVV_IGEMM_INT8_I8I32_8x8","igemm_kernel_8x8_zvl256b_lmul2_unroll8_i8i32",8x8,256b,2,8,INT8_RVV,0-7,8,8,1024,1024,1024,128,5,OK,0,NONE,0.505676709,GOPS,4.246752,parallel_tiles_including_required_packing,DISABLED,0,0,"0:cpu0:tiles1;1:cpu1:tiles1;2:cpu2:tiles1;3:cpu3:tiles1;4:cpu4:tiles1;5:cpu5:tiles1;6:cpu6:tiles1;7:cpu7:tiles1","NA",static,0,"NA","NA","/home/bananapi/MAT/kernels riscv rvv 1.0/FINAL/riscv-rvv-ime-gemm-microkernels-updated/HETEROGENEOUS_RVV_IME_OPENMP_GEMM/results/openmp_results_k1-rvv_1024_20260904_133315/raw_logs/GEMM_RVV_FP32_INT8_8x8_Baseline_RVV_IGEMM_INT8_I8I32_8x8_igemm_kernel_8x8_zvl256b_lmul2_unroll8_i8i32_run5.log",NA,NA,NA,NA,NA,NA,NA
k1_kernel_tuning,RVV,tile_N,128,2026-09-04T13:51:25,k1-rvv,"GEMM_RVV_FP32_INT8_8x8_Baseline","RVV_IGEMM_INT8_I8I32_8x8","igemm_kernel_8x8_zvl256b_lmul2_unroll8_i8i32",8x8,256b,2,8,INT8_RVV,0-7,8,8,1024,1024,1024,128,6,OK,0,NONE,0.498596292,GOPS,4.307059,parallel_tiles_including_required_packing,DISABLED,0,0,"0:cpu0:tiles1;1:cpu1:tiles1;2:cpu2:tiles1;3:cpu3:tiles1;4:cpu4:tiles1;5:cpu5:tiles1;6:cpu6:tiles1;7:cpu7:tiles1","NA",static,0,"NA","NA","/home/bananapi/MAT/kernels riscv rvv 1.0/FINAL/riscv-rvv-ime-gemm-microkernels-updated/HETEROGENEOUS_RVV_IME_OPENMP_GEMM/results/openmp_results_k1-rvv_1024_20260904_133315/raw_logs/GEMM_RVV_FP32_INT8_8x8_Baseline_RVV_IGEMM_INT8_I8I32_8x8_igemm_kernel_8x8_zvl256b_lmul2_unroll8_i8i32_run6.log",NA,NA,NA,NA,NA,NA,NA
k1_kernel_tuning,RVV,tile_N,128,2026-09-04T13:51:56,k1-rvv,"GEMM_RVV_FP32_INT8_8x8_Baseline","RVV_IGEMM_INT8_I8I32_8x8","igemm_kernel_8x8_zvl256b_lmulmf2_unroll1_i8i32",8x8,256b,mf2,1,INT8_RVV,0-7,8,8,1024,1024,1024,128,1,OK,0,NONE,0.063316584,GOPS,33.916606,parallel_tiles_including_required_packing,INDEPENDENT_INT64_REFERENCE_EXACT_INT32,0,0,"0:cpu0:tiles1;1:cpu1:tiles1;2:cpu2:tiles1;3:cpu3:tiles1;4:cpu4:tiles1;5:cpu5:tiles1;6:cpu6:tiles1;7:cpu7:tiles1","NA",static,0,"NA","NA","/home/bananapi/MAT/kernels riscv rvv 1.0/FINAL/riscv-rvv-ime-gemm-microkernels-updated/HETEROGENEOUS_RVV_IME_OPENMP_GEMM/results/openmp_results_k1-rvv_1024_20260904_133315/raw_logs/GEMM_RVV_FP32_INT8_8x8_Baseline_RVV_IGEMM_INT8_I8I32_8x8_igemm_kernel_8x8_zvl256b_lmulmf2_unroll1_i8i32_run1.log",NA,NA,NA,NA,NA,NA,NA
k1_kernel_tuning,RVV,tile_N,128,2026-09-04T13:51:57,k1-rvv,"GEMM_RVV_FP32_INT8_8x8_Baseline","RVV_IGEMM_INT8_I8I32_8x8","igemm_kernel_8x8_zvl256b_lmulmf2_unroll1_i8i32",8x8,256b,mf2,1,INT8_RVV,0-7,8,8,1024,1024,1024,128,2,OK,0,NONE,0.052623708,GOPS,40.808292,parallel_tiles_including_required_packing,DISABLED,0,0,"0:cpu0:tiles1;1:cpu1:tiles1;2:cpu2:tiles1;3:cpu3:tiles1;4:cpu4:tiles1;5:cpu5:tiles1;6:cpu6:tiles1;7:cpu7:tiles1","NA",static,0,"NA","NA","/home/bananapi/MAT/kernels riscv rvv 1.0/FINAL/riscv-rvv-ime-gemm-microkernels-updated/HETEROGENEOUS_RVV_IME_OPENMP_GEMM/results/openmp_results_k1-rvv_1024_20260904_133315/raw_logs/GEMM_RVV_FP32_INT8_8x8_Baseline_RVV_IGEMM_INT8_I8I32_8x8_igemm_kernel_8x8_zvl256b_lmulmf2_unroll1_i8i32_run2.log",NA,NA,NA,NA,NA,NA,NA
k1_kernel_tuning,RVV,tile_N,128,2026-09-04T13:51:57,k1-rvv,"GEMM_RVV_FP32_INT8_8x8_Baseline","RVV_IGEMM_INT8_I8I32_8x8","igemm_kernel_8x8_zvl256b_lmulmf2_unroll1_i8i32",8x8,256b,mf2,1,INT8_RVV,0-7,8,8,1024,1024,1024,128,3,OK,0,NONE,0.054822873,GOPS,39.171308,parallel_tiles_including_required_packing,DISABLED,0,0,"0:cpu0:tiles1;1:cpu1:tiles1;2:cpu2:tiles1;3:cpu3:tiles1;4:cpu4:tiles1;5:cpu5:tiles1;6:cpu6:tiles1;7:cpu7:tiles1","NA",static,0,"NA","NA","/home/bananapi/MAT/kernels riscv rvv 1.0/FINAL/riscv-rvv-ime-gemm-microkernels-updated/HETEROGENEOUS_RVV_IME_OPENMP_GEMM/results/openmp_results_k1-rvv_1024_20260904_133315/raw_logs/GEMM_RVV_FP32_INT8_8x8_Baseline_RVV_IGEMM_INT8_I8I32_8x8_igemm_kernel_8x8_zvl256b_lmulmf2_unroll1_i8i32_run3.log",NA,NA,NA,NA,NA,NA,NA
k1_kernel_tuning,RVV,tile_N,128,2026-09-04T13:51:57,k1-rvv,"GEMM_RVV_FP32_INT8_8x8_Baseline","RVV_IGEMM_INT8_I8I32_8x8","igemm_kernel_8x8_zvl256b_lmulmf2_unroll1_i8i32",8x8,256b,mf2,1,INT8_RVV,0-7,8,8,1024,1024,1024,128,4,OK,0,NONE,0.053357419,GOPS,40.247143,parallel_tiles_including_required_packing,DISABLED,0,0,"0:cpu0:tiles1;1:cpu1:tiles1;2:cpu2:tiles1;3:cpu3:tiles1;4:cpu4:tiles1;5:cpu5:tiles1;6:cpu6:tiles1;7:cpu7:tiles1","NA",static,0,"NA","NA","/home/bananapi/MAT/kernels riscv rvv 1.0/FINAL/riscv-rvv-ime-gemm-microkernels-updated/HETEROGENEOUS_RVV_IME_OPENMP_GEMM/results/openmp_results_k1-rvv_1024_20260904_133315/raw_logs/GEMM_RVV_FP32_INT8_8x8_Baseline_RVV_IGEMM_INT8_I8I32_8x8_igemm_kernel_8x8_zvl256b_lmulmf2_unroll1_i8i32_run4.log",NA,NA,NA,NA,NA,NA,NA
k1_kernel_tuning,RVV,tile_N,128,2026-09-04T13:51:58,k1-rvv,"GEMM_RVV_FP32_INT8_8x8_Baseline","RVV_IGEMM_INT8_I8I32_8x8","igemm_kernel_8x8_zvl256b_lmulmf2_unroll1_i8i32",8x8,256b,mf2,1,INT8_RVV,0-7,8,8,1024,1024,1024,128,5,OK,0,NONE,0.053707335,GOPS,39.984923,parallel_tiles_including_required_packing,DISABLED,0,0,"0:cpu0:tiles1;1:cpu1:tiles1;2:cpu2:tiles1;3:cpu3:tiles1;4:cpu4:tiles1;5:cpu5:tiles1;6:cpu6:tiles1;7:cpu7:tiles1","NA",static,0,"NA","NA","/home/bananapi/MAT/kernels riscv rvv 1.0/FINAL/riscv-rvv-ime-gemm-microkernels-updated/HETEROGENEOUS_RVV_IME_OPENMP_GEMM/results/openmp_results_k1-rvv_1024_20260904_133315/raw_logs/GEMM_RVV_FP32_INT8_8x8_Baseline_RVV_IGEMM_INT8_I8I32_8x8_igemm_kernel_8x8_zvl256b_lmulmf2_unroll1_i8i32_run5.log",NA,NA,NA,NA,NA,NA,NA
k1_kernel_tuning,RVV,tile_N,128,2026-09-04T13:51:58,k1-rvv,"GEMM_RVV_FP32_INT8_8x8_Baseline","RVV_IGEMM_INT8_I8I32_8x8","igemm_kernel_8x8_zvl256b_lmulmf2_unroll1_i8i32",8x8,256b,mf2,1,INT8_RVV,0-7,8,8,1024,1024,1024,128,6,OK,0,NONE,0.055467207,GOPS,38.716275,parallel_tiles_including_required_packing,DISABLED,0,0,"0:cpu0:tiles1;1:cpu1:tiles1;2:cpu2:tiles1;3:cpu3:tiles1;4:cpu4:tiles1;5:cpu5:tiles1;6:cpu6:tiles1;7:cpu7:tiles1","NA",static,0,"NA","NA","/home/bananapi/MAT/kernels riscv rvv 1.0/FINAL/riscv-rvv-ime-gemm-microkernels-updated/HETEROGENEOUS_RVV_IME_OPENMP_GEMM/results/openmp_results_k1-rvv_1024_20260904_133315/raw_logs/GEMM_RVV_FP32_INT8_8x8_Baseline_RVV_IGEMM_INT8_I8I32_8x8_igemm_kernel_8x8_zvl256b_lmulmf2_unroll1_i8i32_run6.log",NA,NA,NA,NA,NA,NA,NA
k1_kernel_tuning,RVV,tile_N,128,2026-09-04T13:52:37,k1-rvv,"GEMM_RVV_FP32_INT8_8x8_Baseline","RVV_IGEMM_INT8_I8I32_8x8","igemm_kernel_8x8_zvl256b_lmulmf2_unroll2_i8i32",8x8,256b,mf2,2,INT8_RVV,0-7,8,8,1024,1024,1024,128,1,OK,0,NONE,0.047901124,GOPS,44.831592,parallel_tiles_including_required_packing,INDEPENDENT_INT64_REFERENCE_EXACT_INT32,0,0,"0:cpu0:tiles1;1:cpu1:tiles1;2:cpu2:tiles1;3:cpu3:tiles1;4:cpu4:tiles1;5:cpu5:tiles1;6:cpu6:tiles1;7:cpu7:tiles1","NA",static,0,"NA","NA","/home/bananapi/MAT/kernels riscv rvv 1.0/FINAL/riscv-rvv-ime-gemm-microkernels-updated/HETEROGENEOUS_RVV_IME_OPENMP_GEMM/results/openmp_results_k1-rvv_1024_20260904_133315/raw_logs/GEMM_RVV_FP32_INT8_8x8_Baseline_RVV_IGEMM_INT8_I8I32_8x8_igemm_kernel_8x8_zvl256b_lmulmf2_unroll2_i8i32_run1.log",NA,NA,NA,NA,NA,NA,NA
k1_kernel_tuning,RVV,tile_N,128,2026-09-04T13:52:38,k1-rvv,"GEMM_RVV_FP32_INT8_8x8_Baseline","RVV_IGEMM_INT8_I8I32_8x8","igemm_kernel_8x8_zvl256b_lmulmf2_unroll2_i8i32",8x8,256b,mf2,2,INT8_RVV,0-7,8,8,1024,1024,1024,128,2,OK,0,NONE,0.050696958,GOPS,42.359221,parallel_tiles_including_required_packing,DISABLED,0,0,"0:cpu0:tiles1;1:cpu1:tiles1;2:cpu2:tiles1;3:cpu3:tiles1;4:cpu4:tiles1;5:cpu5:tiles1;6:cpu6:tiles1;7:cpu7:tiles1","NA",static,0,"NA","NA","/home/bananapi/MAT/kernels riscv rvv 1.0/FINAL/riscv-rvv-ime-gemm-microkernels-updated/HETEROGENEOUS_RVV_IME_OPENMP_GEMM/results/openmp_results_k1-rvv_1024_20260904_133315/raw_logs/GEMM_RVV_FP32_INT8_8x8_Baseline_RVV_IGEMM_INT8_I8I32_8x8_igemm_kernel_8x8_zvl256b_lmulmf2_unroll2_i8i32_run2.log",NA,NA,NA,NA,NA,NA,NA
k1_kernel_tuning,RVV,tile_N,128,2026-09-04T13:52:38,k1-rvv,"GEMM_RVV_FP32_INT8_8x8_Baseline","RVV_IGEMM_INT8_I8I32_8x8","igemm_kernel_8x8_zvl256b_lmulmf2_unroll2_i8i32",8x8,256b,mf2,2,INT8_RVV,0-7,8,8,1024,1024,1024,128,3,OK,0,NONE,0.047765043,GOPS,44.959316,parallel_tiles_including_required_packing,DISABLED,0,0,"0:cpu0:tiles1;1:cpu1:tiles1;2:cpu2:tiles1;3:cpu3:tiles1;4:cpu4:tiles1;5:cpu5:tiles1;6:cpu6:tiles1;7:cpu7:tiles1","NA",static,0,"NA","NA","/home/bananapi/MAT/kernels riscv rvv 1.0/FINAL/riscv-rvv-ime-gemm-microkernels-updated/HETEROGENEOUS_RVV_IME_OPENMP_GEMM/results/openmp_results_k1-rvv_1024_20260904_133315/raw_logs/GEMM_RVV_FP32_INT8_8x8_Baseline_RVV_IGEMM_INT8_I8I32_8x8_igemm_kernel_8x8_zvl256b_lmulmf2_unroll2_i8i32_run3.log",NA,NA,NA,NA,NA,NA,NA
k1_kernel_tuning,RVV,tile_N,128,2026-09-04T13:52:38,k1-rvv,"GEMM_RVV_FP32_INT8_8x8_Baseline","RVV_IGEMM_INT8_I8I32_8x8","igemm_kernel_8x8_zvl256b_lmulmf2_unroll2_i8i32",8x8,256b,mf2,2,INT8_RVV,0-7,8,8,1024,1024,1024,128,4,OK,0,NONE,0.046888918,GOPS,45.799386,parallel_tiles_including_required_packing,DISABLED,0,0,"0:cpu0:tiles1;1:cpu1:tiles1;2:cpu2:tiles1;3:cpu3:tiles1;4:cpu4:tiles1;5:cpu5:tiles1;6:cpu6:tiles1;7:cpu7:tiles1","NA",static,0,"NA","NA","/home/bananapi/MAT/kernels riscv rvv 1.0/FINAL/riscv-rvv-ime-gemm-microkernels-updated/HETEROGENEOUS_RVV_IME_OPENMP_GEMM/results/openmp_results_k1-rvv_1024_20260904_133315/raw_logs/GEMM_RVV_FP32_INT8_8x8_Baseline_RVV_IGEMM_INT8_I8I32_8x8_igemm_kernel_8x8_zvl256b_lmulmf2_unroll2_i8i32_run4.log",NA,NA,NA,NA,NA,NA,NA
k1_kernel_tuning,RVV,tile_N,128,2026-09-04T13:52:39,k1-rvv,"GEMM_RVV_FP32_INT8_8x8_Baseline","RVV_IGEMM_INT8_I8I32_8x8","igemm_kernel_8x8_zvl256b_lmulmf2_unroll2_i8i32",8x8,256b,mf2,2,INT8_RVV,0-7,8,8,1024,1024,1024,128,5,OK,0,NONE,0.046853874,GOPS,45.833641,parallel_tiles_including_required_packing,DISABLED,0,0,"0:cpu0:tiles1;1:cpu1:tiles1;2:cpu2:tiles1;3:cpu3:tiles1;4:cpu4:tiles1;5:cpu5:tiles1;6:cpu6:tiles1;7:cpu7:tiles1","NA",static,0,"NA","NA","/home/bananapi/MAT/kernels riscv rvv 1.0/FINAL/riscv-rvv-ime-gemm-microkernels-updated/HETEROGENEOUS_RVV_IME_OPENMP_GEMM/results/openmp_results_k1-rvv_1024_20260904_133315/raw_logs/GEMM_RVV_FP32_INT8_8x8_Baseline_RVV_IGEMM_INT8_I8I32_8x8_igemm_kernel_8x8_zvl256b_lmulmf2_unroll2_i8i32_run5.log",NA,NA,NA,NA,NA,NA,NA
k1_kernel_tuning,RVV,tile_N,128,2026-09-04T13:52:39,k1-rvv,"GEMM_RVV_FP32_INT8_8x8_Baseline","RVV_IGEMM_INT8_I8I32_8x8","igemm_kernel_8x8_zvl256b_lmulmf2_unroll2_i8i32",8x8,256b,mf2,2,INT8_RVV,0-7,8,8,1024,1024,1024,128,6,OK,0,NONE,0.047756705,GOPS,44.967165,parallel_tiles_including_required_packing,DISABLED,0,0,"0:cpu0:tiles1;1:cpu1:tiles1;2:cpu2:tiles1;3:cpu3:tiles1;4:cpu4:tiles1;5:cpu5:tiles1;6:cpu6:tiles1;7:cpu7:tiles1","NA",static,0,"NA","NA","/home/bananapi/MAT/kernels riscv rvv 1.0/FINAL/riscv-rvv-ime-gemm-microkernels-updated/HETEROGENEOUS_RVV_IME_OPENMP_GEMM/results/openmp_results_k1-rvv_1024_20260904_133315/raw_logs/GEMM_RVV_FP32_INT8_8x8_Baseline_RVV_IGEMM_INT8_I8I32_8x8_igemm_kernel_8x8_zvl256b_lmulmf2_unroll2_i8i32_run6.log",NA,NA,NA,NA,NA,NA,NA
k1_kernel_tuning,RVV,tile_N,128,2026-09-04T13:53:11,k1-rvv,"GEMM_RVV_FP32_INT8_8x8_Baseline","RVV_IGEMM_INT8_I8I32_8x8","igemm_kernel_8x8_zvl256b_lmulmf2_unroll4_i8i32",8x8,256b,mf2,4,INT8_RVV,0-7,8,8,1024,1024,1024,128,1,OK,0,NONE,0.046509545,GOPS,46.172966,parallel_tiles_including_required_packing,INDEPENDENT_INT64_REFERENCE_EXACT_INT32,0,0,"0:cpu0:tiles1;1:cpu1:tiles1;2:cpu2:tiles1;3:cpu3:tiles1;4:cpu4:tiles1;5:cpu5:tiles1;6:cpu6:tiles1;7:cpu7:tiles1","NA",static,0,"NA","NA","/home/bananapi/MAT/kernels riscv rvv 1.0/FINAL/riscv-rvv-ime-gemm-microkernels-updated/HETEROGENEOUS_RVV_IME_OPENMP_GEMM/results/openmp_results_k1-rvv_1024_20260904_133315/raw_logs/GEMM_RVV_FP32_INT8_8x8_Baseline_RVV_IGEMM_INT8_I8I32_8x8_igemm_kernel_8x8_zvl256b_lmulmf2_unroll4_i8i32_run1.log",NA,NA,NA,NA,NA,NA,NA
k1_kernel_tuning,RVV,tile_N,128,2026-09-04T13:53:11,k1-rvv,"GEMM_RVV_FP32_INT8_8x8_Baseline","RVV_IGEMM_INT8_I8I32_8x8","igemm_kernel_8x8_zvl256b_lmulmf2_unroll4_i8i32",8x8,256b,mf2,4,INT8_RVV,0-7,8,8,1024,1024,1024,128,2,OK,0,NONE,0.046061248,GOPS,46.622351,parallel_tiles_including_required_packing,DISABLED,0,0,"0:cpu0:tiles1;1:cpu1:tiles1;2:cpu2:tiles1;3:cpu3:tiles1;4:cpu4:tiles1;5:cpu5:tiles1;6:cpu6:tiles1;7:cpu7:tiles1","NA",static,0,"NA","NA","/home/bananapi/MAT/kernels riscv rvv 1.0/FINAL/riscv-rvv-ime-gemm-microkernels-updated/HETEROGENEOUS_RVV_IME_OPENMP_GEMM/results/openmp_results_k1-rvv_1024_20260904_133315/raw_logs/GEMM_RVV_FP32_INT8_8x8_Baseline_RVV_IGEMM_INT8_I8I32_8x8_igemm_kernel_8x8_zvl256b_lmulmf2_unroll4_i8i32_run2.log",NA,NA,NA,NA,NA,NA,NA
k1_kernel_tuning,RVV,tile_N,128,2026-09-04T13:53:12,k1-rvv,"GEMM_RVV_FP32_INT8_8x8_Baseline","RVV_IGEMM_INT8_I8I32_8x8","igemm_kernel_8x8_zvl256b_lmulmf2_unroll4_i8i32",8x8,256b,mf2,4,INT8_RVV,0-7,8,8,1024,1024,1024,128,3,OK,0,NONE,0.045798417,GOPS,46.889910,parallel_tiles_including_required_packing,DISABLED,0,0,"0:cpu0:tiles1;1:cpu1:tiles1;2:cpu2:tiles1;3:cpu3:tiles1;4:cpu4:tiles1;5:cpu5:tiles1;6:cpu6:tiles1;7:cpu7:tiles1","NA",static,0,"NA","NA","/home/bananapi/MAT/kernels riscv rvv 1.0/FINAL/riscv-rvv-ime-gemm-microkernels-updated/HETEROGENEOUS_RVV_IME_OPENMP_GEMM/results/openmp_results_k1-rvv_1024_20260904_133315/raw_logs/GEMM_RVV_FP32_INT8_8x8_Baseline_RVV_IGEMM_INT8_I8I32_8x8_igemm_kernel_8x8_zvl256b_lmulmf2_unroll4_i8i32_run3.log",NA,NA,NA,NA,NA,NA,NA
k1_kernel_tuning,RVV,tile_N,128,2026-09-04T13:53:12,k1-rvv,"GEMM_RVV_FP32_INT8_8x8_Baseline","RVV_IGEMM_INT8_I8I32_8x8","igemm_kernel_8x8_zvl256b_lmulmf2_unroll4_i8i32",8x8,256b,mf2,4,INT8_RVV,0-7,8,8,1024,1024,1024,128,4,OK,0,NONE,0.046031170,GOPS,46.652815,parallel_tiles_including_required_packing,DISABLED,0,0,"0:cpu0:tiles1;1:cpu1:tiles1;2:cpu2:tiles1;3:cpu3:tiles1;4:cpu4:tiles1;5:cpu5:tiles1;6:cpu6:tiles1;7:cpu7:tiles1","NA",static,0,"NA","NA","/home/bananapi/MAT/kernels riscv rvv 1.0/FINAL/riscv-rvv-ime-gemm-microkernels-updated/HETEROGENEOUS_RVV_IME_OPENMP_GEMM/results/openmp_results_k1-rvv_1024_20260904_133315/raw_logs/GEMM_RVV_FP32_INT8_8x8_Baseline_RVV_IGEMM_INT8_I8I32_8x8_igemm_kernel_8x8_zvl256b_lmulmf2_unroll4_i8i32_run4.log",NA,NA,NA,NA,NA,NA,NA
k1_kernel_tuning,RVV,tile_N,128,2026-09-04T13:53:13,k1-rvv,"GEMM_RVV_FP32_INT8_8x8_Baseline","RVV_IGEMM_INT8_I8I32_8x8","igemm_kernel_8x8_zvl256b_lmulmf2_unroll4_i8i32",8x8,256b,mf2,4,INT8_RVV,0-7,8,8,1024,1024,1024,128,5,OK,0,NONE,0.046535835,GOPS,46.146881,parallel_tiles_including_required_packing,DISABLED,0,0,"0:cpu0:tiles1;1:cpu1:tiles1;2:cpu2:tiles1;3:cpu3:tiles1;4:cpu4:tiles1;5:cpu5:tiles1;6:cpu6:tiles1;7:cpu7:tiles1","NA",static,0,"NA","NA","/home/bananapi/MAT/kernels riscv rvv 1.0/FINAL/riscv-rvv-ime-gemm-microkernels-updated/HETEROGENEOUS_RVV_IME_OPENMP_GEMM/results/openmp_results_k1-rvv_1024_20260904_133315/raw_logs/GEMM_RVV_FP32_INT8_8x8_Baseline_RVV_IGEMM_INT8_I8I32_8x8_igemm_kernel_8x8_zvl256b_lmulmf2_unroll4_i8i32_run5.log",NA,NA,NA,NA,NA,NA,NA
k1_kernel_tuning,RVV,tile_N,128,2026-09-04T13:53:13,k1-rvv,"GEMM_RVV_FP32_INT8_8x8_Baseline","RVV_IGEMM_INT8_I8I32_8x8","igemm_kernel_8x8_zvl256b_lmulmf2_unroll4_i8i32",8x8,256b,mf2,4,INT8_RVV,0-7,8,8,1024,1024,1024,128,6,OK,0,NONE,0.047454584,GOPS,45.253450,parallel_tiles_including_required_packing,DISABLED,0,0,"0:cpu0:tiles1;1:cpu1:tiles1;2:cpu2:tiles1;3:cpu3:tiles1;4:cpu4:tiles1;5:cpu5:tiles1;6:cpu6:tiles1;7:cpu7:tiles1","NA",static,0,"NA","NA","/home/bananapi/MAT/kernels riscv rvv 1.0/FINAL/riscv-rvv-ime-gemm-microkernels-updated/HETEROGENEOUS_RVV_IME_OPENMP_GEMM/results/openmp_results_k1-rvv_1024_20260904_133315/raw_logs/GEMM_RVV_FP32_INT8_8x8_Baseline_RVV_IGEMM_INT8_I8I32_8x8_igemm_kernel_8x8_zvl256b_lmulmf2_unroll4_i8i32_run6.log",NA,NA,NA,NA,NA,NA,NA
k1_kernel_tuning,RVV,tile_N,128,2026-09-04T13:53:46,k1-rvv,"GEMM_RVV_FP32_INT8_8x8_Baseline","RVV_IGEMM_INT8_I8I32_8x8","igemm_kernel_8x8_zvl256b_lmulmf2_unroll8_i8i32",8x8,256b,mf2,8,INT8_RVV,0-7,8,8,1024,1024,1024,128,1,OK,0,NONE,0.048758499,GOPS,44.043268,parallel_tiles_including_required_packing,INDEPENDENT_INT64_REFERENCE_EXACT_INT32,0,0,"0:cpu0:tiles1;1:cpu1:tiles1;2:cpu2:tiles1;3:cpu3:tiles1;4:cpu4:tiles1;5:cpu5:tiles1;6:cpu6:tiles1;7:cpu7:tiles1","NA",static,0,"NA","NA","/home/bananapi/MAT/kernels riscv rvv 1.0/FINAL/riscv-rvv-ime-gemm-microkernels-updated/HETEROGENEOUS_RVV_IME_OPENMP_GEMM/results/openmp_results_k1-rvv_1024_20260904_133315/raw_logs/GEMM_RVV_FP32_INT8_8x8_Baseline_RVV_IGEMM_INT8_I8I32_8x8_igemm_kernel_8x8_zvl256b_lmulmf2_unroll8_i8i32_run1.log",NA,NA,NA,NA,NA,NA,NA
k1_kernel_tuning,RVV,tile_N,128,2026-09-04T13:53:46,k1-rvv,"GEMM_RVV_FP32_INT8_8x8_Baseline","RVV_IGEMM_INT8_I8I32_8x8","igemm_kernel_8x8_zvl256b_lmulmf2_unroll8_i8i32",8x8,256b,mf2,8,INT8_RVV,0-7,8,8,1024,1024,1024,128,2,OK,0,NONE,0.047754083,GOPS,44.969634,parallel_tiles_including_required_packing,DISABLED,0,0,"0:cpu0:tiles1;1:cpu1:tiles1;2:cpu2:tiles1;3:cpu3:tiles1;4:cpu4:tiles1;5:cpu5:tiles1;6:cpu6:tiles1;7:cpu7:tiles1","NA",static,0,"NA","NA","/home/bananapi/MAT/kernels riscv rvv 1.0/FINAL/riscv-rvv-ime-gemm-microkernels-updated/HETEROGENEOUS_RVV_IME_OPENMP_GEMM/results/openmp_results_k1-rvv_1024_20260904_133315/raw_logs/GEMM_RVV_FP32_INT8_8x8_Baseline_RVV_IGEMM_INT8_I8I32_8x8_igemm_kernel_8x8_zvl256b_lmulmf2_unroll8_i8i32_run2.log",NA,NA,NA,NA,NA,NA,NA
k1_kernel_tuning,RVV,tile_N,128,2026-09-04T13:53:46,k1-rvv,"GEMM_RVV_FP32_INT8_8x8_Baseline","RVV_IGEMM_INT8_I8I32_8x8","igemm_kernel_8x8_zvl256b_lmulmf2_unroll8_i8i32",8x8,256b,mf2,8,INT8_RVV,0-7,8,8,1024,1024,1024,128,3,OK,0,NONE,0.046197291,GOPS,46.485055,parallel_tiles_including_required_packing,DISABLED,0,0,"0:cpu0:tiles1;1:cpu1:tiles1;2:cpu2:tiles1;3:cpu3:tiles1;4:cpu4:tiles1;5:cpu5:tiles1;6:cpu6:tiles1;7:cpu7:tiles1","NA",static,0,"NA","NA","/home/bananapi/MAT/kernels riscv rvv 1.0/FINAL/riscv-rvv-ime-gemm-microkernels-updated/HETEROGENEOUS_RVV_IME_OPENMP_GEMM/results/openmp_results_k1-rvv_1024_20260904_133315/raw_logs/GEMM_RVV_FP32_INT8_8x8_Baseline_RVV_IGEMM_INT8_I8I32_8x8_igemm_kernel_8x8_zvl256b_lmulmf2_unroll8_i8i32_run3.log",NA,NA,NA,NA,NA,NA,NA
k1_kernel_tuning,RVV,tile_N,128,2026-09-04T13:53:47,k1-rvv,"GEMM_RVV_FP32_INT8_8x8_Baseline","RVV_IGEMM_INT8_I8I32_8x8","igemm_kernel_8x8_zvl256b_lmulmf2_unroll8_i8i32",8x8,256b,mf2,8,INT8_RVV,0-7,8,8,1024,1024,1024,128,4,OK,0,NONE,0.045848001,GOPS,46.839199,parallel_tiles_including_required_packing,DISABLED,0,0,"0:cpu0:tiles1;1:cpu1:tiles1;2:cpu2:tiles1;3:cpu3:tiles1;4:cpu4:tiles1;5:cpu5:tiles1;6:cpu6:tiles1;7:cpu7:tiles1","NA",static,0,"NA","NA","/home/bananapi/MAT/kernels riscv rvv 1.0/FINAL/riscv-rvv-ime-gemm-microkernels-updated/HETEROGENEOUS_RVV_IME_OPENMP_GEMM/results/openmp_results_k1-rvv_1024_20260904_133315/raw_logs/GEMM_RVV_FP32_INT8_8x8_Baseline_RVV_IGEMM_INT8_I8I32_8x8_igemm_kernel_8x8_zvl256b_lmulmf2_unroll8_i8i32_run4.log",NA,NA,NA,NA,NA,NA,NA
k1_kernel_tuning,RVV,tile_N,128,2026-09-04T13:53:47,k1-rvv,"GEMM_RVV_FP32_INT8_8x8_Baseline","RVV_IGEMM_INT8_I8I32_8x8","igemm_kernel_8x8_zvl256b_lmulmf2_unroll8_i8i32",8x8,256b,mf2,8,INT8_RVV,0-7,8,8,1024,1024,1024,128,5,OK,0,NONE,0.046639126,GOPS,46.044681,parallel_tiles_including_required_packing,DISABLED,0,0,"0:cpu0:tiles1;1:cpu1:tiles1;2:cpu2:tiles1;3:cpu3:tiles1;4:cpu4:tiles1;5:cpu5:tiles1;6:cpu6:tiles1;7:cpu7:tiles1","NA",static,0,"NA","NA","/home/bananapi/MAT/kernels riscv rvv 1.0/FINAL/riscv-rvv-ime-gemm-microkernels-updated/HETEROGENEOUS_RVV_IME_OPENMP_GEMM/results/openmp_results_k1-rvv_1024_20260904_133315/raw_logs/GEMM_RVV_FP32_INT8_8x8_Baseline_RVV_IGEMM_INT8_I8I32_8x8_igemm_kernel_8x8_zvl256b_lmulmf2_unroll8_i8i32_run5.log",NA,NA,NA,NA,NA,NA,NA
k1_kernel_tuning,RVV,tile_N,128,2026-09-04T13:53:48,k1-rvv,"GEMM_RVV_FP32_INT8_8x8_Baseline","RVV_IGEMM_INT8_I8I32_8x8","igemm_kernel_8x8_zvl256b_lmulmf2_unroll8_i8i32",8x8,256b,mf2,8,INT8_RVV,0-7,8,8,1024,1024,1024,128,6,OK,0,NONE,0.047449499,GOPS,45.258299,parallel_tiles_including_required_packing,DISABLED,0,0,"0:cpu0:tiles1;1:cpu1:tiles1;2:cpu2:tiles1;3:cpu3:tiles1;4:cpu4:tiles1;5:cpu5:tiles1;6:cpu6:tiles1;7:cpu7:tiles1","NA",static,0,"NA","NA","/home/bananapi/MAT/kernels riscv rvv 1.0/FINAL/riscv-rvv-ime-gemm-microkernels-updated/HETEROGENEOUS_RVV_IME_OPENMP_GEMM/results/openmp_results_k1-rvv_1024_20260904_133315/raw_logs/GEMM_RVV_FP32_INT8_8x8_Baseline_RVV_IGEMM_INT8_I8I32_8x8_igemm_kernel_8x8_zvl256b_lmulmf2_unroll8_i8i32_run6.log",NA,NA,NA,NA,NA,NA,NA
k1_kernel_tuning,RVV,tile_N,128,2026-09-04T13:54:19,k1-rvv,"GEMM_RVV_FP32_INT8_8x8_Baseline","RVV_IGEMM_INT8_I8I32_8x8","igemm_kernel_8x8_zvl256b_lmulmf4_unroll1_i8i32",8x8,256b,mf4,1,INT8_RVV,0-7,8,8,1024,1024,1024,128,1,OK,0,NONE,0.043084748,GOPS,49.843245,parallel_tiles_including_required_packing,INDEPENDENT_INT64_REFERENCE_EXACT_INT32,0,0,"0:cpu0:tiles1;1:cpu1:tiles1;2:cpu2:tiles1;3:cpu3:tiles1;4:cpu4:tiles1;5:cpu5:tiles1;6:cpu6:tiles1;7:cpu7:tiles1","NA",static,0,"NA","NA","/home/bananapi/MAT/kernels riscv rvv 1.0/FINAL/riscv-rvv-ime-gemm-microkernels-updated/HETEROGENEOUS_RVV_IME_OPENMP_GEMM/results/openmp_results_k1-rvv_1024_20260904_133315/raw_logs/GEMM_RVV_FP32_INT8_8x8_Baseline_RVV_IGEMM_INT8_I8I32_8x8_igemm_kernel_8x8_zvl256b_lmulmf4_unroll1_i8i32_run1.log",NA,NA,NA,NA,NA,NA,NA
k1_kernel_tuning,RVV,tile_N,128,2026-09-04T13:54:19,k1-rvv,"GEMM_RVV_FP32_INT8_8x8_Baseline","RVV_IGEMM_INT8_I8I32_8x8","igemm_kernel_8x8_zvl256b_lmulmf4_unroll1_i8i32",8x8,256b,mf4,1,INT8_RVV,0-7,8,8,1024,1024,1024,128,2,OK,0,NONE,0.043164585,GOPS,49.751055,parallel_tiles_including_required_packing,DISABLED,0,0,"0:cpu0:tiles1;1:cpu1:tiles1;2:cpu2:tiles1;3:cpu3:tiles1;4:cpu4:tiles1;5:cpu5:tiles1;6:cpu6:tiles1;7:cpu7:tiles1","NA",static,0,"NA","NA","/home/bananapi/MAT/kernels riscv rvv 1.0/FINAL/riscv-rvv-ime-gemm-microkernels-updated/HETEROGENEOUS_RVV_IME_OPENMP_GEMM/results/openmp_results_k1-rvv_1024_20260904_133315/raw_logs/GEMM_RVV_FP32_INT8_8x8_Baseline_RVV_IGEMM_INT8_I8I32_8x8_igemm_kernel_8x8_zvl256b_lmulmf4_unroll1_i8i32_run2.log",NA,NA,NA,NA,NA,NA,NA
k1_kernel_tuning,RVV,tile_N,128,2026-09-04T13:54:20,k1-rvv,"GEMM_RVV_FP32_INT8_8x8_Baseline","RVV_IGEMM_INT8_I8I32_8x8","igemm_kernel_8x8_zvl256b_lmulmf4_unroll1_i8i32",8x8,256b,mf4,1,INT8_RVV,0-7,8,8,1024,1024,1024,128,3,OK,0,NONE,0.043064043,GOPS,49.867209,parallel_tiles_including_required_packing,DISABLED,0,0,"0:cpu0:tiles1;1:cpu1:tiles1;2:cpu2:tiles1;3:cpu3:tiles1;4:cpu4:tiles1;5:cpu5:tiles1;6:cpu6:tiles1;7:cpu7:tiles1","NA",static,0,"NA","NA","/home/bananapi/MAT/kernels riscv rvv 1.0/FINAL/riscv-rvv-ime-gemm-microkernels-updated/HETEROGENEOUS_RVV_IME_OPENMP_GEMM/results/openmp_results_k1-rvv_1024_20260904_133315/raw_logs/GEMM_RVV_FP32_INT8_8x8_Baseline_RVV_IGEMM_INT8_I8I32_8x8_igemm_kernel_8x8_zvl256b_lmulmf4_unroll1_i8i32_run3.log",NA,NA,NA,NA,NA,NA,NA
k1_kernel_tuning,RVV,tile_N,128,2026-09-04T13:54:20,k1-rvv,"GEMM_RVV_FP32_INT8_8x8_Baseline","RVV_IGEMM_INT8_I8I32_8x8","igemm_kernel_8x8_zvl256b_lmulmf4_unroll1_i8i32",8x8,256b,mf4,1,INT8_RVV,0-7,8,8,1024,1024,1024,128,4,OK,0,NONE,0.044258792,GOPS,48.521063,parallel_tiles_including_required_packing,DISABLED,0,0,"0:cpu0:tiles1;1:cpu1:tiles1;2:cpu2:tiles1;3:cpu3:tiles1;4:cpu4:tiles1;5:cpu5:tiles1;6:cpu6:tiles1;7:cpu7:tiles1","NA",static,0,"NA","NA","/home/bananapi/MAT/kernels riscv rvv 1.0/FINAL/riscv-rvv-ime-gemm-microkernels-updated/HETEROGENEOUS_RVV_IME_OPENMP_GEMM/results/openmp_results_k1-rvv_1024_20260904_133315/raw_logs/GEMM_RVV_FP32_INT8_8x8_Baseline_RVV_IGEMM_INT8_I8I32_8x8_igemm_kernel_8x8_zvl256b_lmulmf4_unroll1_i8i32_run4.log",NA,NA,NA,NA,NA,NA,NA
k1_kernel_tuning,RVV,tile_N,128,2026-09-04T13:54:21,k1-rvv,"GEMM_RVV_FP32_INT8_8x8_Baseline","RVV_IGEMM_INT8_I8I32_8x8","igemm_kernel_8x8_zvl256b_lmulmf4_unroll1_i8i32",8x8,256b,mf4,1,INT8_RVV,0-7,8,8,1024,1024,1024,128,5,OK,0,NONE,0.043887164,GOPS,48.931930,parallel_tiles_including_required_packing,DISABLED,0,0,"0:cpu0:tiles1;1:cpu1:tiles1;2:cpu2:tiles1;3:cpu3:tiles1;4:cpu4:tiles1;5:cpu5:tiles1;6:cpu6:tiles1;7:cpu7:tiles1","NA",static,0,"NA","NA","/home/bananapi/MAT/kernels riscv rvv 1.0/FINAL/riscv-rvv-ime-gemm-microkernels-updated/HETEROGENEOUS_RVV_IME_OPENMP_GEMM/results/openmp_results_k1-rvv_1024_20260904_133315/raw_logs/GEMM_RVV_FP32_INT8_8x8_Baseline_RVV_IGEMM_INT8_I8I32_8x8_igemm_kernel_8x8_zvl256b_lmulmf4_unroll1_i8i32_run5.log",NA,NA,NA,NA,NA,NA,NA
k1_kernel_tuning,RVV,tile_N,128,2026-09-04T13:54:21,k1-rvv,"GEMM_RVV_FP32_INT8_8x8_Baseline","RVV_IGEMM_INT8_I8I32_8x8","igemm_kernel_8x8_zvl256b_lmulmf4_unroll1_i8i32",8x8,256b,mf4,1,INT8_RVV,0-7,8,8,1024,1024,1024,128,6,OK,0,NONE,0.043151543,GOPS,49.766092,parallel_tiles_including_required_packing,DISABLED,0,0,"0:cpu0:tiles1;1:cpu1:tiles1;2:cpu2:tiles1;3:cpu3:tiles1;4:cpu4:tiles1;5:cpu5:tiles1;6:cpu6:tiles1;7:cpu7:tiles1","NA",static,0,"NA","NA","/home/bananapi/MAT/kernels riscv rvv 1.0/FINAL/riscv-rvv-ime-gemm-microkernels-updated/HETEROGENEOUS_RVV_IME_OPENMP_GEMM/results/openmp_results_k1-rvv_1024_20260904_133315/raw_logs/GEMM_RVV_FP32_INT8_8x8_Baseline_RVV_IGEMM_INT8_I8I32_8x8_igemm_kernel_8x8_zvl256b_lmulmf4_unroll1_i8i32_run6.log",NA,NA,NA,NA,NA,NA,NA
k1_kernel_tuning,RVV,tile_N,128,2026-09-04T13:54:52,k1-rvv,"GEMM_RVV_FP32_INT8_8x8_Baseline","RVV_IGEMM_INT8_I8I32_8x8","igemm_kernel_8x8_zvl256b_lmulmf4_unroll2_i8i32",8x8,256b,mf4,2,INT8_RVV,0-7,8,8,1024,1024,1024,128,1,OK,0,NONE,0.040912669,GOPS,52.489454,parallel_tiles_including_required_packing,INDEPENDENT_INT64_REFERENCE_EXACT_INT32,0,0,"0:cpu0:tiles1;1:cpu1:tiles1;2:cpu2:tiles1;3:cpu3:tiles1;4:cpu4:tiles1;5:cpu5:tiles1;6:cpu6:tiles1;7:cpu7:tiles1","NA",static,0,"NA","NA","/home/bananapi/MAT/kernels riscv rvv 1.0/FINAL/riscv-rvv-ime-gemm-microkernels-updated/HETEROGENEOUS_RVV_IME_OPENMP_GEMM/results/openmp_results_k1-rvv_1024_20260904_133315/raw_logs/GEMM_RVV_FP32_INT8_8x8_Baseline_RVV_IGEMM_INT8_I8I32_8x8_igemm_kernel_8x8_zvl256b_lmulmf4_unroll2_i8i32_run1.log",NA,NA,NA,NA,NA,NA,NA
k1_kernel_tuning,RVV,tile_N,128,2026-09-04T13:54:53,k1-rvv,"GEMM_RVV_FP32_INT8_8x8_Baseline","RVV_IGEMM_INT8_I8I32_8x8","igemm_kernel_8x8_zvl256b_lmulmf4_unroll2_i8i32",8x8,256b,mf4,2,INT8_RVV,0-7,8,8,1024,1024,1024,128,2,OK,0,NONE,0.040800542,GOPS,52.633704,parallel_tiles_including_required_packing,DISABLED,0,0,"0:cpu0:tiles1;1:cpu1:tiles1;2:cpu2:tiles1;3:cpu3:tiles1;4:cpu4:tiles1;5:cpu5:tiles1;6:cpu6:tiles1;7:cpu7:tiles1","NA",static,0,"NA","NA","/home/bananapi/MAT/kernels riscv rvv 1.0/FINAL/riscv-rvv-ime-gemm-microkernels-updated/HETEROGENEOUS_RVV_IME_OPENMP_GEMM/results/openmp_results_k1-rvv_1024_20260904_133315/raw_logs/GEMM_RVV_FP32_INT8_8x8_Baseline_RVV_IGEMM_INT8_I8I32_8x8_igemm_kernel_8x8_zvl256b_lmulmf4_unroll2_i8i32_run2.log",NA,NA,NA,NA,NA,NA,NA
k1_kernel_tuning,RVV,tile_N,128,2026-09-04T13:54:53,k1-rvv,"GEMM_RVV_FP32_INT8_8x8_Baseline","RVV_IGEMM_INT8_I8I32_8x8","igemm_kernel_8x8_zvl256b_lmulmf4_unroll2_i8i32",8x8,256b,mf4,2,INT8_RVV,0-7,8,8,1024,1024,1024,128,3,OK,0,NONE,0.046503086,GOPS,46.179380,parallel_tiles_including_required_packing,DISABLED,0,0,"0:cpu0:tiles1;1:cpu1:tiles1;2:cpu2:tiles1;3:cpu3:tiles1;4:cpu4:tiles1;5:cpu5:tiles1;6:cpu6:tiles1;7:cpu7:tiles1","NA",static,0,"NA","NA","/home/bananapi/MAT/kernels riscv rvv 1.0/FINAL/riscv-rvv-ime-gemm-microkernels-updated/HETEROGENEOUS_RVV_IME_OPENMP_GEMM/results/openmp_results_k1-rvv_1024_20260904_133315/raw_logs/GEMM_RVV_FP32_INT8_8x8_Baseline_RVV_IGEMM_INT8_I8I32_8x8_igemm_kernel_8x8_zvl256b_lmulmf4_unroll2_i8i32_run3.log",NA,NA,NA,NA,NA,NA,NA
k1_kernel_tuning,RVV,tile_N,128,2026-09-04T13:54:54,k1-rvv,"GEMM_RVV_FP32_INT8_8x8_Baseline","RVV_IGEMM_INT8_I8I32_8x8","igemm_kernel_8x8_zvl256b_lmulmf4_unroll2_i8i32",8x8,256b,mf4,2,INT8_RVV,0-7,8,8,1024,1024,1024,128,4,OK,0,NONE,0.044352252,GOPS,48.418819,parallel_tiles_including_required_packing,DISABLED,0,0,"0:cpu0:tiles1;1:cpu1:tiles1;2:cpu2:tiles1;3:cpu3:tiles1;4:cpu4:tiles1;5:cpu5:tiles1;6:cpu6:tiles1;7:cpu7:tiles1","NA",static,0,"NA","NA","/home/bananapi/MAT/kernels riscv rvv 1.0/FINAL/riscv-rvv-ime-gemm-microkernels-updated/HETEROGENEOUS_RVV_IME_OPENMP_GEMM/results/openmp_results_k1-rvv_1024_20260904_133315/raw_logs/GEMM_RVV_FP32_INT8_8x8_Baseline_RVV_IGEMM_INT8_I8I32_8x8_igemm_kernel_8x8_zvl256b_lmulmf4_unroll2_i8i32_run4.log",NA,NA,NA,NA,NA,NA,NA
k1_kernel_tuning,RVV,tile_N,128,2026-09-04T13:54:54,k1-rvv,"GEMM_RVV_FP32_INT8_8x8_Baseline","RVV_IGEMM_INT8_I8I32_8x8","igemm_kernel_8x8_zvl256b_lmulmf4_unroll2_i8i32",8x8,256b,mf4,2,INT8_RVV,0-7,8,8,1024,1024,1024,128,5,OK,0,NONE,0.040380165,GOPS,53.181646,parallel_tiles_including_required_packing,DISABLED,0,0,"0:cpu0:tiles1;1:cpu1:tiles1;2:cpu2:tiles1;3:cpu3:tiles1;4:cpu4:tiles1;5:cpu5:tiles1;6:cpu6:tiles1;7:cpu7:tiles1","NA",static,0,"NA","NA","/home/bananapi/MAT/kernels riscv rvv 1.0/FINAL/riscv-rvv-ime-gemm-microkernels-updated/HETEROGENEOUS_RVV_IME_OPENMP_GEMM/results/openmp_results_k1-rvv_1024_20260904_133315/raw_logs/GEMM_RVV_FP32_INT8_8x8_Baseline_RVV_IGEMM_INT8_I8I32_8x8_igemm_kernel_8x8_zvl256b_lmulmf4_unroll2_i8i32_run5.log",NA,NA,NA,NA,NA,NA,NA
k1_kernel_tuning,RVV,tile_N,128,2026-09-04T13:54:54,k1-rvv,"GEMM_RVV_FP32_INT8_8x8_Baseline","RVV_IGEMM_INT8_I8I32_8x8","igemm_kernel_8x8_zvl256b_lmulmf4_unroll2_i8i32",8x8,256b,mf4,2,INT8_RVV,0-7,8,8,1024,1024,1024,128,6,OK,0,NONE,0.041994624,GOPS,51.137109,parallel_tiles_including_required_packing,DISABLED,0,0,"0:cpu0:tiles1;1:cpu1:tiles1;2:cpu2:tiles1;3:cpu3:tiles1;4:cpu4:tiles1;5:cpu5:tiles1;6:cpu6:tiles1;7:cpu7:tiles1","NA",static,0,"NA","NA","/home/bananapi/MAT/kernels riscv rvv 1.0/FINAL/riscv-rvv-ime-gemm-microkernels-updated/HETEROGENEOUS_RVV_IME_OPENMP_GEMM/results/openmp_results_k1-rvv_1024_20260904_133315/raw_logs/GEMM_RVV_FP32_INT8_8x8_Baseline_RVV_IGEMM_INT8_I8I32_8x8_igemm_kernel_8x8_zvl256b_lmulmf4_unroll2_i8i32_run6.log",NA,NA,NA,NA,NA,NA,NA
k1_kernel_tuning,RVV,tile_N,128,2026-09-04T13:55:34,k1-rvv,"GEMM_RVV_FP32_INT8_8x8_Baseline","RVV_IGEMM_INT8_I8I32_8x8","igemm_kernel_8x8_zvl256b_lmulmf4_unroll4_i8i32",8x8,256b,mf4,4,INT8_RVV,0-7,8,8,1024,1024,1024,128,1,OK,0,NONE,0.041251708,GOPS,52.058054,parallel_tiles_including_required_packing,INDEPENDENT_INT64_REFERENCE_EXACT_INT32,0,0,"0:cpu0:tiles1;1:cpu1:tiles1;2:cpu2:tiles1;3:cpu3:tiles1;4:cpu4:tiles1;5:cpu5:tiles1;6:cpu6:tiles1;7:cpu7:tiles1","NA",static,0,"NA","NA","/home/bananapi/MAT/kernels riscv rvv 1.0/FINAL/riscv-rvv-ime-gemm-microkernels-updated/HETEROGENEOUS_RVV_IME_OPENMP_GEMM/results/openmp_results_k1-rvv_1024_20260904_133315/raw_logs/GEMM_RVV_FP32_INT8_8x8_Baseline_RVV_IGEMM_INT8_I8I32_8x8_igemm_kernel_8x8_zvl256b_lmulmf4_unroll4_i8i32_run1.log",NA,NA,NA,NA,NA,NA,NA
k1_kernel_tuning,RVV,tile_N,128,2026-09-04T13:55:34,k1-rvv,"GEMM_RVV_FP32_INT8_8x8_Baseline","RVV_IGEMM_INT8_I8I32_8x8","igemm_kernel_8x8_zvl256b_lmulmf4_unroll4_i8i32",8x8,256b,mf4,4,INT8_RVV,0-7,8,8,1024,1024,1024,128,2,OK,0,NONE,0.039654542,GOPS,54.154797,parallel_tiles_including_required_packing,DISABLED,0,0,"0:cpu0:tiles1;1:cpu1:tiles1;2:cpu2:tiles1;3:cpu3:tiles1;4:cpu4:tiles1;5:cpu5:tiles1;6:cpu6:tiles1;7:cpu7:tiles1","NA",static,0,"NA","NA","/home/bananapi/MAT/kernels riscv rvv 1.0/FINAL/riscv-rvv-ime-gemm-microkernels-updated/HETEROGENEOUS_RVV_IME_OPENMP_GEMM/results/openmp_results_k1-rvv_1024_20260904_133315/raw_logs/GEMM_RVV_FP32_INT8_8x8_Baseline_RVV_IGEMM_INT8_I8I32_8x8_igemm_kernel_8x8_zvl256b_lmulmf4_unroll4_i8i32_run2.log",NA,NA,NA,NA,NA,NA,NA
k1_kernel_tuning,RVV,tile_N,128,2026-09-04T13:55:35,k1-rvv,"GEMM_RVV_FP32_INT8_8x8_Baseline","RVV_IGEMM_INT8_I8I32_8x8","igemm_kernel_8x8_zvl256b_lmulmf4_unroll4_i8i32",8x8,256b,mf4,4,INT8_RVV,0-7,8,8,1024,1024,1024,128,3,OK,0,NONE,0.039564375,GOPS,54.278215,parallel_tiles_including_required_packing,DISABLED,0,0,"0:cpu0:tiles1;1:cpu1:tiles1;2:cpu2:tiles1;3:cpu3:tiles1;4:cpu4:tiles1;5:cpu5:tiles1;6:cpu6:tiles1;7:cpu7:tiles1","NA",static,0,"NA","NA","/home/bananapi/MAT/kernels riscv rvv 1.0/FINAL/riscv-rvv-ime-gemm-microkernels-updated/HETEROGENEOUS_RVV_IME_OPENMP_GEMM/results/openmp_results_k1-rvv_1024_20260904_133315/raw_logs/GEMM_RVV_FP32_INT8_8x8_Baseline_RVV_IGEMM_INT8_I8I32_8x8_igemm_kernel_8x8_zvl256b_lmulmf4_unroll4_i8i32_run3.log",NA,NA,NA,NA,NA,NA,NA
k1_kernel_tuning,RVV,tile_N,128,2026-09-04T13:55:35,k1-rvv,"GEMM_RVV_FP32_INT8_8x8_Baseline","RVV_IGEMM_INT8_I8I32_8x8","igemm_kernel_8x8_zvl256b_lmulmf4_unroll4_i8i32",8x8,256b,mf4,4,INT8_RVV,0-7,8,8,1024,1024,1024,128,4,OK,0,NONE,0.041012958,GOPS,52.361102,parallel_tiles_including_required_packing,DISABLED,0,0,"0:cpu0:tiles1;1:cpu1:tiles1;2:cpu2:tiles1;3:cpu3:tiles1;4:cpu4:tiles1;5:cpu5:tiles1;6:cpu6:tiles1;7:cpu7:tiles1","NA",static,0,"NA","NA","/home/bananapi/MAT/kernels riscv rvv 1.0/FINAL/riscv-rvv-ime-gemm-microkernels-updated/HETEROGENEOUS_RVV_IME_OPENMP_GEMM/results/openmp_results_k1-rvv_1024_20260904_133315/raw_logs/GEMM_RVV_FP32_INT8_8x8_Baseline_RVV_IGEMM_INT8_I8I32_8x8_igemm_kernel_8x8_zvl256b_lmulmf4_unroll4_i8i32_run4.log",NA,NA,NA,NA,NA,NA,NA
k1_kernel_tuning,RVV,tile_N,128,2026-09-04T13:55:35,k1-rvv,"GEMM_RVV_FP32_INT8_8x8_Baseline","RVV_IGEMM_INT8_I8I32_8x8","igemm_kernel_8x8_zvl256b_lmulmf4_unroll4_i8i32",8x8,256b,mf4,4,INT8_RVV,0-7,8,8,1024,1024,1024,128,5,OK,0,NONE,0.040335167,GOPS,53.240975,parallel_tiles_including_required_packing,DISABLED,0,0,"0:cpu0:tiles1;1:cpu1:tiles1;2:cpu2:tiles1;3:cpu3:tiles1;4:cpu4:tiles1;5:cpu5:tiles1;6:cpu6:tiles1;7:cpu7:tiles1","NA",static,0,"NA","NA","/home/bananapi/MAT/kernels riscv rvv 1.0/FINAL/riscv-rvv-ime-gemm-microkernels-updated/HETEROGENEOUS_RVV_IME_OPENMP_GEMM/results/openmp_results_k1-rvv_1024_20260904_133315/raw_logs/GEMM_RVV_FP32_INT8_8x8_Baseline_RVV_IGEMM_INT8_I8I32_8x8_igemm_kernel_8x8_zvl256b_lmulmf4_unroll4_i8i32_run5.log",NA,NA,NA,NA,NA,NA,NA
k1_kernel_tuning,RVV,tile_N,128,2026-09-04T13:55:36,k1-rvv,"GEMM_RVV_FP32_INT8_8x8_Baseline","RVV_IGEMM_INT8_I8I32_8x8","igemm_kernel_8x8_zvl256b_lmulmf4_unroll4_i8i32",8x8,256b,mf4,4,INT8_RVV,0-7,8,8,1024,1024,1024,128,6,OK,0,NONE,0.040631663,GOPS,52.852467,parallel_tiles_including_required_packing,DISABLED,0,0,"0:cpu0:tiles1;1:cpu1:tiles1;2:cpu2:tiles1;3:cpu3:tiles1;4:cpu4:tiles1;5:cpu5:tiles1;6:cpu6:tiles1;7:cpu7:tiles1","NA",static,0,"NA","NA","/home/bananapi/MAT/kernels riscv rvv 1.0/FINAL/riscv-rvv-ime-gemm-microkernels-updated/HETEROGENEOUS_RVV_IME_OPENMP_GEMM/results/openmp_results_k1-rvv_1024_20260904_133315/raw_logs/GEMM_RVV_FP32_INT8_8x8_Baseline_RVV_IGEMM_INT8_I8I32_8x8_igemm_kernel_8x8_zvl256b_lmulmf4_unroll4_i8i32_run6.log",NA,NA,NA,NA,NA,NA,NA
k1_kernel_tuning,RVV,tile_N,128,2026-09-04T13:56:15,k1-rvv,"GEMM_RVV_FP32_INT8_8x8_Baseline","RVV_IGEMM_INT8_I8I32_8x8","igemm_kernel_8x8_zvl256b_lmulmf4_unroll8_i8i32",8x8,256b,mf4,8,INT8_RVV,0-7,8,8,1024,1024,1024,128,1,OK,0,NONE,0.039741877,GOPS,54.035788,parallel_tiles_including_required_packing,INDEPENDENT_INT64_REFERENCE_EXACT_INT32,0,0,"0:cpu0:tiles1;1:cpu1:tiles1;2:cpu2:tiles1;3:cpu3:tiles1;4:cpu4:tiles1;5:cpu5:tiles1;6:cpu6:tiles1;7:cpu7:tiles1","NA",static,0,"NA","NA","/home/bananapi/MAT/kernels riscv rvv 1.0/FINAL/riscv-rvv-ime-gemm-microkernels-updated/HETEROGENEOUS_RVV_IME_OPENMP_GEMM/results/openmp_results_k1-rvv_1024_20260904_133315/raw_logs/GEMM_RVV_FP32_INT8_8x8_Baseline_RVV_IGEMM_INT8_I8I32_8x8_igemm_kernel_8x8_zvl256b_lmulmf4_unroll8_i8i32_run1.log",NA,NA,NA,NA,NA,NA,NA
k1_kernel_tuning,RVV,tile_N,128,2026-09-04T13:56:16,k1-rvv,"GEMM_RVV_FP32_INT8_8x8_Baseline","RVV_IGEMM_INT8_I8I32_8x8","igemm_kernel_8x8_zvl256b_lmulmf4_unroll8_i8i32",8x8,256b,mf4,8,INT8_RVV,0-7,8,8,1024,1024,1024,128,2,OK,0,NONE,0.039155751,GOPS,54.844654,parallel_tiles_including_required_packing,DISABLED,0,0,"0:cpu0:tiles1;1:cpu1:tiles1;2:cpu2:tiles1;3:cpu3:tiles1;4:cpu4:tiles1;5:cpu5:tiles1;6:cpu6:tiles1;7:cpu7:tiles1","NA",static,0,"NA","NA","/home/bananapi/MAT/kernels riscv rvv 1.0/FINAL/riscv-rvv-ime-gemm-microkernels-updated/HETEROGENEOUS_RVV_IME_OPENMP_GEMM/results/openmp_results_k1-rvv_1024_20260904_133315/raw_logs/GEMM_RVV_FP32_INT8_8x8_Baseline_RVV_IGEMM_INT8_I8I32_8x8_igemm_kernel_8x8_zvl256b_lmulmf4_unroll8_i8i32_run2.log",NA,NA,NA,NA,NA,NA,NA
k1_kernel_tuning,RVV,tile_N,128,2026-09-04T13:56:16,k1-rvv,"GEMM_RVV_FP32_INT8_8x8_Baseline","RVV_IGEMM_INT8_I8I32_8x8","igemm_kernel_8x8_zvl256b_lmulmf4_unroll8_i8i32",8x8,256b,mf4,8,INT8_RVV,0-7,8,8,1024,1024,1024,128,3,OK,0,NONE,0.040366083,GOPS,53.200198,parallel_tiles_including_required_packing,DISABLED,0,0,"0:cpu0:tiles1;1:cpu1:tiles1;2:cpu2:tiles1;3:cpu3:tiles1;4:cpu4:tiles1;5:cpu5:tiles1;6:cpu6:tiles1;7:cpu7:tiles1","NA",static,0,"NA","NA","/home/bananapi/MAT/kernels riscv rvv 1.0/FINAL/riscv-rvv-ime-gemm-microkernels-updated/HETEROGENEOUS_RVV_IME_OPENMP_GEMM/results/openmp_results_k1-rvv_1024_20260904_133315/raw_logs/GEMM_RVV_FP32_INT8_8x8_Baseline_RVV_IGEMM_INT8_I8I32_8x8_igemm_kernel_8x8_zvl256b_lmulmf4_unroll8_i8i32_run3.log",NA,NA,NA,NA,NA,NA,NA
k1_kernel_tuning,RVV,tile_N,128,2026-09-04T13:56:17,k1-rvv,"GEMM_RVV_FP32_INT8_8x8_Baseline","RVV_IGEMM_INT8_I8I32_8x8","igemm_kernel_8x8_zvl256b_lmulmf4_unroll8_i8i32",8x8,256b,mf4,8,INT8_RVV,0-7,8,8,1024,1024,1024,128,4,OK,0,NONE,0.038740210,GOPS,55.432937,parallel_tiles_including_required_packing,DISABLED,0,0,"0:cpu0:tiles1;1:cpu1:tiles1;2:cpu2:tiles1;3:cpu3:tiles1;4:cpu4:tiles1;5:cpu5:tiles1;6:cpu6:tiles1;7:cpu7:tiles1","NA",static,0,"NA","NA","/home/bananapi/MAT/kernels riscv rvv 1.0/FINAL/riscv-rvv-ime-gemm-microkernels-updated/HETEROGENEOUS_RVV_IME_OPENMP_GEMM/results/openmp_results_k1-rvv_1024_20260904_133315/raw_logs/GEMM_RVV_FP32_INT8_8x8_Baseline_RVV_IGEMM_INT8_I8I32_8x8_igemm_kernel_8x8_zvl256b_lmulmf4_unroll8_i8i32_run4.log",NA,NA,NA,NA,NA,NA,NA
k1_kernel_tuning,RVV,tile_N,128,2026-09-04T13:56:17,k1-rvv,"GEMM_RVV_FP32_INT8_8x8_Baseline","RVV_IGEMM_INT8_I8I32_8x8","igemm_kernel_8x8_zvl256b_lmulmf4_unroll8_i8i32",8x8,256b,mf4,8,INT8_RVV,0-7,8,8,1024,1024,1024,128,5,OK,0,NONE,0.042030748,GOPS,51.093158,parallel_tiles_including_required_packing,DISABLED,0,0,"0:cpu0:tiles1;1:cpu1:tiles1;2:cpu2:tiles1;3:cpu3:tiles1;4:cpu4:tiles1;5:cpu5:tiles1;6:cpu6:tiles1;7:cpu7:tiles1","NA",static,0,"NA","NA","/home/bananapi/MAT/kernels riscv rvv 1.0/FINAL/riscv-rvv-ime-gemm-microkernels-updated/HETEROGENEOUS_RVV_IME_OPENMP_GEMM/results/openmp_results_k1-rvv_1024_20260904_133315/raw_logs/GEMM_RVV_FP32_INT8_8x8_Baseline_RVV_IGEMM_INT8_I8I32_8x8_igemm_kernel_8x8_zvl256b_lmulmf4_unroll8_i8i32_run5.log",NA,NA,NA,NA,NA,NA,NA
k1_kernel_tuning,RVV,tile_N,128,2026-09-04T13:56:17,k1-rvv,"GEMM_RVV_FP32_INT8_8x8_Baseline","RVV_IGEMM_INT8_I8I32_8x8","igemm_kernel_8x8_zvl256b_lmulmf4_unroll8_i8i32",8x8,256b,mf4,8,INT8_RVV,0-7,8,8,1024,1024,1024,128,6,OK,0,NONE,0.039548334,GOPS,54.300231,parallel_tiles_including_required_packing,DISABLED,0,0,"0:cpu0:tiles1;1:cpu1:tiles1;2:cpu2:tiles1;3:cpu3:tiles1;4:cpu4:tiles1;5:cpu5:tiles1;6:cpu6:tiles1;7:cpu7:tiles1","NA",static,0,"NA","NA","/home/bananapi/MAT/kernels riscv rvv 1.0/FINAL/riscv-rvv-ime-gemm-microkernels-updated/HETEROGENEOUS_RVV_IME_OPENMP_GEMM/results/openmp_results_k1-rvv_1024_20260904_133315/raw_logs/GEMM_RVV_FP32_INT8_8x8_Baseline_RVV_IGEMM_INT8_I8I32_8x8_igemm_kernel_8x8_zvl256b_lmulmf4_unroll8_i8i32_run6.log",NA,NA,NA,NA,NA,NA,NA
k1_kernel_tuning,IME,tile_N,128,2026-09-04T13:57:22,k1-ime,"IME_NATIVE_KERNELS","IME_GEMM_INT8_I8I32_8x4_NATIVE","ime_kernel_8x4_zvl256b_lmul1_unroll1",8x4,256b,1,1,INT8_IME,0-3,4,4,1024,1024,1024,128,1,OK,0,NONE,0.081636999,GOPS,26.305274,parallel_tiles_including_required_packing,INDEPENDENT_INT64_REFERENCE_EXACT_INT32,0,0,"0:cpu0:tiles2;1:cpu1:tiles2;2:cpu2:tiles2;3:cpu3:tiles2","NA",static,0,"NA","NA","/home/bananapi/MAT/kernels riscv rvv 1.0/FINAL/riscv-rvv-ime-gemm-microkernels-updated/HETEROGENEOUS_RVV_IME_OPENMP_GEMM/results/openmp_results_k1-ime_1024_20260904_135625/raw_logs/IME_NATIVE_KERNELS_IME_GEMM_INT8_I8I32_8x4_NATIVE_ime_kernel_8x4_zvl256b_lmul1_unroll1_run1.log",NA,NA,NA,NA,NA,NA,NA
k1_kernel_tuning,IME,tile_N,128,2026-09-04T13:57:23,k1-ime,"IME_NATIVE_KERNELS","IME_GEMM_INT8_I8I32_8x4_NATIVE","ime_kernel_8x4_zvl256b_lmul1_unroll1",8x4,256b,1,1,INT8_IME,0-3,4,4,1024,1024,1024,128,2,OK,0,NONE,0.077852875,GOPS,27.583871,parallel_tiles_including_required_packing,DISABLED,0,0,"0:cpu0:tiles2;1:cpu1:tiles2;2:cpu2:tiles2;3:cpu3:tiles2","NA",static,0,"NA","NA","/home/bananapi/MAT/kernels riscv rvv 1.0/FINAL/riscv-rvv-ime-gemm-microkernels-updated/HETEROGENEOUS_RVV_IME_OPENMP_GEMM/results/openmp_results_k1-ime_1024_20260904_135625/raw_logs/IME_NATIVE_KERNELS_IME_GEMM_INT8_I8I32_8x4_NATIVE_ime_kernel_8x4_zvl256b_lmul1_unroll1_run2.log",NA,NA,NA,NA,NA,NA,NA
k1_kernel_tuning,IME,tile_N,128,2026-09-04T13:57:23,k1-ime,"IME_NATIVE_KERNELS","IME_GEMM_INT8_I8I32_8x4_NATIVE","ime_kernel_8x4_zvl256b_lmul1_unroll1",8x4,256b,1,1,INT8_IME,0-3,4,4,1024,1024,1024,128,3,OK,0,NONE,0.078874417,GOPS,27.226618,parallel_tiles_including_required_packing,DISABLED,0,0,"0:cpu0:tiles2;1:cpu1:tiles2;2:cpu2:tiles2;3:cpu3:tiles2","NA",static,0,"NA","NA","/home/bananapi/MAT/kernels riscv rvv 1.0/FINAL/riscv-rvv-ime-gemm-microkernels-updated/HETEROGENEOUS_RVV_IME_OPENMP_GEMM/results/openmp_results_k1-ime_1024_20260904_135625/raw_logs/IME_NATIVE_KERNELS_IME_GEMM_INT8_I8I32_8x4_NATIVE_ime_kernel_8x4_zvl256b_lmul1_unroll1_run3.log",NA,NA,NA,NA,NA,NA,NA
k1_kernel_tuning,IME,tile_N,128,2026-09-04T13:57:24,k1-ime,"IME_NATIVE_KERNELS","IME_GEMM_INT8_I8I32_8x4_NATIVE","ime_kernel_8x4_zvl256b_lmul1_unroll1",8x4,256b,1,1,INT8_IME,0-3,4,4,1024,1024,1024,128,4,OK,0,NONE,0.076597460,GOPS,28.035964,parallel_tiles_including_required_packing,DISABLED,0,0,"0:cpu0:tiles2;1:cpu1:tiles2;2:cpu2:tiles2;3:cpu3:tiles2","NA",static,0,"NA","NA","/home/bananapi/MAT/kernels riscv rvv 1.0/FINAL/riscv-rvv-ime-gemm-microkernels-updated/HETEROGENEOUS_RVV_IME_OPENMP_GEMM/results/openmp_results_k1-ime_1024_20260904_135625/raw_logs/IME_NATIVE_KERNELS_IME_GEMM_INT8_I8I32_8x4_NATIVE_ime_kernel_8x4_zvl256b_lmul1_unroll1_run4.log",NA,NA,NA,NA,NA,NA,NA
k1_kernel_tuning,IME,tile_N,128,2026-09-04T13:57:24,k1-ime,"IME_NATIVE_KERNELS","IME_GEMM_INT8_I8I32_8x4_NATIVE","ime_kernel_8x4_zvl256b_lmul1_unroll1",8x4,256b,1,1,INT8_IME,0-3,4,4,1024,1024,1024,128,5,OK,0,NONE,0.078424711,GOPS,27.382742,parallel_tiles_including_required_packing,DISABLED,0,0,"0:cpu0:tiles2;1:cpu1:tiles2;2:cpu2:tiles2;3:cpu3:tiles2","NA",static,0,"NA","NA","/home/bananapi/MAT/kernels riscv rvv 1.0/FINAL/riscv-rvv-ime-gemm-microkernels-updated/HETEROGENEOUS_RVV_IME_OPENMP_GEMM/results/openmp_results_k1-ime_1024_20260904_135625/raw_logs/IME_NATIVE_KERNELS_IME_GEMM_INT8_I8I32_8x4_NATIVE_ime_kernel_8x4_zvl256b_lmul1_unroll1_run5.log",NA,NA,NA,NA,NA,NA,NA
k1_kernel_tuning,IME,tile_N,128,2026-09-04T13:57:24,k1-ime,"IME_NATIVE_KERNELS","IME_GEMM_INT8_I8I32_8x4_NATIVE","ime_kernel_8x4_zvl256b_lmul1_unroll1",8x4,256b,1,1,INT8_IME,0-3,4,4,1024,1024,1024,128,6,OK,0,NONE,0.082611252,GOPS,25.995050,parallel_tiles_including_required_packing,DISABLED,0,0,"0:cpu0:tiles2;1:cpu1:tiles2;2:cpu2:tiles2;3:cpu3:tiles2","NA",static,0,"NA","NA","/home/bananapi/MAT/kernels riscv rvv 1.0/FINAL/riscv-rvv-ime-gemm-microkernels-updated/HETEROGENEOUS_RVV_IME_OPENMP_GEMM/results/openmp_results_k1-ime_1024_20260904_135625/raw_logs/IME_NATIVE_KERNELS_IME_GEMM_INT8_I8I32_8x4_NATIVE_ime_kernel_8x4_zvl256b_lmul1_unroll1_run6.log",NA,NA,NA,NA,NA,NA,NA
k1_kernel_tuning,IME,tile_N,128,2026-09-04T13:58:04,k1-ime,"IME_NATIVE_KERNELS","IME_GEMM_INT8_I8I32_8x4_NATIVE","ime_kernel_8x4_zvl256b_lmul1_unroll2",8x4,256b,1,2,INT8_IME,0-3,4,4,1024,1024,1024,128,1,OK,0,NONE,0.078343581,GOPS,27.411099,parallel_tiles_including_required_packing,INDEPENDENT_INT64_REFERENCE_EXACT_INT32,0,0,"0:cpu0:tiles2;1:cpu1:tiles2;2:cpu2:tiles2;3:cpu3:tiles2","NA",static,0,"NA","NA","/home/bananapi/MAT/kernels riscv rvv 1.0/FINAL/riscv-rvv-ime-gemm-microkernels-updated/HETEROGENEOUS_RVV_IME_OPENMP_GEMM/results/openmp_results_k1-ime_1024_20260904_135625/raw_logs/IME_NATIVE_KERNELS_IME_GEMM_INT8_I8I32_8x4_NATIVE_ime_kernel_8x4_zvl256b_lmul1_unroll2_run1.log",NA,NA,NA,NA,NA,NA,NA
k1_kernel_tuning,IME,tile_N,128,2026-09-04T13:58:04,k1-ime,"IME_NATIVE_KERNELS","IME_GEMM_INT8_I8I32_8x4_NATIVE","ime_kernel_8x4_zvl256b_lmul1_unroll2",8x4,256b,1,2,INT8_IME,0-3,4,4,1024,1024,1024,128,2,OK,0,NONE,0.083539836,GOPS,25.706103,parallel_tiles_including_required_packing,DISABLED,0,0,"0:cpu0:tiles2;1:cpu1:tiles2;2:cpu2:tiles2;3:cpu3:tiles2","NA",static,0,"NA","NA","/home/bananapi/MAT/kernels riscv rvv 1.0/FINAL/riscv-rvv-ime-gemm-microkernels-updated/HETEROGENEOUS_RVV_IME_OPENMP_GEMM/results/openmp_results_k1-ime_1024_20260904_135625/raw_logs/IME_NATIVE_KERNELS_IME_GEMM_INT8_I8I32_8x4_NATIVE_ime_kernel_8x4_zvl256b_lmul1_unroll2_run2.log",NA,NA,NA,NA,NA,NA,NA
k1_kernel_tuning,IME,tile_N,128,2026-09-04T13:58:05,k1-ime,"IME_NATIVE_KERNELS","IME_GEMM_INT8_I8I32_8x4_NATIVE","ime_kernel_8x4_zvl256b_lmul1_unroll2",8x4,256b,1,2,INT8_IME,0-3,4,4,1024,1024,1024,128,3,OK,0,NONE,0.074751291,GOPS,28.728382,parallel_tiles_including_required_packing,DISABLED,0,0,"0:cpu0:tiles2;1:cpu1:tiles2;2:cpu2:tiles2;3:cpu3:tiles2","NA",static,0,"NA","NA","/home/bananapi/MAT/kernels riscv rvv 1.0/FINAL/riscv-rvv-ime-gemm-microkernels-updated/HETEROGENEOUS_RVV_IME_OPENMP_GEMM/results/openmp_results_k1-ime_1024_20260904_135625/raw_logs/IME_NATIVE_KERNELS_IME_GEMM_INT8_I8I32_8x4_NATIVE_ime_kernel_8x4_zvl256b_lmul1_unroll2_run3.log",NA,NA,NA,NA,NA,NA,NA
k1_kernel_tuning,IME,tile_N,128,2026-09-04T13:58:05,k1-ime,"IME_NATIVE_KERNELS","IME_GEMM_INT8_I8I32_8x4_NATIVE","ime_kernel_8x4_zvl256b_lmul1_unroll2",8x4,256b,1,2,INT8_IME,0-3,4,4,1024,1024,1024,128,4,OK,0,NONE,0.078670125,GOPS,27.297321,parallel_tiles_including_required_packing,DISABLED,0,0,"0:cpu0:tiles2;1:cpu1:tiles2;2:cpu2:tiles2;3:cpu3:tiles2","NA",static,0,"NA","NA","/home/bananapi/MAT/kernels riscv rvv 1.0/FINAL/riscv-rvv-ime-gemm-microkernels-updated/HETEROGENEOUS_RVV_IME_OPENMP_GEMM/results/openmp_results_k1-ime_1024_20260904_135625/raw_logs/IME_NATIVE_KERNELS_IME_GEMM_INT8_I8I32_8x4_NATIVE_ime_kernel_8x4_zvl256b_lmul1_unroll2_run4.log",NA,NA,NA,NA,NA,NA,NA
k1_kernel_tuning,IME,tile_N,128,2026-09-04T13:58:06,k1-ime,"IME_NATIVE_KERNELS","IME_GEMM_INT8_I8I32_8x4_NATIVE","ime_kernel_8x4_zvl256b_lmul1_unroll2",8x4,256b,1,2,INT8_IME,0-3,4,4,1024,1024,1024,128,5,OK,0,NONE,0.077089045,GOPS,27.857183,parallel_tiles_including_required_packing,DISABLED,0,0,"0:cpu0:tiles2;1:cpu1:tiles2;2:cpu2:tiles2;3:cpu3:tiles2","NA",static,0,"NA","NA","/home/bananapi/MAT/kernels riscv rvv 1.0/FINAL/riscv-rvv-ime-gemm-microkernels-updated/HETEROGENEOUS_RVV_IME_OPENMP_GEMM/results/openmp_results_k1-ime_1024_20260904_135625/raw_logs/IME_NATIVE_KERNELS_IME_GEMM_INT8_I8I32_8x4_NATIVE_ime_kernel_8x4_zvl256b_lmul1_unroll2_run5.log",NA,NA,NA,NA,NA,NA,NA
k1_kernel_tuning,IME,tile_N,128,2026-09-04T13:58:06,k1-ime,"IME_NATIVE_KERNELS","IME_GEMM_INT8_I8I32_8x4_NATIVE","ime_kernel_8x4_zvl256b_lmul1_unroll2",8x4,256b,1,2,INT8_IME,0-3,4,4,1024,1024,1024,128,6,OK,0,NONE,0.078310583,GOPS,27.422649,parallel_tiles_including_required_packing,DISABLED,0,0,"0:cpu0:tiles2;1:cpu1:tiles2;2:cpu2:tiles2;3:cpu3:tiles2","NA",static,0,"NA","NA","/home/bananapi/MAT/kernels riscv rvv 1.0/FINAL/riscv-rvv-ime-gemm-microkernels-updated/HETEROGENEOUS_RVV_IME_OPENMP_GEMM/results/openmp_results_k1-ime_1024_20260904_135625/raw_logs/IME_NATIVE_KERNELS_IME_GEMM_INT8_I8I32_8x4_NATIVE_ime_kernel_8x4_zvl256b_lmul1_unroll2_run6.log",NA,NA,NA,NA,NA,NA,NA
k1_kernel_tuning,IME,tile_N,128,2026-09-04T13:59:00,k1-ime,"IME_NATIVE_KERNELS","IME_GEMM_INT8_I8I32_8x4_NATIVE","ime_kernel_8x4_zvl256b_lmul1_unroll4",8x4,256b,1,4,INT8_IME,0-3,4,4,1024,1024,1024,128,1,OK,0,NONE,0.070591792,GOPS,30.421152,parallel_tiles_including_required_packing,INDEPENDENT_INT64_REFERENCE_EXACT_INT32,0,0,"0:cpu0:tiles2;1:cpu1:tiles2;2:cpu2:tiles2;3:cpu3:tiles2","NA",static,0,"NA","NA","/home/bananapi/MAT/kernels riscv rvv 1.0/FINAL/riscv-rvv-ime-gemm-microkernels-updated/HETEROGENEOUS_RVV_IME_OPENMP_GEMM/results/openmp_results_k1-ime_1024_20260904_135625/raw_logs/IME_NATIVE_KERNELS_IME_GEMM_INT8_I8I32_8x4_NATIVE_ime_kernel_8x4_zvl256b_lmul1_unroll4_run1.log",NA,NA,NA,NA,NA,NA,NA
k1_kernel_tuning,IME,tile_N,128,2026-09-04T13:59:01,k1-ime,"IME_NATIVE_KERNELS","IME_GEMM_INT8_I8I32_8x4_NATIVE","ime_kernel_8x4_zvl256b_lmul1_unroll4",8x4,256b,1,4,INT8_IME,0-3,4,4,1024,1024,1024,128,2,OK,0,NONE,0.075623792,GOPS,28.396932,parallel_tiles_including_required_packing,DISABLED,0,0,"0:cpu0:tiles2;1:cpu1:tiles2;2:cpu2:tiles2;3:cpu3:tiles2","NA",static,0,"NA","NA","/home/bananapi/MAT/kernels riscv rvv 1.0/FINAL/riscv-rvv-ime-gemm-microkernels-updated/HETEROGENEOUS_RVV_IME_OPENMP_GEMM/results/openmp_results_k1-ime_1024_20260904_135625/raw_logs/IME_NATIVE_KERNELS_IME_GEMM_INT8_I8I32_8x4_NATIVE_ime_kernel_8x4_zvl256b_lmul1_unroll4_run2.log",NA,NA,NA,NA,NA,NA,NA
k1_kernel_tuning,IME,tile_N,128,2026-09-04T13:59:01,k1-ime,"IME_NATIVE_KERNELS","IME_GEMM_INT8_I8I32_8x4_NATIVE","ime_kernel_8x4_zvl256b_lmul1_unroll4",8x4,256b,1,4,INT8_IME,0-3,4,4,1024,1024,1024,128,3,OK,0,NONE,0.077131376,GOPS,27.841895,parallel_tiles_including_required_packing,DISABLED,0,0,"0:cpu0:tiles2;1:cpu1:tiles2;2:cpu2:tiles2;3:cpu3:tiles2","NA",static,0,"NA","NA","/home/bananapi/MAT/kernels riscv rvv 1.0/FINAL/riscv-rvv-ime-gemm-microkernels-updated/HETEROGENEOUS_RVV_IME_OPENMP_GEMM/results/openmp_results_k1-ime_1024_20260904_135625/raw_logs/IME_NATIVE_KERNELS_IME_GEMM_INT8_I8I32_8x4_NATIVE_ime_kernel_8x4_zvl256b_lmul1_unroll4_run3.log",NA,NA,NA,NA,NA,NA,NA
k1_kernel_tuning,IME,tile_N,128,2026-09-04T13:59:01,k1-ime,"IME_NATIVE_KERNELS","IME_GEMM_INT8_I8I32_8x4_NATIVE","ime_kernel_8x4_zvl256b_lmul1_unroll4",8x4,256b,1,4,INT8_IME,0-3,4,4,1024,1024,1024,128,4,OK,0,NONE,0.080970209,GOPS,26.521898,parallel_tiles_including_required_packing,DISABLED,0,0,"0:cpu0:tiles2;1:cpu1:tiles2;2:cpu2:tiles2;3:cpu3:tiles2","NA",static,0,"NA","NA","/home/bananapi/MAT/kernels riscv rvv 1.0/FINAL/riscv-rvv-ime-gemm-microkernels-updated/HETEROGENEOUS_RVV_IME_OPENMP_GEMM/results/openmp_results_k1-ime_1024_20260904_135625/raw_logs/IME_NATIVE_KERNELS_IME_GEMM_INT8_I8I32_8x4_NATIVE_ime_kernel_8x4_zvl256b_lmul1_unroll4_run4.log",NA,NA,NA,NA,NA,NA,NA
k1_kernel_tuning,IME,tile_N,128,2026-09-04T13:59:02,k1-ime,"IME_NATIVE_KERNELS","IME_GEMM_INT8_I8I32_8x4_NATIVE","ime_kernel_8x4_zvl256b_lmul1_unroll4",8x4,256b,1,4,INT8_IME,0-3,4,4,1024,1024,1024,128,5,OK,0,NONE,0.076518625,GOPS,28.064849,parallel_tiles_including_required_packing,DISABLED,0,0,"0:cpu0:tiles2;1:cpu1:tiles2;2:cpu2:tiles2;3:cpu3:tiles2","NA",static,0,"NA","NA","/home/bananapi/MAT/kernels riscv rvv 1.0/FINAL/riscv-rvv-ime-gemm-microkernels-updated/HETEROGENEOUS_RVV_IME_OPENMP_GEMM/results/openmp_results_k1-ime_1024_20260904_135625/raw_logs/IME_NATIVE_KERNELS_IME_GEMM_INT8_I8I32_8x4_NATIVE_ime_kernel_8x4_zvl256b_lmul1_unroll4_run5.log",NA,NA,NA,NA,NA,NA,NA
k1_kernel_tuning,IME,tile_N,128,2026-09-04T13:59:02,k1-ime,"IME_NATIVE_KERNELS","IME_GEMM_INT8_I8I32_8x4_NATIVE","ime_kernel_8x4_zvl256b_lmul1_unroll4",8x4,256b,1,4,INT8_IME,0-3,4,4,1024,1024,1024,128,6,OK,0,NONE,0.083693415,GOPS,25.658932,parallel_tiles_including_required_packing,DISABLED,0,0,"0:cpu0:tiles2;1:cpu1:tiles2;2:cpu2:tiles2;3:cpu3:tiles2","NA",static,0,"NA","NA","/home/bananapi/MAT/kernels riscv rvv 1.0/FINAL/riscv-rvv-ime-gemm-microkernels-updated/HETEROGENEOUS_RVV_IME_OPENMP_GEMM/results/openmp_results_k1-ime_1024_20260904_135625/raw_logs/IME_NATIVE_KERNELS_IME_GEMM_INT8_I8I32_8x4_NATIVE_ime_kernel_8x4_zvl256b_lmul1_unroll4_run6.log",NA,NA,NA,NA,NA,NA,NA
k1_kernel_tuning,IME,tile_N,128,2026-09-04T13:59:57,k1-ime,"IME_NATIVE_KERNELS","IME_GEMM_INT8_I8I32_8x4_NATIVE","ime_kernel_8x4_zvl256b_lmul1_unroll8",8x4,256b,1,8,INT8_IME,0-3,4,4,1024,1024,1024,128,1,OK,0,NONE,0.077730250,GOPS,27.627386,parallel_tiles_including_required_packing,INDEPENDENT_INT64_REFERENCE_EXACT_INT32,0,0,"0:cpu0:tiles2;1:cpu1:tiles2;2:cpu2:tiles2;3:cpu3:tiles2","NA",static,0,"NA","NA","/home/bananapi/MAT/kernels riscv rvv 1.0/FINAL/riscv-rvv-ime-gemm-microkernels-updated/HETEROGENEOUS_RVV_IME_OPENMP_GEMM/results/openmp_results_k1-ime_1024_20260904_135625/raw_logs/IME_NATIVE_KERNELS_IME_GEMM_INT8_I8I32_8x4_NATIVE_ime_kernel_8x4_zvl256b_lmul1_unroll8_run1.log",NA,NA,NA,NA,NA,NA,NA
k1_kernel_tuning,IME,tile_N,128,2026-09-04T13:59:57,k1-ime,"IME_NATIVE_KERNELS","IME_GEMM_INT8_I8I32_8x4_NATIVE","ime_kernel_8x4_zvl256b_lmul1_unroll8",8x4,256b,1,8,INT8_IME,0-3,4,4,1024,1024,1024,128,2,OK,0,NONE,0.082993917,GOPS,25.875193,parallel_tiles_including_required_packing,DISABLED,0,0,"0:cpu0:tiles2;1:cpu1:tiles2;2:cpu2:tiles2;3:cpu3:tiles2","NA",static,0,"NA","NA","/home/bananapi/MAT/kernels riscv rvv 1.0/FINAL/riscv-rvv-ime-gemm-microkernels-updated/HETEROGENEOUS_RVV_IME_OPENMP_GEMM/results/openmp_results_k1-ime_1024_20260904_135625/raw_logs/IME_NATIVE_KERNELS_IME_GEMM_INT8_I8I32_8x4_NATIVE_ime_kernel_8x4_zvl256b_lmul1_unroll8_run2.log",NA,NA,NA,NA,NA,NA,NA
k1_kernel_tuning,IME,tile_N,128,2026-09-04T13:59:58,k1-ime,"IME_NATIVE_KERNELS","IME_GEMM_INT8_I8I32_8x4_NATIVE","ime_kernel_8x4_zvl256b_lmul1_unroll8",8x4,256b,1,8,INT8_IME,0-3,4,4,1024,1024,1024,128,3,OK,0,NONE,0.073512752,GOPS,29.212397,parallel_tiles_including_required_packing,DISABLED,0,0,"0:cpu0:tiles2;1:cpu1:tiles2;2:cpu2:tiles2;3:cpu3:tiles2","NA",static,0,"NA","NA","/home/bananapi/MAT/kernels riscv rvv 1.0/FINAL/riscv-rvv-ime-gemm-microkernels-updated/HETEROGENEOUS_RVV_IME_OPENMP_GEMM/results/openmp_results_k1-ime_1024_20260904_135625/raw_logs/IME_NATIVE_KERNELS_IME_GEMM_INT8_I8I32_8x4_NATIVE_ime_kernel_8x4_zvl256b_lmul1_unroll8_run3.log",NA,NA,NA,NA,NA,NA,NA
k1_kernel_tuning,IME,tile_N,128,2026-09-04T13:59:58,k1-ime,"IME_NATIVE_KERNELS","IME_GEMM_INT8_I8I32_8x4_NATIVE","ime_kernel_8x4_zvl256b_lmul1_unroll8",8x4,256b,1,8,INT8_IME,0-3,4,4,1024,1024,1024,128,4,OK,0,NONE,0.073596876,GOPS,29.179005,parallel_tiles_including_required_packing,DISABLED,0,0,"0:cpu0:tiles2;1:cpu1:tiles2;2:cpu2:tiles2;3:cpu3:tiles2","NA",static,0,"NA","NA","/home/bananapi/MAT/kernels riscv rvv 1.0/FINAL/riscv-rvv-ime-gemm-microkernels-updated/HETEROGENEOUS_RVV_IME_OPENMP_GEMM/results/openmp_results_k1-ime_1024_20260904_135625/raw_logs/IME_NATIVE_KERNELS_IME_GEMM_INT8_I8I32_8x4_NATIVE_ime_kernel_8x4_zvl256b_lmul1_unroll8_run4.log",NA,NA,NA,NA,NA,NA,NA
k1_kernel_tuning,IME,tile_N,128,2026-09-04T13:59:59,k1-ime,"IME_NATIVE_KERNELS","IME_GEMM_INT8_I8I32_8x4_NATIVE","ime_kernel_8x4_zvl256b_lmul1_unroll8",8x4,256b,1,8,INT8_IME,0-3,4,4,1024,1024,1024,128,5,OK,0,NONE,0.078272123,GOPS,27.436124,parallel_tiles_including_required_packing,DISABLED,0,0,"0:cpu0:tiles2;1:cpu1:tiles2;2:cpu2:tiles2;3:cpu3:tiles2","NA",static,0,"NA","NA","/home/bananapi/MAT/kernels riscv rvv 1.0/FINAL/riscv-rvv-ime-gemm-microkernels-updated/HETEROGENEOUS_RVV_IME_OPENMP_GEMM/results/openmp_results_k1-ime_1024_20260904_135625/raw_logs/IME_NATIVE_KERNELS_IME_GEMM_INT8_I8I32_8x4_NATIVE_ime_kernel_8x4_zvl256b_lmul1_unroll8_run5.log",NA,NA,NA,NA,NA,NA,NA
k1_kernel_tuning,IME,tile_N,128,2026-09-04T13:59:59,k1-ime,"IME_NATIVE_KERNELS","IME_GEMM_INT8_I8I32_8x4_NATIVE","ime_kernel_8x4_zvl256b_lmul1_unroll8",8x4,256b,1,8,INT8_IME,0-3,4,4,1024,1024,1024,128,6,OK,0,NONE,0.081083294,GOPS,26.484909,parallel_tiles_including_required_packing,DISABLED,0,0,"0:cpu0:tiles2;1:cpu1:tiles2;2:cpu2:tiles2;3:cpu3:tiles2","NA",static,0,"NA","NA","/home/bananapi/MAT/kernels riscv rvv 1.0/FINAL/riscv-rvv-ime-gemm-microkernels-updated/HETEROGENEOUS_RVV_IME_OPENMP_GEMM/results/openmp_results_k1-ime_1024_20260904_135625/raw_logs/IME_NATIVE_KERNELS_IME_GEMM_INT8_I8I32_8x4_NATIVE_ime_kernel_8x4_zvl256b_lmul1_unroll8_run6.log",NA,NA,NA,NA,NA,NA,NA
k1_kernel_tuning,IME,tile_N,128,2026-09-04T14:00:53,k1-ime,"IME_NATIVE_KERNELS","IME_GEMM_INT8_I8I32_8x8_NATIVE","ime_kernel_8x8_zvl256b_lmul1_unroll1",8x8,256b,1,1,INT8_IME,0-3,4,4,1024,1024,1024,128,1,OK,0,NONE,0.051257793,GOPS,41.895749,parallel_tiles_including_required_packing,INDEPENDENT_INT64_REFERENCE_EXACT_INT32,0,0,"0:cpu0:tiles2;1:cpu1:tiles2;2:cpu2:tiles2;3:cpu3:tiles2","NA",static,0,"NA","NA","/home/bananapi/MAT/kernels riscv rvv 1.0/FINAL/riscv-rvv-ime-gemm-microkernels-updated/HETEROGENEOUS_RVV_IME_OPENMP_GEMM/results/openmp_results_k1-ime_1024_20260904_135625/raw_logs/IME_NATIVE_KERNELS_IME_GEMM_INT8_I8I32_8x8_NATIVE_ime_kernel_8x8_zvl256b_lmul1_unroll1_run1.log",NA,NA,NA,NA,NA,NA,NA
k1_kernel_tuning,IME,tile_N,128,2026-09-04T14:00:53,k1-ime,"IME_NATIVE_KERNELS","IME_GEMM_INT8_I8I32_8x8_NATIVE","ime_kernel_8x8_zvl256b_lmul1_unroll1",8x8,256b,1,1,INT8_IME,0-3,4,4,1024,1024,1024,128,2,OK,0,NONE,0.053582877,GOPS,40.077797,parallel_tiles_including_required_packing,DISABLED,0,0,"0:cpu0:tiles2;1:cpu1:tiles2;2:cpu2:tiles2;3:cpu3:tiles2","NA",static,0,"NA","NA","/home/bananapi/MAT/kernels riscv rvv 1.0/FINAL/riscv-rvv-ime-gemm-microkernels-updated/HETEROGENEOUS_RVV_IME_OPENMP_GEMM/results/openmp_results_k1-ime_1024_20260904_135625/raw_logs/IME_NATIVE_KERNELS_IME_GEMM_INT8_I8I32_8x8_NATIVE_ime_kernel_8x8_zvl256b_lmul1_unroll1_run2.log",NA,NA,NA,NA,NA,NA,NA
k1_kernel_tuning,IME,tile_N,128,2026-09-04T14:00:53,k1-ime,"IME_NATIVE_KERNELS","IME_GEMM_INT8_I8I32_8x8_NATIVE","ime_kernel_8x8_zvl256b_lmul1_unroll1",8x8,256b,1,1,INT8_IME,0-3,4,4,1024,1024,1024,128,3,OK,0,NONE,0.049141668,GOPS,43.699853,parallel_tiles_including_required_packing,DISABLED,0,0,"0:cpu0:tiles2;1:cpu1:tiles2;2:cpu2:tiles2;3:cpu3:tiles2","NA",static,0,"NA","NA","/home/bananapi/MAT/kernels riscv rvv 1.0/FINAL/riscv-rvv-ime-gemm-microkernels-updated/HETEROGENEOUS_RVV_IME_OPENMP_GEMM/results/openmp_results_k1-ime_1024_20260904_135625/raw_logs/IME_NATIVE_KERNELS_IME_GEMM_INT8_I8I32_8x8_NATIVE_ime_kernel_8x8_zvl256b_lmul1_unroll1_run3.log",NA,NA,NA,NA,NA,NA,NA
k1_kernel_tuning,IME,tile_N,128,2026-09-04T14:00:54,k1-ime,"IME_NATIVE_KERNELS","IME_GEMM_INT8_I8I32_8x8_NATIVE","ime_kernel_8x8_zvl256b_lmul1_unroll1",8x8,256b,1,1,INT8_IME,0-3,4,4,1024,1024,1024,128,4,OK,0,NONE,0.052356251,GOPS,41.016758,parallel_tiles_including_required_packing,DISABLED,0,0,"0:cpu0:tiles2;1:cpu1:tiles2;2:cpu2:tiles2;3:cpu3:tiles2","NA",static,0,"NA","NA","/home/bananapi/MAT/kernels riscv rvv 1.0/FINAL/riscv-rvv-ime-gemm-microkernels-updated/HETEROGENEOUS_RVV_IME_OPENMP_GEMM/results/openmp_results_k1-ime_1024_20260904_135625/raw_logs/IME_NATIVE_KERNELS_IME_GEMM_INT8_I8I32_8x8_NATIVE_ime_kernel_8x8_zvl256b_lmul1_unroll1_run4.log",NA,NA,NA,NA,NA,NA,NA
k1_kernel_tuning,IME,tile_N,128,2026-09-04T14:00:54,k1-ime,"IME_NATIVE_KERNELS","IME_GEMM_INT8_I8I32_8x8_NATIVE","ime_kernel_8x8_zvl256b_lmul1_unroll1",8x8,256b,1,1,INT8_IME,0-3,4,4,1024,1024,1024,128,5,OK,0,NONE,0.049436625,GOPS,43.439123,parallel_tiles_including_required_packing,DISABLED,0,0,"0:cpu0:tiles2;1:cpu1:tiles2;2:cpu2:tiles2;3:cpu3:tiles2","NA",static,0,"NA","NA","/home/bananapi/MAT/kernels riscv rvv 1.0/FINAL/riscv-rvv-ime-gemm-microkernels-updated/HETEROGENEOUS_RVV_IME_OPENMP_GEMM/results/openmp_results_k1-ime_1024_20260904_135625/raw_logs/IME_NATIVE_KERNELS_IME_GEMM_INT8_I8I32_8x8_NATIVE_ime_kernel_8x8_zvl256b_lmul1_unroll1_run5.log",NA,NA,NA,NA,NA,NA,NA
k1_kernel_tuning,IME,tile_N,128,2026-09-04T14:00:55,k1-ime,"IME_NATIVE_KERNELS","IME_GEMM_INT8_I8I32_8x8_NATIVE","ime_kernel_8x8_zvl256b_lmul1_unroll1",8x8,256b,1,1,INT8_IME,0-3,4,4,1024,1024,1024,128,6,OK,0,NONE,0.049675126,GOPS,43.230563,parallel_tiles_including_required_packing,DISABLED,0,0,"0:cpu0:tiles2;1:cpu1:tiles2;2:cpu2:tiles2;3:cpu3:tiles2","NA",static,0,"NA","NA","/home/bananapi/MAT/kernels riscv rvv 1.0/FINAL/riscv-rvv-ime-gemm-microkernels-updated/HETEROGENEOUS_RVV_IME_OPENMP_GEMM/results/openmp_results_k1-ime_1024_20260904_135625/raw_logs/IME_NATIVE_KERNELS_IME_GEMM_INT8_I8I32_8x8_NATIVE_ime_kernel_8x8_zvl256b_lmul1_unroll1_run6.log",NA,NA,NA,NA,NA,NA,NA
k1_kernel_tuning,IME,tile_N,128,2026-09-04T14:01:49,k1-ime,"IME_NATIVE_KERNELS","IME_GEMM_INT8_I8I32_8x8_NATIVE","ime_kernel_8x8_zvl256b_lmul1_unroll2",8x8,256b,1,2,INT8_IME,0-3,4,4,1024,1024,1024,128,1,OK,0,NONE,0.049429543,GOPS,43.445347,parallel_tiles_including_required_packing,INDEPENDENT_INT64_REFERENCE_EXACT_INT32,0,0,"0:cpu0:tiles2;1:cpu1:tiles2;2:cpu2:tiles2;3:cpu3:tiles2","NA",static,0,"NA","NA","/home/bananapi/MAT/kernels riscv rvv 1.0/FINAL/riscv-rvv-ime-gemm-microkernels-updated/HETEROGENEOUS_RVV_IME_OPENMP_GEMM/results/openmp_results_k1-ime_1024_20260904_135625/raw_logs/IME_NATIVE_KERNELS_IME_GEMM_INT8_I8I32_8x8_NATIVE_ime_kernel_8x8_zvl256b_lmul1_unroll2_run1.log",NA,NA,NA,NA,NA,NA,NA
k1_kernel_tuning,IME,tile_N,128,2026-09-04T14:01:49,k1-ime,"IME_NATIVE_KERNELS","IME_GEMM_INT8_I8I32_8x8_NATIVE","ime_kernel_8x8_zvl256b_lmul1_unroll2",8x8,256b,1,2,INT8_IME,0-3,4,4,1024,1024,1024,128,2,OK,0,NONE,0.053339750,GOPS,40.260475,parallel_tiles_including_required_packing,DISABLED,0,0,"0:cpu0:tiles2;1:cpu1:tiles2;2:cpu2:tiles2;3:cpu3:tiles2","NA",static,0,"NA","NA","/home/bananapi/MAT/kernels riscv rvv 1.0/FINAL/riscv-rvv-ime-gemm-microkernels-updated/HETEROGENEOUS_RVV_IME_OPENMP_GEMM/results/openmp_results_k1-ime_1024_20260904_135625/raw_logs/IME_NATIVE_KERNELS_IME_GEMM_INT8_I8I32_8x8_NATIVE_ime_kernel_8x8_zvl256b_lmul1_unroll2_run2.log",NA,NA,NA,NA,NA,NA,NA
k1_kernel_tuning,IME,tile_N,128,2026-09-04T14:01:50,k1-ime,"IME_NATIVE_KERNELS","IME_GEMM_INT8_I8I32_8x8_NATIVE","ime_kernel_8x8_zvl256b_lmul1_unroll2",8x8,256b,1,2,INT8_IME,0-3,4,4,1024,1024,1024,128,3,OK,0,NONE,0.048880916,GOPS,43.932966,parallel_tiles_including_required_packing,DISABLED,0,0,"0:cpu0:tiles2;1:cpu1:tiles2;2:cpu2:tiles2;3:cpu3:tiles2","NA",static,0,"NA","NA","/home/bananapi/MAT/kernels riscv rvv 1.0/FINAL/riscv-rvv-ime-gemm-microkernels-updated/HETEROGENEOUS_RVV_IME_OPENMP_GEMM/results/openmp_results_k1-ime_1024_20260904_135625/raw_logs/IME_NATIVE_KERNELS_IME_GEMM_INT8_I8I32_8x8_NATIVE_ime_kernel_8x8_zvl256b_lmul1_unroll2_run3.log",NA,NA,NA,NA,NA,NA,NA
k1_kernel_tuning,IME,tile_N,128,2026-09-04T14:01:50,k1-ime,"IME_NATIVE_KERNELS","IME_GEMM_INT8_I8I32_8x8_NATIVE","ime_kernel_8x8_zvl256b_lmul1_unroll2",8x8,256b,1,2,INT8_IME,0-3,4,4,1024,1024,1024,128,4,OK,0,NONE,0.054153293,GOPS,39.655643,parallel_tiles_including_required_packing,DISABLED,0,0,"0:cpu0:tiles2;1:cpu1:tiles2;2:cpu2:tiles2;3:cpu3:tiles2","NA",static,0,"NA","NA","/home/bananapi/MAT/kernels riscv rvv 1.0/FINAL/riscv-rvv-ime-gemm-microkernels-updated/HETEROGENEOUS_RVV_IME_OPENMP_GEMM/results/openmp_results_k1-ime_1024_20260904_135625/raw_logs/IME_NATIVE_KERNELS_IME_GEMM_INT8_I8I32_8x8_NATIVE_ime_kernel_8x8_zvl256b_lmul1_unroll2_run4.log",NA,NA,NA,NA,NA,NA,NA
k1_kernel_tuning,IME,tile_N,128,2026-09-04T14:01:50,k1-ime,"IME_NATIVE_KERNELS","IME_GEMM_INT8_I8I32_8x8_NATIVE","ime_kernel_8x8_zvl256b_lmul1_unroll2",8x8,256b,1,2,INT8_IME,0-3,4,4,1024,1024,1024,128,5,OK,0,NONE,0.056347918,GOPS,38.111145,parallel_tiles_including_required_packing,DISABLED,0,0,"0:cpu0:tiles2;1:cpu1:tiles2;2:cpu2:tiles2;3:cpu3:tiles2","NA",static,0,"NA","NA","/home/bananapi/MAT/kernels riscv rvv 1.0/FINAL/riscv-rvv-ime-gemm-microkernels-updated/HETEROGENEOUS_RVV_IME_OPENMP_GEMM/results/openmp_results_k1-ime_1024_20260904_135625/raw_logs/IME_NATIVE_KERNELS_IME_GEMM_INT8_I8I32_8x8_NATIVE_ime_kernel_8x8_zvl256b_lmul1_unroll2_run5.log",NA,NA,NA,NA,NA,NA,NA
k1_kernel_tuning,IME,tile_N,128,2026-09-04T14:01:51,k1-ime,"IME_NATIVE_KERNELS","IME_GEMM_INT8_I8I32_8x8_NATIVE","ime_kernel_8x8_zvl256b_lmul1_unroll2",8x8,256b,1,2,INT8_IME,0-3,4,4,1024,1024,1024,128,6,OK,0,NONE,0.053919747,GOPS,39.827406,parallel_tiles_including_required_packing,DISABLED,0,0,"0:cpu0:tiles2;1:cpu1:tiles2;2:cpu2:tiles2;3:cpu3:tiles2","NA",static,0,"NA","NA","/home/bananapi/MAT/kernels riscv rvv 1.0/FINAL/riscv-rvv-ime-gemm-microkernels-updated/HETEROGENEOUS_RVV_IME_OPENMP_GEMM/results/openmp_results_k1-ime_1024_20260904_135625/raw_logs/IME_NATIVE_KERNELS_IME_GEMM_INT8_I8I32_8x8_NATIVE_ime_kernel_8x8_zvl256b_lmul1_unroll2_run6.log",NA,NA,NA,NA,NA,NA,NA
k1_kernel_tuning,IME,tile_N,128,2026-09-04T14:02:29,k1-ime,"IME_NATIVE_KERNELS","IME_GEMM_INT8_I8I32_8x8_NATIVE","ime_kernel_8x8_zvl256b_lmul1_unroll4",8x8,256b,1,4,INT8_IME,0-3,4,4,1024,1024,1024,128,1,OK,0,NONE,0.054674916,GOPS,39.277310,parallel_tiles_including_required_packing,INDEPENDENT_INT64_REFERENCE_EXACT_INT32,0,0,"0:cpu0:tiles2;1:cpu1:tiles2;2:cpu2:tiles2;3:cpu3:tiles2","NA",static,0,"NA","NA","/home/bananapi/MAT/kernels riscv rvv 1.0/FINAL/riscv-rvv-ime-gemm-microkernels-updated/HETEROGENEOUS_RVV_IME_OPENMP_GEMM/results/openmp_results_k1-ime_1024_20260904_135625/raw_logs/IME_NATIVE_KERNELS_IME_GEMM_INT8_I8I32_8x8_NATIVE_ime_kernel_8x8_zvl256b_lmul1_unroll4_run1.log",NA,NA,NA,NA,NA,NA,NA
k1_kernel_tuning,IME,tile_N,128,2026-09-04T14:02:30,k1-ime,"IME_NATIVE_KERNELS","IME_GEMM_INT8_I8I32_8x8_NATIVE","ime_kernel_8x8_zvl256b_lmul1_unroll4",8x8,256b,1,4,INT8_IME,0-3,4,4,1024,1024,1024,128,2,OK,0,NONE,0.053864375,GOPS,39.868348,parallel_tiles_including_required_packing,DISABLED,0,0,"0:cpu0:tiles2;1:cpu1:tiles2;2:cpu2:tiles2;3:cpu3:tiles2","NA",static,0,"NA","NA","/home/bananapi/MAT/kernels riscv rvv 1.0/FINAL/riscv-rvv-ime-gemm-microkernels-updated/HETEROGENEOUS_RVV_IME_OPENMP_GEMM/results/openmp_results_k1-ime_1024_20260904_135625/raw_logs/IME_NATIVE_KERNELS_IME_GEMM_INT8_I8I32_8x8_NATIVE_ime_kernel_8x8_zvl256b_lmul1_unroll4_run2.log",NA,NA,NA,NA,NA,NA,NA
k1_kernel_tuning,IME,tile_N,128,2026-09-04T14:02:30,k1-ime,"IME_NATIVE_KERNELS","IME_GEMM_INT8_I8I32_8x8_NATIVE","ime_kernel_8x8_zvl256b_lmul1_unroll4",8x8,256b,1,4,INT8_IME,0-3,4,4,1024,1024,1024,128,3,OK,0,NONE,0.053754959,GOPS,39.949498,parallel_tiles_including_required_packing,DISABLED,0,0,"0:cpu0:tiles2;1:cpu1:tiles2;2:cpu2:tiles2;3:cpu3:tiles2","NA",static,0,"NA","NA","/home/bananapi/MAT/kernels riscv rvv 1.0/FINAL/riscv-rvv-ime-gemm-microkernels-updated/HETEROGENEOUS_RVV_IME_OPENMP_GEMM/results/openmp_results_k1-ime_1024_20260904_135625/raw_logs/IME_NATIVE_KERNELS_IME_GEMM_INT8_I8I32_8x8_NATIVE_ime_kernel_8x8_zvl256b_lmul1_unroll4_run3.log",NA,NA,NA,NA,NA,NA,NA
k1_kernel_tuning,IME,tile_N,128,2026-09-04T14:02:31,k1-ime,"IME_NATIVE_KERNELS","IME_GEMM_INT8_I8I32_8x8_NATIVE","ime_kernel_8x8_zvl256b_lmul1_unroll4",8x8,256b,1,4,INT8_IME,0-3,4,4,1024,1024,1024,128,4,OK,0,NONE,0.049219709,GOPS,43.630564,parallel_tiles_including_required_packing,DISABLED,0,0,"0:cpu0:tiles2;1:cpu1:tiles2;2:cpu2:tiles2;3:cpu3:tiles2","NA",static,0,"NA","NA","/home/bananapi/MAT/kernels riscv rvv 1.0/FINAL/riscv-rvv-ime-gemm-microkernels-updated/HETEROGENEOUS_RVV_IME_OPENMP_GEMM/results/openmp_results_k1-ime_1024_20260904_135625/raw_logs/IME_NATIVE_KERNELS_IME_GEMM_INT8_I8I32_8x8_NATIVE_ime_kernel_8x8_zvl256b_lmul1_unroll4_run4.log",NA,NA,NA,NA,NA,NA,NA
k1_kernel_tuning,IME,tile_N,128,2026-09-04T14:02:31,k1-ime,"IME_NATIVE_KERNELS","IME_GEMM_INT8_I8I32_8x8_NATIVE","ime_kernel_8x8_zvl256b_lmul1_unroll4",8x8,256b,1,4,INT8_IME,0-3,4,4,1024,1024,1024,128,5,OK,0,NONE,0.055472709,GOPS,38.712435,parallel_tiles_including_required_packing,DISABLED,0,0,"0:cpu0:tiles2;1:cpu1:tiles2;2:cpu2:tiles2;3:cpu3:tiles2","NA",static,0,"NA","NA","/home/bananapi/MAT/kernels riscv rvv 1.0/FINAL/riscv-rvv-ime-gemm-microkernels-updated/HETEROGENEOUS_RVV_IME_OPENMP_GEMM/results/openmp_results_k1-ime_1024_20260904_135625/raw_logs/IME_NATIVE_KERNELS_IME_GEMM_INT8_I8I32_8x8_NATIVE_ime_kernel_8x8_zvl256b_lmul1_unroll4_run5.log",NA,NA,NA,NA,NA,NA,NA
k1_kernel_tuning,IME,tile_N,128,2026-09-04T14:02:31,k1-ime,"IME_NATIVE_KERNELS","IME_GEMM_INT8_I8I32_8x8_NATIVE","ime_kernel_8x8_zvl256b_lmul1_unroll4",8x8,256b,1,4,INT8_IME,0-3,4,4,1024,1024,1024,128,6,OK,0,NONE,0.056717832,GOPS,37.862584,parallel_tiles_including_required_packing,DISABLED,0,0,"0:cpu0:tiles2;1:cpu1:tiles2;2:cpu2:tiles2;3:cpu3:tiles2","NA",static,0,"NA","NA","/home/bananapi/MAT/kernels riscv rvv 1.0/FINAL/riscv-rvv-ime-gemm-microkernels-updated/HETEROGENEOUS_RVV_IME_OPENMP_GEMM/results/openmp_results_k1-ime_1024_20260904_135625/raw_logs/IME_NATIVE_KERNELS_IME_GEMM_INT8_I8I32_8x8_NATIVE_ime_kernel_8x8_zvl256b_lmul1_unroll4_run6.log",NA,NA,NA,NA,NA,NA,NA
k1_kernel_tuning,IME,tile_N,128,2026-09-04T14:03:25,k1-ime,"IME_NATIVE_KERNELS","IME_GEMM_INT8_I8I32_8x8_NATIVE","ime_kernel_8x8_zvl256b_lmul1_unroll8",8x8,256b,1,8,INT8_IME,0-3,4,4,1024,1024,1024,128,1,OK,0,NONE,0.047480915,GOPS,45.228355,parallel_tiles_including_required_packing,INDEPENDENT_INT64_REFERENCE_EXACT_INT32,0,0,"0:cpu0:tiles2;1:cpu1:tiles2;2:cpu2:tiles2;3:cpu3:tiles2","NA",static,0,"NA","NA","/home/bananapi/MAT/kernels riscv rvv 1.0/FINAL/riscv-rvv-ime-gemm-microkernels-updated/HETEROGENEOUS_RVV_IME_OPENMP_GEMM/results/openmp_results_k1-ime_1024_20260904_135625/raw_logs/IME_NATIVE_KERNELS_IME_GEMM_INT8_I8I32_8x8_NATIVE_ime_kernel_8x8_zvl256b_lmul1_unroll8_run1.log",NA,NA,NA,NA,NA,NA,NA
k1_kernel_tuning,IME,tile_N,128,2026-09-04T14:03:25,k1-ime,"IME_NATIVE_KERNELS","IME_GEMM_INT8_I8I32_8x8_NATIVE","ime_kernel_8x8_zvl256b_lmul1_unroll8",8x8,256b,1,8,INT8_IME,0-3,4,4,1024,1024,1024,128,2,OK,0,NONE,0.054727212,GOPS,39.239778,parallel_tiles_including_required_packing,DISABLED,0,0,"0:cpu0:tiles2;1:cpu1:tiles2;2:cpu2:tiles2;3:cpu3:tiles2","NA",static,0,"NA","NA","/home/bananapi/MAT/kernels riscv rvv 1.0/FINAL/riscv-rvv-ime-gemm-microkernels-updated/HETEROGENEOUS_RVV_IME_OPENMP_GEMM/results/openmp_results_k1-ime_1024_20260904_135625/raw_logs/IME_NATIVE_KERNELS_IME_GEMM_INT8_I8I32_8x8_NATIVE_ime_kernel_8x8_zvl256b_lmul1_unroll8_run2.log",NA,NA,NA,NA,NA,NA,NA
k1_kernel_tuning,IME,tile_N,128,2026-09-04T14:03:26,k1-ime,"IME_NATIVE_KERNELS","IME_GEMM_INT8_I8I32_8x8_NATIVE","ime_kernel_8x8_zvl256b_lmul1_unroll8",8x8,256b,1,8,INT8_IME,0-3,4,4,1024,1024,1024,128,3,OK,0,NONE,0.049246956,GOPS,43.606424,parallel_tiles_including_required_packing,DISABLED,0,0,"0:cpu0:tiles2;1:cpu1:tiles2;2:cpu2:tiles2;3:cpu3:tiles2","NA",static,0,"NA","NA","/home/bananapi/MAT/kernels riscv rvv 1.0/FINAL/riscv-rvv-ime-gemm-microkernels-updated/HETEROGENEOUS_RVV_IME_OPENMP_GEMM/results/openmp_results_k1-ime_1024_20260904_135625/raw_logs/IME_NATIVE_KERNELS_IME_GEMM_INT8_I8I32_8x8_NATIVE_ime_kernel_8x8_zvl256b_lmul1_unroll8_run3.log",NA,NA,NA,NA,NA,NA,NA
k1_kernel_tuning,IME,tile_N,128,2026-09-04T14:03:26,k1-ime,"IME_NATIVE_KERNELS","IME_GEMM_INT8_I8I32_8x8_NATIVE","ime_kernel_8x8_zvl256b_lmul1_unroll8",8x8,256b,1,8,INT8_IME,0-3,4,4,1024,1024,1024,128,4,OK,0,NONE,0.059359584,GOPS,36.177539,parallel_tiles_including_required_packing,DISABLED,0,0,"0:cpu0:tiles2;1:cpu1:tiles2;2:cpu2:tiles2;3:cpu3:tiles2","NA",static,0,"NA","NA","/home/bananapi/MAT/kernels riscv rvv 1.0/FINAL/riscv-rvv-ime-gemm-microkernels-updated/HETEROGENEOUS_RVV_IME_OPENMP_GEMM/results/openmp_results_k1-ime_1024_20260904_135625/raw_logs/IME_NATIVE_KERNELS_IME_GEMM_INT8_I8I32_8x8_NATIVE_ime_kernel_8x8_zvl256b_lmul1_unroll8_run4.log",NA,NA,NA,NA,NA,NA,NA
k1_kernel_tuning,IME,tile_N,128,2026-09-04T14:03:26,k1-ime,"IME_NATIVE_KERNELS","IME_GEMM_INT8_I8I32_8x8_NATIVE","ime_kernel_8x8_zvl256b_lmul1_unroll8",8x8,256b,1,8,INT8_IME,0-3,4,4,1024,1024,1024,128,5,OK,0,NONE,0.052014332,GOPS,41.286383,parallel_tiles_including_required_packing,DISABLED,0,0,"0:cpu0:tiles2;1:cpu1:tiles2;2:cpu2:tiles2;3:cpu3:tiles2","NA",static,0,"NA","NA","/home/bananapi/MAT/kernels riscv rvv 1.0/FINAL/riscv-rvv-ime-gemm-microkernels-updated/HETEROGENEOUS_RVV_IME_OPENMP_GEMM/results/openmp_results_k1-ime_1024_20260904_135625/raw_logs/IME_NATIVE_KERNELS_IME_GEMM_INT8_I8I32_8x8_NATIVE_ime_kernel_8x8_zvl256b_lmul1_unroll8_run5.log",NA,NA,NA,NA,NA,NA,NA
k1_kernel_tuning,IME,tile_N,128,2026-09-04T14:03:27,k1-ime,"IME_NATIVE_KERNELS","IME_GEMM_INT8_I8I32_8x8_NATIVE","ime_kernel_8x8_zvl256b_lmul1_unroll8",8x8,256b,1,8,INT8_IME,0-3,4,4,1024,1024,1024,128,6,OK,0,NONE,0.048639875,GOPS,44.150682,parallel_tiles_including_required_packing,DISABLED,0,0,"0:cpu0:tiles2;1:cpu1:tiles2;2:cpu2:tiles2;3:cpu3:tiles2","NA",static,0,"NA","NA","/home/bananapi/MAT/kernels riscv rvv 1.0/FINAL/riscv-rvv-ime-gemm-microkernels-updated/HETEROGENEOUS_RVV_IME_OPENMP_GEMM/results/openmp_results_k1-ime_1024_20260904_135625/raw_logs/IME_NATIVE_KERNELS_IME_GEMM_INT8_I8I32_8x8_NATIVE_ime_kernel_8x8_zvl256b_lmul1_unroll8_run6.log",NA,NA,NA,NA,NA,NA,NA
